SrcEntity	TgtEntity	Score
http://snomed.info/id/10013000	http://purl.org/sig/ont/fma/fma44631	1.0
http://snomed.info/id/10025002	http://purl.org/sig/ont/fma/fma37498	1.0
http://snomed.info/id/10026001	http://purl.org/sig/ont/fma/fma73953	0.86118525
http://snomed.info/id/10036009	http://purl.org/sig/ont/fma/fma13515	0.95147699
http://snomed.info/id/10056005	http://purl.org/sig/ont/fma/fma52621	1.0
http://snomed.info/id/10124000	http://purl.org/sig/ont/fma/fma21502	1.0
http://snomed.info/id/10141003	http://purl.org/sig/ont/fma/fma52967	1.0
http://snomed.info/id/10200004	http://purl.org/sig/ont/fma/fma7197	1.0
http://snomed.info/id/10208006	http://purl.org/sig/ont/fma/fma16561	1.0
http://snomed.info/id/10209003	http://purl.org/sig/ont/fma/fma61216	1.0
http://snomed.info/id/102287002	http://purl.org/sig/ont/fma/fma322639	1.0
http://snomed.info/id/102288007	http://purl.org/sig/ont/fma/fma33531	0.9576627
http://snomed.info/id/102290008	http://purl.org/sig/ont/fma/fma50248	0.91163713
http://snomed.info/id/10245000	http://purl.org/sig/ont/fma/fma37451	1.0
http://snomed.info/id/1028005	http://purl.org/sig/ont/fma/fma59160	1.0
http://snomed.info/id/10339006	http://purl.org/sig/ont/fma/fma13527	0.88568217
http://snomed.info/id/10410005	http://purl.org/sig/ont/fma/fma59152	1.0
http://snomed.info/id/10415000	http://purl.org/sig/ont/fma/fma58470	1.0
http://snomed.info/id/10417008	http://purl.org/sig/ont/fma/fma16911	1.0
http://snomed.info/id/1055290000	http://purl.org/sig/ont/fma/fma56768	1.0
http://snomed.info/id/1055291001	http://purl.org/sig/ont/fma/fma56767	1.0
http://snomed.info/id/105580009	http://purl.org/sig/ont/fma/fma16204	1.0
http://snomed.info/id/10591007	http://purl.org/sig/ont/fma/fma16511	1.0
http://snomed.info/id/10642009	http://purl.org/sig/ont/fma/fma42815	1.0
http://snomed.info/id/10695007	http://purl.org/sig/ont/fma/fma58362	0.91248858
http://snomed.info/id/10746000	http://purl.org/sig/ont/fma/fma7180	1.0
http://snomed.info/id/10766009	http://purl.org/sig/ont/fma/fma22710	1.0
http://snomed.info/id/10769002	http://purl.org/sig/ont/fma/fma78121	1.0
http://snomed.info/id/10770001	http://purl.org/sig/ont/fma/fma32631	1.0
http://snomed.info/id/10776007	http://purl.org/sig/ont/fma/fma62021	1.0
http://snomed.info/id/10778008	http://purl.org/sig/ont/fma/fma62174	1.0
http://snomed.info/id/1078209008	http://purl.org/sig/ont/fma/fma13495	0.87198174
http://snomed.info/id/1078224004	http://purl.org/sig/ont/fma/fma14121	1.0
http://snomed.info/id/10801009	http://purl.org/sig/ont/fma/fma65216	1.0
http://snomed.info/id/10886002	http://purl.org/sig/ont/fma/fma38558	1.0
http://snomed.info/id/10915005	http://purl.org/sig/ont/fma/fma5910	1.0
http://snomed.info/id/1092001	http://purl.org/sig/ont/fma/fma61901	1.0
http://snomed.info/id/109559009	http://purl.org/sig/ont/fma/fma17528	1.0
http://snomed.info/id/10992007	http://purl.org/sig/ont/fma/fma50990	1.0
http://snomed.info/id/11000004	http://purl.org/sig/ont/fma/fma61833	1.0
http://snomed.info/id/11016002	http://purl.org/sig/ont/fma/fma23894	1.0
http://snomed.info/id/11018001	http://purl.org/sig/ont/fma/fma6281	1.0
http://snomed.info/id/11048003	http://purl.org/sig/ont/fma/fma52827	1.0
http://snomed.info/id/11052003	http://purl.org/sig/ont/fma/fma42881	1.0
http://snomed.info/id/110521002	http://purl.org/sig/ont/fma/fma322610	1.0
http://snomed.info/id/110529000	http://purl.org/sig/ont/fma/fma322611	1.0
http://snomed.info/id/110533007	http://purl.org/sig/ont/fma/fma268676	0.9846679
http://snomed.info/id/110540008	http://purl.org/sig/ont/fma/fma37372	0.97101218
http://snomed.info/id/110581000	http://purl.org/sig/ont/fma/fma56494	1.0
http://snomed.info/id/110582007	http://purl.org/sig/ont/fma/fma56496	1.0
http://snomed.info/id/110583002	http://purl.org/sig/ont/fma/fma56488	1.0
http://snomed.info/id/110603008	http://purl.org/sig/ont/fma/fma63076	0.9253329
http://snomed.info/id/110634007	http://purl.org/sig/ont/fma/fma302824	1.0
http://snomed.info/id/110635008	http://purl.org/sig/ont/fma/fma302826	1.0
http://snomed.info/id/11068009	http://purl.org/sig/ont/fma/fma71174	0.88322443
http://snomed.info/id/110683006	http://purl.org/sig/ont/fma/fma260708	1.0
http://snomed.info/id/110684000	http://purl.org/sig/ont/fma/fma62151	0.94929612
http://snomed.info/id/110695006	http://purl.org/sig/ont/fma/fma75491	1.0
http://snomed.info/id/110696007	http://purl.org/sig/ont/fma/fma67533	1.0
http://snomed.info/id/110699000	http://purl.org/sig/ont/fma/fma77598	0.92225742
http://snomed.info/id/110707001	http://purl.org/sig/ont/fma/fma48977	1.0
http://snomed.info/id/110709003	http://purl.org/sig/ont/fma/fma323406	1.0
http://snomed.info/id/11089000	http://purl.org/sig/ont/fma/fma72495	1.0
http://snomed.info/id/11098002	http://purl.org/sig/ont/fma/fma7364	1.0
http://snomed.info/id/11100002	http://purl.org/sig/ont/fma/fma272318	0.96919894
http://snomed.info/id/1110006	http://purl.org/sig/ont/fma/fma59104	1.0
http://snomed.info/id/111002	http://purl.org/sig/ont/fma/fma13890	0.97960073
http://snomed.info/id/11124005	http://purl.org/sig/ont/fma/fma7233	1.0
http://snomed.info/id/11146002	http://purl.org/sig/ont/fma/fma10071	1.0
http://snomed.info/id/11171004	http://purl.org/sig/ont/fma/fma32620	1.0
http://snomed.info/id/11192004	http://purl.org/sig/ont/fma/fma22350	1.0
http://snomed.info/id/11217004	http://purl.org/sig/ont/fma/fma322939	0.96697241
http://snomed.info/id/1122009	http://purl.org/sig/ont/fma/fma46694	1.0
http://snomed.info/id/11279006	http://purl.org/sig/ont/fma/fma50454	1.0
http://snomed.info/id/11287007	http://purl.org/sig/ont/fma/fma58240	1.0
http://snomed.info/id/113179006	http://purl.org/sig/ont/fma/fma322261	0.94886768
http://snomed.info/id/113183006	http://purl.org/sig/ont/fma/fma322577	0.95080632
http://snomed.info/id/113186003	http://purl.org/sig/ont/fma/fma18085	0.9194296
http://snomed.info/id/113194005	http://purl.org/sig/ont/fma/fma59327	1.0
http://snomed.info/id/113196007	http://purl.org/sig/ont/fma/fma7741	1.0
http://snomed.info/id/113200002	http://purl.org/sig/ont/fma/fma8500	1.0
http://snomed.info/id/113206008	http://purl.org/sig/ont/fma/fma24787	1.0
http://snomed.info/id/113208009	http://purl.org/sig/ont/fma/fma10011	1.0
http://snomed.info/id/113209001	http://purl.org/sig/ont/fma/fma13506	0.91228181
http://snomed.info/id/113211005	http://purl.org/sig/ont/fma/fma10078	1.0
http://snomed.info/id/113215001	http://purl.org/sig/ont/fma/fma16081	1.0
http://snomed.info/id/113216000	http://purl.org/sig/ont/fma/fma16165	1.0
http://snomed.info/id/113217009	http://purl.org/sig/ont/fma/fma16131	1.0
http://snomed.info/id/113220001	http://purl.org/sig/ont/fma/fma16944	1.0
http://snomed.info/id/113223004	http://purl.org/sig/ont/fma/fma23934	1.0
http://snomed.info/id/113224005	http://purl.org/sig/ont/fma/fma33742	0.93297189
http://snomed.info/id/113225006	http://purl.org/sig/ont/fma/fma35502	0.94340217
http://snomed.info/id/113227003	http://purl.org/sig/ont/fma/fma38506	1.0
http://snomed.info/id/113233007	http://purl.org/sig/ont/fma/fma311600	0.97603267
http://snomed.info/id/113241007	http://purl.org/sig/ont/fma/fma76698	1.0
http://snomed.info/id/113243005	http://purl.org/sig/ont/fma/fma21489	1.0
http://snomed.info/id/113249009	http://purl.org/sig/ont/fma/fma59725	1.0
http://snomed.info/id/113250009	http://purl.org/sig/ont/fma/fma7401	0.92820847
http://snomed.info/id/113253006	http://purl.org/sig/ont/fma/fma279814	0.92146075
http://snomed.info/id/11326003	http://purl.org/sig/ont/fma/fma55632	1.0
http://snomed.info/id/113262008	http://purl.org/sig/ont/fma/fma3786	1.0
http://snomed.info/id/113263003	http://purl.org/sig/ont/fma/fma4058	1.0
http://snomed.info/id/113264009	http://purl.org/sig/ont/fma/fma49526	1.0
http://snomed.info/id/113269004	http://purl.org/sig/ont/fma/fma18805	1.0
http://snomed.info/id/113270003	http://purl.org/sig/ont/fma/fma70250	1.0
http://snomed.info/id/113273001	http://purl.org/sig/ont/fma/fma49911	1.0
http://snomed.info/id/113275008	http://purl.org/sig/ont/fma/fma321642	1.0
http://snomed.info/id/113288006	http://purl.org/sig/ont/fma/fma14534	1.0
http://snomed.info/id/113293009	http://purl.org/sig/ont/fma/fma18484	1.0
http://snomed.info/id/113294003	http://purl.org/sig/ont/fma/fma18316	1.0
http://snomed.info/id/113296001	http://purl.org/sig/ont/fma/fma19405	1.0
http://snomed.info/id/113297005	http://purl.org/sig/ont/fma/fma19860	1.0
http://snomed.info/id/113302008	http://purl.org/sig/ont/fma/fma77624	1.0
http://snomed.info/id/113311008	http://purl.org/sig/ont/fma/fma72426	0.92551148
http://snomed.info/id/113312001	http://purl.org/sig/ont/fma/fma53414	1.0
http://snomed.info/id/113315004	http://purl.org/sig/ont/fma/fma272326	0.98654264
http://snomed.info/id/113316003	http://purl.org/sig/ont/fma/fma5983	1.0
http://snomed.info/id/113320004	http://purl.org/sig/ont/fma/fma6967	1.0
http://snomed.info/id/113321000	http://purl.org/sig/ont/fma/fma58437	0.91263783
http://snomed.info/id/113322007	http://purl.org/sig/ont/fma/fma51918	1.0
http://snomed.info/id/113324008	http://purl.org/sig/ont/fma/fma321511	1.0
http://snomed.info/id/113325009	http://purl.org/sig/ont/fma/fma58704	1.0
http://snomed.info/id/113327001	http://purl.org/sig/ont/fma/fma56580	1.0
http://snomed.info/id/113328006	http://purl.org/sig/ont/fma/fma77675	1.0
http://snomed.info/id/113336002	http://purl.org/sig/ont/fma/fma12794	1.0
http://snomed.info/id/113340006	http://purl.org/sig/ont/fma/fma5036	1.0
http://snomed.info/id/113343008	http://purl.org/sig/ont/fma/fma45734	1.0
http://snomed.info/id/113348004	http://purl.org/sig/ont/fma/fma321650	0.99365878
http://snomed.info/id/11465001	http://purl.org/sig/ont/fma/fma26342	1.0
http://snomed.info/id/11522000	http://purl.org/sig/ont/fma/fma46787	1.0
http://snomed.info/id/11548008	http://purl.org/sig/ont/fma/fma72478	1.0
http://snomed.info/id/1155643006	http://purl.org/sig/ont/fma/fma77167	1.0
http://snomed.info/id/1156054006	http://purl.org/sig/ont/fma/fma49372	1.0
http://snomed.info/id/11580005	http://purl.org/sig/ont/fma/fma45331	1.0
http://snomed.info/id/11584001	http://purl.org/sig/ont/fma/fma322257	0.93693334
http://snomed.info/id/1159005	http://purl.org/sig/ont/fma/fma54659	0.88402712
http://snomed.info/id/115970009	http://purl.org/sig/ont/fma/fma37479	1.0
http://snomed.info/id/115971008	http://purl.org/sig/ont/fma/fma37480	1.0
http://snomed.info/id/115982000	http://purl.org/sig/ont/fma/fma37382	1.0
http://snomed.info/id/11628009	http://purl.org/sig/ont/fma/fma62000	1.0
http://snomed.info/id/116353002	http://purl.org/sig/ont/fma/fma52907	0.94539547
http://snomed.info/id/116370005	http://purl.org/sig/ont/fma/fma23100	0.92959344
http://snomed.info/id/116608008	http://purl.org/sig/ont/fma/fma32672	1.0
http://snomed.info/id/11691007	http://purl.org/sig/ont/fma/fma61013	1.0
http://snomed.info/id/11716007	http://purl.org/sig/ont/fma/fma311468	1.0
http://snomed.info/id/1173001	http://purl.org/sig/ont/fma/fma52996	1.0
http://snomed.info/id/11740004	http://purl.org/sig/ont/fma/fma16661	1.0
http://snomed.info/id/117590005	http://purl.org/sig/ont/fma/fma52780	1.0
http://snomed.info/id/118495001	http://purl.org/sig/ont/fma/fma23383	0.89540923
http://snomed.info/id/118514003	http://purl.org/sig/ont/fma/fma12255	1.0
http://snomed.info/id/118515002	http://purl.org/sig/ont/fma/fma38411	1.0
http://snomed.info/id/118516001	http://purl.org/sig/ont/fma/fma323388	0.98214859
http://snomed.info/id/118648008	http://purl.org/sig/ont/fma/fma54736	0.90338677
http://snomed.info/id/118652008	http://purl.org/sig/ont/fma/fma63621	0.92474782
http://snomed.info/id/118755002	http://purl.org/sig/ont/fma/fma76525	0.91712105
http://snomed.info/id/118761004	http://purl.org/sig/ont/fma/fma9582	1.0
http://snomed.info/id/118762006	http://purl.org/sig/ont/fma/fma9908	1.0
http://snomed.info/id/11899006	http://purl.org/sig/ont/fma/fma12784	1.0
http://snomed.info/id/119253004	http://purl.org/sig/ont/fma/fma321871	1.0
http://snomed.info/id/119274003	http://purl.org/sig/ont/fma/fma15609	0.92051029
http://snomed.info/id/119278000	http://purl.org/sig/ont/fma/fma15608	0.92166871
http://snomed.info/id/119280006	http://purl.org/sig/ont/fma/fma15608	0.93188846
http://snomed.info/id/119281005	http://purl.org/sig/ont/fma/fma13367	1.0
http://snomed.info/id/119282003	http://purl.org/sig/ont/fma/fma59788	1.0
http://snomed.info/id/119524001	http://purl.org/sig/ont/fma/fma31538	0.92255801
http://snomed.info/id/119545008	http://purl.org/sig/ont/fma/fma33817	1.0
http://snomed.info/id/119546009	http://purl.org/sig/ont/fma/fma33826	0.93561512
http://snomed.info/id/119551003	http://purl.org/sig/ont/fma/fma23377	1.0
http://snomed.info/id/119555007	http://purl.org/sig/ont/fma/fma321549	0.98961323
http://snomed.info/id/119556008	http://purl.org/sig/ont/fma/fma321548	0.98613626
http://snomed.info/id/119557004	http://purl.org/sig/ont/fma/fma72265	0.98619151
http://snomed.info/id/11978009	http://purl.org/sig/ont/fma/fma15823	1.0
http://snomed.info/id/11990006	http://purl.org/sig/ont/fma/fma7430	1.0
http://snomed.info/id/12003004	http://purl.org/sig/ont/fma/fma15630	1.0
http://snomed.info/id/120233009	http://purl.org/sig/ont/fma/fma14815	1.0
http://snomed.info/id/12052000	http://purl.org/sig/ont/fma/fma14761	1.0
http://snomed.info/id/12053005	http://purl.org/sig/ont/fma/fma10089	1.0
http://snomed.info/id/12110008	http://purl.org/sig/ont/fma/fma53000	1.0
http://snomed.info/id/12111007	http://purl.org/sig/ont/fma/fma75493	1.0
http://snomed.info/id/12123001	http://purl.org/sig/ont/fma/fma4724	1.0
http://snomed.info/id/12145000	http://purl.org/sig/ont/fma/fma49480	1.0
http://snomed.info/id/12164006	http://purl.org/sig/ont/fma/fma62472	1.0
http://snomed.info/id/12196003	http://purl.org/sig/ont/fma/fma14187	0.91587341
http://snomed.info/id/12207006	http://purl.org/sig/ont/fma/fma55102	1.0
http://snomed.info/id/12212007	http://purl.org/sig/ont/fma/fma7376	1.0
http://snomed.info/id/122475000	http://purl.org/sig/ont/fma/fma32859	1.0
http://snomed.info/id/122494005	http://purl.org/sig/ont/fma/fma24138	1.0
http://snomed.info/id/122495006	http://purl.org/sig/ont/fma/fma9140	1.0
http://snomed.info/id/12254005	http://purl.org/sig/ont/fma/fma17548	1.0
http://snomed.info/id/122772003	http://purl.org/sig/ont/fma/fma52904	0.94343889
http://snomed.info/id/122774002	http://purl.org/sig/ont/fma/fma321550	0.98186594
http://snomed.info/id/122775001	http://purl.org/sig/ont/fma/fma71581	0.93247706
http://snomed.info/id/122876009	http://purl.org/sig/ont/fma/fma6228	0.9622671
http://snomed.info/id/122972007	http://purl.org/sig/ont/fma/fma66643	0.91086429
http://snomed.info/id/12304001	http://purl.org/sig/ont/fma/fma66610	1.0
http://snomed.info/id/1236009	http://purl.org/sig/ont/fma/fma14948	1.0
http://snomed.info/id/123857004	http://purl.org/sig/ont/fma/fma39996	1.0
http://snomed.info/id/123858009	http://purl.org/sig/ont/fma/fma42452	1.0
http://snomed.info/id/123861005	http://purl.org/sig/ont/fma/fma318356	1.0
http://snomed.info/id/123866000	http://purl.org/sig/ont/fma/fma54674	1.0
http://snomed.info/id/12413000	http://purl.org/sig/ont/fma/fma13497	0.94484299
http://snomed.info/id/12424003	http://purl.org/sig/ont/fma/fma3794	1.0
http://snomed.info/id/12460008	http://purl.org/sig/ont/fma/fma32928	1.0
http://snomed.info/id/12471009	http://purl.org/sig/ont/fma/fma52573	1.0
http://snomed.info/id/12527008	http://purl.org/sig/ont/fma/fma19627	0.89572829
http://snomed.info/id/125685002	http://purl.org/sig/ont/fma/fma9666	1.0
http://snomed.info/id/12581006	http://purl.org/sig/ont/fma/fma322659	1.0
http://snomed.info/id/12595009	http://purl.org/sig/ont/fma/fma22353	1.0
http://snomed.info/id/12608007	http://purl.org/sig/ont/fma/fma72241	0.94582492
http://snomed.info/id/12628006	http://purl.org/sig/ont/fma/fma73968	1.0
http://snomed.info/id/12643008	http://purl.org/sig/ont/fma/fma16484	1.0
http://snomed.info/id/12656001	http://purl.org/sig/ont/fma/fma16987	1.0
http://snomed.info/id/12691009	http://purl.org/sig/ont/fma/fma3932	1.0
http://snomed.info/id/12705002	http://purl.org/sig/ont/fma/fma61022	1.0
http://snomed.info/id/12728001	http://purl.org/sig/ont/fma/fma44231	1.0
http://snomed.info/id/12738006	http://purl.org/sig/ont/fma/fma50801	1.0
http://snomed.info/id/1277008	http://purl.org/sig/ont/fma/fma6581	1.0
http://snomed.info/id/127861009	http://purl.org/sig/ont/fma/fma57070	1.0
http://snomed.info/id/127869006	http://purl.org/sig/ont/fma/fma17398	1.0
http://snomed.info/id/127870007	http://purl.org/sig/ont/fma/fma17402	1.0
http://snomed.info/id/127879008	http://purl.org/sig/ont/fma/fma17540	1.0
http://snomed.info/id/127936005	http://purl.org/sig/ont/fma/fma5961	1.0
http://snomed.info/id/127938006	http://purl.org/sig/ont/fma/fma276997	0.88163441
http://snomed.info/id/127959004	http://purl.org/sig/ont/fma/fma72643	1.0
http://snomed.info/id/128198006	http://purl.org/sig/ont/fma/fma16421	1.0
http://snomed.info/id/128249007	http://purl.org/sig/ont/fma/fma59387	1.0
http://snomed.info/id/128251006	http://purl.org/sig/ont/fma/fma59391	1.0
http://snomed.info/id/128252004	http://purl.org/sig/ont/fma/fma20464	0.96358198
http://snomed.info/id/128253009	http://purl.org/sig/ont/fma/fma269233	0.95309824
http://snomed.info/id/128456003	http://purl.org/sig/ont/fma/fma322017	1.0
http://snomed.info/id/128476009	http://purl.org/sig/ont/fma/fma55567	1.0
http://snomed.info/id/128502007	http://purl.org/sig/ont/fma/fma48279	1.0
http://snomed.info/id/128503002	http://purl.org/sig/ont/fma/fma323241	1.0
http://snomed.info/id/128505009	http://purl.org/sig/ont/fma/fma48219	1.0
http://snomed.info/id/128508006	http://purl.org/sig/ont/fma/fma45930	1.0
http://snomed.info/id/128509003	http://purl.org/sig/ont/fma/fma46945	1.0
http://snomed.info/id/128511007	http://purl.org/sig/ont/fma/fma22427	0.93396562
http://snomed.info/id/128565007	http://purl.org/sig/ont/fma/fma323242	1.0
http://snomed.info/id/12857007	http://purl.org/sig/ont/fma/fma242833	1.0
http://snomed.info/id/12858002	http://purl.org/sig/ont/fma/fma323416	1.0
http://snomed.info/id/128591008	http://purl.org/sig/ont/fma/fma322701	1.0
http://snomed.info/id/12872006	http://purl.org/sig/ont/fma/fma7575	1.0
http://snomed.info/id/12880004	http://purl.org/sig/ont/fma/fma76855	1.0
http://snomed.info/id/12892004	http://purl.org/sig/ont/fma/fma55239	1.0
http://snomed.info/id/128979005	http://purl.org/sig/ont/fma/fma49928	1.0
http://snomed.info/id/129111008	http://purl.org/sig/ont/fma/fma35505	0.97298682
http://snomed.info/id/12945004	http://purl.org/sig/ont/fma/fma83607	1.0
http://snomed.info/id/13020006	http://purl.org/sig/ont/fma/fma323259	0.99804193
http://snomed.info/id/13024002	http://purl.org/sig/ont/fma/fma9721	1.0
http://snomed.info/id/1311000	http://purl.org/sig/ont/fma/fma70718	1.0
http://snomed.info/id/13229001	http://purl.org/sig/ont/fma/fma67883	1.0
http://snomed.info/id/13255000	http://purl.org/sig/ont/fma/fma16139	1.0
http://snomed.info/id/13348000	http://purl.org/sig/ont/fma/fma322673	1.0
http://snomed.info/id/13351007	http://purl.org/sig/ont/fma/fma9692	1.0
http://snomed.info/id/13363002	http://purl.org/sig/ont/fma/fma43895	1.0
http://snomed.info/id/13407002	http://purl.org/sig/ont/fma/fma25709	1.0
http://snomed.info/id/13408007	http://purl.org/sig/ont/fma/fma23098	0.96245998
http://snomed.info/id/13415004	http://purl.org/sig/ont/fma/fma14493	1.0
http://snomed.info/id/13418002	http://purl.org/sig/ont/fma/fma9473	1.0
http://snomed.info/id/134197004	http://purl.org/sig/ont/fma/fma22846	0.93796343
http://snomed.info/id/13458000	http://purl.org/sig/ont/fma/fma323349	0.99194193
http://snomed.info/id/13482005	http://purl.org/sig/ont/fma/fma61212	1.0
http://snomed.info/id/13559005	http://purl.org/sig/ont/fma/fma6642	1.0
http://snomed.info/id/13561001	http://purl.org/sig/ont/fma/fma59101	1.0
http://snomed.info/id/13572006	http://purl.org/sig/ont/fma/fma321534	0.9330231
http://snomed.info/id/13604002	http://purl.org/sig/ont/fma/fma293444	1.0
http://snomed.info/id/13611003	http://purl.org/sig/ont/fma/fma33637	1.0
http://snomed.info/id/13647002	http://purl.org/sig/ont/fma/fma50039	1.0
http://snomed.info/id/13669009	http://purl.org/sig/ont/fma/fma23334	1.0
http://snomed.info/id/13726009	http://purl.org/sig/ont/fma/fma83977	1.0
http://snomed.info/id/13829006	http://purl.org/sig/ont/fma/fma40400	0.98542684
http://snomed.info/id/13869007	http://purl.org/sig/ont/fma/fma38453	1.0
http://snomed.info/id/13871007	http://purl.org/sig/ont/fma/fma49468	1.0
http://snomed.info/id/13900008	http://purl.org/sig/ont/fma/fma61970	1.0
http://snomed.info/id/13911000	http://purl.org/sig/ont/fma/fma37453	1.0
http://snomed.info/id/13958008	http://purl.org/sig/ont/fma/fma77634	1.0
http://snomed.info/id/14008007	http://purl.org/sig/ont/fma/fma52935	1.0
http://snomed.info/id/1403006	http://purl.org/sig/ont/fma/fma22431	0.98596644
http://snomed.info/id/14128009	http://purl.org/sig/ont/fma/fma15970	1.0
http://snomed.info/id/14149005	http://purl.org/sig/ont/fma/fma19236	1.0
http://snomed.info/id/14221007	http://purl.org/sig/ont/fma/fma19834	1.0
http://snomed.info/id/14236005	http://purl.org/sig/ont/fma/fma58112	1.0
http://snomed.info/id/1425000	http://purl.org/sig/ont/fma/fma52768	1.0
http://snomed.info/id/14253003	http://purl.org/sig/ont/fma/fma46579	1.0
http://snomed.info/id/14293000	http://purl.org/sig/ont/fma/fma71188	0.87219971
http://snomed.info/id/14344007	http://purl.org/sig/ont/fma/fma69733	1.0
http://snomed.info/id/14347000	http://purl.org/sig/ont/fma/fma14536	1.0
http://snomed.info/id/14358009	http://purl.org/sig/ont/fma/fma72204	0.9455573
http://snomed.info/id/14374004	http://purl.org/sig/ont/fma/fma322315	1.0
http://snomed.info/id/143925009	http://purl.org/sig/ont/fma/fma61223	1.0
http://snomed.info/id/14420006	http://purl.org/sig/ont/fma/fma6230	1.0
http://snomed.info/id/144228007	http://purl.org/sig/ont/fma/fma234867	1.0
http://snomed.info/id/14437004	http://purl.org/sig/ont/fma/fma38465	1.0
http://snomed.info/id/14451004	http://purl.org/sig/ont/fma/fma8672	1.0
http://snomed.info/id/14518006	http://purl.org/sig/ont/fma/fma57487	1.0
http://snomed.info/id/14629002	http://purl.org/sig/ont/fma/fma258416	1.0
http://snomed.info/id/14634003	http://purl.org/sig/ont/fma/fma72618	0.95430684
http://snomed.info/id/14658004	http://purl.org/sig/ont/fma/fma75218	1.0
http://snomed.info/id/1467009	http://purl.org/sig/ont/fma/fma49670	1.0
http://snomed.info/id/14692001	http://purl.org/sig/ont/fma/fma7136	1.0
http://snomed.info/id/14705001	http://purl.org/sig/ont/fma/fma24781	1.0
http://snomed.info/id/14722004	http://purl.org/sig/ont/fma/fma34979	1.0
http://snomed.info/id/14738005	http://purl.org/sig/ont/fma/fma61835	1.0
http://snomed.info/id/14742008	http://purl.org/sig/ont/fma/fma7201	1.0
http://snomed.info/id/14770005	http://purl.org/sig/ont/fma/fma84225	0.89035267
http://snomed.info/id/14806007	http://purl.org/sig/ont/fma/fma25070	0.97193432
http://snomed.info/id/14824009	http://purl.org/sig/ont/fma/fma23935	1.0
http://snomed.info/id/148369008	http://purl.org/sig/ont/fma/fma49555	1.0
http://snomed.info/id/14841006	http://purl.org/sig/ont/fma/fma52578	1.0
http://snomed.info/id/14871003	http://purl.org/sig/ont/fma/fma7777	1.0
http://snomed.info/id/14892003	http://purl.org/sig/ont/fma/fma74000	1.0
http://snomed.info/id/14975008	http://purl.org/sig/ont/fma/fma9663	1.0
http://snomed.info/id/15046008	http://purl.org/sig/ont/fma/fma72969	1.0
http://snomed.info/id/15058008	http://purl.org/sig/ont/fma/fma54974	1.0
http://snomed.info/id/15094007	http://purl.org/sig/ont/fma/fma6576	1.0
http://snomed.info/id/151097005	http://purl.org/sig/ont/fma/fma52433	1.0
http://snomed.info/id/1511004	http://purl.org/sig/ont/fma/fma19325	1.0
http://snomed.info/id/15119000	http://purl.org/sig/ont/fma/fma6720	1.0
http://snomed.info/id/151198003	http://purl.org/sig/ont/fma/fma52434	1.0
http://snomed.info/id/15120006	http://purl.org/sig/ont/fma/fma17545	1.0
http://snomed.info/id/15152006	http://purl.org/sig/ont/fma/fma46320	1.0
http://snomed.info/id/15187006	http://purl.org/sig/ont/fma/fma71293	0.89253855
http://snomed.info/id/15205006	http://purl.org/sig/ont/fma/fma18657	1.0
http://snomed.info/id/152410000	http://purl.org/sig/ont/fma/fma50941	1.0
http://snomed.info/id/152511004	http://purl.org/sig/ont/fma/fma50954	1.0
http://snomed.info/id/15263002	http://purl.org/sig/ont/fma/fma49523	1.0
http://snomed.info/id/15264008	http://purl.org/sig/ont/fma/fma56723	1.0
http://snomed.info/id/1527006	http://purl.org/sig/ont/fma/fma9261	1.0
http://snomed.info/id/152814000	http://purl.org/sig/ont/fma/fma50960	1.0
http://snomed.info/id/152915000	http://purl.org/sig/ont/fma/fma50916	1.0
http://snomed.info/id/153218003	http://purl.org/sig/ont/fma/fma50826	1.0
http://snomed.info/id/153420002	http://purl.org/sig/ont/fma/fma50830	1.0
http://snomed.info/id/153622002	http://purl.org/sig/ont/fma/fma51729	1.0
http://snomed.info/id/15368009	http://purl.org/sig/ont/fma/fma42966	1.0
http://snomed.info/id/1537001	http://purl.org/sig/ont/fma/fma13508	0.90077794
http://snomed.info/id/153824004	http://purl.org/sig/ont/fma/fma50981	0.88179183
http://snomed.info/id/15391008	http://purl.org/sig/ont/fma/fma44519	0.97451353
http://snomed.info/id/1541002	http://purl.org/sig/ont/fma/fma45356	1.0
http://snomed.info/id/154127002	http://purl.org/sig/ont/fma/fma50788	1.0
http://snomed.info/id/154329009	http://purl.org/sig/ont/fma/fma50790	1.0
http://snomed.info/id/15439007	http://purl.org/sig/ont/fma/fma24786	1.0
http://snomed.info/id/154530003	http://purl.org/sig/ont/fma/fma50792	1.0
http://snomed.info/id/154732009	http://purl.org/sig/ont/fma/fma50794	1.0
http://snomed.info/id/154833009	http://purl.org/sig/ont/fma/fma323261	1.0
http://snomed.info/id/15485005	http://purl.org/sig/ont/fma/fma323287	1.0
http://snomed.info/id/154934004	http://purl.org/sig/ont/fma/fma50795	0.99746919
http://snomed.info/id/15497006	http://purl.org/sig/ont/fma/fma7209	0.9645282
http://snomed.info/id/15512001	http://purl.org/sig/ont/fma/fma7379	1.0
http://snomed.info/id/15515004	http://purl.org/sig/ont/fma/fma321450	1.0
http://snomed.info/id/155338003	http://purl.org/sig/ont/fma/fma61227	1.0
http://snomed.info/id/15538001	http://purl.org/sig/ont/fma/fma268963	1.0
http://snomed.info/id/15567000	http://purl.org/sig/ont/fma/fma14765	1.0
http://snomed.info/id/15591009	http://purl.org/sig/ont/fma/fma22590	1.0
http://snomed.info/id/15609005	http://purl.org/sig/ont/fma/fma9227	1.0
http://snomed.info/id/15621009	http://purl.org/sig/ont/fma/fma24788	1.0
http://snomed.info/id/15672000	http://purl.org/sig/ont/fma/fma49650	1.0
http://snomed.info/id/15713008	http://purl.org/sig/ont/fma/fma83532	1.0
http://snomed.info/id/15753006	http://purl.org/sig/ont/fma/fma9703	1.0
http://snomed.info/id/1580005	http://purl.org/sig/ont/fma/fma62186	1.0
http://snomed.info/id/1581009	http://purl.org/sig/ont/fma/fma14809	1.0
http://snomed.info/id/15813001	http://purl.org/sig/ont/fma/fma323013	1.0
http://snomed.info/id/15849000	http://purl.org/sig/ont/fma/fma16098	1.0
http://snomed.info/id/15862001	http://purl.org/sig/ont/fma/fma63248	0.95398527
http://snomed.info/id/15868002	http://purl.org/sig/ont/fma/fma15882	1.0
http://snomed.info/id/158768009	http://purl.org/sig/ont/fma/fma14318	1.0
http://snomed.info/id/15878004	http://purl.org/sig/ont/fma/fma14471	1.0
http://snomed.info/id/15881009	http://purl.org/sig/ont/fma/fma15042	1.0
http://snomed.info/id/159180000	http://purl.org/sig/ont/fma/fma50858	1.0
http://snomed.info/id/15926001	http://purl.org/sig/ont/fma/fma79876	1.0
http://snomed.info/id/159263006	http://purl.org/sig/ont/fma/fma50833	0.97105056
http://snomed.info/id/159341004	http://purl.org/sig/ont/fma/fma14290	1.0
http://snomed.info/id/15935008	http://purl.org/sig/ont/fma/fma21254	1.0
http://snomed.info/id/159439001	http://purl.org/sig/ont/fma/fma14325	1.0
http://snomed.info/id/159530000	http://purl.org/sig/ont/fma/fma4750	1.0
http://snomed.info/id/16014003	http://purl.org/sig/ont/fma/fma14678	0.94995743
http://snomed.info/id/16050005	http://purl.org/sig/ont/fma/fma16626	1.0
http://snomed.info/id/16051009	http://purl.org/sig/ont/fma/fma14190	1.0
http://snomed.info/id/16057008	http://purl.org/sig/ont/fma/fma7362	1.0
http://snomed.info/id/16089004	http://purl.org/sig/ont/fma/fma58254	1.0
http://snomed.info/id/16097006	http://purl.org/sig/ont/fma/fma258870	1.0
http://snomed.info/id/1610007	http://purl.org/sig/ont/fma/fma321540	1.0
http://snomed.info/id/16178009	http://purl.org/sig/ont/fma/fma59502	1.0
http://snomed.info/id/16219000	http://purl.org/sig/ont/fma/fma44617	0.98337382
http://snomed.info/id/16225001	http://purl.org/sig/ont/fma/fma37670	1.0
http://snomed.info/id/16228004	http://purl.org/sig/ont/fma/fma16668	1.0
http://snomed.info/id/16251004	http://purl.org/sig/ont/fma/fma59379	0.97953308
http://snomed.info/id/1626008	http://purl.org/sig/ont/fma/fma71169	0.90386868
http://snomed.info/id/16357002	http://purl.org/sig/ont/fma/fma44504	1.0
http://snomed.info/id/16381009	http://purl.org/sig/ont/fma/fma72609	0.92344862
http://snomed.info/id/16419003	http://purl.org/sig/ont/fma/fma44724	1.0
http://snomed.info/id/16523009	http://purl.org/sig/ont/fma/fma16482	1.0
http://snomed.info/id/16571009	http://purl.org/sig/ont/fma/fma15037	1.0
http://snomed.info/id/165758003	http://purl.org/sig/ont/fma/fma23969	1.0
http://snomed.info/id/165857003	http://purl.org/sig/ont/fma/fma23970	1.0
http://snomed.info/id/16612003	http://purl.org/sig/ont/fma/fma323358	0.99094242
http://snomed.info/id/16625006	http://purl.org/sig/ont/fma/fma15400	1.0
http://snomed.info/id/16651008	http://purl.org/sig/ont/fma/fma22437	0.90573794
http://snomed.info/id/16657007	http://purl.org/sig/ont/fma/fma20172	1.0
http://snomed.info/id/167063009	http://purl.org/sig/ont/fma/fma72308	1.0
http://snomed.info/id/16708002	http://purl.org/sig/ont/fma/fma322641	1.0
http://snomed.info/id/167164000	http://purl.org/sig/ont/fma/fma7467	1.0
http://snomed.info/id/16769007	http://purl.org/sig/ont/fma/fma62341	1.0
http://snomed.info/id/16777006	http://purl.org/sig/ont/fma/fma14500	1.0
http://snomed.info/id/16792007	http://purl.org/sig/ont/fma/fma274516	0.99086505
http://snomed.info/id/167965000	http://purl.org/sig/ont/fma/fma12769	1.0
http://snomed.info/id/16811007	http://purl.org/sig/ont/fma/fma59785	1.0
http://snomed.info/id/168360002	http://purl.org/sig/ont/fma/fma12779	1.0
http://snomed.info/id/1684009	http://purl.org/sig/ont/fma/fma14079	1.0
http://snomed.info/id/168460001	http://purl.org/sig/ont/fma/fma61236	1.0
http://snomed.info/id/168557005	http://purl.org/sig/ont/fma/fma12776	1.0
http://snomed.info/id/16875005	http://purl.org/sig/ont/fma/fma226737	1.0
http://snomed.info/id/16897007	http://purl.org/sig/ont/fma/fma24934	0.87476671
http://snomed.info/id/16925009	http://purl.org/sig/ont/fma/fma61899	1.0
http://snomed.info/id/17011001	http://purl.org/sig/ont/fma/fma322680	1.0
http://snomed.info/id/17018007	http://purl.org/sig/ont/fma/fma322632	0.97966319
http://snomed.info/id/17051003	http://purl.org/sig/ont/fma/fma13423	1.0
http://snomed.info/id/17061005	http://purl.org/sig/ont/fma/fma20836	1.0
http://snomed.info/id/1707008	http://purl.org/sig/ont/fma/fma62022	1.0
http://snomed.info/id/17131004	http://purl.org/sig/ont/fma/fma323230	1.0
http://snomed.info/id/17134007	http://purl.org/sig/ont/fma/fma7750	1.0
http://snomed.info/id/17135008	http://purl.org/sig/ont/fma/fma76904	1.0
http://snomed.info/id/17137000	http://purl.org/sig/ont/fma/fma22689	1.0
http://snomed.info/id/17167006	http://purl.org/sig/ont/fma/fma54242	1.0
http://snomed.info/id/17168001	http://purl.org/sig/ont/fma/fma83712	1.0
http://snomed.info/id/1721005	http://purl.org/sig/ont/fma/fma54973	1.0
http://snomed.info/id/17232002	http://purl.org/sig/ont/fma/fma50079	1.0
http://snomed.info/id/1729007	http://purl.org/sig/ont/fma/fma83850	1.0
http://snomed.info/id/17292004	http://purl.org/sig/ont/fma/fma61900	1.0
http://snomed.info/id/17301001	http://purl.org/sig/ont/fma/fma7434	1.0
http://snomed.info/id/1732005	http://purl.org/sig/ont/fma/fma5031	1.0
http://snomed.info/id/17336002	http://purl.org/sig/ont/fma/fma40855	0.93915492
http://snomed.info/id/17388009	http://purl.org/sig/ont/fma/fma50531	1.0
http://snomed.info/id/17401000	http://purl.org/sig/ont/fma/fma7110	1.0
http://snomed.info/id/17407001	http://purl.org/sig/ont/fma/fma58286	1.0
http://snomed.info/id/17448003	http://purl.org/sig/ont/fma/fma9152	1.0
http://snomed.info/id/17475005	http://purl.org/sig/ont/fma/fma83509	1.0
http://snomed.info/id/17549008	http://purl.org/sig/ont/fma/fma10046	1.0
http://snomed.info/id/17586009	http://purl.org/sig/ont/fma/fma52763	1.0
http://snomed.info/id/17623008	http://purl.org/sig/ont/fma/fma22950	1.0
http://snomed.info/id/17630002	http://purl.org/sig/ont/fma/fma6645	1.0
http://snomed.info/id/1765002	http://purl.org/sig/ont/fma/fma278543	1.0
http://snomed.info/id/17661006	http://purl.org/sig/ont/fma/fma54603	1.0
http://snomed.info/id/17686002	http://purl.org/sig/ont/fma/fma13518	0.94992661
http://snomed.info/id/17697002	http://purl.org/sig/ont/fma/fma322324	0.97919285
http://snomed.info/id/17700003	http://purl.org/sig/ont/fma/fma52599	1.0
http://snomed.info/id/17743006	http://purl.org/sig/ont/fma/fma80814	0.9461723
http://snomed.info/id/17748002	http://purl.org/sig/ont/fma/fma65303	1.0
http://snomed.info/id/17758003	http://purl.org/sig/ont/fma/fma14937	1.0
http://snomed.info/id/17847004	http://purl.org/sig/ont/fma/fma24927	0.99822879
http://snomed.info/id/178579001	http://purl.org/sig/ont/fma/fma54910	1.0
http://snomed.info/id/17861009	http://purl.org/sig/ont/fma/fma55070	1.0
http://snomed.info/id/17864001	http://purl.org/sig/ont/fma/fma15812	1.0
http://snomed.info/id/178679005	http://purl.org/sig/ont/fma/fma54912	1.0
http://snomed.info/id/17879008	http://purl.org/sig/ont/fma/fma62032	1.0
http://snomed.info/id/17880006	http://purl.org/sig/ont/fma/fma19651	0.92508262
http://snomed.info/id/17912006	http://purl.org/sig/ont/fma/fma6577	1.0
http://snomed.info/id/17918005	http://purl.org/sig/ont/fma/fma20945	0.8928498
http://snomed.info/id/17995007	http://purl.org/sig/ont/fma/fma18620	1.0
http://snomed.info/id/17999001	http://purl.org/sig/ont/fma/fma49815	1.0
http://snomed.info/id/18012006	http://purl.org/sig/ont/fma/fma7313	0.87485486
http://snomed.info/id/18033002	http://purl.org/sig/ont/fma/fma44581	1.0
http://snomed.info/id/18056006	http://purl.org/sig/ont/fma/fma75688	1.0
http://snomed.info/id/18074002	http://purl.org/sig/ont/fma/fma17028	1.0
http://snomed.info/id/18087008	http://purl.org/sig/ont/fma/fma55351	1.0
http://snomed.info/id/180989001	http://purl.org/sig/ont/fma/fma257509	0.90039152
http://snomed.info/id/180992002	http://purl.org/sig/ont/fma/fma288331	0.89442056
http://snomed.info/id/180993007	http://purl.org/sig/ont/fma/fma257533	0.90960813
http://snomed.info/id/180994001	http://purl.org/sig/ont/fma/fma66004	0.92688775
http://snomed.info/id/180995000	http://purl.org/sig/ont/fma/fma66015	0.92175168
http://snomed.info/id/180997008	http://purl.org/sig/ont/fma/fma257565	0.91339594
http://snomed.info/id/180998003	http://purl.org/sig/ont/fma/fma257571	0.89138412
http://snomed.info/id/181005000	http://purl.org/sig/ont/fma/fma65220	0.87297362
http://snomed.info/id/181008003	http://purl.org/sig/ont/fma/fma321658	0.94810224
http://snomed.info/id/181084004	http://purl.org/sig/ont/fma/fma44786	0.91687399
http://snomed.info/id/181085003	http://purl.org/sig/ont/fma/fma44788	0.96871024
http://snomed.info/id/181086002	http://purl.org/sig/ont/fma/fma44794	0.96740967
http://snomed.info/id/181087006	http://purl.org/sig/ont/fma/fma44799	0.9664017
http://snomed.info/id/181100007	http://purl.org/sig/ont/fma/fma6470	1.0
http://snomed.info/id/181110003	http://purl.org/sig/ont/fma/fma6872	0.93364257
http://snomed.info/id/181376008	http://purl.org/sig/ont/fma/fma76735	1.0
http://snomed.info/id/181381004	http://purl.org/sig/ont/fma/fma50848	1.0
http://snomed.info/id/18141004	http://purl.org/sig/ont/fma/fma32527	1.0
http://snomed.info/id/181496004	http://purl.org/sig/ont/fma/fma23028	0.87124407
http://snomed.info/id/181506008	http://purl.org/sig/ont/fma/fma322366	0.98927385
http://snomed.info/id/181570003	http://purl.org/sig/ont/fma/fma322338	1.0
http://snomed.info/id/181586005	http://purl.org/sig/ont/fma/fma60355	1.0
http://snomed.info/id/181587001	http://purl.org/sig/ont/fma/fma60356	1.0
http://snomed.info/id/181588006	http://purl.org/sig/ont/fma/fma60357	1.0
http://snomed.info/id/181590007	http://purl.org/sig/ont/fma/fma60354	1.0
http://snomed.info/id/181598000	http://purl.org/sig/ont/fma/fma60533	0.9126544
http://snomed.info/id/181599008	http://purl.org/sig/ont/fma/fma60611	1.0
http://snomed.info/id/181600006	http://purl.org/sig/ont/fma/fma60612	1.0
http://snomed.info/id/181601005	http://purl.org/sig/ont/fma/fma60613	1.0
http://snomed.info/id/18172000	http://purl.org/sig/ont/fma/fma8516	1.0
http://snomed.info/id/181724007	http://purl.org/sig/ont/fma/fma37450	1.0
http://snomed.info/id/181725008	http://purl.org/sig/ont/fma/fma37452	1.0
http://snomed.info/id/181728005	http://purl.org/sig/ont/fma/fma37457	0.90178424
http://snomed.info/id/181729002	http://purl.org/sig/ont/fma/fma37458	0.88495791
http://snomed.info/id/181780001	http://purl.org/sig/ont/fma/fma42430	1.0
http://snomed.info/id/181781002	http://purl.org/sig/ont/fma/fma58771	0.93074381
http://snomed.info/id/181782009	http://purl.org/sig/ont/fma/fma45001	1.0
http://snomed.info/id/1818002	http://purl.org/sig/ont/fma/fma58529	1.0
http://snomed.info/id/181895009	http://purl.org/sig/ont/fma/fma23981	1.0
http://snomed.info/id/181898006	http://purl.org/sig/ont/fma/fma24044	0.89888257
http://snomed.info/id/181901007	http://purl.org/sig/ont/fma/fma24093	0.9618268
http://snomed.info/id/181902000	http://purl.org/sig/ont/fma/fma24056	1.0
http://snomed.info/id/181904004	http://purl.org/sig/ont/fma/fma24059	1.0
http://snomed.info/id/181925004	http://purl.org/sig/ont/fma/fma321666	1.0
http://snomed.info/id/181962002	http://purl.org/sig/ont/fma/fma40185	0.92735302
http://snomed.info/id/181993001	http://purl.org/sig/ont/fma/fma37490	1.0
http://snomed.info/id/181994007	http://purl.org/sig/ont/fma/fma40302	1.0
http://snomed.info/id/181996009	http://purl.org/sig/ont/fma/fma37606	1.0
http://snomed.info/id/181997000	http://purl.org/sig/ont/fma/fma37510	1.0
http://snomed.info/id/182009009	http://purl.org/sig/ont/fma/fma40304	1.0
http://snomed.info/id/18209004	http://purl.org/sig/ont/fma/fma14323	1.0
http://snomed.info/id/182376006	http://purl.org/sig/ont/fma/fma13707	1.0
http://snomed.info/id/182383004	http://purl.org/sig/ont/fma/fma13734	1.0
http://snomed.info/id/182432003	http://purl.org/sig/ont/fma/fma19116	0.95083582
http://snomed.info/id/182447007	http://purl.org/sig/ont/fma/fma44624	1.0
http://snomed.info/id/182448002	http://purl.org/sig/ont/fma/fma44625	1.0
http://snomed.info/id/182450005	http://purl.org/sig/ont/fma/fma44638	1.0
http://snomed.info/id/182481001	http://purl.org/sig/ont/fma/fma10475	0.87461418
http://snomed.info/id/182484009	http://purl.org/sig/ont/fma/fma321552	0.94111341
http://snomed.info/id/182485005	http://purl.org/sig/ont/fma/fma300544	0.86767268
http://snomed.info/id/182489004	http://purl.org/sig/ont/fma/fma76879	0.85151243
http://snomed.info/id/182490008	http://purl.org/sig/ont/fma/fma321648	0.94506866
http://snomed.info/id/18252004	http://purl.org/sig/ont/fma/fma45738	1.0
http://snomed.info/id/18255002	http://purl.org/sig/ont/fma/fma32624	1.0
http://snomed.info/id/18270001	http://purl.org/sig/ont/fma/fma16005	1.0
http://snomed.info/id/18294001	http://purl.org/sig/ont/fma/fma50898	1.0
http://snomed.info/id/18399009	http://purl.org/sig/ont/fma/fma49702	1.0
http://snomed.info/id/1840006	http://purl.org/sig/ont/fma/fma67821	0.94172871
http://snomed.info/id/18402005	http://purl.org/sig/ont/fma/fma59595	0.90993565
http://snomed.info/id/18422009	http://purl.org/sig/ont/fma/fma321541	0.97643799
http://snomed.info/id/18444004	http://purl.org/sig/ont/fma/fma59834	0.95865744
http://snomed.info/id/18447006	http://purl.org/sig/ont/fma/fma16181	1.0
http://snomed.info/id/18456003	http://purl.org/sig/ont/fma/fma242223	1.0
http://snomed.info/id/18513005	http://purl.org/sig/ont/fma/fma37381	1.0
http://snomed.info/id/18518001	http://purl.org/sig/ont/fma/fma322317	1.0
http://snomed.info/id/1853009	http://purl.org/sig/ont/fma/fma46290	1.0
http://snomed.info/id/18545000	http://purl.org/sig/ont/fma/fma9592	1.0
http://snomed.info/id/18552003	http://purl.org/sig/ont/fma/fma76946	0.94439369
http://snomed.info/id/18554002	http://purl.org/sig/ont/fma/fma7468	1.0
http://snomed.info/id/18591008	http://purl.org/sig/ont/fma/fma6468	1.0
http://snomed.info/id/18602000	http://purl.org/sig/ont/fma/fma84140	1.0
http://snomed.info/id/186038005	http://purl.org/sig/ont/fma/fma8639	0.93906265
http://snomed.info/id/18855009	http://purl.org/sig/ont/fma/fma59102	1.0
http://snomed.info/id/18930002	http://purl.org/sig/ont/fma/fma32884	1.0
http://snomed.info/id/18944008	http://purl.org/sig/ont/fma/fma54449	1.0
http://snomed.info/id/18984004	http://purl.org/sig/ont/fma/fma18659	1.0
http://snomed.info/id/18997002	http://purl.org/sig/ont/fma/fma22863	0.95306045
http://snomed.info/id/19015001	http://purl.org/sig/ont/fma/fma83866	1.0
http://snomed.info/id/1902009	http://purl.org/sig/ont/fma/fma61314	0.92524725
http://snomed.info/id/19176007	http://purl.org/sig/ont/fma/fma8622	1.0
http://snomed.info/id/19177003	http://purl.org/sig/ont/fma/fma44213	1.0
http://snomed.info/id/1918003	http://purl.org/sig/ont/fma/fma3792	1.0
http://snomed.info/id/19193007	http://purl.org/sig/ont/fma/fma51754	0.95597297
http://snomed.info/id/192274009	http://purl.org/sig/ont/fma/fma9536	1.0
http://snomed.info/id/19245008	http://purl.org/sig/ont/fma/fma322803	0.9788053
http://snomed.info/id/19292007	http://purl.org/sig/ont/fma/fma7768	1.0
http://snomed.info/id/19336009	http://purl.org/sig/ont/fma/fma9735	1.0
http://snomed.info/id/19414007	http://purl.org/sig/ont/fma/fma51965	1.0
http://snomed.info/id/19447003	http://purl.org/sig/ont/fma/fma269061	0.93660867
http://snomed.info/id/19465004	http://purl.org/sig/ont/fma/fma54501	0.96775639
http://snomed.info/id/19468002	http://purl.org/sig/ont/fma/fma46417	1.0
http://snomed.info/id/194996006	http://purl.org/sig/ont/fma/fma76767	1.0
http://snomed.info/id/195073003	http://purl.org/sig/ont/fma/fma223888	1.0
http://snomed.info/id/19513004	http://purl.org/sig/ont/fma/fma22584	1.0
http://snomed.info/id/19528004	http://purl.org/sig/ont/fma/fma322795	0.91922891
http://snomed.info/id/195416006	http://purl.org/sig/ont/fma/fma4712	1.0
http://snomed.info/id/195926006	http://purl.org/sig/ont/fma/fma9873	1.0
http://snomed.info/id/19594009	http://purl.org/sig/ont/fma/fma75144	1.0
http://snomed.info/id/196000009	http://purl.org/sig/ont/fma/fma9874	1.0
http://snomed.info/id/19617008	http://purl.org/sig/ont/fma/fma37556	1.0
http://snomed.info/id/196446004	http://purl.org/sig/ont/fma/fma276897	1.0
http://snomed.info/id/196516004	http://purl.org/sig/ont/fma/fma12789	1.0
http://snomed.info/id/196587000	http://purl.org/sig/ont/fma/fma12790	1.0
http://snomed.info/id/196662004	http://purl.org/sig/ont/fma/fma5968	1.0
http://snomed.info/id/19675007	http://purl.org/sig/ont/fma/fma321005	1.0
http://snomed.info/id/196751009	http://purl.org/sig/ont/fma/fma12773	1.0
http://snomed.info/id/196821008	http://purl.org/sig/ont/fma/fma5944	1.0
http://snomed.info/id/19701007	http://purl.org/sig/ont/fma/fma322634	0.98221976
http://snomed.info/id/19785001	http://purl.org/sig/ont/fma/fma77868	0.9609223
http://snomed.info/id/19799002	http://purl.org/sig/ont/fma/fma33331	0.93097585
http://snomed.info/id/19898001	http://purl.org/sig/ont/fma/fma14915	1.0
http://snomed.info/id/19931006	http://purl.org/sig/ont/fma/fma18619	1.0
http://snomed.info/id/1997009	http://purl.org/sig/ont/fma/fma56731	1.0
http://snomed.info/id/19976006	http://purl.org/sig/ont/fma/fma321508	1.0
http://snomed.info/id/20008000	http://purl.org/sig/ont/fma/fma60096	1.0
http://snomed.info/id/20023005	http://purl.org/sig/ont/fma/fma16017	1.0
http://snomed.info/id/20038006	http://purl.org/sig/ont/fma/fma16521	1.0
http://snomed.info/id/20060009	http://purl.org/sig/ont/fma/fma54443	1.0
http://snomed.info/id/20066003	http://purl.org/sig/ont/fma/fma16011	1.0
http://snomed.info/id/200723008	http://purl.org/sig/ont/fma/fma7412	1.0
http://snomed.info/id/20089006	http://purl.org/sig/ont/fma/fma45307	1.0
http://snomed.info/id/2010005	http://purl.org/sig/ont/fma/fma23303	1.0
http://snomed.info/id/20104000	http://purl.org/sig/ont/fma/fma264812	0.92949659
http://snomed.info/id/20113003	http://purl.org/sig/ont/fma/fma15397	1.0
http://snomed.info/id/20115005	http://purl.org/sig/ont/fma/fma22934	1.0
http://snomed.info/id/20134005	http://purl.org/sig/ont/fma/fma37626	1.0
http://snomed.info/id/20151003	http://purl.org/sig/ont/fma/fma24502	0.98224401
http://snomed.info/id/20163008	http://purl.org/sig/ont/fma/fma9325	0.90234089
http://snomed.info/id/20166000	http://purl.org/sig/ont/fma/fma322665	0.98087716
http://snomed.info/id/20188000	http://purl.org/sig/ont/fma/fma50823	1.0
http://snomed.info/id/20190004	http://purl.org/sig/ont/fma/fma4722	1.0
http://snomed.info/id/2020000	http://purl.org/sig/ont/fma/fma22668	1.0
http://snomed.info/id/20204009	http://purl.org/sig/ont/fma/fma21469	0.94088227
http://snomed.info/id/20218002	http://purl.org/sig/ont/fma/fma7401	0.87099916
http://snomed.info/id/20298003	http://purl.org/sig/ont/fma/fma7488	1.0
http://snomed.info/id/2033006	http://purl.org/sig/ont/fma/fma18483	1.0
http://snomed.info/id/20346003	http://purl.org/sig/ont/fma/fma49915	1.0
http://snomed.info/id/20360001	http://purl.org/sig/ont/fma/fma49624	1.0
http://snomed.info/id/20375009	http://purl.org/sig/ont/fma/fma22684	1.0
http://snomed.info/id/20394004	http://purl.org/sig/ont/fma/fma9155	1.0
http://snomed.info/id/2044003	http://purl.org/sig/ont/fma/fma75475	1.0
http://snomed.info/id/2048000	http://purl.org/sig/ont/fma/fma54836	1.0
http://snomed.info/id/20497005	http://purl.org/sig/ont/fma/fma51134	0.94214815
http://snomed.info/id/20546004	http://purl.org/sig/ont/fma/fma322975	1.0
http://snomed.info/id/20575005	http://purl.org/sig/ont/fma/fma84628	0.95469683
http://snomed.info/id/20600008	http://purl.org/sig/ont/fma/fma16140	1.0
http://snomed.info/id/206007	http://purl.org/sig/ont/fma/fma22314	1.0
http://snomed.info/id/206034008	http://purl.org/sig/ont/fma/fma4149	1.0
http://snomed.info/id/206400002	http://purl.org/sig/ont/fma/fma71210	1.0
http://snomed.info/id/206486005	http://purl.org/sig/ont/fma/fma281360	1.0
http://snomed.info/id/20650001	http://purl.org/sig/ont/fma/fma63614	1.0
http://snomed.info/id/206658008	http://purl.org/sig/ont/fma/fma12845	1.0
http://snomed.info/id/20682003	http://purl.org/sig/ont/fma/fma83978	1.0
http://snomed.info/id/20699002	http://purl.org/sig/ont/fma/fma13324	1.0
http://snomed.info/id/207065009	http://purl.org/sig/ont/fma/fma77582	1.0
http://snomed.info/id/2071003	http://purl.org/sig/ont/fma/fma77455	1.0
http://snomed.info/id/20728007	http://purl.org/sig/ont/fma/fma9737	1.0
http://snomed.info/id/20746001	http://purl.org/sig/ont/fma/fma65270	0.96167886
http://snomed.info/id/20760004	http://purl.org/sig/ont/fma/fma39764	0.94007134
http://snomed.info/id/2076008	http://purl.org/sig/ont/fma/fma226577	1.0
http://snomed.info/id/20800006	http://purl.org/sig/ont/fma/fma72645	1.0
http://snomed.info/id/20826001	http://purl.org/sig/ont/fma/fma62649	1.0
http://snomed.info/id/2083001	http://purl.org/sig/ont/fma/fma54588	1.0
http://snomed.info/id/20843003	http://purl.org/sig/ont/fma/fma10460	0.86583316
http://snomed.info/id/20877008	http://purl.org/sig/ont/fma/fma77509	0.99505109
http://snomed.info/id/20968000	http://purl.org/sig/ont/fma/fma59686	1.0
http://snomed.info/id/20976003	http://purl.org/sig/ont/fma/fma4749	1.0
http://snomed.info/id/20988001	http://purl.org/sig/ont/fma/fma49666	1.0
http://snomed.info/id/21020004	http://purl.org/sig/ont/fma/fma9955	1.0
http://snomed.info/id/21040006	http://purl.org/sig/ont/fma/fma46828	1.0
http://snomed.info/id/21067000	http://purl.org/sig/ont/fma/fma75405	1.0
http://snomed.info/id/211099008	http://purl.org/sig/ont/fma/fma45198	1.0
http://snomed.info/id/211187004	http://purl.org/sig/ont/fma/fma45048	1.0
http://snomed.info/id/211283009	http://purl.org/sig/ont/fma/fma45051	1.0
http://snomed.info/id/21133008	http://purl.org/sig/ont/fma/fma61654	0.92830712
http://snomed.info/id/211378003	http://purl.org/sig/ont/fma/fma43791	1.0
http://snomed.info/id/211475001	http://purl.org/sig/ont/fma/fma43794	1.0
http://snomed.info/id/211534006	http://purl.org/sig/ont/fma/fma45036	0.97171485
http://snomed.info/id/21161002	http://purl.org/sig/ont/fma/fma50870	1.0
http://snomed.info/id/21169000	http://purl.org/sig/ont/fma/fma77033	0.90948749
http://snomed.info/id/21183003	http://purl.org/sig/ont/fma/fma26425	1.0
http://snomed.info/id/21203009	http://purl.org/sig/ont/fma/fma42435	1.0
http://snomed.info/id/21214007	http://purl.org/sig/ont/fma/fma24280	1.0
http://snomed.info/id/2123001	http://purl.org/sig/ont/fma/fma62335	1.0
http://snomed.info/id/21240001	http://purl.org/sig/ont/fma/fma10028	1.0
http://snomed.info/id/212493002	http://purl.org/sig/ont/fma/fma43888	1.0
http://snomed.info/id/212536005	http://purl.org/sig/ont/fma/fma43889	1.0
http://snomed.info/id/21270006	http://purl.org/sig/ont/fma/fma69264	1.0
http://snomed.info/id/21306003	http://purl.org/sig/ont/fma/fma7207	0.95385033
http://snomed.info/id/21332009	http://purl.org/sig/ont/fma/fma56498	1.0
http://snomed.info/id/21387005	http://purl.org/sig/ont/fma/fma52749	1.0
http://snomed.info/id/21452006	http://purl.org/sig/ont/fma/fma13081	1.0
http://snomed.info/id/21462004	http://purl.org/sig/ont/fma/fma35518	1.0
http://snomed.info/id/21472001	http://purl.org/sig/ont/fma/fma48974	1.0
http://snomed.info/id/21476003	http://purl.org/sig/ont/fma/fma69225	1.0
http://snomed.info/id/21478002	http://purl.org/sig/ont/fma/fma7475	1.0
http://snomed.info/id/21479005	http://purl.org/sig/ont/fma/fma50094	1.0
http://snomed.info/id/214811007	http://purl.org/sig/ont/fma/fma43898	1.0
http://snomed.info/id/214912001	http://purl.org/sig/ont/fma/fma43899	1.0
http://snomed.info/id/21498007	http://purl.org/sig/ont/fma/fma7242	1.0
http://snomed.info/id/21499004	http://purl.org/sig/ont/fma/fma18248	1.0
http://snomed.info/id/215013000	http://purl.org/sig/ont/fma/fma43896	1.0
http://snomed.info/id/21548009	http://purl.org/sig/ont/fma/fma322272	0.91730183
http://snomed.info/id/21577005	http://purl.org/sig/ont/fma/fma45206	1.0
http://snomed.info/id/21582003	http://purl.org/sig/ont/fma/fma55244	1.0
http://snomed.info/id/2160002	http://purl.org/sig/ont/fma/fma13421	1.0
http://snomed.info/id/21631006	http://purl.org/sig/ont/fma/fma72452	1.0
http://snomed.info/id/21644001	http://purl.org/sig/ont/fma/fma55655	1.0
http://snomed.info/id/21684005	http://purl.org/sig/ont/fma/fma6722	0.86899608
http://snomed.info/id/21694000	http://purl.org/sig/ont/fma/fma17698	1.0
http://snomed.info/id/21749004	http://purl.org/sig/ont/fma/fma44836	1.0
http://snomed.info/id/21807003	http://purl.org/sig/ont/fma/fma14779	1.0
http://snomed.info/id/21814001	http://purl.org/sig/ont/fma/fma323979	0.90350372
http://snomed.info/id/21874006	http://purl.org/sig/ont/fma/fma52655	1.0
http://snomed.info/id/21875007	http://purl.org/sig/ont/fma/fma16621	1.0
http://snomed.info/id/2192001	http://purl.org/sig/ont/fma/fma34687	1.0
http://snomed.info/id/21933007	http://purl.org/sig/ont/fma/fma83706	1.0
http://snomed.info/id/21956003	http://purl.org/sig/ont/fma/fma77583	1.0
http://snomed.info/id/21989003	http://purl.org/sig/ont/fma/fma22428	1.0
http://snomed.info/id/22044004	http://purl.org/sig/ont/fma/fma323231	1.0
http://snomed.info/id/22050009	http://purl.org/sig/ont/fma/fma9535	1.0
http://snomed.info/id/22051008	http://purl.org/sig/ont/fma/fma10050	1.0
http://snomed.info/id/22056003	http://purl.org/sig/ont/fma/fma70716	1.0
http://snomed.info/id/22072006	http://purl.org/sig/ont/fma/fma37692	1.0
http://snomed.info/id/22076009	http://purl.org/sig/ont/fma/fma18086	1.0
http://snomed.info/id/22083002	http://purl.org/sig/ont/fma/fma14773	1.0
http://snomed.info/id/22145001	http://purl.org/sig/ont/fma/fma77646	1.0
http://snomed.info/id/22180002	http://purl.org/sig/ont/fma/fma322553	0.96829391
http://snomed.info/id/22270008	http://purl.org/sig/ont/fma/fma7373	1.0
http://snomed.info/id/22286001	http://purl.org/sig/ont/fma/fma10635	1.0
http://snomed.info/id/22296005	http://purl.org/sig/ont/fma/fma40005	1.0
http://snomed.info/id/22319001	http://purl.org/sig/ont/fma/fma22537	1.0
http://snomed.info/id/22335008	http://purl.org/sig/ont/fma/fma11344	1.0
http://snomed.info/id/22445006	http://purl.org/sig/ont/fma/fma84222	0.86311996
http://snomed.info/id/22457002	http://purl.org/sig/ont/fma/fma321498	1.00000083
http://snomed.info/id/22470006	http://purl.org/sig/ont/fma/fma9167	1.0
http://snomed.info/id/22488003	http://purl.org/sig/ont/fma/fma14997	1.0
http://snomed.info/id/22548006	http://purl.org/sig/ont/fma/fma16182	1.0
http://snomed.info/id/22603004	http://purl.org/sig/ont/fma/fma75261	1.0
http://snomed.info/id/22617008	http://purl.org/sig/ont/fma/fma8658	1.0
http://snomed.info/id/22675007	http://purl.org/sig/ont/fma/fma18308	1.0
http://snomed.info/id/22692003	http://purl.org/sig/ont/fma/fma13525	0.8931421
http://snomed.info/id/22735005	http://purl.org/sig/ont/fma/fma61902	1.0
http://snomed.info/id/22756007	http://purl.org/sig/ont/fma/fma13370	1.0
http://snomed.info/id/22823000	http://purl.org/sig/ont/fma/fma13407	1.0
http://snomed.info/id/22861002	http://purl.org/sig/ont/fma/fma37449	1.0
http://snomed.info/id/22863004	http://purl.org/sig/ont/fma/fma256399	1.0
http://snomed.info/id/22889004	http://purl.org/sig/ont/fma/fma65627	0.97144663
http://snomed.info/id/228964002	http://purl.org/sig/ont/fma/fma71424	1.0
http://snomed.info/id/229146004	http://purl.org/sig/ont/fma/fma71427	1.0
http://snomed.info/id/22919009	http://purl.org/sig/ont/fma/fma9417	0.94515294
http://snomed.info/id/2292006	http://purl.org/sig/ont/fma/fma55076	1.0
http://snomed.info/id/2302002	http://purl.org/sig/ont/fma/fma322369	0.88841355
http://snomed.info/id/2305000	http://purl.org/sig/ont/fma/fma13458	1.0
http://snomed.info/id/2306004	http://purl.org/sig/ont/fma/fma42794	1.0
http://snomed.info/id/23074001	http://purl.org/sig/ont/fma/fma49549	1.0
http://snomed.info/id/23083006	http://purl.org/sig/ont/fma/fma52899	0.94689476
http://snomed.info/id/23087007	http://purl.org/sig/ont/fma/fma22443	1.0
http://snomed.info/id/230909004	http://purl.org/sig/ont/fma/fma44595	1.0
http://snomed.info/id/231004001	http://purl.org/sig/ont/fma/fma44598	1.0
http://snomed.info/id/23153004	http://purl.org/sig/ont/fma/fma15973	1.0
http://snomed.info/id/23180006	http://purl.org/sig/ont/fma/fma9590	1.0
http://snomed.info/id/23198005	http://purl.org/sig/ont/fma/fma77165	1.0
http://snomed.info/id/23220003	http://purl.org/sig/ont/fma/fma322785	1.0
http://snomed.info/id/23224007	http://purl.org/sig/ont/fma/fma52895	1.0
http://snomed.info/id/23230007	http://purl.org/sig/ont/fma/fma15072	1.0
http://snomed.info/id/23250006	http://purl.org/sig/ont/fma/fma38524	1.0
http://snomed.info/id/23263000	http://purl.org/sig/ont/fma/fma322961	1.0
http://snomed.info/id/233006	http://purl.org/sig/ont/fma/fma16553	1.0
http://snomed.info/id/233012000	http://purl.org/sig/ont/fma/fma44266	0.93040764
http://snomed.info/id/233200006	http://purl.org/sig/ont/fma/fma76455	0.91270858
http://snomed.info/id/23326007	http://purl.org/sig/ont/fma/fma71226	1.0
http://snomed.info/id/233295006	http://purl.org/sig/ont/fma/fma71414	1.0
http://snomed.info/id/23340008	http://purl.org/sig/ont/fma/fma37650	1.0
http://snomed.info/id/233474004	http://purl.org/sig/ont/fma/fma71418	1.0
http://snomed.info/id/233566003	http://purl.org/sig/ont/fma/fma71419	1.0
http://snomed.info/id/233654001	http://purl.org/sig/ont/fma/fma71420	1.0
http://snomed.info/id/233803003	http://purl.org/sig/ont/fma/fma44490	1.0
http://snomed.info/id/233953005	http://purl.org/sig/ont/fma/fma44560	1.0
http://snomed.info/id/23409000	http://purl.org/sig/ont/fma/fma321594	1.0
http://snomed.info/id/23416004	http://purl.org/sig/ont/fma/fma34175	0.95659721
http://snomed.info/id/23438002	http://purl.org/sig/ont/fma/fma51041	1.0
http://snomed.info/id/234606004	http://purl.org/sig/ont/fma/fma37452	1.0
http://snomed.info/id/23468006	http://purl.org/sig/ont/fma/fma24503	0.9784804
http://snomed.info/id/23480003	http://purl.org/sig/ont/fma/fma322669	1.0
http://snomed.info/id/23492003	http://purl.org/sig/ont/fma/fma71875	1.0
http://snomed.info/id/235004	http://purl.org/sig/ont/fma/fma49570	1.0
http://snomed.info/id/23540009	http://purl.org/sig/ont/fma/fma51309	1.0
http://snomed.info/id/23559006	http://purl.org/sig/ont/fma/fma242825	1.0
http://snomed.info/id/23579003	http://purl.org/sig/ont/fma/fma21503	1.0
http://snomed.info/id/23591007	http://purl.org/sig/ont/fma/fma22044	1.0
http://snomed.info/id/23626002	http://purl.org/sig/ont/fma/fma321456	1.0
http://snomed.info/id/23633002	http://purl.org/sig/ont/fma/fma86333	1.0
http://snomed.info/id/23664000	http://purl.org/sig/ont/fma/fma4727	1.0
http://snomed.info/id/23668002	http://purl.org/sig/ont/fma/fma32427	1.0
http://snomed.info/id/23725009	http://purl.org/sig/ont/fma/fma38636	0.9392463
http://snomed.info/id/23747009	http://purl.org/sig/ont/fma/fma322360	0.96429271
http://snomed.info/id/23771002	http://purl.org/sig/ont/fma/fma14768	1.0
http://snomed.info/id/23792002	http://purl.org/sig/ont/fma/fma7423	1.0
http://snomed.info/id/23834006	http://purl.org/sig/ont/fma/fma13529	0.88912588
http://snomed.info/id/23848006	http://purl.org/sig/ont/fma/fma9326	0.95520866
http://snomed.info/id/23937003	http://purl.org/sig/ont/fma/fma21485	1.0
http://snomed.info/id/23938008	http://purl.org/sig/ont/fma/fma52828	1.0
http://snomed.info/id/2395005	http://purl.org/sig/ont/fma/fma49657	1.0
http://snomed.info/id/23952005	http://purl.org/sig/ont/fma/fma17739	1.0
http://snomed.info/id/23977006	http://purl.org/sig/ont/fma/fma44549	1.0
http://snomed.info/id/2402003	http://purl.org/sig/ont/fma/fma25045	1.0
http://snomed.info/id/24040007	http://purl.org/sig/ont/fma/fma58686	1.0
http://snomed.info/id/24062007	http://purl.org/sig/ont/fma/fma9758	1.0
http://snomed.info/id/24097009	http://purl.org/sig/ont/fma/fma24159	0.91984463
http://snomed.info/id/24106005	http://purl.org/sig/ont/fma/fma86274	1.0
http://snomed.info/id/24162005	http://purl.org/sig/ont/fma/fma18640	1.0
http://snomed.info/id/24166008	http://purl.org/sig/ont/fma/fma83603	0.95630288
http://snomed.info/id/24170000	http://purl.org/sig/ont/fma/fma15401	0.87583864
http://snomed.info/id/2421006	http://purl.org/sig/ont/fma/fma6966	1.0
http://snomed.info/id/24211000	http://purl.org/sig/ont/fma/fma46666	0.93488383
http://snomed.info/id/24227007	http://purl.org/sig/ont/fma/fma6246	1.0
http://snomed.info/id/24255006	http://purl.org/sig/ont/fma/fma75391	1.0
http://snomed.info/id/24287009	http://purl.org/sig/ont/fma/fma26322	1.0
http://snomed.info/id/243173004	http://purl.org/sig/ont/fma/fma44294	0.99999982
http://snomed.info/id/243553001	http://purl.org/sig/ont/fma/fma15613	1.0
http://snomed.info/id/243589009	http://purl.org/sig/ont/fma/fma15614	1.0
http://snomed.info/id/243991008	http://purl.org/sig/ont/fma/fma322264	0.97056448
http://snomed.info/id/243992001	http://purl.org/sig/ont/fma/fma20430	0.96512336
http://snomed.info/id/244079007	http://purl.org/sig/ont/fma/fma322331	1.0
http://snomed.info/id/244083007	http://purl.org/sig/ont/fma/fma323938	0.97617626
http://snomed.info/id/244087008	http://purl.org/sig/ont/fma/fma59534	0.89948827
http://snomed.info/id/244089006	http://purl.org/sig/ont/fma/fma322330	1.0
http://snomed.info/id/244099001	http://purl.org/sig/ont/fma/fma322360	1.0
http://snomed.info/id/244111001	http://purl.org/sig/ont/fma/fma23018	0.90394366
http://snomed.info/id/244128003	http://purl.org/sig/ont/fma/fma322363	1.0
http://snomed.info/id/244149002	http://purl.org/sig/ont/fma/fma322342	1.0
http://snomed.info/id/244199003	http://purl.org/sig/ont/fma/fma60348	1.0
http://snomed.info/id/244200000	http://purl.org/sig/ont/fma/fma60529	1.0
http://snomed.info/id/244216003	http://purl.org/sig/ont/fma/fma70505	1.0
http://snomed.info/id/244221000	http://purl.org/sig/ont/fma/fma49688	1.0
http://snomed.info/id/244230008	http://purl.org/sig/ont/fma/fma323489	1.0
http://snomed.info/id/244248004	http://purl.org/sig/ont/fma/fma66328	1.0
http://snomed.info/id/244257005	http://purl.org/sig/ont/fma/fma66327	1.0
http://snomed.info/id/244291009	http://purl.org/sig/ont/fma/fma69797	1.0
http://snomed.info/id/244313009	http://purl.org/sig/ont/fma/fma23179	1.0
http://snomed.info/id/24432006	http://purl.org/sig/ont/fma/fma62407	1.0
http://snomed.info/id/244331005	http://purl.org/sig/ont/fma/fma44594	0.93956983
http://snomed.info/id/244337009	http://purl.org/sig/ont/fma/fma66421	1.0
http://snomed.info/id/244396002	http://purl.org/sig/ont/fma/fma50993	0.86866486
http://snomed.info/id/244400002	http://purl.org/sig/ont/fma/fma323486	1.0
http://snomed.info/id/244428008	http://purl.org/sig/ont/fma/fma83966	0.90277642
http://snomed.info/id/244451008	http://purl.org/sig/ont/fma/fma53471	1.0
http://snomed.info/id/244453006	http://purl.org/sig/ont/fma/fma62045	1.0
http://snomed.info/id/244455004	http://purl.org/sig/ont/fma/fma5888	0.88791353
http://snomed.info/id/24446006	http://purl.org/sig/ont/fma/fma54611	1.0
http://snomed.info/id/244593006	http://purl.org/sig/ont/fma/fma13707	0.90909368
http://snomed.info/id/244594000	http://purl.org/sig/ont/fma/fma13707	0.92641532
http://snomed.info/id/244610004	http://purl.org/sig/ont/fma/fma21469	1.0
http://snomed.info/id/244616005	http://purl.org/sig/ont/fma/fma38406	1.0
http://snomed.info/id/244649001	http://purl.org/sig/ont/fma/fma44080	1.0
http://snomed.info/id/24467006	http://purl.org/sig/ont/fma/fma322880	1.0
http://snomed.info/id/244686000	http://purl.org/sig/ont/fma/fma53171	1.0
http://snomed.info/id/244724009	http://purl.org/sig/ont/fma/fma71440	1.0
http://snomed.info/id/244730009	http://purl.org/sig/ont/fma/fma314215	0.89875537
http://snomed.info/id/244738002	http://purl.org/sig/ont/fma/fma314241	0.96022648
http://snomed.info/id/24474001	http://purl.org/sig/ont/fma/fma77294	1.0
http://snomed.info/id/244742004	http://purl.org/sig/ont/fma/fma46831	0.93336207
http://snomed.info/id/244769003	http://purl.org/sig/ont/fma/fma71437	0.91493642
http://snomed.info/id/244795001	http://purl.org/sig/ont/fma/fma314341	0.93145353
http://snomed.info/id/244801005	http://purl.org/sig/ont/fma/fma46684	1.0
http://snomed.info/id/244824003	http://purl.org/sig/ont/fma/fma46290	0.94640505
http://snomed.info/id/244841001	http://purl.org/sig/ont/fma/fma47947	0.87666547
http://snomed.info/id/244862000	http://purl.org/sig/ont/fma/fma77179	0.87708974
http://snomed.info/id/244874001	http://purl.org/sig/ont/fma/fma23084	0.86894655
http://snomed.info/id/244878003	http://purl.org/sig/ont/fma/fma10477	0.95395911
http://snomed.info/id/24489005	http://purl.org/sig/ont/fma/fma16091	1.0
http://snomed.info/id/244921005	http://purl.org/sig/ont/fma/fma82353	0.91765666
http://snomed.info/id/244939001	http://purl.org/sig/ont/fma/fma323462	1.0
http://snomed.info/id/244940004	http://purl.org/sig/ont/fma/fma13332	1.0
http://snomed.info/id/244941000	http://purl.org/sig/ont/fma/fma13334	1.0
http://snomed.info/id/244942007	http://purl.org/sig/ont/fma/fma13333	1.0
http://snomed.info/id/244971008	http://purl.org/sig/ont/fma/fma297914	0.93838048
http://snomed.info/id/244976003	http://purl.org/sig/ont/fma/fma297920	0.93714416
http://snomed.info/id/245002007	http://purl.org/sig/ont/fma/fma297674	0.92082232
http://snomed.info/id/245015003	http://purl.org/sig/ont/fma/fma22437	0.88027751
http://snomed.info/id/245027000	http://purl.org/sig/ont/fma/fma22472	0.91425228
http://snomed.info/id/245051005	http://purl.org/sig/ont/fma/fma54008	1.0
http://snomed.info/id/245052003	http://purl.org/sig/ont/fma/fma54053	1.0
http://snomed.info/id/245054002	http://purl.org/sig/ont/fma/fma54068	1.0
http://snomed.info/id/245056000	http://purl.org/sig/ont/fma/fma47545	1.0
http://snomed.info/id/245063000	http://purl.org/sig/ont/fma/fma48040	1.0
http://snomed.info/id/245066008	http://purl.org/sig/ont/fma/fma48085	1.0
http://snomed.info/id/245068009	http://purl.org/sig/ont/fma/fma47890	1.0
http://snomed.info/id/245070000	http://purl.org/sig/ont/fma/fma47920	1.0
http://snomed.info/id/24507007	http://purl.org/sig/ont/fma/fma16549	1.0
http://snomed.info/id/245074009	http://purl.org/sig/ont/fma/fma47995	1.0
http://snomed.info/id/245075005	http://purl.org/sig/ont/fma/fma45816	1.0
http://snomed.info/id/245076006	http://purl.org/sig/ont/fma/fma47860	1.0
http://snomed.info/id/245082009	http://purl.org/sig/ont/fma/fma48354	1.0
http://snomed.info/id/245083004	http://purl.org/sig/ont/fma/fma48339	1.0
http://snomed.info/id/245085006	http://purl.org/sig/ont/fma/fma48399	1.0
http://snomed.info/id/245086007	http://purl.org/sig/ont/fma/fma48384	1.0
http://snomed.info/id/245087003	http://purl.org/sig/ont/fma/fma48369	1.0
http://snomed.info/id/245090009	http://purl.org/sig/ont/fma/fma48489	1.0
http://snomed.info/id/245094000	http://purl.org/sig/ont/fma/fma49310	1.0
http://snomed.info/id/245095004	http://purl.org/sig/ont/fma/fma48144	1.0
http://snomed.info/id/245102005	http://purl.org/sig/ont/fma/fma38153	1.0
http://snomed.info/id/245103000	http://purl.org/sig/ont/fma/fma63224	1.0
http://snomed.info/id/245104006	http://purl.org/sig/ont/fma/fma38436	1.0
http://snomed.info/id/245105007	http://purl.org/sig/ont/fma/fma38380	0.88611794
http://snomed.info/id/245108009	http://purl.org/sig/ont/fma/fma38549	1.0
http://snomed.info/id/245110006	http://purl.org/sig/ont/fma/fma38594	1.0
http://snomed.info/id/245111005	http://purl.org/sig/ont/fma/fma38606	1.0
http://snomed.info/id/245123004	http://purl.org/sig/ont/fma/fma40689	1.0
http://snomed.info/id/245125006	http://purl.org/sig/ont/fma/fma40719	1.0
http://snomed.info/id/245133007	http://purl.org/sig/ont/fma/fma38721	1.0
http://snomed.info/id/245136004	http://purl.org/sig/ont/fma/fma40769	1.0
http://snomed.info/id/245139006	http://purl.org/sig/ont/fma/fma40824	1.0
http://snomed.info/id/245141007	http://purl.org/sig/ont/fma/fma39266	1.0
http://snomed.info/id/245142000	http://purl.org/sig/ont/fma/fma39282	1.0
http://snomed.info/id/245147006	http://purl.org/sig/ont/fma/fma39394	1.0
http://snomed.info/id/245148001	http://purl.org/sig/ont/fma/fma39500	0.98858738
http://snomed.info/id/245150009	http://purl.org/sig/ont/fma/fma39532	0.99089086
http://snomed.info/id/245153006	http://purl.org/sig/ont/fma/fma39410	1.0
http://snomed.info/id/245154000	http://purl.org/sig/ont/fma/fma39564	1.0
http://snomed.info/id/245155004	http://purl.org/sig/ont/fma/fma39580	1.0
http://snomed.info/id/245157007	http://purl.org/sig/ont/fma/fma39612	1.0
http://snomed.info/id/245173001	http://purl.org/sig/ont/fma/fma48234	1.0
http://snomed.info/id/245176009	http://purl.org/sig/ont/fma/fma301241	1.0
http://snomed.info/id/245183002	http://purl.org/sig/ont/fma/fma46990	1.0
http://snomed.info/id/245199008	http://purl.org/sig/ont/fma/fma47155	1.0
http://snomed.info/id/245202003	http://purl.org/sig/ont/fma/fma47185	1.0
http://snomed.info/id/245213000	http://purl.org/sig/ont/fma/fma47215	1.0
http://snomed.info/id/245216008	http://purl.org/sig/ont/fma/fma223255	1.0
http://snomed.info/id/245218009	http://purl.org/sig/ont/fma/fma48819	1.0
http://snomed.info/id/245219001	http://purl.org/sig/ont/fma/fma48834	1.0
http://snomed.info/id/245220007	http://purl.org/sig/ont/fma/fma48849	1.0
http://snomed.info/id/245222004	http://purl.org/sig/ont/fma/fma47290	1.0
http://snomed.info/id/245228000	http://purl.org/sig/ont/fma/fma48909	1.0
http://snomed.info/id/245253002	http://purl.org/sig/ont/fma/fma323419	1.0
http://snomed.info/id/245256005	http://purl.org/sig/ont/fma/fma70776	1.0
http://snomed.info/id/245258006	http://purl.org/sig/ont/fma/fma71720	1.0
http://snomed.info/id/245260008	http://purl.org/sig/ont/fma/fma232838	1.0
http://snomed.info/id/245261007	http://purl.org/sig/ont/fma/fma232854	0.90276724
http://snomed.info/id/245263005	http://purl.org/sig/ont/fma/fma232854	0.9258408
http://snomed.info/id/245264004	http://purl.org/sig/ont/fma/fma323424	0.98780912
http://snomed.info/id/245265003	http://purl.org/sig/ont/fma/fma323947	1.0
http://snomed.info/id/245266002	http://purl.org/sig/ont/fma/fma71711	1.0
http://snomed.info/id/245268001	http://purl.org/sig/ont/fma/fma224576	1.0
http://snomed.info/id/245269009	http://purl.org/sig/ont/fma/fma71741	1.0
http://snomed.info/id/245271009	http://purl.org/sig/ont/fma/fma323948	1.0
http://snomed.info/id/245273007	http://purl.org/sig/ont/fma/fma323950	1.0
http://snomed.info/id/245274001	http://purl.org/sig/ont/fma/fma44312	0.94220352
http://snomed.info/id/245275000	http://purl.org/sig/ont/fma/fma233430	1.0
http://snomed.info/id/245276004	http://purl.org/sig/ont/fma/fma276755	1.0
http://snomed.info/id/245278003	http://purl.org/sig/ont/fma/fma233422	1.0
http://snomed.info/id/24528003	http://purl.org/sig/ont/fma/fma9205	1.0
http://snomed.info/id/245283006	http://purl.org/sig/ont/fma/fma71766	1.0
http://snomed.info/id/245284000	http://purl.org/sig/ont/fma/fma278485	1.0
http://snomed.info/id/245286003	http://purl.org/sig/ont/fma/fma71787	1.0
http://snomed.info/id/245288002	http://purl.org/sig/ont/fma/fma278134	1.0
http://snomed.info/id/245290001	http://purl.org/sig/ont/fma/fma71801	1.0
http://snomed.info/id/245291002	http://purl.org/sig/ont/fma/fma71813	1.0
http://snomed.info/id/245292009	http://purl.org/sig/ont/fma/fma71841	1.0
http://snomed.info/id/245294005	http://purl.org/sig/ont/fma/fma71817	1.0
http://snomed.info/id/245295006	http://purl.org/sig/ont/fma/fma71819	1.0
http://snomed.info/id/245297003	http://purl.org/sig/ont/fma/fma71822	1.0
http://snomed.info/id/245298008	http://purl.org/sig/ont/fma/fma71820	1.0
http://snomed.info/id/245299000	http://purl.org/sig/ont/fma/fma71831	1.0
http://snomed.info/id/245300008	http://purl.org/sig/ont/fma/fma71825	1.0
http://snomed.info/id/245302000	http://purl.org/sig/ont/fma/fma71826	1.0
http://snomed.info/id/245303005	http://purl.org/sig/ont/fma/fma71828	1.0
http://snomed.info/id/245304004	http://purl.org/sig/ont/fma/fma71823	1.0
http://snomed.info/id/245305003	http://purl.org/sig/ont/fma/fma71833	1.0
http://snomed.info/id/245306002	http://purl.org/sig/ont/fma/fma71834	1.0
http://snomed.info/id/245308001	http://purl.org/sig/ont/fma/fma323956	1.0
http://snomed.info/id/245310004	http://purl.org/sig/ont/fma/fma71830	1.0
http://snomed.info/id/245312007	http://purl.org/sig/ont/fma/fma71844	1.0
http://snomed.info/id/245313002	http://purl.org/sig/ont/fma/fma71845	1.0
http://snomed.info/id/245316005	http://purl.org/sig/ont/fma/fma71849	1.0
http://snomed.info/id/245317001	http://purl.org/sig/ont/fma/fma71850	1.0
http://snomed.info/id/245321008	http://purl.org/sig/ont/fma/fma323420	1.0
http://snomed.info/id/245323006	http://purl.org/sig/ont/fma/fma323421	1.0
http://snomed.info/id/245337002	http://purl.org/sig/ont/fma/fma277384	0.87269831
http://snomed.info/id/245339004	http://purl.org/sig/ont/fma/fma234392	0.88511002
http://snomed.info/id/245341003	http://purl.org/sig/ont/fma/fma5950	1.0
http://snomed.info/id/245351002	http://purl.org/sig/ont/fma/fma323954	0.95078409
http://snomed.info/id/245353004	http://purl.org/sig/ont/fma/fma12806	1.0
http://snomed.info/id/245357003	http://purl.org/sig/ont/fma/fma16654	1.0
http://snomed.info/id/245362002	http://purl.org/sig/ont/fma/fma71823	0.85509032
http://snomed.info/id/245366004	http://purl.org/sig/ont/fma/fma84597	0.97427595
http://snomed.info/id/245368003	http://purl.org/sig/ont/fma/fma16656	0.93736923
http://snomed.info/id/245371006	http://purl.org/sig/ont/fma/fma44297	0.93952137
http://snomed.info/id/245372004	http://purl.org/sig/ont/fma/fma44301	0.94065791
http://snomed.info/id/245373009	http://purl.org/sig/ont/fma/fma44302	0.90594608
http://snomed.info/id/245388004	http://purl.org/sig/ont/fma/fma323427	1.0
http://snomed.info/id/245393001	http://purl.org/sig/ont/fma/fma79878	1.0
http://snomed.info/id/245437003	http://purl.org/sig/ont/fma/fma66304	1.0
http://snomed.info/id/245459001	http://purl.org/sig/ont/fma/fma14548	0.90077537
http://snomed.info/id/245501006	http://purl.org/sig/ont/fma/fma24763	1.0
http://snomed.info/id/245515008	http://purl.org/sig/ont/fma/fma13188	0.89675343
http://snomed.info/id/245531000	http://purl.org/sig/ont/fma/fma323433	1.0
http://snomed.info/id/245534008	http://purl.org/sig/ont/fma/fma74632	0.89754295
http://snomed.info/id/245540001	http://purl.org/sig/ont/fma/fma55558	1.0
http://snomed.info/id/245542009	http://purl.org/sig/ont/fma/fma55559	1.0
http://snomed.info/id/24572000	http://purl.org/sig/ont/fma/fma16164	1.0
http://snomed.info/id/245722003	http://purl.org/sig/ont/fma/fma56492	1.0
http://snomed.info/id/245725001	http://purl.org/sig/ont/fma/fma56495	1.0
http://snomed.info/id/245730002	http://purl.org/sig/ont/fma/fma56724	0.92504948
http://snomed.info/id/245731003	http://purl.org/sig/ont/fma/fma56725	0.92672557
http://snomed.info/id/245733000	http://purl.org/sig/ont/fma/fma56728	0.88985878
http://snomed.info/id/245735007	http://purl.org/sig/ont/fma/fma56726	0.93941164
http://snomed.info/id/245736008	http://purl.org/sig/ont/fma/fma56727	0.93861985
http://snomed.info/id/245775004	http://purl.org/sig/ont/fma/fma56665	1.0
http://snomed.info/id/245832000	http://purl.org/sig/ont/fma/fma281288	0.93120557
http://snomed.info/id/245835003	http://purl.org/sig/ont/fma/fma74871	0.97399366
http://snomed.info/id/245836002	http://purl.org/sig/ont/fma/fma74872	0.9351331
http://snomed.info/id/245842003	http://purl.org/sig/ont/fma/fma59784	1.0
http://snomed.info/id/24585002	http://purl.org/sig/ont/fma/fma65290	1.0
http://snomed.info/id/245863001	http://purl.org/sig/ont/fma/fma24953	1.0
http://snomed.info/id/245864007	http://purl.org/sig/ont/fma/fma24954	1.0
http://snomed.info/id/245865008	http://purl.org/sig/ont/fma/fma24956	1.0
http://snomed.info/id/245866009	http://purl.org/sig/ont/fma/fma24957	1.0
http://snomed.info/id/245869002	http://purl.org/sig/ont/fma/fma13682	1.0
http://snomed.info/id/245870001	http://purl.org/sig/ont/fma/fma13683	1.0
http://snomed.info/id/245871002	http://purl.org/sig/ont/fma/fma13684	1.0
http://snomed.info/id/245872009	http://purl.org/sig/ont/fma/fma13685	1.0
http://snomed.info/id/245873004	http://purl.org/sig/ont/fma/fma13686	1.0
http://snomed.info/id/245874005	http://purl.org/sig/ont/fma/fma13687	1.0
http://snomed.info/id/245875006	http://purl.org/sig/ont/fma/fma13688	1.0
http://snomed.info/id/245876007	http://purl.org/sig/ont/fma/fma13689	1.0
http://snomed.info/id/245878008	http://purl.org/sig/ont/fma/fma13691	1.0
http://snomed.info/id/245879000	http://purl.org/sig/ont/fma/fma13692	1.0
http://snomed.info/id/245884006	http://purl.org/sig/ont/fma/fma16047	1.0
http://snomed.info/id/245886008	http://purl.org/sig/ont/fma/fma24951	0.90072906
http://snomed.info/id/245887004	http://purl.org/sig/ont/fma/fma13681	0.87699097
http://snomed.info/id/245928007	http://purl.org/sig/ont/fma/fma44684	1.0
http://snomed.info/id/245951007	http://purl.org/sig/ont/fma/fma13708	1.0
http://snomed.info/id/245953005	http://purl.org/sig/ont/fma/fma13710	1.0
http://snomed.info/id/245954004	http://purl.org/sig/ont/fma/fma13711	1.0
http://snomed.info/id/245956002	http://purl.org/sig/ont/fma/fma13713	1.0
http://snomed.info/id/245957006	http://purl.org/sig/ont/fma/fma13714	1.0
http://snomed.info/id/245959009	http://purl.org/sig/ont/fma/fma13716	1.0
http://snomed.info/id/245960004	http://purl.org/sig/ont/fma/fma13717	1.0
http://snomed.info/id/245961000	http://purl.org/sig/ont/fma/fma13718	1.0
http://snomed.info/id/245962007	http://purl.org/sig/ont/fma/fma16054	1.0
http://snomed.info/id/245963002	http://purl.org/sig/ont/fma/fma16055	1.0
http://snomed.info/id/245965009	http://purl.org/sig/ont/fma/fma16057	1.0
http://snomed.info/id/245998004	http://purl.org/sig/ont/fma/fma32528	1.0
http://snomed.info/id/246011001	http://purl.org/sig/ont/fma/fma22847	0.92500865
http://snomed.info/id/246015005	http://purl.org/sig/ont/fma/fma81599	0.86428529
http://snomed.info/id/246017002	http://purl.org/sig/ont/fma/fma22893	0.85938209
http://snomed.info/id/246021009	http://purl.org/sig/ont/fma/fma22844	0.92126822
http://snomed.info/id/246022002	http://purl.org/sig/ont/fma/fma22844	0.88666511
http://snomed.info/id/246023007	http://purl.org/sig/ont/fma/fma22844	0.86824226
http://snomed.info/id/246024001	http://purl.org/sig/ont/fma/fma81613	0.85840327
http://snomed.info/id/246180009	http://purl.org/sig/ont/fma/fma15616	1.0
http://snomed.info/id/246279002	http://purl.org/sig/ont/fma/fma15617	1.0
http://snomed.info/id/24635003	http://purl.org/sig/ont/fma/fma35489	1.0
http://snomed.info/id/246377003	http://purl.org/sig/ont/fma/fma15619	1.0
http://snomed.info/id/24639009	http://purl.org/sig/ont/fma/fma77578	1.0
http://snomed.info/id/246473003	http://purl.org/sig/ont/fma/fma15618	1.0
http://snomed.info/id/247005	http://purl.org/sig/ont/fma/fma323079	1.0
http://snomed.info/id/24765004	http://purl.org/sig/ont/fma/fma12920	0.92576331
http://snomed.info/id/24783007	http://purl.org/sig/ont/fma/fma55112	1.0
http://snomed.info/id/24785000	http://purl.org/sig/ont/fma/fma317899	0.95302403
http://snomed.info/id/24796008	http://purl.org/sig/ont/fma/fma22709	1.0
http://snomed.info/id/2484000	http://purl.org/sig/ont/fma/fma322810	0.98675931
http://snomed.info/id/248547004	http://purl.org/sig/ont/fma/fma15398	1.0
http://snomed.info/id/24865005	http://purl.org/sig/ont/fma/fma3764	1.0
http://snomed.info/id/248889002	http://purl.org/sig/ont/fma/fma14343	1.0
http://snomed.info/id/24889003	http://purl.org/sig/ont/fma/fma12802	1.0
http://snomed.info/id/24924006	http://purl.org/sig/ont/fma/fma9613	1.0
http://snomed.info/id/24937009	http://purl.org/sig/ont/fma/fma49037	1.0
http://snomed.info/id/24941008	http://purl.org/sig/ont/fma/fma18658	1.0
http://snomed.info/id/24949005	http://purl.org/sig/ont/fma/fma9868	1.0
http://snomed.info/id/24960001	http://purl.org/sig/ont/fma/fma42800	1.0
http://snomed.info/id/24973002	http://purl.org/sig/ont/fma/fma20188	1.0
http://snomed.info/id/24981001	http://purl.org/sig/ont/fma/fma21536	1.0
http://snomed.info/id/2504000	http://purl.org/sig/ont/fma/fma21540	1.0
http://snomed.info/id/250930003	http://purl.org/sig/ont/fma/fma15906	1.0
http://snomed.info/id/251028007	http://purl.org/sig/ont/fma/fma15907	1.0
http://snomed.info/id/25144009	http://purl.org/sig/ont/fma/fma7399	1.0
http://snomed.info/id/251597001	http://purl.org/sig/ont/fma/fma19578	1.0
http://snomed.info/id/251695000	http://purl.org/sig/ont/fma/fma19579	1.0
http://snomed.info/id/25181008	http://purl.org/sig/ont/fma/fma24245	1.0
http://snomed.info/id/25182001	http://purl.org/sig/ont/fma/fma19669	0.97269636
http://snomed.info/id/25221002	http://purl.org/sig/ont/fma/fma62434	1.0
http://snomed.info/id/25230005	http://purl.org/sig/ont/fma/fma54841	1.0
http://snomed.info/id/25238003	http://purl.org/sig/ont/fma/fma5865	1.0
http://snomed.info/id/25247006	http://purl.org/sig/ont/fma/fma61219	1.0
http://snomed.info/id/25281000	http://purl.org/sig/ont/fma/fma70942	0.9188773
http://snomed.info/id/25308007	http://purl.org/sig/ont/fma/fma15571	1.0
http://snomed.info/id/25373004	http://purl.org/sig/ont/fma/fma7250	1.0
http://snomed.info/id/2539000	http://purl.org/sig/ont/fma/fma14832	1.0
http://snomed.info/id/2543001	http://purl.org/sig/ont/fma/fma322709	1.0
http://snomed.info/id/25447008	http://purl.org/sig/ont/fma/fma5947	1.0
http://snomed.info/id/2550002	http://purl.org/sig/ont/fma/fma40390	0.98980772
http://snomed.info/id/25516004	http://purl.org/sig/ont/fma/fma52871	1.0
http://snomed.info/id/25518003	http://purl.org/sig/ont/fma/fma45072	0.94787979
http://snomed.info/id/25527002	http://purl.org/sig/ont/fma/fma4944	1.0
http://snomed.info/id/25541006	http://purl.org/sig/ont/fma/fma38515	1.0
http://snomed.info/id/25561000	http://purl.org/sig/ont/fma/fma72477	1.0
http://snomed.info/id/25568006	http://purl.org/sig/ont/fma/fma13498	0.85490572
http://snomed.info/id/25577004	http://purl.org/sig/ont/fma/fma53641	1.0
http://snomed.info/id/25593008	http://purl.org/sig/ont/fma/fma22543	1.0
http://snomed.info/id/25614005	http://purl.org/sig/ont/fma/fma60884	0.91031092
http://snomed.info/id/25640004	http://purl.org/sig/ont/fma/fma15904	1.0
http://snomed.info/id/256664006	http://purl.org/sig/ont/fma/fma19941	1.0
http://snomed.info/id/25683005	http://purl.org/sig/ont/fma/fma61237	1.0
http://snomed.info/id/256876008	http://purl.org/sig/ont/fma/fma7199	0.85952133
http://snomed.info/id/256885008	http://purl.org/sig/ont/fma/fma55670	1.0
http://snomed.info/id/256925006	http://purl.org/sig/ont/fma/fma59652	1.0
http://snomed.info/id/2577006	http://purl.org/sig/ont/fma/fma43882	1.0
http://snomed.info/id/25794004	http://purl.org/sig/ont/fma/fma13342	1.0
http://snomed.info/id/25866004	http://purl.org/sig/ont/fma/fma74891	1.0
http://snomed.info/id/25872004	http://purl.org/sig/ont/fma/fma37457	1.0
http://snomed.info/id/25885001	http://purl.org/sig/ont/fma/fma77381	1.0
http://snomed.info/id/25908000	http://purl.org/sig/ont/fma/fma256524	0.95656359
http://snomed.info/id/25930004	http://purl.org/sig/ont/fma/fma59799	1.0
http://snomed.info/id/259343000	http://purl.org/sig/ont/fma/fma14347	1.0
http://snomed.info/id/259368003	http://purl.org/sig/ont/fma/fma14342	1.0
http://snomed.info/id/25949000	http://purl.org/sig/ont/fma/fma72437	1.0
http://snomed.info/id/25968002	http://purl.org/sig/ont/fma/fma61037	1.0
http://snomed.info/id/25990002	http://purl.org/sig/ont/fma/fma15575	1.0
http://snomed.info/id/2600000	http://purl.org/sig/ont/fma/fma38481	0.91858572
http://snomed.info/id/261078007	http://purl.org/sig/ont/fma/fma321912	0.95161009
http://snomed.info/id/261093006	http://purl.org/sig/ont/fma/fma7199	0.92130703
http://snomed.info/id/261103000	http://purl.org/sig/ont/fma/fma7207	0.95385033
http://snomed.info/id/261114002	http://purl.org/sig/ont/fma/fma286121	0.87188739
http://snomed.info/id/26140008	http://purl.org/sig/ont/fma/fma55022	0.93134028
http://snomed.info/id/261403006	http://purl.org/sig/ont/fma/fma3969	1.0
http://snomed.info/id/26193009	http://purl.org/sig/ont/fma/fma72243	1.0
http://snomed.info/id/2620004	http://purl.org/sig/ont/fma/fma13500	0.900958
http://snomed.info/id/262018003	http://purl.org/sig/ont/fma/fma15820	1.0
http://snomed.info/id/26204002	http://purl.org/sig/ont/fma/fma21162	1.0
http://snomed.info/id/26230003	http://purl.org/sig/ont/fma/fma77636	1.0
http://snomed.info/id/263002	http://purl.org/sig/ont/fma/fma5860	1.0
http://snomed.info/id/26324000	http://purl.org/sig/ont/fma/fma8666	1.0
http://snomed.info/id/26331001	http://purl.org/sig/ont/fma/fma76826	1.0
http://snomed.info/id/263345002	http://purl.org/sig/ont/fma/fma59588	1.0
http://snomed.info/id/263346001	http://purl.org/sig/ont/fma/fma59589	1.0
http://snomed.info/id/263355003	http://purl.org/sig/ont/fma/fma19971	1.0
http://snomed.info/id/263356002	http://purl.org/sig/ont/fma/fma20074	1.0
http://snomed.info/id/263412001	http://purl.org/sig/ont/fma/fma37499	1.0
http://snomed.info/id/263413006	http://purl.org/sig/ont/fma/fma37511	1.0
http://snomed.info/id/263416003	http://purl.org/sig/ont/fma/fma37557	1.0
http://snomed.info/id/263417007	http://purl.org/sig/ont/fma/fma37569	1.0
http://snomed.info/id/263418002	http://purl.org/sig/ont/fma/fma37581	1.0
http://snomed.info/id/263419005	http://purl.org/sig/ont/fma/fma37593	1.0
http://snomed.info/id/263424008	http://purl.org/sig/ont/fma/fma37615	1.0
http://snomed.info/id/263425009	http://purl.org/sig/ont/fma/fma37627	1.0
http://snomed.info/id/263426005	http://purl.org/sig/ont/fma/fma37639	1.0
http://snomed.info/id/263428006	http://purl.org/sig/ont/fma/fma37502	1.0
http://snomed.info/id/263429003	http://purl.org/sig/ont/fma/fma37514	1.0
http://snomed.info/id/263430008	http://purl.org/sig/ont/fma/fma37526	1.0
http://snomed.info/id/263431007	http://purl.org/sig/ont/fma/fma37538	1.0
http://snomed.info/id/263432000	http://purl.org/sig/ont/fma/fma37560	1.0
http://snomed.info/id/263433005	http://purl.org/sig/ont/fma/fma37572	1.0
http://snomed.info/id/263441005	http://purl.org/sig/ont/fma/fma37618	1.0
http://snomed.info/id/263442003	http://purl.org/sig/ont/fma/fma37630	1.0
http://snomed.info/id/263443008	http://purl.org/sig/ont/fma/fma37642	1.0
http://snomed.info/id/263445001	http://purl.org/sig/ont/fma/fma37505	1.0
http://snomed.info/id/263446000	http://purl.org/sig/ont/fma/fma37517	1.0
http://snomed.info/id/263447009	http://purl.org/sig/ont/fma/fma37529	1.0
http://snomed.info/id/263449007	http://purl.org/sig/ont/fma/fma37563	1.0
http://snomed.info/id/263452004	http://purl.org/sig/ont/fma/fma37599	1.0
http://snomed.info/id/263457005	http://purl.org/sig/ont/fma/fma37621	1.0
http://snomed.info/id/263459008	http://purl.org/sig/ont/fma/fma37645	1.0
http://snomed.info/id/263460003	http://purl.org/sig/ont/fma/fma37657	1.0
http://snomed.info/id/26356007	http://purl.org/sig/ont/fma/fma61854	1.0
http://snomed.info/id/26359000	http://purl.org/sig/ont/fma/fma31723	1.0
http://snomed.info/id/263847000	http://purl.org/sig/ont/fma/fma66806	0.92106664
http://snomed.info/id/264016003	http://purl.org/sig/ont/fma/fma276990	0.94736588
http://snomed.info/id/264044002	http://purl.org/sig/ont/fma/fma321651	0.90236187
http://snomed.info/id/264105008	http://purl.org/sig/ont/fma/fma322844	0.88346481
http://snomed.info/id/264191007	http://purl.org/sig/ont/fma/fma18252	0.95163625
http://snomed.info/id/264198001	http://purl.org/sig/ont/fma/fma5883	1.0
http://snomed.info/id/264254009	http://purl.org/sig/ont/fma/fma17886	0.95172429
http://snomed.info/id/264438009	http://purl.org/sig/ont/fma/fma20829	0.98248643
http://snomed.info/id/26444007	http://purl.org/sig/ont/fma/fma23217	1.0
http://snomed.info/id/26461005	http://purl.org/sig/ont/fma/fma322664	0.98106128
http://snomed.info/id/26519002	http://purl.org/sig/ont/fma/fma62004	1.0
http://snomed.info/id/26596008	http://purl.org/sig/ont/fma/fma55314	1.0
http://snomed.info/id/26607000	http://purl.org/sig/ont/fma/fma9959	1.0
http://snomed.info/id/26641008	http://purl.org/sig/ont/fma/fma76901	1.0
http://snomed.info/id/2666009	http://purl.org/sig/ont/fma/fma22830	1.0
http://snomed.info/id/26691007	http://purl.org/sig/ont/fma/fma15909	1.0
http://snomed.info/id/26701009	http://purl.org/sig/ont/fma/fma77581	1.0
http://snomed.info/id/26703007	http://purl.org/sig/ont/fma/fma44331	1.0
http://snomed.info/id/267190001	http://purl.org/sig/ont/fma/fma15054	1.0
http://snomed.info/id/26805005	http://purl.org/sig/ont/fma/fma44333	1.0
http://snomed.info/id/26818002	http://purl.org/sig/ont/fma/fma22834	1.0
http://snomed.info/id/2682005	http://purl.org/sig/ont/fma/fma15928	1.0
http://snomed.info/id/2686008	http://purl.org/sig/ont/fma/fma74509	1.0
http://snomed.info/id/26907003	http://purl.org/sig/ont/fma/fma52600	1.0
http://snomed.info/id/26910005	http://purl.org/sig/ont/fma/fma76966	0.90624565
http://snomed.info/id/26921001	http://purl.org/sig/ont/fma/fma19933	1.0
http://snomed.info/id/26928007	http://purl.org/sig/ont/fma/fma13364	1.0
http://snomed.info/id/269447003	http://purl.org/sig/ont/fma/fma76902	0.97267032
http://snomed.info/id/269522003	http://purl.org/sig/ont/fma/fma76903	0.97877127
http://snomed.info/id/26972005	http://purl.org/sig/ont/fma/fma242199	1.0
http://snomed.info/id/26980003	http://purl.org/sig/ont/fma/fma19083	1.0
http://snomed.info/id/26991005	http://purl.org/sig/ont/fma/fma16080	1.0
http://snomed.info/id/27022003	http://purl.org/sig/ont/fma/fma53601	0.9814477
http://snomed.info/id/27055008	http://purl.org/sig/ont/fma/fma7240	1.0
http://snomed.info/id/27098007	http://purl.org/sig/ont/fma/fma323363	1.00000024
http://snomed.info/id/27154009	http://purl.org/sig/ont/fma/fma321998	1.0
http://snomed.info/id/27155005	http://purl.org/sig/ont/fma/fma78463	1.0
http://snomed.info/id/27175001	http://purl.org/sig/ont/fma/fma14758	1.0
http://snomed.info/id/2718005	http://purl.org/sig/ont/fma/fma57159	0.95985442
http://snomed.info/id/271942000	http://purl.org/sig/ont/fma/fma17543	1.0
http://snomed.info/id/272005	http://purl.org/sig/ont/fma/fma16126	1.0
http://snomed.info/id/27263004	http://purl.org/sig/ont/fma/fma42960	1.0
http://snomed.info/id/272633006	http://purl.org/sig/ont/fma/fma76790	0.93792331
http://snomed.info/id/272638002	http://purl.org/sig/ont/fma/fma37319	0.9634915
http://snomed.info/id/272641006	http://purl.org/sig/ont/fma/fma44947	0.96447289
http://snomed.info/id/272657006	http://purl.org/sig/ont/fma/fma7274	1.0
http://snomed.info/id/272673000	http://purl.org/sig/ont/fma/fma30317	1.0
http://snomed.info/id/272686009	http://purl.org/sig/ont/fma/fma317481	0.92735535
http://snomed.info/id/272689002	http://purl.org/sig/ont/fma/fma323911	1.0
http://snomed.info/id/272693008	http://purl.org/sig/ont/fma/fma321693	1.0
http://snomed.info/id/272704004	http://purl.org/sig/ont/fma/fma226482	1.0
http://snomed.info/id/272705003	http://purl.org/sig/ont/fma/fma226700	1.0
http://snomed.info/id/272707006	http://purl.org/sig/ont/fma/fma226577	1.0
http://snomed.info/id/272720009	http://purl.org/sig/ont/fma/fma33830	0.9059183
http://snomed.info/id/272723006	http://purl.org/sig/ont/fma/fma300542	0.94851118
http://snomed.info/id/272724000	http://purl.org/sig/ont/fma/fma321551	0.94801497
http://snomed.info/id/27295003	http://purl.org/sig/ont/fma/fma83531	1.0
http://snomed.info/id/273099000	http://purl.org/sig/ont/fma/fma14340	1.0
http://snomed.info/id/273202007	http://purl.org/sig/ont/fma/fma14339	1.0
http://snomed.info/id/27376008	http://purl.org/sig/ont/fma/fma323085	1.0
http://snomed.info/id/2739003	http://purl.org/sig/ont/fma/fma18111	0.93828952
http://snomed.info/id/27398004	http://purl.org/sig/ont/fma/fma14650	1.0
http://snomed.info/id/27403003	http://purl.org/sig/ont/fma/fma321454	1.0
http://snomed.info/id/2741002	http://purl.org/sig/ont/fma/fma275191	1.0
http://snomed.info/id/274143007	http://purl.org/sig/ont/fma/fma70496	1.0
http://snomed.info/id/27416003	http://purl.org/sig/ont/fma/fma9736	1.0
http://snomed.info/id/274231001	http://purl.org/sig/ont/fma/fma70497	0.98149651
http://snomed.info/id/274329007	http://purl.org/sig/ont/fma/fma70498	1.0
http://snomed.info/id/27442003	http://purl.org/sig/ont/fma/fma234920	0.98244572
http://snomed.info/id/274522002	http://purl.org/sig/ont/fma/fma322934	1.0
http://snomed.info/id/27456001	http://purl.org/sig/ont/fma/fma19403	1.0
http://snomed.info/id/2746007	http://purl.org/sig/ont/fma/fma14911	1.0
http://snomed.info/id/274624008	http://purl.org/sig/ont/fma/fma322935	1.0
http://snomed.info/id/27474005	http://purl.org/sig/ont/fma/fma321445	1.0
http://snomed.info/id/275208009	http://purl.org/sig/ont/fma/fma14752	1.0
http://snomed.info/id/275309004	http://purl.org/sig/ont/fma/fma14753	1.0
http://snomed.info/id/275809009	http://purl.org/sig/ont/fma/fma14336	1.0
http://snomed.info/id/27589003	http://purl.org/sig/ont/fma/fma7365	1.0
http://snomed.info/id/2759004	http://purl.org/sig/ont/fma/fma59154	1.0
http://snomed.info/id/275910003	http://purl.org/sig/ont/fma/fma14335	1.0
http://snomed.info/id/276115001	http://purl.org/sig/ont/fma/fma272201	0.97961998
http://snomed.info/id/27612005	http://purl.org/sig/ont/fma/fma50866	1.0
http://snomed.info/id/276193009	http://purl.org/sig/ont/fma/fma321527	1.0
http://snomed.info/id/27665003	http://purl.org/sig/ont/fma/fma44878	0.94815785
http://snomed.info/id/276831007	http://purl.org/sig/ont/fma/fma59016	1.0
http://snomed.info/id/276956002	http://purl.org/sig/ont/fma/fma15850	1.0
http://snomed.info/id/27714004	http://purl.org/sig/ont/fma/fma70108	1.0
http://snomed.info/id/27722006	http://purl.org/sig/ont/fma/fma20019	1.0
http://snomed.info/id/27738000	http://purl.org/sig/ont/fma/fma323380	1.0
http://snomed.info/id/277715003	http://purl.org/sig/ont/fma/fma9552	1.0
http://snomed.info/id/277868004	http://purl.org/sig/ont/fma/fma19779	1.0
http://snomed.info/id/27788008	http://purl.org/sig/ont/fma/fma323012	1.0
http://snomed.info/id/277955006	http://purl.org/sig/ont/fma/fma72263	0.90820038
http://snomed.info/id/277956007	http://purl.org/sig/ont/fma/fma15739	1.0
http://snomed.info/id/277958008	http://purl.org/sig/ont/fma/fma15742	1.0
http://snomed.info/id/277960005	http://purl.org/sig/ont/fma/fma15744	1.0
http://snomed.info/id/277961009	http://purl.org/sig/ont/fma/fma15745	1.0
http://snomed.info/id/277962002	http://purl.org/sig/ont/fma/fma15746	1.0
http://snomed.info/id/27807007	http://purl.org/sig/ont/fma/fma23616	1.0
http://snomed.info/id/278187006	http://purl.org/sig/ont/fma/fma42167	0.99339837
http://snomed.info/id/278325008	http://purl.org/sig/ont/fma/fma6005	1.0
http://snomed.info/id/278326009	http://purl.org/sig/ont/fma/fma6006	1.0
http://snomed.info/id/278327000	http://purl.org/sig/ont/fma/fma6007	1.0
http://snomed.info/id/278330007	http://purl.org/sig/ont/fma/fma6315	0.87756515
http://snomed.info/id/27833004	http://purl.org/sig/ont/fma/fma46822	1.0
http://snomed.info/id/278335002	http://purl.org/sig/ont/fma/fma6327	0.89115059
http://snomed.info/id/278336001	http://purl.org/sig/ont/fma/fma6328	0.89482129
http://snomed.info/id/278337005	http://purl.org/sig/ont/fma/fma6321	0.88157129
http://snomed.info/id/278339008	http://purl.org/sig/ont/fma/fma6323	0.8790195
http://snomed.info/id/278342002	http://purl.org/sig/ont/fma/fma6326	0.89240664
http://snomed.info/id/278343007	http://purl.org/sig/ont/fma/fma6327	0.89259797
http://snomed.info/id/278344001	http://purl.org/sig/ont/fma/fma6328	0.87314361
http://snomed.info/id/278345000	http://purl.org/sig/ont/fma/fma6482	0.85457635
http://snomed.info/id/278349006	http://purl.org/sig/ont/fma/fma6540	0.8629775
http://snomed.info/id/278351005	http://purl.org/sig/ont/fma/fma6542	0.9128437
http://snomed.info/id/278353008	http://purl.org/sig/ont/fma/fma6339	0.90723181
http://snomed.info/id/278355001	http://purl.org/sig/ont/fma/fma6553	0.85015857
http://snomed.info/id/27841004	http://purl.org/sig/ont/fma/fma19039	1.0
http://snomed.info/id/278748001	http://purl.org/sig/ont/fma/fma62420	1.0
http://snomed.info/id/278749009	http://purl.org/sig/ont/fma/fma71166	1.0
http://snomed.info/id/278789003	http://purl.org/sig/ont/fma/fma16428	1.0
http://snomed.info/id/278790007	http://purl.org/sig/ont/fma/fma65360	1.0
http://snomed.info/id/278843004	http://purl.org/sig/ont/fma/fma255834	0.90063167
http://snomed.info/id/27887005	http://purl.org/sig/ont/fma/fma322532	0.94461751
http://snomed.info/id/278885000	http://purl.org/sig/ont/fma/fma65244	1.0
http://snomed.info/id/278888003	http://purl.org/sig/ont/fma/fma65243	1.0
http://snomed.info/id/278890002	http://purl.org/sig/ont/fma/fma288535	0.91938931
http://snomed.info/id/278893000	http://purl.org/sig/ont/fma/fma65307	1.0
http://snomed.info/id/279092000	http://purl.org/sig/ont/fma/fma66162	1.0
http://snomed.info/id/279128007	http://purl.org/sig/ont/fma/fma62142	0.87904465
http://snomed.info/id/279133006	http://purl.org/sig/ont/fma/fma9585	1.0
http://snomed.info/id/279137007	http://purl.org/sig/ont/fma/fma12765	1.0
http://snomed.info/id/279138002	http://purl.org/sig/ont/fma/fma5842	1.0
http://snomed.info/id/279141006	http://purl.org/sig/ont/fma/fma61217	1.0
http://snomed.info/id/279142004	http://purl.org/sig/ont/fma/fma61218	1.0
http://snomed.info/id/279143009	http://purl.org/sig/ont/fma/fma61215	1.0
http://snomed.info/id/279146001	http://purl.org/sig/ont/fma/fma84347	0.90841573
http://snomed.info/id/279150008	http://purl.org/sig/ont/fma/fma62166	0.87705356
http://snomed.info/id/279152000	http://purl.org/sig/ont/fma/fma62172	0.86130065
http://snomed.info/id/279165009	http://purl.org/sig/ont/fma/fma83874	1.0
http://snomed.info/id/279172005	http://purl.org/sig/ont/fma/fma273103	1.0
http://snomed.info/id/279173000	http://purl.org/sig/ont/fma/fma274518	0.91462976
http://snomed.info/id/279176008	http://purl.org/sig/ont/fma/fma274520	0.90711582
http://snomed.info/id/279177004	http://purl.org/sig/ont/fma/fma274522	0.92557794
http://snomed.info/id/279179001	http://purl.org/sig/ont/fma/fma274723	0.87846971
http://snomed.info/id/279181004	http://purl.org/sig/ont/fma/fma61913	0.91692847
http://snomed.info/id/279189002	http://purl.org/sig/ont/fma/fma16645	0.86240208
http://snomed.info/id/27919003	http://purl.org/sig/ont/fma/fma52850	1.0
http://snomed.info/id/279192003	http://purl.org/sig/ont/fma/fma70709	0.86658019
http://snomed.info/id/279195001	http://purl.org/sig/ont/fma/fma62418	1.0
http://snomed.info/id/279209006	http://purl.org/sig/ont/fma/fma275048	1.0
http://snomed.info/id/279213004	http://purl.org/sig/ont/fma/fma274975	0.94595498
http://snomed.info/id/279215006	http://purl.org/sig/ont/fma/fma72719	1.0
http://snomed.info/id/279220006	http://purl.org/sig/ont/fma/fma321695	1.0
http://snomed.info/id/279258005	http://purl.org/sig/ont/fma/fma242178	0.90036523
http://snomed.info/id/279271008	http://purl.org/sig/ont/fma/fma16651	1.0
http://snomed.info/id/279276003	http://purl.org/sig/ont/fma/fma77589	1.0
http://snomed.info/id/279300007	http://purl.org/sig/ont/fma/fma61959	1.0
http://snomed.info/id/279306001	http://purl.org/sig/ont/fma/fma74877	0.88183051
http://snomed.info/id/279316009	http://purl.org/sig/ont/fma/fma7233	0.88231528
http://snomed.info/id/279365004	http://purl.org/sig/ont/fma/fma282233	0.85452491
http://snomed.info/id/279383007	http://purl.org/sig/ont/fma/fma256416	0.87503844
http://snomed.info/id/279413002	http://purl.org/sig/ont/fma/fma67990	1.0
http://snomed.info/id/279415009	http://purl.org/sig/ont/fma/fma67992	1.0
http://snomed.info/id/279416005	http://purl.org/sig/ont/fma/fma63193	1.0
http://snomed.info/id/279424000	http://purl.org/sig/ont/fma/fma19113	1.0
http://snomed.info/id/279433003	http://purl.org/sig/ont/fma/fma19672	0.86918443
http://snomed.info/id/279443000	http://purl.org/sig/ont/fma/fma72610	0.87358475
http://snomed.info/id/279470007	http://purl.org/sig/ont/fma/fma85270	1.0
http://snomed.info/id/279474003	http://purl.org/sig/ont/fma/fma19676	1.0
http://snomed.info/id/279475002	http://purl.org/sig/ont/fma/fma19780	1.0
http://snomed.info/id/279508004	http://purl.org/sig/ont/fma/fma55131	1.0
http://snomed.info/id/279509007	http://purl.org/sig/ont/fma/fma55213	0.88130647
http://snomed.info/id/279550004	http://purl.org/sig/ont/fma/fma54921	0.96096247
http://snomed.info/id/279557001	http://purl.org/sig/ont/fma/fma72058	0.96424305
http://snomed.info/id/279559003	http://purl.org/sig/ont/fma/fma55237	1.0
http://snomed.info/id/279560008	http://purl.org/sig/ont/fma/fma55238	1.0
http://snomed.info/id/279567006	http://purl.org/sig/ont/fma/fma55038	1.0
http://snomed.info/id/279674007	http://purl.org/sig/ont/fma/fma19393	1.0
http://snomed.info/id/279686005	http://purl.org/sig/ont/fma/fma74196	1.0
http://snomed.info/id/279716006	http://purl.org/sig/ont/fma/fma19651	1.0
http://snomed.info/id/279726004	http://purl.org/sig/ont/fma/fma60186	1.0
http://snomed.info/id/279730001	http://purl.org/sig/ont/fma/fma77742	1.0
http://snomed.info/id/279750002	http://purl.org/sig/ont/fma/fma61232	0.93783855
http://snomed.info/id/279765001	http://purl.org/sig/ont/fma/fma60216	1.0
http://snomed.info/id/279766000	http://purl.org/sig/ont/fma/fma60210	1.0
http://snomed.info/id/279768004	http://purl.org/sig/ont/fma/fma56958	1.0
http://snomed.info/id/279795009	http://purl.org/sig/ont/fma/fma12795	0.91817343
http://snomed.info/id/279798006	http://purl.org/sig/ont/fma/fma71835	1.0
http://snomed.info/id/279800004	http://purl.org/sig/ont/fma/fma71785	1.0
http://snomed.info/id/279801000	http://purl.org/sig/ont/fma/fma321478	1.0
http://snomed.info/id/279804008	http://purl.org/sig/ont/fma/fma71851	1.0
http://snomed.info/id/279806005	http://purl.org/sig/ont/fma/fma71748	1.0
http://snomed.info/id/279807001	http://purl.org/sig/ont/fma/fma323958	1.0
http://snomed.info/id/279809003	http://purl.org/sig/ont/fma/fma44316	0.88812518
http://snomed.info/id/279814004	http://purl.org/sig/ont/fma/fma233091	1.0
http://snomed.info/id/279816002	http://purl.org/sig/ont/fma/fma71769	1.0
http://snomed.info/id/279818001	http://purl.org/sig/ont/fma/fma71730	1.0
http://snomed.info/id/279843007	http://purl.org/sig/ont/fma/fma77833	0.99733186
http://snomed.info/id/279866008	http://purl.org/sig/ont/fma/fma12803	1.0
http://snomed.info/id/279867004	http://purl.org/sig/ont/fma/fma20404	1.0
http://snomed.info/id/27988004	http://purl.org/sig/ont/fma/fma49879	1.0
http://snomed.info/id/279887003	http://purl.org/sig/ont/fma/fma322145	1.0
http://snomed.info/id/279888008	http://purl.org/sig/ont/fma/fma19113	1.0
http://snomed.info/id/279923002	http://purl.org/sig/ont/fma/fma321845	1.0
http://snomed.info/id/279969002	http://purl.org/sig/ont/fma/fma15824	0.90130728
http://snomed.info/id/280012003	http://purl.org/sig/ont/fma/fma32826	0.91753519
http://snomed.info/id/280017009	http://purl.org/sig/ont/fma/fma35474	0.94372916
http://snomed.info/id/280028008	http://purl.org/sig/ont/fma/fma32825	0.92258286
http://snomed.info/id/280033007	http://purl.org/sig/ont/fma/fma322138	1.0
http://snomed.info/id/280042000	http://purl.org/sig/ont/fma/fma322137	0.99999994
http://snomed.info/id/280043005	http://purl.org/sig/ont/fma/fma322136	0.99999982
http://snomed.info/id/280044004	http://purl.org/sig/ont/fma/fma321971	1.0
http://snomed.info/id/280045003	http://purl.org/sig/ont/fma/fma321972	1.0
http://snomed.info/id/280046002	http://purl.org/sig/ont/fma/fma321561	0.99999952
http://snomed.info/id/280049009	http://purl.org/sig/ont/fma/fma322135	1.00000024
http://snomed.info/id/280056003	http://purl.org/sig/ont/fma/fma58335	1.0
http://snomed.info/id/280057007	http://purl.org/sig/ont/fma/fma58333	1.0
http://snomed.info/id/280087001	http://purl.org/sig/ont/fma/fma71193	0.966856
http://snomed.info/id/280112001	http://purl.org/sig/ont/fma/fma21166	1.0
http://snomed.info/id/280119005	http://purl.org/sig/ont/fma/fma322099	0.94371128
http://snomed.info/id/280120004	http://purl.org/sig/ont/fma/fma322379	0.96212232
http://snomed.info/id/280158000	http://purl.org/sig/ont/fma/fma322291	0.985533
http://snomed.info/id/280175006	http://purl.org/sig/ont/fma/fma54608	1.0
http://snomed.info/id/280185007	http://purl.org/sig/ont/fma/fma52610	1.0
http://snomed.info/id/280186008	http://purl.org/sig/ont/fma/fma53418	1.0
http://snomed.info/id/280189001	http://purl.org/sig/ont/fma/fma52610	0.89028627
http://snomed.info/id/280195000	http://purl.org/sig/ont/fma/fma53471	0.87532949
http://snomed.info/id/280205004	http://purl.org/sig/ont/fma/fma52581	0.89572585
http://snomed.info/id/280206003	http://purl.org/sig/ont/fma/fma52597	0.91481751
http://snomed.info/id/280217002	http://purl.org/sig/ont/fma/fma52624	1.0
http://snomed.info/id/280228003	http://purl.org/sig/ont/fma/fma52691	1.0
http://snomed.info/id/280231002	http://purl.org/sig/ont/fma/fma52727	1.0
http://snomed.info/id/280232009	http://purl.org/sig/ont/fma/fma52728	1.0
http://snomed.info/id/280235006	http://purl.org/sig/ont/fma/fma52930	1.0
http://snomed.info/id/280245008	http://purl.org/sig/ont/fma/fma53060	1.0
http://snomed.info/id/280246009	http://purl.org/sig/ont/fma/fma53059	0.98499042
http://snomed.info/id/280250002	http://purl.org/sig/ont/fma/fma53056	1.0
http://snomed.info/id/280257004	http://purl.org/sig/ont/fma/fma53112	1.0
http://snomed.info/id/280258009	http://purl.org/sig/ont/fma/fma53113	1.0
http://snomed.info/id/280262003	http://purl.org/sig/ont/fma/fma53195	1.0
http://snomed.info/id/280264002	http://purl.org/sig/ont/fma/fma53212	1.0
http://snomed.info/id/280265001	http://purl.org/sig/ont/fma/fma53206	1.0
http://snomed.info/id/280267009	http://purl.org/sig/ont/fma/fma53215	1.0
http://snomed.info/id/280269007	http://purl.org/sig/ont/fma/fma53247	1.0
http://snomed.info/id/280272000	http://purl.org/sig/ont/fma/fma67587	0.86132181
http://snomed.info/id/280273005	http://purl.org/sig/ont/fma/fma67585	0.95388937
http://snomed.info/id/280275003	http://purl.org/sig/ont/fma/fma53275	1.0
http://snomed.info/id/280278001	http://purl.org/sig/ont/fma/fma53298	1.0
http://snomed.info/id/280282004	http://purl.org/sig/ont/fma/fma53310	1.0
http://snomed.info/id/280293002	http://purl.org/sig/ont/fma/fma53490	1.0
http://snomed.info/id/280294008	http://purl.org/sig/ont/fma/fma53487	1.0
http://snomed.info/id/280295009	http://purl.org/sig/ont/fma/fma6231	1.0
http://snomed.info/id/280297001	http://purl.org/sig/ont/fma/fma54236	0.89052635
http://snomed.info/id/280298006	http://purl.org/sig/ont/fma/fma6234	1.0
http://snomed.info/id/280300006	http://purl.org/sig/ont/fma/fma14469	1.0
http://snomed.info/id/280301005	http://purl.org/sig/ont/fma/fma53612	0.90355235
http://snomed.info/id/280304002	http://purl.org/sig/ont/fma/fma78582	0.8983373
http://snomed.info/id/280307009	http://purl.org/sig/ont/fma/fma6670	0.98139513
http://snomed.info/id/280310002	http://purl.org/sig/ont/fma/fma54399	1.0
http://snomed.info/id/280311003	http://purl.org/sig/ont/fma/fma54400	1.0
http://snomed.info/id/280312005	http://purl.org/sig/ont/fma/fma54402	1.0
http://snomed.info/id/280314006	http://purl.org/sig/ont/fma/fma66184	1.0
http://snomed.info/id/280316008	http://purl.org/sig/ont/fma/fma54405	1.0
http://snomed.info/id/280317004	http://purl.org/sig/ont/fma/fma54406	1.0
http://snomed.info/id/280322004	http://purl.org/sig/ont/fma/fma12135	1.0
http://snomed.info/id/280323009	http://purl.org/sig/ont/fma/fma78591	0.92133105
http://snomed.info/id/280325002	http://purl.org/sig/ont/fma/fma55181	0.98143572
http://snomed.info/id/280328000	http://purl.org/sig/ont/fma/fma65414	1.0
http://snomed.info/id/280329008	http://purl.org/sig/ont/fma/fma78648	1.0
http://snomed.info/id/280330003	http://purl.org/sig/ont/fma/fma78651	1.0
http://snomed.info/id/280331004	http://purl.org/sig/ont/fma/fma65414	0.95191425
http://snomed.info/id/280340000	http://purl.org/sig/ont/fma/fma321563	1.0
http://snomed.info/id/280341001	http://purl.org/sig/ont/fma/fma321568	1.0
http://snomed.info/id/280347002	http://purl.org/sig/ont/fma/fma16479	0.94824874
http://snomed.info/id/280348007	http://purl.org/sig/ont/fma/fma16488	1.0
http://snomed.info/id/280349004	http://purl.org/sig/ont/fma/fma16429	1.0
http://snomed.info/id/280350004	http://purl.org/sig/ont/fma/fma16480	0.92988127
http://snomed.info/id/280351000	http://purl.org/sig/ont/fma/fma78705	1.0
http://snomed.info/id/280352007	http://purl.org/sig/ont/fma/fma78711	1.0
http://snomed.info/id/280353002	http://purl.org/sig/ont/fma/fma16509	1.0
http://snomed.info/id/280354008	http://purl.org/sig/ont/fma/fma66048	1.0
http://snomed.info/id/280372002	http://purl.org/sig/ont/fma/fma256194	0.92465192
http://snomed.info/id/280386003	http://purl.org/sig/ont/fma/fma55265	1.0
http://snomed.info/id/280388002	http://purl.org/sig/ont/fma/fma322342	1.0
http://snomed.info/id/280409008	http://purl.org/sig/ont/fma/fma257035	0.88143176
http://snomed.info/id/280425003	http://purl.org/sig/ont/fma/fma323920	1.0
http://snomed.info/id/280448008	http://purl.org/sig/ont/fma/fma43612	0.91298187
http://snomed.info/id/280513004	http://purl.org/sig/ont/fma/fma6649	0.93537068
http://snomed.info/id/280514005	http://purl.org/sig/ont/fma/fma6650	0.93059355
http://snomed.info/id/280517003	http://purl.org/sig/ont/fma/fma6653	0.95311177
http://snomed.info/id/280518008	http://purl.org/sig/ont/fma/fma6652	0.94757837
http://snomed.info/id/280520006	http://purl.org/sig/ont/fma/fma6654	0.9654032
http://snomed.info/id/280521005	http://purl.org/sig/ont/fma/fma6655	0.96521848
http://snomed.info/id/280525001	http://purl.org/sig/ont/fma/fma6635	0.92056096
http://snomed.info/id/280530002	http://purl.org/sig/ont/fma/fma6647	1.0
http://snomed.info/id/280533000	http://purl.org/sig/ont/fma/fma6261	1.0
http://snomed.info/id/280548006	http://purl.org/sig/ont/fma/fma54071	0.95871836
http://snomed.info/id/280556009	http://purl.org/sig/ont/fma/fma12804	1.0
http://snomed.info/id/280562004	http://purl.org/sig/ont/fma/fma20277	1.0
http://snomed.info/id/28057003	http://purl.org/sig/ont/fma/fma18630	1.0
http://snomed.info/id/280665009	http://purl.org/sig/ont/fma/fma322375	1.0
http://snomed.info/id/280677004	http://purl.org/sig/ont/fma/fma58689	1.0
http://snomed.info/id/280690006	http://purl.org/sig/ont/fma/fma62414	0.93986911
http://snomed.info/id/28074003	http://purl.org/sig/ont/fma/fma83851	0.98703688
http://snomed.info/id/280824006	http://purl.org/sig/ont/fma/fma66187	1.0
http://snomed.info/id/280868008	http://purl.org/sig/ont/fma/fma312260	1.0
http://snomed.info/id/280869000	http://purl.org/sig/ont/fma/fma58464	1.0
http://snomed.info/id/280872007	http://purl.org/sig/ont/fma/fma58467	1.0
http://snomed.info/id/280888007	http://purl.org/sig/ont/fma/fma49154	1.0
http://snomed.info/id/280903002	http://purl.org/sig/ont/fma/fma321600	1.0
http://snomed.info/id/280904008	http://purl.org/sig/ont/fma/fma321601	1.0
http://snomed.info/id/280910008	http://purl.org/sig/ont/fma/fma322401	1.0
http://snomed.info/id/280915003	http://purl.org/sig/ont/fma/fma16628	1.0
http://snomed.info/id/280918001	http://purl.org/sig/ont/fma/fma321810	1.0
http://snomed.info/id/280999005	http://purl.org/sig/ont/fma/fma12799	1.0
http://snomed.info/id/281142008	http://purl.org/sig/ont/fma/fma44877	1.0
http://snomed.info/id/2812003	http://purl.org/sig/ont/fma/fma32851	1.0
http://snomed.info/id/281227003	http://purl.org/sig/ont/fma/fma16625	1.0
http://snomed.info/id/28125001	http://purl.org/sig/ont/fma/fma44596	1.0
http://snomed.info/id/281320004	http://purl.org/sig/ont/fma/fma16624	1.0
http://snomed.info/id/28144008	http://purl.org/sig/ont/fma/fma72641	1.0
http://snomed.info/id/281480001	http://purl.org/sig/ont/fma/fma321557	1.00000012
http://snomed.info/id/281676003	http://purl.org/sig/ont/fma/fma16611	1.0
http://snomed.info/id/281765006	http://purl.org/sig/ont/fma/fma16692	1.0
http://snomed.info/id/281847004	http://purl.org/sig/ont/fma/fma16693	1.0
http://snomed.info/id/28186002	http://purl.org/sig/ont/fma/fma62176	1.0
http://snomed.info/id/281939003	http://purl.org/sig/ont/fma/fma16695	1.0
http://snomed.info/id/28195005	http://purl.org/sig/ont/fma/fma50983	1.0
http://snomed.info/id/282031000	http://purl.org/sig/ont/fma/fma16697	1.0
http://snomed.info/id/282047003	http://purl.org/sig/ont/fma/fma321572	1.0
http://snomed.info/id/282104000	http://purl.org/sig/ont/fma/fma298611	0.90180904
http://snomed.info/id/282116006	http://purl.org/sig/ont/fma/fma16696	1.0
http://snomed.info/id/28225005	http://purl.org/sig/ont/fma/fma63182	1.0
http://snomed.info/id/28231008	http://purl.org/sig/ont/fma/fma7202	1.0
http://snomed.info/id/28232001	http://purl.org/sig/ont/fma/fma10027	1.0
http://snomed.info/id/2824005	http://purl.org/sig/ont/fma/fma9262	1.0
http://snomed.info/id/28250008	http://purl.org/sig/ont/fma/fma43027	1.0
http://snomed.info/id/28255003	http://purl.org/sig/ont/fma/fma56656	1.0
http://snomed.info/id/28265009	http://purl.org/sig/ont/fma/fma15722	1.0
http://snomed.info/id/28269003	http://purl.org/sig/ont/fma/fma33635	1.0
http://snomed.info/id/28273000	http://purl.org/sig/ont/fma/fma9706	1.0
http://snomed.info/id/282823009	http://purl.org/sig/ont/fma/fma40208	0.94542933
http://snomed.info/id/282829008	http://purl.org/sig/ont/fma/fma323926	0.93164617
http://snomed.info/id/283001	http://purl.org/sig/ont/fma/fma14189	1.0
http://snomed.info/id/28306005	http://purl.org/sig/ont/fma/fma52414	1.0
http://snomed.info/id/28323001	http://purl.org/sig/ont/fma/fma59159	1.0
http://snomed.info/id/28347008	http://purl.org/sig/ont/fma/fma52781	1.0
http://snomed.info/id/28350006	http://purl.org/sig/ont/fma/fma19110	1.0
http://snomed.info/id/283593004	http://purl.org/sig/ont/fma/fma18809	1.0
http://snomed.info/id/283696001	http://purl.org/sig/ont/fma/fma18810	1.0
http://snomed.info/id/283797001	http://purl.org/sig/ont/fma/fma18806	1.0
http://snomed.info/id/28390009	http://purl.org/sig/ont/fma/fma83846	1.0
http://snomed.info/id/283984006	http://purl.org/sig/ont/fma/fma18839	1.0
http://snomed.info/id/284057003	http://purl.org/sig/ont/fma/fma18823	1.0
http://snomed.info/id/2841007	http://purl.org/sig/ont/fma/fma14751	1.0
http://snomed.info/id/28419008	http://purl.org/sig/ont/fma/fma78498	0.87246853
http://snomed.info/id/28479003	http://purl.org/sig/ont/fma/fma52880	1.0
http://snomed.info/id/2848001	http://purl.org/sig/ont/fma/fma20734	1.0
http://snomed.info/id/285289006	http://purl.org/sig/ont/fma/fma15410	1.0
http://snomed.info/id/285463009	http://purl.org/sig/ont/fma/fma15408	1.0
http://snomed.info/id/2855004	http://purl.org/sig/ont/fma/fma22970	1.0
http://snomed.info/id/28559008	http://purl.org/sig/ont/fma/fma14555	1.0
http://snomed.info/id/285632004	http://purl.org/sig/ont/fma/fma15406	1.0
http://snomed.info/id/285718009	http://purl.org/sig/ont/fma/fma18893	1.0
http://snomed.info/id/28573004	http://purl.org/sig/ont/fma/fma50842	0.97006643
http://snomed.info/id/285748007	http://purl.org/sig/ont/fma/fma22838	0.85723901
http://snomed.info/id/285798008	http://purl.org/sig/ont/fma/fma21242	1.0
http://snomed.info/id/2861001	http://purl.org/sig/ont/fma/fma86294	0.88857812
http://snomed.info/id/28635006	http://purl.org/sig/ont/fma/fma23083	1.0
http://snomed.info/id/28641004	http://purl.org/sig/ont/fma/fma321924	1.0
http://snomed.info/id/28688000	http://purl.org/sig/ont/fma/fma72251	1.0
http://snomed.info/id/28703000	http://purl.org/sig/ont/fma/fma71390	0.924523
http://snomed.info/id/28726007	http://purl.org/sig/ont/fma/fma58238	0.97369301
http://snomed.info/id/28737008	http://purl.org/sig/ont/fma/fma7247	1.0
http://snomed.info/id/28777000	http://purl.org/sig/ont/fma/fma55024	1.0
http://snomed.info/id/288481008	http://purl.org/sig/ont/fma/fma7645	1.0
http://snomed.info/id/288482001	http://purl.org/sig/ont/fma/fma8602	1.0
http://snomed.info/id/288484000	http://purl.org/sig/ont/fma/fma8604	1.0
http://snomed.info/id/288485004	http://purl.org/sig/ont/fma/fma8605	1.0
http://snomed.info/id/288486003	http://purl.org/sig/ont/fma/fma8606	1.0
http://snomed.info/id/288487007	http://purl.org/sig/ont/fma/fma8607	1.0
http://snomed.info/id/288489005	http://purl.org/sig/ont/fma/fma8609	1.0
http://snomed.info/id/288490001	http://purl.org/sig/ont/fma/fma8610	1.0
http://snomed.info/id/28892005	http://purl.org/sig/ont/fma/fma8958	1.0
http://snomed.info/id/289075000	http://purl.org/sig/ont/fma/fma45066	0.97233528
http://snomed.info/id/289465009	http://purl.org/sig/ont/fma/fma75385	1.0
http://snomed.info/id/28991002	http://purl.org/sig/ont/fma/fma10641	1.0
http://snomed.info/id/29023000	http://purl.org/sig/ont/fma/fma61887	0.85796642
http://snomed.info/id/29038004	http://purl.org/sig/ont/fma/fma322061	1.0
http://snomed.info/id/29092000	http://purl.org/sig/ont/fma/fma50723	0.88619149
http://snomed.info/id/29108008	http://purl.org/sig/ont/fma/fma29711	1.0
http://snomed.info/id/29168006	http://purl.org/sig/ont/fma/fma20701	1.0
http://snomed.info/id/2922005	http://purl.org/sig/ont/fma/fma7266	1.0
http://snomed.info/id/29277007	http://purl.org/sig/ont/fma/fma9201	1.0
http://snomed.info/id/29283005	http://purl.org/sig/ont/fma/fma26475	1.0
http://snomed.info/id/29299004	http://purl.org/sig/ont/fma/fma18697	1.0
http://snomed.info/id/29317000	http://purl.org/sig/ont/fma/fma62165	1.0
http://snomed.info/id/29318005	http://purl.org/sig/ont/fma/fma10637	1.0
http://snomed.info/id/29353003	http://purl.org/sig/ont/fma/fma269219	0.97113782
http://snomed.info/id/293744005	http://purl.org/sig/ont/fma/fma20738	1.0
http://snomed.info/id/29376000	http://purl.org/sig/ont/fma/fma38450	1.0
http://snomed.info/id/293846002	http://purl.org/sig/ont/fma/fma20739	1.0
http://snomed.info/id/293947007	http://purl.org/sig/ont/fma/fma18845	1.0
http://snomed.info/id/294150001	http://purl.org/sig/ont/fma/fma20903	1.0
http://snomed.info/id/29438007	http://purl.org/sig/ont/fma/fma39721	0.94171757
http://snomed.info/id/29445007	http://purl.org/sig/ont/fma/fma59024	0.88325089
http://snomed.info/id/29456007	http://purl.org/sig/ont/fma/fma322928	1.0
http://snomed.info/id/294756001	http://purl.org/sig/ont/fma/fma77168	0.90925682
http://snomed.info/id/294959001	http://purl.org/sig/ont/fma/fma29710	1.0
http://snomed.info/id/295061002	http://purl.org/sig/ont/fma/fma18890	0.95158041
http://snomed.info/id/295162007	http://purl.org/sig/ont/fma/fma18934	1.0
http://snomed.info/id/29526001	http://purl.org/sig/ont/fma/fma10140	1.0
http://snomed.info/id/295263009	http://purl.org/sig/ont/fma/fma18908	1.0
http://snomed.info/id/29534007	http://purl.org/sig/ont/fma/fma58295	1.0
http://snomed.info/id/295366003	http://purl.org/sig/ont/fma/fma18911	1.0
http://snomed.info/id/295467008	http://purl.org/sig/ont/fma/fma18905	1.0
http://snomed.info/id/295569009	http://purl.org/sig/ont/fma/fma18914	1.0
http://snomed.info/id/29562000	http://purl.org/sig/ont/fma/fma7238	1.0
http://snomed.info/id/29565003	http://purl.org/sig/ont/fma/fma13368	1.0
http://snomed.info/id/295774004	http://purl.org/sig/ont/fma/fma323257	0.99999958
http://snomed.info/id/29597003	http://purl.org/sig/ont/fma/fma26310	1.0
http://snomed.info/id/29626007	http://purl.org/sig/ont/fma/fma76878	1.0
http://snomed.info/id/29627003	http://purl.org/sig/ont/fma/fma42385	1.0
http://snomed.info/id/29641007	http://purl.org/sig/ont/fma/fma71417	1.0
http://snomed.info/id/29660000	http://purl.org/sig/ont/fma/fma14734	1.0
http://snomed.info/id/29700009	http://purl.org/sig/ont/fma/fma3953	1.0
http://snomed.info/id/29704000	http://purl.org/sig/ont/fma/fma15574	1.0
http://snomed.info/id/29707007	http://purl.org/sig/ont/fma/fma25046	1.0
http://snomed.info/id/29745008	http://purl.org/sig/ont/fma/fma67796	1.0
http://snomed.info/id/29762003	http://purl.org/sig/ont/fma/fma323296	0.95941603
http://snomed.info/id/29769007	http://purl.org/sig/ont/fma/fma49660	1.0
http://snomed.info/id/29782004	http://purl.org/sig/ont/fma/fma69385	1.0
http://snomed.info/id/29836001	http://purl.org/sig/ont/fma/fma24964	1.0
http://snomed.info/id/29902008	http://purl.org/sig/ont/fma/fma9219	1.0
http://snomed.info/id/29921000	http://purl.org/sig/ont/fma/fma321537	1.0
http://snomed.info/id/299993000	http://purl.org/sig/ont/fma/fma12795	0.9133445
http://snomed.info/id/30000000	http://purl.org/sig/ont/fma/fma43971	1.0
http://snomed.info/id/30018002	http://purl.org/sig/ont/fma/fma13520	0.8719964
http://snomed.info/id/30026005	http://purl.org/sig/ont/fma/fma65279	1.0
http://snomed.info/id/3003007	http://purl.org/sig/ont/fma/fma61952	0.98561567
http://snomed.info/id/30045001	http://purl.org/sig/ont/fma/fma15857	1.0
http://snomed.info/id/30052004	http://purl.org/sig/ont/fma/fma21490	0.90776771
http://snomed.info/id/30097008	http://purl.org/sig/ont/fma/fma5991	0.87033862
http://snomed.info/id/30114003	http://purl.org/sig/ont/fma/fma83675	1.0
http://snomed.info/id/30121003	http://purl.org/sig/ont/fma/fma22570	1.0
http://snomed.info/id/30130006	http://purl.org/sig/ont/fma/fma61893	1.0
http://snomed.info/id/30143006	http://purl.org/sig/ont/fma/fma61905	1.0
http://snomed.info/id/30181001	http://purl.org/sig/ont/fma/fma59890	1.0
http://snomed.info/id/30206001	http://purl.org/sig/ont/fma/fma46692	1.0
http://snomed.info/id/30210003	http://purl.org/sig/ont/fma/fma322051	1.0
http://snomed.info/id/30216009	http://purl.org/sig/ont/fma/fma83965	0.96507448
http://snomed.info/id/302462009	http://purl.org/sig/ont/fma/fma61255	0.90113831
http://snomed.info/id/302514000	http://purl.org/sig/ont/fma/fma38450	0.90536404
http://snomed.info/id/302525009	http://purl.org/sig/ont/fma/fma33132	0.89201963
http://snomed.info/id/302528006	http://purl.org/sig/ont/fma/fma33742	0.91472918
http://snomed.info/id/302655007	http://purl.org/sig/ont/fma/fma44325	1.0
http://snomed.info/id/302668004	http://purl.org/sig/ont/fma/fma44326	1.0
http://snomed.info/id/302724005	http://purl.org/sig/ont/fma/fma22506	1.0
http://snomed.info/id/302731009	http://purl.org/sig/ont/fma/fma22535	1.0
http://snomed.info/id/302774007	http://purl.org/sig/ont/fma/fma76857	1.0
http://snomed.info/id/30282002	http://purl.org/sig/ont/fma/fma59088	1.0
http://snomed.info/id/30305004	http://purl.org/sig/ont/fma/fma46664	1.0
http://snomed.info/id/30308002	http://purl.org/sig/ont/fma/fma321616	1.0
http://snomed.info/id/303139006	http://purl.org/sig/ont/fma/fma12795	0.91533566
http://snomed.info/id/30322002	http://purl.org/sig/ont/fma/fma58371	1.0
http://snomed.info/id/30339000	http://purl.org/sig/ont/fma/fma38459	1.0
http://snomed.info/id/303403006	http://purl.org/sig/ont/fma/fma55416	1.0
http://snomed.info/id/303455007	http://purl.org/sig/ont/fma/fma321650	0.8675189
http://snomed.info/id/303456008	http://purl.org/sig/ont/fma/fma67687	1.0
http://snomed.info/id/303518005	http://purl.org/sig/ont/fma/fma45654	0.92111242
http://snomed.info/id/303623000	http://purl.org/sig/ont/fma/fma44307	1.0
http://snomed.info/id/303713004	http://purl.org/sig/ont/fma/fma44308	1.0
http://snomed.info/id/303895000	http://purl.org/sig/ont/fma/fma48474	1.0
http://snomed.info/id/30445009	http://purl.org/sig/ont/fma/fma14708	1.0
http://snomed.info/id/30474000	http://purl.org/sig/ont/fma/fma53435	1.0
http://snomed.info/id/304912006	http://purl.org/sig/ont/fma/fma32855	1.0
http://snomed.info/id/304921007	http://purl.org/sig/ont/fma/fma54485	1.0
http://snomed.info/id/304922000	http://purl.org/sig/ont/fma/fma54478	1.0
http://snomed.info/id/304923005	http://purl.org/sig/ont/fma/fma54098	1.0
http://snomed.info/id/304924004	http://purl.org/sig/ont/fma/fma54113	1.0
http://snomed.info/id/304925003	http://purl.org/sig/ont/fma/fma54143	1.0
http://snomed.info/id/304928001	http://purl.org/sig/ont/fma/fma21493	1.0
http://snomed.info/id/304933002	http://purl.org/sig/ont/fma/fma321699	1.0
http://snomed.info/id/304935009	http://purl.org/sig/ont/fma/fma321700	1.0
http://snomed.info/id/304937001	http://purl.org/sig/ont/fma/fma321701	1.0
http://snomed.info/id/304939003	http://purl.org/sig/ont/fma/fma321702	1.0
http://snomed.info/id/304942009	http://purl.org/sig/ont/fma/fma272295	0.89049417
http://snomed.info/id/304943004	http://purl.org/sig/ont/fma/fma258772	1.0
http://snomed.info/id/304949000	http://purl.org/sig/ont/fma/fma321712	1.0
http://snomed.info/id/304950000	http://purl.org/sig/ont/fma/fma321713	1.0
http://snomed.info/id/304955005	http://purl.org/sig/ont/fma/fma321714	1.0
http://snomed.info/id/304957002	http://purl.org/sig/ont/fma/fma321703	1.0
http://snomed.info/id/304958007	http://purl.org/sig/ont/fma/fma321704	1.0
http://snomed.info/id/304962001	http://purl.org/sig/ont/fma/fma321706	1.0
http://snomed.info/id/304965004	http://purl.org/sig/ont/fma/fma321698	1.0
http://snomed.info/id/305021001	http://purl.org/sig/ont/fma/fma57423	1.0
http://snomed.info/id/305048000	http://purl.org/sig/ont/fma/fma38896	1.0
http://snomed.info/id/305051007	http://purl.org/sig/ont/fma/fma33321	1.0
http://snomed.info/id/305054004	http://purl.org/sig/ont/fma/fma51604	0.97560537
http://snomed.info/id/305061000	http://purl.org/sig/ont/fma/fma51606	0.9879353
http://snomed.info/id/305098004	http://purl.org/sig/ont/fma/fma44112	1.0
http://snomed.info/id/30528002	http://purl.org/sig/ont/fma/fma44084	1.0
http://snomed.info/id/3054007	http://purl.org/sig/ont/fma/fma322651	1.0
http://snomed.info/id/30547004	http://purl.org/sig/ont/fma/fma32852	1.0
http://snomed.info/id/3056009	http://purl.org/sig/ont/fma/fma62143	1.0
http://snomed.info/id/30567008	http://purl.org/sig/ont/fma/fma16079	1.0
http://snomed.info/id/3057000	http://purl.org/sig/ont/fma/fma74941	0.93882972
http://snomed.info/id/306710009	http://purl.org/sig/ont/fma/fma57817	0.99737865
http://snomed.info/id/306716003	http://purl.org/sig/ont/fma/fma33303	0.93100774
http://snomed.info/id/307033005	http://purl.org/sig/ont/fma/fma22473	1.0
http://snomed.info/id/30733001	http://purl.org/sig/ont/fma/fma18318	1.0
http://snomed.info/id/30737000	http://purl.org/sig/ont/fma/fma74268	1.0
http://snomed.info/id/30740000	http://purl.org/sig/ont/fma/fma322048	1.0
http://snomed.info/id/307412009	http://purl.org/sig/ont/fma/fma77843	1.0
http://snomed.info/id/30751000	http://purl.org/sig/ont/fma/fma15971	1.0
http://snomed.info/id/307707009	http://purl.org/sig/ont/fma/fma312408	0.94812685
http://snomed.info/id/30802009	http://purl.org/sig/ont/fma/fma62652	1.0
http://snomed.info/id/30838002	http://purl.org/sig/ont/fma/fma19132	0.98179734
http://snomed.info/id/30881004	http://purl.org/sig/ont/fma/fma322652	1.0
http://snomed.info/id/30894002	http://purl.org/sig/ont/fma/fma58755	0.93613124
http://snomed.info/id/30930005	http://purl.org/sig/ont/fma/fma23617	1.0
http://snomed.info/id/30980004	http://purl.org/sig/ont/fma/fma42967	1.0
http://snomed.info/id/3100007	http://purl.org/sig/ont/fma/fma55625	1.0
http://snomed.info/id/31050000	http://purl.org/sig/ont/fma/fma70646	1.0
http://snomed.info/id/31051001	http://purl.org/sig/ont/fma/fma75684	1.0
http://snomed.info/id/310536002	http://purl.org/sig/ont/fma/fma45655	0.93769675
http://snomed.info/id/310549007	http://purl.org/sig/ont/fma/fma44876	1.0
http://snomed.info/id/310551006	http://purl.org/sig/ont/fma/fma44949	0.91154391
http://snomed.info/id/310553009	http://purl.org/sig/ont/fma/fma292885	0.92402923
http://snomed.info/id/31060009	http://purl.org/sig/ont/fma/fma20729	1.0
http://snomed.info/id/31065004	http://purl.org/sig/ont/fma/fma67325	1.0
http://snomed.info/id/31071005	http://purl.org/sig/ont/fma/fma9218	1.0
http://snomed.info/id/31094006	http://purl.org/sig/ont/fma/fma7311	1.0
http://snomed.info/id/31101008	http://purl.org/sig/ont/fma/fma7416	1.0
http://snomed.info/id/31115005	http://purl.org/sig/ont/fma/fma18148	1.0
http://snomed.info/id/31145008	http://purl.org/sig/ont/fma/fma49586	1.0
http://snomed.info/id/311454008	http://purl.org/sig/ont/fma/fma322300	1.0
http://snomed.info/id/31156008	http://purl.org/sig/ont/fma/fma322164	1.0
http://snomed.info/id/31171007	http://purl.org/sig/ont/fma/fma44309	1.0
http://snomed.info/id/31172000	http://purl.org/sig/ont/fma/fma53291	1.0
http://snomed.info/id/31173005	http://purl.org/sig/ont/fma/fma53365	1.0
http://snomed.info/id/3118005	http://purl.org/sig/ont/fma/fma7271	1.0
http://snomed.info/id/31185002	http://purl.org/sig/ont/fma/fma322657	1.0
http://snomed.info/id/31200000	http://purl.org/sig/ont/fma/fma55511	1.0
http://snomed.info/id/312049005	http://purl.org/sig/ont/fma/fma38340	1.0
http://snomed.info/id/312163002	http://purl.org/sig/ont/fma/fma49795	1.0
http://snomed.info/id/312165009	http://purl.org/sig/ont/fma/fma49771	0.92533863
http://snomed.info/id/31240006	http://purl.org/sig/ont/fma/fma49561	1.0
http://snomed.info/id/31243008	http://purl.org/sig/ont/fma/fma9628	1.0
http://snomed.info/id/312502003	http://purl.org/sig/ont/fma/fma66131	0.98918647
http://snomed.info/id/312505001	http://purl.org/sig/ont/fma/fma324004	1.0
http://snomed.info/id/312507009	http://purl.org/sig/ont/fma/fma21246	1.0
http://snomed.info/id/312510002	http://purl.org/sig/ont/fma/fma234926	1.0
http://snomed.info/id/312511003	http://purl.org/sig/ont/fma/fma322327	1.0
http://snomed.info/id/312597003	http://purl.org/sig/ont/fma/fma18899	1.0
http://snomed.info/id/31266009	http://purl.org/sig/ont/fma/fma53474	1.0
http://snomed.info/id/313054009	http://purl.org/sig/ont/fma/fma32825	1.0
http://snomed.info/id/313056006	http://purl.org/sig/ont/fma/fma33748	1.0
http://snomed.info/id/313057002	http://purl.org/sig/ont/fma/fma33792	0.95218426
http://snomed.info/id/31318000	http://purl.org/sig/ont/fma/fma46693	1.0
http://snomed.info/id/313302006	http://purl.org/sig/ont/fma/fma323930	0.89084065
http://snomed.info/id/313345004	http://purl.org/sig/ont/fma/fma24050	1.0
http://snomed.info/id/31336000	http://purl.org/sig/ont/fma/fma48986	1.0
http://snomed.info/id/3134008	http://purl.org/sig/ont/fma/fma42999	1.0
http://snomed.info/id/31348002	http://purl.org/sig/ont/fma/fma22680	1.0
http://snomed.info/id/313762007	http://purl.org/sig/ont/fma/fma4732	1.0
http://snomed.info/id/31388007	http://purl.org/sig/ont/fma/fma22677	1.0
http://snomed.info/id/31416000	http://purl.org/sig/ont/fma/fma62331	1.0
http://snomed.info/id/314192002	http://purl.org/sig/ont/fma/fma6247	0.88922697
http://snomed.info/id/314238008	http://purl.org/sig/ont/fma/fma52405	0.94523698
http://snomed.info/id/314253000	http://purl.org/sig/ont/fma/fma268155	0.93338412
http://snomed.info/id/314254006	http://purl.org/sig/ont/fma/fma322490	1.0
http://snomed.info/id/314256008	http://purl.org/sig/ont/fma/fma322489	1.0
http://snomed.info/id/31428008	http://purl.org/sig/ont/fma/fma77616	1.0
http://snomed.info/id/314283009	http://purl.org/sig/ont/fma/fma66316	1.0
http://snomed.info/id/314286001	http://purl.org/sig/ont/fma/fma49539	1.0
http://snomed.info/id/314287005	http://purl.org/sig/ont/fma/fma49589	1.0
http://snomed.info/id/314289008	http://purl.org/sig/ont/fma/fma49653	1.0
http://snomed.info/id/314291000	http://purl.org/sig/ont/fma/fma49933	1.0
http://snomed.info/id/314293002	http://purl.org/sig/ont/fma/fma70373	1.0
http://snomed.info/id/314299003	http://purl.org/sig/ont/fma/fma66313	1.0
http://snomed.info/id/314300006	http://purl.org/sig/ont/fma/fma49714	1.0
http://snomed.info/id/314302003	http://purl.org/sig/ont/fma/fma50081	1.0
http://snomed.info/id/314303008	http://purl.org/sig/ont/fma/fma49872	1.0
http://snomed.info/id/314304002	http://purl.org/sig/ont/fma/fma50031	1.0
http://snomed.info/id/314305001	http://purl.org/sig/ont/fma/fma50586	1.0
http://snomed.info/id/314306000	http://purl.org/sig/ont/fma/fma49552	1.0
http://snomed.info/id/314324003	http://purl.org/sig/ont/fma/fma69796	1.0
http://snomed.info/id/314325002	http://purl.org/sig/ont/fma/fma69798	1.0
http://snomed.info/id/314326001	http://purl.org/sig/ont/fma/fma69803	1.0
http://snomed.info/id/31435000	http://purl.org/sig/ont/fma/fma18245	1.0
http://snomed.info/id/314355009	http://purl.org/sig/ont/fma/fma70251	1.0
http://snomed.info/id/314403009	http://purl.org/sig/ont/fma/fma23100	0.94153285
http://snomed.info/id/314412006	http://purl.org/sig/ont/fma/fma322338	0.96342343
http://snomed.info/id/31456003	http://purl.org/sig/ont/fma/fma54504	1.0
http://snomed.info/id/314619006	http://purl.org/sig/ont/fma/fma322137	0.95309532
http://snomed.info/id/314620000	http://purl.org/sig/ont/fma/fma240707	1.0
http://snomed.info/id/314621001	http://purl.org/sig/ont/fma/fma322132	1.0
http://snomed.info/id/314625005	http://purl.org/sig/ont/fma/fma32838	1.0
http://snomed.info/id/314626006	http://purl.org/sig/ont/fma/fma33112	1.0
http://snomed.info/id/314723006	http://purl.org/sig/ont/fma/fma55035	1.0
http://snomed.info/id/314724000	http://purl.org/sig/ont/fma/fma55033	0.85712314
http://snomed.info/id/314730000	http://purl.org/sig/ont/fma/fma12796	0.91833085
http://snomed.info/id/314732008	http://purl.org/sig/ont/fma/fma71832	1.0
http://snomed.info/id/314738007	http://purl.org/sig/ont/fma/fma321658	0.98921156
http://snomed.info/id/314855000	http://purl.org/sig/ont/fma/fma78558	0.95914054
http://snomed.info/id/31486005	http://purl.org/sig/ont/fma/fma323234	0.99726224
http://snomed.info/id/31488006	http://purl.org/sig/ont/fma/fma49605	1.0
http://snomed.info/id/314899009	http://purl.org/sig/ont/fma/fma278550	1.0
http://snomed.info/id/31575005	http://purl.org/sig/ont/fma/fma51800	1.0
http://snomed.info/id/3159004	http://purl.org/sig/ont/fma/fma10636	1.0
http://snomed.info/id/31631001	http://purl.org/sig/ont/fma/fma24242	1.0
http://snomed.info/id/31640002	http://purl.org/sig/ont/fma/fma52735	1.0
http://snomed.info/id/31645007	http://purl.org/sig/ont/fma/fma77260	1.0
http://snomed.info/id/31650001	http://purl.org/sig/ont/fma/fma323382	1.0
http://snomed.info/id/31657003	http://purl.org/sig/ont/fma/fma61135	1.0
http://snomed.info/id/31677005	http://purl.org/sig/ont/fma/fma20741	1.0
http://snomed.info/id/31689007	http://purl.org/sig/ont/fma/fma85254	0.95973575
http://snomed.info/id/3169005	http://purl.org/sig/ont/fma/fma5858	1.0
http://snomed.info/id/31701002	http://purl.org/sig/ont/fma/fma74003	1.0
http://snomed.info/id/31764008	http://purl.org/sig/ont/fma/fma9626	1.0
http://snomed.info/id/317665004	http://purl.org/sig/ont/fma/fma11953	1.0
http://snomed.info/id/31836009	http://purl.org/sig/ont/fma/fma49038	1.0
http://snomed.info/id/31934006	http://purl.org/sig/ont/fma/fma23260	1.0
http://snomed.info/id/3194006	http://purl.org/sig/ont/fma/fma7281	1.0
http://snomed.info/id/31995005	http://purl.org/sig/ont/fma/fma15404	1.0
http://snomed.info/id/32019000	http://purl.org/sig/ont/fma/fma19814	1.0
http://snomed.info/id/32032005	http://purl.org/sig/ont/fma/fma59818	1.0
http://snomed.info/id/32061006	http://purl.org/sig/ont/fma/fma19683	1.0
http://snomed.info/id/32062004	http://purl.org/sig/ont/fma/fma3939	1.0
http://snomed.info/id/32085003	http://purl.org/sig/ont/fma/fma35445	1.0
http://snomed.info/id/32087006	http://purl.org/sig/ont/fma/fma59819	1.0
http://snomed.info/id/32104003	http://purl.org/sig/ont/fma/fma20374	1.0
http://snomed.info/id/32114007	http://purl.org/sig/ont/fma/fma50802	1.0
http://snomed.info/id/32119002	http://purl.org/sig/ont/fma/fma9196	1.0
http://snomed.info/id/321667001	http://purl.org/sig/ont/fma/fma265130	1.0
http://snomed.info/id/32181009	http://purl.org/sig/ont/fma/fma57420	1.0
http://snomed.info/id/32184001	http://purl.org/sig/ont/fma/fma77543	0.91780359
http://snomed.info/id/32206009	http://purl.org/sig/ont/fma/fma59328	1.0
http://snomed.info/id/32259006	http://purl.org/sig/ont/fma/fma58865	0.92451775
http://snomed.info/id/3227004	http://purl.org/sig/ont/fma/fma4685	1.0
http://snomed.info/id/32292000	http://purl.org/sig/ont/fma/fma50000	1.0
http://snomed.info/id/32293005	http://purl.org/sig/ont/fma/fma16902	1.0
http://snomed.info/id/32301002	http://purl.org/sig/ont/fma/fma15876	1.0
http://snomed.info/id/32332001	http://purl.org/sig/ont/fma/fma14643	1.0
http://snomed.info/id/32373000	http://purl.org/sig/ont/fma/fma72976	1.0
http://snomed.info/id/32376008	http://purl.org/sig/ont/fma/fma46750	1.0
http://snomed.info/id/32427001	http://purl.org/sig/ont/fma/fma7237	1.0
http://snomed.info/id/32430008	http://purl.org/sig/ont/fma/fma9946	1.0
http://snomed.info/id/3243006	http://purl.org/sig/ont/fma/fma16664	1.0
http://snomed.info/id/32448004	http://purl.org/sig/ont/fma/fma242205	1.0
http://snomed.info/id/32503000	http://purl.org/sig/ont/fma/fma9559	1.0
http://snomed.info/id/32530005	http://purl.org/sig/ont/fma/fma50807	1.0
http://snomed.info/id/32551008	http://purl.org/sig/ont/fma/fma34836	1.0
http://snomed.info/id/32570003	http://purl.org/sig/ont/fma/fma49558	1.0
http://snomed.info/id/32573001	http://purl.org/sig/ont/fma/fma37373	1.0
http://snomed.info/id/32610002	http://purl.org/sig/ont/fma/fma321900	1.0
http://snomed.info/id/32611003	http://purl.org/sig/ont/fma/fma15721	1.0
http://snomed.info/id/32622004	http://purl.org/sig/ont/fma/fma14547	1.0
http://snomed.info/id/32637000	http://purl.org/sig/ont/fma/fma256184	1.0
http://snomed.info/id/32656005	http://purl.org/sig/ont/fma/fma55289	1.0
http://snomed.info/id/32672002	http://purl.org/sig/ont/fma/fma87217	1.0
http://snomed.info/id/32679006	http://purl.org/sig/ont/fma/fma69734	1.0
http://snomed.info/id/32696007	http://purl.org/sig/ont/fma/fma24980	0.98384571
http://snomed.info/id/32713005	http://purl.org/sig/ont/fma/fma14541	1.0
http://snomed.info/id/32731006	http://purl.org/sig/ont/fma/fma32429	1.0
http://snomed.info/id/32743007	http://purl.org/sig/ont/fma/fma51797	1.0
http://snomed.info/id/32764006	http://purl.org/sig/ont/fma/fma66645	1.0
http://snomed.info/id/32781002	http://purl.org/sig/ont/fma/fma84575	1.0
http://snomed.info/id/32820005	http://purl.org/sig/ont/fma/fma55626	1.0
http://snomed.info/id/32839000	http://purl.org/sig/ont/fma/fma10005	1.0
http://snomed.info/id/32859001	http://purl.org/sig/ont/fma/fma15391	1.0
http://snomed.info/id/32885002	http://purl.org/sig/ont/fma/fma23227	1.0
http://snomed.info/id/32936006	http://purl.org/sig/ont/fma/fma49695	1.0
http://snomed.info/id/3295003	http://purl.org/sig/ont/fma/fma62184	0.94246525
http://snomed.info/id/32952009	http://purl.org/sig/ont/fma/fma9183	1.0
http://snomed.info/id/33007003	http://purl.org/sig/ont/fma/fma322571	0.96172267
http://snomed.info/id/3301002	http://purl.org/sig/ont/fma/fma72505	1.0
http://snomed.info/id/3302009	http://purl.org/sig/ont/fma/fma14801	1.0
http://snomed.info/id/330318009	http://purl.org/sig/ont/fma/fma52012	1.0
http://snomed.info/id/33052000	http://purl.org/sig/ont/fma/fma7286	1.0
http://snomed.info/id/33081004	http://purl.org/sig/ont/fma/fma16090	1.0
http://snomed.info/id/33102007	http://purl.org/sig/ont/fma/fma49608	1.0
http://snomed.info/id/33138000	http://purl.org/sig/ont/fma/fma257035	0.92332584
http://snomed.info/id/3315000	http://purl.org/sig/ont/fma/fma72646	1.0
http://snomed.info/id/33154002	http://purl.org/sig/ont/fma/fma13425	1.0
http://snomed.info/id/33180001	http://purl.org/sig/ont/fma/fma55560	1.0
http://snomed.info/id/33227007	http://purl.org/sig/ont/fma/fma54568	0.90244114
http://snomed.info/id/33251002	http://purl.org/sig/ont/fma/fma24014	1.0
http://snomed.info/id/33274003	http://purl.org/sig/ont/fma/fma10082	1.0
http://snomed.info/id/33294007	http://purl.org/sig/ont/fma/fma322662	0.96207678
http://snomed.info/id/33299002	http://purl.org/sig/ont/fma/fma76866	1.0
http://snomed.info/id/33333000	http://purl.org/sig/ont/fma/fma53417	1.0
http://snomed.info/id/33338009	http://purl.org/sig/ont/fma/fma19038	1.0
http://snomed.info/id/33392008	http://purl.org/sig/ont/fma/fma70451	1.0
http://snomed.info/id/33407009	http://purl.org/sig/ont/fma/fma61036	1.0
http://snomed.info/id/33415007	http://purl.org/sig/ont/fma/fma57457	1.0
http://snomed.info/id/33416008	http://purl.org/sig/ont/fma/fma70661	1.0
http://snomed.info/id/33432006	http://purl.org/sig/ont/fma/fma4747	1.0
http://snomed.info/id/33437000	http://purl.org/sig/ont/fma/fma14645	1.0
http://snomed.info/id/33540003	http://purl.org/sig/ont/fma/fma45701	1.0
http://snomed.info/id/33594008	http://purl.org/sig/ont/fma/fma7411	1.0
http://snomed.info/id/33598006	http://purl.org/sig/ont/fma/fma76643	1.0
http://snomed.info/id/33600000	http://purl.org/sig/ont/fma/fma26028	1.0
http://snomed.info/id/33626005	http://purl.org/sig/ont/fma/fma7219	1.0
http://snomed.info/id/33641005	http://purl.org/sig/ont/fma/fma3963	1.0
http://snomed.info/id/33646000	http://purl.org/sig/ont/fma/fma19730	1.0
http://snomed.info/id/33657005	http://purl.org/sig/ont/fma/fma15074	1.0
http://snomed.info/id/33718005	http://purl.org/sig/ont/fma/fma76852	1.0
http://snomed.info/id/33723005	http://purl.org/sig/ont/fma/fma72515	1.0
http://snomed.info/id/33741002	http://purl.org/sig/ont/fma/fma52762	1.0
http://snomed.info/id/33766003	http://purl.org/sig/ont/fma/fma10015	1.0
http://snomed.info/id/33767007	http://purl.org/sig/ont/fma/fma323345	1.0
http://snomed.info/id/33770006	http://purl.org/sig/ont/fma/fma14186	1.0
http://snomed.info/id/3377004	http://purl.org/sig/ont/fma/fma59766	1.0
http://snomed.info/id/33790002	http://purl.org/sig/ont/fma/fma230984	1.0
http://snomed.info/id/33795007	http://purl.org/sig/ont/fma/fma14750	1.0
http://snomed.info/id/33805007	http://purl.org/sig/ont/fma/fma15648	0.98321849
http://snomed.info/id/33813008	http://purl.org/sig/ont/fma/fma10006	1.0
http://snomed.info/id/33816000	http://purl.org/sig/ont/fma/fma43845	1.0
http://snomed.info/id/33819007	http://purl.org/sig/ont/fma/fma60106	1.0
http://snomed.info/id/33880004	http://purl.org/sig/ont/fma/fma23948	1.0
http://snomed.info/id/33898000	http://purl.org/sig/ont/fma/fma52858	1.0
http://snomed.info/id/33917005	http://purl.org/sig/ont/fma/fma321473	1.0
http://snomed.info/id/3395001	http://purl.org/sig/ont/fma/fma50018	1.0
http://snomed.info/id/33971000	http://purl.org/sig/ont/fma/fma23946	1.0
http://snomed.info/id/33972007	http://purl.org/sig/ont/fma/fma323372	1.0
http://snomed.info/id/33986006	http://purl.org/sig/ont/fma/fma55086	1.0
http://snomed.info/id/33992000	http://purl.org/sig/ont/fma/fma323339	0.98031026
http://snomed.info/id/34031004	http://purl.org/sig/ont/fma/fma37417	1.0
http://snomed.info/id/34073007	http://purl.org/sig/ont/fma/fma18147	1.0
http://snomed.info/id/34080009	http://purl.org/sig/ont/fma/fma52753	1.0
http://snomed.info/id/34109009	http://purl.org/sig/ont/fma/fma21538	1.0
http://snomed.info/id/34133003	http://purl.org/sig/ont/fma/fma19580	1.0
http://snomed.info/id/34148009	http://purl.org/sig/ont/fma/fma77302	0.88358593
http://snomed.info/id/34154005	http://purl.org/sig/ont/fma/fma15417	0.95990598
http://snomed.info/id/34166004	http://purl.org/sig/ont/fma/fma12252	1.0
http://snomed.info/id/3417007	http://purl.org/sig/ont/fma/fma23081	1.0
http://snomed.info/id/34176001	http://purl.org/sig/ont/fma/fma60959	1.0
http://snomed.info/id/341789002	http://purl.org/sig/ont/fma/fma63191	1.0
http://snomed.info/id/341890001	http://purl.org/sig/ont/fma/fma63192	1.0
http://snomed.info/id/34260002	http://purl.org/sig/ont/fma/fma46104	1.0
http://snomed.info/id/34281002	http://purl.org/sig/ont/fma/fma22310	1.0
http://snomed.info/id/34292001	http://purl.org/sig/ont/fma/fma6232	1.0
http://snomed.info/id/34352001	http://purl.org/sig/ont/fma/fma43007	1.0
http://snomed.info/id/34357007	http://purl.org/sig/ont/fma/fma19995	1.0
http://snomed.info/id/34380004	http://purl.org/sig/ont/fma/fma61920	1.0
http://snomed.info/id/34386005	http://purl.org/sig/ont/fma/fma16557	1.0
http://snomed.info/id/34437007	http://purl.org/sig/ont/fma/fma33641	1.0
http://snomed.info/id/34467001	http://purl.org/sig/ont/fma/fma52668	1.0
http://snomed.info/id/34497009	http://purl.org/sig/ont/fma/fma74890	1.0
http://snomed.info/id/345000	http://purl.org/sig/ont/fma/fma9484	1.0
http://snomed.info/id/34516001	http://purl.org/sig/ont/fma/fma7208	0.94457394
http://snomed.info/id/34604003	http://purl.org/sig/ont/fma/fma7360	1.0
http://snomed.info/id/34611004	http://purl.org/sig/ont/fma/fma8661	1.0
http://snomed.info/id/3462006	http://purl.org/sig/ont/fma/fma12213	1.0
http://snomed.info/id/34625003	http://purl.org/sig/ont/fma/fma16641	1.0
http://snomed.info/id/34634008	http://purl.org/sig/ont/fma/fma46855	1.0
http://snomed.info/id/34635009	http://purl.org/sig/ont/fma/fma14735	1.0
http://snomed.info/id/34661008	http://purl.org/sig/ont/fma/fma49754	1.0
http://snomed.info/id/34678004	http://purl.org/sig/ont/fma/fma20560	1.0
http://snomed.info/id/34691003	http://purl.org/sig/ont/fma/fma71426	1.0
http://snomed.info/id/34707002	http://purl.org/sig/ont/fma/fma79646	1.0
http://snomed.info/id/34747009	http://purl.org/sig/ont/fma/fma39444	1.0
http://snomed.info/id/34775006	http://purl.org/sig/ont/fma/fma44315	1.0
http://snomed.info/id/3478008	http://purl.org/sig/ont/fma/fma22432	0.98627424
http://snomed.info/id/34803007	http://purl.org/sig/ont/fma/fma83703	1.0
http://snomed.info/id/34841000	http://purl.org/sig/ont/fma/fma55281	1.0
http://snomed.info/id/34855008	http://purl.org/sig/ont/fma/fma9416	0.9461987
http://snomed.info/id/34863009	http://purl.org/sig/ont/fma/fma85538	1.0
http://snomed.info/id/34899004	http://purl.org/sig/ont/fma/fma9404	1.0
http://snomed.info/id/34918007	http://purl.org/sig/ont/fma/fma322816	0.98910683
http://snomed.info/id/34932009	http://purl.org/sig/ont/fma/fma42465	0.99392027
http://snomed.info/id/34959001	http://purl.org/sig/ont/fma/fma13507	0.90099585
http://snomed.info/id/34990004	http://purl.org/sig/ont/fma/fma14776	1.0
http://snomed.info/id/35054001	http://purl.org/sig/ont/fma/fma12154	1.0
http://snomed.info/id/35067003	http://purl.org/sig/ont/fma/fma265234	0.88552415
http://snomed.info/id/35112002	http://purl.org/sig/ont/fma/fma226221	0.85369778
http://snomed.info/id/35119006	http://purl.org/sig/ont/fma/fma29713	1.0
http://snomed.info/id/35120000	http://purl.org/sig/ont/fma/fma8678	1.0
http://snomed.info/id/35169003	http://purl.org/sig/ont/fma/fma39978	0.91710293
http://snomed.info/id/35173000	http://purl.org/sig/ont/fma/fma321466	1.0
http://snomed.info/id/3524005	http://purl.org/sig/ont/fma/fma323087	1.0
http://snomed.info/id/35278002	http://purl.org/sig/ont/fma/fma16901	1.0
http://snomed.info/id/35346007	http://purl.org/sig/ont/fma/fma14647	1.0
http://snomed.info/id/35366003	http://purl.org/sig/ont/fma/fma9580	1.0
http://snomed.info/id/35378004	http://purl.org/sig/ont/fma/fma15841	1.0
http://snomed.info/id/3541007	http://purl.org/sig/ont/fma/fma44644	1.0
http://snomed.info/id/35419003	http://purl.org/sig/ont/fma/fma75801	1.0
http://snomed.info/id/35465000	http://purl.org/sig/ont/fma/fma256526	0.9276284
http://snomed.info/id/35475002	http://purl.org/sig/ont/fma/fma23976	1.0
http://snomed.info/id/35483008	http://purl.org/sig/ont/fma/fma10072	1.0
http://snomed.info/id/35523009	http://purl.org/sig/ont/fma/fma70444	1.0
http://snomed.info/id/3553006	http://purl.org/sig/ont/fma/fma55513	1.0
http://snomed.info/id/35532006	http://purl.org/sig/ont/fma/fma321896	0.98183149
http://snomed.info/id/35536009	http://purl.org/sig/ont/fma/fma62202	1.0
http://snomed.info/id/35538005	http://purl.org/sig/ont/fma/fma77669	0.9779585
http://snomed.info/id/35616000	http://purl.org/sig/ont/fma/fma22541	1.0
http://snomed.info/id/35618004	http://purl.org/sig/ont/fma/fma34696	0.94396752
http://snomed.info/id/3563003	http://purl.org/sig/ont/fma/fma15893	1.0
http://snomed.info/id/3572006	http://purl.org/sig/ont/fma/fma11945	1.0
http://snomed.info/id/35721009	http://purl.org/sig/ont/fma/fma44232	1.0
http://snomed.info/id/35752005	http://purl.org/sig/ont/fma/fma46308	1.0
http://snomed.info/id/35761005	http://purl.org/sig/ont/fma/fma53445	1.0
http://snomed.info/id/35769007	http://purl.org/sig/ont/fma/fma26112	0.96615702
http://snomed.info/id/35783009	http://purl.org/sig/ont/fma/fma323953	0.86687171
http://snomed.info/id/35801000	http://purl.org/sig/ont/fma/fma37638	1.0
http://snomed.info/id/35816002	http://purl.org/sig/ont/fma/fma323406	0.87253571
http://snomed.info/id/3582007	http://purl.org/sig/ont/fma/fma16518	1.0
http://snomed.info/id/35826009	http://purl.org/sig/ont/fma/fma77264	1.0
http://snomed.info/id/35845000	http://purl.org/sig/ont/fma/fma15843	1.0
http://snomed.info/id/35854002	http://purl.org/sig/ont/fma/fma37026	0.92886144
http://snomed.info/id/35900000	http://purl.org/sig/ont/fma/fma19638	1.0
http://snomed.info/id/359541001	http://purl.org/sig/ont/fma/fma295874	1.0
http://snomed.info/id/35982005	http://purl.org/sig/ont/fma/fma71397	1.0
http://snomed.info/id/35989001	http://purl.org/sig/ont/fma/fma49540	1.0
http://snomed.info/id/35990005	http://purl.org/sig/ont/fma/fma49543	1.0
http://snomed.info/id/36023006	http://purl.org/sig/ont/fma/fma75481	1.0
http://snomed.info/id/360356002	http://purl.org/sig/ont/fma/fma13428	1.0
http://snomed.info/id/360357006	http://purl.org/sig/ont/fma/fma13429	1.0
http://snomed.info/id/36044006	http://purl.org/sig/ont/fma/fma58437	0.94352442
http://snomed.info/id/360459008	http://purl.org/sig/ont/fma/fma75511	0.92873871
http://snomed.info/id/360464007	http://purl.org/sig/ont/fma/fma84035	1.0
http://snomed.info/id/360477003	http://purl.org/sig/ont/fma/fma72472	1.0
http://snomed.info/id/360488009	http://purl.org/sig/ont/fma/fma52631	1.0
http://snomed.info/id/360497008	http://purl.org/sig/ont/fma/fma5859	0.85153079
http://snomed.info/id/360499006	http://purl.org/sig/ont/fma/fma10446	1.0
http://snomed.info/id/360518004	http://purl.org/sig/ont/fma/fma70358	1.0
http://snomed.info/id/360520001	http://purl.org/sig/ont/fma/fma14184	1.0
http://snomed.info/id/360531009	http://purl.org/sig/ont/fma/fma70345	1.0
http://snomed.info/id/360535000	http://purl.org/sig/ont/fma/fma76259	1.0
http://snomed.info/id/36054005	http://purl.org/sig/ont/fma/fma71184	0.8877902
http://snomed.info/id/360550009	http://purl.org/sig/ont/fma/fma22738	1.0
http://snomed.info/id/360551008	http://purl.org/sig/ont/fma/fma22799	1.0
http://snomed.info/id/360564009	http://purl.org/sig/ont/fma/fma77719	1.0
http://snomed.info/id/360570003	http://purl.org/sig/ont/fma/fma72644	1.0
http://snomed.info/id/360612005	http://purl.org/sig/ont/fma/fma77883	1.0
http://snomed.info/id/360625002	http://purl.org/sig/ont/fma/fma51244	1.0
http://snomed.info/id/360629008	http://purl.org/sig/ont/fma/fma70506	1.0
http://snomed.info/id/360637000	http://purl.org/sig/ont/fma/fma50883	1.0
http://snomed.info/id/36064001	http://purl.org/sig/ont/fma/fma58710	1.0
http://snomed.info/id/360701000	http://purl.org/sig/ont/fma/fma321719	1.0
http://snomed.info/id/360767004	http://purl.org/sig/ont/fma/fma311256	0.859896
http://snomed.info/id/360772008	http://purl.org/sig/ont/fma/fma46297	1.0
http://snomed.info/id/360777002	http://purl.org/sig/ont/fma/fma321721	1.0
http://snomed.info/id/36080006	http://purl.org/sig/ont/fma/fma58942	1.0
http://snomed.info/id/36082003	http://purl.org/sig/ont/fma/fma19595	1.0
http://snomed.info/id/36086000	http://purl.org/sig/ont/fma/fma16656	1.0
http://snomed.info/id/360881006	http://purl.org/sig/ont/fma/fma301855	1.0
http://snomed.info/id/360883009	http://purl.org/sig/ont/fma/fma45950	1.0
http://snomed.info/id/3609007	http://purl.org/sig/ont/fma/fma49644	1.0
http://snomed.info/id/360913002	http://purl.org/sig/ont/fma/fma322531	1.0
http://snomed.info/id/360930000	http://purl.org/sig/ont/fma/fma322526	1.0
http://snomed.info/id/360963007	http://purl.org/sig/ont/fma/fma322524	1.0
http://snomed.info/id/360981005	http://purl.org/sig/ont/fma/fma14496	1.0
http://snomed.info/id/360982003	http://purl.org/sig/ont/fma/fma72263	1.0
http://snomed.info/id/360995008	http://purl.org/sig/ont/fma/fma42770	1.0
http://snomed.info/id/361009002	http://purl.org/sig/ont/fma/fma322528	1.0
http://snomed.info/id/361016001	http://purl.org/sig/ont/fma/fma24517	0.97965455
http://snomed.info/id/361032003	http://purl.org/sig/ont/fma/fma240707	1.0
http://snomed.info/id/361035001	http://purl.org/sig/ont/fma/fma10982	0.95366877
http://snomed.info/id/36119000	http://purl.org/sig/ont/fma/fma74056	1.0
http://snomed.info/id/36141000	http://purl.org/sig/ont/fma/fma224068	0.96573627
http://snomed.info/id/361483008	http://purl.org/sig/ont/fma/fma61975	1.0
http://snomed.info/id/361538005	http://purl.org/sig/ont/fma/fma62372	1.0
http://snomed.info/id/361567006	http://purl.org/sig/ont/fma/fma73983	0.95079261
http://snomed.info/id/36157000	http://purl.org/sig/ont/fma/fma9988	1.0
http://snomed.info/id/361586003	http://purl.org/sig/ont/fma/fma77050	1.0
http://snomed.info/id/36159002	http://purl.org/sig/ont/fma/fma62394	1.0
http://snomed.info/id/361600002	http://purl.org/sig/ont/fma/fma5861	0.8796342
http://snomed.info/id/361601003	http://purl.org/sig/ont/fma/fma5862	0.8667565
http://snomed.info/id/361603000	http://purl.org/sig/ont/fma/fma10652	1.0
http://snomed.info/id/361604006	http://purl.org/sig/ont/fma/fma10653	1.0
http://snomed.info/id/361606008	http://purl.org/sig/ont/fma/fma10655	1.0
http://snomed.info/id/361607004	http://purl.org/sig/ont/fma/fma10656	1.0
http://snomed.info/id/361608009	http://purl.org/sig/ont/fma/fma10657	1.0
http://snomed.info/id/361609001	http://purl.org/sig/ont/fma/fma10649	1.0
http://snomed.info/id/361610006	http://purl.org/sig/ont/fma/fma10650	1.0
http://snomed.info/id/361614002	http://purl.org/sig/ont/fma/fma12286	1.0
http://snomed.info/id/361615001	http://purl.org/sig/ont/fma/fma12287	1.0
http://snomed.info/id/361616000	http://purl.org/sig/ont/fma/fma12288	1.0
http://snomed.info/id/361618004	http://purl.org/sig/ont/fma/fma12290	1.0
http://snomed.info/id/361619007	http://purl.org/sig/ont/fma/fma12291	1.0
http://snomed.info/id/361620001	http://purl.org/sig/ont/fma/fma12292	1.0
http://snomed.info/id/361621002	http://purl.org/sig/ont/fma/fma12293	1.0
http://snomed.info/id/361626007	http://purl.org/sig/ont/fma/fma4742	1.0
http://snomed.info/id/361627003	http://purl.org/sig/ont/fma/fma4741	1.0
http://snomed.info/id/361629000	http://purl.org/sig/ont/fma/fma4733	1.0
http://snomed.info/id/361630005	http://purl.org/sig/ont/fma/fma4734	1.0
http://snomed.info/id/361633007	http://purl.org/sig/ont/fma/fma4736	1.0
http://snomed.info/id/361637008	http://purl.org/sig/ont/fma/fma4737	1.0
http://snomed.info/id/361641007	http://purl.org/sig/ont/fma/fma4942	0.98450667
http://snomed.info/id/361644004	http://purl.org/sig/ont/fma/fma4800	1.0
http://snomed.info/id/361645003	http://purl.org/sig/ont/fma/fma4880	1.0
http://snomed.info/id/361647006	http://purl.org/sig/ont/fma/fma4878	1.0
http://snomed.info/id/361648001	http://purl.org/sig/ont/fma/fma4859	1.0
http://snomed.info/id/361649009	http://purl.org/sig/ont/fma/fma4860	1.0
http://snomed.info/id/361650009	http://purl.org/sig/ont/fma/fma4872	1.0
http://snomed.info/id/361652001	http://purl.org/sig/ont/fma/fma4874	1.0
http://snomed.info/id/361653006	http://purl.org/sig/ont/fma/fma4875	1.0
http://snomed.info/id/361654000	http://purl.org/sig/ont/fma/fma4876	1.0
http://snomed.info/id/361655004	http://purl.org/sig/ont/fma/fma4949	1.0
http://snomed.info/id/361656003	http://purl.org/sig/ont/fma/fma4962	1.0
http://snomed.info/id/361657007	http://purl.org/sig/ont/fma/fma4969	1.0
http://snomed.info/id/361659005	http://purl.org/sig/ont/fma/fma4983	1.0
http://snomed.info/id/361660000	http://purl.org/sig/ont/fma/fma4990	1.0
http://snomed.info/id/361661001	http://purl.org/sig/ont/fma/fma4997	1.0
http://snomed.info/id/361662008	http://purl.org/sig/ont/fma/fma5004	1.0
http://snomed.info/id/361663003	http://purl.org/sig/ont/fma/fma70175	1.0
http://snomed.info/id/361664009	http://purl.org/sig/ont/fma/fma20813	1.0
http://snomed.info/id/361666006	http://purl.org/sig/ont/fma/fma4950	1.0
http://snomed.info/id/361667002	http://purl.org/sig/ont/fma/fma4843	1.0
http://snomed.info/id/361688006	http://purl.org/sig/ont/fma/fma10651	1.0
http://snomed.info/id/36181007	http://purl.org/sig/ont/fma/fma61857	1.0
http://snomed.info/id/36183005	http://purl.org/sig/ont/fma/fma21501	1.0
http://snomed.info/id/36205006	http://purl.org/sig/ont/fma/fma75805	1.0
http://snomed.info/id/36214001	http://purl.org/sig/ont/fma/fma75639	1.0
http://snomed.info/id/36251007	http://purl.org/sig/ont/fma/fma16629	1.0
http://snomed.info/id/36256002	http://purl.org/sig/ont/fma/fma23920	1.0
http://snomed.info/id/36278009	http://purl.org/sig/ont/fma/fma323236	1.0
http://snomed.info/id/36284007	http://purl.org/sig/ont/fma/fma77842	0.94792551
http://snomed.info/id/362881004	http://purl.org/sig/ont/fma/fma6028	1.0
http://snomed.info/id/362884007	http://purl.org/sig/ont/fma/fma86294	1.0
http://snomed.info/id/362899007	http://purl.org/sig/ont/fma/fma321963	1.0
http://snomed.info/id/363520000	http://purl.org/sig/ont/fma/fma44055	1.0
http://snomed.info/id/363544003	http://purl.org/sig/ont/fma/fma322559	1.0
http://snomed.info/id/36364006	http://purl.org/sig/ont/fma/fma75477	1.0
http://snomed.info/id/36405008	http://purl.org/sig/ont/fma/fma78443	1.0
http://snomed.info/id/36411006	http://purl.org/sig/ont/fma/fma56844	1.0
http://snomed.info/id/36470004	http://purl.org/sig/ont/fma/fma71189	0.89967936
http://snomed.info/id/36514000	http://purl.org/sig/ont/fma/fma46562	1.0
http://snomed.info/id/36545001	http://purl.org/sig/ont/fma/fma27534	1.0
http://snomed.info/id/36566009	http://purl.org/sig/ont/fma/fma50928	1.0
http://snomed.info/id/36672000	http://purl.org/sig/ont/fma/fma3884	1.0
http://snomed.info/id/36686001	http://purl.org/sig/ont/fma/fma3731	0.93999285
http://snomed.info/id/36724005	http://purl.org/sig/ont/fma/fma54250	1.0
http://snomed.info/id/36733007	http://purl.org/sig/ont/fma/fma6471	1.0
http://snomed.info/id/367576007	http://purl.org/sig/ont/fma/fma54240	0.86560595
http://snomed.info/id/367589001	http://purl.org/sig/ont/fma/fma5035	1.0
http://snomed.info/id/367597008	http://purl.org/sig/ont/fma/fma323213	1.0
http://snomed.info/id/367601008	http://purl.org/sig/ont/fma/fma55019	1.0
http://snomed.info/id/367606003	http://purl.org/sig/ont/fma/fma16003	1.0
http://snomed.info/id/367607007	http://purl.org/sig/ont/fma/fma17853	0.93417543
http://snomed.info/id/367613003	http://purl.org/sig/ont/fma/fma323217	1.0
http://snomed.info/id/367655007	http://purl.org/sig/ont/fma/fma322988	1.0
http://snomed.info/id/367665001	http://purl.org/sig/ont/fma/fma21264	1.0
http://snomed.info/id/367708009	http://purl.org/sig/ont/fma/fma14345	1.0
http://snomed.info/id/367709001	http://purl.org/sig/ont/fma/fma14341	1.0
http://snomed.info/id/367732002	http://purl.org/sig/ont/fma/fma21354	0.96989185
http://snomed.info/id/367733007	http://purl.org/sig/ont/fma/fma21354	1.0
http://snomed.info/id/367735000	http://purl.org/sig/ont/fma/fma21384	1.0
http://snomed.info/id/367736004	http://purl.org/sig/ont/fma/fma19645	1.0
http://snomed.info/id/367769004	http://purl.org/sig/ont/fma/fma3994	1.0
http://snomed.info/id/367772006	http://purl.org/sig/ont/fma/fma10647	1.0
http://snomed.info/id/367788006	http://purl.org/sig/ont/fma/fma7489	1.0
http://snomed.info/id/367905001	http://purl.org/sig/ont/fma/fma323271	1.0
http://snomed.info/id/367906000	http://purl.org/sig/ont/fma/fma7632	1.0
http://snomed.info/id/367908004	http://purl.org/sig/ont/fma/fma7751	1.0
http://snomed.info/id/367910002	http://purl.org/sig/ont/fma/fma7805	1.0
http://snomed.info/id/367912005	http://purl.org/sig/ont/fma/fma8122	1.0
http://snomed.info/id/367913000	http://purl.org/sig/ont/fma/fma8339	1.0
http://snomed.info/id/367917004	http://purl.org/sig/ont/fma/fma7601	1.0
http://snomed.info/id/367918009	http://purl.org/sig/ont/fma/fma7622	1.0
http://snomed.info/id/367920007	http://purl.org/sig/ont/fma/fma7755	1.0
http://snomed.info/id/367921006	http://purl.org/sig/ont/fma/fma7782	1.0
http://snomed.info/id/367922004	http://purl.org/sig/ont/fma/fma7809	1.0
http://snomed.info/id/367923009	http://purl.org/sig/ont/fma/fma7836	1.0
http://snomed.info/id/367925002	http://purl.org/sig/ont/fma/fma8343	1.0
http://snomed.info/id/367928000	http://purl.org/sig/ont/fma/fma323369	1.0
http://snomed.info/id/367933001	http://purl.org/sig/ont/fma/fma66093	1.0
http://snomed.info/id/367934007	http://purl.org/sig/ont/fma/fma66095	1.0
http://snomed.info/id/367935008	http://purl.org/sig/ont/fma/fma66096	1.0
http://snomed.info/id/367936009	http://purl.org/sig/ont/fma/fma66097	1.0
http://snomed.info/id/367938005	http://purl.org/sig/ont/fma/fma66099	1.0
http://snomed.info/id/367940000	http://purl.org/sig/ont/fma/fma66101	1.0
http://snomed.info/id/367945005	http://purl.org/sig/ont/fma/fma7629	1.0
http://snomed.info/id/367947002	http://purl.org/sig/ont/fma/fma7787	1.0
http://snomed.info/id/367948007	http://purl.org/sig/ont/fma/fma7814	1.0
http://snomed.info/id/367949004	http://purl.org/sig/ont/fma/fma7841	1.0
http://snomed.info/id/367950004	http://purl.org/sig/ont/fma/fma8131	1.0
http://snomed.info/id/367951000	http://purl.org/sig/ont/fma/fma8348	1.0
http://snomed.info/id/367955009	http://purl.org/sig/ont/fma/fma7608	1.0
http://snomed.info/id/367957001	http://purl.org/sig/ont/fma/fma7711	1.0
http://snomed.info/id/367960008	http://purl.org/sig/ont/fma/fma7815	1.0
http://snomed.info/id/367962000	http://purl.org/sig/ont/fma/fma8132	1.0
http://snomed.info/id/367963005	http://purl.org/sig/ont/fma/fma8349	1.0
http://snomed.info/id/367965003	http://purl.org/sig/ont/fma/fma8520	1.0
http://snomed.info/id/367970005	http://purl.org/sig/ont/fma/fma7714	1.0
http://snomed.info/id/367976004	http://purl.org/sig/ont/fma/fma8352	1.0
http://snomed.info/id/367980009	http://purl.org/sig/ont/fma/fma7602	1.0
http://snomed.info/id/367981008	http://purl.org/sig/ont/fma/fma7623	1.0
http://snomed.info/id/367982001	http://purl.org/sig/ont/fma/fma7700	1.0
http://snomed.info/id/367983006	http://purl.org/sig/ont/fma/fma7757	1.0
http://snomed.info/id/367985004	http://purl.org/sig/ont/fma/fma7811	1.0
http://snomed.info/id/367986003	http://purl.org/sig/ont/fma/fma7838	1.0
http://snomed.info/id/367987007	http://purl.org/sig/ont/fma/fma8128	1.0
http://snomed.info/id/367988002	http://purl.org/sig/ont/fma/fma8345	1.0
http://snomed.info/id/367991002	http://purl.org/sig/ont/fma/fma8517	1.0
http://snomed.info/id/368061007	http://purl.org/sig/ont/fma/fma4877	1.0
http://snomed.info/id/368062000	http://purl.org/sig/ont/fma/fma4797	1.0
http://snomed.info/id/368064004	http://purl.org/sig/ont/fma/fma4858	1.0
http://snomed.info/id/368121008	http://purl.org/sig/ont/fma/fma59516	1.0
http://snomed.info/id/368145007	http://purl.org/sig/ont/fma/fma23706	1.0
http://snomed.info/id/368146008	http://purl.org/sig/ont/fma/fma39484	1.0
http://snomed.info/id/368167008	http://purl.org/sig/ont/fma/fma26012	1.0
http://snomed.info/id/368168003	http://purl.org/sig/ont/fma/fma26014	1.0
http://snomed.info/id/368169006	http://purl.org/sig/ont/fma/fma26026	1.0
http://snomed.info/id/368172004	http://purl.org/sig/ont/fma/fma25950	1.0
http://snomed.info/id/368242002	http://purl.org/sig/ont/fma/fma71400	1.0
http://snomed.info/id/368243007	http://purl.org/sig/ont/fma/fma71401	1.0
http://snomed.info/id/368244001	http://purl.org/sig/ont/fma/fma71404	1.0
http://snomed.info/id/368245000	http://purl.org/sig/ont/fma/fma71405	1.0
http://snomed.info/id/368246004	http://purl.org/sig/ont/fma/fma71406	1.0
http://snomed.info/id/368247008	http://purl.org/sig/ont/fma/fma42304	1.0
http://snomed.info/id/368248003	http://purl.org/sig/ont/fma/fma42305	1.0
http://snomed.info/id/368250006	http://purl.org/sig/ont/fma/fma71402	1.0
http://snomed.info/id/368251005	http://purl.org/sig/ont/fma/fma71403	1.0
http://snomed.info/id/368254002	http://purl.org/sig/ont/fma/fma42459	1.0
http://snomed.info/id/36840001	http://purl.org/sig/ont/fma/fma58239	1.0
http://snomed.info/id/368452000	http://purl.org/sig/ont/fma/fma71409	1.0
http://snomed.info/id/368453005	http://purl.org/sig/ont/fma/fma71410	1.0
http://snomed.info/id/368469003	http://purl.org/sig/ont/fma/fma321492	0.89223421
http://snomed.info/id/368470002	http://purl.org/sig/ont/fma/fma22852	1.0
http://snomed.info/id/36847003	http://purl.org/sig/ont/fma/fma55108	1.0
http://snomed.info/id/368474006	http://purl.org/sig/ont/fma/fma321492	0.9710986
http://snomed.info/id/368479001	http://purl.org/sig/ont/fma/fma22914	1.0
http://snomed.info/id/368480003	http://purl.org/sig/ont/fma/fma22958	0.94588035
http://snomed.info/id/368481004	http://purl.org/sig/ont/fma/fma22911	1.0
http://snomed.info/id/368502006	http://purl.org/sig/ont/fma/fma22656	1.0
http://snomed.info/id/368504007	http://purl.org/sig/ont/fma/fma22734	1.0
http://snomed.info/id/368506009	http://purl.org/sig/ont/fma/fma22798	1.0
http://snomed.info/id/368509002	http://purl.org/sig/ont/fma/fma22761	1.0
http://snomed.info/id/368518000	http://purl.org/sig/ont/fma/fma22695	1.0
http://snomed.info/id/368550005	http://purl.org/sig/ont/fma/fma44313	1.0
http://snomed.info/id/368636005	http://purl.org/sig/ont/fma/fma323070	1.0
http://snomed.info/id/368701001	http://purl.org/sig/ont/fma/fma84200	1.0
http://snomed.info/id/368721000	http://purl.org/sig/ont/fma/fma59986	1.0
http://snomed.info/id/368722007	http://purl.org/sig/ont/fma/fma71643	1.0
http://snomed.info/id/368729003	http://purl.org/sig/ont/fma/fma54822	0.94991213
http://snomed.info/id/368730008	http://purl.org/sig/ont/fma/fma54820	0.99377561
http://snomed.info/id/368732000	http://purl.org/sig/ont/fma/fma54821	0.96922088
http://snomed.info/id/368785007	http://purl.org/sig/ont/fma/fma70742	1.0
http://snomed.info/id/368801009	http://purl.org/sig/ont/fma/fma49956	1.0
http://snomed.info/id/368802002	http://purl.org/sig/ont/fma/fma49955	1.0
http://snomed.info/id/368903006	http://purl.org/sig/ont/fma/fma322839	0.98668855
http://snomed.info/id/368911001	http://purl.org/sig/ont/fma/fma322865	1.0
http://snomed.info/id/368912008	http://purl.org/sig/ont/fma/fma322866	1.0
http://snomed.info/id/368970008	http://purl.org/sig/ont/fma/fma77723	1.0
http://snomed.info/id/36913000	http://purl.org/sig/ont/fma/fma9223	1.0
http://snomed.info/id/369188008	http://purl.org/sig/ont/fma/fma62070	1.0
http://snomed.info/id/369298005	http://purl.org/sig/ont/fma/fma50029	1.0
http://snomed.info/id/369299002	http://purl.org/sig/ont/fma/fma50030	1.0
http://snomed.info/id/369300005	http://purl.org/sig/ont/fma/fma50584	1.0
http://snomed.info/id/369304001	http://purl.org/sig/ont/fma/fma322914	1.0
http://snomed.info/id/369306004	http://purl.org/sig/ont/fma/fma322915	1.0
http://snomed.info/id/369307008	http://purl.org/sig/ont/fma/fma50485	1.0
http://snomed.info/id/369308003	http://purl.org/sig/ont/fma/fma50488	1.0
http://snomed.info/id/369309006	http://purl.org/sig/ont/fma/fma322916	1.0
http://snomed.info/id/369310001	http://purl.org/sig/ont/fma/fma50382	1.0
http://snomed.info/id/369311002	http://purl.org/sig/ont/fma/fma50458	1.0
http://snomed.info/id/369312009	http://purl.org/sig/ont/fma/fma322917	1.0
http://snomed.info/id/369313004	http://purl.org/sig/ont/fma/fma322921	1.0
http://snomed.info/id/369317003	http://purl.org/sig/ont/fma/fma322919	1.0
http://snomed.info/id/369318008	http://purl.org/sig/ont/fma/fma50327	0.86411071
http://snomed.info/id/369335007	http://purl.org/sig/ont/fma/fma50329	1.0
http://snomed.info/id/369337004	http://purl.org/sig/ont/fma/fma322911	1.0
http://snomed.info/id/369339001	http://purl.org/sig/ont/fma/fma50337	1.0
http://snomed.info/id/369344008	http://purl.org/sig/ont/fma/fma50630	1.0
http://snomed.info/id/369349003	http://purl.org/sig/ont/fma/fma322929	1.0
http://snomed.info/id/369350003	http://purl.org/sig/ont/fma/fma50655	1.0
http://snomed.info/id/369352006	http://purl.org/sig/ont/fma/fma50082	1.0
http://snomed.info/id/369353001	http://purl.org/sig/ont/fma/fma50083	1.0
http://snomed.info/id/369356009	http://purl.org/sig/ont/fma/fma50560	1.0
http://snomed.info/id/369357000	http://purl.org/sig/ont/fma/fma322924	1.0
http://snomed.info/id/369363009	http://purl.org/sig/ont/fma/fma50839	1.0
http://snomed.info/id/369365002	http://purl.org/sig/ont/fma/fma51288	0.95092338
http://snomed.info/id/369367005	http://purl.org/sig/ont/fma/fma51314	1.0
http://snomed.info/id/369368000	http://purl.org/sig/ont/fma/fma51322	1.0
http://snomed.info/id/369369008	http://purl.org/sig/ont/fma/fma50998	1.0
http://snomed.info/id/369370009	http://purl.org/sig/ont/fma/fma323252	1.0
http://snomed.info/id/369371008	http://purl.org/sig/ont/fma/fma51009	0.99805361
http://snomed.info/id/369373006	http://purl.org/sig/ont/fma/fma51011	0.97649962
http://snomed.info/id/369374000	http://purl.org/sig/ont/fma/fma323253	1.0
http://snomed.info/id/369375004	http://purl.org/sig/ont/fma/fma51026	1.0
http://snomed.info/id/369376003	http://purl.org/sig/ont/fma/fma51227	1.0
http://snomed.info/id/369377007	http://purl.org/sig/ont/fma/fma51232	1.0
http://snomed.info/id/369378002	http://purl.org/sig/ont/fma/fma51233	1.0
http://snomed.info/id/369380008	http://purl.org/sig/ont/fma/fma51335	0.92324764
http://snomed.info/id/369381007	http://purl.org/sig/ont/fma/fma51332	1.0
http://snomed.info/id/369383005	http://purl.org/sig/ont/fma/fma323255	1.0
http://snomed.info/id/369384004	http://purl.org/sig/ont/fma/fma51343	0.97246289
http://snomed.info/id/369401005	http://purl.org/sig/ont/fma/fma52672	1.0
http://snomed.info/id/36947002	http://purl.org/sig/ont/fma/fma49720	1.0
http://snomed.info/id/36978003	http://purl.org/sig/ont/fma/fma71183	0.87290913
http://snomed.info/id/370140002	http://purl.org/sig/ont/fma/fma68413	1.0
http://snomed.info/id/37029000	http://purl.org/sig/ont/fma/fma273671	1.0
http://snomed.info/id/37035000	http://purl.org/sig/ont/fma/fma260761	1.0
http://snomed.info/id/37047006	http://purl.org/sig/ont/fma/fma62056	1.0
http://snomed.info/id/370618005	http://purl.org/sig/ont/fma/fma324033	1.0
http://snomed.info/id/37065005	http://purl.org/sig/ont/fma/fma324034	1.0
http://snomed.info/id/37108007	http://purl.org/sig/ont/fma/fma322319	0.98747039
http://snomed.info/id/37111008	http://purl.org/sig/ont/fma/fma70728	1.0
http://snomed.info/id/371282001	http://purl.org/sig/ont/fma/fma75830	0.94018841
http://snomed.info/id/371293004	http://purl.org/sig/ont/fma/fma75829	0.94654703
http://snomed.info/id/371304004	http://purl.org/sig/ont/fma/fma37754	0.97043431
http://snomed.info/id/371305003	http://purl.org/sig/ont/fma/fma322273	0.96518362
http://snomed.info/id/371309009	http://purl.org/sig/ont/fma/fma300373	0.94570714
http://snomed.info/id/37144002	http://purl.org/sig/ont/fma/fma53480	1.0
http://snomed.info/id/371504003	http://purl.org/sig/ont/fma/fma39795	1.0
http://snomed.info/id/37181003	http://purl.org/sig/ont/fma/fma72636	1.0
http://snomed.info/id/37198003	http://purl.org/sig/ont/fma/fma5982	1.0
http://snomed.info/id/372073000	http://purl.org/sig/ont/fma/fma61817	1.0
http://snomed.info/id/372167004	http://purl.org/sig/ont/fma/fma34996	0.97980875
http://snomed.info/id/37248005	http://purl.org/sig/ont/fma/fma43706	1.0
http://snomed.info/id/37252005	http://purl.org/sig/ont/fma/fma45250	0.97404015
http://snomed.info/id/37274004	http://purl.org/sig/ont/fma/fma14775	1.0
http://snomed.info/id/37342008	http://purl.org/sig/ont/fma/fma322660	1.0
http://snomed.info/id/373608004	http://purl.org/sig/ont/fma/fma317481	0.92257023
http://snomed.info/id/37397003	http://purl.org/sig/ont/fma/fma17757	0.93914384
http://snomed.info/id/37414007	http://purl.org/sig/ont/fma/fma13900	0.91482842
http://snomed.info/id/3743007	http://purl.org/sig/ont/fma/fma22674	1.0
http://snomed.info/id/37457002	http://purl.org/sig/ont/fma/fma15059	1.0
http://snomed.info/id/37609000	http://purl.org/sig/ont/fma/fma52612	1.0
http://snomed.info/id/3761003	http://purl.org/sig/ont/fma/fma10459	0.94624013
http://snomed.info/id/37641006	http://purl.org/sig/ont/fma/fma72507	1.0
http://snomed.info/id/37652000	http://purl.org/sig/ont/fma/fma44239	0.98973346
http://snomed.info/id/37684007	http://purl.org/sig/ont/fma/fma52386	1.0
http://snomed.info/id/37724000	http://purl.org/sig/ont/fma/fma52868	1.0
http://snomed.info/id/37728002	http://purl.org/sig/ont/fma/fma52832	1.0
http://snomed.info/id/37735005	http://purl.org/sig/ont/fma/fma321475	1.0
http://snomed.info/id/37753004	http://purl.org/sig/ont/fma/fma6880	1.0
http://snomed.info/id/37783008	http://purl.org/sig/ont/fma/fma16579	0.93014258
http://snomed.info/id/37858003	http://purl.org/sig/ont/fma/fma42869	1.0
http://snomed.info/id/3788008	http://purl.org/sig/ont/fma/fma7366	1.0
http://snomed.info/id/37899009	http://purl.org/sig/ont/fma/fma50871	1.0
http://snomed.info/id/37908006	http://purl.org/sig/ont/fma/fma77299	1.0
http://snomed.info/id/37977002	http://purl.org/sig/ont/fma/fma55654	1.0
http://snomed.info/id/38006005	http://purl.org/sig/ont/fma/fma32919	1.0
http://snomed.info/id/38034003	http://purl.org/sig/ont/fma/fma16519	1.0
http://snomed.info/id/38056000	http://purl.org/sig/ont/fma/fma323317	1.0
http://snomed.info/id/38067004	http://purl.org/sig/ont/fma/fma62064	0.86102748
http://snomed.info/id/38085006	http://purl.org/sig/ont/fma/fma18656	1.0
http://snomed.info/id/38108009	http://purl.org/sig/ont/fma/fma62842	1.0
http://snomed.info/id/38110006	http://purl.org/sig/ont/fma/fma22750	1.0
http://snomed.info/id/38121002	http://purl.org/sig/ont/fma/fma322062	1.0
http://snomed.info/id/38199008	http://purl.org/sig/ont/fma/fma12516	1.0
http://snomed.info/id/38242008	http://purl.org/sig/ont/fma/fma45655	1.0
http://snomed.info/id/38259003	http://purl.org/sig/ont/fma/fma38518	1.0
http://snomed.info/id/38335005	http://purl.org/sig/ont/fma/fma77790	0.91282219
http://snomed.info/id/38387009	http://purl.org/sig/ont/fma/fma52688	0.95826054
http://snomed.info/id/38389007	http://purl.org/sig/ont/fma/fma62019	1.0
http://snomed.info/id/38393001	http://purl.org/sig/ont/fma/fma49739	1.0
http://snomed.info/id/38407007	http://purl.org/sig/ont/fma/fma322677	0.98303276
http://snomed.info/id/38412008	http://purl.org/sig/ont/fma/fma58072	1.0
http://snomed.info/id/38454006	http://purl.org/sig/ont/fma/fma16551	1.0
http://snomed.info/id/38464002	http://purl.org/sig/ont/fma/fma14385	1.0
http://snomed.info/id/385294005	http://purl.org/sig/ont/fma/fma9597	1.0
http://snomed.info/id/385296007	http://purl.org/sig/ont/fma/fma320442	0.92637318
http://snomed.info/id/38650005	http://purl.org/sig/ont/fma/fma55226	0.96171314
http://snomed.info/id/38671000	http://purl.org/sig/ont/fma/fma60128	1.0
http://snomed.info/id/38702002	http://purl.org/sig/ont/fma/fma51141	1.0
http://snomed.info/id/38703007	http://purl.org/sig/ont/fma/fma323251	1.0
http://snomed.info/id/38715006	http://purl.org/sig/ont/fma/fma52860	1.0
http://snomed.info/id/3877006	http://purl.org/sig/ont/fma/fma67576	1.0
http://snomed.info/id/38781007	http://purl.org/sig/ont/fma/fma71222	1.0
http://snomed.info/id/387910009	http://purl.org/sig/ont/fma/fma9602	1.0
http://snomed.info/id/38798007	http://purl.org/sig/ont/fma/fma59045	1.0
http://snomed.info/id/38848004	http://purl.org/sig/ont/fma/fma7206	0.9601413
http://snomed.info/id/38881003	http://purl.org/sig/ont/fma/fma58151	1.0
http://snomed.info/id/38896004	http://purl.org/sig/ont/fma/fma84243	0.85309625
http://snomed.info/id/38917008	http://purl.org/sig/ont/fma/fma3949	1.0
http://snomed.info/id/38925005	http://purl.org/sig/ont/fma/fma72206	0.94168258
http://snomed.info/id/38934000	http://purl.org/sig/ont/fma/fma54439	1.0
http://snomed.info/id/38991005	http://purl.org/sig/ont/fma/fma4163	1.0
http://snomed.info/id/39039000	http://purl.org/sig/ont/fma/fma68805	1.0
http://snomed.info/id/39043001	http://purl.org/sig/ont/fma/fma15821	1.0
http://snomed.info/id/39057004	http://purl.org/sig/ont/fma/fma7246	1.0
http://snomed.info/id/39066000	http://purl.org/sig/ont/fma/fma55230	1.0
http://snomed.info/id/39078001	http://purl.org/sig/ont/fma/fma51913	1.0
http://snomed.info/id/39151000	http://purl.org/sig/ont/fma/fma55655	0.88328451
http://snomed.info/id/39171009	http://purl.org/sig/ont/fma/fma76822	0.9540534
http://snomed.info/id/39206008	http://purl.org/sig/ont/fma/fma76863	1.0
http://snomed.info/id/39226007	http://purl.org/sig/ont/fma/fma9290	1.0
http://snomed.info/id/392261001	http://purl.org/sig/ont/fma/fma322514	0.98974556
http://snomed.info/id/392262008	http://purl.org/sig/ont/fma/fma54237	1.0
http://snomed.info/id/392406005	http://purl.org/sig/ont/fma/fma58252	1.0
http://snomed.info/id/392565009	http://purl.org/sig/ont/fma/fma22474	1.0
http://snomed.info/id/39322007	http://purl.org/sig/ont/fma/fma50865	1.0
http://snomed.info/id/39328006	http://purl.org/sig/ont/fma/fma42809	1.0
http://snomed.info/id/39345001	http://purl.org/sig/ont/fma/fma58714	1.0
http://snomed.info/id/3935005	http://purl.org/sig/ont/fma/fma8419	1.0
http://snomed.info/id/39382005	http://purl.org/sig/ont/fma/fma73971	0.99429673
http://snomed.info/id/39421004	http://purl.org/sig/ont/fma/fma38494	1.0
http://snomed.info/id/39484005	http://purl.org/sig/ont/fma/fma8678	1.0
http://snomed.info/id/39509000	http://purl.org/sig/ont/fma/fma62023	1.0
http://snomed.info/id/39582006	http://purl.org/sig/ont/fma/fma7406	1.0
http://snomed.info/id/39583001	http://purl.org/sig/ont/fma/fma49465	1.0
http://snomed.info/id/3960005	http://purl.org/sig/ont/fma/fma77626	1.0
http://snomed.info/id/39607008	http://purl.org/sig/ont/fma/fma7195	1.0
http://snomed.info/id/3964001	http://purl.org/sig/ont/fma/fma83874	1.0
http://snomed.info/id/39691001	http://purl.org/sig/ont/fma/fma42993	1.0
http://snomed.info/id/396956009	http://purl.org/sig/ont/fma/fma63957	0.95497811
http://snomed.info/id/39699004	http://purl.org/sig/ont/fma/fma77069	0.95126569
http://snomed.info/id/397156000	http://purl.org/sig/ont/fma/fma278537	1.0
http://snomed.info/id/397319000	http://purl.org/sig/ont/fma/fma53672	1.0
http://snomed.info/id/397439002	http://purl.org/sig/ont/fma/fma15405	1.0
http://snomed.info/id/39759006	http://purl.org/sig/ont/fma/fma9178	1.0
http://snomed.info/id/39773002	http://purl.org/sig/ont/fma/fma11307	1.0
http://snomed.info/id/39796002	http://purl.org/sig/ont/fma/fma321471	1.0
http://snomed.info/id/39803005	http://purl.org/sig/ont/fma/fma74877	1.0
http://snomed.info/id/39831001	http://purl.org/sig/ont/fma/fma61119	1.0
http://snomed.info/id/3984002	http://purl.org/sig/ont/fma/fma77504	0.97643477
http://snomed.info/id/3989007	http://purl.org/sig/ont/fma/fma61840	1.0
http://snomed.info/id/39970006	http://purl.org/sig/ont/fma/fma49909	1.0
http://snomed.info/id/40069000	http://purl.org/sig/ont/fma/fma24762	0.95997876
http://snomed.info/id/402006	http://purl.org/sig/ont/fma/fma49699	1.0
http://snomed.info/id/40242007	http://purl.org/sig/ont/fma/fma16649	1.0
http://snomed.info/id/40268000	http://purl.org/sig/ont/fma/fma72261	1.0
http://snomed.info/id/40284004	http://purl.org/sig/ont/fma/fma37688	1.0
http://snomed.info/id/40343004	http://purl.org/sig/ont/fma/fma10024	1.0
http://snomed.info/id/40367007	http://purl.org/sig/ont/fma/fma78456	1.0
http://snomed.info/id/40384001	http://purl.org/sig/ont/fma/fma76642	1.0
http://snomed.info/id/40460005	http://purl.org/sig/ont/fma/fma52861	0.94044048
http://snomed.info/id/40476001	http://purl.org/sig/ont/fma/fma15894	1.0
http://snomed.info/id/40572002	http://purl.org/sig/ont/fma/fma44687	1.0
http://snomed.info/id/40676009	http://purl.org/sig/ont/fma/fma9872	1.0
http://snomed.info/id/40678005	http://purl.org/sig/ont/fma/fma75002	1.00000024
http://snomed.info/id/40684008	http://purl.org/sig/ont/fma/fma16659	1.0
http://snomed.info/id/40689003	http://purl.org/sig/ont/fma/fma7210	1.0
http://snomed.info/id/40716006	http://purl.org/sig/ont/fma/fma55531	0.92360878
http://snomed.info/id/4072009	http://purl.org/sig/ont/fma/fma35498	1.0
http://snomed.info/id/40745008	http://purl.org/sig/ont/fma/fma14923	1.0
http://snomed.info/id/40749002	http://purl.org/sig/ont/fma/fma86487	1.0
http://snomed.info/id/40827000	http://purl.org/sig/ont/fma/fma26029	1.0
http://snomed.info/id/40859007	http://purl.org/sig/ont/fma/fma46325	1.0
http://snomed.info/id/40867004	http://purl.org/sig/ont/fma/fma49178	1.0
http://snomed.info/id/40880001	http://purl.org/sig/ont/fma/fma14326	1.0
http://snomed.info/id/40908007	http://purl.org/sig/ont/fma/fma10458	0.89827818
http://snomed.info/id/40914000	http://purl.org/sig/ont/fma/fma13526	0.89729047
http://snomed.info/id/4093007	http://purl.org/sig/ont/fma/fma6247	0.9843449
http://snomed.info/id/40934004	http://purl.org/sig/ont/fma/fma48962	1.0
http://snomed.info/id/409996005	http://purl.org/sig/ont/fma/fma20487	1.0
http://snomed.info/id/41026000	http://purl.org/sig/ont/fma/fma29180	0.94020772
http://snomed.info/id/410432002	http://purl.org/sig/ont/fma/fma321146	0.89114767
http://snomed.info/id/41046005	http://purl.org/sig/ont/fma/fma75427	0.91963834
http://snomed.info/id/410741006	http://purl.org/sig/ont/fma/fma19659	1.0
http://snomed.info/id/41077007	http://purl.org/sig/ont/fma/fma6287	1.0
http://snomed.info/id/41123005	http://purl.org/sig/ont/fma/fma22471	0.94909281
http://snomed.info/id/41145006	http://purl.org/sig/ont/fma/fma16643	1.0
http://snomed.info/id/41151001	http://purl.org/sig/ont/fma/fma57731	1.0
http://snomed.info/id/41216001	http://purl.org/sig/ont/fma/fma66806	0.92106682
http://snomed.info/id/41219008	http://purl.org/sig/ont/fma/fma24928	0.9984501
http://snomed.info/id/41272007	http://purl.org/sig/ont/fma/fma75689	1.0
http://snomed.info/id/41275009	http://purl.org/sig/ont/fma/fma58627	1.0
http://snomed.info/id/41288007	http://purl.org/sig/ont/fma/fma49158	0.88644063
http://snomed.info/id/41310005	http://purl.org/sig/ont/fma/fma322635	0.95455992
http://snomed.info/id/41313007	http://purl.org/sig/ont/fma/fma9757	1.0
http://snomed.info/id/41376008	http://purl.org/sig/ont/fma/fma70669	1.0
http://snomed.info/id/414003	http://purl.org/sig/ont/fma/fma14559	1.0
http://snomed.info/id/41425009	http://purl.org/sig/ont/fma/fma14583	1.0
http://snomed.info/id/41442003	http://purl.org/sig/ont/fma/fma22436	0.9159463
http://snomed.info/id/414650007	http://purl.org/sig/ont/fma/fma317483	0.94227362
http://snomed.info/id/414722000	http://purl.org/sig/ont/fma/fma79633	0.88095433
http://snomed.info/id/414723005	http://purl.org/sig/ont/fma/fma50368	0.90520388
http://snomed.info/id/41477003	http://purl.org/sig/ont/fma/fma7710	1.0
http://snomed.info/id/4150005	http://purl.org/sig/ont/fma/fma85147	0.87148833
http://snomed.info/id/415144009	http://purl.org/sig/ont/fma/fma50590	0.92876089
http://snomed.info/id/415145005	http://purl.org/sig/ont/fma/fma50591	0.94126642
http://snomed.info/id/415635007	http://purl.org/sig/ont/fma/fma52832	1.0
http://snomed.info/id/415636008	http://purl.org/sig/ont/fma/fma52897	1.0
http://snomed.info/id/41575008	http://purl.org/sig/ont/fma/fma46696	1.0
http://snomed.info/id/4158003	http://purl.org/sig/ont/fma/fma6640	1.0
http://snomed.info/id/41596001	http://purl.org/sig/ont/fma/fma18317	1.0
http://snomed.info/id/41601005	http://purl.org/sig/ont/fma/fma7577	1.0
http://snomed.info/id/41618009	http://purl.org/sig/ont/fma/fma13554	0.9979794
http://snomed.info/id/41631004	http://purl.org/sig/ont/fma/fma76853	1.0
http://snomed.info/id/41657001	http://purl.org/sig/ont/fma/fma58329	1.0
http://snomed.info/id/416599001	http://purl.org/sig/ont/fma/fma42765	1.0
http://snomed.info/id/41695006	http://purl.org/sig/ont/fma/fma46494	1.0
http://snomed.info/id/417266007	http://purl.org/sig/ont/fma/fma59527	0.94512141
http://snomed.info/id/41728005	http://purl.org/sig/ont/fma/fma40006	1.0
http://snomed.info/id/417632006	http://purl.org/sig/ont/fma/fma15075	1.0
http://snomed.info/id/41765007	http://purl.org/sig/ont/fma/fma7419	1.0
http://snomed.info/id/41767004	http://purl.org/sig/ont/fma/fma19259	1.0
http://snomed.info/id/41776006	http://purl.org/sig/ont/fma/fma58611	1.0
http://snomed.info/id/41782009	http://purl.org/sig/ont/fma/fma77559	1.0
http://snomed.info/id/41794000	http://purl.org/sig/ont/fma/fma58746	1.0
http://snomed.info/id/41801008	http://purl.org/sig/ont/fma/fma49893	1.0
http://snomed.info/id/418337005	http://purl.org/sig/ont/fma/fma323386	1.0
http://snomed.info/id/41845008	http://purl.org/sig/ont/fma/fma52750	0.97477633
http://snomed.info/id/418643001	http://purl.org/sig/ont/fma/fma323391	1.0
http://snomed.info/id/41933003	http://purl.org/sig/ont/fma/fma31893	1.0
http://snomed.info/id/41935005	http://purl.org/sig/ont/fma/fma24769	0.87098956
http://snomed.info/id/41948009	http://purl.org/sig/ont/fma/fma14986	0.91117913
http://snomed.info/id/41949001	http://purl.org/sig/ont/fma/fma45087	1.0
http://snomed.info/id/41951002	http://purl.org/sig/ont/fma/fma62182	0.92946947
http://snomed.info/id/42000008	http://purl.org/sig/ont/fma/fma7361	1.0
http://snomed.info/id/420455000	http://purl.org/sig/ont/fma/fma59705	1.0
http://snomed.info/id/420575006	http://purl.org/sig/ont/fma/fma15376	1.0
http://snomed.info/id/420769004	http://purl.org/sig/ont/fma/fma7477	1.0
http://snomed.info/id/42088004	http://purl.org/sig/ont/fma/fma49026	1.0
http://snomed.info/id/421060004	http://purl.org/sig/ont/fma/fma13478	1.0
http://snomed.info/id/42118008	http://purl.org/sig/ont/fma/fma70374	1.0
http://snomed.info/id/421235005	http://purl.org/sig/ont/fma/fma9611	1.0
http://snomed.info/id/42135007	http://purl.org/sig/ont/fma/fma322311	1.0
http://snomed.info/id/421456005	http://purl.org/sig/ont/fma/fma84207	1.0
http://snomed.info/id/4215008	http://purl.org/sig/ont/fma/fma7621	1.0
http://snomed.info/id/421611008	http://purl.org/sig/ont/fma/fma15380	1.0
http://snomed.info/id/421624008	http://purl.org/sig/ont/fma/fma276805	0.89345604
http://snomed.info/id/42174000	http://purl.org/sig/ont/fma/fma46341	0.93492168
http://snomed.info/id/421861001	http://purl.org/sig/ont/fma/fma234498	1.0
http://snomed.info/id/421909002	http://purl.org/sig/ont/fma/fma15379	1.0
http://snomed.info/id/421911006	http://purl.org/sig/ont/fma/fma22847	1.0
http://snomed.info/id/42199004	http://purl.org/sig/ont/fma/fma9207	1.0
http://snomed.info/id/42203004	http://purl.org/sig/ont/fma/fma65275	1.0
http://snomed.info/id/422057008	http://purl.org/sig/ont/fma/fma64002	0.98299038
http://snomed.info/id/422308000	http://purl.org/sig/ont/fma/fma15383	1.0
http://snomed.info/id/422371005	http://purl.org/sig/ont/fma/fma321614	1.0
http://snomed.info/id/422373008	http://purl.org/sig/ont/fma/fma321613	1.0
http://snomed.info/id/422457003	http://purl.org/sig/ont/fma/fma74636	1.0
http://snomed.info/id/422475002	http://purl.org/sig/ont/fma/fma15387	1.0
http://snomed.info/id/422519001	http://purl.org/sig/ont/fma/fma61910	1.0
http://snomed.info/id/422559003	http://purl.org/sig/ont/fma/fma50913	1.0
http://snomed.info/id/422564004	http://purl.org/sig/ont/fma/fma50857	1.0
http://snomed.info/id/42258001	http://purl.org/sig/ont/fma/fma14749	1.0
http://snomed.info/id/422605007	http://purl.org/sig/ont/fma/fma62026	1.0
http://snomed.info/id/422631009	http://purl.org/sig/ont/fma/fma15396	1.0
http://snomed.info/id/42264008	http://purl.org/sig/ont/fma/fma15883	1.0
http://snomed.info/id/422646002	http://purl.org/sig/ont/fma/fma15427	1.0
http://snomed.info/id/422689003	http://purl.org/sig/ont/fma/fma22966	1.0
http://snomed.info/id/422709005	http://purl.org/sig/ont/fma/fma321551	1.0
http://snomed.info/id/42275007	http://purl.org/sig/ont/fma/fma55037	1.0
http://snomed.info/id/422755007	http://purl.org/sig/ont/fma/fma52538	1.0
http://snomed.info/id/42282006	http://purl.org/sig/ont/fma/fma60879	1.0
http://snomed.info/id/422849006	http://purl.org/sig/ont/fma/fma44355	1.0
http://snomed.info/id/422867004	http://purl.org/sig/ont/fma/fma74038	1.0
http://snomed.info/id/422905005	http://purl.org/sig/ont/fma/fma78037	0.96359694
http://snomed.info/id/42292003	http://purl.org/sig/ont/fma/fma62313	1.0
http://snomed.info/id/42298004	http://purl.org/sig/ont/fma/fma15052	1.0
http://snomed.info/id/422987004	http://purl.org/sig/ont/fma/fma14293	1.0
http://snomed.info/id/423019002	http://purl.org/sig/ont/fma/fma321553	1.0
http://snomed.info/id/423140003	http://purl.org/sig/ont/fma/fma78208	1.0
http://snomed.info/id/423152005	http://purl.org/sig/ont/fma/fma21378	1.0
http://snomed.info/id/423186001	http://purl.org/sig/ont/fma/fma51312	1.0
http://snomed.info/id/42320003	http://purl.org/sig/ont/fma/fma19388	1.0
http://snomed.info/id/42321004	http://purl.org/sig/ont/fma/fma15389	1.0
http://snomed.info/id/423213006	http://purl.org/sig/ont/fma/fma256693	1.0
http://snomed.info/id/423227001	http://purl.org/sig/ont/fma/fma18920	1.0
http://snomed.info/id/423256001	http://purl.org/sig/ont/fma/fma22953	1.0
http://snomed.info/id/423331005	http://purl.org/sig/ont/fma/fma84225	0.87178737
http://snomed.info/id/423345004	http://purl.org/sig/ont/fma/fma50996	1.0
http://snomed.info/id/423367003	http://purl.org/sig/ont/fma/fma61913	1.0
http://snomed.info/id/423404006	http://purl.org/sig/ont/fma/fma51892	1.0
http://snomed.info/id/42352003	http://purl.org/sig/ont/fma/fma323302	1.0
http://snomed.info/id/423541009	http://purl.org/sig/ont/fma/fma38478	0.94061917
http://snomed.info/id/423563000	http://purl.org/sig/ont/fma/fma61909	1.0
http://snomed.info/id/423616005	http://purl.org/sig/ont/fma/fma51798	1.0
http://snomed.info/id/423721001	http://purl.org/sig/ont/fma/fma15430	1.0
http://snomed.info/id/423747005	http://purl.org/sig/ont/fma/fma75266	1.0
http://snomed.info/id/423918008	http://purl.org/sig/ont/fma/fma62424	1.0
http://snomed.info/id/423932005	http://purl.org/sig/ont/fma/fma52551	1.0
http://snomed.info/id/423957000	http://purl.org/sig/ont/fma/fma77033	1.0
http://snomed.info/id/42400003	http://purl.org/sig/ont/fma/fma7333	1.0
http://snomed.info/id/42413009	http://purl.org/sig/ont/fma/fma72239	0.90571862
http://snomed.info/id/424149007	http://purl.org/sig/ont/fma/fma77035	1.0
http://snomed.info/id/424161004	http://purl.org/sig/ont/fma/fma20278	0.94937062
http://snomed.info/id/42420002	http://purl.org/sig/ont/fma/fma10645	1.0
http://snomed.info/id/424399000	http://purl.org/sig/ont/fma/fma84225	0.85631353
http://snomed.info/id/424400007	http://purl.org/sig/ont/fma/fma77034	1.0
http://snomed.info/id/424420008	http://purl.org/sig/ont/fma/fma74632	0.93261844
http://snomed.info/id/424436005	http://purl.org/sig/ont/fma/fma76879	0.90112221
http://snomed.info/id/424502002	http://purl.org/sig/ont/fma/fma321552	1.0
http://snomed.info/id/424576003	http://purl.org/sig/ont/fma/fma22961	1.0
http://snomed.info/id/424630009	http://purl.org/sig/ont/fma/fma22930	1.0
http://snomed.info/id/4247003	http://purl.org/sig/ont/fma/fma23899	1.0
http://snomed.info/id/42472007	http://purl.org/sig/ont/fma/fma16647	1.0
http://snomed.info/id/424733003	http://purl.org/sig/ont/fma/fma14317	1.0
http://snomed.info/id/424735005	http://purl.org/sig/ont/fma/fma62221	1.0
http://snomed.info/id/42487002	http://purl.org/sig/ont/fma/fma26348	1.0
http://snomed.info/id/424881001	http://purl.org/sig/ont/fma/fma62169	0.95674509
http://snomed.info/id/424922006	http://purl.org/sig/ont/fma/fma50931	1.0
http://snomed.info/id/425106001	http://purl.org/sig/ont/fma/fma84225	0.87328565
http://snomed.info/id/425175001	http://purl.org/sig/ont/fma/fma62223	1.0
http://snomed.info/id/425220002	http://purl.org/sig/ont/fma/fma44330	1.0
http://snomed.info/id/425243006	http://purl.org/sig/ont/fma/fma62155	0.97626817
http://snomed.info/id/425328007	http://purl.org/sig/ont/fma/fma22937	1.0
http://snomed.info/id/425335004	http://purl.org/sig/ont/fma/fma21240	1.0
http://snomed.info/id/42575006	http://purl.org/sig/ont/fma/fma54721	1.0
http://snomed.info/id/42578008	http://purl.org/sig/ont/fma/fma51915	1.0
http://snomed.info/id/4258007	http://purl.org/sig/ont/fma/fma44332	1.0
http://snomed.info/id/42650002	http://purl.org/sig/ont/fma/fma60116	1.0
http://snomed.info/id/426596009	http://purl.org/sig/ont/fma/fma259777	1.0
http://snomed.info/id/42677006	http://purl.org/sig/ont/fma/fma58287	1.0
http://snomed.info/id/426884007	http://purl.org/sig/ont/fma/fma236777	1.0
http://snomed.info/id/42695009	http://purl.org/sig/ont/fma/fma258745	0.94393182
http://snomed.info/id/427256000	http://purl.org/sig/ont/fma/fma49992	1.0
http://snomed.info/id/427319007	http://purl.org/sig/ont/fma/fma79785	0.96575749
http://snomed.info/id/4276000	http://purl.org/sig/ont/fma/fma26501	1.0
http://snomed.info/id/42762008	http://purl.org/sig/ont/fma/fma71393	1.0
http://snomed.info/id/427667007	http://purl.org/sig/ont/fma/fma61889	1.0
http://snomed.info/id/42824004	http://purl.org/sig/ont/fma/fma43761	1.0
http://snomed.info/id/42859004	http://purl.org/sig/ont/fma/fma9595	1.0
http://snomed.info/id/42874002	http://purl.org/sig/ont/fma/fma75255	1.0
http://snomed.info/id/42881009	http://purl.org/sig/ont/fma/fma14810	1.0
http://snomed.info/id/42913000	http://purl.org/sig/ont/fma/fma42803	1.0
http://snomed.info/id/42914006	http://purl.org/sig/ont/fma/fma323055	1.0
http://snomed.info/id/42932006	http://purl.org/sig/ont/fma/fma61944	1.0
http://snomed.info/id/42972002	http://purl.org/sig/ont/fma/fma19079	0.88892484
http://snomed.info/id/42981008	http://purl.org/sig/ont/fma/fma62061	1.0
http://snomed.info/id/42983006	http://purl.org/sig/ont/fma/fma58309	1.0
http://snomed.info/id/43045000	http://purl.org/sig/ont/fma/fma77672	1.0
http://snomed.info/id/43067004	http://purl.org/sig/ont/fma/fma46494	0.96842992
http://snomed.info/id/43070000	http://purl.org/sig/ont/fma/fma75480	1.0
http://snomed.info/id/43081002	http://purl.org/sig/ont/fma/fma23022	0.95259464
http://snomed.info/id/43120001	http://purl.org/sig/ont/fma/fma34944	1.0
http://snomed.info/id/43146002	http://purl.org/sig/ont/fma/fma323289	1.0
http://snomed.info/id/43168007	http://purl.org/sig/ont/fma/fma20020	1.0
http://snomed.info/id/43250004	http://purl.org/sig/ont/fma/fma4943	1.0
http://snomed.info/id/43279006	http://purl.org/sig/ont/fma/fma6872	1.0
http://snomed.info/id/43281008	http://purl.org/sig/ont/fma/fma84233	0.86761069
http://snomed.info/id/43291002	http://purl.org/sig/ont/fma/fma52246	1.0
http://snomed.info/id/43298008	http://purl.org/sig/ont/fma/fma19972	1.0
http://snomed.info/id/43439000	http://purl.org/sig/ont/fma/fma53056	1.0
http://snomed.info/id/43466000	http://purl.org/sig/ont/fma/fma74634	1.0
http://snomed.info/id/43511004	http://purl.org/sig/ont/fma/fma77033	0.92553306
http://snomed.info/id/43542009	http://purl.org/sig/ont/fma/fma65535	1.0
http://snomed.info/id/43558007	http://purl.org/sig/ont/fma/fma39988	1.0
http://snomed.info/id/43622005	http://purl.org/sig/ont/fma/fma84225	0.86072356
http://snomed.info/id/43672007	http://purl.org/sig/ont/fma/fma39145	1.0
http://snomed.info/id/43693005	http://purl.org/sig/ont/fma/fma14996	1.0
http://snomed.info/id/43737004	http://purl.org/sig/ont/fma/fma45033	0.94824034
http://snomed.info/id/4375003	http://purl.org/sig/ont/fma/fma323071	1.0
http://snomed.info/id/43796006	http://purl.org/sig/ont/fma/fma76746	0.94986445
http://snomed.info/id/43845001	http://purl.org/sig/ont/fma/fma58526	1.0
http://snomed.info/id/43851006	http://purl.org/sig/ont/fma/fma7508	1.0
http://snomed.info/id/43863001	http://purl.org/sig/ont/fma/fma49916	1.0
http://snomed.info/id/43899006	http://purl.org/sig/ont/fma/fma77155	1.0
http://snomed.info/id/43903004	http://purl.org/sig/ont/fma/fma15825	1.0
http://snomed.info/id/43926006	http://purl.org/sig/ont/fma/fma78493	1.0
http://snomed.info/id/4394008	http://purl.org/sig/ont/fma/fma61269	1.0
http://snomed.info/id/43951007	http://purl.org/sig/ont/fma/fma58715	1.0
http://snomed.info/id/43967001	http://purl.org/sig/ont/fma/fma76767	0.85987866
http://snomed.info/id/43973000	http://purl.org/sig/ont/fma/fma32937	1.0
http://snomed.info/id/44024001	http://purl.org/sig/ont/fma/fma3860	1.0
http://snomed.info/id/44091000	http://purl.org/sig/ont/fma/fma10034	1.0
http://snomed.info/id/44178003	http://purl.org/sig/ont/fma/fma59798	1.0
http://snomed.info/id/44202005	http://purl.org/sig/ont/fma/fma37664	1.0
http://snomed.info/id/442100006	http://purl.org/sig/ont/fma/fma321754	1.0
http://snomed.info/id/442274007	http://purl.org/sig/ont/fma/fma321753	1.0
http://snomed.info/id/44249009	http://purl.org/sig/ont/fma/fma46753	1.0
http://snomed.info/id/44335003	http://purl.org/sig/ont/fma/fma46691	1.0
http://snomed.info/id/44351006	http://purl.org/sig/ont/fma/fma322666	1.0
http://snomed.info/id/44365008	http://purl.org/sig/ont/fma/fma14944	1.0
http://snomed.info/id/44375006	http://purl.org/sig/ont/fma/fma72633	1.0
http://snomed.info/id/44419009	http://purl.org/sig/ont/fma/fma322572	0.95546615
http://snomed.info/id/44528007	http://purl.org/sig/ont/fma/fma61891	1.0
http://snomed.info/id/44546001	http://purl.org/sig/ont/fma/fma68224	0.88272274
http://snomed.info/id/44557006	http://purl.org/sig/ont/fma/fma7054	1.0
http://snomed.info/id/44561000	http://purl.org/sig/ont/fma/fma70367	1.0
http://snomed.info/id/44571003	http://purl.org/sig/ont/fma/fma76823	1.0
http://snomed.info/id/44612009	http://purl.org/sig/ont/fma/fma7547	1.0
http://snomed.info/id/44650003	http://purl.org/sig/ont/fma/fma71408	1.0
http://snomed.info/id/44670009	http://purl.org/sig/ont/fma/fma321544	1.0
http://snomed.info/id/44682000	http://purl.org/sig/ont/fma/fma323307	0.9104538
http://snomed.info/id/44714003	http://purl.org/sig/ont/fma/fma7370	1.0
http://snomed.info/id/44735001	http://purl.org/sig/ont/fma/fma14664	1.0
http://snomed.info/id/44755000	http://purl.org/sig/ont/fma/fma321457	1.0
http://snomed.info/id/44830000	http://purl.org/sig/ont/fma/fma43926	1.0
http://snomed.info/id/44859000	http://purl.org/sig/ont/fma/fma58581	1.0
http://snomed.info/id/44862002	http://purl.org/sig/ont/fma/fma323390	1.0
http://snomed.info/id/44866004	http://purl.org/sig/ont/fma/fma46777	1.0
http://snomed.info/id/44909008	http://purl.org/sig/ont/fma/fma6258	1.0
http://snomed.info/id/44914007	http://purl.org/sig/ont/fma/fma44311	0.98507369
http://snomed.info/id/44928001	http://purl.org/sig/ont/fma/fma61921	1.0
http://snomed.info/id/44929009	http://purl.org/sig/ont/fma/fma44948	0.93342501
http://snomed.info/id/44947003	http://purl.org/sig/ont/fma/fma71302	0.9676832
http://snomed.info/id/44980005	http://purl.org/sig/ont/fma/fma14651	1.0
http://snomed.info/id/44984001	http://purl.org/sig/ont/fma/fma22796	1.0
http://snomed.info/id/44985000	http://purl.org/sig/ont/fma/fma256530	1.0
http://snomed.info/id/44989006	http://purl.org/sig/ont/fma/fma59809	1.0
http://snomed.info/id/45013007	http://purl.org/sig/ont/fma/fma302191	1.0
http://snomed.info/id/45040007	http://purl.org/sig/ont/fma/fma58600	1.0
http://snomed.info/id/45164006	http://purl.org/sig/ont/fma/fma16069	0.8708632
http://snomed.info/id/45208001	http://purl.org/sig/ont/fma/fma55636	1.0
http://snomed.info/id/45234009	http://purl.org/sig/ont/fma/fma84239	0.87013161
http://snomed.info/id/45242005	http://purl.org/sig/ont/fma/fma50518	1.0
http://snomed.info/id/45272004	http://purl.org/sig/ont/fma/fma5907	1.0
http://snomed.info/id/45289007	http://purl.org/sig/ont/fma/fma59790	1.0
http://snomed.info/id/45296009	http://purl.org/sig/ont/fma/fma71172	0.88854486
http://snomed.info/id/45324002	http://purl.org/sig/ont/fma/fma7253	1.0
http://snomed.info/id/45341000	http://purl.org/sig/ont/fma/fma8615	1.0
http://snomed.info/id/45343002	http://purl.org/sig/ont/fma/fma256194	1.0
http://snomed.info/id/4537002	http://purl.org/sig/ont/fma/fma62079	1.0
http://snomed.info/id/45408004	http://purl.org/sig/ont/fma/fma72617	0.96778142
http://snomed.info/id/45531002	http://purl.org/sig/ont/fma/fma19653	0.94472575
http://snomed.info/id/45592007	http://purl.org/sig/ont/fma/fma62183	0.90905786
http://snomed.info/id/45631007	http://purl.org/sig/ont/fma/fma22730	1.0
http://snomed.info/id/45653009	http://purl.org/sig/ont/fma/fma7334	1.0
http://snomed.info/id/4566004	http://purl.org/sig/ont/fma/fma83966	1.0
http://snomed.info/id/45675006	http://purl.org/sig/ont/fma/fma10000	1.0
http://snomed.info/id/45683000	http://purl.org/sig/ont/fma/fma49641	1.0
http://snomed.info/id/45684006	http://purl.org/sig/ont/fma/fma19035	1.0
http://snomed.info/id/4578000	http://purl.org/sig/ont/fma/fma37797	0.95185524
http://snomed.info/id/45836004	http://purl.org/sig/ont/fma/fma7400	1.0
http://snomed.info/id/45876009	http://purl.org/sig/ont/fma/fma322066	1.0
http://snomed.info/id/45879002	http://purl.org/sig/ont/fma/fma35463	1.0
http://snomed.info/id/4588004	http://purl.org/sig/ont/fma/fma65218	1.0
http://snomed.info/id/46005001	http://purl.org/sig/ont/fma/fma286146	1.0
http://snomed.info/id/46027005	http://purl.org/sig/ont/fma/fma14333	1.0
http://snomed.info/id/4603002	http://purl.org/sig/ont/fma/fma32888	1.0
http://snomed.info/id/46055009	http://purl.org/sig/ont/fma/fma61229	1.0
http://snomed.info/id/46086003	http://purl.org/sig/ont/fma/fma59585	1.0
http://snomed.info/id/461002	http://purl.org/sig/ont/fma/fma72635	1.0
http://snomed.info/id/46119003	http://purl.org/sig/ont/fma/fma49828	1.0
http://snomed.info/id/46141003	http://purl.org/sig/ont/fma/fma82493	0.88524699
http://snomed.info/id/46148009	http://purl.org/sig/ont/fma/fma7380	1.0
http://snomed.info/id/46157003	http://purl.org/sig/ont/fma/fma16620	1.0
http://snomed.info/id/4621004	http://purl.org/sig/ont/fma/fma23393	1.0
http://snomed.info/id/4624007	http://purl.org/sig/ont/fma/fma323378	1.0
http://snomed.info/id/46312003	http://purl.org/sig/ont/fma/fma61038	1.0
http://snomed.info/id/46315001	http://purl.org/sig/ont/fma/fma5862	1.0
http://snomed.info/id/46410005	http://purl.org/sig/ont/fma/fma9958	1.0
http://snomed.info/id/46427002	http://purl.org/sig/ont/fma/fma49474	1.0
http://snomed.info/id/46482006	http://purl.org/sig/ont/fma/fma8662	1.0
http://snomed.info/id/465006	http://purl.org/sig/ont/fma/fma274516	0.89751583
http://snomed.info/id/4651005	http://purl.org/sig/ont/fma/fma19631	1.0
http://snomed.info/id/46563004	http://purl.org/sig/ont/fma/fma74654	1.0
http://snomed.info/id/46607005	http://purl.org/sig/ont/fma/fma57456	1.0
http://snomed.info/id/46620008	http://purl.org/sig/ont/fma/fma69329	1.0
http://snomed.info/id/46632007	http://purl.org/sig/ont/fma/fma12162	1.0
http://snomed.info/id/46636005	http://purl.org/sig/ont/fma/fma77302	0.90777683
http://snomed.info/id/46686004	http://purl.org/sig/ont/fma/fma50800	1.0
http://snomed.info/id/46704009	http://purl.org/sig/ont/fma/fma3938	1.0
http://snomed.info/id/46715004	http://purl.org/sig/ont/fma/fma55031	0.91988581
http://snomed.info/id/46926004	http://purl.org/sig/ont/fma/fma59863	1.0
http://snomed.info/id/46929006	http://purl.org/sig/ont/fma/fma15849	1.0
http://snomed.info/id/46967009	http://purl.org/sig/ont/fma/fma77261	1.0
http://snomed.info/id/46971007	http://purl.org/sig/ont/fma/fma42998	1.0
http://snomed.info/id/47022007	http://purl.org/sig/ont/fma/fma62036	1.0
http://snomed.info/id/47046000	http://purl.org/sig/ont/fma/fma17233	1.0
http://snomed.info/id/471000	http://purl.org/sig/ont/fma/fma22593	1.0
http://snomed.info/id/47109002	http://purl.org/sig/ont/fma/fma275964	1.0
http://snomed.info/id/47155000	http://purl.org/sig/ont/fma/fma58685	1.0
http://snomed.info/id/47160001	http://purl.org/sig/ont/fma/fma50910	1.0
http://snomed.info/id/47170004	http://purl.org/sig/ont/fma/fma61953	1.0
http://snomed.info/id/47173002	http://purl.org/sig/ont/fma/fma7478	1.0
http://snomed.info/id/47182008	http://purl.org/sig/ont/fma/fma20886	1.0
http://snomed.info/id/47221007	http://purl.org/sig/ont/fma/fma323052	1.0
http://snomed.info/id/47325000	http://purl.org/sig/ont/fma/fma69236	1.0
http://snomed.info/id/47361005	http://purl.org/sig/ont/fma/fma54505	1.0
http://snomed.info/id/47395009	http://purl.org/sig/ont/fma/fma75503	0.93972814
http://snomed.info/id/47467005	http://purl.org/sig/ont/fma/fma46340	0.92799252
http://snomed.info/id/47471008	http://purl.org/sig/ont/fma/fma44227	1.0
http://snomed.info/id/47480008	http://purl.org/sig/ont/fma/fma52846	1.0
http://snomed.info/id/47489009	http://purl.org/sig/ont/fma/fma15044	1.0
http://snomed.info/id/47498007	http://purl.org/sig/ont/fma/fma14757	1.0
http://snomed.info/id/47536006	http://purl.org/sig/ont/fma/fma76520	1.0
http://snomed.info/id/47570007	http://purl.org/sig/ont/fma/fma8502	1.0
http://snomed.info/id/47576001	http://purl.org/sig/ont/fma/fma16138	1.0
http://snomed.info/id/4759003	http://purl.org/sig/ont/fma/fma22319	1.0
http://snomed.info/id/47606005	http://purl.org/sig/ont/fma/fma16552	1.0
http://snomed.info/id/47629002	http://purl.org/sig/ont/fma/fma4060	1.0
http://snomed.info/id/47636001	http://purl.org/sig/ont/fma/fma77735	0.94249183
http://snomed.info/id/47640005	http://purl.org/sig/ont/fma/fma72593	1.0
http://snomed.info/id/47658004	http://purl.org/sig/ont/fma/fma66610	1.0
http://snomed.info/id/4768001	http://purl.org/sig/ont/fma/fma21866	1.0
http://snomed.info/id/47720007	http://purl.org/sig/ont/fma/fma63059	1.0
http://snomed.info/id/47727005	http://purl.org/sig/ont/fma/fma323330	0.97906965
http://snomed.info/id/47822008	http://purl.org/sig/ont/fma/fma7646	1.0
http://snomed.info/id/47831008	http://purl.org/sig/ont/fma/fma44392	1.0
http://snomed.info/id/47856002	http://purl.org/sig/ont/fma/fma19794	1.0
http://snomed.info/id/47876008	http://purl.org/sig/ont/fma/fma72973	1.0
http://snomed.info/id/47881004	http://purl.org/sig/ont/fma/fma6643	1.0
http://snomed.info/id/47907004	http://purl.org/sig/ont/fma/fma77052	0.89960343
http://snomed.info/id/47985009	http://purl.org/sig/ont/fma/fma12792	1.0
http://snomed.info/id/48004006	http://purl.org/sig/ont/fma/fma20173	1.0
http://snomed.info/id/48014002	http://purl.org/sig/ont/fma/fma78531	0.96621698
http://snomed.info/id/48021002	http://purl.org/sig/ont/fma/fma10049	1.0
http://snomed.info/id/48048001	http://purl.org/sig/ont/fma/fma45045	0.92670512
http://snomed.info/id/48081000	http://purl.org/sig/ont/fma/fma20175	1.0
http://snomed.info/id/48098000	http://purl.org/sig/ont/fma/fma19795	1.0
http://snomed.info/id/4810005	http://purl.org/sig/ont/fma/fma29712	1.0
http://snomed.info/id/48147009	http://purl.org/sig/ont/fma/fma19235	1.0
http://snomed.info/id/48164007	http://purl.org/sig/ont/fma/fma53250	1.0
http://snomed.info/id/48239000	http://purl.org/sig/ont/fma/fma14652	1.0
http://snomed.info/id/48316008	http://purl.org/sig/ont/fma/fma20417	1.0
http://snomed.info/id/48338005	http://purl.org/sig/ont/fma/fma14550	1.0
http://snomed.info/id/48345005	http://purl.org/sig/ont/fma/fma4720	1.0
http://snomed.info/id/48363005	http://purl.org/sig/ont/fma/fma55633	1.0
http://snomed.info/id/48405002	http://purl.org/sig/ont/fma/fma10038	1.0
http://snomed.info/id/48454009	http://purl.org/sig/ont/fma/fma32916	1.0
http://snomed.info/id/48459004	http://purl.org/sig/ont/fma/fma74886	1.0
http://snomed.info/id/48462001	http://purl.org/sig/ont/fma/fma50978	1.0
http://snomed.info/id/48467007	http://purl.org/sig/ont/fma/fma74434	0.96035588
http://snomed.info/id/48477009	http://purl.org/sig/ont/fma/fma59816	1.0
http://snomed.info/id/485005	http://purl.org/sig/ont/fma/fma14546	1.0
http://snomed.info/id/48521005	http://purl.org/sig/ont/fma/fma15809	1.0
http://snomed.info/id/48563009	http://purl.org/sig/ont/fma/fma6636	1.0
http://snomed.info/id/48622008	http://purl.org/sig/ont/fma/fma19731	1.0
http://snomed.info/id/48624009	http://purl.org/sig/ont/fma/fma322913	1.0
http://snomed.info/id/48628007	http://purl.org/sig/ont/fma/fma52504	1.0
http://snomed.info/id/4866005	http://purl.org/sig/ont/fma/fma46620	1.0
http://snomed.info/id/48712007	http://purl.org/sig/ont/fma/fma43904	1.0
http://snomed.info/id/48781005	http://purl.org/sig/ont/fma/fma15813	1.0
http://snomed.info/id/48900004	http://purl.org/sig/ont/fma/fma59547	0.86129564
http://snomed.info/id/48907001	http://purl.org/sig/ont/fma/fma6283	1.0
http://snomed.info/id/48913005	http://purl.org/sig/ont/fma/fma21279	0.90266681
http://snomed.info/id/48918001	http://purl.org/sig/ont/fma/fma61222	1.0
http://snomed.info/id/48928005	http://purl.org/sig/ont/fma/fma23962	1.0
http://snomed.info/id/48955001	http://purl.org/sig/ont/fma/fma9242	1.0
http://snomed.info/id/48977002	http://purl.org/sig/ont/fma/fma56735	1.0
http://snomed.info/id/48979004	http://purl.org/sig/ont/fma/fma24981	0.98257989
http://snomed.info/id/48987003	http://purl.org/sig/ont/fma/fma321472	1.0
http://snomed.info/id/4905007	http://purl.org/sig/ont/fma/fma6648	1.0
http://snomed.info/id/49082002	http://purl.org/sig/ont/fma/fma4714	1.0
http://snomed.info/id/49090002	http://purl.org/sig/ont/fma/fma321463	1.0
http://snomed.info/id/49091003	http://purl.org/sig/ont/fma/fma51998	0.91918802
http://snomed.info/id/49094006	http://purl.org/sig/ont/fma/fma322824	1.0
http://snomed.info/id/49129006	http://purl.org/sig/ont/fma/fma71441	1.0
http://snomed.info/id/49178001	http://purl.org/sig/ont/fma/fma22702	1.0
http://snomed.info/id/49200000	http://purl.org/sig/ont/fma/fma59332	1.0
http://snomed.info/id/49243008	http://purl.org/sig/ont/fma/fma62324	1.0
http://snomed.info/id/49253009	http://purl.org/sig/ont/fma/fma15399	1.0
http://snomed.info/id/49256001	http://purl.org/sig/ont/fma/fma44660	1.0
http://snomed.info/id/49330006	http://purl.org/sig/ont/fma/fma84245	0.86742079
http://snomed.info/id/49390008	http://purl.org/sig/ont/fma/fma44620	1.0
http://snomed.info/id/49394004	http://purl.org/sig/ont/fma/fma12793	1.0
http://snomed.info/id/49400002	http://purl.org/sig/ont/fma/fma13897	0.93302327
http://snomed.info/id/49403000	http://purl.org/sig/ont/fma/fma71539	0.89452815
http://snomed.info/id/49412003	http://purl.org/sig/ont/fma/fma6635	1.0
http://snomed.info/id/4942000	http://purl.org/sig/ont/fma/fma44310	0.98401016
http://snomed.info/id/49475008	http://purl.org/sig/ont/fma/fma54825	1.0
http://snomed.info/id/4954000	http://purl.org/sig/ont/fma/fma23618	1.0
http://snomed.info/id/49557009	http://purl.org/sig/ont/fma/fma272295	0.87947869
http://snomed.info/id/49574009	http://purl.org/sig/ont/fma/fma258825	0.95865542
http://snomed.info/id/49611000	http://purl.org/sig/ont/fma/fma77642	1.0
http://snomed.info/id/49625004	http://purl.org/sig/ont/fma/fma40004	1.0
http://snomed.info/id/49664001	http://purl.org/sig/ont/fma/fma14826	1.0
http://snomed.info/id/49668003	http://purl.org/sig/ont/fma/fma71191	0.91475427
http://snomed.info/id/49679008	http://purl.org/sig/ont/fma/fma76877	1.0
http://snomed.info/id/49741006	http://purl.org/sig/ont/fma/fma6964	1.0
http://snomed.info/id/49792003	http://purl.org/sig/ont/fma/fma53243	1.0
http://snomed.info/id/49848007	http://purl.org/sig/ont/fma/fma9558	1.0
http://snomed.info/id/49865003	http://purl.org/sig/ont/fma/fma32943	1.0
http://snomed.info/id/49901009	http://purl.org/sig/ont/fma/fma10090	1.0
http://snomed.info/id/49927009	http://purl.org/sig/ont/fma/fma18930	1.0
http://snomed.info/id/49957000	http://purl.org/sig/ont/fma/fma19937	1.0
http://snomed.info/id/49959002	http://purl.org/sig/ont/fma/fma9978	1.0
http://snomed.info/id/49996006	http://purl.org/sig/ont/fma/fma322575	0.958022
http://snomed.info/id/50018008	http://purl.org/sig/ont/fma/fma50040	1.0
http://snomed.info/id/50024002	http://purl.org/sig/ont/fma/fma39992	1.0
http://snomed.info/id/50038009	http://purl.org/sig/ont/fma/fma24927	0.95346314
http://snomed.info/id/50059002	http://purl.org/sig/ont/fma/fma22711	1.0
http://snomed.info/id/50060007	http://purl.org/sig/ont/fma/fma9188	1.0
http://snomed.info/id/501000202103	http://purl.org/sig/ont/fma/fma12611	1.0
http://snomed.info/id/50174002	http://purl.org/sig/ont/fma/fma322628	1.0
http://snomed.info/id/50193000	http://purl.org/sig/ont/fma/fma16648	1.0
http://snomed.info/id/50200003	http://purl.org/sig/ont/fma/fma22775	1.0
http://snomed.info/id/50210007	http://purl.org/sig/ont/fma/fma42797	1.0
http://snomed.info/id/50230006	http://purl.org/sig/ont/fma/fma6191	1.0
http://snomed.info/id/50245004	http://purl.org/sig/ont/fma/fma322182	1.0
http://snomed.info/id/50276005	http://purl.org/sig/ont/fma/fma322573	0.93239248
http://snomed.info/id/50292000	http://purl.org/sig/ont/fma/fma10420	1.0
http://snomed.info/id/50310005	http://purl.org/sig/ont/fma/fma9151	1.0
http://snomed.info/id/50329004	http://purl.org/sig/ont/fma/fma59514	1.0
http://snomed.info/id/50340007	http://purl.org/sig/ont/fma/fma22357	1.0
http://snomed.info/id/50395001	http://purl.org/sig/ont/fma/fma50544	1.0
http://snomed.info/id/50403003	http://purl.org/sig/ont/fma/fma15581	1.0
http://snomed.info/id/50409004	http://purl.org/sig/ont/fma/fma13401	1.0
http://snomed.info/id/50460003	http://purl.org/sig/ont/fma/fma56515	1.0
http://snomed.info/id/5046008	http://purl.org/sig/ont/fma/fma75397	1.0
http://snomed.info/id/50478008	http://purl.org/sig/ont/fma/fma57077	1.0
http://snomed.info/id/50515001	http://purl.org/sig/ont/fma/fma322429	1.0
http://snomed.info/id/50534001	http://purl.org/sig/ont/fma/fma77570	1.0
http://snomed.info/id/50545003	http://purl.org/sig/ont/fma/fma321145	1.0
http://snomed.info/id/50546002	http://purl.org/sig/ont/fma/fma58306	1.0
http://snomed.info/id/50624003	http://purl.org/sig/ont/fma/fma53488	1.0
http://snomed.info/id/50678003	http://purl.org/sig/ont/fma/fma71608	0.92444128
http://snomed.info/id/50692009	http://purl.org/sig/ont/fma/fma322819	1.0
http://snomed.info/id/50703002	http://purl.org/sig/ont/fma/fma14703	1.0
http://snomed.info/id/50755001	http://purl.org/sig/ont/fma/fma13385	1.0
http://snomed.info/id/50773003	http://purl.org/sig/ont/fma/fma77267	1.0
http://snomed.info/id/50837003	http://purl.org/sig/ont/fma/fma7433	1.0
http://snomed.info/id/50840003	http://purl.org/sig/ont/fma/fma20420	1.0
http://snomed.info/id/50858009	http://purl.org/sig/ont/fma/fma15903	1.0
http://snomed.info/id/50860006	http://purl.org/sig/ont/fma/fma77030	0.88296908
http://snomed.info/id/50892007	http://purl.org/sig/ont/fma/fma14820	1.0
http://snomed.info/id/50919003	http://purl.org/sig/ont/fma/fma43010	1.0
http://snomed.info/id/50939004	http://purl.org/sig/ont/fma/fma23903	1.0
http://snomed.info/id/50950001	http://purl.org/sig/ont/fma/fma58279	1.0
http://snomed.info/id/50972004	http://purl.org/sig/ont/fma/fma62393	1.0
http://snomed.info/id/51005008	http://purl.org/sig/ont/fma/fma15393	0.89264542
http://snomed.info/id/51015002	http://purl.org/sig/ont/fma/fma24930	0.99812621
http://snomed.info/id/51033008	http://purl.org/sig/ont/fma/fma52638	1.0
http://snomed.info/id/51102009	http://purl.org/sig/ont/fma/fma77536	1.0
http://snomed.info/id/51171003	http://purl.org/sig/ont/fma/fma62320	1.0
http://snomed.info/id/51215006	http://purl.org/sig/ont/fma/fma322642	0.98420084
http://snomed.info/id/51237004	http://purl.org/sig/ont/fma/fma7428	1.0
http://snomed.info/id/51249003	http://purl.org/sig/ont/fma/fma49913	1.0
http://snomed.info/id/51299004	http://purl.org/sig/ont/fma/fma30639	0.95764399
http://snomed.info/id/51307005	http://purl.org/sig/ont/fma/fma55349	1.0
http://snomed.info/id/51309008	http://purl.org/sig/ont/fma/fma9175	1.0
http://snomed.info/id/51342009	http://purl.org/sig/ont/fma/fma322040	1.0
http://snomed.info/id/51354009	http://purl.org/sig/ont/fma/fma59331	1.0
http://snomed.info/id/51360009	http://purl.org/sig/ont/fma/fma322565	0.96451229
http://snomed.info/id/51367007	http://purl.org/sig/ont/fma/fma73758	0.95381165
http://snomed.info/id/51461009	http://purl.org/sig/ont/fma/fma63615	1.0
http://snomed.info/id/51636004	http://purl.org/sig/ont/fma/fma24971	1.0
http://snomed.info/id/51678005	http://purl.org/sig/ont/fma/fma84221	0.85876548
http://snomed.info/id/51681000	http://purl.org/sig/ont/fma/fma68842	0.92518765
http://snomed.info/id/51691006	http://purl.org/sig/ont/fma/fma50573	1.0
http://snomed.info/id/51703006	http://purl.org/sig/ont/fma/fma54128	0.96028286
http://snomed.info/id/51710000	http://purl.org/sig/ont/fma/fma71413	1.0
http://snomed.info/id/51722002	http://purl.org/sig/ont/fma/fma19825	1.0
http://snomed.info/id/51761005	http://purl.org/sig/ont/fma/fma27686	0.98326999
http://snomed.info/id/51807001	http://purl.org/sig/ont/fma/fma15077	1.0
http://snomed.info/id/51815003	http://purl.org/sig/ont/fma/fma3902	1.0
http://snomed.info/id/51829002	http://purl.org/sig/ont/fma/fma23530	1.0
http://snomed.info/id/51842002	http://purl.org/sig/ont/fma/fma45337	1.0
http://snomed.info/id/51911008	http://purl.org/sig/ont/fma/fma32913	1.0
http://snomed.info/id/51926005	http://purl.org/sig/ont/fma/fma16013	1.0
http://snomed.info/id/51943008	http://purl.org/sig/ont/fma/fma84241	0.85230458
http://snomed.info/id/52007002	http://purl.org/sig/ont/fma/fma322821	1.0
http://snomed.info/id/52034004	http://purl.org/sig/ont/fma/fma37852	0.96490955
http://snomed.info/id/52041005	http://purl.org/sig/ont/fma/fma54565	1.0
http://snomed.info/id/52093007	http://purl.org/sig/ont/fma/fma61969	1.0
http://snomed.info/id/52109002	http://purl.org/sig/ont/fma/fma14835	1.0
http://snomed.info/id/52120002	http://purl.org/sig/ont/fma/fma10060	1.0
http://snomed.info/id/5213007	http://purl.org/sig/ont/fma/fma51102	1.0
http://snomed.info/id/52187002	http://purl.org/sig/ont/fma/fma62342	1.0
http://snomed.info/id/52206001	http://purl.org/sig/ont/fma/fma75747	1.0
http://snomed.info/id/52216009	http://purl.org/sig/ont/fma/fma16168	1.0
http://snomed.info/id/52241002	http://purl.org/sig/ont/fma/fma19914	1.0
http://snomed.info/id/5229004	http://purl.org/sig/ont/fma/fma14662	1.0
http://snomed.info/id/52320005	http://purl.org/sig/ont/fma/fma43903	1.0
http://snomed.info/id/52345008	http://purl.org/sig/ont/fma/fma55132	1.0
http://snomed.info/id/52359001	http://purl.org/sig/ont/fma/fma22947	1.0
http://snomed.info/id/52374004	http://purl.org/sig/ont/fma/fma52740	1.0
http://snomed.info/id/52378001	http://purl.org/sig/ont/fma/fma58253	1.0
http://snomed.info/id/52433000	http://purl.org/sig/ont/fma/fma3897	1.0
http://snomed.info/id/52554005	http://purl.org/sig/ont/fma/fma44297	1.0
http://snomed.info/id/52586000	http://purl.org/sig/ont/fma/fma49483	1.0
http://snomed.info/id/52595008	http://purl.org/sig/ont/fma/fma22321	1.0
http://snomed.info/id/5261000	http://purl.org/sig/ont/fma/fma10455	0.97224569
http://snomed.info/id/52664006	http://purl.org/sig/ont/fma/fma321584	1.0
http://snomed.info/id/52678007	http://purl.org/sig/ont/fma/fma61083	0.92060143
http://snomed.info/id/52688008	http://purl.org/sig/ont/fma/fma15693	0.9669975
http://snomed.info/id/52718009	http://purl.org/sig/ont/fma/fma72972	1.0
http://snomed.info/id/52737000	http://purl.org/sig/ont/fma/fma19614	1.0
http://snomed.info/id/52738005	http://purl.org/sig/ont/fma/fma55300	1.0
http://snomed.info/id/52768001	http://purl.org/sig/ont/fma/fma323086	1.0
http://snomed.info/id/528006	http://purl.org/sig/ont/fma/fma7321	1.0
http://snomed.info/id/52884007	http://purl.org/sig/ont/fma/fma54592	1.0
http://snomed.info/id/52900002	http://purl.org/sig/ont/fma/fma13454	1.0
http://snomed.info/id/5296000	http://purl.org/sig/ont/fma/fma12789	1.0
http://snomed.info/id/52982007	http://purl.org/sig/ont/fma/fma323443	0.9152208
http://snomed.info/id/53030001	http://purl.org/sig/ont/fma/fma44689	0.98149264
http://snomed.info/id/53074004	http://purl.org/sig/ont/fma/fma276990	0.93190342
http://snomed.info/id/53075003	http://purl.org/sig/ont/fma/fma32627	1.0
http://snomed.info/id/53100006	http://purl.org/sig/ont/fma/fma49973	1.0
http://snomed.info/id/53118009	http://purl.org/sig/ont/fma/fma83701	1.0
http://snomed.info/id/53120007	http://purl.org/sig/ont/fma/fma7183	1.0
http://snomed.info/id/53123009	http://purl.org/sig/ont/fma/fma46695	1.0
http://snomed.info/id/53134007	http://purl.org/sig/ont/fma/fma21860	1.0
http://snomed.info/id/53170005	http://purl.org/sig/ont/fma/fma59555	1.0
http://snomed.info/id/53224005	http://purl.org/sig/ont/fma/fma6639	1.0
http://snomed.info/id/53238003	http://purl.org/sig/ont/fma/fma62046	1.0
http://snomed.info/id/53240008	http://purl.org/sig/ont/fma/fma37448	1.0
http://snomed.info/id/5324007	http://purl.org/sig/ont/fma/fma15604	1.0
http://snomed.info/id/53265005	http://purl.org/sig/ont/fma/fma7260	1.0
http://snomed.info/id/53269004	http://purl.org/sig/ont/fma/fma37704	1.0
http://snomed.info/id/53292004	http://purl.org/sig/ont/fma/fma16989	1.0
http://snomed.info/id/53293009	http://purl.org/sig/ont/fma/fma71399	1.0
http://snomed.info/id/53351006	http://purl.org/sig/ont/fma/fma62469	1.0
http://snomed.info/id/53389001	http://purl.org/sig/ont/fma/fma19640	1.0
http://snomed.info/id/53394001	http://purl.org/sig/ont/fma/fma24013	1.0
http://snomed.info/id/53434003	http://purl.org/sig/ont/fma/fma56514	1.0
http://snomed.info/id/53451005	http://purl.org/sig/ont/fma/fma51062	0.98335391
http://snomed.info/id/53464006	http://purl.org/sig/ont/fma/fma242201	1.0
http://snomed.info/id/53520000	http://purl.org/sig/ont/fma/fma5866	1.0
http://snomed.info/id/53549008	http://purl.org/sig/ont/fma/fma49868	1.0
http://snomed.info/id/53603007	http://purl.org/sig/ont/fma/fma279943	0.87357271
http://snomed.info/id/53649003	http://purl.org/sig/ont/fma/fma9063	1.0
http://snomed.info/id/53655008	http://purl.org/sig/ont/fma/fma3840	1.0
http://snomed.info/id/5366008	http://purl.org/sig/ont/fma/fma275020	0.96984076
http://snomed.info/id/53733008	http://purl.org/sig/ont/fma/fma62422	0.89057249
http://snomed.info/id/53757008	http://purl.org/sig/ont/fma/fma9324	0.94280756
http://snomed.info/id/53884002	http://purl.org/sig/ont/fma/fma24492	1.0
http://snomed.info/id/53894007	http://purl.org/sig/ont/fma/fma71437	0.9474203
http://snomed.info/id/53935009	http://purl.org/sig/ont/fma/fma17752	0.93474066
http://snomed.info/id/5394000	http://purl.org/sig/ont/fma/fma16666	1.0
http://snomed.info/id/53995007	http://purl.org/sig/ont/fma/fma44699	1.0
http://snomed.info/id/54011007	http://purl.org/sig/ont/fma/fma44285	1.0
http://snomed.info/id/54019009	http://purl.org/sig/ont/fma/fma320442	0.89550155
http://snomed.info/id/5403001	http://purl.org/sig/ont/fma/fma321474	1.0
http://snomed.info/id/54143005	http://purl.org/sig/ont/fma/fma15865	1.0
http://snomed.info/id/54226001	http://purl.org/sig/ont/fma/fma323383	1.0
http://snomed.info/id/54247002	http://purl.org/sig/ont/fma/fma3736	1.0
http://snomed.info/id/54268001	http://purl.org/sig/ont/fma/fma277235	1.0
http://snomed.info/id/5427004	http://purl.org/sig/ont/fma/fma70645	1.0
http://snomed.info/id/54306002	http://purl.org/sig/ont/fma/fma8356	1.0
http://snomed.info/id/54333003	http://purl.org/sig/ont/fma/fma32630	1.0
http://snomed.info/id/54349001	http://purl.org/sig/ont/fma/fma71398	1.0
http://snomed.info/id/54369006	http://purl.org/sig/ont/fma/fma59365	1.0
http://snomed.info/id/54409005	http://purl.org/sig/ont/fma/fma50109	1.0
http://snomed.info/id/54458009	http://purl.org/sig/ont/fma/fma61116	1.0
http://snomed.info/id/54468004	http://purl.org/sig/ont/fma/fma12828	0.9682523
http://snomed.info/id/54510003	http://purl.org/sig/ont/fma/fma52765	1.0
http://snomed.info/id/54580005	http://purl.org/sig/ont/fma/fma9931	1.0
http://snomed.info/id/5458003	http://purl.org/sig/ont/fma/fma20870	1.0
http://snomed.info/id/54584001	http://purl.org/sig/ont/fma/fma53187	1.0
http://snomed.info/id/54589006	http://purl.org/sig/ont/fma/fma50779	1.0
http://snomed.info/id/54658003	http://purl.org/sig/ont/fma/fma14935	1.0
http://snomed.info/id/54714005	http://purl.org/sig/ont/fma/fma321545	1.0
http://snomed.info/id/54728004	http://purl.org/sig/ont/fma/fma61954	0.98807096
http://snomed.info/id/54805005	http://purl.org/sig/ont/fma/fma19037	1.0
http://snomed.info/id/54834004	http://purl.org/sig/ont/fma/fma50522	1.0
http://snomed.info/id/54863001	http://purl.org/sig/ont/fma/fma32931	1.0
http://snomed.info/id/54927002	http://purl.org/sig/ont/fma/fma49701	1.0
http://snomed.info/id/54944003	http://purl.org/sig/ont/fma/fma50762	1.0
http://snomed.info/id/54947005	http://purl.org/sig/ont/fma/fma9983	1.0
http://snomed.info/id/54971003	http://purl.org/sig/ont/fma/fma43581	1.0
http://snomed.info/id/5498001	http://purl.org/sig/ont/fma/fma74057	1.0
http://snomed.info/id/55026002	http://purl.org/sig/ont/fma/fma15849	1.0
http://snomed.info/id/55073008	http://purl.org/sig/ont/fma/fma323301	1.0
http://snomed.info/id/55078004	http://purl.org/sig/ont/fma/fma25048	1.0
http://snomed.info/id/55139000	http://purl.org/sig/ont/fma/fma5890	1.0
http://snomed.info/id/55143001	http://purl.org/sig/ont/fma/fma58273	1.0
http://snomed.info/id/55155007	http://purl.org/sig/ont/fma/fma51306	1.0
http://snomed.info/id/55196005	http://purl.org/sig/ont/fma/fma44489	1.0
http://snomed.info/id/55213006	http://purl.org/sig/ont/fma/fma256494	0.85819697
http://snomed.info/id/55214000	http://purl.org/sig/ont/fma/fma7410	1.0
http://snomed.info/id/55233005	http://purl.org/sig/ont/fma/fma77632	1.0
http://snomed.info/id/55250007	http://purl.org/sig/ont/fma/fma49917	1.0
http://snomed.info/id/55293007	http://purl.org/sig/ont/fma/fma35495	1.0
http://snomed.info/id/55301004	http://purl.org/sig/ont/fma/fma32841	1.0
http://snomed.info/id/5538001	http://purl.org/sig/ont/fma/fma71108	1.0
http://snomed.info/id/55393005	http://purl.org/sig/ont/fma/fma77705	1.0
http://snomed.info/id/55418004	http://purl.org/sig/ont/fma/fma61028	1.0
http://snomed.info/id/5544002	http://purl.org/sig/ont/fma/fma14946	1.0
http://snomed.info/id/55499008	http://purl.org/sig/ont/fma/fma32853	1.0
http://snomed.info/id/55512000	http://purl.org/sig/ont/fma/fma22318	1.0
http://snomed.info/id/55524007	http://purl.org/sig/ont/fma/fma10456	0.99769074
http://snomed.info/id/55572008	http://purl.org/sig/ont/fma/fma322041	1.0
http://snomed.info/id/55601007	http://purl.org/sig/ont/fma/fma49849	1.0
http://snomed.info/id/55606002	http://purl.org/sig/ont/fma/fma9263	1.0
http://snomed.info/id/55609009	http://purl.org/sig/ont/fma/fma55033	1.0
http://snomed.info/id/55610004	http://purl.org/sig/ont/fma/fma71395	1.0
http://snomed.info/id/55678000	http://purl.org/sig/ont/fma/fma11948	1.0
http://snomed.info/id/5574005	http://purl.org/sig/ont/fma/fma7849	1.0
http://snomed.info/id/5580002	http://purl.org/sig/ont/fma/fma37075	1.0
http://snomed.info/id/55839002	http://purl.org/sig/ont/fma/fma55301	1.0
http://snomed.info/id/55863005	http://purl.org/sig/ont/fma/fma44710	0.97345781
http://snomed.info/id/55873007	http://purl.org/sig/ont/fma/fma322683	1.0
http://snomed.info/id/5597008	http://purl.org/sig/ont/fma/fma58302	1.0
http://snomed.info/id/56044004	http://purl.org/sig/ont/fma/fma58435	1.0
http://snomed.info/id/56092004	http://purl.org/sig/ont/fma/fma15078	1.0
http://snomed.info/id/56094003	http://purl.org/sig/ont/fma/fma9166	1.0
http://snomed.info/id/56103003	http://purl.org/sig/ont/fma/fma71407	1.0
http://snomed.info/id/5611001	http://purl.org/sig/ont/fma/fma24935	0.85851336
http://snomed.info/id/56190005	http://purl.org/sig/ont/fma/fma58292	1.0
http://snomed.info/id/56193007	http://purl.org/sig/ont/fma/fma50864	1.0
http://snomed.info/id/56198003	http://purl.org/sig/ont/fma/fma62009	0.85915554
http://snomed.info/id/56213003	http://purl.org/sig/ont/fma/fma38304	1.0
http://snomed.info/id/5627008	http://purl.org/sig/ont/fma/fma27310	1.0
http://snomed.info/id/56296005	http://purl.org/sig/ont/fma/fma76735	0.94202793
http://snomed.info/id/56323009	http://purl.org/sig/ont/fma/fma22823	1.0
http://snomed.info/id/56334007	http://purl.org/sig/ont/fma/fma63259	0.88460463
http://snomed.info/id/56341001	http://purl.org/sig/ont/fma/fma50993	1.0
http://snomed.info/id/56369009	http://purl.org/sig/ont/fma/fma68068	1.0
http://snomed.info/id/56375000	http://purl.org/sig/ont/fma/fma19240	1.0
http://snomed.info/id/56400007	http://purl.org/sig/ont/fma/fma14334	1.0
http://snomed.info/id/56401006	http://purl.org/sig/ont/fma/fma71171	0.89970601
http://snomed.info/id/5643001	http://purl.org/sig/ont/fma/fma17093	1.0
http://snomed.info/id/56447003	http://purl.org/sig/ont/fma/fma20000	1.0
http://snomed.info/id/56459004	http://purl.org/sig/ont/fma/fma9664	1.0
http://snomed.info/id/56514005	http://purl.org/sig/ont/fma/fma7135	1.0
http://snomed.info/id/56658001	http://purl.org/sig/ont/fma/fma74892	1.0
http://snomed.info/id/56679001	http://purl.org/sig/ont/fma/fma14661	1.0
http://snomed.info/id/56707006	http://purl.org/sig/ont/fma/fma58971	1.0
http://snomed.info/id/56732008	http://purl.org/sig/ont/fma/fma14668	1.0
http://snomed.info/id/56738007	http://purl.org/sig/ont/fma/fma20867	1.0
http://snomed.info/id/56818000	http://purl.org/sig/ont/fma/fma42353	1.0
http://snomed.info/id/56820002	http://purl.org/sig/ont/fma/fma323399	0.93212771
http://snomed.info/id/56832003	http://purl.org/sig/ont/fma/fma84574	1.0
http://snomed.info/id/56849005	http://purl.org/sig/ont/fma/fma44327	1.0
http://snomed.info/id/56873002	http://purl.org/sig/ont/fma/fma7485	0.96779513
http://snomed.info/id/56884009	http://purl.org/sig/ont/fma/fma61896	1.0
http://snomed.info/id/56912000	http://purl.org/sig/ont/fma/fma50805	1.0
http://snomed.info/id/56971001	http://purl.org/sig/ont/fma/fma322812	1.0
http://snomed.info/id/57008001	http://purl.org/sig/ont/fma/fma4729	1.0
http://snomed.info/id/57021008	http://purl.org/sig/ont/fma/fma46665	1.0
http://snomed.info/id/57034009	http://purl.org/sig/ont/fma/fma3768	1.0
http://snomed.info/id/57062002	http://purl.org/sig/ont/fma/fma46854	0.99329811
http://snomed.info/id/57074003	http://purl.org/sig/ont/fma/fma5889	0.91897541
http://snomed.info/id/5709001	http://purl.org/sig/ont/fma/fma22827	1.0
http://snomed.info/id/57117003	http://purl.org/sig/ont/fma/fma18652	1.0
http://snomed.info/id/57121005	http://purl.org/sig/ont/fma/fma8636	1.0
http://snomed.info/id/57213007	http://purl.org/sig/ont/fma/fma323280	0.97762305
http://snomed.info/id/57225005	http://purl.org/sig/ont/fma/fma62059	1.0
http://snomed.info/id/57240007	http://purl.org/sig/ont/fma/fma18060	1.0
http://snomed.info/id/5727003	http://purl.org/sig/ont/fma/fma61230	1.0
http://snomed.info/id/57369001	http://purl.org/sig/ont/fma/fma19238	1.0
http://snomed.info/id/57381002	http://purl.org/sig/ont/fma/fma322686	1.0
http://snomed.info/id/57383004	http://purl.org/sig/ont/fma/fma9486	1.0
http://snomed.info/id/5742000	http://purl.org/sig/ont/fma/fma300367	0.97529334
http://snomed.info/id/57478006	http://purl.org/sig/ont/fma/fma74508	1.0
http://snomed.info/id/57498001	http://purl.org/sig/ont/fma/fma280481	0.92753905
http://snomed.info/id/57531007	http://purl.org/sig/ont/fma/fma66094	1.0
http://snomed.info/id/57559008	http://purl.org/sig/ont/fma/fma322869	1.0
http://snomed.info/id/57623007	http://purl.org/sig/ont/fma/fma323237	0.87045723
http://snomed.info/id/57627008	http://purl.org/sig/ont/fma/fma15822	1.0
http://snomed.info/id/57651003	http://purl.org/sig/ont/fma/fma77177	1.0
http://snomed.info/id/57661005	http://purl.org/sig/ont/fma/fma15815	1.0
http://snomed.info/id/57665001	http://purl.org/sig/ont/fma/fma24930	0.95719528
http://snomed.info/id/57666000	http://purl.org/sig/ont/fma/fma14334	0.91126961
http://snomed.info/id/57671007	http://purl.org/sig/ont/fma/fma19234	1.0
http://snomed.info/id/57726007	http://purl.org/sig/ont/fma/fma322649	0.90821153
http://snomed.info/id/57733007	http://purl.org/sig/ont/fma/fma22433	0.98420167
http://snomed.info/id/57760000	http://purl.org/sig/ont/fma/fma15649	1.0
http://snomed.info/id/57766006	http://purl.org/sig/ont/fma/fma63130	1.0
http://snomed.info/id/57775008	http://purl.org/sig/ont/fma/fma14991	1.0
http://snomed.info/id/57832007	http://purl.org/sig/ont/fma/fma77380	1.0
http://snomed.info/id/57850000	http://purl.org/sig/ont/fma/fma50737	1.0
http://snomed.info/id/57901005	http://purl.org/sig/ont/fma/fma59983	1.0
http://snomed.info/id/57967006	http://purl.org/sig/ont/fma/fma18826	1.0
http://snomed.info/id/57975000	http://purl.org/sig/ont/fma/fma49940	1.0
http://snomed.info/id/5798000	http://purl.org/sig/ont/fma/fma13295	1.0
http://snomed.info/id/58080009	http://purl.org/sig/ont/fma/fma5890	0.93604225
http://snomed.info/id/58095006	http://purl.org/sig/ont/fma/fma7108	1.0
http://snomed.info/id/58130000	http://purl.org/sig/ont/fma/fma232854	1.0
http://snomed.info/id/5815008	http://purl.org/sig/ont/fma/fma49035	1.0
http://snomed.info/id/58159000	http://purl.org/sig/ont/fma/fma22848	0.87445199
http://snomed.info/id/58162002	http://purl.org/sig/ont/fma/fma13387	1.0
http://snomed.info/id/58199002	http://purl.org/sig/ont/fma/fma50956	1.0
http://snomed.info/id/5825003	http://purl.org/sig/ont/fma/fma58365	1.0
http://snomed.info/id/58260002	http://purl.org/sig/ont/fma/fma9179	1.0
http://snomed.info/id/58267004	http://purl.org/sig/ont/fma/fma52731	1.0
http://snomed.info/id/58280001	http://purl.org/sig/ont/fma/fma321647	0.95106328
http://snomed.info/id/5828001	http://purl.org/sig/ont/fma/fma65220	0.89974803
http://snomed.info/id/58285006	http://purl.org/sig/ont/fma/fma19100	1.0
http://snomed.info/id/58317009	http://purl.org/sig/ont/fma/fma14817	1.0
http://snomed.info/id/58344004	http://purl.org/sig/ont/fma/fma60119	1.0
http://snomed.info/id/58353006	http://purl.org/sig/ont/fma/fma70934	1.0
http://snomed.info/id/58379002	http://purl.org/sig/ont/fma/fma4062	1.0
http://snomed.info/id/58383002	http://purl.org/sig/ont/fma/fma23947	1.0
http://snomed.info/id/58403004	http://purl.org/sig/ont/fma/fma12169	0.95026463
http://snomed.info/id/58443009	http://purl.org/sig/ont/fma/fma58303	1.0
http://snomed.info/id/58465009	http://purl.org/sig/ont/fma/fma43518	1.0
http://snomed.info/id/5847003	http://purl.org/sig/ont/fma/fma26495	1.0
http://snomed.info/id/58487000	http://purl.org/sig/ont/fma/fma58040	1.0
http://snomed.info/id/58510007	http://purl.org/sig/ont/fma/fma32925	1.0
http://snomed.info/id/58592000	http://purl.org/sig/ont/fma/fma322964	1.0
http://snomed.info/id/58619002	http://purl.org/sig/ont/fma/fma76865	1.0
http://snomed.info/id/58646007	http://purl.org/sig/ont/fma/fma84242	0.85175169
http://snomed.info/id/58675001	http://purl.org/sig/ont/fma/fma45661	1.0
http://snomed.info/id/5868002	http://purl.org/sig/ont/fma/fma15932	1.0
http://snomed.info/id/58696008	http://purl.org/sig/ont/fma/fma37319	1.0
http://snomed.info/id/58742003	http://purl.org/sig/ont/fma/fma45096	1.0
http://snomed.info/id/5881009	http://purl.org/sig/ont/fma/fma76641	1.0
http://snomed.info/id/58820006	http://purl.org/sig/ont/fma/fma13896	0.90425092
http://snomed.info/id/58836008	http://purl.org/sig/ont/fma/fma16015	1.0
http://snomed.info/id/589001	http://purl.org/sig/ont/fma/fma7133	1.0
http://snomed.info/id/58931002	http://purl.org/sig/ont/fma/fma6282	1.0
http://snomed.info/id/58947000	http://purl.org/sig/ont/fma/fma23390	1.0
http://snomed.info/id/59011009	http://purl.org/sig/ont/fma/fma50542	1.0
http://snomed.info/id/59059009	http://purl.org/sig/ont/fma/fma54660	1.0
http://snomed.info/id/59112000	http://purl.org/sig/ont/fma/fma28008	0.88511944
http://snomed.info/id/59144001	http://purl.org/sig/ont/fma/fma72975	1.0
http://snomed.info/id/59150006	http://purl.org/sig/ont/fma/fma14936	1.0
http://snomed.info/id/59152003	http://purl.org/sig/ont/fma/fma323233	1.0
http://snomed.info/id/59155001	http://purl.org/sig/ont/fma/fma75473	1.0
http://snomed.info/id/5923009	http://purl.org/sig/ont/fma/fma321470	1.0
http://snomed.info/id/59237002	http://purl.org/sig/ont/fma/fma52598	1.0
http://snomed.info/id/5928000	http://purl.org/sig/ont/fma/fma4707	1.0
http://snomed.info/id/59310001	http://purl.org/sig/ont/fma/fma53267	1.0
http://snomed.info/id/59326000	http://purl.org/sig/ont/fma/fma61945	1.0
http://snomed.info/id/59348006	http://purl.org/sig/ont/fma/fma8637	1.0
http://snomed.info/id/59373006	http://purl.org/sig/ont/fma/fma10663	1.0
http://snomed.info/id/59417004	http://purl.org/sig/ont/fma/fma52775	1.0
http://snomed.info/id/5942008	http://purl.org/sig/ont/fma/fma49028	1.0
http://snomed.info/id/59438005	http://purl.org/sig/ont/fma/fma3862	1.0
http://snomed.info/id/5944009	http://purl.org/sig/ont/fma/fma55025	1.0
http://snomed.info/id/59441001	http://purl.org/sig/ont/fma/fma5034	1.0
http://snomed.info/id/59463005	http://purl.org/sig/ont/fma/fma16132	1.0
http://snomed.info/id/59473007	http://purl.org/sig/ont/fma/fma54510	1.0
http://snomed.info/id/59498008	http://purl.org/sig/ont/fma/fma52769	1.0
http://snomed.info/id/59503006	http://purl.org/sig/ont/fma/fma61224	1.0
http://snomed.info/id/59513003	http://purl.org/sig/ont/fma/fma55181	0.94448727
http://snomed.info/id/59581006	http://purl.org/sig/ont/fma/fma60998	1.0
http://snomed.info/id/59652004	http://purl.org/sig/ont/fma/fma323978	0.87417692
http://snomed.info/id/59691009	http://purl.org/sig/ont/fma/fma7431	1.0
http://snomed.info/id/59713001	http://purl.org/sig/ont/fma/fma37076	1.0
http://snomed.info/id/59744005	http://purl.org/sig/ont/fma/fma52932	1.0
http://snomed.info/id/59749000	http://purl.org/sig/ont/fma/fma49927	1.0
http://snomed.info/id/59752008	http://purl.org/sig/ont/fma/fma77461	1.0
http://snomed.info/id/59781009	http://purl.org/sig/ont/fma/fma56721	1.0
http://snomed.info/id/5979006	http://purl.org/sig/ont/fma/fma49970	1.0
http://snomed.info/id/59830005	http://purl.org/sig/ont/fma/fma43902	1.0
http://snomed.info/id/59950005	http://purl.org/sig/ont/fma/fma52242	1.0
http://snomed.info/id/59952002	http://purl.org/sig/ont/fma/fma58342	0.92118025
http://snomed.info/id/59966007	http://purl.org/sig/ont/fma/fma321612	0.93060791
http://snomed.info/id/60005003	http://purl.org/sig/ont/fma/fma9627	1.0
http://snomed.info/id/6001004	http://purl.org/sig/ont/fma/fma15569	1.0
http://snomed.info/id/60035005	http://purl.org/sig/ont/fma/fma37522	1.0
http://snomed.info/id/6004007	http://purl.org/sig/ont/fma/fma13495	0.89830863
http://snomed.info/id/6006009	http://purl.org/sig/ont/fma/fma14945	1.0
http://snomed.info/id/60075002	http://purl.org/sig/ont/fma/fma9395	1.0
http://snomed.info/id/60105000	http://purl.org/sig/ont/fma/fma77208	1.0
http://snomed.info/id/60114005	http://purl.org/sig/ont/fma/fma37380	1.0
http://snomed.info/id/6014003	http://purl.org/sig/ont/fma/fma16038	0.89120549
http://snomed.info/id/60152006	http://purl.org/sig/ont/fma/fma14675	1.0
http://snomed.info/id/60176003	http://purl.org/sig/ont/fma/fma50028	1.0
http://snomed.info/id/60227002	http://purl.org/sig/ont/fma/fma16644	1.0
http://snomed.info/id/60297009	http://purl.org/sig/ont/fma/fma15628	0.91551048
http://snomed.info/id/60361003	http://purl.org/sig/ont/fma/fma17931	1.0
http://snomed.info/id/60396003	http://purl.org/sig/ont/fma/fma275054	1.0
http://snomed.info/id/60413009	http://purl.org/sig/ont/fma/fma7480	1.0
http://snomed.info/id/60433008	http://purl.org/sig/ont/fma/fma44771	0.92934555
http://snomed.info/id/60494004	http://purl.org/sig/ont/fma/fma46619	0.95277643
http://snomed.info/id/6050005	http://purl.org/sig/ont/fma/fma51779	1.0
http://snomed.info/id/60615005	http://purl.org/sig/ont/fma/fma16952	1.0
http://snomed.info/id/60618007	http://purl.org/sig/ont/fma/fma37418	1.0
http://snomed.info/id/6062009	http://purl.org/sig/ont/fma/fma84232	0.87316418
http://snomed.info/id/60623007	http://purl.org/sig/ont/fma/fma45201	1.0
http://snomed.info/id/60678001	http://purl.org/sig/ont/fma/fma323291	1.0
http://snomed.info/id/60692007	http://purl.org/sig/ont/fma/fma54823	0.99411058
http://snomed.info/id/60720001	http://purl.org/sig/ont/fma/fma64828	1.0
http://snomed.info/id/6073002	http://purl.org/sig/ont/fma/fma9878	0.93590671
http://snomed.info/id/60766006	http://purl.org/sig/ont/fma/fma55397	1.0
http://snomed.info/id/60771004	http://purl.org/sig/ont/fma/fma22540	1.0
http://snomed.info/id/60778005	http://purl.org/sig/ont/fma/fma323381	1.0
http://snomed.info/id/60894006	http://purl.org/sig/ont/fma/fma55516	1.0
http://snomed.info/id/609390000	http://purl.org/sig/ont/fma/fma5903	1.0
http://snomed.info/id/609597001	http://purl.org/sig/ont/fma/fma44686	1.0
http://snomed.info/id/609606006	http://purl.org/sig/ont/fma/fma52570	1.0
http://snomed.info/id/609607002	http://purl.org/sig/ont/fma/fma52571	1.0
http://snomed.info/id/60962000	http://purl.org/sig/ont/fma/fma57459	1.0
http://snomed.info/id/609628006	http://purl.org/sig/ont/fma/fma44678	1.0
http://snomed.info/id/60996007	http://purl.org/sig/ont/fma/fma12768	1.0
http://snomed.info/id/61001002	http://purl.org/sig/ont/fma/fma62888	0.98088032
http://snomed.info/id/61032001	http://purl.org/sig/ont/fma/fma16082	1.0
http://snomed.info/id/61038002	http://purl.org/sig/ont/fma/fma16066	0.9557122
http://snomed.info/id/61046001	http://purl.org/sig/ont/fma/fma22681	1.0
http://snomed.info/id/6105006	http://purl.org/sig/ont/fma/fma9923	1.0
http://snomed.info/id/6110005	http://purl.org/sig/ont/fma/fma323350	0.9930684
http://snomed.info/id/61106005	http://purl.org/sig/ont/fma/fma18660	1.0
http://snomed.info/id/61122006	http://purl.org/sig/ont/fma/fma72451	1.0
http://snomed.info/id/61134003	http://purl.org/sig/ont/fma/fma22714	1.0
http://snomed.info/id/61222001	http://purl.org/sig/ont/fma/fma71444	0.89927459
http://snomed.info/id/61231001	http://purl.org/sig/ont/fma/fma49583	1.0
http://snomed.info/id/61248009	http://purl.org/sig/ont/fma/fma37793	0.95359987
http://snomed.info/id/61442008	http://purl.org/sig/ont/fma/fma70105	1.0
http://snomed.info/id/61482001	http://purl.org/sig/ont/fma/fma37614	1.0
http://snomed.info/id/61492009	http://purl.org/sig/ont/fma/fma12798	1.0
http://snomed.info/id/61495006	http://purl.org/sig/ont/fma/fma19091	0.97242576
http://snomed.info/id/61506003	http://purl.org/sig/ont/fma/fma16196	1.0
http://snomed.info/id/61513003	http://purl.org/sig/ont/fma/fma322313	1.0
http://snomed.info/id/61538008	http://purl.org/sig/ont/fma/fma72242	1.0
http://snomed.info/id/61577006	http://purl.org/sig/ont/fma/fma72455	1.0
http://snomed.info/id/61647009	http://purl.org/sig/ont/fma/fma14985	1.0
http://snomed.info/id/61685007	http://purl.org/sig/ont/fma/fma7184	1.0
http://snomed.info/id/61729009	http://purl.org/sig/ont/fma/fma42550	0.90836519
http://snomed.info/id/61763006	http://purl.org/sig/ont/fma/fma59495	1.0
http://snomed.info/id/61787008	http://purl.org/sig/ont/fma/fma321597	1.0
http://snomed.info/id/61840008	http://purl.org/sig/ont/fma/fma7284	1.0
http://snomed.info/id/61868007	http://purl.org/sig/ont/fma/fma84244	0.86447483
http://snomed.info/id/61906009	http://purl.org/sig/ont/fma/fma50012	1.0
http://snomed.info/id/61940009	http://purl.org/sig/ont/fma/fma322316	1.0
http://snomed.info/id/61945004	http://purl.org/sig/ont/fma/fma322679	1.0
http://snomed.info/id/61987002	http://purl.org/sig/ont/fma/fma16027	1.0
http://snomed.info/id/61995003	http://purl.org/sig/ont/fma/fma9240	1.0
http://snomed.info/id/62010007	http://purl.org/sig/ont/fma/fma52254	1.0
http://snomed.info/id/62075009	http://purl.org/sig/ont/fma/fma18613	1.0
http://snomed.info/id/62159009	http://purl.org/sig/ont/fma/fma72621	0.95157629
http://snomed.info/id/62175007	http://purl.org/sig/ont/fma/fma7187	1.0
http://snomed.info/id/62181004	http://purl.org/sig/ont/fma/fma60880	1.0
http://snomed.info/id/62223008	http://purl.org/sig/ont/fma/fma49989	1.0
http://snomed.info/id/62284004	http://purl.org/sig/ont/fma/fma62332	1.0
http://snomed.info/id/62290000	http://purl.org/sig/ont/fma/fma54440	1.0
http://snomed.info/id/6229007	http://purl.org/sig/ont/fma/fma52741	1.0
http://snomed.info/id/62378004	http://purl.org/sig/ont/fma/fma5859	1.0
http://snomed.info/id/62380005	http://purl.org/sig/ont/fma/fma52894	1.0
http://snomed.info/id/62406002	http://purl.org/sig/ont/fma/fma77102	1.0
http://snomed.info/id/62413002	http://purl.org/sig/ont/fma/fma34315	0.95405346
http://snomed.info/id/62466004	http://purl.org/sig/ont/fma/fma52770	1.0
http://snomed.info/id/62487009	http://purl.org/sig/ont/fma/fma71173	0.87919688
http://snomed.info/id/62536009	http://purl.org/sig/ont/fma/fma48967	1.0
http://snomed.info/id/62542008	http://purl.org/sig/ont/fma/fma72548	1.0
http://snomed.info/id/62551000	http://purl.org/sig/ont/fma/fma16035	0.90985686
http://snomed.info/id/62611005	http://purl.org/sig/ont/fma/fma52625	1.0
http://snomed.info/id/6268000	http://purl.org/sig/ont/fma/fma75461	1.0
http://snomed.info/id/62683002	http://purl.org/sig/ont/fma/fma12774	1.0
http://snomed.info/id/62719004	http://purl.org/sig/ont/fma/fma58604	1.0
http://snomed.info/id/62736007	http://purl.org/sig/ont/fma/fma54442	1.0
http://snomed.info/id/62758009	http://purl.org/sig/ont/fma/fma77523	0.87217647
http://snomed.info/id/62794008	http://purl.org/sig/ont/fma/fma44954	0.97903681
http://snomed.info/id/62833009	http://purl.org/sig/ont/fma/fma42788	1.0
http://snomed.info/id/62839008	http://purl.org/sig/ont/fma/fma61151	1.0
http://snomed.info/id/62919005	http://purl.org/sig/ont/fma/fma14472	1.0
http://snomed.info/id/62961004	http://purl.org/sig/ont/fma/fma54360	1.0
http://snomed.info/id/63059004	http://purl.org/sig/ont/fma/fma7254	1.0
http://snomed.info/id/63082002	http://purl.org/sig/ont/fma/fma49675	1.0
http://snomed.info/id/63149002	http://purl.org/sig/ont/fma/fma46005	0.95357251
http://snomed.info/id/6317000	http://purl.org/sig/ont/fma/fma9327	0.94339556
http://snomed.info/id/63207002	http://purl.org/sig/ont/fma/fma76899	1.0
http://snomed.info/id/63215004	http://purl.org/sig/ont/fma/fma7378	1.0
http://snomed.info/id/63217007	http://purl.org/sig/ont/fma/fma15041	1.0
http://snomed.info/id/63239009	http://purl.org/sig/ont/fma/fma7212	1.0
http://snomed.info/id/6325003	http://purl.org/sig/ont/fma/fma46602	1.0
http://snomed.info/id/63255002	http://purl.org/sig/ont/fma/fma49961	1.0
http://snomed.info/id/63303001	http://purl.org/sig/ont/fma/fma83599	1.0
http://snomed.info/id/63333008	http://purl.org/sig/ont/fma/fma46658	0.93568712
http://snomed.info/id/63358003	http://purl.org/sig/ont/fma/fma14584	1.0
http://snomed.info/id/63359006	http://purl.org/sig/ont/fma/fma320407	1.0
http://snomed.info/id/63401003	http://purl.org/sig/ont/fma/fma42655	1.0
http://snomed.info/id/63406008	http://purl.org/sig/ont/fma/fma9728	1.0
http://snomed.info/id/63424005	http://purl.org/sig/ont/fma/fma35515	1.0
http://snomed.info/id/63473001	http://purl.org/sig/ont/fma/fma20824	1.0
http://snomed.info/id/63492004	http://purl.org/sig/ont/fma/fma6572	1.0
http://snomed.info/id/63528005	http://purl.org/sig/ont/fma/fma46312	1.0
http://snomed.info/id/63572008	http://purl.org/sig/ont/fma/fma23254	1.0
http://snomed.info/id/63588008	http://purl.org/sig/ont/fma/fma15651	1.0
http://snomed.info/id/6359004	http://purl.org/sig/ont/fma/fma322848	1.0
http://snomed.info/id/63602000	http://purl.org/sig/ont/fma/fma7417	1.0
http://snomed.info/id/63677005	http://purl.org/sig/ont/fma/fma20174	1.0
http://snomed.info/id/63790006	http://purl.org/sig/ont/fma/fma9156	1.0
http://snomed.info/id/63802003	http://purl.org/sig/ont/fma/fma58713	1.0
http://snomed.info/id/63824003	http://purl.org/sig/ont/fma/fma85528	0.96777129
http://snomed.info/id/63916007	http://purl.org/sig/ont/fma/fma9150	1.0
http://snomed.info/id/63982000	http://purl.org/sig/ont/fma/fma72400	1.0
http://snomed.info/id/64013008	http://purl.org/sig/ont/fma/fma321519	1.00000012
http://snomed.info/id/64033007	http://purl.org/sig/ont/fma/fma7203	1.0
http://snomed.info/id/64038003	http://purl.org/sig/ont/fma/fma5932	1.0
http://snomed.info/id/6404004	http://purl.org/sig/ont/fma/fma13427	1.0
http://snomed.info/id/64104009	http://purl.org/sig/ont/fma/fma18641	1.0
http://snomed.info/id/6413002	http://purl.org/sig/ont/fma/fma16667	1.0
http://snomed.info/id/64131007	http://purl.org/sig/ont/fma/fma10951	1.0
http://snomed.info/id/64141005	http://purl.org/sig/ont/fma/fma52492	1.0
http://snomed.info/id/64163001	http://purl.org/sig/ont/fma/fma10468	1.0
http://snomed.info/id/6417001	http://purl.org/sig/ont/fma/fma35451	1.0
http://snomed.info/id/6423006	http://purl.org/sig/ont/fma/fma9629	1.0
http://snomed.info/id/64274004	http://purl.org/sig/ont/fma/fma5884	0.95914584
http://snomed.info/id/64275003	http://purl.org/sig/ont/fma/fma62209	1.0
http://snomed.info/id/64277006	http://purl.org/sig/ont/fma/fma71673	1.0
http://snomed.info/id/64281006	http://purl.org/sig/ont/fma/fma14670	1.0
http://snomed.info/id/64292007	http://purl.org/sig/ont/fma/fma7466	1.0
http://snomed.info/id/64312005	http://purl.org/sig/ont/fma/fma52859	1.0
http://snomed.info/id/64331004	http://purl.org/sig/ont/fma/fma66762	1.0
http://snomed.info/id/64339002	http://purl.org/sig/ont/fma/fma43009	1.0
http://snomed.info/id/64344009	http://purl.org/sig/ont/fma/fma15912	1.0
http://snomed.info/id/64391002	http://purl.org/sig/ont/fma/fma60883	1.0
http://snomed.info/id/64453003	http://purl.org/sig/ont/fma/fma13380	1.0
http://snomed.info/id/64468002	http://purl.org/sig/ont/fma/fma68109	1.0
http://snomed.info/id/6448009	http://purl.org/sig/ont/fma/fma6227	1.0
http://snomed.info/id/64529007	http://purl.org/sig/ont/fma/fma44771	1.0
http://snomed.info/id/64556009	http://purl.org/sig/ont/fma/fma16642	1.0
http://snomed.info/id/64568000	http://purl.org/sig/ont/fma/fma45890	1.0
http://snomed.info/id/64626006	http://purl.org/sig/ont/fma/fma55222	1.0
http://snomed.info/id/64633006	http://purl.org/sig/ont/fma/fma58006	1.0
http://snomed.info/id/64658001	http://purl.org/sig/ont/fma/fma9759	1.0
http://snomed.info/id/64691005	http://purl.org/sig/ont/fma/fma16097	1.0
http://snomed.info/id/64739004	http://purl.org/sig/ont/fma/fma19386	1.0
http://snomed.info/id/64745007	http://purl.org/sig/ont/fma/fma51239	1.0
http://snomed.info/id/64747004	http://purl.org/sig/ont/fma/fma9732	1.0
http://snomed.info/id/64782003	http://purl.org/sig/ont/fma/fma16087	1.0
http://snomed.info/id/64807000	http://purl.org/sig/ont/fma/fma42875	1.0
http://snomed.info/id/64864005	http://purl.org/sig/ont/fma/fma62421	0.86867011
http://snomed.info/id/64977002	http://purl.org/sig/ont/fma/fma17091	1.0
http://snomed.info/id/64997007	http://purl.org/sig/ont/fma/fma68874	1.0
http://snomed.info/id/65000005	http://purl.org/sig/ont/fma/fma75428	1.0
http://snomed.info/id/650002	http://purl.org/sig/ont/fma/fma9986	1.0
http://snomed.info/id/65006004	http://purl.org/sig/ont/fma/fma18087	1.0
http://snomed.info/id/65040004	http://purl.org/sig/ont/fma/fma9965	1.0
http://snomed.info/id/65048006	http://purl.org/sig/ont/fma/fma55567	1.0
http://snomed.info/id/6511003	http://purl.org/sig/ont/fma/fma3906	1.0
http://snomed.info/id/65116009	http://purl.org/sig/ont/fma/fma52411	1.0
http://snomed.info/id/65213009	http://purl.org/sig/ont/fma/fma15395	1.0
http://snomed.info/id/65253007	http://purl.org/sig/ont/fma/fma16094	1.0
http://snomed.info/id/65258003	http://purl.org/sig/ont/fma/fma32629	1.0
http://snomed.info/id/65266007	http://purl.org/sig/ont/fma/fma44225	1.0
http://snomed.info/id/65272007	http://purl.org/sig/ont/fma/fma54656	1.0
http://snomed.info/id/65289004	http://purl.org/sig/ont/fma/fma57458	1.0
http://snomed.info/id/6533001	http://purl.org/sig/ont/fma/fma14552	1.0
http://snomed.info/id/65349008	http://purl.org/sig/ont/fma/fma16646	1.0
http://snomed.info/id/65352000	http://purl.org/sig/ont/fma/fma23902	1.0
http://snomed.info/id/65355003	http://purl.org/sig/ont/fma/fma3941	1.0
http://snomed.info/id/65374006	http://purl.org/sig/ont/fma/fma14957	1.0
http://snomed.info/id/6538005	http://purl.org/sig/ont/fma/fma3990	1.0
http://snomed.info/id/65439009	http://purl.org/sig/ont/fma/fma9909	0.98216099
http://snomed.info/id/6544009	http://purl.org/sig/ont/fma/fma16520	1.0
http://snomed.info/id/65469002	http://purl.org/sig/ont/fma/fma20170	0.95546609
http://snomed.info/id/65496004	http://purl.org/sig/ont/fma/fma13524	0.87265348
http://snomed.info/id/6550004	http://purl.org/sig/ont/fma/fma14573	1.0
http://snomed.info/id/6551000	http://purl.org/sig/ont/fma/fma22762	0.90842205
http://snomed.info/id/6553002	http://purl.org/sig/ont/fma/fma54736	1.0
http://snomed.info/id/65531009	http://purl.org/sig/ont/fma/fma24947	1.0
http://snomed.info/id/65548001	http://purl.org/sig/ont/fma/fma35448	1.0
http://snomed.info/id/65549009	http://purl.org/sig/ont/fma/fma32699	0.9252317
http://snomed.info/id/65571004	http://purl.org/sig/ont/fma/fma4744	1.0
http://snomed.info/id/65608004	http://purl.org/sig/ont/fma/fma18305	1.0
http://snomed.info/id/65610002	http://purl.org/sig/ont/fma/fma21467	0.95723194
http://snomed.info/id/65611003	http://purl.org/sig/ont/fma/fma15418	0.95721674
http://snomed.info/id/65618009	http://purl.org/sig/ont/fma/fma42281	1.0
http://snomed.info/id/65624003	http://purl.org/sig/ont/fma/fma84222	0.85244811
http://snomed.info/id/6566002	http://purl.org/sig/ont/fma/fma242392	0.90176076
http://snomed.info/id/65681008	http://purl.org/sig/ont/fma/fma44233	1.0
http://snomed.info/id/65686003	http://purl.org/sig/ont/fma/fma5835	1.0
http://snomed.info/id/65690001	http://purl.org/sig/ont/fma/fma5953	1.0
http://snomed.info/id/65719009	http://purl.org/sig/ont/fma/fma77597	0.93723261
http://snomed.info/id/65750006	http://purl.org/sig/ont/fma/fma293451	1.0
http://snomed.info/id/65784005	http://purl.org/sig/ont/fma/fma322158	0.98316026
http://snomed.info/id/65836007	http://purl.org/sig/ont/fma/fma44659	1.0
http://snomed.info/id/65930000	http://purl.org/sig/ont/fma/fma46825	1.0
http://snomed.info/id/6598008	http://purl.org/sig/ont/fma/fma53218	1.0
http://snomed.info/id/660006	http://purl.org/sig/ont/fma/fma7471	1.0
http://snomed.info/id/66012001	http://purl.org/sig/ont/fma/fma19575	1.0
http://snomed.info/id/66030008	http://purl.org/sig/ont/fma/fma55259	1.0
http://snomed.info/id/66036002	http://purl.org/sig/ont/fma/fma17231	1.0
http://snomed.info/id/66040006	http://purl.org/sig/ont/fma/fma42844	0.95900273
http://snomed.info/id/66041005	http://purl.org/sig/ont/fma/fma49039	1.0
http://snomed.info/id/6606008	http://purl.org/sig/ont/fma/fma44214	0.98456049
http://snomed.info/id/66117005	http://purl.org/sig/ont/fma/fma3936	0.96026689
http://snomed.info/id/66138004	http://purl.org/sig/ont/fma/fma46622	1.0
http://snomed.info/id/66145004	http://purl.org/sig/ont/fma/fma9625	1.0
http://snomed.info/id/66150005	http://purl.org/sig/ont/fma/fma55233	1.0
http://snomed.info/id/66155000	http://purl.org/sig/ont/fma/fma57866	1.0
http://snomed.info/id/6623004	http://purl.org/sig/ont/fma/fma9717	0.90460855
http://snomed.info/id/66268002	http://purl.org/sig/ont/fma/fma59936	1.0
http://snomed.info/id/66286004	http://purl.org/sig/ont/fma/fma33808	0.93154299
http://snomed.info/id/66311001	http://purl.org/sig/ont/fma/fma50017	1.0
http://snomed.info/id/66336007	http://purl.org/sig/ont/fma/fma322675	1.0
http://snomed.info/id/66340003	http://purl.org/sig/ont/fma/fma7595	1.0
http://snomed.info/id/66372000	http://purl.org/sig/ont/fma/fma53066	1.0
http://snomed.info/id/66388000	http://purl.org/sig/ont/fma/fma23359	1.0
http://snomed.info/id/66407008	http://purl.org/sig/ont/fma/fma62406	1.0
http://snomed.info/id/66418008	http://purl.org/sig/ont/fma/fma322941	0.96724534
http://snomed.info/id/66436008	http://purl.org/sig/ont/fma/fma59792	1.0
http://snomed.info/id/66439001	http://purl.org/sig/ont/fma/fma14709	1.0
http://snomed.info/id/6649009	http://purl.org/sig/ont/fma/fma20423	1.0
http://snomed.info/id/6651008	http://purl.org/sig/ont/fma/fma72519	1.0
http://snomed.info/id/66559000	http://purl.org/sig/ont/fma/fma14771	1.0
http://snomed.info/id/66617006	http://purl.org/sig/ont/fma/fma55135	1.0
http://snomed.info/id/66754008	http://purl.org/sig/ont/fma/fma14542	1.0
http://snomed.info/id/66785004	http://purl.org/sig/ont/fma/fma8518	1.0
http://snomed.info/id/66794005	http://purl.org/sig/ont/fma/fma71187	0.88631433
http://snomed.info/id/66823003	http://purl.org/sig/ont/fma/fma7703	1.0
http://snomed.info/id/66828007	http://purl.org/sig/ont/fma/fma14064	0.94300717
http://snomed.info/id/6684008	http://purl.org/sig/ont/fma/fma66210	1.0
http://snomed.info/id/66928008	http://purl.org/sig/ont/fma/fma37682	1.0
http://snomed.info/id/66934001	http://purl.org/sig/ont/fma/fma59380	0.97538704
http://snomed.info/id/66938003	http://purl.org/sig/ont/fma/fma54651	1.0
http://snomed.info/id/66977000	http://purl.org/sig/ont/fma/fma46841	1.0
http://snomed.info/id/66997005	http://purl.org/sig/ont/fma/fma9599	1.0
http://snomed.info/id/67040000	http://purl.org/sig/ont/fma/fma48968	1.0
http://snomed.info/id/67046006	http://purl.org/sig/ont/fma/fma58658	1.0
http://snomed.info/id/67082001	http://purl.org/sig/ont/fma/fma49506	1.0
http://snomed.info/id/67094005	http://purl.org/sig/ont/fma/fma32439	1.0
http://snomed.info/id/67109009	http://purl.org/sig/ont/fma/fma15076	1.0
http://snomed.info/id/67111000	http://purl.org/sig/ont/fma/fma76637	1.0
http://snomed.info/id/67117001	http://purl.org/sig/ont/fma/fma49143	1.0
http://snomed.info/id/67169006	http://purl.org/sig/ont/fma/fma42983	1.0
http://snomed.info/id/67183008	http://purl.org/sig/ont/fma/fma52836	0.91798729
http://snomed.info/id/67186000	http://purl.org/sig/ont/fma/fma16076	1.0
http://snomed.info/id/67239008	http://purl.org/sig/ont/fma/fma59002	0.8966803
http://snomed.info/id/67252003	http://purl.org/sig/ont/fma/fma68967	0.91169631
http://snomed.info/id/67260002	http://purl.org/sig/ont/fma/fma72489	0.93118101
http://snomed.info/id/67269001	http://purl.org/sig/ont/fma/fma322279	0.96175659
http://snomed.info/id/67290009	http://purl.org/sig/ont/fma/fma70660	1.0
http://snomed.info/id/67300002	http://purl.org/sig/ont/fma/fma18149	1.0
http://snomed.info/id/67318004	http://purl.org/sig/ont/fma/fma55227	1.0
http://snomed.info/id/67327003	http://purl.org/sig/ont/fma/fma7822	1.0
http://snomed.info/id/6739000	http://purl.org/sig/ont/fma/fma53228	1.0
http://snomed.info/id/67411009	http://purl.org/sig/ont/fma/fma51757	0.95119441
http://snomed.info/id/67413007	http://purl.org/sig/ont/fma/fma322658	1.0
http://snomed.info/id/67452000	http://purl.org/sig/ont/fma/fma19333	1.0
http://snomed.info/id/67453005	http://purl.org/sig/ont/fma/fma9708	0.97211832
http://snomed.info/id/67456002	http://purl.org/sig/ont/fma/fma43956	1.0
http://snomed.info/id/67479001	http://purl.org/sig/ont/fma/fma24782	1.0
http://snomed.info/id/67548002	http://purl.org/sig/ont/fma/fma59013	1.0
http://snomed.info/id/67581001	http://purl.org/sig/ont/fma/fma55391	1.0
http://snomed.info/id/67601006	http://purl.org/sig/ont/fma/fma242203	1.0
http://snomed.info/id/67660009	http://purl.org/sig/ont/fma/fma44257	1.0
http://snomed.info/id/67671005	http://purl.org/sig/ont/fma/fma14798	0.89916199
http://snomed.info/id/67674002	http://purl.org/sig/ont/fma/fma70380	1.0
http://snomed.info/id/67701001	http://purl.org/sig/ont/fma/fma72615	1.0
http://snomed.info/id/67755002	http://purl.org/sig/ont/fma/fma44254	1.0
http://snomed.info/id/67796004	http://purl.org/sig/ont/fma/fma323285	1.0
http://snomed.info/id/67834006	http://purl.org/sig/ont/fma/fma84224	0.86016798
http://snomed.info/id/67892008	http://purl.org/sig/ont/fma/fma72414	1.0
http://snomed.info/id/67898007	http://purl.org/sig/ont/fma/fma256541	1.0
http://snomed.info/id/67937003	http://purl.org/sig/ont/fma/fma22654	1.0
http://snomed.info/id/67941004	http://purl.org/sig/ont/fma/fma5959	1.0
http://snomed.info/id/6799003	http://purl.org/sig/ont/fma/fma74960	1.0
http://snomed.info/id/68032009	http://purl.org/sig/ont/fma/fma13338	1.0
http://snomed.info/id/68053000	http://purl.org/sig/ont/fma/fma43894	1.0
http://snomed.info/id/68059001	http://purl.org/sig/ont/fma/fma3815	1.0
http://snomed.info/id/68133001	http://purl.org/sig/ont/fma/fma49967	1.0
http://snomed.info/id/68171009	http://purl.org/sig/ont/fma/fma276805	1.0
http://snomed.info/id/68179006	http://purl.org/sig/ont/fma/fma16096	1.0
http://snomed.info/id/68209001	http://purl.org/sig/ont/fma/fma7239	1.0
http://snomed.info/id/68219007	http://purl.org/sig/ont/fma/fma62088	1.0
http://snomed.info/id/68288006	http://purl.org/sig/ont/fma/fma15624	1.0
http://snomed.info/id/6829002	http://purl.org/sig/ont/fma/fma58610	0.88097084
http://snomed.info/id/68300000	http://purl.org/sig/ont/fma/fma7218	1.0
http://snomed.info/id/68305005	http://purl.org/sig/ont/fma/fma21537	1.0
http://snomed.info/id/68317007	http://purl.org/sig/ont/fma/fma69248	1.0
http://snomed.info/id/68351006	http://purl.org/sig/ont/fma/fma50981	1.0
http://snomed.info/id/68418001	http://purl.org/sig/ont/fma/fma9981	1.0
http://snomed.info/id/68426009	http://purl.org/sig/ont/fma/fma54375	1.0
http://snomed.info/id/68438000	http://purl.org/sig/ont/fma/fma321520	1.0
http://snomed.info/id/68440005	http://purl.org/sig/ont/fma/fma23901	1.0
http://snomed.info/id/68455001	http://purl.org/sig/ont/fma/fma64918	0.8640824
http://snomed.info/id/68465007	http://purl.org/sig/ont/fma/fma72487	1.0
http://snomed.info/id/68560004	http://purl.org/sig/ont/fma/fma14560	1.0
http://snomed.info/id/68594002	http://purl.org/sig/ont/fma/fma15632	1.0
http://snomed.info/id/6864006	http://purl.org/sig/ont/fma/fma55399	1.0
http://snomed.info/id/6866008	http://purl.org/sig/ont/fma/fma62048	1.0
http://snomed.info/id/68677007	http://purl.org/sig/ont/fma/fma74604	1.0
http://snomed.info/id/68698007	http://purl.org/sig/ont/fma/fma63883	0.96240073
http://snomed.info/id/68703001	http://purl.org/sig/ont/fma/fma58298	0.91980577
http://snomed.info/id/68745004	http://purl.org/sig/ont/fma/fma52489	1.0
http://snomed.info/id/68786006	http://purl.org/sig/ont/fma/fma77110	1.0
http://snomed.info/id/68787002	http://purl.org/sig/ont/fma/fma3866	1.0
http://snomed.info/id/68809009	http://purl.org/sig/ont/fma/fma6965	1.0
http://snomed.info/id/68818006	http://purl.org/sig/ont/fma/fma13895	1.0
http://snomed.info/id/68876001	http://purl.org/sig/ont/fma/fma55472	1.0
http://snomed.info/id/68881005	http://purl.org/sig/ont/fma/fma16622	1.0
http://snomed.info/id/68899002	http://purl.org/sig/ont/fma/fma10001	1.0
http://snomed.info/id/68907005	http://purl.org/sig/ont/fma/fma49602	0.97961283
http://snomed.info/id/68915008	http://purl.org/sig/ont/fma/fma61232	1.0
http://snomed.info/id/68954009	http://purl.org/sig/ont/fma/fma322793	1.0
http://snomed.info/id/69030007	http://purl.org/sig/ont/fma/fma17010	1.0
http://snomed.info/id/69034003	http://purl.org/sig/ont/fma/fma32934	1.0
http://snomed.info/id/69070000	http://purl.org/sig/ont/fma/fma71446	1.0
http://snomed.info/id/69105007	http://purl.org/sig/ont/fma/fma3939	0.9261291
http://snomed.info/id/69113008	http://purl.org/sig/ont/fma/fma21847	0.98998797
http://snomed.info/id/69177000	http://purl.org/sig/ont/fma/fma7585	1.0
http://snomed.info/id/692007	http://purl.org/sig/ont/fma/fma17004	1.0
http://snomed.info/id/6921000	http://purl.org/sig/ont/fma/fma7185	1.0
http://snomed.info/id/69276004	http://purl.org/sig/ont/fma/fma13523	0.87955308
http://snomed.info/id/69374003	http://purl.org/sig/ont/fma/fma7252	1.0
http://snomed.info/id/69421009	http://purl.org/sig/ont/fma/fma75832	0.95918065
http://snomed.info/id/69472000	http://purl.org/sig/ont/fma/fma299863	1.0
http://snomed.info/id/69475003	http://purl.org/sig/ont/fma/fma19630	1.0
http://snomed.info/id/69551001	http://purl.org/sig/ont/fma/fma50170	1.0
http://snomed.info/id/69585000	http://purl.org/sig/ont/fma/fma66090	1.0
http://snomed.info/id/69615002	http://purl.org/sig/ont/fma/fma19938	1.0
http://snomed.info/id/69656004	http://purl.org/sig/ont/fma/fma15713	1.0
http://snomed.info/id/69659006	http://purl.org/sig/ont/fma/fma15914	1.0
http://snomed.info/id/69691007	http://purl.org/sig/ont/fma/fma276805	0.92104727
http://snomed.info/id/69692000	http://purl.org/sig/ont/fma/fma74028	1.0
http://snomed.info/id/69722003	http://purl.org/sig/ont/fma/fma24246	1.0
http://snomed.info/id/69735007	http://purl.org/sig/ont/fma/fma70441	1.0
http://snomed.info/id/69789009	http://purl.org/sig/ont/fma/fma13516	0.95191109
http://snomed.info/id/6981003	http://purl.org/sig/ont/fma/fma62350	1.0
http://snomed.info/id/69822007	http://purl.org/sig/ont/fma/fma42298	1.0
http://snomed.info/id/69831007	http://purl.org/sig/ont/fma/fma234906	0.91911626
http://snomed.info/id/69833005	http://purl.org/sig/ont/fma/fma70249	1.0
http://snomed.info/id/69838001	http://purl.org/sig/ont/fma/fma53643	1.0
http://snomed.info/id/69854003	http://purl.org/sig/ont/fma/fma63252	1.0
http://snomed.info/id/69857005	http://purl.org/sig/ont/fma/fma323288	1.0
http://snomed.info/id/69898003	http://purl.org/sig/ont/fma/fma37693	1.0
http://snomed.info/id/69950008	http://purl.org/sig/ont/fma/fma13080	1.0
http://snomed.info/id/69952000	http://purl.org/sig/ont/fma/fma322655	1.0
http://snomed.info/id/69970002	http://purl.org/sig/ont/fma/fma25943	1.0
http://snomed.info/id/69988005	http://purl.org/sig/ont/fma/fma24937	0.86618096
http://snomed.info/id/699886009	http://purl.org/sig/ont/fma/fma45654	0.97358149
http://snomed.info/id/699904006	http://purl.org/sig/ont/fma/fma61529	0.92121917
http://snomed.info/id/699960000	http://purl.org/sig/ont/fma/fma63220	1.0
http://snomed.info/id/70007007	http://purl.org/sig/ont/fma/fma67947	1.0
http://snomed.info/id/70023007	http://purl.org/sig/ont/fma/fma55101	1.0
http://snomed.info/id/70074004	http://purl.org/sig/ont/fma/fma7395	1.0
http://snomed.info/id/70105001	http://purl.org/sig/ont/fma/fma61941	1.0
http://snomed.info/id/70138005	http://purl.org/sig/ont/fma/fma52312	1.0
http://snomed.info/id/70238003	http://purl.org/sig/ont/fma/fma9564	1.0
http://snomed.info/id/70253006	http://purl.org/sig/ont/fma/fma82709	0.89968848
http://snomed.info/id/70278005	http://purl.org/sig/ont/fma/fma58910	1.0
http://snomed.info/id/70291006	http://purl.org/sig/ont/fma/fma63909	1.0
http://snomed.info/id/70311008	http://purl.org/sig/ont/fma/fma6797	1.0
http://snomed.info/id/70373004	http://purl.org/sig/ont/fma/fma32901	1.0
http://snomed.info/id/70490009	http://purl.org/sig/ont/fma/fma297612	0.89844066
http://snomed.info/id/70552000	http://purl.org/sig/ont/fma/fma14922	1.0
http://snomed.info/id/70658005	http://purl.org/sig/ont/fma/fma9258	1.0
http://snomed.info/id/70662004	http://purl.org/sig/ont/fma/fma50874	1.0
http://snomed.info/id/70692008	http://purl.org/sig/ont/fma/fma10095	1.0
http://snomed.info/id/70707000	http://purl.org/sig/ont/fma/fma57390	0.90665585
http://snomed.info/id/70762009	http://purl.org/sig/ont/fma/fma12166	0.94195479
http://snomed.info/id/70770004	http://purl.org/sig/ont/fma/fma22442	1.0
http://snomed.info/id/70791007	http://purl.org/sig/ont/fma/fma321490	0.97539622
http://snomed.info/id/70887009	http://purl.org/sig/ont/fma/fma38301	0.95706159
http://snomed.info/id/7091000	http://purl.org/sig/ont/fma/fma62200	1.0
http://snomed.info/id/71004006	http://purl.org/sig/ont/fma/fma32864	1.0
http://snomed.info/id/71013008	http://purl.org/sig/ont/fma/fma60058	1.0
http://snomed.info/id/71030005	http://purl.org/sig/ont/fma/fma49599	1.0
http://snomed.info/id/71049009	http://purl.org/sig/ont/fma/fma72266	0.90313673
http://snomed.info/id/71065005	http://purl.org/sig/ont/fma/fma23949	1.0
http://snomed.info/id/710863003	http://purl.org/sig/ont/fma/fma14155	1.0
http://snomed.info/id/71098000	http://purl.org/sig/ont/fma/fma55562	1.0
http://snomed.info/id/711190000	http://purl.org/sig/ont/fma/fma75427	0.95207429
http://snomed.info/id/711192008	http://purl.org/sig/ont/fma/fma34634	1.0
http://snomed.info/id/711194009	http://purl.org/sig/ont/fma/fma33268	1.0
http://snomed.info/id/711206007	http://purl.org/sig/ont/fma/fma34214	1.0
http://snomed.info/id/711213007	http://purl.org/sig/ont/fma/fma33262	1.0
http://snomed.info/id/711214001	http://purl.org/sig/ont/fma/fma33934	1.0
http://snomed.info/id/711216004	http://purl.org/sig/ont/fma/fma34360	1.0
http://snomed.info/id/711218003	http://purl.org/sig/ont/fma/fma34220	1.0
http://snomed.info/id/711219006	http://purl.org/sig/ont/fma/fma34357	1.0
http://snomed.info/id/71148004	http://purl.org/sig/ont/fma/fma76898	1.0
http://snomed.info/id/711631002	http://purl.org/sig/ont/fma/fma59027	1.0
http://snomed.info/id/711632009	http://purl.org/sig/ont/fma/fma59026	1.0
http://snomed.info/id/71252005	http://purl.org/sig/ont/fma/fma77056	0.94330531
http://snomed.info/id/71310002	http://purl.org/sig/ont/fma/fma44076	1.0
http://snomed.info/id/71341001	http://purl.org/sig/ont/fma/fma32811	0.94701833
http://snomed.info/id/71439003	http://purl.org/sig/ont/fma/fma19729	1.0
http://snomed.info/id/71452008	http://purl.org/sig/ont/fma/fma50935	1.0
http://snomed.info/id/71469005	http://purl.org/sig/ont/fma/fma19607	1.0
http://snomed.info/id/71484001	http://purl.org/sig/ont/fma/fma26360	1.0
http://snomed.info/id/7149004	http://purl.org/sig/ont/fma/fma7594	1.0
http://snomed.info/id/71497004	http://purl.org/sig/ont/fma/fma49058	1.0
http://snomed.info/id/71552006	http://purl.org/sig/ont/fma/fma44821	0.97597343
http://snomed.info/id/71553001	http://purl.org/sig/ont/fma/fma19673	1.0
http://snomed.info/id/7160008	http://purl.org/sig/ont/fma/fma33795	1.0
http://snomed.info/id/71616004	http://purl.org/sig/ont/fma/fma312068	0.90789533
http://snomed.info/id/71631008	http://purl.org/sig/ont/fma/fma7249	1.0
http://snomed.info/id/71641006	http://purl.org/sig/ont/fma/fma20509	1.0
http://snomed.info/id/71662007	http://purl.org/sig/ont/fma/fma72594	1.0
http://snomed.info/id/71689002	http://purl.org/sig/ont/fma/fma78449	1.0
http://snomed.info/id/717025007	http://purl.org/sig/ont/fma/fma74238	1.0
http://snomed.info/id/71704004	http://purl.org/sig/ont/fma/fma24929	0.99810171
http://snomed.info/id/71705003	http://purl.org/sig/ont/fma/fma49546	1.0
http://snomed.info/id/71710004	http://purl.org/sig/ont/fma/fma5888	0.94486326
http://snomed.info/id/71732008	http://purl.org/sig/ont/fma/fma53103	1.0
http://snomed.info/id/71737002	http://purl.org/sig/ont/fma/fma9969	1.0
http://snomed.info/id/71754005	http://purl.org/sig/ont/fma/fma49993	1.0
http://snomed.info/id/71758008	http://purl.org/sig/ont/fma/fma71587	0.94198805
http://snomed.info/id/71800003	http://purl.org/sig/ont/fma/fma33338	0.9500851
http://snomed.info/id/71822005	http://purl.org/sig/ont/fma/fma43000	1.0
http://snomed.info/id/71834002	http://purl.org/sig/ont/fma/fma75451	1.0
http://snomed.info/id/71854001	http://purl.org/sig/ont/fma/fma14543	1.0
http://snomed.info/id/71875009	http://purl.org/sig/ont/fma/fma22440	1.0
http://snomed.info/id/71915003	http://purl.org/sig/ont/fma/fma49628	1.0
http://snomed.info/id/719497008	http://purl.org/sig/ont/fma/fma33133	0.9376837
http://snomed.info/id/71955001	http://purl.org/sig/ont/fma/fma55510	1.0
http://snomed.info/id/71969001	http://purl.org/sig/ont/fma/fma75479	1.0
http://snomed.info/id/71983004	http://purl.org/sig/ont/fma/fma9942	1.0
http://snomed.info/id/72005009	http://purl.org/sig/ont/fma/fma50050	0.94908684
http://snomed.info/id/72067004	http://purl.org/sig/ont/fma/fma72503	0.99287337
http://snomed.info/id/72107004	http://purl.org/sig/ont/fma/fma4838	0.93753672
http://snomed.info/id/72111005	http://purl.org/sig/ont/fma/fma38485	1.0
http://snomed.info/id/72118004	http://purl.org/sig/ont/fma/fma49689	1.0
http://snomed.info/id/72139006	http://purl.org/sig/ont/fma/fma68095	1.0
http://snomed.info/id/72175008	http://purl.org/sig/ont/fma/fma74885	1.0
http://snomed.info/id/72228000	http://purl.org/sig/ont/fma/fma75817	0.98603272
http://snomed.info/id/722418002	http://purl.org/sig/ont/fma/fma286456	0.97805047
http://snomed.info/id/72303005	http://purl.org/sig/ont/fma/fma49816	1.0
http://snomed.info/id/723295008	http://purl.org/sig/ont/fma/fma51042	1.0
http://snomed.info/id/72343000	http://purl.org/sig/ont/fma/fma6239	1.0
http://snomed.info/id/723550002	http://purl.org/sig/ont/fma/fma24500	0.92576826
http://snomed.info/id/72372004	http://purl.org/sig/ont/fma/fma20992	1.0
http://snomed.info/id/723836004	http://purl.org/sig/ont/fma/fma280305	0.98478484
http://snomed.info/id/723837008	http://purl.org/sig/ont/fma/fma280307	0.98153251
http://snomed.info/id/724230007	http://purl.org/sig/ont/fma/fma225820	0.98553234
http://snomed.info/id/724231006	http://purl.org/sig/ont/fma/fma225822	0.98586172
http://snomed.info/id/724379002	http://purl.org/sig/ont/fma/fma50878	1.0
http://snomed.info/id/724380004	http://purl.org/sig/ont/fma/fma50875	1.0
http://snomed.info/id/72468004	http://purl.org/sig/ont/fma/fma50986	1.0
http://snomed.info/id/72473005	http://purl.org/sig/ont/fma/fma59384	1.0
http://snomed.info/id/72504003	http://purl.org/sig/ont/fma/fma18868	1.0
http://snomed.info/id/725143009	http://purl.org/sig/ont/fma/fma57967	1.0
http://snomed.info/id/72562001	http://purl.org/sig/ont/fma/fma74414	1.0
http://snomed.info/id/72573008	http://purl.org/sig/ont/fma/fma32546	1.0
http://snomed.info/id/72650005	http://purl.org/sig/ont/fma/fma322682	1.0
http://snomed.info/id/72665006	http://purl.org/sig/ont/fma/fma7708	1.0
http://snomed.info/id/72709006	http://purl.org/sig/ont/fma/fma38559	1.0
http://snomed.info/id/72747001	http://purl.org/sig/ont/fma/fma46119	1.0
http://snomed.info/id/72753001	http://purl.org/sig/ont/fma/fma322214	1.0
http://snomed.info/id/72792008	http://purl.org/sig/ont/fma/fma61819	1.0
http://snomed.info/id/72795005	http://purl.org/sig/ont/fma/fma40399	0.98571658
http://snomed.info/id/72868005	http://purl.org/sig/ont/fma/fma14987	1.0
http://snomed.info/id/72871002	http://purl.org/sig/ont/fma/fma321449	1.00000072
http://snomed.info/id/72879000	http://purl.org/sig/ont/fma/fma16217	1.0
http://snomed.info/id/7296001	http://purl.org/sig/ont/fma/fma19927	1.0
http://snomed.info/id/73001007	http://purl.org/sig/ont/fma/fma44716	1.0
http://snomed.info/id/73036006	http://purl.org/sig/ont/fma/fma54502	1.0
http://snomed.info/id/73048009	http://purl.org/sig/ont/fma/fma22299	1.0
http://snomed.info/id/73051002	http://purl.org/sig/ont/fma/fma18662	1.0
http://snomed.info/id/73056007	http://purl.org/sig/ont/fma/fma321496	1.0
http://snomed.info/id/73058008	http://purl.org/sig/ont/fma/fma321940	0.992199
http://snomed.info/id/73138009	http://purl.org/sig/ont/fma/fma9210	1.0
http://snomed.info/id/73166001	http://purl.org/sig/ont/fma/fma3795	1.0
http://snomed.info/id/73203004	http://purl.org/sig/ont/fma/fma76514	0.9340055
http://snomed.info/id/73296000	http://purl.org/sig/ont/fma/fma54533	1.0
http://snomed.info/id/73343007	http://purl.org/sig/ont/fma/fma44587	1.0
http://snomed.info/id/73400003	http://purl.org/sig/ont/fma/fma11949	1.0
http://snomed.info/id/73401004	http://purl.org/sig/ont/fma/fma61021	0.95267254
http://snomed.info/id/734143007	http://purl.org/sig/ont/fma/fma60326	1.0
http://snomed.info/id/734369008	http://purl.org/sig/ont/fma/fma37068	1.0
http://snomed.info/id/734370009	http://purl.org/sig/ont/fma/fma37067	1.0
http://snomed.info/id/734385003	http://purl.org/sig/ont/fma/fma16494	1.0
http://snomed.info/id/734386002	http://purl.org/sig/ont/fma/fma16493	1.0
http://snomed.info/id/7344002	http://purl.org/sig/ont/fma/fma61904	1.0
http://snomed.info/id/734428000	http://purl.org/sig/ont/fma/fma37073	1.0
http://snomed.info/id/734429008	http://purl.org/sig/ont/fma/fma37074	1.0
http://snomed.info/id/7345001	http://purl.org/sig/ont/fma/fma76551	1.0
http://snomed.info/id/734748008	http://purl.org/sig/ont/fma/fma4755	1.0
http://snomed.info/id/73485005	http://purl.org/sig/ont/fma/fma301855	0.94187111
http://snomed.info/id/73508007	http://purl.org/sig/ont/fma/fma22532	1.0
http://snomed.info/id/735178003	http://purl.org/sig/ont/fma/fma52829	1.0
http://snomed.info/id/73580002	http://purl.org/sig/ont/fma/fma4713	1.0
http://snomed.info/id/7362006	http://purl.org/sig/ont/fma/fma86230	1.0
http://snomed.info/id/73624001	http://purl.org/sig/ont/fma/fma322578	0.9477033
http://snomed.info/id/73641004	http://purl.org/sig/ont/fma/fma7270	1.0
http://snomed.info/id/736419004	http://purl.org/sig/ont/fma/fma62382	1.0
http://snomed.info/id/73653000	http://purl.org/sig/ont/fma/fma70945	1.0
http://snomed.info/id/736864007	http://purl.org/sig/ont/fma/fma43923	1.0
http://snomed.info/id/736982006	http://purl.org/sig/ont/fma/fma16564	1.0
http://snomed.info/id/73769004	http://purl.org/sig/ont/fma/fma22841	1.0
http://snomed.info/id/7378008	http://purl.org/sig/ont/fma/fma62152	1.0
http://snomed.info/id/73800007	http://purl.org/sig/ont/fma/fma15040	1.0
http://snomed.info/id/73824004	http://purl.org/sig/ont/fma/fma49669	1.0
http://snomed.info/id/73839003	http://purl.org/sig/ont/fma/fma51997	1.0
http://snomed.info/id/73881009	http://purl.org/sig/ont/fma/fma9224	1.0
http://snomed.info/id/73897004	http://purl.org/sig/ont/fma/fma59349	0.95024693
http://snomed.info/id/739020002	http://purl.org/sig/ont/fma/fma224500	1.0
http://snomed.info/id/739021003	http://purl.org/sig/ont/fma/fma224498	1.0
http://snomed.info/id/73903008	http://purl.org/sig/ont/fma/fma27271	0.97040075
http://snomed.info/id/739124009	http://purl.org/sig/ont/fma/fma6980	1.0
http://snomed.info/id/739125005	http://purl.org/sig/ont/fma/fma6979	1.0
http://snomed.info/id/73930003	http://purl.org/sig/ont/fma/fma82353	1.0
http://snomed.info/id/73931004	http://purl.org/sig/ont/fma/fma82705	0.90376449
http://snomed.info/id/73937000	http://purl.org/sig/ont/fma/fma84231	0.85369456
http://snomed.info/id/73954008	http://purl.org/sig/ont/fma/fma322908	1.0
http://snomed.info/id/73961007	http://purl.org/sig/ont/fma/fma15665	1.0
http://snomed.info/id/74033008	http://purl.org/sig/ont/fma/fma15610	1.0
http://snomed.info/id/7404008	http://purl.org/sig/ont/fma/fma61123	1.0
http://snomed.info/id/74063004	http://purl.org/sig/ont/fma/fma16129	1.0
http://snomed.info/id/74156002	http://purl.org/sig/ont/fma/fma43925	1.0
http://snomed.info/id/74163002	http://purl.org/sig/ont/fma/fma293446	0.93330109
http://snomed.info/id/74203007	http://purl.org/sig/ont/fma/fma61234	1.0
http://snomed.info/id/74240004	http://purl.org/sig/ont/fma/fma18607	1.0
http://snomed.info/id/74241000	http://purl.org/sig/ont/fma/fma55110	1.0
http://snomed.info/id/74260007	http://purl.org/sig/ont/fma/fma77064	0.89892167
http://snomed.info/id/74298007	http://purl.org/sig/ont/fma/fma72970	1.0
http://snomed.info/id/74308000	http://purl.org/sig/ont/fma/fma19387	1.0
http://snomed.info/id/74318005	http://purl.org/sig/ont/fma/fma51099	1.0
http://snomed.info/id/74334008	http://purl.org/sig/ont/fma/fma62470	1.0
http://snomed.info/id/74335009	http://purl.org/sig/ont/fma/fma33636	1.0
http://snomed.info/id/7435002	http://purl.org/sig/ont/fma/fma55422	1.0
http://snomed.info/id/74366003	http://purl.org/sig/ont/fma/fma321469	1.0
http://snomed.info/id/74386004	http://purl.org/sig/ont/fma/fma52745	1.0
http://snomed.info/id/74401007	http://purl.org/sig/ont/fma/fma13503	0.89793682
http://snomed.info/id/74475002	http://purl.org/sig/ont/fma/fma18256	1.0
http://snomed.info/id/74493001	http://purl.org/sig/ont/fma/fma61903	1.0
http://snomed.info/id/74528000	http://purl.org/sig/ont/fma/fma61859	1.0
http://snomed.info/id/74611005	http://purl.org/sig/ont/fma/fma15719	1.0
http://snomed.info/id/74636004	http://purl.org/sig/ont/fma/fma77585	1.0
http://snomed.info/id/74657007	http://purl.org/sig/ont/fma/fma54828	1.0
http://snomed.info/id/74680004	http://purl.org/sig/ont/fma/fma14329	1.0
http://snomed.info/id/74712008	http://purl.org/sig/ont/fma/fma83739	1.0
http://snomed.info/id/74742006	http://purl.org/sig/ont/fma/fma322814	0.98861337
http://snomed.info/id/74757004	http://purl.org/sig/ont/fma/fma300282	0.96099913
http://snomed.info/id/74761005	http://purl.org/sig/ont/fma/fma55452	1.0
http://snomed.info/id/7480001	http://purl.org/sig/ont/fma/fma51048	1.0
http://snomed.info/id/74806005	http://purl.org/sig/ont/fma/fma7504	1.0
http://snomed.info/id/74862005	http://purl.org/sig/ont/fma/fma58103	1.0
http://snomed.info/id/74872008	http://purl.org/sig/ont/fma/fma52734	1.0
http://snomed.info/id/74901001	http://purl.org/sig/ont/fma/fma32900	1.0
http://snomed.info/id/74932000	http://purl.org/sig/ont/fma/fma7363	1.0
http://snomed.info/id/74938001	http://purl.org/sig/ont/fma/fma61947	1.0
http://snomed.info/id/74968005	http://purl.org/sig/ont/fma/fma61874	1.0
http://snomed.info/id/74977003	http://purl.org/sig/ont/fma/fma43252	1.0
http://snomed.info/id/75002003	http://purl.org/sig/ont/fma/fma16075	1.0
http://snomed.info/id/75042008	http://purl.org/sig/ont/fma/fma9591	1.0
http://snomed.info/id/75093004	http://purl.org/sig/ont/fma/fma23096	0.96936923
http://snomed.info/id/75095006	http://purl.org/sig/ont/fma/fma13899	0.94604671
http://snomed.info/id/75144006	http://purl.org/sig/ont/fma/fma37828	0.93813688
http://snomed.info/id/75207001	http://purl.org/sig/ont/fma/fma321542	1.0
http://snomed.info/id/75220003	http://purl.org/sig/ont/fma/fma46769	1.0
http://snomed.info/id/75222006	http://purl.org/sig/ont/fma/fma10648	1.0
http://snomed.info/id/75245000	http://purl.org/sig/ont/fma/fma7396	1.0
http://snomed.info/id/75279004	http://purl.org/sig/ont/fma/fma9707	0.94295067
http://snomed.info/id/75346002	http://purl.org/sig/ont/fma/fma16198	1.0
http://snomed.info/id/75358002	http://purl.org/sig/ont/fma/fma17544	1.0
http://snomed.info/id/75415000	http://purl.org/sig/ont/fma/fma12253	1.0
http://snomed.info/id/75435004	http://purl.org/sig/ont/fma/fma9182	1.0
http://snomed.info/id/75472005	http://purl.org/sig/ont/fma/fma11181	1.0
http://snomed.info/id/75481004	http://purl.org/sig/ont/fma/fma59704	1.0
http://snomed.info/id/75487000	http://purl.org/sig/ont/fma/fma44697	1.0
http://snomed.info/id/75488005	http://purl.org/sig/ont/fma/fma51904	1.0
http://snomed.info/id/75522005	http://purl.org/sig/ont/fma/fma10662	1.0
http://snomed.info/id/75531005	http://purl.org/sig/ont/fma/fma321489	0.97096431
http://snomed.info/id/75551009	http://purl.org/sig/ont/fma/fma74867	1.0
http://snomed.info/id/75595003	http://purl.org/sig/ont/fma/fma43712	1.0
http://snomed.info/id/75606001	http://purl.org/sig/ont/fma/fma59812	1.0
http://snomed.info/id/75609008	http://purl.org/sig/ont/fma/fma14582	1.0
http://snomed.info/id/75628001	http://purl.org/sig/ont/fma/fma55623	1.0
http://snomed.info/id/75699001	http://purl.org/sig/ont/fma/fma19082	1.0
http://snomed.info/id/75703003	http://purl.org/sig/ont/fma/fma54253	1.0
http://snomed.info/id/75740006	http://purl.org/sig/ont/fma/fma62317	1.0
http://snomed.info/id/75772009	http://purl.org/sig/ont/fma/fma34781	0.9543066
http://snomed.info/id/75776007	http://purl.org/sig/ont/fma/fma54319	0.97683483
http://snomed.info/id/75847001	http://purl.org/sig/ont/fma/fma75348	1.0
http://snomed.info/id/75880008	http://purl.org/sig/ont/fma/fma22671	1.0
http://snomed.info/id/75913003	http://purl.org/sig/ont/fma/fma52760	1.0
http://snomed.info/id/75915005	http://purl.org/sig/ont/fma/fma37667	1.0
http://snomed.info/id/75943001	http://purl.org/sig/ont/fma/fma19386	0.85553133
http://snomed.info/id/75998006	http://purl.org/sig/ont/fma/fma6871	0.96581537
http://snomed.info/id/76015000	http://purl.org/sig/ont/fma/fma14769	1.0
http://snomed.info/id/76031008	http://purl.org/sig/ont/fma/fma10094	1.0
http://snomed.info/id/76100004	http://purl.org/sig/ont/fma/fma32899	1.0
http://snomed.info/id/76117006	http://purl.org/sig/ont/fma/fma49879	1.0
http://snomed.info/id/76125008	http://purl.org/sig/ont/fma/fma322076	1.0
http://snomed.info/id/76130007	http://purl.org/sig/ont/fma/fma26413	1.0
http://snomed.info/id/76137005	http://purl.org/sig/ont/fma/fma21499	1.0
http://snomed.info/id/76138000	http://purl.org/sig/ont/fma/fma76439	1.0
http://snomed.info/id/76264001	http://purl.org/sig/ont/fma/fma76854	1.0
http://snomed.info/id/76290003	http://purl.org/sig/ont/fma/fma16658	1.0
http://snomed.info/id/76342007	http://purl.org/sig/ont/fma/fma78582	0.9847973
http://snomed.info/id/763526003	http://purl.org/sig/ont/fma/fma21387	1.0
http://snomed.info/id/76361006	http://purl.org/sig/ont/fma/fma18855	1.0
http://snomed.info/id/76367005	http://purl.org/sig/ont/fma/fma62211	1.0
http://snomed.info/id/76394009	http://purl.org/sig/ont/fma/fma16127	1.0
http://snomed.info/id/76473007	http://purl.org/sig/ont/fma/fma61020	0.9417668
http://snomed.info/id/764800009	http://purl.org/sig/ont/fma/fma60368	1.0
http://snomed.info/id/7652006	http://purl.org/sig/ont/fma/fma77302	0.90657234
http://snomed.info/id/76552005	http://purl.org/sig/ont/fma/fma34830	0.95416075
http://snomed.info/id/7657000	http://purl.org/sig/ont/fma/fma70248	1.0
http://snomed.info/id/7658005	http://purl.org/sig/ont/fma/fma37761	0.99081087
http://snomed.info/id/76582004	http://purl.org/sig/ont/fma/fma15972	1.0
http://snomed.info/id/76614000	http://purl.org/sig/ont/fma/fma24929	0.95125407
http://snomed.info/id/76659008	http://purl.org/sig/ont/fma/fma16623	1.0
http://snomed.info/id/76662006	http://purl.org/sig/ont/fma/fma54444	1.0
http://snomed.info/id/76723005	http://purl.org/sig/ont/fma/fma269225	0.97722906
http://snomed.info/id/76726002	http://purl.org/sig/ont/fma/fma17523	1.0
http://snomed.info/id/76729009	http://purl.org/sig/ont/fma/fma58102	0.8825261
http://snomed.info/id/76738006	http://purl.org/sig/ont/fma/fma323229	1.0
http://snomed.info/id/76752008	http://purl.org/sig/ont/fma/fma9601	1.0
http://snomed.info/id/76758007	http://purl.org/sig/ont/fma/fma44590	1.0
http://snomed.info/id/767662006	http://purl.org/sig/ont/fma/fma59106	0.92297947
http://snomed.info/id/76784001	http://purl.org/sig/ont/fma/fma68052	0.86369479
http://snomed.info/id/76837008	http://purl.org/sig/ont/fma/fma59907	1.0
http://snomed.info/id/76838003	http://purl.org/sig/ont/fma/fma14192	1.0
http://snomed.info/id/76845003	http://purl.org/sig/ont/fma/fma14830	1.0
http://snomed.info/id/76853006	http://purl.org/sig/ont/fma/fma24994	1.0
http://snomed.info/id/76878005	http://purl.org/sig/ont/fma/fma277652	1.0
http://snomed.info/id/7697002	http://purl.org/sig/ont/fma/fma323295	0.97889096
http://snomed.info/id/76986006	http://purl.org/sig/ont/fma/fma32628	1.0
http://snomed.info/id/76989004	http://purl.org/sig/ont/fma/fma74058	1.0
http://snomed.info/id/77011004	http://purl.org/sig/ont/fma/fma58734	1.0
http://snomed.info/id/77082002	http://purl.org/sig/ont/fma/fma18713	1.0
http://snomed.info/id/770831006	http://purl.org/sig/ont/fma/fma54329	1.0
http://snomed.info/id/770832004	http://purl.org/sig/ont/fma/fma54332	1.0
http://snomed.info/id/770833009	http://purl.org/sig/ont/fma/fma54335	1.0
http://snomed.info/id/770834003	http://purl.org/sig/ont/fma/fma54338	1.0
http://snomed.info/id/770835002	http://purl.org/sig/ont/fma/fma54341	1.0
http://snomed.info/id/770843007	http://purl.org/sig/ont/fma/fma54347	1.0
http://snomed.info/id/770844001	http://purl.org/sig/ont/fma/fma54350	1.0
http://snomed.info/id/770910009	http://purl.org/sig/ont/fma/fma67473	1.0
http://snomed.info/id/77134005	http://purl.org/sig/ont/fma/fma49631	1.0
http://snomed.info/id/77142006	http://purl.org/sig/ont/fma/fma45643	1.0
http://snomed.info/id/77155007	http://purl.org/sig/ont/fma/fma58881	1.0
http://snomed.info/id/77156008	http://purl.org/sig/ont/fma/fma44284	1.0
http://snomed.info/id/77172000	http://purl.org/sig/ont/fma/fma46816	1.0
http://snomed.info/id/77205005	http://purl.org/sig/ont/fma/fma58762	0.94288951
http://snomed.info/id/772182000	http://purl.org/sig/ont/fma/fma60989	0.89629996
http://snomed.info/id/772183005	http://purl.org/sig/ont/fma/fma60991	0.92368054
http://snomed.info/id/772215000	http://purl.org/sig/ont/fma/fma50073	0.92547005
http://snomed.info/id/77232000	http://purl.org/sig/ont/fma/fma256486	0.94172132
http://snomed.info/id/77268005	http://purl.org/sig/ont/fma/fma16197	1.0
http://snomed.info/id/77276007	http://purl.org/sig/ont/fma/fma18835	1.0
http://snomed.info/id/77344000	http://purl.org/sig/ont/fma/fma21865	0.86335588
http://snomed.info/id/77354001	http://purl.org/sig/ont/fma/fma42806	1.0
http://snomed.info/id/7736000	http://purl.org/sig/ont/fma/fma50657	1.0
http://snomed.info/id/773972005	http://purl.org/sig/ont/fma/fma300371	0.96631926
http://snomed.info/id/773973000	http://purl.org/sig/ont/fma/fma300369	0.97574109
http://snomed.info/id/77424005	http://purl.org/sig/ont/fma/fma23489	1.0
http://snomed.info/id/77428008	http://purl.org/sig/ont/fma/fma14766	1.0
http://snomed.info/id/77435000	http://purl.org/sig/ont/fma/fma9992	1.0
http://snomed.info/id/77448001	http://purl.org/sig/ont/fma/fma68876	1.0
http://snomed.info/id/77452001	http://purl.org/sig/ont/fma/fma14539	1.0
http://snomed.info/id/7748002	http://purl.org/sig/ont/fma/fma71012	1.0
http://snomed.info/id/77684002	http://purl.org/sig/ont/fma/fma59496	1.0
http://snomed.info/id/77751007	http://purl.org/sig/ont/fma/fma26010	1.0
http://snomed.info/id/77757006	http://purl.org/sig/ont/fma/fma19816	1.0
http://snomed.info/id/77766005	http://purl.org/sig/ont/fma/fma72543	1.0
http://snomed.info/id/77778009	http://purl.org/sig/ont/fma/fma16626	1.0
http://snomed.info/id/77795001	http://purl.org/sig/ont/fma/fma60881	1.0
http://snomed.info/id/77801005	http://purl.org/sig/ont/fma/fma9236	1.0
http://snomed.info/id/77905000	http://purl.org/sig/ont/fma/fma14348	1.0
http://snomed.info/id/77908003	http://purl.org/sig/ont/fma/fma46588	1.0
http://snomed.info/id/77952006	http://purl.org/sig/ont/fma/fma58898	1.0
http://snomed.info/id/77954007	http://purl.org/sig/ont/fma/fma65287	1.0
http://snomed.info/id/78015006	http://purl.org/sig/ont/fma/fma8960	1.0
http://snomed.info/id/78066001	http://purl.org/sig/ont/fma/fma62038	1.0
http://snomed.info/id/78076003	http://purl.org/sig/ont/fma/fma58241	0.98496473
http://snomed.info/id/78094009	http://purl.org/sig/ont/fma/fma5894	1.0
http://snomed.info/id/78132007	http://purl.org/sig/ont/fma/fma25051	1.0
http://snomed.info/id/7820009	http://purl.org/sig/ont/fma/fma62177	1.0
http://snomed.info/id/78204007	http://purl.org/sig/ont/fma/fma321546	0.93990725
http://snomed.info/id/78260001	http://purl.org/sig/ont/fma/fma9180	1.0
http://snomed.info/id/782662008	http://purl.org/sig/ont/fma/fma15005	0.9218896
http://snomed.info/id/782682007	http://purl.org/sig/ont/fma/fma15019	0.91531575
http://snomed.info/id/78277001	http://purl.org/sig/ont/fma/fma61825	1.0
http://snomed.info/id/782854002	http://purl.org/sig/ont/fma/fma17456	0.94497865
http://snomed.info/id/782861003	http://purl.org/sig/ont/fma/fma14998	0.91978598
http://snomed.info/id/78293005	http://purl.org/sig/ont/fma/fma15720	1.0
http://snomed.info/id/7832008	http://purl.org/sig/ont/fma/fma3789	1.0
http://snomed.info/id/78329004	http://purl.org/sig/ont/fma/fma321468	1.0
http://snomed.info/id/78333006	http://purl.org/sig/ont/fma/fma22315	1.0
http://snomed.info/id/78376008	http://purl.org/sig/ont/fma/fma22542	1.0
http://snomed.info/id/78389002	http://purl.org/sig/ont/fma/fma61027	1.0
http://snomed.info/id/78401001	http://purl.org/sig/ont/fma/fma22954	1.0
http://snomed.info/id/78413006	http://purl.org/sig/ont/fma/fma21464	0.9341799
http://snomed.info/id/78440006	http://purl.org/sig/ont/fma/fma51101	1.0
http://snomed.info/id/78486008	http://purl.org/sig/ont/fma/fma17705	1.0
http://snomed.info/id/78497008	http://purl.org/sig/ont/fma/fma323318	1.0
http://snomed.info/id/78509001	http://purl.org/sig/ont/fma/fma12823	1.0
http://snomed.info/id/78519007	http://purl.org/sig/ont/fma/fma323048	1.0
http://snomed.info/id/78577000	http://purl.org/sig/ont/fma/fma20686	1.0
http://snomed.info/id/78679006	http://purl.org/sig/ont/fma/fma19915	1.0
http://snomed.info/id/78722006	http://purl.org/sig/ont/fma/fma322851	1.0
http://snomed.info/id/78743007	http://purl.org/sig/ont/fma/fma61024	1.0
http://snomed.info/id/78747008	http://purl.org/sig/ont/fma/fma322570	0.96612179
http://snomed.info/id/78776006	http://purl.org/sig/ont/fma/fma51003	1.0
http://snomed.info/id/78791008	http://purl.org/sig/ont/fma/fma9713	1.0
http://snomed.info/id/788302008	http://purl.org/sig/ont/fma/fma53100	1.0
http://snomed.info/id/788303003	http://purl.org/sig/ont/fma/fma53075	1.0
http://snomed.info/id/78847000	http://purl.org/sig/ont/fma/fma32922	1.0
http://snomed.info/id/788605000	http://purl.org/sig/ont/fma/fma260663	0.92827964
http://snomed.info/id/788606004	http://purl.org/sig/ont/fma/fma6027	1.0
http://snomed.info/id/78883009	http://purl.org/sig/ont/fma/fma25047	1.0
http://snomed.info/id/78904004	http://purl.org/sig/ont/fma/fma50060	1.0
http://snomed.info/id/789136004	http://purl.org/sig/ont/fma/fma38300	0.94481683
http://snomed.info/id/789137008	http://purl.org/sig/ont/fma/fma38299	0.9523353
http://snomed.info/id/7892006	http://purl.org/sig/ont/fma/fma85399	1.0
http://snomed.info/id/789274001	http://purl.org/sig/ont/fma/fma60363	0.99129325
http://snomed.info/id/789293004	http://purl.org/sig/ont/fma/fma60365	0.99129081
http://snomed.info/id/789294005	http://purl.org/sig/ont/fma/fma60360	0.98895168
http://snomed.info/id/789295006	http://purl.org/sig/ont/fma/fma60359	0.98999947
http://snomed.info/id/78954005	http://purl.org/sig/ont/fma/fma54243	0.93571556
http://snomed.info/id/79020004	http://purl.org/sig/ont/fma/fma323290	1.0
http://snomed.info/id/7911004	http://purl.org/sig/ont/fma/fma72638	0.93768978
http://snomed.info/id/79112004	http://purl.org/sig/ont/fma/fma85216	0.9520582
http://snomed.info/id/79163004	http://purl.org/sig/ont/fma/fma13369	1.0
http://snomed.info/id/79201006	http://purl.org/sig/ont/fma/fma32525	1.0
http://snomed.info/id/79208000	http://purl.org/sig/ont/fma/fma49564	1.0
http://snomed.info/id/79223005	http://purl.org/sig/ont/fma/fma9977	1.0
http://snomed.info/id/7925003	http://purl.org/sig/ont/fma/fma32619	1.0
http://snomed.info/id/79281009	http://purl.org/sig/ont/fma/fma18306	1.0
http://snomed.info/id/792817008	http://purl.org/sig/ont/fma/fma43917	1.0
http://snomed.info/id/79283007	http://purl.org/sig/ont/fma/fma59533	0.98588365
http://snomed.info/id/79313003	http://purl.org/sig/ont/fma/fma322649	0.97630912
http://snomed.info/id/79335006	http://purl.org/sig/ont/fma/fma26463	1.0
http://snomed.info/id/79349002	http://purl.org/sig/ont/fma/fma19087	1.0
http://snomed.info/id/79368004	http://purl.org/sig/ont/fma/fma48996	1.0
http://snomed.info/id/79390004	http://purl.org/sig/ont/fma/fma16128	1.0
http://snomed.info/id/79393002	http://purl.org/sig/ont/fma/fma26031	1.0
http://snomed.info/id/79421005	http://purl.org/sig/ont/fma/fma13528	0.89246213
http://snomed.info/id/79460007	http://purl.org/sig/ont/fma/fma256178	1.0
http://snomed.info/id/79490000	http://purl.org/sig/ont/fma/fma37450	0.96162903
http://snomed.info/id/79495005	http://purl.org/sig/ont/fma/fma62142	1.0
http://snomed.info/id/79502000	http://purl.org/sig/ont/fma/fma322671	0.98062754
http://snomed.info/id/79559000	http://purl.org/sig/ont/fma/fma50025	1.0
http://snomed.info/id/79683004	http://purl.org/sig/ont/fma/fma75492	1.0
http://snomed.info/id/79727005	http://purl.org/sig/ont/fma/fma37379	1.0
http://snomed.info/id/79747002	http://purl.org/sig/ont/fma/fma38615	1.0
http://snomed.info/id/79783006	http://purl.org/sig/ont/fma/fma62326	1.0
http://snomed.info/id/79785004	http://purl.org/sig/ont/fma/fma16077	1.0
http://snomed.info/id/79802009	http://purl.org/sig/ont/fma/fma76441	0.93541533
http://snomed.info/id/79822008	http://purl.org/sig/ont/fma/fma65293	1.0
http://snomed.info/id/79869003	http://purl.org/sig/ont/fma/fma6641	1.0
http://snomed.info/id/7991003	http://purl.org/sig/ont/fma/fma19642	0.96187454
http://snomed.info/id/79926007	http://purl.org/sig/ont/fma/fma16655	1.0
http://snomed.info/id/79941007	http://purl.org/sig/ont/fma/fma62170	1.0
http://snomed.info/id/79951008	http://purl.org/sig/ont/fma/fma59348	0.90249103
http://snomed.info/id/79959005	http://purl.org/sig/ont/fma/fma37384	1.0
http://snomed.info/id/79984008	http://purl.org/sig/ont/fma/fma312068	0.92929971
http://snomed.info/id/79989003	http://purl.org/sig/ont/fma/fma61129	1.0
http://snomed.info/id/80049006	http://purl.org/sig/ont/fma/fma61949	1.0
http://snomed.info/id/80064006	http://purl.org/sig/ont/fma/fma16033	0.91314083
http://snomed.info/id/80076006	http://purl.org/sig/ont/fma/fma321476	1.0
http://snomed.info/id/80081002	http://purl.org/sig/ont/fma/fma7509	1.0
http://snomed.info/id/80111005	http://purl.org/sig/ont/fma/fma35187	1.0
http://snomed.info/id/80114002	http://purl.org/sig/ont/fma/fma322987	1.0
http://snomed.info/id/8012006	http://purl.org/sig/ont/fma/fma50169	1.0
http://snomed.info/id/80134001	http://purl.org/sig/ont/fma/fma75769	1.0
http://snomed.info/id/80144004	http://purl.org/sig/ont/fma/fma51409	0.94713598
http://snomed.info/id/8017000	http://purl.org/sig/ont/fma/fma9552	1.0
http://snomed.info/id/80195002	http://purl.org/sig/ont/fma/fma70914	0.90313315
http://snomed.info/id/80243003	http://purl.org/sig/ont/fma/fma54437	1.0
http://snomed.info/id/80248007	http://purl.org/sig/ont/fma/fma321497	1.0
http://snomed.info/id/80338007	http://purl.org/sig/ont/fma/fma9733	1.0
http://snomed.info/id/80349001	http://purl.org/sig/ont/fma/fma25052	1.0
http://snomed.info/id/80352009	http://purl.org/sig/ont/fma/fma46810	1.0
http://snomed.info/id/80354005	http://purl.org/sig/ont/fma/fma71581	0.89237648
http://snomed.info/id/8039003	http://purl.org/sig/ont/fma/fma34990	1.0
http://snomed.info/id/80401008	http://purl.org/sig/ont/fma/fma83967	1.0
http://snomed.info/id/80417002	http://purl.org/sig/ont/fma/fma23715	1.0
http://snomed.info/id/80434005	http://purl.org/sig/ont/fma/fma321543	1.0
http://snomed.info/id/80435006	http://purl.org/sig/ont/fma/fma49497	1.0
http://snomed.info/id/80461005	http://purl.org/sig/ont/fma/fma46623	0.89256316
http://snomed.info/id/80463008	http://purl.org/sig/ont/fma/fma42812	1.0
http://snomed.info/id/8059004	http://purl.org/sig/ont/fma/fma15388	1.0
http://snomed.info/id/80607000	http://purl.org/sig/ont/fma/fma71194	1.0
http://snomed.info/id/80622005	http://purl.org/sig/ont/fma/fma50867	1.0
http://snomed.info/id/80718008	http://purl.org/sig/ont/fma/fma53307	1.0
http://snomed.info/id/80768000	http://purl.org/sig/ont/fma/fma7186	1.0
http://snomed.info/id/8079007	http://purl.org/sig/ont/fma/fma37069	1.0
http://snomed.info/id/80794009	http://purl.org/sig/ont/fma/fma77140	1.0
http://snomed.info/id/80867000	http://purl.org/sig/ont/fma/fma16657	1.0
http://snomed.info/id/80877003	http://purl.org/sig/ont/fma/fma46303	0.96343488
http://snomed.info/id/8100009	http://purl.org/sig/ont/fma/fma18307	1.0
http://snomed.info/id/81016008	http://purl.org/sig/ont/fma/fma58634	1.0
http://snomed.info/id/81029008	http://purl.org/sig/ont/fma/fma65214	1.0
http://snomed.info/id/81036009	http://purl.org/sig/ont/fma/fma6646	1.0
http://snomed.info/id/81040000	http://purl.org/sig/ont/fma/fma66326	1.0
http://snomed.info/id/81051000	http://purl.org/sig/ont/fma/fma7262	1.0
http://snomed.info/id/81074001	http://purl.org/sig/ont/fma/fma53278	1.0
http://snomed.info/id/81084000	http://purl.org/sig/ont/fma/fma83974	1.0
http://snomed.info/id/81105003	http://purl.org/sig/ont/fma/fma61213	1.0
http://snomed.info/id/81117001	http://purl.org/sig/ont/fma/fma51247	1.0
http://snomed.info/id/8112008	http://purl.org/sig/ont/fma/fma45618	1.0
http://snomed.info/id/81128002	http://purl.org/sig/ont/fma/fma3745	1.0
http://snomed.info/id/81137002	http://purl.org/sig/ont/fma/fma9153	1.0
http://snomed.info/id/81180006	http://purl.org/sig/ont/fma/fma49590	1.0
http://snomed.info/id/81210008	http://purl.org/sig/ont/fma/fma45036	0.91385013
http://snomed.info/id/81230007	http://purl.org/sig/ont/fma/fma72456	1.0
http://snomed.info/id/81248003	http://purl.org/sig/ont/fma/fma14795	1.0
http://snomed.info/id/8128003	http://purl.org/sig/ont/fma/fma3740	1.0
http://snomed.info/id/81309001	http://purl.org/sig/ont/fma/fma13453	1.0
http://snomed.info/id/8133004	http://purl.org/sig/ont/fma/fma51238	1.0
http://snomed.info/id/81347006	http://purl.org/sig/ont/fma/fma61243	1.0
http://snomed.info/id/81390007	http://purl.org/sig/ont/fma/fma9229	1.0
http://snomed.info/id/81400001	http://purl.org/sig/ont/fma/fma65608	1.0
http://snomed.info/id/81440007	http://purl.org/sig/ont/fma/fma38521	1.0
http://snomed.info/id/81447005	http://purl.org/sig/ont/fma/fma65246	1.0
http://snomed.info/id/81468006	http://purl.org/sig/ont/fma/fma61122	1.0
http://snomed.info/id/81482006	http://purl.org/sig/ont/fma/fma13519	0.92976779
http://snomed.info/id/81495001	http://purl.org/sig/ont/fma/fma17721	1.0
http://snomed.info/id/81530006	http://purl.org/sig/ont/fma/fma55350	1.0
http://snomed.info/id/8159001	http://purl.org/sig/ont/fma/fma242157	0.87567049
http://snomed.info/id/8161005	http://purl.org/sig/ont/fma/fma52978	1.0
http://snomed.info/id/81623005	http://purl.org/sig/ont/fma/fma9734	1.0
http://snomed.info/id/81650000	http://purl.org/sig/ont/fma/fma77293	1.0
http://snomed.info/id/8165001	http://purl.org/sig/ont/fma/fma9940	1.0
http://snomed.info/id/81661008	http://purl.org/sig/ont/fma/fma52675	1.0
http://snomed.info/id/81668002	http://purl.org/sig/ont/fma/fma322681	1.0
http://snomed.info/id/81686004	http://purl.org/sig/ont/fma/fma53401	1.0
http://snomed.info/id/81727001	http://purl.org/sig/ont/fma/fma64822	0.89750904
http://snomed.info/id/81737006	http://purl.org/sig/ont/fma/fma20184	1.0
http://snomed.info/id/81797008	http://purl.org/sig/ont/fma/fma7251	1.0
http://snomed.info/id/81831003	http://purl.org/sig/ont/fma/fma59804	1.0
http://snomed.info/id/81842007	http://purl.org/sig/ont/fma/fma16130	1.0
http://snomed.info/id/81883005	http://purl.org/sig/ont/fma/fma83867	1.0
http://snomed.info/id/818994004	http://purl.org/sig/ont/fma/fma19841	1.0
http://snomed.info/id/81900009	http://purl.org/sig/ont/fma/fma44356	1.0
http://snomed.info/id/81921009	http://purl.org/sig/ont/fma/fma23900	1.0
http://snomed.info/id/81931002	http://purl.org/sig/ont/fma/fma49027	1.0
http://snomed.info/id/81955007	http://purl.org/sig/ont/fma/fma61113	1.0
http://snomed.info/id/81965001	http://purl.org/sig/ont/fma/fma13304	1.0
http://snomed.info/id/81985002	http://purl.org/sig/ont/fma/fma61272	1.0
http://snomed.info/id/81992007	http://purl.org/sig/ont/fma/fma23013	0.95691639
http://snomed.info/id/82029006	http://purl.org/sig/ont/fma/fma20218	1.0
http://snomed.info/id/82082004	http://purl.org/sig/ont/fma/fma63010	0.85247022
http://snomed.info/id/82095009	http://purl.org/sig/ont/fma/fma58709	1.0
http://snomed.info/id/82097001	http://purl.org/sig/ont/fma/fma44688	1.0
http://snomed.info/id/82115007	http://purl.org/sig/ont/fma/fma22298	1.0
http://snomed.info/id/82139002	http://purl.org/sig/ont/fma/fma59407	1.0
http://snomed.info/id/82182001	http://purl.org/sig/ont/fma/fma46621	1.0
http://snomed.info/id/82210006	http://purl.org/sig/ont/fma/fma23727	1.0
http://snomed.info/id/82221002	http://purl.org/sig/ont/fma/fma63910	1.0
http://snomed.info/id/82263003	http://purl.org/sig/ont/fma/fma10476	1.0
http://snomed.info/id/82266006	http://purl.org/sig/ont/fma/fma6881	1.0
http://snomed.info/id/82360003	http://purl.org/sig/ont/fma/fma19734	1.0
http://snomed.info/id/82365008	http://purl.org/sig/ont/fma/fma5849	1.0
http://snomed.info/id/82407001	http://purl.org/sig/ont/fma/fma7432	1.0
http://snomed.info/id/8242003	http://purl.org/sig/ont/fma/fma68662	0.91300833
http://snomed.info/id/82462005	http://purl.org/sig/ont/fma/fma20367	1.0
http://snomed.info/id/82465007	http://purl.org/sig/ont/fma/fma38481	1.0
http://snomed.info/id/82474009	http://purl.org/sig/ont/fma/fma33640	1.0
http://snomed.info/id/82505006	http://purl.org/sig/ont/fma/fma45030	0.97732562
http://snomed.info/id/82509000	http://purl.org/sig/ont/fma/fma51246	1.0
http://snomed.info/id/82517008	http://purl.org/sig/ont/fma/fma19855	1.0
http://snomed.info/id/82521001	http://purl.org/sig/ont/fma/fma322843	1.0
http://snomed.info/id/82557006	http://purl.org/sig/ont/fma/fma6579	1.0
http://snomed.info/id/82654007	http://purl.org/sig/ont/fma/fma322293	0.95593804
http://snomed.info/id/8266009	http://purl.org/sig/ont/fma/fma14938	1.0
http://snomed.info/id/82665002	http://purl.org/sig/ont/fma/fma323292	1.0
http://snomed.info/id/82680008	http://purl.org/sig/ont/fma/fma85518	1.0
http://snomed.info/id/82700003	http://purl.org/sig/ont/fma/fma84351	0.89614189
http://snomed.info/id/827061002	http://purl.org/sig/ont/fma/fma40695	1.0
http://snomed.info/id/827062009	http://purl.org/sig/ont/fma/fma40694	1.0
http://snomed.info/id/82783003	http://purl.org/sig/ont/fma/fma7804	1.0
http://snomed.info/id/82859000	http://purl.org/sig/ont/fma/fma58637	1.0
http://snomed.info/id/82880006	http://purl.org/sig/ont/fma/fma242176	0.93259001
http://snomed.info/id/82881005	http://purl.org/sig/ont/fma/fma77768	1.0
http://snomed.info/id/82905002	http://purl.org/sig/ont/fma/fma20427	1.0
http://snomed.info/id/8292002	http://purl.org/sig/ont/fma/fma17546	1.0
http://snomed.info/id/82925003	http://purl.org/sig/ont/fma/fma55348	1.0
http://snomed.info/id/82961008	http://purl.org/sig/ont/fma/fma21930	0.90145439
http://snomed.info/id/82965004	http://purl.org/sig/ont/fma/fma13501	0.92117763
http://snomed.info/id/830004	http://purl.org/sig/ont/fma/fma9936	1.0
http://snomed.info/id/83080002	http://purl.org/sig/ont/fma/fma44808	0.94262409
http://snomed.info/id/83186006	http://purl.org/sig/ont/fma/fma15736	1.0
http://snomed.info/id/83207005	http://purl.org/sig/ont/fma/fma75829	0.90370107
http://snomed.info/id/83232007	http://purl.org/sig/ont/fma/fma4183	0.86679626
http://snomed.info/id/83301008	http://purl.org/sig/ont/fma/fma18309	1.0
http://snomed.info/id/83338008	http://purl.org/sig/ont/fma/fma21870	1.0
http://snomed.info/id/83352005	http://purl.org/sig/ont/fma/fma322795	0.94417804
http://snomed.info/id/83380007	http://purl.org/sig/ont/fma/fma277652	1.0
http://snomed.info/id/83382004	http://purl.org/sig/ont/fma/fma44594	0.93241453
http://snomed.info/id/83394008	http://purl.org/sig/ont/fma/fma60882	1.0
http://snomed.info/id/83419000	http://purl.org/sig/ont/fma/fma21185	1.0
http://snomed.info/id/83488001	http://purl.org/sig/ont/fma/fma15767	1.0
http://snomed.info/id/83524000	http://purl.org/sig/ont/fma/fma16072	0.88991374
http://snomed.info/id/83543000	http://purl.org/sig/ont/fma/fma61298	1.0
http://snomed.info/id/83555006	http://purl.org/sig/ont/fma/fma30315	1.0
http://snomed.info/id/8356004	http://purl.org/sig/ont/fma/fma16612	1.0
http://snomed.info/id/83570007	http://purl.org/sig/ont/fma/fma14729	1.0
http://snomed.info/id/836282002	http://purl.org/sig/ont/fma/fma22958	1.0
http://snomed.info/id/8369000	http://purl.org/sig/ont/fma/fma49157	0.9674145
http://snomed.info/id/83719001	http://purl.org/sig/ont/fma/fma21861	1.0
http://snomed.info/id/83738005	http://purl.org/sig/ont/fma/fma24946	1.0
http://snomed.info/id/83742008	http://purl.org/sig/ont/fma/fma49804	1.0
http://snomed.info/id/83754008	http://purl.org/sig/ont/fma/fma65296	1.0
http://snomed.info/id/8387002	http://purl.org/sig/ont/fma/fma10004	1.0
http://snomed.info/id/83921002	http://purl.org/sig/ont/fma/fma5874	0.97161198
http://snomed.info/id/83936004	http://purl.org/sig/ont/fma/fma23889	0.94282705
http://snomed.info/id/83941007	http://purl.org/sig/ont/fma/fma59087	1.0
http://snomed.info/id/83959005	http://purl.org/sig/ont/fma/fma62347	1.0
http://snomed.info/id/83990007	http://purl.org/sig/ont/fma/fma78450	1.0
http://snomed.info/id/83997005	http://purl.org/sig/ont/fma/fma14808	1.0
http://snomed.info/id/84013004	http://purl.org/sig/ont/fma/fma61960	1.0
http://snomed.info/id/8412003	http://purl.org/sig/ont/fma/fma75316	0.97790021
http://snomed.info/id/84140001	http://purl.org/sig/ont/fma/fma19702	1.0
http://snomed.info/id/84206009	http://purl.org/sig/ont/fma/fma74419	0.98388249
http://snomed.info/id/84219008	http://purl.org/sig/ont/fma/fma12806	1.0
http://snomed.info/id/84228009	http://purl.org/sig/ont/fma/fma51914	1.0
http://snomed.info/id/84243006	http://purl.org/sig/ont/fma/fma20091	1.0
http://snomed.info/id/84253007	http://purl.org/sig/ont/fma/fma9197	1.0
http://snomed.info/id/84300001	http://purl.org/sig/ont/fma/fma14273	1.0
http://snomed.info/id/84365009	http://purl.org/sig/ont/fma/fma59377	0.95794719
http://snomed.info/id/84383001	http://purl.org/sig/ont/fma/fma323323	1.0
http://snomed.info/id/84441005	http://purl.org/sig/ont/fma/fma10138	0.90350276
http://snomed.info/id/84465008	http://purl.org/sig/ont/fma/fma15071	1.0
http://snomed.info/id/84522009	http://purl.org/sig/ont/fma/fma23893	1.0
http://snomed.info/id/84569004	http://purl.org/sig/ont/fma/fma18610	1.0
http://snomed.info/id/84582007	http://purl.org/sig/ont/fma/fma12163	1.0
http://snomed.info/id/84667006	http://purl.org/sig/ont/fma/fma9915	0.97007102
http://snomed.info/id/84680009	http://purl.org/sig/ont/fma/fma281880	1.0
http://snomed.info/id/84694005	http://purl.org/sig/ont/fma/fma21491	1.0
http://snomed.info/id/84707001	http://purl.org/sig/ont/fma/fma19396	0.93417823
http://snomed.info/id/84738000	http://purl.org/sig/ont/fma/fma46594	1.0
http://snomed.info/id/84782009	http://purl.org/sig/ont/fma/fma65239	1.0
http://snomed.info/id/84820005	http://purl.org/sig/ont/fma/fma321912	1.0
http://snomed.info/id/84854006	http://purl.org/sig/ont/fma/fma54573	1.0
http://snomed.info/id/84883009	http://purl.org/sig/ont/fma/fma49962	1.0
http://snomed.info/id/84911000	http://purl.org/sig/ont/fma/fma18902	1.0
http://snomed.info/id/84959000	http://purl.org/sig/ont/fma/fma6467	1.0
http://snomed.info/id/85003000	http://purl.org/sig/ont/fma/fma51799	1.0
http://snomed.info/id/85033007	http://purl.org/sig/ont/fma/fma14649	1.0
http://snomed.info/id/85050009	http://purl.org/sig/ont/fma/fma31538	0.93922025
http://snomed.info/id/85139009	http://purl.org/sig/ont/fma/fma77273	1.0
http://snomed.info/id/85151006	http://purl.org/sig/ont/fma/fma9714	1.0
http://snomed.info/id/85168005	http://purl.org/sig/ont/fma/fma78654	0.96285558
http://snomed.info/id/85193007	http://purl.org/sig/ont/fma/fma286140	1.0
http://snomed.info/id/8523001	http://purl.org/sig/ont/fma/fma10099	1.0
http://snomed.info/id/85234005	http://purl.org/sig/ont/fma/fma3956	1.0
http://snomed.info/id/85235006	http://purl.org/sig/ont/fma/fma4694	1.0
http://snomed.info/id/85380009	http://purl.org/sig/ont/fma/fma44302	1.0
http://snomed.info/id/85421007	http://purl.org/sig/ont/fma/fma322163	1.0
http://snomed.info/id/85439003	http://purl.org/sig/ont/fma/fma12846	1.0
http://snomed.info/id/85449000	http://purl.org/sig/ont/fma/fma26469	1.0
http://snomed.info/id/85458007	http://purl.org/sig/ont/fma/fma14956	1.0
http://snomed.info/id/85528004	http://purl.org/sig/ont/fma/fma68443	1.0
http://snomed.info/id/85533000	http://purl.org/sig/ont/fma/fma75828	0.88367492
http://snomed.info/id/85562004	http://purl.org/sig/ont/fma/fma9712	1.0
http://snomed.info/id/85575004	http://purl.org/sig/ont/fma/fma23724	1.0
http://snomed.info/id/8560002	http://purl.org/sig/ont/fma/fma26013	1.0
http://snomed.info/id/85625005	http://purl.org/sig/ont/fma/fma32618	1.0
http://snomed.info/id/85647005	http://purl.org/sig/ont/fma/fma52572	1.0
http://snomed.info/id/85682006	http://purl.org/sig/ont/fma/fma78491	1.0
http://snomed.info/id/85706002	http://purl.org/sig/ont/fma/fma59797	1.0
http://snomed.info/id/85713002	http://purl.org/sig/ont/fma/fma9266	1.0
http://snomed.info/id/85752009	http://purl.org/sig/ont/fma/fma16483	1.0
http://snomed.info/id/85802006	http://purl.org/sig/ont/fma/fma18832	1.0
http://snomed.info/id/85803001	http://purl.org/sig/ont/fma/fma53669	1.0
http://snomed.info/id/85852002	http://purl.org/sig/ont/fma/fma51236	1.0
http://snomed.info/id/85950006	http://purl.org/sig/ont/fma/fma63006	1.0
http://snomed.info/id/86019002	http://purl.org/sig/ont/fma/fma294647	1.0
http://snomed.info/id/8603005	http://purl.org/sig/ont/fma/fma37454	1.0
http://snomed.info/id/8604004	http://purl.org/sig/ont/fma/fma72623	0.94870549
http://snomed.info/id/86048008	http://purl.org/sig/ont/fma/fma26354	1.0
http://snomed.info/id/86104000	http://purl.org/sig/ont/fma/fma38503	1.0
http://snomed.info/id/86109005	http://purl.org/sig/ont/fma/fma51917	1.0
http://snomed.info/id/86117002	http://purl.org/sig/ont/fma/fma3947	1.0
http://snomed.info/id/86130001	http://purl.org/sig/ont/fma/fma22844	1.0
http://snomed.info/id/86153000	http://purl.org/sig/ont/fma/fma60992	1.0
http://snomed.info/id/86172000	http://purl.org/sig/ont/fma/fma38497	1.0
http://snomed.info/id/86178001	http://purl.org/sig/ont/fma/fma323090	1.0
http://snomed.info/id/86244002	http://purl.org/sig/ont/fma/fma18257	1.0
http://snomed.info/id/8629005	http://purl.org/sig/ont/fma/fma49914	1.0
http://snomed.info/id/86312004	http://purl.org/sig/ont/fma/fma39079	1.0
http://snomed.info/id/86387002	http://purl.org/sig/ont/fma/fma14988	1.0
http://snomed.info/id/863902006	http://purl.org/sig/ont/fma/fma55697	0.88913101
http://snomed.info/id/86391007	http://purl.org/sig/ont/fma/fma86266	1.0
http://snomed.info/id/86409001	http://purl.org/sig/ont/fma/fma61316	0.89700198
http://snomed.info/id/86419007	http://purl.org/sig/ont/fma/fma13354	1.0
http://snomed.info/id/86493009	http://purl.org/sig/ont/fma/fma15570	1.0
http://snomed.info/id/86535002	http://purl.org/sig/ont/fma/fma71396	1.0
http://snomed.info/id/86539008	http://purl.org/sig/ont/fma/fma311179	0.95360231
http://snomed.info/id/86547008	http://purl.org/sig/ont/fma/fma43915	1.0
http://snomed.info/id/86580001	http://purl.org/sig/ont/fma/fma13521	0.88026917
http://snomed.info/id/86581002	http://purl.org/sig/ont/fma/fma44553	1.0
http://snomed.info/id/86588008	http://purl.org/sig/ont/fma/fma77671	1.0
http://snomed.info/id/86618006	http://purl.org/sig/ont/fma/fma32902	1.0
http://snomed.info/id/86666004	http://purl.org/sig/ont/fma/fma13457	1.0
http://snomed.info/id/86671006	http://purl.org/sig/ont/fma/fma19812	1.0
http://snomed.info/id/86674003	http://purl.org/sig/ont/fma/fma18616	1.0
http://snomed.info/id/86682003	http://purl.org/sig/ont/fma/fma323077	1.0
http://snomed.info/id/86690003	http://purl.org/sig/ont/fma/fma65443	1.0
http://snomed.info/id/86771003	http://purl.org/sig/ont/fma/fma322424	1.0
http://snomed.info/id/86786009	http://purl.org/sig/ont/fma/fma321502	1.0
http://snomed.info/id/86793008	http://purl.org/sig/ont/fma/fma70717	1.0
http://snomed.info/id/86847002	http://purl.org/sig/ont/fma/fma45072	0.97377717
http://snomed.info/id/86915006	http://purl.org/sig/ont/fma/fma68413	0.94537795
http://snomed.info/id/86961006	http://purl.org/sig/ont/fma/fma59908	1.0
http://snomed.info/id/86998007	http://purl.org/sig/ont/fma/fma77852	0.87774348
http://snomed.info/id/87046001	http://purl.org/sig/ont/fma/fma32822	1.0
http://snomed.info/id/87082006	http://purl.org/sig/ont/fma/fma23082	1.0
http://snomed.info/id/87109003	http://purl.org/sig/ont/fma/fma322654	1.0
http://snomed.info/id/87141009	http://purl.org/sig/ont/fma/fma12526	1.0
http://snomed.info/id/87166008	http://purl.org/sig/ont/fma/fma9710	1.0
http://snomed.info/id/87176006	http://purl.org/sig/ont/fma/fma9598	1.0
http://snomed.info/id/87187003	http://purl.org/sig/ont/fma/fma321458	1.0
http://snomed.info/id/87201007	http://purl.org/sig/ont/fma/fma321462	1.0
http://snomed.info/id/87216005	http://purl.org/sig/ont/fma/fma50932	1.0
http://snomed.info/id/87218006	http://purl.org/sig/ont/fma/fma39995	1.0
http://snomed.info/id/87237002	http://purl.org/sig/ont/fma/fma53215	0.93232143
http://snomed.info/id/87270007	http://purl.org/sig/ont/fma/fma42265	1.0
http://snomed.info/id/87391001	http://purl.org/sig/ont/fma/fma71185	0.88201022
http://snomed.info/id/87463005	http://purl.org/sig/ont/fma/fma83865	0.87474531
http://snomed.info/id/87474001	http://purl.org/sig/ont/fma/fma8656	1.0
http://snomed.info/id/87497003	http://purl.org/sig/ont/fma/fma23340	1.0
http://snomed.info/id/87516006	http://purl.org/sig/ont/fma/fma322075	1.0
http://snomed.info/id/87563008	http://purl.org/sig/ont/fma/fma62001	1.0
http://snomed.info/id/87600000	http://purl.org/sig/ont/fma/fma22755	1.0
http://snomed.info/id/87626005	http://purl.org/sig/ont/fma/fma59789	1.0
http://snomed.info/id/87685007	http://purl.org/sig/ont/fma/fma323344	1.0
http://snomed.info/id/87720008	http://purl.org/sig/ont/fma/fma298018	0.93433124
http://snomed.info/id/87740001	http://purl.org/sig/ont/fma/fma32821	1.0
http://snomed.info/id/87746007	http://purl.org/sig/ont/fma/fma17547	1.0
http://snomed.info/id/87759004	http://purl.org/sig/ont/fma/fma45654	1.0
http://snomed.info/id/87770006	http://purl.org/sig/ont/fma/fma19726	1.0
http://snomed.info/id/87789006	http://purl.org/sig/ont/fma/fma61156	0.8628726
http://snomed.info/id/87818004	http://purl.org/sig/ont/fma/fma53139	1.0
http://snomed.info/id/87857007	http://purl.org/sig/ont/fma/fma50919	1.0
http://snomed.info/id/87861001	http://purl.org/sig/ont/fma/fma40158	0.97014999
http://snomed.info/id/88004007	http://purl.org/sig/ont/fma/fma12858	1.0
http://snomed.info/id/88010007	http://purl.org/sig/ont/fma/fma72265	0.91783941
http://snomed.info/id/88011006	http://purl.org/sig/ont/fma/fma46794	1.0
http://snomed.info/id/88053007	http://purl.org/sig/ont/fma/fma15568	1.0
http://snomed.info/id/88089004	http://purl.org/sig/ont/fma/fma59378	0.97011781
http://snomed.info/id/8814006	http://purl.org/sig/ont/fma/fma16908	1.0
http://snomed.info/id/88182006	http://purl.org/sig/ont/fma/fma26457	1.0
http://snomed.info/id/88210001	http://purl.org/sig/ont/fma/fma9477	1.0
http://snomed.info/id/8821006	http://purl.org/sig/ont/fma/fma43921	1.0
http://snomed.info/id/88229007	http://purl.org/sig/ont/fma/fma37385	1.0
http://snomed.info/id/8827005	http://purl.org/sig/ont/fma/fma37568	1.0
http://snomed.info/id/88286002	http://purl.org/sig/ont/fma/fma8674	1.0
http://snomed.info/id/88298007	http://purl.org/sig/ont/fma/fma24783	1.0
http://snomed.info/id/88340001	http://purl.org/sig/ont/fma/fma77178	1.0
http://snomed.info/id/88370006	http://purl.org/sig/ont/fma/fma46015	0.98823994
http://snomed.info/id/88388003	http://purl.org/sig/ont/fma/fma9200	1.0
http://snomed.info/id/88394006	http://purl.org/sig/ont/fma/fma43008	1.0
http://snomed.info/id/88399001	http://purl.org/sig/ont/fma/fma55064	1.0
http://snomed.info/id/88435005	http://purl.org/sig/ont/fma/fma52427	0.95459294
http://snomed.info/id/88438007	http://purl.org/sig/ont/fma/fma15036	1.0
http://snomed.info/id/88442005	http://purl.org/sig/ont/fma/fma86464	1.0
http://snomed.info/id/88465000	http://purl.org/sig/ont/fma/fma46798	1.0
http://snomed.info/id/88528000	http://purl.org/sig/ont/fma/fma77832	1.0
http://snomed.info/id/88530003	http://purl.org/sig/ont/fma/fma13379	1.0
http://snomed.info/id/8854008	http://purl.org/sig/ont/fma/fma57442	1.0
http://snomed.info/id/88593004	http://purl.org/sig/ont/fma/fma3771	1.0
http://snomed.info/id/88634001	http://purl.org/sig/ont/fma/fma6623	1.0
http://snomed.info/id/88692004	http://purl.org/sig/ont/fma/fma43521	1.0
http://snomed.info/id/88759001	http://purl.org/sig/ont/fma/fma6961	1.0
http://snomed.info/id/88767009	http://purl.org/sig/ont/fma/fma32623	1.0
http://snomed.info/id/88775003	http://purl.org/sig/ont/fma/fma58772	1.0
http://snomed.info/id/88843007	http://purl.org/sig/ont/fma/fma70375	1.0
http://snomed.info/id/88869001	http://purl.org/sig/ont/fma/fma24505	0.98056769
http://snomed.info/id/88882009	http://purl.org/sig/ont/fma/fma5731	1.0
http://snomed.info/id/89037002	http://purl.org/sig/ont/fma/fma12797	1.0
http://snomed.info/id/89081005	http://purl.org/sig/ont/fma/fma61922	1.0
http://snomed.info/id/89093001	http://purl.org/sig/ont/fma/fma3748	1.0
http://snomed.info/id/89110001	http://purl.org/sig/ont/fma/fma47200	1.0
http://snomed.info/id/89146005	http://purl.org/sig/ont/fma/fma76510	1.0
http://snomed.info/id/89172001	http://purl.org/sig/ont/fma/fma16199	1.0
http://snomed.info/id/89241006	http://purl.org/sig/ont/fma/fma22356	1.0
http://snomed.info/id/89262007	http://purl.org/sig/ont/fma/fma38637	0.94242907
http://snomed.info/id/8928004	http://purl.org/sig/ont/fma/fma44226	1.0
http://snomed.info/id/89303002	http://purl.org/sig/ont/fma/fma77560	0.98081923
http://snomed.info/id/8931003	http://purl.org/sig/ont/fma/fma30769	0.9058159
http://snomed.info/id/89345000	http://purl.org/sig/ont/fma/fma55406	1.0
http://snomed.info/id/89359007	http://purl.org/sig/ont/fma/fma74889	1.0
http://snomed.info/id/89372008	http://purl.org/sig/ont/fma/fma72252	1.0
http://snomed.info/id/894095000	http://purl.org/sig/ont/fma/fma280301	0.98057514
http://snomed.info/id/8942007	http://purl.org/sig/ont/fma/fma26030	1.0
http://snomed.info/id/89471000	http://purl.org/sig/ont/fma/fma50548	1.0
http://snomed.info/id/89527001	http://purl.org/sig/ont/fma/fma46583	1.0
http://snomed.info/id/89534004	http://purl.org/sig/ont/fma/fma78512	0.92639214
http://snomed.info/id/89552004	http://purl.org/sig/ont/fma/fma84225	0.87763524
http://snomed.info/id/89590005	http://purl.org/sig/ont/fma/fma53298	1.0
http://snomed.info/id/89591009	http://purl.org/sig/ont/fma/fma16988	1.0
http://snomed.info/id/89602001	http://purl.org/sig/ont/fma/fma46838	1.0
http://snomed.info/id/89644007	http://purl.org/sig/ont/fma/fma53642	1.0
http://snomed.info/id/89685002	http://purl.org/sig/ont/fma/fma49532	1.0
http://snomed.info/id/89690004	http://purl.org/sig/ont/fma/fma56481	1.0
http://snomed.info/id/89699003	http://purl.org/sig/ont/fma/fma77860	1.0
http://snomed.info/id/89718004	http://purl.org/sig/ont/fma/fma302929	1.0
http://snomed.info/id/89837001	http://purl.org/sig/ont/fma/fma15900	1.0
http://snomed.info/id/89858007	http://purl.org/sig/ont/fma/fma5962	0.90602994
http://snomed.info/id/89895007	http://purl.org/sig/ont/fma/fma38469	0.94058514
http://snomed.info/id/89905001	http://purl.org/sig/ont/fma/fma23370	1.0
http://snomed.info/id/8993003	http://purl.org/sig/ont/fma/fma14337	1.0
http://snomed.info/id/89953002	http://purl.org/sig/ont/fma/fma54724	0.98087031
http://snomed.info/id/89992009	http://purl.org/sig/ont/fma/fma56658	1.0
http://snomed.info/id/89995006	http://purl.org/sig/ont/fma/fma42965	1.0
http://snomed.info/id/9000002	http://purl.org/sig/ont/fma/fma272298	1.0
http://snomed.info/id/90012003	http://purl.org/sig/ont/fma/fma22533	1.0
http://snomed.info/id/90031009	http://purl.org/sig/ont/fma/fma8121	1.0
http://snomed.info/id/90040008	http://purl.org/sig/ont/fma/fma58758	0.9319402
http://snomed.info/id/90044004	http://purl.org/sig/ont/fma/fma47170	0.94186604
http://snomed.info/id/90132000	http://purl.org/sig/ont/fma/fma14990	1.0
http://snomed.info/id/90212008	http://purl.org/sig/ont/fma/fma23479	1.0
http://snomed.info/id/90214009	http://purl.org/sig/ont/fma/fma7831	1.0
http://snomed.info/id/90219004	http://purl.org/sig/ont/fma/fma4706	1.0
http://snomed.info/id/90222002	http://purl.org/sig/ont/fma/fma49767	1.0
http://snomed.info/id/90248005	http://purl.org/sig/ont/fma/fma44518	0.94770449
http://snomed.info/id/90274004	http://purl.org/sig/ont/fma/fma61035	1.0
http://snomed.info/id/90382001	http://purl.org/sig/ont/fma/fma7377	1.0
http://snomed.info/id/90399000	http://purl.org/sig/ont/fma/fma20502	1.0
http://snomed.info/id/9040008	http://purl.org/sig/ont/fma/fma14545	1.0
http://snomed.info/id/90411004	http://purl.org/sig/ont/fma/fma22770	0.96034759
http://snomed.info/id/90431000	http://purl.org/sig/ont/fma/fma24504	0.98190856
http://snomed.info/id/90542007	http://purl.org/sig/ont/fma/fma48971	1.0
http://snomed.info/id/90577007	http://purl.org/sig/ont/fma/fma19973	1.0
http://snomed.info/id/90588001	http://purl.org/sig/ont/fma/fma13413	1.0
http://snomed.info/id/90606007	http://purl.org/sig/ont/fma/fma12767	1.0
http://snomed.info/id/90626006	http://purl.org/sig/ont/fma/fma22848	1.0
http://snomed.info/id/90647005	http://purl.org/sig/ont/fma/fma37383	1.0
http://snomed.info/id/90721008	http://purl.org/sig/ont/fma/fma19936	1.0
http://snomed.info/id/9073001	http://purl.org/sig/ont/fma/fma264274	1.0
http://snomed.info/id/90749001	http://purl.org/sig/ont/fma/fma70666	1.0
http://snomed.info/id/90752009	http://purl.org/sig/ont/fma/fma70448	1.0
http://snomed.info/id/90759000	http://purl.org/sig/ont/fma/fma52767	1.0
http://snomed.info/id/90769006	http://purl.org/sig/ont/fma/fma15647	1.0
http://snomed.info/id/90771006	http://purl.org/sig/ont/fma/fma14332	1.0
http://snomed.info/id/90776001	http://purl.org/sig/ont/fma/fma15403	1.0
http://snomed.info/id/90825007	http://purl.org/sig/ont/fma/fma14916	1.0
http://snomed.info/id/9086005	http://purl.org/sig/ont/fma/fma14324	1.0
http://snomed.info/id/90894004	http://purl.org/sig/ont/fma/fma42964	1.0
http://snomed.info/id/90895003	http://purl.org/sig/ont/fma/fma4748	1.0
http://snomed.info/id/90916002	http://purl.org/sig/ont/fma/fma52642	1.0
http://snomed.info/id/90928005	http://purl.org/sig/ont/fma/fma224852	1.0
http://snomed.info/id/90940005	http://purl.org/sig/ont/fma/fma23922	1.0
http://snomed.info/id/90946004	http://purl.org/sig/ont/fma/fma8437	1.0
http://snomed.info/id/90949006	http://purl.org/sig/ont/fma/fma7418	1.0
http://snomed.info/id/90962005	http://purl.org/sig/ont/fma/fma66389	1.0
http://snomed.info/id/90986007	http://purl.org/sig/ont/fma/fma27313	1.0
http://snomed.info/id/91079009	http://purl.org/sig/ont/fma/fma18829	1.0
http://snomed.info/id/9108007	http://purl.org/sig/ont/fma/fma52426	0.94911236
http://snomed.info/id/91083009	http://purl.org/sig/ont/fma/fma3804	1.0
http://snomed.info/id/91116008	http://purl.org/sig/ont/fma/fma24231	1.0
http://snomed.info/id/91129008	http://purl.org/sig/ont/fma/fma16095	1.0
http://snomed.info/id/91134007	http://purl.org/sig/ont/fma/fma7235	1.0
http://snomed.info/id/91192009	http://purl.org/sig/ont/fma/fma18095	1.0
http://snomed.info/id/91204006	http://purl.org/sig/ont/fma/fma4613	1.0
http://snomed.info/id/91229000	http://purl.org/sig/ont/fma/fma7639	1.0
http://snomed.info/id/91323002	http://purl.org/sig/ont/fma/fma322656	1.0
http://snomed.info/id/91361004	http://purl.org/sig/ont/fma/fma23628	1.0
http://snomed.info/id/91362006	http://purl.org/sig/ont/fma/fma321930	1.0
http://snomed.info/id/91397008	http://purl.org/sig/ont/fma/fma276105	0.90326172
http://snomed.info/id/91467004	http://purl.org/sig/ont/fma/fma39447	1.0
http://snomed.info/id/91590006	http://purl.org/sig/ont/fma/fma59802	1.0
http://snomed.info/id/91607008	http://purl.org/sig/ont/fma/fma19111	1.0
http://snomed.info/id/91609006	http://purl.org/sig/ont/fma/fma259729	0.95716006
http://snomed.info/id/91622003	http://purl.org/sig/ont/fma/fma52724	1.0
http://snomed.info/id/91659002	http://purl.org/sig/ont/fma/fma12250	1.0
http://snomed.info/id/91671008	http://purl.org/sig/ont/fma/fma46856	1.0
http://snomed.info/id/91686002	http://purl.org/sig/ont/fma/fma265269	0.9266153
http://snomed.info/id/91688001	http://purl.org/sig/ont/fma/fma7143	1.0
http://snomed.info/id/91725007	http://purl.org/sig/ont/fma/fma9689	1.0
http://snomed.info/id/91730006	http://purl.org/sig/ont/fma/fma10664	1.0
http://snomed.info/id/91731005	http://purl.org/sig/ont/fma/fma10659	1.0
http://snomed.info/id/91732003	http://purl.org/sig/ont/fma/fma79658	1.0
http://snomed.info/id/91735001	http://purl.org/sig/ont/fma/fma14754	1.0
http://snomed.info/id/91736000	http://purl.org/sig/ont/fma/fma14863	1.0
http://snomed.info/id/91742001	http://purl.org/sig/ont/fma/fma322861	1.0
http://snomed.info/id/91752002	http://purl.org/sig/ont/fma/fma322903	1.0
http://snomed.info/id/91765006	http://purl.org/sig/ont/fma/fma15626	1.0
http://snomed.info/id/91779003	http://purl.org/sig/ont/fma/fma22810	1.0
http://snomed.info/id/91781001	http://purl.org/sig/ont/fma/fma22811	1.0
http://snomed.info/id/91782008	http://purl.org/sig/ont/fma/fma77144	1.0
http://snomed.info/id/91784009	http://purl.org/sig/ont/fma/fma22817	1.0
http://snomed.info/id/91787002	http://purl.org/sig/ont/fma/fma321491	1.0
http://snomed.info/id/9188009	http://purl.org/sig/ont/fma/fma13505	0.91403073
http://snomed.info/id/921006	http://purl.org/sig/ont/fma/fma55152	1.0
http://snomed.info/id/9212008	http://purl.org/sig/ont/fma/fma43011	1.0
http://snomed.info/id/9229006	http://purl.org/sig/ont/fma/fma23084	1.0
http://snomed.info/id/9284003	http://purl.org/sig/ont/fma/fma321004	1.0
http://snomed.info/id/9317004	http://purl.org/sig/ont/fma/fma83606	1.0
http://snomed.info/id/9321006	http://purl.org/sig/ont/fma/fma18261	1.0
http://snomed.info/id/9379006	http://purl.org/sig/ont/fma/fma75152	0.86548936
http://snomed.info/id/9384000	http://purl.org/sig/ont/fma/fma15370	1.0
http://snomed.info/id/9454009	http://purl.org/sig/ont/fma/fma4725	1.0
http://snomed.info/id/9490002	http://purl.org/sig/ont/fma/fma9739	1.0
http://snomed.info/id/9535007	http://purl.org/sig/ont/fma/fma75254	1.0
http://snomed.info/id/955009	http://purl.org/sig/ont/fma/fma26660	0.92884797
http://snomed.info/id/9659009	http://purl.org/sig/ont/fma/fma14193	1.0
http://snomed.info/id/9677004	http://purl.org/sig/ont/fma/fma42986	1.0
http://snomed.info/id/9708001	http://purl.org/sig/ont/fma/fma18097	1.0
http://snomed.info/id/9791004	http://purl.org/sig/ont/fma/fma321548	0.90504259
http://snomed.info/id/9825007	http://purl.org/sig/ont/fma/fma32621	1.0
http://snomed.info/id/9837009	http://purl.org/sig/ont/fma/fma70370	1.0
http://snomed.info/id/9841008	http://purl.org/sig/ont/fma/fma22846	1.0
http://snomed.info/id/9847007	http://purl.org/sig/ont/fma/fma15646	1.0
http://snomed.info/id/9849005	http://purl.org/sig/ont/fma/fma77674	1.0
http://snomed.info/id/9870004	http://purl.org/sig/ont/fma/fma78586	0.95683122
http://snomed.info/id/9875009	http://purl.org/sig/ont/fma/fma9607	1.0
http://snomed.info/id/9880000	http://purl.org/sig/ont/fma/fma55288	1.0
http://snomed.info/id/9891007	http://purl.org/sig/ont/fma/fma46582	1.0
http://snomed.info/id/9898001	http://purl.org/sig/ont/fma/fma77534	1.0
http://snomed.info/id/996007	http://purl.org/sig/ont/fma/fma49618	1.0
http://snomed.info/id/9994000	http://purl.org/sig/ont/fma/fma9963	1.0
http://snomed.info/id/9999005	http://purl.org/sig/ont/fma/fma14927	1.0
