SrcEntity	TgtEntity	Score
http://omim.org/entry/211750	http://www.orpha.net/ORDO/Orphanet_1308	1.000000
http://omim.org/entry/616812	http://www.orpha.net/ORDO/Orphanet_565837	0.829244
http://omim.org/entry/615578	http://www.orpha.net/ORDO/Orphanet_497623	0.858102
http://omim.org/entry/263630	http://www.orpha.net/ORDO/Orphanet_3201	0.750623
http://omim.org/entry/309400	http://www.orpha.net/ORDO/Orphanet_565	1.000000
http://www.omim.org/phenotypicSeries/PS131760	http://www.orpha.net/ORDO/Orphanet_304	1.000000
http://omim.org/entry/603438	http://www.orpha.net/ORDO/Orphanet_3268	0.903611
http://omim.org/entry/602535	http://www.orpha.net/ORDO/Orphanet_561	1.000000
http://omim.org/entry/606693	http://www.orpha.net/ORDO/Orphanet_306674	1.000000
http://omim.org/entry/146160	http://www.orpha.net/ORDO/Orphanet_180068	0.766267
http://omim.org/entry/239200	http://www.orpha.net/ORDO/Orphanet_417	0.924992
http://omim.org/entry/248760	http://www.orpha.net/ORDO/Orphanet_2172	0.916939
http://omim.org/entry/119570	http://www.orpha.net/ORDO/Orphanet_99772	1.000000
http://omim.org/entry/106070	http://www.orpha.net/ORDO/Orphanet_1062	0.804670
http://omim.org/entry/136300	http://www.orpha.net/ORDO/Orphanet_2047	1.000000
http://omim.org/entry/214400	http://www.orpha.net/ORDO/Orphanet_99948	1.000000
http://omim.org/entry/609016	http://www.orpha.net/ORDO/Orphanet_5	1.000000
http://omim.org/entry/612781	http://www.orpha.net/ORDO/Orphanet_231671	0.881578
http://omim.org/entry/612776	http://www.orpha.net/ORDO/Orphanet_156212	0.814788
http://omim.org/entry/265300	http://www.orpha.net/ORDO/Orphanet_2414	1.000000
http://omim.org/entry/229100	http://www.orpha.net/ORDO/Orphanet_51208	1.000000
http://omim.org/entry/601536	http://www.orpha.net/ORDO/Orphanet_69739	1.000000
http://omim.org/entry/607091	http://www.orpha.net/ORDO/Orphanet_79332	1.000000
http://www.omim.org/phenotypicSeries/PS158600	http://www.orpha.net/ORDO/Orphanet_70	0.843614
http://omim.org/entry/270550	http://www.orpha.net/ORDO/Orphanet_316226	0.791655
http://omim.org/entry/601706	http://www.orpha.net/ORDO/Orphanet_3214	1.000000
http://omim.org/entry/101400	http://www.orpha.net/ORDO/Orphanet_794	1.000000
http://omim.org/entry/155980	http://www.orpha.net/ORDO/Orphanet_3034	1.000000
http://omim.org/entry/614495	http://www.orpha.net/ORDO/Orphanet_300525	1.000000
http://omim.org/entry/301950	http://www.orpha.net/ORDO/Orphanet_1131	1.000000
http://omim.org/entry/609055	http://www.orpha.net/ORDO/Orphanet_228346	0.822749
http://www.omim.org/phenotypicSeries/PS148210	http://www.orpha.net/ORDO/Orphanet_477	0.803881
http://omim.org/entry/300555	http://www.orpha.net/ORDO/Orphanet_93623	0.841749
http://omim.org/entry/605967	http://www.orpha.net/ORDO/Orphanet_85203	1.000000
http://omim.org/entry/600705	http://www.orpha.net/ORDO/Orphanet_3130	1.000000
http://omim.org/entry/614457	http://www.orpha.net/ORDO/Orphanet_352333	0.812577
http://www.omim.org/phenotypicSeries/PS202700	http://www.orpha.net/ORDO/Orphanet_42738	1.000000
http://omim.org/entry/194050	http://www.orpha.net/ORDO/Orphanet_904	1.000000
http://omim.org/entry/194350	http://www.orpha.net/ORDO/Orphanet_3466	1.000000
http://omim.org/entry/217090	http://www.orpha.net/ORDO/Orphanet_722	1.000000
http://omim.org/entry/265800	http://www.orpha.net/ORDO/Orphanet_763	1.000000
http://omim.org/entry/614756	http://www.orpha.net/ORDO/Orphanet_98098	0.788050
http://omim.org/entry/500002	http://www.orpha.net/ORDO/Orphanet_2596	0.808796
http://omim.org/entry/241090	http://www.orpha.net/ORDO/Orphanet_2232	0.907123
http://omim.org/entry/300009	http://www.orpha.net/ORDO/Orphanet_93622	0.879102
http://omim.org/entry/115250	http://www.orpha.net/ORDO/Orphanet_53296	1.000000
http://omim.org/entry/265430	http://www.orpha.net/ORDO/Orphanet_2257	1.000000
http://omim.org/entry/264070	http://www.orpha.net/ORDO/Orphanet_293284	0.779260
http://omim.org/entry/219750	http://www.orpha.net/ORDO/Orphanet_93613	0.802064
http://omim.org/entry/209010	http://www.orpha.net/ORDO/Orphanet_1192	0.799547
http://omim.org/entry/303350	http://www.orpha.net/ORDO/Orphanet_2466	1.000000
http://omim.org/entry/219721	http://www.orpha.net/ORDO/Orphanet_2575	0.866543
http://omim.org/entry/166700	http://www.orpha.net/ORDO/Orphanet_1306	1.000000
http://omim.org/entry/130710	http://www.orpha.net/ORDO/Orphanet_1928	1.000000
http://omim.org/entry/166970	http://www.orpha.net/ORDO/Orphanet_97293	0.782987
http://omim.org/entry/258200	http://www.orpha.net/ORDO/Orphanet_2920	1.000000
http://omim.org/entry/138000	http://www.orpha.net/ORDO/Orphanet_83454	0.802333
http://omim.org/entry/300886	http://www.orpha.net/ORDO/Orphanet_98464	0.783188
http://omim.org/entry/308100	http://www.orpha.net/ORDO/Orphanet_461	1.000000
http://omim.org/entry/273050	http://www.orpha.net/ORDO/Orphanet_2972	0.752167
http://omim.org/entry/311050	http://www.orpha.net/ORDO/Orphanet_98890	0.864265
http://omim.org/entry/265880	http://www.orpha.net/ORDO/Orphanet_3003	1.000000
http://omim.org/entry/606554	http://www.orpha.net/ORDO/Orphanet_79135	1.000000
http://www.omim.org/phenotypicSeries/PS615438	http://www.orpha.net/ORDO/Orphanet_370088	0.804885
http://omim.org/entry/192350	http://www.orpha.net/ORDO/Orphanet_887	1.000000
http://omim.org/entry/535000	http://www.orpha.net/ORDO/Orphanet_104	1.000000
http://www.omim.org/phenotypicSeries/PS220400	http://www.orpha.net/ORDO/Orphanet_90647	1.000000
http://omim.org/entry/615681	http://www.orpha.net/ORDO/Orphanet_401785	0.855882
http://omim.org/entry/184000	http://www.orpha.net/ORDO/Orphanet_163668	0.861088
http://omim.org/entry/114290	http://www.orpha.net/ORDO/Orphanet_140	1.000000
http://omim.org/entry/604131	http://www.orpha.net/ORDO/Orphanet_846	1.000000
http://omim.org/entry/617248	http://www.orpha.net/ORDO/Orphanet_505208	1.000000
http://www.omim.org/phenotypicSeries/PS607631	http://www.orpha.net/ORDO/Orphanet_1941	1.000000
http://omim.org/entry/211910	http://www.orpha.net/ORDO/Orphanet_1327	1.000000
http://omim.org/entry/202010	http://www.orpha.net/ORDO/Orphanet_90795	0.871484
http://omim.org/entry/604757	http://www.orpha.net/ORDO/Orphanet_139390	0.813256
http://omim.org/entry/520000	http://www.orpha.net/ORDO/Orphanet_225	1.000000
http://omim.org/entry/613509	http://www.orpha.net/ORDO/Orphanet_238750	0.877381
http://omim.org/entry/117360	http://www.orpha.net/ORDO/Orphanet_208513	0.952934
http://omim.org/entry/207950	http://www.orpha.net/ORDO/Orphanet_1136	1.000000
http://omim.org/entry/600363	http://www.orpha.net/ORDO/Orphanet_320346	0.840497
http://omim.org/entry/611302	http://www.orpha.net/ORDO/Orphanet_316240	0.852110
http://omim.org/entry/265380	http://www.orpha.net/ORDO/Orphanet_210122	1.000000
http://omim.org/entry/601954	http://www.orpha.net/ORDO/Orphanet_102015	0.829690
http://omim.org/entry/604367	http://www.orpha.net/ORDO/Orphanet_79083	1.000000
http://omim.org/entry/610644	http://www.orpha.net/ORDO/Orphanet_85112	0.866423
http://www.omim.org/phenotypicSeries/PS105250	http://www.orpha.net/ORDO/Orphanet_137807	1.000000
http://omim.org/entry/208400	http://www.orpha.net/ORDO/Orphanet_93	1.000000
http://omim.org/entry/601709	http://www.orpha.net/ORDO/Orphanet_220436	1.000000
http://omim.org/entry/183900	http://www.orpha.net/ORDO/Orphanet_94068	1.000000
http://omim.org/entry/610006	http://www.orpha.net/ORDO/Orphanet_79157	1.000000
http://www.omim.org/phenotypicSeries/PS218330	http://www.orpha.net/ORDO/Orphanet_1515	1.000000
http://omim.org/entry/122200	http://www.orpha.net/ORDO/Orphanet_98964	1.000000
http://omim.org/entry/256840	http://www.orpha.net/ORDO/Orphanet_139578	0.874527
http://omim.org/entry/608728	http://www.orpha.net/ORDO/Orphanet_253	0.823683
http://omim.org/entry/607078	http://www.orpha.net/ORDO/Orphanet_93311	0.950214
http://omim.org/entry/212360	http://www.orpha.net/ORDO/Orphanet_79502	0.831848
http://www.omim.org/phenotypicSeries/PS256520	http://www.orpha.net/ORDO/Orphanet_2671	1.000000
http://omim.org/entry/277460	http://www.orpha.net/ORDO/Orphanet_96	1.000000
http://omim.org/entry/163400	http://www.orpha.net/ORDO/Orphanet_2633	1.000000
http://omim.org/entry/231670	http://www.orpha.net/ORDO/Orphanet_25	0.826735
http://omim.org/entry/601553	http://www.orpha.net/ORDO/Orphanet_1573	0.908006
http://omim.org/entry/254800	http://www.orpha.net/ORDO/Orphanet_308	0.792785
http://omim.org/entry/201020	http://www.orpha.net/ORDO/Orphanet_65798	1.000000
http://omim.org/entry/300934	http://www.orpha.net/ORDO/Orphanet_370927	1.000000
http://omim.org/entry/616094	http://www.orpha.net/ORDO/Orphanet_370953	0.825593
http://omim.org/entry/608154	http://www.orpha.net/ORDO/Orphanet_50811	0.881755
http://omim.org/entry/605039	http://www.orpha.net/ORDO/Orphanet_97297	1.000000
http://omim.org/entry/227500	http://www.orpha.net/ORDO/Orphanet_327	0.783826
http://omim.org/entry/605021	http://www.orpha.net/ORDO/Orphanet_352582	1.000000
http://omim.org/entry/176450	http://www.orpha.net/ORDO/Orphanet_1552	1.000000
http://omim.org/entry/610951	http://www.orpha.net/ORDO/Orphanet_228346	0.811529
http://omim.org/entry/614921	http://www.orpha.net/ORDO/Orphanet_371235	0.915070
http://www.omim.org/phenotypicSeries/PS193100	http://www.orpha.net/ORDO/Orphanet_437	1.000000
http://omim.org/entry/135290	http://www.orpha.net/ORDO/Orphanet_873	0.835549
http://www.omim.org/phenotypicSeries/PS254800	http://www.orpha.net/ORDO/Orphanet_98261	1.000000
http://www.omim.org/phenotypicSeries/PS221900	http://www.orpha.net/ORDO/Orphanet_91495	1.000000
http://omim.org/entry/226730	http://www.orpha.net/ORDO/Orphanet_79403	0.873002
http://omim.org/entry/612840	http://www.orpha.net/ORDO/Orphanet_99844	0.797352
http://omim.org/entry/314360	http://www.orpha.net/ORDO/Orphanet_1122	0.773199
http://omim.org/entry/249420	http://www.orpha.net/ORDO/Orphanet_137834	1.000000
http://omim.org/entry/300148	http://www.orpha.net/ORDO/Orphanet_85282	1.000000
http://omim.org/entry/220200	http://www.orpha.net/ORDO/Orphanet_269546	0.840146
http://omim.org/entry/608456	http://www.orpha.net/ORDO/Orphanet_261584	0.909201
http://omim.org/entry/609241	http://www.orpha.net/ORDO/Orphanet_79279	1.000000
http://omim.org/entry/132400	http://www.orpha.net/ORDO/Orphanet_93308	0.884957
http://omim.org/entry/257970	http://www.orpha.net/ORDO/Orphanet_2715	1.000000
http://www.omim.org/phenotypicSeries/PS147950	http://www.orpha.net/ORDO/Orphanet_174590	0.943652
http://omim.org/entry/608340	http://www.orpha.net/ORDO/Orphanet_268337	0.846477
http://omim.org/entry/615596	http://www.orpha.net/ORDO/Orphanet_371188	0.846077
http://omim.org/entry/228560	http://www.orpha.net/ORDO/Orphanet_2025	0.843573
http://omim.org/entry/269200	http://www.orpha.net/ORDO/Orphanet_3143	1.000000
http://www.omim.org/phenotypicSeries/PS102200	http://www.orpha.net/ORDO/Orphanet_99408	1.000000
http://omim.org/entry/302950	http://www.orpha.net/ORDO/Orphanet_93442	0.846621
http://omim.org/entry/245190	http://www.orpha.net/ORDO/Orphanet_2347	1.000000
http://omim.org/entry/192050	http://www.orpha.net/ORDO/Orphanet_180111	0.797336
http://omim.org/entry/611040	http://www.orpha.net/ORDO/Orphanet_178364	0.968590
http://omim.org/entry/609442	http://www.orpha.net/ORDO/Orphanet_1906	0.835148
http://omim.org/entry/613444	http://www.orpha.net/ORDO/Orphanet_261211	0.768948
http://omim.org/entry/190340	http://www.orpha.net/ORDO/Orphanet_538756	1.000000
http://omim.org/entry/612716	http://www.orpha.net/ORDO/Orphanet_70594	1.000000
http://www.omim.org/phenotypicSeries/PS176400	http://www.orpha.net/ORDO/Orphanet_759	1.000000
http://omim.org/entry/616239	http://www.orpha.net/ORDO/Orphanet_444458	0.978760
http://omim.org/entry/219150	http://www.orpha.net/ORDO/Orphanet_357074	0.864781
http://omim.org/entry/308830	http://www.orpha.net/ORDO/Orphanet_2339	0.797830
http://omim.org/entry/617672	http://www.orpha.net/ORDO/Orphanet_247198	0.769267
http://omim.org/entry/614321	http://www.orpha.net/ORDO/Orphanet_488650	1.000000
http://www.omim.org/phenotypicSeries/PS607594	http://www.orpha.net/ORDO/Orphanet_1572	1.000000
http://omim.org/entry/106190	http://www.orpha.net/ORDO/Orphanet_468666	0.831841
http://omim.org/entry/607831	http://www.orpha.net/ORDO/Orphanet_99944	1.000000
http://omim.org/entry/125700	http://www.orpha.net/ORDO/Orphanet_178029	0.762488
http://omim.org/entry/165150	http://www.orpha.net/ORDO/Orphanet_2743	0.797417
http://omim.org/entry/615139	http://www.orpha.net/ORDO/Orphanet_352712	0.866096
http://omim.org/entry/106250	http://www.orpha.net/ORDO/Orphanet_98565	0.809229
http://omim.org/entry/600159	http://www.orpha.net/ORDO/Orphanet_2990	0.808224
http://omim.org/entry/608027	http://www.orpha.net/ORDO/Orphanet_97249	1.000000
http://www.omim.org/phenotypicSeries/PS132400	http://www.orpha.net/ORDO/Orphanet_251	1.000000
http://omim.org/entry/610498	http://www.orpha.net/ORDO/Orphanet_254920	0.916929
http://omim.org/entry/119900	http://www.orpha.net/ORDO/Orphanet_217059	1.000000
http://omim.org/entry/239850	http://www.orpha.net/ORDO/Orphanet_1517	0.782778
http://omim.org/entry/215700	http://www.orpha.net/ORDO/Orphanet_247525	1.000000
http://omim.org/entry/600802	http://www.orpha.net/ORDO/Orphanet_183660	0.888152
http://omim.org/entry/604314	http://www.orpha.net/ORDO/Orphanet_293642	0.865749
http://omim.org/entry/613554	http://www.orpha.net/ORDO/Orphanet_166081	1.000000
http://omim.org/entry/608051	http://www.orpha.net/ORDO/Orphanet_319640	0.933049
http://www.omim.org/phenotypicSeries/PS617468	http://www.orpha.net/ORDO/Orphanet_1037	1.000000
http://omim.org/entry/102660	http://www.orpha.net/ORDO/Orphanet_55881	1.000000
http://omim.org/entry/277400	http://www.orpha.net/ORDO/Orphanet_79310	0.884020
http://omim.org/entry/264010	http://www.orpha.net/ORDO/Orphanet_3409	0.771690
http://omim.org/entry/162500	http://www.orpha.net/ORDO/Orphanet_640	1.000000
http://omim.org/entry/242520	http://www.orpha.net/ORDO/Orphanet_281238	0.843247
http://omim.org/entry/272150	http://www.orpha.net/ORDO/Orphanet_498602	1.000000
http://omim.org/entry/600195	http://www.orpha.net/ORDO/Orphanet_2451	0.916843
http://omim.org/entry/615156	http://www.orpha.net/ORDO/Orphanet_238329	0.753810
http://omim.org/entry/181430	http://www.orpha.net/ORDO/Orphanet_437572	0.760111
http://omim.org/entry/112250	http://www.orpha.net/ORDO/Orphanet_85182	0.843515
http://omim.org/entry/615312	http://www.orpha.net/ORDO/Orphanet_370091	1.000000
http://omim.org/entry/222765	http://www.orpha.net/ORDO/Orphanet_309796	1.000000
http://www.omim.org/phenotypicSeries/PS601419	http://www.orpha.net/ORDO/Orphanet_593	1.000000
http://omim.org/entry/600627	http://www.orpha.net/ORDO/Orphanet_2224	1.000000
http://omim.org/entry/300475	http://www.orpha.net/ORDO/Orphanet_79107	0.764754
http://omim.org/entry/174800	http://www.orpha.net/ORDO/Orphanet_562	1.000000
http://omim.org/entry/203330	http://www.orpha.net/ORDO/Orphanet_94090	1.000000
http://omim.org/entry/612247	http://www.orpha.net/ORDO/Orphanet_93262	0.883566
http://omim.org/entry/303700	http://www.orpha.net/ORDO/Orphanet_16	1.000000
http://omim.org/entry/237300	http://www.orpha.net/ORDO/Orphanet_147	0.832923
http://omim.org/entry/267760	http://www.orpha.net/ORDO/Orphanet_1574	0.849125
http://omim.org/entry/192800	http://www.orpha.net/ORDO/Orphanet_2064	0.769607
http://omim.org/entry/210740	http://www.orpha.net/ORDO/Orphanet_1227	1.000000
http://omim.org/entry/604302	http://www.orpha.net/ORDO/Orphanet_92	0.817932
http://omim.org/entry/239710	http://www.orpha.net/ORDO/Orphanet_2211	0.913514
http://omim.org/entry/143095	http://www.orpha.net/ORDO/Orphanet_253	0.867702
http://omim.org/entry/600175	http://www.orpha.net/ORDO/Orphanet_53739	0.783039
http://omim.org/entry/277900	http://www.orpha.net/ORDO/Orphanet_905	1.000000
http://omim.org/entry/229600	http://www.orpha.net/ORDO/Orphanet_469	1.000000
http://omim.org/entry/145981	http://www.orpha.net/ORDO/Orphanet_101049	1.000000
http://omim.org/entry/128230	http://www.orpha.net/ORDO/Orphanet_255	1.000000
http://omim.org/entry/131900	http://www.orpha.net/ORDO/Orphanet_595346	0.873481
http://omim.org/entry/246500	http://www.orpha.net/ORDO/Orphanet_1816	0.858377
http://omim.org/entry/600880	http://www.orpha.net/ORDO/Orphanet_131	1.000000
http://omim.org/entry/600176	http://www.orpha.net/ORDO/Orphanet_2798	0.805840
http://www.omim.org/phenotypicSeries/PS248600	http://www.orpha.net/ORDO/Orphanet_511	1.000000
http://omim.org/entry/615656	http://www.orpha.net/ORDO/Orphanet_238446	0.833133
http://omim.org/entry/608643	http://www.orpha.net/ORDO/Orphanet_35708	1.000000
http://omim.org/entry/604129	http://www.orpha.net/ORDO/Orphanet_89843	0.823834
http://www.omim.org/phenotypicSeries/PS183600	http://www.orpha.net/ORDO/Orphanet_2440	1.000000
http://omim.org/entry/156600	http://www.orpha.net/ORDO/Orphanet_566	1.000000
http://omim.org/entry/213200	http://www.orpha.net/ORDO/Orphanet_98756	0.898678
http://omim.org/entry/616592	http://www.orpha.net/ORDO/Orphanet_477831	1.000000
http://omim.org/entry/614846	http://www.orpha.net/ORDO/Orphanet_314588	1.000000
http://omim.org/entry/276600	http://www.orpha.net/ORDO/Orphanet_28378	1.000000
http://omim.org/entry/305400	http://www.orpha.net/ORDO/Orphanet_915	1.000000
http://omim.org/entry/300858	http://www.orpha.net/ORDO/Orphanet_98464	0.758392
http://omim.org/entry/122900	http://www.orpha.net/ORDO/Orphanet_93453	0.835973
http://omim.org/entry/613158	http://www.orpha.net/ORDO/Orphanet_456369	0.784822
http://omim.org/entry/212350	http://www.orpha.net/ORDO/Orphanet_1369	1.000000
http://omim.org/entry/615065	http://www.orpha.net/ORDO/Orphanet_329457	1.000000
http://omim.org/entry/178610	http://www.orpha.net/ORDO/Orphanet_60026	0.875876
http://omim.org/entry/604856	http://www.orpha.net/ORDO/Orphanet_389	1.000000
http://omim.org/entry/314050	http://www.orpha.net/ORDO/Orphanet_231393	0.867486
http://omim.org/entry/610443	http://www.orpha.net/ORDO/Orphanet_96169	1.000000
http://omim.org/entry/311250	http://www.orpha.net/ORDO/Orphanet_289869	0.836415
http://omim.org/entry/615574	http://www.orpha.net/ORDO/Orphanet_391381	0.839972
http://omim.org/entry/184255	http://www.orpha.net/ORDO/Orphanet_93315	1.000000
http://omim.org/entry/210900	http://www.orpha.net/ORDO/Orphanet_125	1.000000
http://omim.org/entry/611102	http://www.orpha.net/ORDO/Orphanet_94064	1.000000
http://omim.org/entry/600457	http://www.orpha.net/ORDO/Orphanet_79365	0.765243
http://omim.org/entry/305100	http://www.orpha.net/ORDO/Orphanet_181	0.893091
http://omim.org/entry/611590	http://www.orpha.net/ORDO/Orphanet_93608	0.828080
http://omim.org/entry/609821	http://www.orpha.net/ORDO/Orphanet_220443	0.795953
http://omim.org/entry/614932	http://www.orpha.net/ORDO/Orphanet_319514	0.950171
http://omim.org/entry/225290	http://www.orpha.net/ORDO/Orphanet_498477	0.877030
http://omim.org/entry/275350	http://www.orpha.net/ORDO/Orphanet_859	0.848767
http://www.omim.org/phenotypicSeries/PS614388	http://www.orpha.net/ORDO/Orphanet_330050	0.902687
http://omim.org/entry/610003	http://www.orpha.net/ORDO/Orphanet_1947	0.853343
http://omim.org/entry/614582	http://www.orpha.net/ORDO/Orphanet_319509	0.939835
http://omim.org/entry/117100	http://www.orpha.net/ORDO/Orphanet_166463	0.801744
http://omim.org/entry/241310	http://www.orpha.net/ORDO/Orphanet_1790	1.000000
http://www.omim.org/phenotypicSeries/PS604370	http://www.orpha.net/ORDO/Orphanet_145	0.788361
http://omim.org/entry/616672	http://www.orpha.net/ORDO/Orphanet_477774	0.933676
http://omim.org/entry/160900	http://www.orpha.net/ORDO/Orphanet_206647	0.776598
http://www.omim.org/phenotypicSeries/PS242860	http://www.orpha.net/ORDO/Orphanet_2268	0.895248
http://omim.org/entry/122440	http://www.orpha.net/ORDO/Orphanet_3194	1.000000
http://omim.org/entry/156400	http://www.orpha.net/ORDO/Orphanet_33067	1.000000
http://omim.org/entry/254000	http://www.orpha.net/ORDO/Orphanet_1875	0.774739
http://omim.org/entry/203500	http://www.orpha.net/ORDO/Orphanet_56	1.000000
http://omim.org/entry/612219	http://www.orpha.net/ORDO/Orphanet_319	0.770326
http://omim.org/entry/605946	http://www.orpha.net/ORDO/Orphanet_85188	1.000000
http://www.omim.org/phenotypicSeries/PS603041	http://www.orpha.net/ORDO/Orphanet_35698	1.000000
http://www.omim.org/phenotypicSeries/PS133200	http://www.orpha.net/ORDO/Orphanet_79355	0.861383
http://omim.org/entry/608811	http://www.orpha.net/ORDO/Orphanet_93346	0.756697
http://omim.org/entry/614895	http://www.orpha.net/ORDO/Orphanet_99952	0.920841
http://omim.org/entry/240950	http://www.orpha.net/ORDO/Orphanet_1387	0.847013
http://omim.org/entry/617395	http://www.orpha.net/ORDO/Orphanet_371064	0.861178
http://www.omim.org/phenotypicSeries/PS210250	http://www.orpha.net/ORDO/Orphanet_2882	1.000000
http://omim.org/entry/209920	http://www.orpha.net/ORDO/Orphanet_572	1.000000
http://omim.org/entry/607259	http://www.orpha.net/ORDO/Orphanet_320346	0.829700
http://omim.org/entry/211800	http://www.orpha.net/ORDO/Orphanet_289601	1.000000
http://omim.org/entry/609993	http://www.orpha.net/ORDO/Orphanet_75325	0.847168
http://omim.org/entry/178995	http://www.orpha.net/ORDO/Orphanet_64745	1.000000
http://omim.org/entry/607677	http://www.orpha.net/ORDO/Orphanet_99942	0.949060
http://omim.org/entry/600920	http://www.orpha.net/ORDO/Orphanet_2460	1.000000
http://omim.org/entry/167300	http://www.orpha.net/ORDO/Orphanet_2800	1.000000
http://omim.org/entry/616201	http://www.orpha.net/ORDO/Orphanet_435988	0.755981
http://omim.org/entry/236200	http://www.orpha.net/ORDO/Orphanet_394	1.000000
http://omim.org/entry/614727	http://www.orpha.net/ORDO/Orphanet_314667	1.000000
http://omim.org/entry/201100	http://www.orpha.net/ORDO/Orphanet_37	1.000000
http://omim.org/entry/614455	http://www.orpha.net/ORDO/Orphanet_90114	0.924913
http://omim.org/entry/220100	http://www.orpha.net/ORDO/Orphanet_214	1.000000
http://omim.org/entry/605676	http://www.orpha.net/ORDO/Orphanet_65282	0.818213
http://omim.org/entry/146390	http://www.orpha.net/ORDO/Orphanet_3307	0.869102
http://omim.org/entry/239500	http://www.orpha.net/ORDO/Orphanet_419	1.000000
http://www.omim.org/phenotypicSeries/PS162400	http://www.orpha.net/ORDO/Orphanet_140471	1.000000
http://omim.org/entry/601319	http://www.orpha.net/ORDO/Orphanet_1811	1.000000
http://omim.org/entry/156240	http://www.orpha.net/ORDO/Orphanet_50251	0.757711
http://omim.org/entry/202150	http://www.orpha.net/ORDO/Orphanet_95700	0.848043
http://omim.org/entry/236250	http://www.orpha.net/ORDO/Orphanet_395	0.755113
http://omim.org/entry/607634	http://www.orpha.net/ORDO/Orphanet_2783	0.872632
http://www.omim.org/phenotypicSeries/PS230400	http://www.orpha.net/ORDO/Orphanet_352	1.000000
http://omim.org/entry/612336	http://www.orpha.net/ORDO/Orphanet_743	0.849745
http://omim.org/entry/239000	http://www.orpha.net/ORDO/Orphanet_2801	0.778341
http://omim.org/entry/300238	http://www.orpha.net/ORDO/Orphanet_85286	0.827096
http://omim.org/entry/182920	http://www.orpha.net/ORDO/Orphanet_268129	1.000000
http://omim.org/entry/609041	http://www.orpha.net/ORDO/Orphanet_101007	0.878927
http://omim.org/entry/129510	http://www.orpha.net/ORDO/Orphanet_1818	1.000000
http://omim.org/entry/144190	http://www.orpha.net/ORDO/Orphanet_1336	1.000000
http://omim.org/entry/108721	http://www.orpha.net/ORDO/Orphanet_56305	1.000000
http://www.omim.org/phenotypicSeries/PS104500	http://www.orpha.net/ORDO/Orphanet_88661	1.000000
http://omim.org/entry/156620	http://www.orpha.net/ORDO/Orphanet_2533	0.780470
http://omim.org/entry/102520	http://www.orpha.net/ORDO/Orphanet_971	1.000000
http://omim.org/entry/608940	http://www.orpha.net/ORDO/Orphanet_85167	0.843267
http://omim.org/entry/300749	http://www.orpha.net/ORDO/Orphanet_2512	0.780926
http://omim.org/entry/615206	http://www.orpha.net/ORDO/Orphanet_331193	0.765814
http://omim.org/entry/610706	http://www.orpha.net/ORDO/Orphanet_90024	0.865196
http://omim.org/entry/300673	http://www.orpha.net/ORDO/Orphanet_209370	0.790012
http://omim.org/entry/612691	http://www.orpha.net/ORDO/Orphanet_208441	0.809546
http://omim.org/entry/220500	http://www.orpha.net/ORDO/Orphanet_79500	0.795729
http://omim.org/entry/182820	http://www.orpha.net/ORDO/Orphanet_2826	0.851844
http://omim.org/entry/606854	http://www.orpha.net/ORDO/Orphanet_101070	1.000000
http://omim.org/entry/314500	http://www.orpha.net/ORDO/Orphanet_3417	1.000000
http://www.omim.org/phenotypicSeries/PS308350	http://www.orpha.net/ORDO/Orphanet_98258	0.814321
http://omim.org/entry/612946	http://www.orpha.net/ORDO/Orphanet_217026	1.000000
http://omim.org/entry/180870	http://www.orpha.net/ORDO/Orphanet_3121	1.000000
http://omim.org/entry/125490	http://www.orpha.net/ORDO/Orphanet_100031	0.812875
http://omim.org/entry/236100	http://www.orpha.net/ORDO/Orphanet_102009	0.772046
http://omim.org/entry/616231	http://www.orpha.net/ORDO/Orphanet_88635	0.772835
http://omim.org/entry/246450	http://www.orpha.net/ORDO/Orphanet_20	1.000000
http://omim.org/entry/613661	http://www.orpha.net/ORDO/Orphanet_280071	1.000000
http://omim.org/entry/608957	http://www.orpha.net/ORDO/Orphanet_169085	1.000000
http://omim.org/entry/612940	http://www.orpha.net/ORDO/Orphanet_357064	1.000000
http://omim.org/entry/606445	http://www.orpha.net/ORDO/Orphanet_300324	1.000000
http://omim.org/entry/616368	http://www.orpha.net/ORDO/Orphanet_444077	1.000000
http://www.omim.org/phenotypicSeries/PS180500	http://www.orpha.net/ORDO/Orphanet_782	1.000000
http://omim.org/entry/612073	http://www.orpha.net/ORDO/Orphanet_35698	0.779115
http://omim.org/entry/200150	http://www.orpha.net/ORDO/Orphanet_2388	1.000000
http://omim.org/entry/147770	http://www.orpha.net/ORDO/Orphanet_2316	1.000000
http://omim.org/entry/131100	http://www.orpha.net/ORDO/Orphanet_652	1.000000
http://omim.org/entry/178370	http://www.orpha.net/ORDO/Orphanet_1207	1.000000
http://omim.org/entry/212140	http://www.orpha.net/ORDO/Orphanet_158	1.000000
http://omim.org/entry/616949	http://www.orpha.net/ORDO/Orphanet_101108	0.925743
http://omim.org/entry/110150	http://www.orpha.net/ORDO/Orphanet_1259	0.833357
http://omim.org/entry/252605	http://www.orpha.net/ORDO/Orphanet_79212	0.822698
http://omim.org/entry/614224	http://www.orpha.net/ORDO/Orphanet_284247	0.878308
http://omim.org/entry/274270	http://www.orpha.net/ORDO/Orphanet_1675	1.000000
http://omim.org/entry/132600	http://www.orpha.net/ORDO/Orphanet_91414	1.000000
http://omim.org/entry/608710	http://www.orpha.net/ORDO/Orphanet_900	1.000000
http://omim.org/entry/300843	http://www.orpha.net/ORDO/Orphanet_90001	1.000000
http://omim.org/entry/147251	http://www.orpha.net/ORDO/Orphanet_2287	1.000000
http://omim.org/entry/106100	http://www.orpha.net/ORDO/Orphanet_100050	1.000000
http://omim.org/entry/605726	http://www.orpha.net/ORDO/Orphanet_139525	0.954811
http://omim.org/entry/614091	http://www.orpha.net/ORDO/Orphanet_93426	0.781800
http://www.omim.org/phenotypicSeries/PS604169	http://www.orpha.net/ORDO/Orphanet_54260	1.000000
http://omim.org/entry/613398	http://www.orpha.net/ORDO/Orphanet_280558	1.000000
http://omim.org/entry/614395	http://www.orpha.net/ORDO/Orphanet_99921	0.800054
http://omim.org/entry/110100	http://www.orpha.net/ORDO/Orphanet_126	0.845527
http://www.omim.org/phenotypicSeries/PS115200	http://www.orpha.net/ORDO/Orphanet_217604	1.000000
http://omim.org/entry/613604	http://www.orpha.net/ORDO/Orphanet_261211	0.867974
http://omim.org/entry/251950	http://www.orpha.net/ORDO/Orphanet_206966	0.831208
http://omim.org/entry/210350	http://www.orpha.net/ORDO/Orphanet_141333	0.754591
http://omim.org/entry/609049	http://www.orpha.net/ORDO/Orphanet_138044	0.767482
http://omim.org/entry/189961	http://www.orpha.net/ORDO/Orphanet_3348	1.000000
http://omim.org/entry/300623	http://www.orpha.net/ORDO/Orphanet_93256	0.829242
http://omim.org/entry/248500	http://www.orpha.net/ORDO/Orphanet_309282	0.832692
http://omim.org/entry/614468	http://www.orpha.net/ORDO/Orphanet_576349	0.830732
http://omim.org/entry/308050	http://www.orpha.net/ORDO/Orphanet_139	0.826354
http://omim.org/entry/611943	http://www.orpha.net/ORDO/Orphanet_420741	1.000000
http://omim.org/entry/193500	http://www.orpha.net/ORDO/Orphanet_894	1.000000
http://omim.org/entry/609325	http://www.orpha.net/ORDO/Orphanet_166032	1.000000
http://www.omim.org/phenotypicSeries/PS277400	http://www.orpha.net/ORDO/Orphanet_79310	0.845762
http://omim.org/entry/168600	http://www.orpha.net/ORDO/Orphanet_306666	0.831368
http://omim.org/entry/259420	http://www.orpha.net/ORDO/Orphanet_216812	1.000000
http://www.omim.org/phenotypicSeries/PS607326	http://www.orpha.net/ORDO/Orphanet_178355	1.000000
http://omim.org/entry/156550	http://www.orpha.net/ORDO/Orphanet_485	1.000000
http://omim.org/entry/145701	http://www.orpha.net/ORDO/Orphanet_79365	0.813496
http://omim.org/entry/112430	http://www.orpha.net/ORDO/Orphanet_2946	1.000000
http://omim.org/entry/248370	http://www.orpha.net/ORDO/Orphanet_90153	1.000000
http://www.omim.org/phenotypicSeries/PS600721	http://www.orpha.net/ORDO/Orphanet_79315	1.000000
http://omim.org/entry/313420	http://www.orpha.net/ORDO/Orphanet_168544	1.000000
http://omim.org/entry/616113	http://www.orpha.net/ORDO/Orphanet_453533	1.000000
http://www.omim.org/phenotypicSeries/PS112240	http://www.orpha.net/ORDO/Orphanet_2050	1.000000
http://omim.org/entry/603147	http://www.orpha.net/ORDO/Orphanet_79320	1.000000
http://www.omim.org/phenotypicSeries/PS103900	http://www.orpha.net/ORDO/Orphanet_371861	0.940737
http://omim.org/entry/612020	http://www.orpha.net/ORDO/Orphanet_139480	0.869569
http://omim.org/entry/212780	http://www.orpha.net/ORDO/Orphanet_3258	0.824649
http://omim.org/entry/208150	http://www.orpha.net/ORDO/Orphanet_994	0.813028
http://omim.org/entry/616145	http://www.orpha.net/ORDO/Orphanet_1388	1.000000
http://omim.org/entry/608612	http://www.orpha.net/ORDO/Orphanet_90154	1.000000
http://omim.org/entry/166750	http://www.orpha.net/ORDO/Orphanet_2791	1.000000
http://omim.org/entry/247610	http://www.orpha.net/ORDO/Orphanet_79128	1.000000
http://omim.org/entry/601455	http://www.orpha.net/ORDO/Orphanet_99950	1.000000
http://omim.org/entry/615952	http://www.orpha.net/ORDO/Orphanet_37042	0.776667
http://www.omim.org/phenotypicSeries/PS106210	http://www.orpha.net/ORDO/Orphanet_98557	0.843133
http://www.omim.org/phenotypicSeries/PS300049	http://www.orpha.net/ORDO/Orphanet_98892	1.000000
http://www.omim.org/phenotypicSeries/PS115150	http://www.orpha.net/ORDO/Orphanet_1340	1.000000
http://omim.org/entry/201475	http://www.orpha.net/ORDO/Orphanet_309120	0.840343
http://omim.org/entry/614486	http://www.orpha.net/ORDO/Orphanet_436169	0.768806
http://omim.org/entry/311900	http://www.orpha.net/ORDO/Orphanet_2886	1.000000
http://omim.org/entry/601665	http://www.orpha.net/ORDO/Orphanet_77828	0.918834
http://omim.org/entry/153700	http://www.orpha.net/ORDO/Orphanet_1243	0.911383
http://www.omim.org/phenotypicSeries/PS204000	http://www.orpha.net/ORDO/Orphanet_65	1.000000
http://omim.org/entry/108010	http://www.orpha.net/ORDO/Orphanet_211266	0.858536
http://omim.org/entry/151380	http://www.orpha.net/ORDO/Orphanet_167714	0.768440
http://omim.org/entry/607655	http://www.orpha.net/ORDO/Orphanet_170	0.783099
http://omim.org/entry/229400	http://www.orpha.net/ORDO/Orphanet_1791	1.000000
http://omim.org/entry/605670	http://www.orpha.net/ORDO/Orphanet_67042	1.000000
http://omim.org/entry/602782	http://www.orpha.net/ORDO/Orphanet_86886	0.750734
http://omim.org/entry/613670	http://www.orpha.net/ORDO/Orphanet_87277	0.861021
http://omim.org/entry/262500	http://www.orpha.net/ORDO/Orphanet_633	1.000000
http://www.omim.org/phenotypicSeries/PS208085	http://www.orpha.net/ORDO/Orphanet_2697	0.863868
http://omim.org/entry/248110	http://www.orpha.net/ORDO/Orphanet_202948	0.782307
http://omim.org/entry/266120	http://www.orpha.net/ORDO/Orphanet_98374	0.787297
http://www.omim.org/phenotypicSeries/PS608354	http://www.orpha.net/ORDO/Orphanet_137667	1.000000
http://omim.org/entry/610140	http://www.orpha.net/ORDO/Orphanet_168796	1.000000
http://www.omim.org/phenotypicSeries/PS200600	http://www.orpha.net/ORDO/Orphanet_932	1.000000
http://omim.org/entry/614298	http://www.orpha.net/ORDO/Orphanet_289560	0.859932
http://omim.org/entry/613179	http://www.orpha.net/ORDO/Orphanet_760	1.000000
http://omim.org/entry/602531	http://www.orpha.net/ORDO/Orphanet_79094	1.000000
http://www.omim.org/phenotypicSeries/PS118450	http://www.orpha.net/ORDO/Orphanet_52	1.000000
http://omim.org/entry/266255	http://www.orpha.net/ORDO/Orphanet_3270	0.845894
http://omim.org/entry/156700	http://www.orpha.net/ORDO/Orphanet_2536	0.806854
http://www.omim.org/phenotypicSeries/PS220290	http://www.orpha.net/ORDO/Orphanet_96210	0.902158
http://www.omim.org/phenotypicSeries/PS162091	http://www.orpha.net/ORDO/Orphanet_93921	1.000000
http://omim.org/entry/613559	http://www.orpha.net/ORDO/Orphanet_254930	0.830113
http://omim.org/entry/214350	http://www.orpha.net/ORDO/Orphanet_1401	1.000000
http://omim.org/entry/613587	http://www.orpha.net/ORDO/Orphanet_247834	1.000000
http://omim.org/entry/159550	http://www.orpha.net/ORDO/Orphanet_2585	1.000000
http://www.omim.org/phenotypicSeries/PS256450	http://www.orpha.net/ORDO/Orphanet_443095	0.914899
http://omim.org/entry/604432	http://www.orpha.net/ORDO/Orphanet_98767	1.000000
http://omim.org/entry/230000	http://www.orpha.net/ORDO/Orphanet_349	1.000000
http://omim.org/entry/607317	http://www.orpha.net/ORDO/Orphanet_98765	0.892605
http://omim.org/entry/600251	http://www.orpha.net/ORDO/Orphanet_141253	0.881091
http://omim.org/entry/616022	http://www.orpha.net/ORDO/Orphanet_439849	0.829271
http://omim.org/entry/250951	http://www.orpha.net/ORDO/Orphanet_67048	1.000000
http://omim.org/entry/300262	http://www.orpha.net/ORDO/Orphanet_85273	0.752444
http://omim.org/entry/612335	http://www.orpha.net/ORDO/Orphanet_209951	0.811988
http://www.omim.org/phenotypicSeries/PS113900	http://www.orpha.net/ORDO/Orphanet_871	1.000000
http://omim.org/entry/170700	http://www.orpha.net/ORDO/Orphanet_364559	0.893486
http://omim.org/entry/118220	http://www.orpha.net/ORDO/Orphanet_101081	0.906315
http://omim.org/entry/603554	http://www.orpha.net/ORDO/Orphanet_39041	1.000000
http://omim.org/entry/613668	http://www.orpha.net/ORDO/Orphanet_269528	0.780003
http://omim.org/entry/174700	http://www.orpha.net/ORDO/Orphanet_93338	0.916041
http://omim.org/entry/605642	http://www.orpha.net/ORDO/Orphanet_97290	0.816526
http://omim.org/entry/222748	http://www.orpha.net/ORDO/Orphanet_38874	1.000000
http://omim.org/entry/613806	http://www.orpha.net/ORDO/Orphanet_171	1.000000
http://omim.org/entry/612462	http://www.orpha.net/ORDO/Orphanet_79444	1.000000
http://omim.org/entry/260540	http://www.orpha.net/ORDO/Orphanet_306666	0.858797
http://omim.org/entry/601596	http://www.orpha.net/ORDO/Orphanet_99949	1.000000
http://omim.org/entry/608654	http://www.orpha.net/ORDO/Orphanet_64752	1.000000
http://omim.org/entry/272440	http://www.orpha.net/ORDO/Orphanet_3255	1.000000
http://omim.org/entry/618325	http://www.orpha.net/ORDO/Orphanet_102010	0.815218
http://omim.org/entry/114550	http://www.orpha.net/ORDO/Orphanet_88673	1.000000
http://omim.org/entry/191420	http://www.orpha.net/ORDO/Orphanet_1837	1.000000
http://www.omim.org/phenotypicSeries/PS235510	http://www.orpha.net/ORDO/Orphanet_2136	0.896190
http://omim.org/entry/212895	http://www.orpha.net/ORDO/Orphanet_1177	1.000000
http://www.omim.org/phenotypicSeries/PS145260	http://www.orpha.net/ORDO/Orphanet_404	0.937359
http://omim.org/entry/611945	http://www.orpha.net/ORDO/Orphanet_171612	0.807855
http://omim.org/entry/206700	http://www.orpha.net/ORDO/Orphanet_1065	1.000000
http://omim.org/entry/170500	http://www.orpha.net/ORDO/Orphanet_682	1.000000
http://omim.org/entry/609313	http://www.orpha.net/ORDO/Orphanet_171851	0.849845
http://omim.org/entry/615386	http://www.orpha.net/ORDO/Orphanet_98763	0.923306
http://www.omim.org/phenotypicSeries/PS607721	http://www.orpha.net/ORDO/Orphanet_2701	1.000000
http://omim.org/entry/611719	http://www.orpha.net/ORDO/Orphanet_137908	0.978985
http://omim.org/entry/269160	http://www.orpha.net/ORDO/Orphanet_799	1.000000
http://omim.org/entry/616451	http://www.orpha.net/ORDO/Orphanet_468661	0.788969
http://omim.org/entry/610543	http://www.orpha.net/ORDO/Orphanet_261243	0.866244
http://omim.org/entry/173700	http://www.orpha.net/ORDO/Orphanet_222628	0.909275
http://omim.org/entry/207600	http://www.orpha.net/ORDO/Orphanet_3287	1.000000
http://omim.org/entry/182600	http://www.orpha.net/ORDO/Orphanet_320342	0.836032
http://omim.org/entry/276821	http://www.orpha.net/ORDO/Orphanet_2249	0.754542
http://omim.org/entry/607624	http://www.orpha.net/ORDO/Orphanet_79477	1.000000
http://www.omim.org/phenotypicSeries/PS613339	http://www.orpha.net/ORDO/Orphanet_166412	0.750102
http://omim.org/entry/600373	http://www.orpha.net/ORDO/Orphanet_1458	1.000000
http://omim.org/entry/615925	http://www.orpha.net/ORDO/Orphanet_631	0.828626
http://omim.org/entry/601803	http://www.orpha.net/ORDO/Orphanet_884	1.000000
http://omim.org/entry/271510	http://www.orpha.net/ORDO/Orphanet_93357	1.000000
http://omim.org/entry/248600	http://www.orpha.net/ORDO/Orphanet_511	1.000000
http://www.omim.org/phenotypicSeries/PS143880	http://www.orpha.net/ORDO/Orphanet_93372	0.755707
http://omim.org/entry/271980	http://www.orpha.net/ORDO/Orphanet_22	1.000000
http://www.omim.org/phenotypicSeries/PS607432	http://www.orpha.net/ORDO/Orphanet_48471	1.000000
http://omim.org/entry/257910	http://www.orpha.net/ORDO/Orphanet_2714	0.816622
http://omim.org/entry/607847	http://www.orpha.net/ORDO/Orphanet_178996	0.861251
http://omim.org/entry/168300	http://www.orpha.net/ORDO/Orphanet_684	1.000000
http://omim.org/entry/612290	http://www.orpha.net/ORDO/Orphanet_140963	0.836865
http://omim.org/entry/217800	http://www.orpha.net/ORDO/Orphanet_98969	1.000000
http://omim.org/entry/242840	http://www.orpha.net/ORDO/Orphanet_1493	1.000000
http://www.omim.org/phenotypicSeries/PS242300	http://www.orpha.net/ORDO/Orphanet_281097	1.000000
http://omim.org/entry/614104	http://www.orpha.net/ORDO/Orphanet_262633	0.758260
http://omim.org/entry/614034	http://www.orpha.net/ORDO/Orphanet_562509	1.000000
http://omim.org/entry/123155	http://www.orpha.net/ORDO/Orphanet_269505	0.779779
http://omim.org/entry/605361	http://www.orpha.net/ORDO/Orphanet_98763	0.958271
http://omim.org/entry/165550	http://www.orpha.net/ORDO/Orphanet_137905	0.827259
http://omim.org/entry/176090	http://www.orpha.net/ORDO/Orphanet_443057	0.808058
http://www.omim.org/phenotypicSeries/PS254130	http://www.orpha.net/ORDO/Orphanet_98473	0.785574
http://omim.org/entry/211180	http://www.orpha.net/ORDO/Orphanet_1270	1.000000
http://omim.org/entry/176690	http://www.orpha.net/ORDO/Orphanet_2959	0.812895
http://omim.org/entry/607152	http://www.orpha.net/ORDO/Orphanet_100999	0.873242
http://omim.org/entry/108720	http://www.orpha.net/ORDO/Orphanet_1190	1.000000
http://omim.org/entry/608600	http://www.orpha.net/ORDO/Orphanet_79084	1.000000
http://omim.org/entry/230750	http://www.orpha.net/ORDO/Orphanet_2368	1.000000
http://omim.org/entry/186300	http://www.orpha.net/ORDO/Orphanet_93406	1.000000
http://omim.org/entry/277380	http://www.orpha.net/ORDO/Orphanet_79310	0.863492
http://omim.org/entry/611067	http://www.orpha.net/ORDO/Orphanet_83420	0.881751
http://omim.org/entry/231005	http://www.orpha.net/ORDO/Orphanet_2072	1.000000
http://omim.org/entry/214450	http://www.orpha.net/ORDO/Orphanet_79476	1.000000
http://omim.org/entry/612138	http://www.orpha.net/ORDO/Orphanet_412189	0.771021
http://omim.org/entry/217700	http://www.orpha.net/ORDO/Orphanet_293603	0.810094
http://omim.org/entry/201200	http://www.orpha.net/ORDO/Orphanet_2500	1.000000
http://omim.org/entry/614860	http://www.orpha.net/ORDO/Orphanet_420492	1.000000
http://omim.org/entry/187370	http://www.orpha.net/ORDO/Orphanet_251515	1.000000
http://omim.org/entry/601338	http://www.orpha.net/ORDO/Orphanet_1171	0.906358
http://omim.org/entry/227270	http://www.orpha.net/ORDO/Orphanet_1972	1.000000
http://omim.org/entry/241080	http://www.orpha.net/ORDO/Orphanet_3464	1.000000
http://omim.org/entry/260530	http://www.orpha.net/ORDO/Orphanet_2812	1.000000
http://omim.org/entry/177820	http://www.orpha.net/ORDO/Orphanet_52530	1.000000
http://omim.org/entry/108600	http://www.orpha.net/ORDO/Orphanet_251282	0.901200
http://omim.org/entry/236640	http://www.orpha.net/ORDO/Orphanet_269505	0.784473
http://omim.org/entry/607907	http://www.orpha.net/ORDO/Orphanet_31112	1.000000
http://omim.org/entry/605282	http://www.orpha.net/ORDO/Orphanet_363417	1.000000
http://omim.org/entry/227255	http://www.orpha.net/ORDO/Orphanet_68341	0.876774
http://omim.org/entry/210370	http://www.orpha.net/ORDO/Orphanet_41751	1.000000
http://omim.org/entry/607341	http://www.orpha.net/ORDO/Orphanet_268994	0.942092
http://omim.org/entry/125630	http://www.orpha.net/ORDO/Orphanet_493342	1.000000
http://omim.org/entry/200450	http://www.orpha.net/ORDO/Orphanet_929	1.000000
http://omim.org/entry/256550	http://www.orpha.net/ORDO/Orphanet_93400	0.830528
http://omim.org/entry/301790	http://www.orpha.net/ORDO/Orphanet_85297	0.855467
http://omim.org/entry/611881	http://www.orpha.net/ORDO/Orphanet_57	0.803036
http://omim.org/entry/614187	http://www.orpha.net/ORDO/Orphanet_293958	0.807683
http://omim.org/entry/300076	http://www.orpha.net/ORDO/Orphanet_2571	1.000000
http://omim.org/entry/221350	http://www.orpha.net/ORDO/Orphanet_3239	0.916383
http://omim.org/entry/608361	http://www.orpha.net/ORDO/Orphanet_93283	1.000000
http://omim.org/entry/300864	http://www.orpha.net/ORDO/Orphanet_163961	1.000000
http://omim.org/entry/300434	http://www.orpha.net/ORDO/Orphanet_98464	0.789495
http://omim.org/entry/612862	http://www.orpha.net/ORDO/Orphanet_70591	0.798329
http://omim.org/entry/601095	http://www.orpha.net/ORDO/Orphanet_2115	1.000000
http://omim.org/entry/618036	http://www.orpha.net/ORDO/Orphanet_64746	0.903821
http://omim.org/entry/602401	http://www.orpha.net/ORDO/Orphanet_79373	0.777904
http://omim.org/entry/613456	http://www.orpha.net/ORDO/Orphanet_93260	0.793360
http://omim.org/entry/612539	http://www.orpha.net/ORDO/Orphanet_171622	0.829894
http://omim.org/entry/258320	http://www.orpha.net/ORDO/Orphanet_2736	1.000000
http://omim.org/entry/616204	http://www.orpha.net/ORDO/Orphanet_98771	0.907435
http://omim.org/entry/250250	http://www.orpha.net/ORDO/Orphanet_175	1.000000
http://omim.org/entry/613618	http://www.orpha.net/ORDO/Orphanet_261279	0.850544
http://omim.org/entry/132800	http://www.orpha.net/ORDO/Orphanet_65748	0.784352
http://omim.org/entry/182875	http://www.orpha.net/ORDO/Orphanet_3038	0.879542
http://omim.org/entry/141405	http://www.orpha.net/ORDO/Orphanet_221083	0.760560
http://omim.org/entry/617507	http://www.orpha.net/ORDO/Orphanet_99807	1.000000
http://omim.org/entry/145001	http://www.orpha.net/ORDO/Orphanet_99880	0.780581
http://omim.org/entry/614399	http://www.orpha.net/ORDO/Orphanet_439212	0.846909
http://omim.org/entry/615517	http://www.orpha.net/ORDO/Orphanet_225123	0.768818
http://omim.org/entry/175700	http://www.orpha.net/ORDO/Orphanet_380	1.000000
http://omim.org/entry/139210	http://www.orpha.net/ORDO/Orphanet_2588	1.000000
http://omim.org/entry/614369	http://www.orpha.net/ORDO/Orphanet_90117	0.750389
http://omim.org/entry/300712	http://www.orpha.net/ORDO/Orphanet_139393	0.772382
http://omim.org/entry/301500	http://www.orpha.net/ORDO/Orphanet_324	1.000000
http://omim.org/entry/615034	http://www.orpha.net/ORDO/Orphanet_420485	1.000000
http://omim.org/entry/520100	http://www.orpha.net/ORDO/Orphanet_1670	1.000000
http://www.omim.org/phenotypicSeries/PS123000	http://www.orpha.net/ORDO/Orphanet_1522	1.000000
http://omim.org/entry/615688	http://www.orpha.net/ORDO/Orphanet_404553	0.820397
http://www.omim.org/phenotypicSeries/PS211530	http://www.orpha.net/ORDO/Orphanet_97229	1.000000
http://omim.org/entry/221810	http://www.orpha.net/ORDO/Orphanet_1657	1.000000
http://omim.org/entry/612863	http://www.orpha.net/ORDO/Orphanet_251056	0.855143
http://omim.org/entry/175850	http://www.orpha.net/ORDO/Orphanet_79358	0.868594
http://omim.org/entry/615934	http://www.orpha.net/ORDO/Orphanet_425120	0.810302
http://omim.org/entry/216550	http://www.orpha.net/ORDO/Orphanet_193	1.000000
http://omim.org/entry/312920	http://www.orpha.net/ORDO/Orphanet_99015	0.865734
http://omim.org/entry/250850	http://www.orpha.net/ORDO/Orphanet_79173	0.770355
http://omim.org/entry/211120	http://www.orpha.net/ORDO/Orphanet_1842	1.000000
http://omim.org/entry/161200	http://www.orpha.net/ORDO/Orphanet_2614	1.000000
http://omim.org/entry/300064	http://www.orpha.net/ORDO/Orphanet_777	0.845483
http://omim.org/entry/256730	http://www.orpha.net/ORDO/Orphanet_228349	0.865054
http://omim.org/entry/225753	http://www.orpha.net/ORDO/Orphanet_166063	1.000000
http://omim.org/entry/609270	http://www.orpha.net/ORDO/Orphanet_284324	0.875731
http://omim.org/entry/600643	http://www.orpha.net/ORDO/Orphanet_53035	0.754441
http://www.omim.org/phenotypicSeries/PS214100	http://www.orpha.net/ORDO/Orphanet_79189	1.000000
http://omim.org/entry/614896	http://www.orpha.net/ORDO/Orphanet_324321	1.000000
http://omim.org/entry/231950	http://www.orpha.net/ORDO/Orphanet_33573	1.000000
http://omim.org/entry/266270	http://www.orpha.net/ORDO/Orphanet_3019	1.000000
http://omim.org/entry/212112	http://www.orpha.net/ORDO/Orphanet_2229	0.835765
http://omim.org/entry/614025	http://www.orpha.net/ORDO/Orphanet_309015	0.878987
http://omim.org/entry/613677	http://www.orpha.net/ORDO/Orphanet_251274	1.000000
http://omim.org/entry/267430	http://www.orpha.net/ORDO/Orphanet_3033	1.000000
http://omim.org/entry/602553	http://www.orpha.net/ORDO/Orphanet_49	0.760323
http://www.omim.org/phenotypicSeries/PS193900	http://www.orpha.net/ORDO/Orphanet_171723	1.000000
http://omim.org/entry/252320	http://www.orpha.net/ORDO/Orphanet_98497	0.795741
http://www.omim.org/phenotypicSeries/PS271640	http://www.orpha.net/ORDO/Orphanet_93359	1.000000
http://omim.org/entry/225320	http://www.orpha.net/ORDO/Orphanet_230851	0.854399
http://www.omim.org/phenotypicSeries/PS270300	http://www.orpha.net/ORDO/Orphanet_817	1.000000
http://omim.org/entry/120040	http://www.orpha.net/ORDO/Orphanet_3233	0.788807
http://omim.org/entry/300752	http://www.orpha.net/ORDO/Orphanet_443197	1.000000
http://omim.org/entry/280000	http://www.orpha.net/ORDO/Orphanet_3474	0.786335
http://omim.org/entry/179270	http://www.orpha.net/ORDO/Orphanet_3026	0.771031
http://omim.org/entry/306980	http://www.orpha.net/ORDO/Orphanet_2150	0.779183
http://omim.org/entry/617675	http://www.orpha.net/ORDO/Orphanet_206966	0.770802
http://omim.org/entry/130060	http://www.orpha.net/ORDO/Orphanet_230839	0.851732
http://omim.org/entry/253300	http://www.orpha.net/ORDO/Orphanet_83330	0.849624
http://www.omim.org/phenotypicSeries/PS203650	http://www.orpha.net/ORDO/Orphanet_2850	1.000000
http://www.omim.org/phenotypicSeries/PS601144	http://www.orpha.net/ORDO/Orphanet_130	1.000000
http://omim.org/entry/616115	http://www.orpha.net/ORDO/Orphanet_576349	1.000000
http://omim.org/entry/256500	http://www.orpha.net/ORDO/Orphanet_634	1.000000
http://omim.org/entry/608232	http://www.orpha.net/ORDO/Orphanet_521	1.000000
http://omim.org/entry/176270	http://www.orpha.net/ORDO/Orphanet_739	1.000000
http://omim.org/entry/605258	http://www.orpha.net/ORDO/Orphanet_101089	1.000000
http://omim.org/entry/144750	http://www.orpha.net/ORDO/Orphanet_3416	0.811456
http://www.omim.org/phenotypicSeries/PS120435	http://www.orpha.net/ORDO/Orphanet_443909	1.000000
http://omim.org/entry/600252	http://www.orpha.net/ORDO/Orphanet_2409	1.000000
http://omim.org/entry/275595	http://www.orpha.net/ORDO/Orphanet_3368	0.814036
http://omim.org/entry/158600	http://www.orpha.net/ORDO/Orphanet_209341	0.903770
http://omim.org/entry/243300	http://www.orpha.net/ORDO/Orphanet_99960	1.000000
http://omim.org/entry/601345	http://www.orpha.net/ORDO/Orphanet_69083	1.000000
http://omim.org/entry/253320	http://www.orpha.net/ORDO/Orphanet_3068	0.772702
http://omim.org/entry/251250	http://www.orpha.net/ORDO/Orphanet_2522	0.753297
http://omim.org/entry/273740	http://www.orpha.net/ORDO/Orphanet_1803	1.000000
http://omim.org/entry/235830	http://www.orpha.net/ORDO/Orphanet_2158	0.927467
http://www.omim.org/phenotypicSeries/PS613038	http://www.orpha.net/ORDO/Orphanet_95495	0.945659
http://omim.org/entry/137280	http://www.orpha.net/ORDO/Orphanet_2494	0.774609
http://omim.org/entry/250400	http://www.orpha.net/ORDO/Orphanet_93430	0.769845
http://omim.org/entry/123150	http://www.orpha.net/ORDO/Orphanet_1540	1.000000
http://omim.org/entry/616364	http://www.orpha.net/ORDO/Orphanet_468678	1.000000
http://omim.org/entry/265140	http://www.orpha.net/ORDO/Orphanet_2038	0.810076
http://omim.org/entry/250230	http://www.orpha.net/ORDO/Orphanet_166038	1.000000
http://omim.org/entry/606408	http://www.orpha.net/ORDO/Orphanet_287	0.852560
http://omim.org/entry/141350	http://www.orpha.net/ORDO/Orphanet_1241	0.839942
http://omim.org/entry/226000	http://www.orpha.net/ORDO/Orphanet_2022	1.000000
http://omim.org/entry/166200	http://www.orpha.net/ORDO/Orphanet_216796	1.000000
http://omim.org/entry/603543	http://www.orpha.net/ORDO/Orphanet_69085	1.000000
http://omim.org/entry/300845	http://www.orpha.net/ORDO/Orphanet_280679	0.757984
http://omim.org/entry/605067	http://www.orpha.net/ORDO/Orphanet_1209	1.000000
http://omim.org/entry/105200	http://www.orpha.net/ORDO/Orphanet_444116	0.942921
http://omim.org/entry/602579	http://www.orpha.net/ORDO/Orphanet_79319	1.000000
http://omim.org/entry/136760	http://www.orpha.net/ORDO/Orphanet_391474	0.773550
http://omim.org/entry/617936	http://www.orpha.net/ORDO/Orphanet_132	1.000000
http://omim.org/entry/201750	http://www.orpha.net/ORDO/Orphanet_63269	0.882924
http://omim.org/entry/613909	http://www.orpha.net/ORDO/Orphanet_276183	0.842050
http://omim.org/entry/160150	http://www.orpha.net/ORDO/Orphanet_595	0.835896
http://omim.org/entry/270800	http://www.orpha.net/ORDO/Orphanet_100986	0.856794
http://omim.org/entry/608687	http://www.orpha.net/ORDO/Orphanet_101110	0.981527
http://omim.org/entry/123450	http://www.orpha.net/ORDO/Orphanet_281	1.000000
http://omim.org/entry/112310	http://www.orpha.net/ORDO/Orphanet_1263	1.000000
http://www.omim.org/phenotypicSeries/PS146200	http://www.orpha.net/ORDO/Orphanet_181405	0.912080
http://omim.org/entry/301050	http://www.orpha.net/ORDO/Orphanet_88917	0.834390
http://omim.org/entry/617066	http://www.orpha.net/ORDO/Orphanet_486815	1.000000
http://www.omim.org/phenotypicSeries/PS604233	http://www.orpha.net/ORDO/Orphanet_36387	1.000000
http://omim.org/entry/613204	http://www.orpha.net/ORDO/Orphanet_34520	0.858400
http://omim.org/entry/612319	http://www.orpha.net/ORDO/Orphanet_171629	0.856981
http://omim.org/entry/253400	http://www.orpha.net/ORDO/Orphanet_83419	0.828428
http://omim.org/entry/222700	http://www.orpha.net/ORDO/Orphanet_470	1.000000
http://omim.org/entry/184510	http://www.orpha.net/ORDO/Orphanet_3184	0.914425
http://omim.org/entry/218040	http://www.orpha.net/ORDO/Orphanet_3071	1.000000
http://omim.org/entry/190900	http://www.orpha.net/ORDO/Orphanet_88629	1.000000
http://www.omim.org/phenotypicSeries/PS268400	http://www.orpha.net/ORDO/Orphanet_2909	1.000000
http://omim.org/entry/144200	http://www.orpha.net/ORDO/Orphanet_2199	1.000000
http://www.omim.org/phenotypicSeries/PS260370	http://www.orpha.net/ORDO/Orphanet_2805	0.843511
http://omim.org/entry/171480	http://www.orpha.net/ORDO/Orphanet_2878	0.910984
http://omim.org/entry/227260	http://www.orpha.net/ORDO/Orphanet_1807	1.000000
http://omim.org/entry/614037	http://www.orpha.net/ORDO/Orphanet_79507	1.000000
http://omim.org/entry/142669	http://www.orpha.net/ORDO/Orphanet_2114	0.762839
http://omim.org/entry/235730	http://www.orpha.net/ORDO/Orphanet_2152	1.000000
http://www.omim.org/phenotypicSeries/PS231050	http://www.orpha.net/ORDO/Orphanet_2623	1.000000
http://omim.org/entry/307150	http://www.orpha.net/ORDO/Orphanet_79365	0.828819
http://www.omim.org/phenotypicSeries/PS188550	http://www.orpha.net/ORDO/Orphanet_100087	0.864015
http://omim.org/entry/614807	http://www.orpha.net/ORDO/Orphanet_319160	0.837141
http://omim.org/entry/122400	http://www.orpha.net/ORDO/Orphanet_293381	1.000000
http://omim.org/entry/241500	http://www.orpha.net/ORDO/Orphanet_247651	1.000000
http://www.omim.org/phenotypicSeries/PS145980	http://www.orpha.net/ORDO/Orphanet_101049	0.800292
http://omim.org/entry/608406	http://www.orpha.net/ORDO/Orphanet_52047	0.883673
http://omim.org/entry/613162	http://www.orpha.net/ORDO/Orphanet_320396	0.827101
http://omim.org/entry/614102	http://www.orpha.net/ORDO/Orphanet_169110	0.792638
http://omim.org/entry/613161	http://www.orpha.net/ORDO/Orphanet_65287	1.000000
http://omim.org/entry/607323	http://www.orpha.net/ORDO/Orphanet_93293	1.000000
http://omim.org/entry/247990	http://www.orpha.net/ORDO/Orphanet_2083	1.000000
http://www.omim.org/phenotypicSeries/PS108120	http://www.orpha.net/ORDO/Orphanet_97120	1.000000
http://omim.org/entry/608776	http://www.orpha.net/ORDO/Orphanet_371235	0.816695
http://omim.org/entry/103300	http://www.orpha.net/ORDO/Orphanet_156212	0.890953
http://omim.org/entry/216800	http://www.orpha.net/ORDO/Orphanet_98945	0.756872
http://omim.org/entry/613330	http://www.orpha.net/ORDO/Orphanet_228387	1.000000
http://omim.org/entry/616540	http://www.orpha.net/ORDO/Orphanet_457265	0.830438
http://omim.org/entry/260350	http://www.orpha.net/ORDO/Orphanet_217074	0.776833
http://omim.org/entry/605074	http://www.orpha.net/ORDO/Orphanet_217071	0.854390
http://omim.org/entry/207770	http://www.orpha.net/ORDO/Orphanet_1126	0.761320
http://www.omim.org/phenotypicSeries/PS615040	http://www.orpha.net/ORDO/Orphanet_391384	1.000000
http://omim.org/entry/254500	http://www.orpha.net/ORDO/Orphanet_29073	1.000000
http://omim.org/entry/272600	http://www.orpha.net/ORDO/Orphanet_98538	0.803502
http://www.omim.org/phenotypicSeries/PS147920	http://www.orpha.net/ORDO/Orphanet_2322	1.000000
http://omim.org/entry/125420	http://www.orpha.net/ORDO/Orphanet_166260	0.911628
http://omim.org/entry/616828	http://www.orpha.net/ORDO/Orphanet_468684	1.000000
http://omim.org/entry/143000	http://www.orpha.net/ORDO/Orphanet_91413	1.000000
http://omim.org/entry/146000	http://www.orpha.net/ORDO/Orphanet_429	1.000000
http://omim.org/entry/172870	http://www.orpha.net/ORDO/Orphanet_251295	0.873223
http://omim.org/entry/226350	http://www.orpha.net/ORDO/Orphanet_3165	1.000000
http://omim.org/entry/271900	http://www.orpha.net/ORDO/Orphanet_141	1.000000
http://omim.org/entry/210745	http://www.orpha.net/ORDO/Orphanet_2057	0.895767
http://omim.org/entry/206920	http://www.orpha.net/ORDO/Orphanet_1106	1.000000
http://omim.org/entry/302500	http://www.orpha.net/ORDO/Orphanet_98755	0.840724
http://omim.org/entry/616898	http://www.orpha.net/ORDO/Orphanet_261190	0.904237
http://omim.org/entry/604841	http://www.orpha.net/ORDO/Orphanet_90654	1.000000
http://omim.org/entry/131950	http://www.orpha.net/ORDO/Orphanet_595346	0.767846
http://omim.org/entry/225060	http://www.orpha.net/ORDO/Orphanet_3253	1.000000
http://omim.org/entry/136120	http://www.orpha.net/ORDO/Orphanet_79292	1.000000
http://omim.org/entry/602111	http://www.orpha.net/ORDO/Orphanet_93356	1.000000
http://omim.org/entry/124480	http://www.orpha.net/ORDO/Orphanet_79499	0.843512
http://omim.org/entry/121800	http://www.orpha.net/ORDO/Orphanet_98967	1.000000
http://www.omim.org/phenotypicSeries/PS265450	http://www.orpha.net/ORDO/Orphanet_31837	1.000000
http://omim.org/entry/261600	http://www.orpha.net/ORDO/Orphanet_716	1.000000
http://omim.org/entry/133540	http://www.orpha.net/ORDO/Orphanet_90322	0.879037
http://omim.org/entry/606764	http://www.orpha.net/ORDO/Orphanet_44890	1.000000
http://omim.org/entry/153880	http://www.orpha.net/ORDO/Orphanet_75381	0.842136
http://omim.org/entry/616263	http://www.orpha.net/ORDO/Orphanet_37042	0.753508
http://omim.org/entry/109400	http://www.orpha.net/ORDO/Orphanet_377	1.000000
http://www.omim.org/phenotypicSeries/PS249000	http://www.orpha.net/ORDO/Orphanet_564	1.000000
http://omim.org/entry/184850	http://www.orpha.net/ORDO/Orphanet_443192	0.966073
http://omim.org/entry/158310	http://www.orpha.net/ORDO/Orphanet_1839	1.000000
http://omim.org/entry/174310	http://www.orpha.net/ORDO/Orphanet_2917	0.859922
http://omim.org/entry/611812	http://www.orpha.net/ORDO/Orphanet_139466	0.888263
http://omim.org/entry/184250	http://www.orpha.net/ORDO/Orphanet_253	0.874917
http://www.omim.org/phenotypicSeries/PS277180	http://www.orpha.net/ORDO/Orphanet_48	1.000000
http://omim.org/entry/616651	http://www.orpha.net/ORDO/Orphanet_353298	1.000000
http://omim.org/entry/609537	http://www.orpha.net/ORDO/Orphanet_268835	1.000000
http://omim.org/entry/209885	http://www.orpha.net/ORDO/Orphanet_1231	1.000000
http://omim.org/entry/614100	http://www.orpha.net/ORDO/Orphanet_209	0.761265
http://omim.org/entry/613869	http://www.orpha.net/ORDO/Orphanet_98910	0.858576
http://www.omim.org/phenotypicSeries/PS128200	http://www.orpha.net/ORDO/Orphanet_200037	0.779019
http://omim.org/entry/189960	http://www.orpha.net/ORDO/Orphanet_454750	0.786294
http://omim.org/entry/302905	http://www.orpha.net/ORDO/Orphanet_921	1.000000
http://omim.org/entry/610505	http://www.orpha.net/ORDO/Orphanet_168566	0.972839
http://omim.org/entry/611431	http://www.orpha.net/ORDO/Orphanet_137605	1.000000
http://omim.org/entry/214800	http://www.orpha.net/ORDO/Orphanet_138	1.000000
http://omim.org/entry/606003	http://www.orpha.net/ORDO/Orphanet_101028	1.000000
http://omim.org/entry/612160	http://www.orpha.net/ORDO/Orphanet_569164	1.000000
http://omim.org/entry/167800	http://www.orpha.net/ORDO/Orphanet_103918	0.792554
http://www.omim.org/phenotypicSeries/PS600630	http://www.orpha.net/ORDO/Orphanet_178338	1.000000
http://omim.org/entry/245570	http://www.orpha.net/ORDO/Orphanet_166463	0.800646
http://omim.org/entry/267730	http://www.orpha.net/ORDO/Orphanet_86900	1.000000
http://omim.org/entry/250100	http://www.orpha.net/ORDO/Orphanet_512	1.000000
http://omim.org/entry/600145	http://www.orpha.net/ORDO/Orphanet_268810	0.751426
http://www.omim.org/phenotypicSeries/PS604348	http://www.orpha.net/ORDO/Orphanet_68354	0.788180
http://omim.org/entry/184252	http://www.orpha.net/ORDO/Orphanet_93314	1.000000
http://www.omim.org/phenotypicSeries/PS610805	http://www.orpha.net/ORDO/Orphanet_93545	1.000000
http://www.omim.org/phenotypicSeries/PS127500	http://www.orpha.net/ORDO/Orphanet_241	1.000000
http://omim.org/entry/616199	http://www.orpha.net/ORDO/Orphanet_602	0.782015
http://omim.org/entry/611867	http://www.orpha.net/ORDO/Orphanet_1727	0.805035
http://omim.org/entry/252500	http://www.orpha.net/ORDO/Orphanet_79212	0.819067
http://omim.org/entry/156810	http://www.orpha.net/ORDO/Orphanet_2538	0.770279
http://omim.org/entry/224400	http://www.orpha.net/ORDO/Orphanet_156731	1.000000
http://omim.org/entry/206800	http://www.orpha.net/ORDO/Orphanet_79370	0.805434
http://omim.org/entry/236270	http://www.orpha.net/ORDO/Orphanet_2169	0.828057
http://omim.org/entry/302060	http://www.orpha.net/ORDO/Orphanet_111	1.000000
http://omim.org/entry/608068	http://www.orpha.net/ORDO/Orphanet_3243	1.000000
http://omim.org/entry/607371	http://www.orpha.net/ORDO/Orphanet_68363	0.811345
http://omim.org/entry/207740	http://www.orpha.net/ORDO/Orphanet_2926	0.860615
http://omim.org/entry/223370	http://www.orpha.net/ORDO/Orphanet_235	1.000000
http://omim.org/entry/617698	http://www.orpha.net/ORDO/Orphanet_505216	1.000000
http://omim.org/entry/215140	http://www.orpha.net/ORDO/Orphanet_1426	1.000000
http://omim.org/entry/106995	http://www.orpha.net/ORDO/Orphanet_90390	0.942827
http://omim.org/entry/615735	http://www.orpha.net/ORDO/Orphanet_307837	0.857070
http://omim.org/entry/251190	http://www.orpha.net/ORDO/Orphanet_2643	1.000000
http://omim.org/entry/606482	http://www.orpha.net/ORDO/Orphanet_254334	0.895980
http://omim.org/entry/615948	http://www.orpha.net/ORDO/Orphanet_434179	0.843081
http://www.omim.org/phenotypicSeries/PS127000	http://www.orpha.net/ORDO/Orphanet_2333	1.000000
http://omim.org/entry/113400	http://www.orpha.net/ORDO/Orphanet_1246	0.798668
http://omim.org/entry/615722	http://www.orpha.net/ORDO/Orphanet_401777	1.000000
http://omim.org/entry/613157	http://www.orpha.net/ORDO/Orphanet_399096	0.778944
http://omim.org/entry/616029	http://www.orpha.net/ORDO/Orphanet_247827	0.834382
http://omim.org/entry/118980	http://www.orpha.net/ORDO/Orphanet_66630	0.877002
http://omim.org/entry/260005	http://www.orpha.net/ORDO/Orphanet_33572	1.000000
http://omim.org/entry/616430	http://www.orpha.net/ORDO/Orphanet_447954	0.907964
http://omim.org/entry/120000	http://www.orpha.net/ORDO/Orphanet_1457	0.980735
http://omim.org/entry/610198	http://www.orpha.net/ORDO/Orphanet_66634	1.000000
http://omim.org/entry/123500	http://www.orpha.net/ORDO/Orphanet_207	0.894568
http://omim.org/entry/600142	http://www.orpha.net/ORDO/Orphanet_199354	0.853483
http://omim.org/entry/606593	http://www.orpha.net/ORDO/Orphanet_99812	1.000000
http://omim.org/entry/606243	http://www.orpha.net/ORDO/Orphanet_163699	1.000000
http://omim.org/entry/614290	http://www.orpha.net/ORDO/Orphanet_3307	1.000000
http://omim.org/entry/154780	http://www.orpha.net/ORDO/Orphanet_560	1.000000
http://omim.org/entry/615768	http://www.orpha.net/ORDO/Orphanet_412057	0.878627
http://omim.org/entry/608885	http://www.orpha.net/ORDO/Orphanet_168577	0.844753
http://omim.org/entry/272430	http://www.orpha.net/ORDO/Orphanet_157820	0.802473
http://www.omim.org/phenotypicSeries/PS601495	http://www.orpha.net/ORDO/Orphanet_183669	1.000000
http://omim.org/entry/614947	http://www.orpha.net/ORDO/Orphanet_319524	0.919795
http://omim.org/entry/615668	http://www.orpha.net/ORDO/Orphanet_228384	0.761920
http://omim.org/entry/206550	http://www.orpha.net/ORDO/Orphanet_199279	1.000000
http://omim.org/entry/169550	http://www.orpha.net/ORDO/Orphanet_2839	1.000000
http://omim.org/entry/131760	http://www.orpha.net/ORDO/Orphanet_595346	0.886177
http://www.omim.org/phenotypicSeries/PS236730	http://www.orpha.net/ORDO/Orphanet_2704	1.000000
http://omim.org/entry/613530	http://www.orpha.net/ORDO/Orphanet_238755	0.875277
http://omim.org/entry/604901	http://www.orpha.net/ORDO/Orphanet_168583	0.804779
http://omim.org/entry/603903	http://www.orpha.net/ORDO/Orphanet_232	1.000000
http://www.omim.org/phenotypicSeries/PS236600	http://www.orpha.net/ORDO/Orphanet_2185	1.000000
http://omim.org/entry/614651	http://www.orpha.net/ORDO/Orphanet_35656	0.819730
http://omim.org/entry/300376	http://www.orpha.net/ORDO/Orphanet_98895	0.876238
http://omim.org/entry/206200	http://www.orpha.net/ORDO/Orphanet_209981	1.000000
http://omim.org/entry/601287	http://www.orpha.net/ORDO/Orphanet_102015	0.838425
http://omim.org/entry/257960	http://www.orpha.net/ORDO/Orphanet_2718	1.000000
http://omim.org/entry/616267	http://www.orpha.net/ORDO/Orphanet_459033	0.860432
http://omim.org/entry/166350	http://www.orpha.net/ORDO/Orphanet_2762	1.000000
http://omim.org/entry/605808	http://www.orpha.net/ORDO/Orphanet_179	1.000000
http://omim.org/entry/177735	http://www.orpha.net/ORDO/Orphanet_88938	0.836581
http://omim.org/entry/551000	http://www.orpha.net/ORDO/Orphanet_254857	1.000000
http://omim.org/entry/610967	http://www.orpha.net/ORDO/Orphanet_216828	1.000000
http://omim.org/entry/252160	http://www.orpha.net/ORDO/Orphanet_308393	0.797803
http://omim.org/entry/166000	http://www.orpha.net/ORDO/Orphanet_296	0.802175
http://omim.org/entry/617014	http://www.orpha.net/ORDO/Orphanet_439849	0.853992
http://omim.org/entry/154700	http://www.orpha.net/ORDO/Orphanet_558	1.000000
http://omim.org/entry/605233	http://www.orpha.net/ORDO/Orphanet_275523	1.000000
http://omim.org/entry/613641	http://www.orpha.net/ORDO/Orphanet_254334	0.906377
http://omim.org/entry/604919	http://www.orpha.net/ORDO/Orphanet_64755	1.000000
http://omim.org/entry/246700	http://www.orpha.net/ORDO/Orphanet_71	1.000000
http://omim.org/entry/192100	http://www.orpha.net/ORDO/Orphanet_99771	1.000000
http://omim.org/entry/211480	http://www.orpha.net/ORDO/Orphanet_36258	1.000000
http://omim.org/entry/309900	http://www.orpha.net/ORDO/Orphanet_580	1.000000
http://omim.org/entry/615888	http://www.orpha.net/ORDO/Orphanet_248368	0.807579
http://omim.org/entry/207750	http://www.orpha.net/ORDO/Orphanet_309020	0.938351
http://omim.org/entry/614487	http://www.orpha.net/ORDO/Orphanet_316240	0.811727
http://omim.org/entry/614480	http://www.orpha.net/ORDO/Orphanet_300293	0.790902
http://omim.org/entry/600223	http://www.orpha.net/ORDO/Orphanet_98765	0.976360
http://omim.org/entry/264350	http://www.orpha.net/ORDO/Orphanet_88938	0.854608
http://omim.org/entry/611222	http://www.orpha.net/ORDO/Orphanet_77299	0.903294
http://omim.org/entry/228900	http://www.orpha.net/ORDO/Orphanet_93437	0.760415
http://omim.org/entry/617393	http://www.orpha.net/ORDO/Orphanet_500545	0.756439
http://www.omim.org/phenotypicSeries/PS208500	http://www.orpha.net/ORDO/Orphanet_1505	0.766819
http://omim.org/entry/608688	http://www.orpha.net/ORDO/Orphanet_250977	0.804871
http://omim.org/entry/611816	http://www.orpha.net/ORDO/Orphanet_420561	1.000000
http://omim.org/entry/236800	http://www.orpha.net/ORDO/Orphanet_79155	1.000000
http://omim.org/entry/602271	http://www.orpha.net/ORDO/Orphanet_168549	1.000000
http://omim.org/entry/160120	http://www.orpha.net/ORDO/Orphanet_37612	1.000000
http://omim.org/entry/606438	http://www.orpha.net/ORDO/Orphanet_98934	1.000000
http://omim.org/entry/112910	http://www.orpha.net/ORDO/Orphanet_93382	1.000000
http://omim.org/entry/612631	http://www.orpha.net/ORDO/Orphanet_86817	1.000000
http://omim.org/entry/304350	http://www.orpha.net/ORDO/Orphanet_90646	1.000000
http://omim.org/entry/612933	http://www.orpha.net/ORDO/Orphanet_2088	0.826285
http://omim.org/entry/309585	http://www.orpha.net/ORDO/Orphanet_3459	0.830599
http://omim.org/entry/226900	http://www.orpha.net/ORDO/Orphanet_93307	0.808285
http://omim.org/entry/162350	http://www.orpha.net/ORDO/Orphanet_228346	0.778284
http://omim.org/entry/610099	http://www.orpha.net/ORDO/Orphanet_399096	0.819973
http://omim.org/entry/228980	http://www.orpha.net/ORDO/Orphanet_363989	0.760682
http://omim.org/entry/223340	http://www.orpha.net/ORDO/Orphanet_3439	1.000000
http://omim.org/entry/172880	http://www.orpha.net/ORDO/Orphanet_3104	0.846338
http://omim.org/entry/614065	http://www.orpha.net/ORDO/Orphanet_319160	0.773604
http://omim.org/entry/616176	http://www.orpha.net/ORDO/Orphanet_248368	0.795940
http://omim.org/entry/224800	http://www.orpha.net/ORDO/Orphanet_79373	0.800938
http://omim.org/entry/609200	http://www.orpha.net/ORDO/Orphanet_79091	0.751550
http://omim.org/entry/610227	http://www.orpha.net/ORDO/Orphanet_168606	1.000000
http://omim.org/entry/607088	http://www.orpha.net/ORDO/Orphanet_139547	0.949698
http://omim.org/entry/174300	http://www.orpha.net/ORDO/Orphanet_2919	0.910765
http://www.omim.org/phenotypicSeries/PS251450	http://www.orpha.net/ORDO/Orphanet_1425	1.000000
http://omim.org/entry/186350	http://www.orpha.net/ORDO/Orphanet_294959	0.817310
http://omim.org/entry/616007	http://www.orpha.net/ORDO/Orphanet_436174	0.862574
http://omim.org/entry/215480	http://www.orpha.net/ORDO/Orphanet_178506	0.763555
http://omim.org/entry/261640	http://www.orpha.net/ORDO/Orphanet_293284	0.820297
http://omim.org/entry/557000	http://www.orpha.net/ORDO/Orphanet_699	0.827114
http://omim.org/entry/218670	http://www.orpha.net/ORDO/Orphanet_1528	1.000000
http://omim.org/entry/612582	http://www.orpha.net/ORDO/Orphanet_251046	0.830092
http://omim.org/entry/210700	http://www.orpha.net/ORDO/Orphanet_324761	0.876761
http://omim.org/entry/608670	http://www.orpha.net/ORDO/Orphanet_3107	0.808971
http://omim.org/entry/300219	http://www.orpha.net/ORDO/Orphanet_456328	0.809241
http://omim.org/entry/617157	http://www.orpha.net/ORDO/Orphanet_464288	0.806226
http://www.omim.org/phenotypicSeries/PS179800	http://www.orpha.net/ORDO/Orphanet_18	1.000000
http://omim.org/entry/615398	http://www.orpha.net/ORDO/Orphanet_141199	0.771078
http://omim.org/entry/241510	http://www.orpha.net/ORDO/Orphanet_247651	0.759177
http://omim.org/entry/615182	http://www.orpha.net/ORDO/Orphanet_93599	0.751438
http://omim.org/entry/166260	http://www.orpha.net/ORDO/Orphanet_53697	1.000000
http://www.omim.org/phenotypicSeries/PS120100	http://www.orpha.net/ORDO/Orphanet_47045	1.000000
http://omim.org/entry/611390	http://www.orpha.net/ORDO/Orphanet_316240	0.847997
http://www.omim.org/phenotypicSeries/PS605432	http://www.orpha.net/ORDO/Orphanet_71289	0.776796
http://omim.org/entry/608106	http://www.orpha.net/ORDO/Orphanet_101092	0.972252
http://omim.org/entry/614105	http://www.orpha.net/ORDO/Orphanet_289902	0.816665
http://omim.org/entry/104130	http://www.orpha.net/ORDO/Orphanet_1008	0.822603
http://omim.org/entry/614723	http://www.orpha.net/ORDO/Orphanet_976	1.000000
http://omim.org/entry/607812	http://www.orpha.net/ORDO/Orphanet_50814	1.000000
http://omim.org/entry/268305	http://www.orpha.net/ORDO/Orphanet_3107	0.815604
http://www.omim.org/phenotypicSeries/PS137950	http://www.orpha.net/ORDO/Orphanet_84090	1.000000
http://omim.org/entry/168605	http://www.orpha.net/ORDO/Orphanet_178509	1.000000
http://omim.org/entry/227210	http://www.orpha.net/ORDO/Orphanet_3172	0.814510
http://omim.org/entry/601349	http://www.orpha.net/ORDO/Orphanet_3434	0.817115
http://omim.org/entry/242600	http://www.orpha.net/ORDO/Orphanet_42062	1.000000
http://omim.org/entry/613834	http://www.orpha.net/ORDO/Orphanet_404463	1.000000
http://www.omim.org/phenotypicSeries/PS127550	http://www.orpha.net/ORDO/Orphanet_1775	1.000000
http://omim.org/entry/236000	http://www.orpha.net/ORDO/Orphanet_391	1.000000
http://omim.org/entry/109650	http://www.orpha.net/ORDO/Orphanet_117	0.842455
http://omim.org/entry/616449	http://www.orpha.net/ORDO/Orphanet_464738	1.000000
http://omim.org/entry/607864	http://www.orpha.net/ORDO/Orphanet_1756	0.831212
http://omim.org/entry/615625	http://www.orpha.net/ORDO/Orphanet_401849	0.839726
http://www.omim.org/phenotypicSeries/PS277450	http://www.orpha.net/ORDO/Orphanet_169826	0.902873
http://omim.org/entry/614436	http://www.orpha.net/ORDO/Orphanet_300319	0.845067
http://omim.org/entry/175200	http://www.orpha.net/ORDO/Orphanet_2869	1.000000
http://omim.org/entry/609340	http://www.orpha.net/ORDO/Orphanet_209951	0.867119
http://www.omim.org/phenotypicSeries/PS119580	http://www.orpha.net/ORDO/Orphanet_1997	1.000000
http://omim.org/entry/616684	http://www.orpha.net/ORDO/Orphanet_64749	0.836020
http://omim.org/entry/309510	http://www.orpha.net/ORDO/Orphanet_94083	1.000000
http://omim.org/entry/239800	http://www.orpha.net/ORDO/Orphanet_2213	1.000000
http://omim.org/entry/268020	http://www.orpha.net/ORDO/Orphanet_98661	0.883344
http://omim.org/entry/118420	http://www.orpha.net/ORDO/Orphanet_268882	1.000000
http://omim.org/entry/424500	http://www.orpha.net/ORDO/Orphanet_206484	1.000000
http://omim.org/entry/615760	http://www.orpha.net/ORDO/Orphanet_102283	0.760110
http://omim.org/entry/609727	http://www.orpha.net/ORDO/Orphanet_101009	0.862267
http://omim.org/entry/268400	http://www.orpha.net/ORDO/Orphanet_221016	1.000000
http://omim.org/entry/607872	http://www.orpha.net/ORDO/Orphanet_1606	0.822169
http://omim.org/entry/300653	http://www.orpha.net/ORDO/Orphanet_713	0.867350
http://omim.org/entry/300661	http://www.orpha.net/ORDO/Orphanet_3222	1.000000
http://omim.org/entry/608156	http://www.orpha.net/ORDO/Orphanet_178303	1.000000
http://www.omim.org/phenotypicSeries/PS164310	http://www.orpha.net/ORDO/Orphanet_98897	1.000000
http://omim.org/entry/207731	http://www.orpha.net/ORDO/Orphanet_1116	0.860873
http://omim.org/entry/128101	http://www.orpha.net/ORDO/Orphanet_98203	0.811637
http://omim.org/entry/611105	http://www.orpha.net/ORDO/Orphanet_137898	0.866010
http://omim.org/entry/616721	http://www.orpha.net/ORDO/Orphanet_468699	1.000000
http://www.omim.org/phenotypicSeries/PS609192	http://www.orpha.net/ORDO/Orphanet_60030	1.000000
http://omim.org/entry/177170	http://www.orpha.net/ORDO/Orphanet_750	1.000000
http://omim.org/entry/118651	http://www.orpha.net/ORDO/Orphanet_93442	0.796913
http://omim.org/entry/217085	http://www.orpha.net/ORDO/Orphanet_1338	0.787105
http://omim.org/entry/601162	http://www.orpha.net/ORDO/Orphanet_447757	0.776759
http://omim.org/entry/600274	http://www.orpha.net/ORDO/Orphanet_282	1.000000
http://omim.org/entry/157900	http://www.orpha.net/ORDO/Orphanet_570	1.000000
http://omim.org/entry/193100	http://www.orpha.net/ORDO/Orphanet_89937	1.000000
http://omim.org/entry/203740	http://www.orpha.net/ORDO/Orphanet_79315	0.802931
http://omim.org/entry/252900	http://www.orpha.net/ORDO/Orphanet_79269	1.000000
http://omim.org/entry/616271	http://www.orpha.net/ORDO/Orphanet_445038	1.000000
http://omim.org/entry/258850	http://www.orpha.net/ORDO/Orphanet_2752	0.958054
http://omim.org/entry/211350	http://www.orpha.net/ORDO/Orphanet_1801	1.000000
http://omim.org/entry/603218	http://www.orpha.net/ORDO/Orphanet_157941	1.000000
http://omim.org/entry/613457	http://www.orpha.net/ORDO/Orphanet_261120	0.877578
http://omim.org/entry/607459	http://www.orpha.net/ORDO/Orphanet_70595	0.760719
http://omim.org/entry/181400	http://www.orpha.net/ORDO/Orphanet_85146	1.000000
http://omim.org/entry/614323	http://www.orpha.net/ORDO/Orphanet_79150	1.000000
http://www.omim.org/phenotypicSeries/PS618332	http://www.orpha.net/ORDO/Orphanet_592574	1.000000
http://omim.org/entry/616897	http://www.orpha.net/ORDO/Orphanet_457378	1.000000
http://omim.org/entry/614732	http://www.orpha.net/ORDO/Orphanet_85173	0.775599
http://omim.org/entry/216700	http://www.orpha.net/ORDO/Orphanet_79147	1.000000
http://omim.org/entry/252600	http://www.orpha.net/ORDO/Orphanet_79212	0.826845
http://omim.org/entry/606864	http://www.orpha.net/ORDO/Orphanet_97286	1.000000
http://omim.org/entry/609352	http://www.orpha.net/ORDO/Orphanet_158681	0.837493
http://omim.org/entry/218350	http://www.orpha.net/ORDO/Orphanet_139393	0.793073
http://omim.org/entry/613743	http://www.orpha.net/ORDO/Orphanet_90786	0.861892
http://omim.org/entry/613406	http://www.orpha.net/ORDO/Orphanet_500163	1.000000
http://omim.org/entry/615947	http://www.orpha.net/ORDO/Orphanet_181428	0.851688
http://omim.org/entry/601127	http://www.orpha.net/ORDO/Orphanet_3304	0.821238
http://omim.org/entry/608029	http://www.orpha.net/ORDO/Orphanet_98758	0.943749
http://omim.org/entry/604360	http://www.orpha.net/ORDO/Orphanet_320355	0.813966
http://omim.org/entry/608149	http://www.orpha.net/ORDO/Orphanet_254519	1.000000
http://omim.org/entry/616158	http://www.orpha.net/ORDO/Orphanet_438213	0.753716
http://omim.org/entry/254940	http://www.orpha.net/ORDO/Orphanet_1358	1.000000
http://omim.org/entry/126600	http://www.orpha.net/ORDO/Orphanet_75376	1.000000
http://omim.org/entry/613364	http://www.orpha.net/ORDO/Orphanet_320355	0.865303
http://omim.org/entry/137575	http://www.orpha.net/ORDO/Orphanet_83451	0.808692
http://omim.org/entry/270850	http://www.orpha.net/ORDO/Orphanet_2818	0.756705
http://omim.org/entry/600000	http://www.orpha.net/ORDO/Orphanet_3180	0.827971
http://omim.org/entry/253000	http://www.orpha.net/ORDO/Orphanet_309297	1.000000
http://omim.org/entry/601370	http://www.orpha.net/ORDO/Orphanet_220386	0.840558
http://omim.org/entry/604121	http://www.orpha.net/ORDO/Orphanet_314404	0.885017
http://omim.org/entry/115645	http://www.orpha.net/ORDO/Orphanet_98650	0.844414
http://omim.org/entry/154600	http://www.orpha.net/ORDO/Orphanet_91412	1.000000
http://www.omim.org/phenotypicSeries/PS602014	http://www.orpha.net/ORDO/Orphanet_306519	0.840107
http://www.omim.org/phenotypicSeries/PS606176	http://www.orpha.net/ORDO/Orphanet_99885	0.841335
http://omim.org/entry/114140	http://www.orpha.net/ORDO/Orphanet_79141	1.000000
http://omim.org/entry/307030	http://www.orpha.net/ORDO/Orphanet_308993	1.000000
http://omim.org/entry/114150	http://www.orpha.net/ORDO/Orphanet_1319	1.000000
http://omim.org/entry/230500	http://www.orpha.net/ORDO/Orphanet_79255	1.000000
http://omim.org/entry/611775	http://www.orpha.net/ORDO/Orphanet_2331	1.000000
http://www.omim.org/phenotypicSeries/PS121200	http://www.orpha.net/ORDO/Orphanet_1949	1.000000
http://omim.org/entry/601042	http://www.orpha.net/ORDO/Orphanet_391799	0.846226
http://omim.org/entry/182960	http://www.orpha.net/ORDO/Orphanet_139518	0.833710
http://omim.org/entry/267010	http://www.orpha.net/ORDO/Orphanet_3032	1.000000
http://omim.org/entry/147750	http://www.orpha.net/ORDO/Orphanet_2307	1.000000
http://omim.org/entry/615290	http://www.orpha.net/ORDO/Orphanet_363454	0.842388
http://omim.org/entry/608800	http://www.orpha.net/ORDO/Orphanet_168593	0.956586
http://omim.org/entry/615328	http://www.orpha.net/ORDO/Orphanet_363523	1.000000
http://omim.org/entry/612989	http://www.orpha.net/ORDO/Orphanet_98672	0.762375
http://omim.org/entry/188201	http://www.orpha.net/ORDO/Orphanet_1078	0.807520
http://omim.org/entry/108985	http://www.orpha.net/ORDO/Orphanet_86813	1.000000
http://www.omim.org/phenotypicSeries/PS122000	http://www.orpha.net/ORDO/Orphanet_98973	1.000000
http://omim.org/entry/600334	http://www.orpha.net/ORDO/Orphanet_609	0.794577
http://omim.org/entry/123560	http://www.orpha.net/ORDO/Orphanet_1547	1.000000
http://omim.org/entry/266910	http://www.orpha.net/ORDO/Orphanet_3404	1.000000
http://omim.org/entry/314600	http://www.orpha.net/ORDO/Orphanet_3456	1.000000
http://omim.org/entry/312150	http://www.orpha.net/ORDO/Orphanet_294060	0.833791
http://omim.org/entry/304050	http://www.orpha.net/ORDO/Orphanet_50	1.000000
http://omim.org/entry/211960	http://www.orpha.net/ORDO/Orphanet_3292	0.860019
http://omim.org/entry/114300	http://www.orpha.net/ORDO/Orphanet_376	1.000000
http://omim.org/entry/600331	http://www.orpha.net/ORDO/Orphanet_2825	1.000000
http://omim.org/entry/601457	http://www.orpha.net/ORDO/Orphanet_183660	0.888681
http://omim.org/entry/230450	http://www.orpha.net/ORDO/Orphanet_33574	0.851699
http://omim.org/entry/607859	http://www.orpha.net/ORDO/Orphanet_1063	1.000000
http://omim.org/entry/310600	http://www.orpha.net/ORDO/Orphanet_649	1.000000
http://www.omim.org/phenotypicSeries/PS608805	http://www.orpha.net/ORDO/Orphanet_86820	0.809099
http://omim.org/entry/300695	http://www.orpha.net/ORDO/Orphanet_431272	0.769386
http://omim.org/entry/135950	http://www.orpha.net/ORDO/Orphanet_1937	0.831989
http://omim.org/entry/312170	http://www.orpha.net/ORDO/Orphanet_79243	1.000000
http://omim.org/entry/266500	http://www.orpha.net/ORDO/Orphanet_773	1.000000
http://omim.org/entry/611809	http://www.orpha.net/ORDO/Orphanet_139455	1.000000
http://omim.org/entry/612438	http://www.orpha.net/ORDO/Orphanet_68356	0.756474
http://omim.org/entry/209500	http://www.orpha.net/ORDO/Orphanet_86819	1.000000
http://omim.org/entry/200990	http://www.orpha.net/ORDO/Orphanet_36	1.000000
http://www.omim.org/phenotypicSeries/PS208540	http://www.orpha.net/ORDO/Orphanet_294415	1.000000
http://omim.org/entry/118330	http://www.orpha.net/ORDO/Orphanet_1221	1.000000
http://omim.org/entry/277450	http://www.orpha.net/ORDO/Orphanet_169826	0.858517
http://omim.org/entry/182210	http://www.orpha.net/ORDO/Orphanet_3164	0.813456
http://omim.org/entry/612954	http://www.orpha.net/ORDO/Orphanet_206966	0.797867
http://omim.org/entry/180000	http://www.orpha.net/ORDO/Orphanet_75326	1.000000
http://omim.org/entry/307800	http://www.orpha.net/ORDO/Orphanet_89936	0.846753
http://omim.org/entry/245800	http://www.orpha.net/ORDO/Orphanet_2377	1.000000
http://omim.org/entry/608184	http://www.orpha.net/ORDO/Orphanet_101091	1.000000
http://omim.org/entry/604801	http://www.orpha.net/ORDO/Orphanet_98893	0.915777
http://omim.org/entry/615465	http://www.orpha.net/ORDO/Orphanet_2117	1.000000
http://omim.org/entry/238700	http://www.orpha.net/ORDO/Orphanet_2203	0.810772
http://omim.org/entry/174500	http://www.orpha.net/ORDO/Orphanet_295197	0.835414
http://omim.org/entry/614438	http://www.orpha.net/ORDO/Orphanet_357074	0.867557
http://omim.org/entry/614261	http://www.orpha.net/ORDO/Orphanet_294016	1.000000
http://omim.org/entry/608836	http://www.orpha.net/ORDO/Orphanet_228308	0.871312
http://omim.org/entry/314300	http://www.orpha.net/ORDO/Orphanet_3341	0.844485
http://omim.org/entry/179613	http://www.orpha.net/ORDO/Orphanet_96167	1.000000
http://omim.org/entry/262400	http://www.orpha.net/ORDO/Orphanet_231662	0.874164
http://omim.org/entry/616737	http://www.orpha.net/ORDO/Orphanet_487796	1.000000
http://omim.org/entry/232220	http://www.orpha.net/ORDO/Orphanet_79259	0.942296
http://omim.org/entry/160990	http://www.orpha.net/ORDO/Orphanet_171886	0.798751
http://omim.org/entry/133020	http://www.orpha.net/ORDO/Orphanet_90026	1.000000
http://omim.org/entry/610678	http://www.orpha.net/ORDO/Orphanet_254925	0.960364
http://omim.org/entry/614462	http://www.orpha.net/ORDO/Orphanet_79314	0.784105
http://omim.org/entry/277700	http://www.orpha.net/ORDO/Orphanet_902	1.000000
http://omim.org/entry/200900	http://www.orpha.net/ORDO/Orphanet_935	1.000000
http://omim.org/entry/131960	http://www.orpha.net/ORDO/Orphanet_79397	0.812632
http://omim.org/entry/300299	http://www.orpha.net/ORDO/Orphanet_86788	1.000000
http://omim.org/entry/611556	http://www.orpha.net/ORDO/Orphanet_79201	0.900492
http://omim.org/entry/603511	http://www.orpha.net/ORDO/Orphanet_102014	0.833938
http://omim.org/entry/616859	http://www.orpha.net/ORDO/Orphanet_401866	1.000000
http://omim.org/entry/217095	http://www.orpha.net/ORDO/Orphanet_2445	1.000000
http://omim.org/entry/616539	http://www.orpha.net/ORDO/Orphanet_477684	0.904945
http://omim.org/entry/612718	http://www.orpha.net/ORDO/Orphanet_79172	0.808045
http://omim.org/entry/209700	http://www.orpha.net/ORDO/Orphanet_79100	1.000000
http://omim.org/entry/616488	http://www.orpha.net/ORDO/Orphanet_478664	1.000000
http://omim.org/entry/113620	http://www.orpha.net/ORDO/Orphanet_1297	0.851726
http://omim.org/entry/224300	http://www.orpha.net/ORDO/Orphanet_1782	1.000000
http://omim.org/entry/612475	http://www.orpha.net/ORDO/Orphanet_293948	0.761551
http://www.omim.org/phenotypicSeries/PS308240	http://www.orpha.net/ORDO/Orphanet_238510	1.000000
http://omim.org/entry/614961	http://www.orpha.net/ORDO/Orphanet_324569	1.000000
http://omim.org/entry/611936	http://www.orpha.net/ORDO/Orphanet_251038	0.837038
http://omim.org/entry/615030	http://www.orpha.net/ORDO/Orphanet_320411	0.801297
http://omim.org/entry/613647	http://www.orpha.net/ORDO/Orphanet_306511	0.828079
http://omim.org/entry/232700	http://www.orpha.net/ORDO/Orphanet_369	0.946178
http://omim.org/entry/159950	http://www.orpha.net/ORDO/Orphanet_70	0.789370
http://omim.org/entry/273400	http://www.orpha.net/ORDO/Orphanet_1818	0.754693
http://omim.org/entry/264470	http://www.orpha.net/ORDO/Orphanet_2971	1.000000
http://omim.org/entry/613546	http://www.orpha.net/ORDO/Orphanet_91	1.000000
http://omim.org/entry/203200	http://www.orpha.net/ORDO/Orphanet_79432	1.000000
http://omim.org/entry/607685	http://www.orpha.net/ORDO/Orphanet_3260	1.000000
http://omim.org/entry/201170	http://www.orpha.net/ORDO/Orphanet_364574	0.787152
http://omim.org/entry/616482	http://www.orpha.net/ORDO/Orphanet_85165	0.761344
http://omim.org/entry/615809	http://www.orpha.net/ORDO/Orphanet_369920	1.000000
http://omim.org/entry/618625	http://www.orpha.net/ORDO/Orphanet_221008	1.000000
http://omim.org/entry/135550	http://www.orpha.net/ORDO/Orphanet_2027	0.824810
http://omim.org/entry/263300	http://www.orpha.net/ORDO/Orphanet_729	1.000000
http://omim.org/entry/173100	http://www.orpha.net/ORDO/Orphanet_231679	0.815891
http://omim.org/entry/251880	http://www.orpha.net/ORDO/Orphanet_254871	0.798077
http://omim.org/entry/184460	http://www.orpha.net/ORDO/Orphanet_140917	1.000000
http://omim.org/entry/614653	http://www.orpha.net/ORDO/Orphanet_314381	1.000000
http://omim.org/entry/113450	http://www.orpha.net/ORDO/Orphanet_69028	0.843464
http://omim.org/entry/267800	http://www.orpha.net/ORDO/Orphanet_63454	0.838782
http://omim.org/entry/300260	http://www.orpha.net/ORDO/Orphanet_98464	0.768908
http://omim.org/entry/615198	http://www.orpha.net/ORDO/Orphanet_500548	1.000000
http://omim.org/entry/208158	http://www.orpha.net/ORDO/Orphanet_109007	0.815881
http://omim.org/entry/616974	http://www.orpha.net/ORDO/Orphanet_478042	0.971520
http://omim.org/entry/101600	http://www.orpha.net/ORDO/Orphanet_710	1.000000
http://omim.org/entry/300755	http://www.orpha.net/ORDO/Orphanet_47	1.000000
http://www.omim.org/phenotypicSeries/PS192500	http://www.orpha.net/ORDO/Orphanet_768	0.813545
http://omim.org/entry/203290	http://www.orpha.net/ORDO/Orphanet_79433	1.000000
http://omim.org/entry/311200	http://www.orpha.net/ORDO/Orphanet_2750	0.864418
http://omim.org/entry/300423	http://www.orpha.net/ORDO/Orphanet_98464	0.823134
http://omim.org/entry/618265	http://www.orpha.net/ORDO/Orphanet_109007	0.777575
http://omim.org/entry/602501	http://www.orpha.net/ORDO/Orphanet_60040	1.000000
http://omim.org/entry/300068	http://www.orpha.net/ORDO/Orphanet_754	1.000000
http://omim.org/entry/609057	http://www.orpha.net/ORDO/Orphanet_595351	0.787763
http://omim.org/entry/129500	http://www.orpha.net/ORDO/Orphanet_189	1.000000
http://omim.org/entry/611721	http://www.orpha.net/ORDO/Orphanet_139406	0.757817
http://omim.org/entry/142900	http://www.orpha.net/ORDO/Orphanet_392	1.000000
http://www.omim.org/phenotypicSeries/PS188580	http://www.orpha.net/ORDO/Orphanet_79102	1.000000
http://omim.org/entry/604416	http://www.orpha.net/ORDO/Orphanet_69126	0.806011
http://www.omim.org/phenotypicSeries/PS309530	http://www.orpha.net/ORDO/Orphanet_777	0.957831
http://omim.org/entry/243500	http://www.orpha.net/ORDO/Orphanet_33	1.000000
http://omim.org/entry/611523	http://www.orpha.net/ORDO/Orphanet_166073	1.000000
http://www.omim.org/phenotypicSeries/PS601462	http://www.orpha.net/ORDO/Orphanet_590	1.000000
http://omim.org/entry/225500	http://www.orpha.net/ORDO/Orphanet_289	1.000000
http://omim.org/entry/252920	http://www.orpha.net/ORDO/Orphanet_79270	1.000000
http://omim.org/entry/602248	http://www.orpha.net/ORDO/Orphanet_679	1.000000
http://omim.org/entry/163000	http://www.orpha.net/ORDO/Orphanet_211247	0.864663
http://omim.org/entry/180600	http://www.orpha.net/ORDO/Orphanet_79363	0.765045
http://omim.org/entry/240900	http://www.orpha.net/ORDO/Orphanet_293964	0.828985
http://omim.org/entry/130900	http://www.orpha.net/ORDO/Orphanet_100032	0.911955
http://omim.org/entry/259610	http://www.orpha.net/ORDO/Orphanet_93449	0.775505
http://omim.org/entry/144150	http://www.orpha.net/ORDO/Orphanet_409	1.000000
http://omim.org/entry/300915	http://www.orpha.net/ORDO/Orphanet_202948	0.809608
http://omim.org/entry/153630	http://www.orpha.net/ORDO/Orphanet_156207	1.000000
http://omim.org/entry/608673	http://www.orpha.net/ORDO/Orphanet_99945	0.844174
http://omim.org/entry/190360	http://www.orpha.net/ORDO/Orphanet_3361	0.767345
http://omim.org/entry/123790	http://www.orpha.net/ORDO/Orphanet_1555	1.000000
http://omim.org/entry/614039	http://www.orpha.net/ORDO/Orphanet_268950	0.796726
http://omim.org/entry/227400	http://www.orpha.net/ORDO/Orphanet_326	0.762086
http://omim.org/entry/610768	http://www.orpha.net/ORDO/Orphanet_91131	1.000000
http://omim.org/entry/108300	http://www.orpha.net/ORDO/Orphanet_90653	1.000000
http://omim.org/entry/618279	http://www.orpha.net/ORDO/Orphanet_268337	0.784346
http://omim.org/entry/604173	http://www.orpha.net/ORDO/Orphanet_221046	1.000000
http://www.omim.org/phenotypicSeries/PS300352	http://www.orpha.net/ORDO/Orphanet_79172	1.000000
http://omim.org/entry/249620	http://www.orpha.net/ORDO/Orphanet_2728	1.000000
http://omim.org/entry/615028	http://www.orpha.net/ORDO/Orphanet_595351	0.872404
http://omim.org/entry/605588	http://www.orpha.net/ORDO/Orphanet_64746	0.857572
http://www.omim.org/phenotypicSeries/PS601198	http://www.orpha.net/ORDO/Orphanet_181405	0.753528
http://omim.org/entry/614128	http://www.orpha.net/ORDO/Orphanet_284435	1.000000
http://omim.org/entry/184095	http://www.orpha.net/ORDO/Orphanet_263482	1.000000
http://omim.org/entry/219200	http://www.orpha.net/ORDO/Orphanet_357058	1.000000
http://www.omim.org/phenotypicSeries/PS245480	http://www.orpha.net/ORDO/Orphanet_98455	0.808029
http://omim.org/entry/272460	http://www.orpha.net/ORDO/Orphanet_3275	0.802207
http://www.omim.org/phenotypicSeries/PS614328	http://www.orpha.net/ORDO/Orphanet_294023	1.000000
http://omim.org/entry/174600	http://www.orpha.net/ORDO/Orphanet_93337	0.941192
http://omim.org/entry/617347	http://www.orpha.net/ORDO/Orphanet_412	1.000000
http://omim.org/entry/174810	http://www.orpha.net/ORDO/Orphanet_85195	1.000000
http://omim.org/entry/271520	http://www.orpha.net/ORDO/Orphanet_94095	0.849043
http://omim.org/entry/600882	http://www.orpha.net/ORDO/Orphanet_99936	0.805209
http://www.omim.org/phenotypicSeries/PS229200	http://www.orpha.net/ORDO/Orphanet_90354	1.000000
http://omim.org/entry/301040	http://www.orpha.net/ORDO/Orphanet_847	0.849718
http://omim.org/entry/612242	http://www.orpha.net/ORDO/Orphanet_276422	0.874146
http://www.omim.org/phenotypicSeries/PS210200	http://www.orpha.net/ORDO/Orphanet_289902	0.812452
http://omim.org/entry/270685	http://www.orpha.net/ORDO/Orphanet_100994	0.791509
http://www.omim.org/phenotypicSeries/PS604772	http://www.orpha.net/ORDO/Orphanet_3286	1.000000
http://omim.org/entry/132090	http://www.orpha.net/ORDO/Orphanet_25968	1.000000
http://omim.org/entry/601076	http://www.orpha.net/ORDO/Orphanet_73217	0.775911
http://omim.org/entry/616756	http://www.orpha.net/ORDO/Orphanet_320346	0.818891
http://omim.org/entry/300471	http://www.orpha.net/ORDO/Orphanet_85280	0.758337
http://omim.org/entry/248250	http://www.orpha.net/ORDO/Orphanet_306519	0.802555
http://www.omim.org/phenotypicSeries/PS241550	http://www.orpha.net/ORDO/Orphanet_2248	1.000000
http://omim.org/entry/249710	http://www.orpha.net/ORDO/Orphanet_93438	0.841372
http://omim.org/entry/142680	http://www.orpha.net/ORDO/Orphanet_324924	0.870881
http://omim.org/entry/271650	http://www.orpha.net/ORDO/Orphanet_93351	1.000000
http://omim.org/entry/211920	http://www.orpha.net/ORDO/Orphanet_1326	1.000000
http://omim.org/entry/614973	http://www.orpha.net/ORDO/Orphanet_398173	1.000000
http://omim.org/entry/614160	http://www.orpha.net/ORDO/Orphanet_275534	0.765246
http://omim.org/entry/602107	http://www.orpha.net/ORDO/Orphanet_84093	1.000000
http://omim.org/entry/606835	http://www.orpha.net/ORDO/Orphanet_85169	1.000000
http://omim.org/entry/614569	http://www.orpha.net/ORDO/Orphanet_163634	0.848379
http://omim.org/entry/275210	http://www.orpha.net/ORDO/Orphanet_1662	1.000000
http://omim.org/entry/120400	http://www.orpha.net/ORDO/Orphanet_1471	0.801771
http://omim.org/entry/607671	http://www.orpha.net/ORDO/Orphanet_98807	0.813278
http://www.omim.org/phenotypicSeries/PS124900	http://www.orpha.net/ORDO/Orphanet_96210	0.839659
http://www.omim.org/phenotypicSeries/PS190440	http://www.orpha.net/ORDO/Orphanet_3366	1.000000
http://omim.org/entry/271665	http://www.orpha.net/ORDO/Orphanet_254	0.813553
http://omim.org/entry/614299	http://www.orpha.net/ORDO/Orphanet_401874	0.794100
http://omim.org/entry/174770	http://www.orpha.net/ORDO/Orphanet_330061	1.000000
http://omim.org/entry/253600	http://www.orpha.net/ORDO/Orphanet_102015	0.807800
http://omim.org/entry/118400	http://www.orpha.net/ORDO/Orphanet_184	1.000000
http://omim.org/entry/616299	http://www.orpha.net/ORDO/Orphanet_447795	0.842293
http://omim.org/entry/610125	http://www.orpha.net/ORDO/Orphanet_178364	0.992269
http://omim.org/entry/214500	http://www.orpha.net/ORDO/Orphanet_352723	0.759856
http://omim.org/entry/182290	http://www.orpha.net/ORDO/Orphanet_819	1.000000
http://omim.org/entry/607155	http://www.orpha.net/ORDO/Orphanet_370953	0.838996
http://omim.org/entry/278750	http://www.orpha.net/ORDO/Orphanet_90342	0.854331
http://www.omim.org/phenotypicSeries/PS603511	http://www.orpha.net/ORDO/Orphanet_102014	1.000000
http://omim.org/entry/139090	http://www.orpha.net/ORDO/Orphanet_721	1.000000
http://omim.org/entry/616580	http://www.orpha.net/ORDO/Orphanet_453499	1.000000
http://omim.org/entry/601829	http://www.orpha.net/ORDO/Orphanet_1787	1.000000
http://omim.org/entry/176100	http://www.orpha.net/ORDO/Orphanet_101330	1.000000
http://www.omim.org/phenotypicSeries/PS303350	http://www.orpha.net/ORDO/Orphanet_320332	0.828724
http://www.omim.org/phenotypicSeries/PS311200	http://www.orpha.net/ORDO/Orphanet_140997	1.000000
http://omim.org/entry/236750	http://www.orpha.net/ORDO/Orphanet_363999	0.851885
http://omim.org/entry/606785	http://www.orpha.net/ORDO/Orphanet_79235	1.000000
http://omim.org/entry/234500	http://www.orpha.net/ORDO/Orphanet_2116	1.000000
http://omim.org/entry/255125	http://www.orpha.net/ORDO/Orphanet_171690	0.805156
http://omim.org/entry/224100	http://www.orpha.net/ORDO/Orphanet_98873	1.000000
http://omim.org/entry/618398	http://www.orpha.net/ORDO/Orphanet_86884	1.000000
http://omim.org/entry/612656	http://www.orpha.net/ORDO/Orphanet_209967	1.000000
http://omim.org/entry/617770	http://www.orpha.net/ORDO/Orphanet_589522	1.000000
http://omim.org/entry/170100	http://www.orpha.net/ORDO/Orphanet_742	1.000000
http://omim.org/entry/608323	http://www.orpha.net/ORDO/Orphanet_369867	0.841000
http://omim.org/entry/270700	http://www.orpha.net/ORDO/Orphanet_100996	0.813833
http://omim.org/entry/212066	http://www.orpha.net/ORDO/Orphanet_79329	1.000000
http://omim.org/entry/151660	http://www.orpha.net/ORDO/Orphanet_2348	1.000000
http://omim.org/entry/614228	http://www.orpha.net/ORDO/Orphanet_64746	0.881264
http://omim.org/entry/614098	http://www.orpha.net/ORDO/Orphanet_435628	1.000000
http://omim.org/entry/608093	http://www.orpha.net/ORDO/Orphanet_86309	1.000000
http://omim.org/entry/300472	http://www.orpha.net/ORDO/Orphanet_269573	0.813812
http://omim.org/entry/612867	http://www.orpha.net/ORDO/Orphanet_98959	1.000000
http://omim.org/entry/613576	http://www.orpha.net/ORDO/Orphanet_247827	0.842611
http://omim.org/entry/609015	http://www.orpha.net/ORDO/Orphanet_746	1.000000
http://omim.org/entry/602152	http://www.orpha.net/ORDO/Orphanet_140976	1.000000
http://omim.org/entry/203100	http://www.orpha.net/ORDO/Orphanet_79431	1.000000
http://omim.org/entry/616155	http://www.orpha.net/ORDO/Orphanet_64746	0.805747
http://omim.org/entry/614008	http://www.orpha.net/ORDO/Orphanet_280576	1.000000
http://omim.org/entry/204750	http://www.orpha.net/ORDO/Orphanet_79062	0.777474
http://omim.org/entry/613001	http://www.orpha.net/ORDO/Orphanet_2396	1.000000
http://omim.org/entry/125370	http://www.orpha.net/ORDO/Orphanet_101	1.000000
http://omim.org/entry/607598	http://www.orpha.net/ORDO/Orphanet_137776	0.836091
http://omim.org/entry/608022	http://www.orpha.net/ORDO/Orphanet_66637	1.000000
http://omim.org/entry/614338	http://www.orpha.net/ORDO/Orphanet_309015	0.811760
http://omim.org/entry/277410	http://www.orpha.net/ORDO/Orphanet_79283	0.876457
http://omim.org/entry/108950	http://www.orpha.net/ORDO/Orphanet_844	1.000000
http://omim.org/entry/610455	http://www.orpha.net/ORDO/Orphanet_306658	1.000000
http://www.omim.org/phenotypicSeries/PS601228	http://www.orpha.net/ORDO/Orphanet_157794	1.000000
http://omim.org/entry/602079	http://www.orpha.net/ORDO/Orphanet_468726	0.827832
http://omim.org/entry/300979	http://www.orpha.net/ORDO/Orphanet_261483	0.828595
http://omim.org/entry/186000	http://www.orpha.net/ORDO/Orphanet_295195	0.887256
http://omim.org/entry/613091	http://www.orpha.net/ORDO/Orphanet_93426	0.776058
http://omim.org/entry/607541	http://www.orpha.net/ORDO/Orphanet_522560	0.784740
http://omim.org/entry/266265	http://www.orpha.net/ORDO/Orphanet_371235	0.775397
http://omim.org/entry/258501	http://www.orpha.net/ORDO/Orphanet_67047	1.000000
http://omim.org/entry/600790	http://www.orpha.net/ORDO/Orphanet_75373	1.000000
http://omim.org/entry/310200	http://www.orpha.net/ORDO/Orphanet_98473	0.875143
http://omim.org/entry/102370	http://www.orpha.net/ORDO/Orphanet_969	1.000000
http://omim.org/entry/215400	http://www.orpha.net/ORDO/Orphanet_178	0.816281
http://omim.org/entry/615490	http://www.orpha.net/ORDO/Orphanet_397968	0.899586
http://omim.org/entry/608768	http://www.orpha.net/ORDO/Orphanet_98760	0.973842
http://omim.org/entry/301815	http://www.orpha.net/ORDO/Orphanet_1150	0.793864
http://omim.org/entry/221740	http://www.orpha.net/ORDO/Orphanet_3230	1.000000
http://omim.org/entry/230800	http://www.orpha.net/ORDO/Orphanet_77259	1.000000
http://omim.org/entry/616099	http://www.orpha.net/ORDO/Orphanet_79357	0.820635
http://omim.org/entry/604536	http://www.orpha.net/ORDO/Orphanet_158668	1.000000
http://www.omim.org/phenotypicSeries/PS193500	http://www.orpha.net/ORDO/Orphanet_3440	1.000000
http://omim.org/entry/614922	http://www.orpha.net/ORDO/Orphanet_324535	0.935366
http://omim.org/entry/136880	http://www.orpha.net/ORDO/Orphanet_227796	1.000000
http://www.omim.org/phenotypicSeries/PS105550	http://www.orpha.net/ORDO/Orphanet_98535	0.832936
http://omim.org/entry/606353	http://www.orpha.net/ORDO/Orphanet_247604	1.000000
http://omim.org/entry/615031	http://www.orpha.net/ORDO/Orphanet_64752	0.811838
http://omim.org/entry/250620	http://www.orpha.net/ORDO/Orphanet_309127	0.773072
http://omim.org/entry/105830	http://www.orpha.net/ORDO/Orphanet_72	1.000000
http://omim.org/entry/211770	http://www.orpha.net/ORDO/Orphanet_1375	1.000000
http://omim.org/entry/127400	http://www.orpha.net/ORDO/Orphanet_41	1.000000
http://www.omim.org/phenotypicSeries/PS250950	http://www.orpha.net/ORDO/Orphanet_289902	1.000000
http://www.omim.org/phenotypicSeries/PS211600	http://www.orpha.net/ORDO/Orphanet_172	1.000000
http://omim.org/entry/101850	http://www.orpha.net/ORDO/Orphanet_38	1.000000
http://omim.org/entry/201450	http://www.orpha.net/ORDO/Orphanet_309120	0.885363
http://omim.org/entry/187601	http://www.orpha.net/ORDO/Orphanet_93274	1.000000
http://omim.org/entry/609052	http://www.orpha.net/ORDO/Orphanet_168555	1.000000
http://omim.org/entry/615508	http://www.orpha.net/ORDO/Orphanet_2199	0.821259
http://omim.org/entry/231095	http://www.orpha.net/ORDO/Orphanet_1802	1.000000
http://omim.org/entry/124490	http://www.orpha.net/ORDO/Orphanet_3232	0.797017
http://omim.org/entry/211890	http://www.orpha.net/ORDO/Orphanet_1318	1.000000
http://omim.org/entry/617452	http://www.orpha.net/ORDO/Orphanet_589547	0.777421
http://omim.org/entry/300519	http://www.orpha.net/ORDO/Orphanet_85321	1.000000
http://omim.org/entry/211000	http://www.orpha.net/ORDO/Orphanet_94086	1.000000
http://www.omim.org/phenotypicSeries/PS609322	http://www.orpha.net/ORDO/Orphanet_231108	1.000000
http://omim.org/entry/606483	http://www.orpha.net/ORDO/Orphanet_64746	0.833330
http://omim.org/entry/602347	http://www.orpha.net/ORDO/Orphanet_79305	1.000000
http://omim.org/entry/300215	http://www.orpha.net/ORDO/Orphanet_51577	0.766279
http://omim.org/entry/616282	http://www.orpha.net/ORDO/Orphanet_100994	0.806685
http://omim.org/entry/250940	http://www.orpha.net/ORDO/Orphanet_2170	0.824498
http://omim.org/entry/307200	http://www.orpha.net/ORDO/Orphanet_231692	0.867449
http://omim.org/entry/165590	http://www.orpha.net/ORDO/Orphanet_2756	0.891054
http://omim.org/entry/614096	http://www.orpha.net/ORDO/Orphanet_319504	1.000000
http://www.omim.org/phenotypicSeries/PS202200	http://www.orpha.net/ORDO/Orphanet_361	0.813497
http://www.omim.org/phenotypicSeries/PS267700	http://www.orpha.net/ORDO/Orphanet_540	1.000000
http://omim.org/entry/300779	http://www.orpha.net/ORDO/Orphanet_293621	1.000000
http://omim.org/entry/277000	http://www.orpha.net/ORDO/Orphanet_247775	0.790711
http://omim.org/entry/614078	http://www.orpha.net/ORDO/Orphanet_280586	1.000000
http://omim.org/entry/613507	http://www.orpha.net/ORDO/Orphanet_263297	0.872957
http://omim.org/entry/109000	http://www.orpha.net/ORDO/Orphanet_114	1.000000
http://omim.org/entry/169610	http://www.orpha.net/ORDO/Orphanet_79481	0.838387
http://omim.org/entry/307500	http://www.orpha.net/ORDO/Orphanet_181387	0.783129
http://omim.org/entry/614527	http://www.orpha.net/ORDO/Orphanet_261279	0.828014
http://omim.org/entry/602014	http://www.orpha.net/ORDO/Orphanet_34526	0.851957
http://omim.org/entry/257320	http://www.orpha.net/ORDO/Orphanet_51577	0.801441
http://omim.org/entry/150360	http://www.orpha.net/ORDO/Orphanet_2374	0.916620
http://omim.org/entry/311070	http://www.orpha.net/ORDO/Orphanet_99014	0.899068
http://omim.org/entry/303650	http://www.orpha.net/ORDO/Orphanet_1198	1.000000
http://omim.org/entry/611369	http://www.orpha.net/ORDO/Orphanet_137783	0.879884
http://omim.org/entry/212138	http://www.orpha.net/ORDO/Orphanet_159	1.000000
http://omim.org/entry/608837	http://www.orpha.net/ORDO/Orphanet_319340	1.000000
http://www.omim.org/phenotypicSeries/PS268000	http://www.orpha.net/ORDO/Orphanet_791	1.000000
http://omim.org/entry/169600	http://www.orpha.net/ORDO/Orphanet_2841	0.759267
http://omim.org/entry/608779	http://www.orpha.net/ORDO/Orphanet_79333	1.000000
http://omim.org/entry/121270	http://www.orpha.net/ORDO/Orphanet_1551	1.000000
http://omim.org/entry/615686	http://www.orpha.net/ORDO/Orphanet_401805	0.873271
http://omim.org/entry/600962	http://www.orpha.net/ORDO/Orphanet_79357	0.764424
http://omim.org/entry/616004	http://www.orpha.net/ORDO/Orphanet_248408	0.788075
http://omim.org/entry/616680	http://www.orpha.net/ORDO/Orphanet_459056	0.833431
http://omim.org/entry/608540	http://www.orpha.net/ORDO/Orphanet_79327	1.000000
http://omim.org/entry/146510	http://www.orpha.net/ORDO/Orphanet_672	1.000000
http://omim.org/entry/300216	http://www.orpha.net/ORDO/Orphanet_190	1.000000
http://omim.org/entry/615043	http://www.orpha.net/ORDO/Orphanet_100994	0.806208
http://omim.org/entry/611225	http://www.orpha.net/ORDO/Orphanet_209951	0.880317
http://omim.org/entry/300908	http://www.orpha.net/ORDO/Orphanet_466026	0.790642
http://www.omim.org/phenotypicSeries/PS272430	http://www.orpha.net/ORDO/Orphanet_157820	1.000000
http://omim.org/entry/133690	http://www.orpha.net/ORDO/Orphanet_1962	0.908388
http://omim.org/entry/185500	http://www.orpha.net/ORDO/Orphanet_3193	1.000000
http://omim.org/entry/211930	http://www.orpha.net/ORDO/Orphanet_1321	0.846548
http://omim.org/entry/609152	http://www.orpha.net/ORDO/Orphanet_181399	0.924822
http://omim.org/entry/616583	http://www.orpha.net/ORDO/Orphanet_459051	1.000000
http://omim.org/entry/605280	http://www.orpha.net/ORDO/Orphanet_100994	0.929979
http://www.omim.org/phenotypicSeries/PS203100	http://www.orpha.net/ORDO/Orphanet_55	1.000000
http://omim.org/entry/237450	http://www.orpha.net/ORDO/Orphanet_3111	1.000000
http://omim.org/entry/179280	http://www.orpha.net/ORDO/Orphanet_3015	0.777978
http://omim.org/entry/193700	http://www.orpha.net/ORDO/Orphanet_2053	1.000000
http://omim.org/entry/616827	http://www.orpha.net/ORDO/Orphanet_97242	0.787250
http://omim.org/entry/607616	http://www.orpha.net/ORDO/Orphanet_77293	1.000000
http://omim.org/entry/608423	http://www.orpha.net/ORDO/Orphanet_456369	0.798711
http://www.omim.org/phenotypicSeries/PS164400	http://www.orpha.net/ORDO/Orphanet_247239	0.864190
http://omim.org/entry/268800	http://www.orpha.net/ORDO/Orphanet_796	1.000000
http://omim.org/entry/603896	http://www.orpha.net/ORDO/Orphanet_135	1.000000
http://omim.org/entry/612740	http://www.orpha.net/ORDO/Orphanet_95157	1.000000
http://omim.org/entry/234100	http://www.orpha.net/ORDO/Orphanet_2108	1.000000
http://omim.org/entry/614156	http://www.orpha.net/ORDO/Orphanet_276405	1.000000
http://omim.org/entry/607214	http://www.orpha.net/ORDO/Orphanet_94150	0.910809
http://omim.org/entry/227280	http://www.orpha.net/ORDO/Orphanet_1973	1.000000
http://omim.org/entry/309520	http://www.orpha.net/ORDO/Orphanet_776	0.789017
http://omim.org/entry/616000	http://www.orpha.net/ORDO/Orphanet_86816	0.756825
http://omim.org/entry/112600	http://www.orpha.net/ORDO/Orphanet_93396	1.000000
http://omim.org/entry/613571	http://www.orpha.net/ORDO/Orphanet_95699	0.807808
http://omim.org/entry/250215	http://www.orpha.net/ORDO/Orphanet_1240	1.000000
http://omim.org/entry/121820	http://www.orpha.net/ORDO/Orphanet_98956	0.822900
http://omim.org/entry/613319	http://www.orpha.net/ORDO/Orphanet_399096	0.794773
http://omim.org/entry/278000	http://www.orpha.net/ORDO/Orphanet_275761	1.000000
http://omim.org/entry/604484	http://www.orpha.net/ORDO/Orphanet_90117	1.000000
http://omim.org/entry/268900	http://www.orpha.net/ORDO/Orphanet_3129	1.000000
http://omim.org/entry/617107	http://www.orpha.net/ORDO/Orphanet_500095	1.000000
http://omim.org/entry/601952	http://www.orpha.net/ORDO/Orphanet_281201	0.782050
http://omim.org/entry/133750	http://www.orpha.net/ORDO/Orphanet_1964	0.816866
http://omim.org/entry/607458	http://www.orpha.net/ORDO/Orphanet_98771	0.961165
http://www.omim.org/phenotypicSeries/PS608583	http://www.orpha.net/ORDO/Orphanet_334	1.000000
http://omim.org/entry/252150	http://www.orpha.net/ORDO/Orphanet_308386	0.836518
http://omim.org/entry/182150	http://www.orpha.net/ORDO/Orphanet_1968	1.000000
http://omim.org/entry/614097	http://www.orpha.net/ORDO/Orphanet_926	1.000000
http://omim.org/entry/245600	http://www.orpha.net/ORDO/Orphanet_284139	0.758857
http://omim.org/entry/278250	http://www.orpha.net/ORDO/Orphanet_2834	1.000000
http://omim.org/entry/218340	http://www.orpha.net/ORDO/Orphanet_1777	1.000000
http://omim.org/entry/306700	http://www.orpha.net/ORDO/Orphanet_98878	1.000000
http://www.omim.org/phenotypicSeries/PS167320	http://www.orpha.net/ORDO/Orphanet_52430	0.765503
http://omim.org/entry/314320	http://www.orpha.net/ORDO/Orphanet_35099	0.777838
http://omim.org/entry/106260	http://www.orpha.net/ORDO/Orphanet_1071	0.847165
http://omim.org/entry/133000	http://www.orpha.net/ORDO/Orphanet_231031	1.000000
http://omim.org/entry/248510	http://www.orpha.net/ORDO/Orphanet_309282	0.835185
http://omim.org/entry/141000	http://www.orpha.net/ORDO/Orphanet_2330	1.000000
http://omim.org/entry/238600	http://www.orpha.net/ORDO/Orphanet_181428	0.797950
http://omim.org/entry/152700	http://www.orpha.net/ORDO/Orphanet_536	1.000000
http://omim.org/entry/616230	http://www.orpha.net/ORDO/Orphanet_424027	0.916146
http://omim.org/entry/606773	http://www.orpha.net/ORDO/Orphanet_141148	1.000000
http://omim.org/entry/613177	http://www.orpha.net/ORDO/Orphanet_221145	1.000000
http://omim.org/entry/218030	http://www.orpha.net/ORDO/Orphanet_320	1.000000
http://omim.org/entry/601358	http://www.orpha.net/ORDO/Orphanet_3051	1.000000
http://omim.org/entry/190680	http://www.orpha.net/ORDO/Orphanet_2950	0.805558
http://omim.org/entry/305600	http://www.orpha.net/ORDO/Orphanet_2092	1.000000
http://omim.org/entry/148370	http://www.orpha.net/ORDO/Orphanet_50943	1.000000
http://omim.org/entry/613792	http://www.orpha.net/ORDO/Orphanet_261875	0.757171
http://omim.org/entry/183086	http://www.orpha.net/ORDO/Orphanet_98758	0.985479
http://omim.org/entry/613630	http://www.orpha.net/ORDO/Orphanet_465824	1.000000
http://www.omim.org/phenotypicSeries/PS136500	http://www.orpha.net/ORDO/Orphanet_398166	1.000000
http://omim.org/entry/229700	http://www.orpha.net/ORDO/Orphanet_348	1.000000
http://omim.org/entry/159800	http://www.orpha.net/ORDO/Orphanet_2589	0.865032
http://omim.org/entry/603373	http://www.orpha.net/ORDO/Orphanet_99819	1.000000
http://omim.org/entry/187510	http://www.orpha.net/ORDO/Orphanet_2564	1.000000
http://omim.org/entry/164180	http://www.orpha.net/ORDO/Orphanet_1647	1.000000
http://omim.org/entry/615048	http://www.orpha.net/ORDO/Orphanet_276435	1.000000
http://omim.org/entry/150260	http://www.orpha.net/ORDO/Orphanet_2808	1.000000
http://omim.org/entry/614962	http://www.orpha.net/ORDO/Orphanet_66628	0.882962
http://omim.org/entry/193235	http://www.orpha.net/ORDO/Orphanet_98668	0.861019
http://omim.org/entry/203750	http://www.orpha.net/ORDO/Orphanet_134	1.000000
http://omim.org/entry/616829	http://www.orpha.net/ORDO/Orphanet_466703	1.000000
http://omim.org/entry/616722	http://www.orpha.net/ORDO/Orphanet_98942	0.785484
http://www.omim.org/phenotypicSeries/PS266900	http://www.orpha.net/ORDO/Orphanet_3156	1.000000
http://omim.org/entry/230400	http://www.orpha.net/ORDO/Orphanet_79239	0.827894
http://omim.org/entry/607475	http://www.orpha.net/ORDO/Orphanet_85128	1.000000
http://www.omim.org/phenotypicSeries/PS184840	http://www.orpha.net/ORDO/Orphanet_1427	1.000000
http://omim.org/entry/174000	http://www.orpha.net/ORDO/Orphanet_88950	0.883430
http://omim.org/entry/602541	http://www.orpha.net/ORDO/Orphanet_97242	0.848882
http://omim.org/entry/609033	http://www.orpha.net/ORDO/Orphanet_88628	0.861433
http://omim.org/entry/604168	http://www.orpha.net/ORDO/Orphanet_48431	0.940252
http://omim.org/entry/302802	http://www.orpha.net/ORDO/Orphanet_64748	0.858774
http://omim.org/entry/159595	http://www.orpha.net/ORDO/Orphanet_420611	1.000000
http://omim.org/entry/615969	http://www.orpha.net/ORDO/Orphanet_168612	0.860190
http://omim.org/entry/613563	http://www.orpha.net/ORDO/Orphanet_98733	0.831824
http://omim.org/entry/614496	http://www.orpha.net/ORDO/Orphanet_300530	1.000000
http://omim.org/entry/606056	http://www.orpha.net/ORDO/Orphanet_79330	1.000000
http://www.omim.org/phenotypicSeries/PS136760	http://www.orpha.net/ORDO/Orphanet_250	1.000000
http://www.omim.org/phenotypicSeries/PS167200	http://www.orpha.net/ORDO/Orphanet_2309	1.000000
http://omim.org/entry/601350	http://www.orpha.net/ORDO/Orphanet_139021	0.777333
http://omim.org/entry/609625	http://www.orpha.net/ORDO/Orphanet_96148	0.844540
http://omim.org/entry/194072	http://www.orpha.net/ORDO/Orphanet_893	0.835431
http://omim.org/entry/219700	http://www.orpha.net/ORDO/Orphanet_586	1.000000
http://omim.org/entry/301845	http://www.orpha.net/ORDO/Orphanet_166113	1.000000
http://omim.org/entry/613728	http://www.orpha.net/ORDO/Orphanet_98761	0.926681
http://omim.org/entry/148820	http://www.orpha.net/ORDO/Orphanet_896	1.000000
http://omim.org/entry/194080	http://www.orpha.net/ORDO/Orphanet_220	1.000000
http://omim.org/entry/601353	http://www.orpha.net/ORDO/Orphanet_1272	0.772255
http://omim.org/entry/250950	http://www.orpha.net/ORDO/Orphanet_67046	1.000000
http://omim.org/entry/218600	http://www.orpha.net/ORDO/Orphanet_1225	1.000000
http://omim.org/entry/181250	http://www.orpha.net/ORDO/Orphanet_1003	0.818461
http://www.omim.org/phenotypicSeries/PS166780	http://www.orpha.net/ORDO/Orphanet_2792	1.000000
http://omim.org/entry/125350	http://www.orpha.net/ORDO/Orphanet_412206	1.000000
http://omim.org/entry/612463	http://www.orpha.net/ORDO/Orphanet_79445	1.000000
http://omim.org/entry/268700	http://www.orpha.net/ORDO/Orphanet_3124	1.000000
http://omim.org/entry/600117	http://www.orpha.net/ORDO/Orphanet_1799	1.000000
http://omim.org/entry/614409	http://www.orpha.net/ORDO/Orphanet_320391	0.807901
http://omim.org/entry/263700	http://www.orpha.net/ORDO/Orphanet_79277	1.000000
http://omim.org/entry/167400	http://www.orpha.net/ORDO/Orphanet_46348	1.000000
http://omim.org/entry/155050	http://www.orpha.net/ORDO/Orphanet_1248	0.840559
http://www.omim.org/phenotypicSeries/PS214450	http://www.orpha.net/ORDO/Orphanet_381	1.000000
http://omim.org/entry/260660	http://www.orpha.net/ORDO/Orphanet_93333	1.000000
http://omim.org/entry/149730	http://www.orpha.net/ORDO/Orphanet_2363	1.000000
http://www.omim.org/phenotypicSeries/PS309510	http://www.orpha.net/ORDO/Orphanet_98464	0.965202
http://omim.org/entry/204870	http://www.orpha.net/ORDO/Orphanet_98957	1.000000
http://omim.org/entry/545000	http://www.orpha.net/ORDO/Orphanet_551	0.895873
http://omim.org/entry/226980	http://www.orpha.net/ORDO/Orphanet_1667	1.000000
http://www.omim.org/phenotypicSeries/PS190350	http://www.orpha.net/ORDO/Orphanet_324764	1.000000
http://www.omim.org/phenotypicSeries/PS160150	http://www.orpha.net/ORDO/Orphanet_595	1.000000
http://omim.org/entry/222600	http://www.orpha.net/ORDO/Orphanet_628	1.000000
http://omim.org/entry/300266	http://www.orpha.net/ORDO/Orphanet_100997	0.839449
http://omim.org/entry/615376	http://www.orpha.net/ORDO/Orphanet_369867	0.841014
http://omim.org/entry/613860	http://www.orpha.net/ORDO/Orphanet_331190	0.752334
http://omim.org/entry/613116	http://www.orpha.net/ORDO/Orphanet_217467	0.836183
http://omim.org/entry/122455	http://www.orpha.net/ORDO/Orphanet_458718	0.773720
http://omim.org/entry/250410	http://www.orpha.net/ORDO/Orphanet_98661	0.817622
http://omim.org/entry/602066	http://www.orpha.net/ORDO/Orphanet_31709	0.853061
http://omim.org/entry/608810	http://www.orpha.net/ORDO/Orphanet_602	0.809075
http://omim.org/entry/300261	http://www.orpha.net/ORDO/Orphanet_98464	0.771143
http://omim.org/entry/600679	http://www.orpha.net/ORDO/Orphanet_141051	0.795052
http://omim.org/entry/500008	http://www.orpha.net/ORDO/Orphanet_90642	0.811260
http://omim.org/entry/245900	http://www.orpha.net/ORDO/Orphanet_650	1.000000
http://omim.org/entry/248700	http://www.orpha.net/ORDO/Orphanet_2461	1.000000
http://omim.org/entry/231060	http://www.orpha.net/ORDO/Orphanet_2075	1.000000
http://omim.org/entry/167750	http://www.orpha.net/ORDO/Orphanet_675	1.000000
http://www.omim.org/phenotypicSeries/PS224050	http://www.orpha.net/ORDO/Orphanet_98539	0.835790
http://omim.org/entry/619182	http://www.orpha.net/ORDO/Orphanet_314022	1.000000
http://omim.org/entry/221400	http://www.orpha.net/ORDO/Orphanet_3217	0.801721
http://omim.org/entry/615433	http://www.orpha.net/ORDO/Orphanet_65286	0.784657
http://www.omim.org/phenotypicSeries/PS175800	http://www.orpha.net/ORDO/Orphanet_79358	1.000000
http://omim.org/entry/615917	http://www.orpha.net/ORDO/Orphanet_420728	0.962532
http://omim.org/entry/267000	http://www.orpha.net/ORDO/Orphanet_2849	1.000000
http://omim.org/entry/218090	http://www.orpha.net/ORDO/Orphanet_1512	1.000000
http://omim.org/entry/132700	http://www.orpha.net/ORDO/Orphanet_211	1.000000
http://omim.org/entry/130650	http://www.orpha.net/ORDO/Orphanet_116	1.000000
http://omim.org/entry/131800	http://www.orpha.net/ORDO/Orphanet_595351	0.844171
http://omim.org/entry/227090	http://www.orpha.net/ORDO/Orphanet_1954	1.000000
http://www.omim.org/phenotypicSeries/PS113700	http://www.orpha.net/ORDO/Orphanet_180188	0.814559
http://omim.org/entry/190100	http://www.orpha.net/ORDO/Orphanet_209030	0.752315
http://omim.org/entry/600706	http://www.orpha.net/ORDO/Orphanet_521305	1.000000
http://omim.org/entry/232600	http://www.orpha.net/ORDO/Orphanet_368	0.911880
http://omim.org/entry/605850	http://www.orpha.net/ORDO/Orphanet_243343	1.000000
http://omim.org/entry/258900	http://www.orpha.net/ORDO/Orphanet_289899	0.784553
http://omim.org/entry/602499	http://www.orpha.net/ORDO/Orphanet_98938	0.798588
http://omim.org/entry/601351	http://www.orpha.net/ORDO/Orphanet_3218	0.818901
http://omim.org/entry/182230	http://www.orpha.net/ORDO/Orphanet_3157	0.770279
http://omim.org/entry/257800	http://www.orpha.net/ORDO/Orphanet_183469	0.788385
http://www.omim.org/phenotypicSeries/PS256100	http://www.orpha.net/ORDO/Orphanet_655	1.000000
http://omim.org/entry/612001	http://www.orpha.net/ORDO/Orphanet_199318	0.889650
http://www.omim.org/phenotypicSeries/PS219000	http://www.orpha.net/ORDO/Orphanet_2052	1.000000
http://omim.org/entry/205400	http://www.orpha.net/ORDO/Orphanet_31150	1.000000
http://www.omim.org/phenotypicSeries/PS233400	http://www.orpha.net/ORDO/Orphanet_2855	1.000000
http://omim.org/entry/606952	http://www.orpha.net/ORDO/Orphanet_79434	1.000000
http://www.omim.org/phenotypicSeries/PS153600	http://www.orpha.net/ORDO/Orphanet_33226	0.866761
http://omim.org/entry/614561	http://www.orpha.net/ORDO/Orphanet_99854	0.778125
http://omim.org/entry/276950	http://www.orpha.net/ORDO/Orphanet_3412	0.818131
http://omim.org/entry/608980	http://www.orpha.net/ORDO/Orphanet_217266	1.000000
http://omim.org/entry/614492	http://www.orpha.net/ORDO/Orphanet_88940	1.000000
http://omim.org/entry/181405	http://www.orpha.net/ORDO/Orphanet_431255	1.000000
http://omim.org/entry/113750	http://www.orpha.net/ORDO/Orphanet_370097	1.000000
http://omim.org/entry/269880	http://www.orpha.net/ORDO/Orphanet_3163	1.000000
http://omim.org/entry/190400	http://www.orpha.net/ORDO/Orphanet_221091	1.000000
http://omim.org/entry/612651	http://www.orpha.net/ORDO/Orphanet_199332	0.837423
http://omim.org/entry/613329	http://www.orpha.net/ORDO/Orphanet_465	0.806855
http://www.omim.org/phenotypicSeries/PS300345	http://www.orpha.net/ORDO/Orphanet_98555	0.922221
http://omim.org/entry/602398	http://www.orpha.net/ORDO/Orphanet_35107	1.000000
http://omim.org/entry/247410	http://www.orpha.net/ORDO/Orphanet_1563	1.000000
http://omim.org/entry/600269	http://www.orpha.net/ORDO/Orphanet_2832	0.762978
http://omim.org/entry/609425	http://www.orpha.net/ORDO/Orphanet_251038	0.839499
http://omim.org/entry/604809	http://www.orpha.net/ORDO/Orphanet_171700	1.000000
http://omim.org/entry/227330	http://www.orpha.net/ORDO/Orphanet_1974	1.000000
http://omim.org/entry/237900	http://www.orpha.net/ORDO/Orphanet_2312	1.000000
http://omim.org/entry/608290	http://www.orpha.net/ORDO/Orphanet_140936	1.000000
http://omim.org/entry/304110	http://www.orpha.net/ORDO/Orphanet_1520	1.000000
http://omim.org/entry/300373	http://www.orpha.net/ORDO/Orphanet_2780	0.817050
http://omim.org/entry/108900	http://www.orpha.net/ORDO/Orphanet_99104	0.780694
http://omim.org/entry/274000	http://www.orpha.net/ORDO/Orphanet_3320	1.000000
http://omim.org/entry/223400	http://www.orpha.net/ORDO/Orphanet_1203	1.000000
http://omim.org/entry/113970	http://www.orpha.net/ORDO/Orphanet_543	1.000000
http://omim.org/entry/114620	http://www.orpha.net/ORDO/Orphanet_363705	1.000000
http://omim.org/entry/609638	http://www.orpha.net/ORDO/Orphanet_595346	0.836383
http://omim.org/entry/108145	http://www.orpha.net/ORDO/Orphanet_1154	1.000000
http://omim.org/entry/151210	http://www.orpha.net/ORDO/Orphanet_85166	1.000000
http://omim.org/entry/601075	http://www.orpha.net/ORDO/Orphanet_1117	0.790510
http://omim.org/entry/206900	http://www.orpha.net/ORDO/Orphanet_77298	0.947109
http://omim.org/entry/230350	http://www.orpha.net/ORDO/Orphanet_79238	0.838696
http://omim.org/entry/300523	http://www.orpha.net/ORDO/Orphanet_59	1.000000
http://www.omim.org/phenotypicSeries/PS609161	http://www.orpha.net/ORDO/Orphanet_228169	0.812406
http://www.omim.org/phenotypicSeries/PS276900	http://www.orpha.net/ORDO/Orphanet_886	1.000000
http://omim.org/entry/602557	http://www.orpha.net/ORDO/Orphanet_93352	1.000000
http://omim.org/entry/127820	http://www.orpha.net/ORDO/Orphanet_1822	0.802557
http://omim.org/entry/256800	http://www.orpha.net/ORDO/Orphanet_642	1.000000
http://omim.org/entry/600383	http://www.orpha.net/ORDO/Orphanet_2496	1.000000
http://omim.org/entry/185000	http://www.orpha.net/ORDO/Orphanet_3203	1.000000
http://omim.org/entry/150250	http://www.orpha.net/ORDO/Orphanet_503	1.000000
http://omim.org/entry/612350	http://www.orpha.net/ORDO/Orphanet_285	0.919135
http://omim.org/entry/203450	http://www.orpha.net/ORDO/Orphanet_58	1.000000
http://www.omim.org/phenotypicSeries/PS108800	http://www.orpha.net/ORDO/Orphanet_1478	1.000000
http://omim.org/entry/615033	http://www.orpha.net/ORDO/Orphanet_320380	0.827897
http://omim.org/entry/613070	http://www.orpha.net/ORDO/Orphanet_464724	0.778032
http://omim.org/entry/188455	http://www.orpha.net/ORDO/Orphanet_93953	1.000000
http://omim.org/entry/146800	http://www.orpha.net/ORDO/Orphanet_455	1.000000
http://omim.org/entry/602849	http://www.orpha.net/ORDO/Orphanet_53271	1.000000
http://omim.org/entry/232500	http://www.orpha.net/ORDO/Orphanet_367	0.929464
http://omim.org/entry/241530	http://www.orpha.net/ORDO/Orphanet_157215	1.000000
http://omim.org/entry/617086	http://www.orpha.net/ORDO/Orphanet_401874	0.804123
http://omim.org/entry/604287	http://www.orpha.net/ORDO/Orphanet_139411	1.000000
http://omim.org/entry/613205	http://www.orpha.net/ORDO/Orphanet_157973	1.000000
http://omim.org/entry/122430	http://www.orpha.net/ORDO/Orphanet_1051	0.808811
http://omim.org/entry/148520	http://www.orpha.net/ORDO/Orphanet_86919	0.809994
http://omim.org/entry/610357	http://www.orpha.net/ORDO/Orphanet_101010	0.858554
http://omim.org/entry/601382	http://www.orpha.net/ORDO/Orphanet_99955	1.000000
http://www.omim.org/phenotypicSeries/PS224120	http://www.orpha.net/ORDO/Orphanet_85	1.000000
http://omim.org/entry/231690	http://www.orpha.net/ORDO/Orphanet_35706	0.888861
http://omim.org/entry/616873	http://www.orpha.net/ORDO/Orphanet_431156	0.753559
http://omim.org/entry/106400	http://www.orpha.net/ORDO/Orphanet_2206	1.000000
http://omim.org/entry/148050	http://www.orpha.net/ORDO/Orphanet_2332	1.000000
http://omim.org/entry/182690	http://www.orpha.net/ORDO/Orphanet_2820	0.859270
http://omim.org/entry/251110	http://www.orpha.net/ORDO/Orphanet_79311	0.929855
http://omim.org/entry/601472	http://www.orpha.net/ORDO/Orphanet_99938	0.928416
http://omim.org/entry/221300	http://www.orpha.net/ORDO/Orphanet_96210	0.778533
http://omim.org/entry/617296	http://www.orpha.net/ORDO/Orphanet_521390	0.759938
http://www.omim.org/phenotypicSeries/PS244400	http://www.orpha.net/ORDO/Orphanet_244	1.000000
http://www.omim.org/phenotypicSeries/PS253310	http://www.orpha.net/ORDO/Orphanet_294965	1.000000
http://omim.org/entry/174400	http://www.orpha.net/ORDO/Orphanet_93339	0.901015
http://omim.org/entry/274240	http://www.orpha.net/ORDO/Orphanet_596426	0.782036
http://omim.org/entry/271250	http://www.orpha.net/ORDO/Orphanet_95433	0.905700
http://omim.org/entry/139300	http://www.orpha.net/ORDO/Orphanet_178345	1.000000
http://omim.org/entry/201710	http://www.orpha.net/ORDO/Orphanet_325524	0.823754
http://omim.org/entry/312550	http://www.orpha.net/ORDO/Orphanet_71862	0.842123
http://omim.org/entry/610474	http://www.orpha.net/ORDO/Orphanet_85164	0.861277
http://omim.org/entry/200110	http://www.orpha.net/ORDO/Orphanet_920	1.000000
http://omim.org/entry/187760	http://www.orpha.net/ORDO/Orphanet_3317	1.000000
http://www.omim.org/phenotypicSeries/PS175780	http://www.orpha.net/ORDO/Orphanet_477754	0.881173
http://omim.org/entry/264600	http://www.orpha.net/ORDO/Orphanet_753	1.000000
http://omim.org/entry/300106	http://www.orpha.net/ORDO/Orphanet_93349	1.000000
http://omim.org/entry/613287	http://www.orpha.net/ORDO/Orphanet_228174	0.919970
http://omim.org/entry/614564	http://www.orpha.net/ORDO/Orphanet_313846	0.779486
http://omim.org/entry/109300	http://www.orpha.net/ORDO/Orphanet_1228	1.000000
http://omim.org/entry/615604	http://www.orpha.net/ORDO/Orphanet_440731	1.000000
http://omim.org/entry/615877	http://www.orpha.net/ORDO/Orphanet_202948	0.850887
http://omim.org/entry/300438	http://www.orpha.net/ORDO/Orphanet_391417	0.758549
http://omim.org/entry/193400	http://www.orpha.net/ORDO/Orphanet_166078	1.000000
http://omim.org/entry/253290	http://www.orpha.net/ORDO/Orphanet_33108	0.850303
http://omim.org/entry/608470	http://www.orpha.net/ORDO/Orphanet_98961	0.770043
http://omim.org/entry/613458	http://www.orpha.net/ORDO/Orphanet_261243	0.882470
http://omim.org/entry/134200	http://www.orpha.net/ORDO/Orphanet_2809	1.000000
http://omim.org/entry/188030	http://www.orpha.net/ORDO/Orphanet_71203	0.800848
http://omim.org/entry/261750	http://www.orpha.net/ORDO/Orphanet_79240	0.979622
http://omim.org/entry/217400	http://www.orpha.net/ORDO/Orphanet_1490	0.831059
http://omim.org/entry/182980	http://www.orpha.net/ORDO/Orphanet_209335	0.850435
http://omim.org/entry/229120	http://www.orpha.net/ORDO/Orphanet_3219	1.000000
http://omim.org/entry/601780	http://www.orpha.net/ORDO/Orphanet_228349	0.774175
http://omim.org/entry/104200	http://www.orpha.net/ORDO/Orphanet_88918	0.750629
http://www.omim.org/phenotypicSeries/PS614937	http://www.orpha.net/ORDO/Orphanet_306750	0.935988
http://omim.org/entry/228960	http://www.orpha.net/ORDO/Orphanet_483	0.751903
http://omim.org/entry/204110	http://www.orpha.net/ORDO/Orphanet_1021	0.764825
http://omim.org/entry/612937	http://www.orpha.net/ORDO/Orphanet_263297	0.772847
http://omim.org/entry/616719	http://www.orpha.net/ORDO/Orphanet_98773	0.927143
http://omim.org/entry/157980	http://www.orpha.net/ORDO/Orphanet_2563	1.000000
http://omim.org/entry/248360	http://www.orpha.net/ORDO/Orphanet_943	1.000000
http://omim.org/entry/243800	http://www.orpha.net/ORDO/Orphanet_2315	1.000000
http://omim.org/entry/610773	http://www.orpha.net/ORDO/Orphanet_35696	0.763064
http://omim.org/entry/137550	http://www.orpha.net/ORDO/Orphanet_626	0.781561
http://omim.org/entry/245590	http://www.orpha.net/ORDO/Orphanet_231662	0.788335
http://omim.org/entry/215850	http://www.orpha.net/ORDO/Orphanet_156532	0.773639
http://omim.org/entry/612868	http://www.orpha.net/ORDO/Orphanet_98971	1.000000
http://omim.org/entry/254770	http://www.orpha.net/ORDO/Orphanet_307	1.000000
http://omim.org/entry/235800	http://www.orpha.net/ORDO/Orphanet_2157	1.000000
http://omim.org/entry/611228	http://www.orpha.net/ORDO/Orphanet_139515	1.000000
http://omim.org/entry/221790	http://www.orpha.net/ORDO/Orphanet_1659	1.000000
http://omim.org/entry/615767	http://www.orpha.net/ORDO/Orphanet_431156	0.767816
http://omim.org/entry/607694	http://www.orpha.net/ORDO/Orphanet_137639	0.793223
http://omim.org/entry/615458	http://www.orpha.net/ORDO/Orphanet_289499	0.827450
http://omim.org/entry/253200	http://www.orpha.net/ORDO/Orphanet_583	1.000000
http://omim.org/entry/100800	http://www.orpha.net/ORDO/Orphanet_15	1.000000
http://omim.org/entry/608220	http://www.orpha.net/ORDO/Orphanet_101005	0.856292
http://omim.org/entry/618138	http://www.orpha.net/ORDO/Orphanet_565837	0.872388
http://omim.org/entry/600273	http://www.orpha.net/ORDO/Orphanet_88924	0.828737
http://omim.org/entry/601160	http://www.orpha.net/ORDO/Orphanet_102011	0.912463
http://omim.org/entry/225050	http://www.orpha.net/ORDO/Orphanet_1882	0.835762
http://omim.org/entry/202660	http://www.orpha.net/ORDO/Orphanet_991	1.000000
http://omim.org/entry/217600	http://www.orpha.net/ORDO/Orphanet_98972	0.849904
http://www.omim.org/phenotypicSeries/PS108600	http://www.orpha.net/ORDO/Orphanet_316226	1.000000
http://omim.org/entry/604335	http://www.orpha.net/ORDO/Orphanet_99995	1.000000
http://www.omim.org/phenotypicSeries/PS609620	http://www.orpha.net/ORDO/Orphanet_51083	0.806535
http://omim.org/entry/614229	http://www.orpha.net/ORDO/Orphanet_98767	0.971536
http://omim.org/entry/228250	http://www.orpha.net/ORDO/Orphanet_1986	0.787754
http://omim.org/entry/601098	http://www.orpha.net/ORDO/Orphanet_101083	0.876706
http://www.omim.org/phenotypicSeries/PS258315	http://www.orpha.net/ORDO/Orphanet_2733	1.000000
http://omim.org/entry/275300	http://www.orpha.net/ORDO/Orphanet_3347	1.000000
http://omim.org/entry/153300	http://www.orpha.net/ORDO/Orphanet_662	1.000000
http://omim.org/entry/182601	http://www.orpha.net/ORDO/Orphanet_320342	0.819972
http://omim.org/entry/208250	http://www.orpha.net/ORDO/Orphanet_2848	1.000000
http://omim.org/entry/193230	http://www.orpha.net/ORDO/Orphanet_91496	0.837608
http://omim.org/entry/272800	http://www.orpha.net/ORDO/Orphanet_845	1.000000
http://omim.org/entry/310490	http://www.orpha.net/ORDO/Orphanet_64749	0.819224
http://www.omim.org/phenotypicSeries/PS257920	http://www.orpha.net/ORDO/Orphanet_293843	1.000000
http://omim.org/entry/129850	http://www.orpha.net/ORDO/Orphanet_1895	1.000000
http://omim.org/entry/268130	http://www.orpha.net/ORDO/Orphanet_3088	1.000000
http://omim.org/entry/157151	http://www.orpha.net/ORDO/Orphanet_2551	0.878032
http://omim.org/entry/615395	http://www.orpha.net/ORDO/Orphanet_352563	0.856404
http://omim.org/entry/148350	http://www.orpha.net/ORDO/Orphanet_2202	0.828231
http://omim.org/entry/246550	http://www.orpha.net/ORDO/Orphanet_2390	1.000000
http://omim.org/entry/614969	http://www.orpha.net/ORDO/Orphanet_284339	1.000000
http://omim.org/entry/130720	http://www.orpha.net/ORDO/Orphanet_2789	1.000000
http://omim.org/entry/606768	http://www.orpha.net/ORDO/Orphanet_178400	1.000000
http://omim.org/entry/211600	http://www.orpha.net/ORDO/Orphanet_79306	0.995165
http://omim.org/entry/220220	http://www.orpha.net/ORDO/Orphanet_1566	0.800402
http://omim.org/entry/611726	http://www.orpha.net/ORDO/Orphanet_98261	0.798089
http://omim.org/entry/146255	http://www.orpha.net/ORDO/Orphanet_2237	0.876735
http://omim.org/entry/145260	http://www.orpha.net/ORDO/Orphanet_88938	1.000000
http://omim.org/entry/603689	http://www.orpha.net/ORDO/Orphanet_593	0.756731
http://omim.org/entry/107600	http://www.orpha.net/ORDO/Orphanet_1114	0.889938
http://omim.org/entry/105150	http://www.orpha.net/ORDO/Orphanet_324708	0.787250
http://omim.org/entry/255110	http://www.orpha.net/ORDO/Orphanet_228302	0.779376
http://omim.org/entry/149700	http://www.orpha.net/ORDO/Orphanet_522532	0.765309
http://omim.org/entry/200995	http://www.orpha.net/ORDO/Orphanet_221054	1.000000
http://omim.org/entry/158300	http://www.orpha.net/ORDO/Orphanet_3377	1.000000
http://omim.org/entry/306900	http://www.orpha.net/ORDO/Orphanet_98879	1.000000
http://omim.org/entry/237500	http://www.orpha.net/ORDO/Orphanet_234	1.000000
http://omim.org/entry/208900	http://www.orpha.net/ORDO/Orphanet_100	1.000000
http://omim.org/entry/235700	http://www.orpha.net/ORDO/Orphanet_98372	0.856821
http://omim.org/entry/604218	http://www.orpha.net/ORDO/Orphanet_85110	1.000000
http://www.omim.org/phenotypicSeries/PS160900	http://www.orpha.net/ORDO/Orphanet_206647	1.000000
http://omim.org/entry/609311	http://www.orpha.net/ORDO/Orphanet_99954	1.000000
http://omim.org/entry/166900	http://www.orpha.net/ORDO/Orphanet_98868	1.000000
http://omim.org/entry/612379	http://www.orpha.net/ORDO/Orphanet_371064	0.878421
http://omim.org/entry/218300	http://www.orpha.net/ORDO/Orphanet_1513	1.000000
http://omim.org/entry/612626	http://www.orpha.net/ORDO/Orphanet_238446	0.839267
http://omim.org/entry/616367	http://www.orpha.net/ORDO/Orphanet_443995	1.000000
http://omim.org/entry/253601	http://www.orpha.net/ORDO/Orphanet_456369	0.787264
http://omim.org/entry/600121	http://www.orpha.net/ORDO/Orphanet_309803	1.000000
http://omim.org/entry/254900	http://www.orpha.net/ORDO/Orphanet_86913	0.763212
http://www.omim.org/phenotypicSeries/PS123100	http://www.orpha.net/ORDO/Orphanet_1531	1.000000
http://omim.org/entry/615501	http://www.orpha.net/ORDO/Orphanet_308400	0.808017
http://omim.org/entry/114200	http://www.orpha.net/ORDO/Orphanet_1327	0.814013
http://omim.org/entry/605911	http://www.orpha.net/ORDO/Orphanet_309127	0.764154
http://omim.org/entry/151900	http://www.orpha.net/ORDO/Orphanet_2398	0.837750
http://omim.org/entry/609136	http://www.orpha.net/ORDO/Orphanet_163746	0.856279
http://www.omim.org/phenotypicSeries/PS175100	http://www.orpha.net/ORDO/Orphanet_733	1.000000
http://www.omim.org/phenotypicSeries/PS605711	http://www.orpha.net/ORDO/Orphanet_289573	1.000000
http://www.omim.org/phenotypicSeries/PS236680	http://www.orpha.net/ORDO/Orphanet_2189	0.816078
http://omim.org/entry/176500	http://www.orpha.net/ORDO/Orphanet_324713	0.833051
http://omim.org/entry/606595	http://www.orpha.net/ORDO/Orphanet_99940	0.857532
http://omim.org/entry/605309	http://www.orpha.net/ORDO/Orphanet_269528	0.788824
http://omim.org/entry/259770	http://www.orpha.net/ORDO/Orphanet_2788	1.000000
http://omim.org/entry/611771	http://www.orpha.net/ORDO/Orphanet_329481	1.000000
http://omim.org/entry/614200	http://www.orpha.net/ORDO/Orphanet_248368	0.801332
http://www.omim.org/phenotypicSeries/PS265120	http://www.orpha.net/ORDO/Orphanet_100049	0.795125
http://omim.org/entry/610100	http://www.orpha.net/ORDO/Orphanet_643	0.853593
http://www.omim.org/phenotypicSeries/PS601471	http://www.orpha.net/ORDO/Orphanet_156224	0.840435
http://omim.org/entry/609128	http://www.orpha.net/ORDO/Orphanet_65720	1.000000
http://omim.org/entry/190310	http://www.orpha.net/ORDO/Orphanet_3350	0.781382
http://omim.org/entry/190685	http://www.orpha.net/ORDO/Orphanet_870	1.000000
http://omim.org/entry/612951	http://www.orpha.net/ORDO/Orphanet_85136	1.000000
http://omim.org/entry/613978	http://www.orpha.net/ORDO/Orphanet_93616	1.000000
http://omim.org/entry/608432	http://www.orpha.net/ORDO/Orphanet_139393	0.825566
http://omim.org/entry/230200	http://www.orpha.net/ORDO/Orphanet_79237	0.922842
http://omim.org/entry/221320	http://www.orpha.net/ORDO/Orphanet_3236	0.787251
http://omim.org/entry/604498	http://www.orpha.net/ORDO/Orphanet_3319	1.000000
http://omim.org/entry/612015	http://www.orpha.net/ORDO/Orphanet_244310	1.000000
http://omim.org/entry/602562	http://www.orpha.net/ORDO/Orphanet_357158	0.801395
http://omim.org/entry/611283	http://www.orpha.net/ORDO/Orphanet_79159	1.000000
http://omim.org/entry/101900	http://www.orpha.net/ORDO/Orphanet_79356	0.789391
http://omim.org/entry/604093	http://www.orpha.net/ORDO/Orphanet_498	1.000000
http://omim.org/entry/614833	http://www.orpha.net/ORDO/Orphanet_468631	0.794229
http://omim.org/entry/617054	http://www.orpha.net/ORDO/Orphanet_228169	0.758268
http://omim.org/entry/614748	http://www.orpha.net/ORDO/Orphanet_306504	0.870124
http://omim.org/entry/212065	http://www.orpha.net/ORDO/Orphanet_371235	0.854168
http://omim.org/entry/606232	http://www.orpha.net/ORDO/Orphanet_48652	1.000000
http://omim.org/entry/616491	http://www.orpha.net/ORDO/Orphanet_447964	0.826577
http://omim.org/entry/268000	http://www.orpha.net/ORDO/Orphanet_791	1.000000
http://omim.org/entry/614576	http://www.orpha.net/ORDO/Orphanet_464443	1.000000
http://omim.org/entry/614700	http://www.orpha.net/ORDO/Orphanet_217390	0.775407
http://omim.org/entry/151630	http://www.orpha.net/ORDO/Orphanet_2699	0.794735
http://omim.org/entry/617017	http://www.orpha.net/ORDO/Orphanet_495274	0.842112
http://omim.org/entry/154020	http://www.orpha.net/ORDO/Orphanet_306519	0.831854
http://omim.org/entry/236795	http://www.orpha.net/ORDO/Orphanet_939	1.000000
http://omim.org/entry/270750	http://www.orpha.net/ORDO/Orphanet_100994	0.871542
http://omim.org/entry/231000	http://www.orpha.net/ORDO/Orphanet_77261	1.000000
http://www.omim.org/phenotypicSeries/PS234200	http://www.orpha.net/ORDO/Orphanet_385	1.000000
http://omim.org/entry/300067	http://www.orpha.net/ORDO/Orphanet_102009	0.950056
http://omim.org/entry/614171	http://www.orpha.net/ORDO/Orphanet_280663	1.000000
http://omim.org/entry/208920	http://www.orpha.net/ORDO/Orphanet_98539	0.793228
http://omim.org/entry/617228	http://www.orpha.net/ORDO/Orphanet_497623	0.851434
http://omim.org/entry/249650	http://www.orpha.net/ORDO/Orphanet_1035	0.759270
http://omim.org/entry/604320	http://www.orpha.net/ORDO/Orphanet_139518	0.847611
http://omim.org/entry/615368	http://www.orpha.net/ORDO/Orphanet_363409	0.763071
http://omim.org/entry/103200	http://www.orpha.net/ORDO/Orphanet_36397	1.000000
http://omim.org/entry/277200	http://www.orpha.net/ORDO/Orphanet_439	1.000000
http://omim.org/entry/226440	http://www.orpha.net/ORDO/Orphanet_305	0.851729
http://www.omim.org/phenotypicSeries/PS243300	http://www.orpha.net/ORDO/Orphanet_65682	1.000000
http://omim.org/entry/600649	http://www.orpha.net/ORDO/Orphanet_228305	0.872946
http://omim.org/entry/609628	http://www.orpha.net/ORDO/Orphanet_77297	1.000000
http://omim.org/entry/300868	http://www.orpha.net/ORDO/Orphanet_401874	0.773038
http://omim.org/entry/601321	http://www.orpha.net/ORDO/Orphanet_638	1.000000
http://omim.org/entry/608911	http://www.orpha.net/ORDO/Orphanet_137914	0.809650
http://www.omim.org/phenotypicSeries/PS606215	http://www.orpha.net/ORDO/Orphanet_98722	1.000000
http://omim.org/entry/613089	http://www.orpha.net/ORDO/Orphanet_168984	0.877398
http://omim.org/entry/234250	http://www.orpha.net/ORDO/Orphanet_2107	0.792218
http://omim.org/entry/611209	http://www.orpha.net/ORDO/Orphanet_263508	1.000000
http://omim.org/entry/182815	http://www.orpha.net/ORDO/Orphanet_2821	0.861304
http://omim.org/entry/300322	http://www.orpha.net/ORDO/Orphanet_510	1.000000
http://omim.org/entry/124200	http://www.orpha.net/ORDO/Orphanet_218	1.000000
http://omim.org/entry/617046	http://www.orpha.net/ORDO/Orphanet_466722	0.811368
http://omim.org/entry/617140	http://www.orpha.net/ORDO/Orphanet_500150	1.000000
http://www.omim.org/phenotypicSeries/PS305620	http://www.orpha.net/ORDO/Orphanet_1826	1.000000
http://omim.org/entry/615381	http://www.orpha.net/ORDO/Orphanet_90154	0.777316
http://www.omim.org/phenotypicSeries/PS610253	http://www.orpha.net/ORDO/Orphanet_261494	1.000000
http://omim.org/entry/125230	http://www.orpha.net/ORDO/Orphanet_3241	1.000000
http://omim.org/entry/253260	http://www.orpha.net/ORDO/Orphanet_79241	1.000000
http://www.omim.org/phenotypicSeries/PS203300	http://www.orpha.net/ORDO/Orphanet_79430	1.000000
http://omim.org/entry/617384	http://www.orpha.net/ORDO/Orphanet_293284	0.796814
http://omim.org/entry/616053	http://www.orpha.net/ORDO/Orphanet_423275	0.880928
http://omim.org/entry/259410	http://www.orpha.net/ORDO/Orphanet_2772	0.812188
http://omim.org/entry/185900	http://www.orpha.net/ORDO/Orphanet_251019	0.753542
http://omim.org/entry/604563	http://www.orpha.net/ORDO/Orphanet_99956	1.000000
http://omim.org/entry/103900	http://www.orpha.net/ORDO/Orphanet_403	1.000000
http://omim.org/entry/185750	http://www.orpha.net/ORDO/Orphanet_3246	1.000000
http://omim.org/entry/614878	http://www.orpha.net/ORDO/Orphanet_324530	0.867162
http://omim.org/entry/270400	http://www.orpha.net/ORDO/Orphanet_818	1.000000
http://omim.org/entry/177800	http://www.orpha.net/ORDO/Orphanet_519339	1.000000
http://omim.org/entry/176240	http://www.orpha.net/ORDO/Orphanet_2730	1.000000
http://omim.org/entry/103500	http://www.orpha.net/ORDO/Orphanet_42665	0.763355
http://omim.org/entry/612513	http://www.orpha.net/ORDO/Orphanet_261349	0.835920
http://omim.org/entry/104100	http://www.orpha.net/ORDO/Orphanet_79501	0.755494
http://www.omim.org/phenotypicSeries/PS231090	http://www.orpha.net/ORDO/Orphanet_99927	0.813395
http://omim.org/entry/600460	http://www.orpha.net/ORDO/Orphanet_1896	0.792630
http://www.omim.org/phenotypicSeries/PS210600	http://www.orpha.net/ORDO/Orphanet_808	1.000000
http://www.omim.org/phenotypicSeries/PS262400	http://www.orpha.net/ORDO/Orphanet_631	0.855389
http://omim.org/entry/616871	http://www.orpha.net/ORDO/Orphanet_98274	0.785410
http://omim.org/entry/150300	http://www.orpha.net/ORDO/Orphanet_156249	0.771803
http://omim.org/entry/614592	http://www.orpha.net/ORDO/Orphanet_93439	0.799681
http://www.omim.org/phenotypicSeries/PS613573	http://www.orpha.net/ORDO/Orphanet_247820	1.000000
http://omim.org/entry/275900	http://www.orpha.net/ORDO/Orphanet_101000	0.837178
http://omim.org/entry/201810	http://www.orpha.net/ORDO/Orphanet_90791	0.799462
http://www.omim.org/phenotypicSeries/PS306400	http://www.orpha.net/ORDO/Orphanet_379	1.000000
http://omim.org/entry/608415	http://www.orpha.net/ORDO/Orphanet_75374	1.000000
http://omim.org/entry/176920	http://www.orpha.net/ORDO/Orphanet_744	1.000000
http://omim.org/entry/178550	http://www.orpha.net/ORDO/Orphanet_99931	0.812274
http://omim.org/entry/607197	http://www.orpha.net/ORDO/Orphanet_96210	0.902158
http://omim.org/entry/606893	http://www.orpha.net/ORDO/Orphanet_458844	0.793521
http://omim.org/entry/244450	http://www.orpha.net/ORDO/Orphanet_2707	0.803064
http://omim.org/entry/600329	http://www.orpha.net/ORDO/Orphanet_85179	0.857735
http://omim.org/entry/156530	http://www.orpha.net/ORDO/Orphanet_2635	1.000000
http://omim.org/entry/613490	http://www.orpha.net/ORDO/Orphanet_60	1.000000
http://omim.org/entry/611588	http://www.orpha.net/ORDO/Orphanet_370953	0.833866
http://omim.org/entry/235760	http://www.orpha.net/ORDO/Orphanet_2153	0.813425
http://omim.org/entry/248200	http://www.orpha.net/ORDO/Orphanet_827	0.762765
http://omim.org/entry/603585	http://www.orpha.net/ORDO/Orphanet_238459	1.000000
http://omim.org/entry/613102	http://www.orpha.net/ORDO/Orphanet_217407	0.813969
http://omim.org/entry/606170	http://www.orpha.net/ORDO/Orphanet_85201	1.000000
http://omim.org/entry/617710	http://www.orpha.net/ORDO/Orphanet_225700	0.813565
http://omim.org/entry/271270	http://www.orpha.net/ORDO/Orphanet_98099	0.823879
http://omim.org/entry/615897	http://www.orpha.net/ORDO/Orphanet_169361	0.751897
http://omim.org/entry/600740	http://www.orpha.net/ORDO/Orphanet_101050	1.000000
http://omim.org/entry/156232	http://www.orpha.net/ORDO/Orphanet_1836	1.000000
http://www.omim.org/phenotypicSeries/PS118220	http://www.orpha.net/ORDO/Orphanet_166	0.909423
http://omim.org/entry/249700	http://www.orpha.net/ORDO/Orphanet_2632	1.000000
http://omim.org/entry/103920	http://www.orpha.net/ORDO/Orphanet_1164	0.842450
http://omim.org/entry/609541	http://www.orpha.net/ORDO/Orphanet_320406	0.814314
http://omim.org/entry/614702	http://www.orpha.net/ORDO/Orphanet_314637	0.908384
http://omim.org/entry/608266	http://www.orpha.net/ORDO/Orphanet_143	1.000000
http://omim.org/entry/113310	http://www.orpha.net/ORDO/Orphanet_572385	0.837152
http://omim.org/entry/145980	http://www.orpha.net/ORDO/Orphanet_93372	1.000000
http://omim.org/entry/605589	http://www.orpha.net/ORDO/Orphanet_64746	0.913811
http://omim.org/entry/615878	http://www.orpha.net/ORDO/Orphanet_480483	1.000000
http://omim.org/entry/613646	http://www.orpha.net/ORDO/Orphanet_280183	0.848062
http://www.omim.org/phenotypicSeries/PS256040	http://www.orpha.net/ORDO/Orphanet_324927	0.886903
http://omim.org/entry/607015	http://www.orpha.net/ORDO/Orphanet_93476	1.000000
http://omim.org/entry/601927	http://www.orpha.net/ORDO/Orphanet_2136	0.832432
http://omim.org/entry/616415	http://www.orpha.net/ORDO/Orphanet_480536	0.767788
http://omim.org/entry/183849	http://www.orpha.net/ORDO/Orphanet_168443	0.817337
http://omim.org/entry/312750	http://www.orpha.net/ORDO/Orphanet_778	1.000000
http://omim.org/entry/613215	http://www.orpha.net/ORDO/Orphanet_217385	0.844485
http://omim.org/entry/123400	http://www.orpha.net/ORDO/Orphanet_454700	0.821572
http://omim.org/entry/615873	http://www.orpha.net/ORDO/Orphanet_404448	1.000000
http://www.omim.org/phenotypicSeries/PS160120	http://www.orpha.net/ORDO/Orphanet_102002	0.820304
http://omim.org/entry/235255	http://www.orpha.net/ORDO/Orphanet_1655	0.787120
http://omim.org/entry/243000	http://www.orpha.net/ORDO/Orphanet_88642	0.882393
http://omim.org/entry/187360	http://www.orpha.net/ORDO/Orphanet_397	1.000000
http://omim.org/entry/214370	http://www.orpha.net/ORDO/Orphanet_90103	0.872971
http://omim.org/entry/300863	http://www.orpha.net/ORDO/Orphanet_79347	0.802795
http://omim.org/entry/614875	http://www.orpha.net/ORDO/Orphanet_99646	0.901314
http://omim.org/entry/147421	http://www.orpha.net/ORDO/Orphanet_611	1.000000
http://omim.org/entry/613672	http://www.orpha.net/ORDO/Orphanet_254343	0.851635
http://omim.org/entry/125640	http://www.orpha.net/ORDO/Orphanet_1660	1.000000
http://omim.org/entry/259900	http://www.orpha.net/ORDO/Orphanet_93598	1.000000
http://omim.org/entry/264480	http://www.orpha.net/ORDO/Orphanet_3378	0.766884
http://www.omim.org/phenotypicSeries/PS608567	http://www.orpha.net/ORDO/Orphanet_166282	0.753493
http://omim.org/entry/105580	http://www.orpha.net/ORDO/Orphanet_424013	0.966900
http://omim.org/entry/106220	http://www.orpha.net/ORDO/Orphanet_98557	0.762576
http://omim.org/entry/138930	http://www.orpha.net/ORDO/Orphanet_2097	1.000000
http://omim.org/entry/613818	http://www.orpha.net/ORDO/Orphanet_370953	0.842514
http://omim.org/entry/609815	http://www.orpha.net/ORDO/Orphanet_295187	0.792950
http://omim.org/entry/607944	http://www.orpha.net/ORDO/Orphanet_1855	0.786263
http://omim.org/entry/203340	http://www.orpha.net/ORDO/Orphanet_2513	1.000000
http://omim.org/entry/113500	http://www.orpha.net/ORDO/Orphanet_93304	1.000000
http://omim.org/entry/619165	http://www.orpha.net/ORDO/Orphanet_597733	1.000000
http://omim.org/entry/613355	http://www.orpha.net/ORDO/Orphanet_261279	0.871035
http://omim.org/entry/615879	http://www.orpha.net/ORDO/Orphanet_404443	1.000000
http://www.omim.org/phenotypicSeries/PS178600	http://www.orpha.net/ORDO/Orphanet_275853	0.890800
http://omim.org/entry/268850	http://www.orpha.net/ORDO/Orphanet_1784	0.800462
http://omim.org/entry/232300	http://www.orpha.net/ORDO/Orphanet_365	0.852588
http://omim.org/entry/152950	http://www.orpha.net/ORDO/Orphanet_2526	0.878026
http://omim.org/entry/308850	http://www.orpha.net/ORDO/Orphanet_2808	1.000000
http://omim.org/entry/300484	http://www.orpha.net/ORDO/Orphanet_2755	0.873092
http://omim.org/entry/612918	http://www.orpha.net/ORDO/Orphanet_140944	0.841808
http://omim.org/entry/300270	http://www.orpha.net/ORDO/Orphanet_977	1.000000
http://omim.org/entry/613855	http://www.orpha.net/ORDO/Orphanet_211067	1.000000
http://omim.org/entry/601165	http://www.orpha.net/ORDO/Orphanet_2001	0.801023
http://omim.org/entry/240200	http://www.orpha.net/ORDO/Orphanet_101958	0.814576
http://www.omim.org/phenotypicSeries/PS131100	http://www.orpha.net/ORDO/Orphanet_276161	1.000000
http://omim.org/entry/300431	http://www.orpha.net/ORDO/Orphanet_1193	1.000000
http://omim.org/entry/612852	http://www.orpha.net/ORDO/Orphanet_210115	1.000000
http://www.omim.org/phenotypicSeries/PS166200	http://www.orpha.net/ORDO/Orphanet_666	1.000000
http://omim.org/entry/611863	http://www.orpha.net/ORDO/Orphanet_139450	0.859543
http://omim.org/entry/610234	http://www.orpha.net/ORDO/Orphanet_295199	0.950526
http://omim.org/entry/605407	http://www.orpha.net/ORDO/Orphanet_101150	1.000000
http://omim.org/entry/201050	http://www.orpha.net/ORDO/Orphanet_949	1.000000
http://omim.org/entry/150800	http://www.orpha.net/ORDO/Orphanet_523	1.000000
http://omim.org/entry/203600	http://www.orpha.net/ORDO/Orphanet_2574	0.859957
http://omim.org/entry/271245	http://www.orpha.net/ORDO/Orphanet_254871	0.813475
http://omim.org/entry/260910	http://www.orpha.net/ORDO/Orphanet_345	0.765861
http://omim.org/entry/617669	http://www.orpha.net/ORDO/Orphanet_599373	0.768830
http://omim.org/entry/137245	http://www.orpha.net/ORDO/Orphanet_223735	0.772525
http://omim.org/entry/310400	http://www.orpha.net/ORDO/Orphanet_596	1.000000
http://omim.org/entry/206780	http://www.orpha.net/ORDO/Orphanet_99797	0.883350
http://omim.org/entry/610377	http://www.orpha.net/ORDO/Orphanet_29	1.000000
http://omim.org/entry/614077	http://www.orpha.net/ORDO/Orphanet_231537	1.000000
http://omim.org/entry/603546	http://www.orpha.net/ORDO/Orphanet_93360	1.000000
http://omim.org/entry/183800	http://www.orpha.net/ORDO/Orphanet_2329	0.817749
http://omim.org/entry/250220	http://www.orpha.net/ORDO/Orphanet_93317	1.000000
http://omim.org/entry/265900	http://www.orpha.net/ORDO/Orphanet_3005	1.000000
http://omim.org/entry/616668	http://www.orpha.net/ORDO/Orphanet_466775	0.803101
http://omim.org/entry/609307	http://www.orpha.net/ORDO/Orphanet_98764	0.965565
http://omim.org/entry/175690	http://www.orpha.net/ORDO/Orphanet_2935	1.000000
http://omim.org/entry/178330	http://www.orpha.net/ORDO/Orphanet_2999	0.794586
http://www.omim.org/phenotypicSeries/PS256730	http://www.orpha.net/ORDO/Orphanet_228346	0.810568
http://omim.org/entry/615040	http://www.orpha.net/ORDO/Orphanet_99995	0.751497
http://omim.org/entry/601449	http://www.orpha.net/ORDO/Orphanet_3235	1.000000
http://omim.org/entry/617394	http://www.orpha.net/ORDO/Orphanet_447771	0.885044
http://omim.org/entry/608571	http://www.orpha.net/ORDO/Orphanet_52056	0.829720
http://omim.org/entry/192950	http://www.orpha.net/ORDO/Orphanet_178382	1.000000
http://omim.org/entry/181450	http://www.orpha.net/ORDO/Orphanet_3138	1.000000
http://omim.org/entry/164300	http://www.orpha.net/ORDO/Orphanet_270	1.000000
http://omim.org/entry/156580	http://www.orpha.net/ORDO/Orphanet_269528	0.874981
http://omim.org/entry/260470	http://www.orpha.net/ORDO/Orphanet_2806	1.000000
http://omim.org/entry/615705	http://www.orpha.net/ORDO/Orphanet_404499	0.838443
http://omim.org/entry/219500	http://www.orpha.net/ORDO/Orphanet_212	1.000000
http://omim.org/entry/221800	http://www.orpha.net/ORDO/Orphanet_79149	1.000000
http://omim.org/entry/600072	http://www.orpha.net/ORDO/Orphanet_466	1.000000
http://omim.org/entry/225400	http://www.orpha.net/ORDO/Orphanet_230839	0.794398
http://omim.org/entry/610743	http://www.orpha.net/ORDO/Orphanet_98760	0.927122
http://omim.org/entry/614688	http://www.orpha.net/ORDO/Orphanet_269229	1.000000
http://omim.org/entry/312080	http://www.orpha.net/ORDO/Orphanet_702	1.000000
http://omim.org/entry/300988	http://www.orpha.net/ORDO/Orphanet_169361	0.753832
http://omim.org/entry/113670	http://www.orpha.net/ORDO/Orphanet_180176	0.784319
http://omim.org/entry/245150	http://www.orpha.net/ORDO/Orphanet_85202	1.000000
http://omim.org/entry/602082	http://www.orpha.net/ORDO/Orphanet_98960	0.787186
http://omim.org/entry/607765	http://www.orpha.net/ORDO/Orphanet_79301	0.888644
http://omim.org/entry/202110	http://www.orpha.net/ORDO/Orphanet_90793	1.000000
http://omim.org/entry/614076	http://www.orpha.net/ORDO/Orphanet_231531	1.000000
http://omim.org/entry/133190	http://www.orpha.net/ORDO/Orphanet_1955	0.820271
http://omim.org/entry/617213	http://www.orpha.net/ORDO/Orphanet_440713	0.763726
http://omim.org/entry/605355	http://www.orpha.net/ORDO/Orphanet_457074	0.882565
http://omim.org/entry/540000	http://www.orpha.net/ORDO/Orphanet_550	1.000000
http://omim.org/entry/261560	http://www.orpha.net/ORDO/Orphanet_2871	1.000000
http://omim.org/entry/615491	http://www.orpha.net/ORDO/Orphanet_431329	0.779200
http://omim.org/entry/300700	http://www.orpha.net/ORDO/Orphanet_998	1.000000
http://omim.org/entry/187260	http://www.orpha.net/ORDO/Orphanet_482092	0.778327
http://omim.org/entry/615042	http://www.orpha.net/ORDO/Orphanet_371235	0.892142
http://omim.org/entry/255320	http://www.orpha.net/ORDO/Orphanet_98905	0.899971
http://omim.org/entry/600886	http://www.orpha.net/ORDO/Orphanet_247790	0.754968
http://omim.org/entry/609460	http://www.orpha.net/ORDO/Orphanet_2462	1.000000
http://omim.org/entry/601808	http://www.orpha.net/ORDO/Orphanet_261836	0.861024
http://omim.org/entry/609029	http://www.orpha.net/ORDO/Orphanet_96170	1.000000
http://omim.org/entry/610755	http://www.orpha.net/ORDO/Orphanet_276152	1.000000
http://omim.org/entry/612445	http://www.orpha.net/ORDO/Orphanet_171844	0.882087
http://www.omim.org/phenotypicSeries/PS278300	http://www.orpha.net/ORDO/Orphanet_3467	0.750167
http://omim.org/entry/166705	http://www.orpha.net/ORDO/Orphanet_1562	0.797192
http://omim.org/entry/300614	http://www.orpha.net/ORDO/Orphanet_90625	0.776706
http://omim.org/entry/300896	http://www.orpha.net/ORDO/Orphanet_356961	1.000000
http://omim.org/entry/179830	http://www.orpha.net/ORDO/Orphanet_47159	1.000000
http://omim.org/entry/245348	http://www.orpha.net/ORDO/Orphanet_79244	1.000000
http://omim.org/entry/607432	http://www.orpha.net/ORDO/Orphanet_102009	1.000000
http://omim.org/entry/252100	http://www.orpha.net/ORDO/Orphanet_2751	1.000000
http://omim.org/entry/617560	http://www.orpha.net/ORDO/Orphanet_251282	0.832316
http://omim.org/entry/263000	http://www.orpha.net/ORDO/Orphanet_264762	0.801948
http://omim.org/entry/179250	http://www.orpha.net/ORDO/Orphanet_2252	0.891712
http://www.omim.org/phenotypicSeries/PS300291	http://www.orpha.net/ORDO/Orphanet_98813	0.865619
http://www.omim.org/phenotypicSeries/PS251200	http://www.orpha.net/ORDO/Orphanet_269528	0.862086
http://www.omim.org/phenotypicSeries/PS619115	http://www.orpha.net/ORDO/Orphanet_230857	0.864089
http://omim.org/entry/175500	http://www.orpha.net/ORDO/Orphanet_2930	0.843982
http://omim.org/entry/193300	http://www.orpha.net/ORDO/Orphanet_892	1.000000
http://omim.org/entry/242700	http://www.orpha.net/ORDO/Orphanet_101972	0.847188
http://omim.org/entry/304100	http://www.orpha.net/ORDO/Orphanet_199639	0.811372
http://omim.org/entry/121850	http://www.orpha.net/ORDO/Orphanet_98970	1.000000
http://omim.org/entry/615658	http://www.orpha.net/ORDO/Orphanet_431329	0.850963
http://omim.org/entry/608649	http://www.orpha.net/ORDO/Orphanet_88621	1.000000
http://omim.org/entry/271700	http://www.orpha.net/ORDO/Orphanet_93434	0.820394
http://omim.org/entry/617232	http://www.orpha.net/ORDO/Orphanet_102015	0.809634
http://omim.org/entry/264300	http://www.orpha.net/ORDO/Orphanet_752	1.000000
http://omim.org/entry/183802	http://www.orpha.net/ORDO/Orphanet_2437	1.000000
http://www.omim.org/phenotypicSeries/PS174050	http://www.orpha.net/ORDO/Orphanet_2924	0.779989
http://omim.org/entry/618835	http://www.orpha.net/ORDO/Orphanet_565624	0.823871
http://omim.org/entry/304150	http://www.orpha.net/ORDO/Orphanet_198	1.000000
http://omim.org/entry/613489	http://www.orpha.net/ORDO/Orphanet_263501	1.000000
http://omim.org/entry/614038	http://www.orpha.net/ORDO/Orphanet_568047	0.830143
http://omim.org/entry/607143	http://www.orpha.net/ORDO/Orphanet_79324	1.000000
http://www.omim.org/phenotypicSeries/PS311360	http://www.orpha.net/ORDO/Orphanet_95710	0.959793
http://omim.org/entry/101805	http://www.orpha.net/ORDO/Orphanet_1786	1.000000
http://omim.org/entry/243600	http://www.orpha.net/ORDO/Orphanet_1201	1.000000
http://omim.org/entry/300004	http://www.orpha.net/ORDO/Orphanet_199639	0.856995
http://omim.org/entry/302800	http://www.orpha.net/ORDO/Orphanet_65753	0.860005
http://omim.org/entry/261540	http://www.orpha.net/ORDO/Orphanet_709	1.000000
http://omim.org/entry/615486	http://www.orpha.net/ORDO/Orphanet_440427	1.000000
http://omim.org/entry/231680	http://www.orpha.net/ORDO/Orphanet_26791	1.000000
http://omim.org/entry/613839	http://www.orpha.net/ORDO/Orphanet_319651	0.873789
http://omim.org/entry/607785	http://www.orpha.net/ORDO/Orphanet_86834	1.000000
http://omim.org/entry/255310	http://www.orpha.net/ORDO/Orphanet_2020	0.878276
http://www.omim.org/phenotypicSeries/PS115210	http://www.orpha.net/ORDO/Orphanet_217635	1.000000
http://omim.org/entry/152900	http://www.orpha.net/ORDO/Orphanet_86914	0.838211
http://omim.org/entry/300218	http://www.orpha.net/ORDO/Orphanet_85274	0.811353
http://omim.org/entry/300813	http://www.orpha.net/ORDO/Orphanet_3273	1.000000
http://omim.org/entry/616222	http://www.orpha.net/ORDO/Orphanet_254516	1.000000
http://www.omim.org/phenotypicSeries/PS191830	http://www.orpha.net/ORDO/Orphanet_93101	0.763569
http://omim.org/entry/607626	http://www.orpha.net/ORDO/Orphanet_59303	0.829047
http://omim.org/entry/609452	http://www.orpha.net/ORDO/Orphanet_319160	0.802794
http://omim.org/entry/193220	http://www.orpha.net/ORDO/Orphanet_98668	0.857621
http://omim.org/entry/300455	http://www.orpha.net/ORDO/Orphanet_85332	0.819612
http://omim.org/entry/221750	http://www.orpha.net/ORDO/Orphanet_178025	0.812182
http://www.omim.org/phenotypicSeries/PS186500	http://www.orpha.net/ORDO/Orphanet_3237	1.000000
http://omim.org/entry/154400	http://www.orpha.net/ORDO/Orphanet_364574	0.776061
http://omim.org/entry/237400	http://www.orpha.net/ORDO/Orphanet_309147	1.000000
http://omim.org/entry/235740	http://www.orpha.net/ORDO/Orphanet_2155	0.879457
http://www.omim.org/phenotypicSeries/PS135900	http://www.orpha.net/ORDO/Orphanet_1465	1.000000
http://omim.org/entry/607014	http://www.orpha.net/ORDO/Orphanet_93473	1.000000
http://omim.org/entry/616723	http://www.orpha.net/ORDO/Orphanet_253	0.818718
http://omim.org/entry/200100	http://www.orpha.net/ORDO/Orphanet_14	1.000000
http://omim.org/entry/615440	http://www.orpha.net/ORDO/Orphanet_369913	0.850994
http://omim.org/entry/252930	http://www.orpha.net/ORDO/Orphanet_79271	1.000000
http://www.omim.org/phenotypicSeries/PS610448	http://www.orpha.net/ORDO/Orphanet_90280	1.000000
http://omim.org/entry/609524	http://www.orpha.net/ORDO/Orphanet_206656	0.787965
http://omim.org/entry/614507	http://www.orpha.net/ORDO/Orphanet_300536	1.000000
http://omim.org/entry/272950	http://www.orpha.net/ORDO/Orphanet_3291	1.000000
http://omim.org/entry/244850	http://www.orpha.net/ORDO/Orphanet_79357	0.784093
http://omim.org/entry/611929	http://www.orpha.net/ORDO/Orphanet_488434	1.000000
http://omim.org/entry/601847	http://www.orpha.net/ORDO/Orphanet_79304	0.998886
http://www.omim.org/phenotypicSeries/PS109730	http://www.orpha.net/ORDO/Orphanet_101043	0.864869
http://omim.org/entry/244300	http://www.orpha.net/ORDO/Orphanet_2328	1.000000
http://omim.org/entry/161000	http://www.orpha.net/ORDO/Orphanet_69087	1.000000
http://omim.org/entry/300888	http://www.orpha.net/ORDO/Orphanet_178045	0.783392
http://omim.org/entry/611489	http://www.orpha.net/ORDO/Orphanet_199247	1.000000
http://omim.org/entry/613206	http://www.orpha.net/ORDO/Orphanet_320401	0.815817
http://www.omim.org/phenotypicSeries/PS601764	http://www.orpha.net/ORDO/Orphanet_306	1.000000
http://omim.org/entry/617971	http://www.orpha.net/ORDO/Orphanet_621	0.771241
http://omim.org/entry/143050	http://www.orpha.net/ORDO/Orphanet_295215	0.805636
http://omim.org/entry/269921	http://www.orpha.net/ORDO/Orphanet_3166	1.000000
http://omim.org/entry/101200	http://www.orpha.net/ORDO/Orphanet_87	1.000000
http://omim.org/entry/125520	http://www.orpha.net/ORDO/Orphanet_567	1.000000
http://omim.org/entry/160500	http://www.orpha.net/ORDO/Orphanet_59135	0.874121
http://omim.org/entry/264475	http://www.orpha.net/ORDO/Orphanet_2980	0.869255
http://omim.org/entry/608782	http://www.orpha.net/ORDO/Orphanet_79246	1.000000
http://omim.org/entry/614116	http://www.orpha.net/ORDO/Orphanet_140471	0.750228
http://www.omim.org/phenotypicSeries/PS235400	http://www.orpha.net/ORDO/Orphanet_544458	1.000000
http://omim.org/entry/155755	http://www.orpha.net/ORDO/Orphanet_252206	1.000000
http://omim.org/entry/303110	http://www.orpha.net/ORDO/Orphanet_261483	0.839352
http://omim.org/entry/613796	http://www.orpha.net/ORDO/Orphanet_101972	0.752001
http://omim.org/entry/605627	http://www.orpha.net/ORDO/Orphanet_66625	1.000000
http://omim.org/entry/600143	http://www.orpha.net/ORDO/Orphanet_228346	0.810337
http://www.omim.org/phenotypicSeries/PS187950	http://www.orpha.net/ORDO/Orphanet_71493	0.797495
http://omim.org/entry/600430	http://www.orpha.net/ORDO/Orphanet_251019	0.817694
http://omim.org/entry/236900	http://www.orpha.net/ORDO/Orphanet_289832	0.781801
http://omim.org/entry/107500	http://www.orpha.net/ORDO/Orphanet_1132	0.854645
http://omim.org/entry/615035	http://www.orpha.net/ORDO/Orphanet_320375	0.866392
http://omim.org/entry/608390	http://www.orpha.net/ORDO/Orphanet_612	1.000000
http://omim.org/entry/136550	http://www.orpha.net/ORDO/Orphanet_519302	0.789227
http://omim.org/entry/601186	http://www.orpha.net/ORDO/Orphanet_2470	0.915673
http://omim.org/entry/164330	http://www.orpha.net/ORDO/Orphanet_2724	0.812622
http://omim.org/entry/606054	http://www.orpha.net/ORDO/Orphanet_35	1.000000
http://omim.org/entry/167730	http://www.orpha.net/ORDO/Orphanet_2399	1.000000
http://omim.org/entry/606407	http://www.orpha.net/ORDO/Orphanet_163690	1.000000
http://omim.org/entry/150280	http://www.orpha.net/ORDO/Orphanet_2373	0.765084
http://omim.org/entry/233450	http://www.orpha.net/ORDO/Orphanet_375	1.000000
http://omim.org/entry/182212	http://www.orpha.net/ORDO/Orphanet_139393	0.793159
http://www.omim.org/phenotypicSeries/PS248370	http://www.orpha.net/ORDO/Orphanet_90153	0.948266
http://omim.org/entry/117000	http://www.orpha.net/ORDO/Orphanet_597	0.881637
http://omim.org/entry/616687	http://www.orpha.net/ORDO/Orphanet_435387	0.794047
http://omim.org/entry/615548	http://www.orpha.net/ORDO/Orphanet_391397	1.000000
http://omim.org/entry/607454	http://www.orpha.net/ORDO/Orphanet_98773	0.952041
http://omim.org/entry/110050	http://www.orpha.net/ORDO/Orphanet_98566	0.785207
http://omim.org/entry/212835	http://www.orpha.net/ORDO/Orphanet_1174	0.910588
http://omim.org/entry/264800	http://www.orpha.net/ORDO/Orphanet_758	1.000000
http://omim.org/entry/204690	http://www.orpha.net/ORDO/Orphanet_100031	0.879361
http://omim.org/entry/607330	http://www.orpha.net/ORDO/Orphanet_46059	1.000000
http://omim.org/entry/610250	http://www.orpha.net/ORDO/Orphanet_320355	0.823008
http://omim.org/entry/612714	http://www.orpha.net/ORDO/Orphanet_199337	0.928398
http://omim.org/entry/601705	http://www.orpha.net/ORDO/Orphanet_169095	0.755348
http://omim.org/entry/225280	http://www.orpha.net/ORDO/Orphanet_1897	0.821857
http://omim.org/entry/147900	http://www.orpha.net/ORDO/Orphanet_2295	1.000000
http://omim.org/entry/300816	http://www.orpha.net/ORDO/Orphanet_238329	0.873737
http://omim.org/entry/607734	http://www.orpha.net/ORDO/Orphanet_101085	0.934276
http://omim.org/entry/601815	http://www.orpha.net/ORDO/Orphanet_713	0.768297
http://www.omim.org/phenotypicSeries/PS600118	http://www.orpha.net/ORDO/Orphanet_2510	1.000000
http://omim.org/entry/246650	http://www.orpha.net/ORDO/Orphanet_309015	0.853073
http://omim.org/entry/108650	http://www.orpha.net/ORDO/Orphanet_316240	0.830841
http://omim.org/entry/615238	http://www.orpha.net/ORDO/Orphanet_98306	0.798781
http://omim.org/entry/607225	http://www.orpha.net/ORDO/Orphanet_293168	0.885845
http://omim.org/entry/601110	http://www.orpha.net/ORDO/Orphanet_371235	0.928657
http://omim.org/entry/300696	http://www.orpha.net/ORDO/Orphanet_178461	1.000000
http://omim.org/entry/191520	http://www.orpha.net/ORDO/Orphanet_3408	1.000000
http://omim.org/entry/601626	http://www.orpha.net/ORDO/Orphanet_519	1.000000
http://omim.org/entry/116920	http://www.orpha.net/ORDO/Orphanet_99842	0.812024
http://omim.org/entry/105120	http://www.orpha.net/ORDO/Orphanet_444116	0.914811
http://www.omim.org/phenotypicSeries/PS310300	http://www.orpha.net/ORDO/Orphanet_261	1.000000
http://omim.org/entry/616890	http://www.orpha.net/ORDO/Orphanet_488232	0.852752
http://omim.org/entry/607278	http://www.orpha.net/ORDO/Orphanet_488265	0.783060
http://omim.org/entry/264090	http://www.orpha.net/ORDO/Orphanet_3455	1.000000
http://omim.org/entry/612932	http://www.orpha.net/ORDO/Orphanet_99849	0.815908
http://omim.org/entry/228200	http://www.orpha.net/ORDO/Orphanet_2019	1.000000
http://www.omim.org/phenotypicSeries/PS600131	http://www.orpha.net/ORDO/Orphanet_64280	1.000000
http://omim.org/entry/162200	http://www.orpha.net/ORDO/Orphanet_636	1.000000
http://omim.org/entry/606824	http://www.orpha.net/ORDO/Orphanet_35710	1.000000
http://omim.org/entry/192315	http://www.orpha.net/ORDO/Orphanet_247691	1.000000
http://omim.org/entry/605259	http://www.orpha.net/ORDO/Orphanet_98768	0.915221
http://omim.org/entry/127600	http://www.orpha.net/ORDO/Orphanet_352657	1.000000
http://www.omim.org/phenotypicSeries/PS149400	http://www.orpha.net/ORDO/Orphanet_306773	1.000000
http://omim.org/entry/144755	http://www.orpha.net/ORDO/Orphanet_443098	1.000000
http://omim.org/entry/158170	http://www.orpha.net/ORDO/Orphanet_261806	0.859667
http://omim.org/entry/614188	http://www.orpha.net/ORDO/Orphanet_139393	0.834509
http://omim.org/entry/613908	http://www.orpha.net/ORDO/Orphanet_276193	0.907127
http://omim.org/entry/614557	http://www.orpha.net/ORDO/Orphanet_536532	0.774197
http://omim.org/entry/255600	http://www.orpha.net/ORDO/Orphanet_289380	0.796016
http://omim.org/entry/605814	http://www.orpha.net/ORDO/Orphanet_187	0.855225
http://omim.org/entry/191900	http://www.orpha.net/ORDO/Orphanet_575	1.000000
http://omim.org/entry/167000	http://www.orpha.net/ORDO/Orphanet_213500	1.000000
http://omim.org/entry/140000	http://www.orpha.net/ORDO/Orphanet_2438	1.000000
http://omim.org/entry/609260	http://www.orpha.net/ORDO/Orphanet_64746	0.893407
http://omim.org/entry/105600	http://www.orpha.net/ORDO/Orphanet_98870	1.000000
http://omim.org/entry/231200	http://www.orpha.net/ORDO/Orphanet_274	1.000000
http://omim.org/entry/228600	http://www.orpha.net/ORDO/Orphanet_498474	1.000000
http://omim.org/entry/274205	http://www.orpha.net/ORDO/Orphanet_2489	0.776386
http://omim.org/entry/601707	http://www.orpha.net/ORDO/Orphanet_1553	1.000000
http://omim.org/entry/258865	http://www.orpha.net/ORDO/Orphanet_141007	0.856267
http://omim.org/entry/173800	http://www.orpha.net/ORDO/Orphanet_2911	1.000000
http://omim.org/entry/227050	http://www.orpha.net/ORDO/Orphanet_98871	1.000000
http://omim.org/entry/613174	http://www.orpha.net/ORDO/Orphanet_1742	0.753801
http://omim.org/entry/218900	http://www.orpha.net/ORDO/Orphanet_1380	1.000000
http://omim.org/entry/180200	http://www.orpha.net/ORDO/Orphanet_790	1.000000
http://omim.org/entry/238970	http://www.orpha.net/ORDO/Orphanet_415	1.000000
http://omim.org/entry/258870	http://www.orpha.net/ORDO/Orphanet_414	1.000000
http://omim.org/entry/215100	http://www.orpha.net/ORDO/Orphanet_309789	1.000000
http://omim.org/entry/105210	http://www.orpha.net/ORDO/Orphanet_444116	0.912158
http://omim.org/entry/613076	http://www.orpha.net/ORDO/Orphanet_1369	0.767233
http://omim.org/entry/125440	http://www.orpha.net/ORDO/Orphanet_99792	0.909890
http://omim.org/entry/615597	http://www.orpha.net/ORDO/Orphanet_370924	1.000000
http://omim.org/entry/612530	http://www.orpha.net/ORDO/Orphanet_250999	0.840021
http://omim.org/entry/155720	http://www.orpha.net/ORDO/Orphanet_39044	1.000000
http://www.omim.org/phenotypicSeries/PS306955	http://www.orpha.net/ORDO/Orphanet_450	1.000000
http://omim.org/entry/615273	http://www.orpha.net/ORDO/Orphanet_371235	0.863926
http://omim.org/entry/112450	http://www.orpha.net/ORDO/Orphanet_1278	0.862293
http://omim.org/entry/121300	http://www.orpha.net/ORDO/Orphanet_79273	1.000000
http://omim.org/entry/604278	http://www.orpha.net/ORDO/Orphanet_93607	0.804016
http://omim.org/entry/148360	http://www.orpha.net/ORDO/Orphanet_538574	0.805647
http://omim.org/entry/230740	http://www.orpha.net/ORDO/Orphanet_2067	1.000000
http://omim.org/entry/616079	http://www.orpha.net/ORDO/Orphanet_71862	0.827577
http://omim.org/entry/271620	http://www.orpha.net/ORDO/Orphanet_253	0.838588
http://omim.org/entry/601362	http://www.orpha.net/ORDO/Orphanet_1727	0.838745
http://omim.org/entry/611907	http://www.orpha.net/ORDO/Orphanet_209970	1.000000
http://omim.org/entry/603671	http://www.orpha.net/ORDO/Orphanet_1827	1.000000
http://omim.org/entry/616937	http://www.orpha.net/ORDO/Orphanet_477794	0.785750
http://omim.org/entry/611717	http://www.orpha.net/ORDO/Orphanet_163654	0.825874
http://omim.org/entry/215105	http://www.orpha.net/ORDO/Orphanet_93442	0.852368
http://omim.org/entry/616055	http://www.orpha.net/ORDO/Orphanet_401953	1.000000
http://omim.org/entry/616716	http://www.orpha.net/ORDO/Orphanet_468717	1.000000
http://omim.org/entry/605362	http://www.orpha.net/ORDO/Orphanet_217629	0.845979
http://omim.org/entry/166600	http://www.orpha.net/ORDO/Orphanet_53	0.827240
http://omim.org/entry/245050	http://www.orpha.net/ORDO/Orphanet_832	1.000000
http://omim.org/entry/310440	http://www.orpha.net/ORDO/Orphanet_25980	1.000000
http://omim.org/entry/613845	http://www.orpha.net/ORDO/Orphanet_363694	0.793298
http://www.omim.org/phenotypicSeries/PS254090	http://www.orpha.net/ORDO/Orphanet_102014	0.813398
http://omim.org/entry/180920	http://www.orpha.net/ORDO/Orphanet_86815	1.000000
http://omim.org/entry/612674	http://www.orpha.net/ORDO/Orphanet_171848	0.790365
http://omim.org/entry/178300	http://www.orpha.net/ORDO/Orphanet_98578	0.824494
http://omim.org/entry/184500	http://www.orpha.net/ORDO/Orphanet_841	1.000000
http://www.omim.org/phenotypicSeries/PS145600	http://www.orpha.net/ORDO/Orphanet_466658	0.921349
http://www.omim.org/phenotypicSeries/PS215500	http://www.orpha.net/ORDO/Orphanet_75377	1.000000
http://omim.org/entry/612067	http://www.orpha.net/ORDO/Orphanet_210571	1.000000
http://omim.org/entry/616052	http://www.orpha.net/ORDO/Orphanet_370953	0.833998
http://omim.org/entry/500000	http://www.orpha.net/ORDO/Orphanet_137675	0.835217
http://omim.org/entry/274600	http://www.orpha.net/ORDO/Orphanet_705	1.000000
http://omim.org/entry/611773	http://www.orpha.net/ORDO/Orphanet_73229	0.866583
http://omim.org/entry/530000	http://www.orpha.net/ORDO/Orphanet_480	1.000000
http://omim.org/entry/162300	http://www.orpha.net/ORDO/Orphanet_247709	1.000000
http://omim.org/entry/133705	http://www.orpha.net/ORDO/Orphanet_3023	0.760329
