SrcEntity	TgtEntity	Score
http://omim.org/entry/100800	http://www.orpha.net/ORDO/Orphanet_15	1.0
http://omim.org/entry/101200	http://www.orpha.net/ORDO/Orphanet_87	1.0
http://omim.org/entry/101400	http://www.orpha.net/ORDO/Orphanet_794	1.0
http://omim.org/entry/101600	http://www.orpha.net/ORDO/Orphanet_710	1.0
http://omim.org/entry/101805	http://www.orpha.net/ORDO/Orphanet_1786	1.0
http://omim.org/entry/101850	http://www.orpha.net/ORDO/Orphanet_38	1.0
http://omim.org/entry/101900	http://www.orpha.net/ORDO/Orphanet_79356	0.789391040802002
http://omim.org/entry/102370	http://www.orpha.net/ORDO/Orphanet_969	1.0
http://omim.org/entry/102520	http://www.orpha.net/ORDO/Orphanet_971	1.0
http://omim.org/entry/102660	http://www.orpha.net/ORDO/Orphanet_55881	1.0
http://omim.org/entry/103200	http://www.orpha.net/ORDO/Orphanet_36397	1.0
http://omim.org/entry/103300	http://www.orpha.net/ORDO/Orphanet_156212	0.8909533023834229
http://omim.org/entry/103500	http://www.orpha.net/ORDO/Orphanet_42665	0.7633552551269531
http://omim.org/entry/103900	http://www.orpha.net/ORDO/Orphanet_403	1.0
http://omim.org/entry/103920	http://www.orpha.net/ORDO/Orphanet_1164	0.8424500823020935
http://omim.org/entry/104100	http://www.orpha.net/ORDO/Orphanet_79501	0.7554943323135376
http://omim.org/entry/104130	http://www.orpha.net/ORDO/Orphanet_1008	0.8226030468940735
http://omim.org/entry/104200	http://www.orpha.net/ORDO/Orphanet_88918	0.7506291270256042
http://omim.org/entry/105120	http://www.orpha.net/ORDO/Orphanet_444116	0.9148114919662476
http://omim.org/entry/105150	http://www.orpha.net/ORDO/Orphanet_324708	0.7872495651245117
http://omim.org/entry/105200	http://www.orpha.net/ORDO/Orphanet_444116	0.9429205656051636
http://omim.org/entry/105210	http://www.orpha.net/ORDO/Orphanet_444116	0.9121576547622681
http://omim.org/entry/105580	http://www.orpha.net/ORDO/Orphanet_424013	0.9669001698493958
http://omim.org/entry/105600	http://www.orpha.net/ORDO/Orphanet_98870	1.0
http://omim.org/entry/105830	http://www.orpha.net/ORDO/Orphanet_72	1.0
http://omim.org/entry/106070	http://www.orpha.net/ORDO/Orphanet_1062	0.8046703338623047
http://omim.org/entry/106100	http://www.orpha.net/ORDO/Orphanet_100050	1.0
http://omim.org/entry/106190	http://www.orpha.net/ORDO/Orphanet_468666	0.8318408131599426
http://omim.org/entry/106220	http://www.orpha.net/ORDO/Orphanet_98557	0.7625760436058044
http://omim.org/entry/106250	http://www.orpha.net/ORDO/Orphanet_98565	0.80922931432724
http://omim.org/entry/106260	http://www.orpha.net/ORDO/Orphanet_1071	0.8471652269363403
http://omim.org/entry/106400	http://www.orpha.net/ORDO/Orphanet_2206	1.0
http://omim.org/entry/106995	http://www.orpha.net/ORDO/Orphanet_90390	0.9428272843360901
http://omim.org/entry/107500	http://www.orpha.net/ORDO/Orphanet_1132	0.8546454906463623
http://omim.org/entry/107600	http://www.orpha.net/ORDO/Orphanet_1114	0.8899384140968323
http://omim.org/entry/108010	http://www.orpha.net/ORDO/Orphanet_211266	0.8585360050201416
http://omim.org/entry/108145	http://www.orpha.net/ORDO/Orphanet_1154	1.0
http://omim.org/entry/108300	http://www.orpha.net/ORDO/Orphanet_90653	1.0
http://omim.org/entry/108600	http://www.orpha.net/ORDO/Orphanet_251282	0.9011995196342468
http://omim.org/entry/108650	http://www.orpha.net/ORDO/Orphanet_316240	0.830841064453125
http://omim.org/entry/108720	http://www.orpha.net/ORDO/Orphanet_1190	1.0
http://omim.org/entry/108721	http://www.orpha.net/ORDO/Orphanet_56305	1.0
http://omim.org/entry/108900	http://www.orpha.net/ORDO/Orphanet_99104	0.7806939482688904
http://omim.org/entry/108950	http://www.orpha.net/ORDO/Orphanet_844	1.0
http://omim.org/entry/108985	http://www.orpha.net/ORDO/Orphanet_86813	1.0
http://omim.org/entry/109000	http://www.orpha.net/ORDO/Orphanet_114	1.0
http://omim.org/entry/109300	http://www.orpha.net/ORDO/Orphanet_1228	1.0
http://omim.org/entry/109400	http://www.orpha.net/ORDO/Orphanet_377	1.0
http://omim.org/entry/109650	http://www.orpha.net/ORDO/Orphanet_117	0.8424545526504517
http://omim.org/entry/110050	http://www.orpha.net/ORDO/Orphanet_98566	0.7852071523666382
http://omim.org/entry/110100	http://www.orpha.net/ORDO/Orphanet_126	0.8455272912979126
http://omim.org/entry/110150	http://www.orpha.net/ORDO/Orphanet_1259	0.8333569765090942
http://omim.org/entry/112250	http://www.orpha.net/ORDO/Orphanet_85182	0.8435146808624268
http://omim.org/entry/112310	http://www.orpha.net/ORDO/Orphanet_1263	1.0
http://omim.org/entry/112430	http://www.orpha.net/ORDO/Orphanet_2946	1.0
http://omim.org/entry/112450	http://www.orpha.net/ORDO/Orphanet_1278	0.862293004989624
http://omim.org/entry/112600	http://www.orpha.net/ORDO/Orphanet_93396	1.0
http://omim.org/entry/112910	http://www.orpha.net/ORDO/Orphanet_93382	1.0
http://omim.org/entry/113310	http://www.orpha.net/ORDO/Orphanet_572385	0.8371524810791016
http://omim.org/entry/113400	http://www.orpha.net/ORDO/Orphanet_1246	0.7986680865287781
http://omim.org/entry/113450	http://www.orpha.net/ORDO/Orphanet_69028	0.8434637188911438
http://omim.org/entry/113500	http://www.orpha.net/ORDO/Orphanet_93304	1.0
http://omim.org/entry/113620	http://www.orpha.net/ORDO/Orphanet_1297	0.8517263531684875
http://omim.org/entry/113670	http://www.orpha.net/ORDO/Orphanet_180176	0.7843185067176819
http://omim.org/entry/113750	http://www.orpha.net/ORDO/Orphanet_370097	1.0
http://omim.org/entry/113970	http://www.orpha.net/ORDO/Orphanet_543	1.0
http://omim.org/entry/114140	http://www.orpha.net/ORDO/Orphanet_79141	1.0
http://omim.org/entry/114150	http://www.orpha.net/ORDO/Orphanet_1319	1.0
http://omim.org/entry/114200	http://www.orpha.net/ORDO/Orphanet_1327	0.8140134572982788
http://omim.org/entry/114290	http://www.orpha.net/ORDO/Orphanet_140	1.0
http://omim.org/entry/114300	http://www.orpha.net/ORDO/Orphanet_376	1.0
http://omim.org/entry/114550	http://www.orpha.net/ORDO/Orphanet_88673	1.0
http://omim.org/entry/114620	http://www.orpha.net/ORDO/Orphanet_363705	1.0
http://omim.org/entry/115250	http://www.orpha.net/ORDO/Orphanet_53296	1.0
http://omim.org/entry/115645	http://www.orpha.net/ORDO/Orphanet_98650	0.8444143533706665
http://omim.org/entry/116920	http://www.orpha.net/ORDO/Orphanet_99842	0.8120241403579712
http://omim.org/entry/117000	http://www.orpha.net/ORDO/Orphanet_597	0.8816367387771606
http://omim.org/entry/117100	http://www.orpha.net/ORDO/Orphanet_166463	0.8017439842224121
http://omim.org/entry/117360	http://www.orpha.net/ORDO/Orphanet_208513	0.9529344797134399
http://omim.org/entry/118220	http://www.orpha.net/ORDO/Orphanet_101081	0.9063153028488159
http://omim.org/entry/118330	http://www.orpha.net/ORDO/Orphanet_1221	1.0
http://omim.org/entry/118400	http://www.orpha.net/ORDO/Orphanet_184	1.0
http://omim.org/entry/118420	http://www.orpha.net/ORDO/Orphanet_268882	1.0
http://omim.org/entry/118651	http://www.orpha.net/ORDO/Orphanet_93442	0.7969134449958801
http://omim.org/entry/118980	http://www.orpha.net/ORDO/Orphanet_66630	0.8770020008087158
http://omim.org/entry/119570	http://www.orpha.net/ORDO/Orphanet_99772	1.0
http://omim.org/entry/119900	http://www.orpha.net/ORDO/Orphanet_217059	1.0
http://omim.org/entry/120000	http://www.orpha.net/ORDO/Orphanet_1457	0.9807353615760803
http://omim.org/entry/120040	http://www.orpha.net/ORDO/Orphanet_3233	0.7888067364692688
http://omim.org/entry/120400	http://www.orpha.net/ORDO/Orphanet_1471	0.8017710447311401
http://omim.org/entry/121270	http://www.orpha.net/ORDO/Orphanet_1551	1.0
http://omim.org/entry/121300	http://www.orpha.net/ORDO/Orphanet_79273	1.0
http://omim.org/entry/121800	http://www.orpha.net/ORDO/Orphanet_98967	1.0
http://omim.org/entry/121820	http://www.orpha.net/ORDO/Orphanet_98956	0.822899580001831
http://omim.org/entry/121850	http://www.orpha.net/ORDO/Orphanet_98970	1.0
http://omim.org/entry/122200	http://www.orpha.net/ORDO/Orphanet_98964	1.0
http://omim.org/entry/122400	http://www.orpha.net/ORDO/Orphanet_293381	1.0
http://omim.org/entry/122430	http://www.orpha.net/ORDO/Orphanet_1051	0.8088109493255615
http://omim.org/entry/122440	http://www.orpha.net/ORDO/Orphanet_3194	1.0
http://omim.org/entry/122455	http://www.orpha.net/ORDO/Orphanet_458718	0.7737195491790771
http://omim.org/entry/122900	http://www.orpha.net/ORDO/Orphanet_93453	0.8359732627868652
http://omim.org/entry/123150	http://www.orpha.net/ORDO/Orphanet_1540	1.0
http://omim.org/entry/123155	http://www.orpha.net/ORDO/Orphanet_269505	0.7797785997390747
http://omim.org/entry/123400	http://www.orpha.net/ORDO/Orphanet_454700	0.8215715289115906
http://omim.org/entry/123450	http://www.orpha.net/ORDO/Orphanet_281	1.0
http://omim.org/entry/123500	http://www.orpha.net/ORDO/Orphanet_207	0.8945682048797607
http://omim.org/entry/123560	http://www.orpha.net/ORDO/Orphanet_1547	1.0
http://omim.org/entry/123790	http://www.orpha.net/ORDO/Orphanet_1555	1.0
http://omim.org/entry/124200	http://www.orpha.net/ORDO/Orphanet_218	1.0
http://omim.org/entry/124480	http://www.orpha.net/ORDO/Orphanet_79499	0.8435119390487671
http://omim.org/entry/124490	http://www.orpha.net/ORDO/Orphanet_3232	0.7970167398452759
http://omim.org/entry/125230	http://www.orpha.net/ORDO/Orphanet_3241	1.0
http://omim.org/entry/125350	http://www.orpha.net/ORDO/Orphanet_412206	1.0
http://omim.org/entry/125370	http://www.orpha.net/ORDO/Orphanet_101	1.0
http://omim.org/entry/125420	http://www.orpha.net/ORDO/Orphanet_166260	0.9116280436515808
http://omim.org/entry/125440	http://www.orpha.net/ORDO/Orphanet_99792	0.909890353679657
http://omim.org/entry/125490	http://www.orpha.net/ORDO/Orphanet_100031	0.8128751873970032
http://omim.org/entry/125520	http://www.orpha.net/ORDO/Orphanet_567	1.0
http://omim.org/entry/125630	http://www.orpha.net/ORDO/Orphanet_493342	1.0
http://omim.org/entry/125640	http://www.orpha.net/ORDO/Orphanet_1660	1.0
http://omim.org/entry/125700	http://www.orpha.net/ORDO/Orphanet_178029	0.7624884843826294
http://omim.org/entry/126600	http://www.orpha.net/ORDO/Orphanet_75376	1.0
http://omim.org/entry/127400	http://www.orpha.net/ORDO/Orphanet_41	1.0
http://omim.org/entry/127600	http://www.orpha.net/ORDO/Orphanet_352657	1.0
http://omim.org/entry/127820	http://www.orpha.net/ORDO/Orphanet_1822	0.8025572299957275
http://omim.org/entry/128101	http://www.orpha.net/ORDO/Orphanet_98203	0.8116370439529419
http://omim.org/entry/128230	http://www.orpha.net/ORDO/Orphanet_255	1.0
http://omim.org/entry/129500	http://www.orpha.net/ORDO/Orphanet_189	1.0
http://omim.org/entry/129510	http://www.orpha.net/ORDO/Orphanet_1818	1.0
http://omim.org/entry/129850	http://www.orpha.net/ORDO/Orphanet_1895	1.0
http://omim.org/entry/130060	http://www.orpha.net/ORDO/Orphanet_230839	0.8517318725585937
http://omim.org/entry/130650	http://www.orpha.net/ORDO/Orphanet_116	1.0
http://omim.org/entry/130710	http://www.orpha.net/ORDO/Orphanet_1928	1.0
http://omim.org/entry/130720	http://www.orpha.net/ORDO/Orphanet_2789	1.0
http://omim.org/entry/130900	http://www.orpha.net/ORDO/Orphanet_100032	0.9119548797607422
http://omim.org/entry/131100	http://www.orpha.net/ORDO/Orphanet_652	1.0
http://omim.org/entry/131760	http://www.orpha.net/ORDO/Orphanet_595346	0.8861774802207947
http://omim.org/entry/131800	http://www.orpha.net/ORDO/Orphanet_595351	0.8441705107688904
http://omim.org/entry/131900	http://www.orpha.net/ORDO/Orphanet_595346	0.8734809756278992
http://omim.org/entry/131950	http://www.orpha.net/ORDO/Orphanet_595346	0.7678455710411072
http://omim.org/entry/131960	http://www.orpha.net/ORDO/Orphanet_79397	0.8126316070556641
http://omim.org/entry/132090	http://www.orpha.net/ORDO/Orphanet_25968	1.0
http://omim.org/entry/132400	http://www.orpha.net/ORDO/Orphanet_93308	0.8849569320678711
http://omim.org/entry/132600	http://www.orpha.net/ORDO/Orphanet_91414	1.0
http://omim.org/entry/132700	http://www.orpha.net/ORDO/Orphanet_211	1.0
http://omim.org/entry/132800	http://www.orpha.net/ORDO/Orphanet_65748	0.7843524217605591
http://omim.org/entry/133000	http://www.orpha.net/ORDO/Orphanet_231031	1.0
http://omim.org/entry/133020	http://www.orpha.net/ORDO/Orphanet_90026	1.0
http://omim.org/entry/133190	http://www.orpha.net/ORDO/Orphanet_1955	0.8202711701393127
http://omim.org/entry/133540	http://www.orpha.net/ORDO/Orphanet_90322	0.879036545753479
http://omim.org/entry/133690	http://www.orpha.net/ORDO/Orphanet_1962	0.9083884954452515
http://omim.org/entry/133705	http://www.orpha.net/ORDO/Orphanet_3023	0.7603288888931274
http://omim.org/entry/133750	http://www.orpha.net/ORDO/Orphanet_1964	0.8168662786483765
http://omim.org/entry/134200	http://www.orpha.net/ORDO/Orphanet_2809	1.0
http://omim.org/entry/135290	http://www.orpha.net/ORDO/Orphanet_873	0.8355488181114197
http://omim.org/entry/135550	http://www.orpha.net/ORDO/Orphanet_2027	0.8248098492622375
http://omim.org/entry/135950	http://www.orpha.net/ORDO/Orphanet_1937	0.8319892883300781
http://omim.org/entry/136120	http://www.orpha.net/ORDO/Orphanet_79292	1.0
http://omim.org/entry/136300	http://www.orpha.net/ORDO/Orphanet_2047	1.0
http://omim.org/entry/136550	http://www.orpha.net/ORDO/Orphanet_519302	0.789226770401001
http://omim.org/entry/136760	http://www.orpha.net/ORDO/Orphanet_391474	0.7735504865646362
http://omim.org/entry/136880	http://www.orpha.net/ORDO/Orphanet_227796	1.0
http://omim.org/entry/137245	http://www.orpha.net/ORDO/Orphanet_223735	0.7725247144699097
http://omim.org/entry/137280	http://www.orpha.net/ORDO/Orphanet_2494	0.7746094465255737
http://omim.org/entry/137550	http://www.orpha.net/ORDO/Orphanet_626	0.7815607786178589
http://omim.org/entry/137575	http://www.orpha.net/ORDO/Orphanet_83451	0.8086918592453003
http://omim.org/entry/138000	http://www.orpha.net/ORDO/Orphanet_83454	0.8023332357406616
http://omim.org/entry/138930	http://www.orpha.net/ORDO/Orphanet_2097	1.0
http://omim.org/entry/139090	http://www.orpha.net/ORDO/Orphanet_721	1.0
http://omim.org/entry/139210	http://www.orpha.net/ORDO/Orphanet_2588	1.0
http://omim.org/entry/139300	http://www.orpha.net/ORDO/Orphanet_178345	1.0
http://omim.org/entry/140000	http://www.orpha.net/ORDO/Orphanet_2438	1.0
http://omim.org/entry/141000	http://www.orpha.net/ORDO/Orphanet_2330	1.0
http://omim.org/entry/141350	http://www.orpha.net/ORDO/Orphanet_1241	0.839942455291748
http://omim.org/entry/141405	http://www.orpha.net/ORDO/Orphanet_221083	0.7605597376823425
http://omim.org/entry/142669	http://www.orpha.net/ORDO/Orphanet_2114	0.7628388404846191
http://omim.org/entry/142680	http://www.orpha.net/ORDO/Orphanet_324924	0.8708806037902832
http://omim.org/entry/142900	http://www.orpha.net/ORDO/Orphanet_392	1.0
http://omim.org/entry/143000	http://www.orpha.net/ORDO/Orphanet_91413	1.0
http://omim.org/entry/143050	http://www.orpha.net/ORDO/Orphanet_295215	0.805635929107666
http://omim.org/entry/143095	http://www.orpha.net/ORDO/Orphanet_253	0.8677016496658325
http://omim.org/entry/144150	http://www.orpha.net/ORDO/Orphanet_409	1.0
http://omim.org/entry/144190	http://www.orpha.net/ORDO/Orphanet_1336	1.0
http://omim.org/entry/144200	http://www.orpha.net/ORDO/Orphanet_2199	1.0
http://omim.org/entry/144750	http://www.orpha.net/ORDO/Orphanet_3416	0.8114558458328247
http://omim.org/entry/144755	http://www.orpha.net/ORDO/Orphanet_443098	1.0
http://omim.org/entry/145001	http://www.orpha.net/ORDO/Orphanet_99880	0.780580997467041
http://omim.org/entry/145260	http://www.orpha.net/ORDO/Orphanet_88938	1.0
http://omim.org/entry/145701	http://www.orpha.net/ORDO/Orphanet_79365	0.8134961724281311
http://omim.org/entry/145980	http://www.orpha.net/ORDO/Orphanet_93372	1.0
http://omim.org/entry/145981	http://www.orpha.net/ORDO/Orphanet_101049	1.0
http://omim.org/entry/146000	http://www.orpha.net/ORDO/Orphanet_429	1.0
http://omim.org/entry/146160	http://www.orpha.net/ORDO/Orphanet_180068	0.7662668228149414
http://omim.org/entry/146255	http://www.orpha.net/ORDO/Orphanet_2237	0.8767347931861877
http://omim.org/entry/146390	http://www.orpha.net/ORDO/Orphanet_3307	0.8691015243530273
http://omim.org/entry/146510	http://www.orpha.net/ORDO/Orphanet_672	1.0
http://omim.org/entry/146800	http://www.orpha.net/ORDO/Orphanet_455	1.0
http://omim.org/entry/147251	http://www.orpha.net/ORDO/Orphanet_2287	1.0
http://omim.org/entry/147421	http://www.orpha.net/ORDO/Orphanet_611	1.0
http://omim.org/entry/147750	http://www.orpha.net/ORDO/Orphanet_2307	1.0
http://omim.org/entry/147770	http://www.orpha.net/ORDO/Orphanet_2316	1.0
http://omim.org/entry/147900	http://www.orpha.net/ORDO/Orphanet_2295	1.0
http://omim.org/entry/148050	http://www.orpha.net/ORDO/Orphanet_2332	1.0
http://omim.org/entry/148350	http://www.orpha.net/ORDO/Orphanet_2202	0.828231155872345
http://omim.org/entry/148360	http://www.orpha.net/ORDO/Orphanet_538574	0.8056472539901733
http://omim.org/entry/148370	http://www.orpha.net/ORDO/Orphanet_50943	1.0
http://omim.org/entry/148520	http://www.orpha.net/ORDO/Orphanet_86919	0.8099939823150635
http://omim.org/entry/148820	http://www.orpha.net/ORDO/Orphanet_896	1.0
http://omim.org/entry/149700	http://www.orpha.net/ORDO/Orphanet_522532	0.7653087377548218
http://omim.org/entry/149730	http://www.orpha.net/ORDO/Orphanet_2363	1.0
http://omim.org/entry/150250	http://www.orpha.net/ORDO/Orphanet_503	1.0
http://omim.org/entry/150260	http://www.orpha.net/ORDO/Orphanet_2808	1.0
http://omim.org/entry/150280	http://www.orpha.net/ORDO/Orphanet_2373	0.7650837898254395
http://omim.org/entry/150300	http://www.orpha.net/ORDO/Orphanet_156249	0.7718034982681274
http://omim.org/entry/150360	http://www.orpha.net/ORDO/Orphanet_2374	0.9166204929351807
http://omim.org/entry/150800	http://www.orpha.net/ORDO/Orphanet_523	1.0
http://omim.org/entry/151210	http://www.orpha.net/ORDO/Orphanet_85166	1.0
http://omim.org/entry/151380	http://www.orpha.net/ORDO/Orphanet_167714	0.7684400677680969
http://omim.org/entry/151630	http://www.orpha.net/ORDO/Orphanet_2699	0.7947354912757874
http://omim.org/entry/151660	http://www.orpha.net/ORDO/Orphanet_2348	1.0
http://omim.org/entry/151900	http://www.orpha.net/ORDO/Orphanet_2398	0.8377503156661987
http://omim.org/entry/152700	http://www.orpha.net/ORDO/Orphanet_536	1.0
http://omim.org/entry/152900	http://www.orpha.net/ORDO/Orphanet_86914	0.8382108807563782
http://omim.org/entry/152950	http://www.orpha.net/ORDO/Orphanet_2526	0.8780264258384705
http://omim.org/entry/153300	http://www.orpha.net/ORDO/Orphanet_662	1.0
http://omim.org/entry/153630	http://www.orpha.net/ORDO/Orphanet_156207	1.0
http://omim.org/entry/153700	http://www.orpha.net/ORDO/Orphanet_1243	0.9113830089569092
http://omim.org/entry/153880	http://www.orpha.net/ORDO/Orphanet_75381	0.8421361446380615
http://omim.org/entry/154020	http://www.orpha.net/ORDO/Orphanet_306519	0.831853985786438
http://omim.org/entry/154400	http://www.orpha.net/ORDO/Orphanet_364574	0.7760608792304993
http://omim.org/entry/154600	http://www.orpha.net/ORDO/Orphanet_91412	1.0
http://omim.org/entry/154700	http://www.orpha.net/ORDO/Orphanet_558	1.0
http://omim.org/entry/154780	http://www.orpha.net/ORDO/Orphanet_560	1.0
http://omim.org/entry/155050	http://www.orpha.net/ORDO/Orphanet_1248	0.8405594825744629
http://omim.org/entry/155720	http://www.orpha.net/ORDO/Orphanet_39044	1.0
http://omim.org/entry/155755	http://www.orpha.net/ORDO/Orphanet_252206	1.0
http://omim.org/entry/155980	http://www.orpha.net/ORDO/Orphanet_3034	1.0
http://omim.org/entry/156232	http://www.orpha.net/ORDO/Orphanet_1836	1.0
http://omim.org/entry/156240	http://www.orpha.net/ORDO/Orphanet_50251	0.7577114701271057
http://omim.org/entry/156400	http://www.orpha.net/ORDO/Orphanet_33067	1.0
http://omim.org/entry/156530	http://www.orpha.net/ORDO/Orphanet_2635	1.0
http://omim.org/entry/156550	http://www.orpha.net/ORDO/Orphanet_485	1.0
http://omim.org/entry/156580	http://www.orpha.net/ORDO/Orphanet_269528	0.8749809265136719
http://omim.org/entry/156600	http://www.orpha.net/ORDO/Orphanet_566	1.0
http://omim.org/entry/156620	http://www.orpha.net/ORDO/Orphanet_2533	0.7804696559906006
http://omim.org/entry/156700	http://www.orpha.net/ORDO/Orphanet_2536	0.8068537712097168
http://omim.org/entry/156810	http://www.orpha.net/ORDO/Orphanet_2538	0.7702785730361938
http://omim.org/entry/157151	http://www.orpha.net/ORDO/Orphanet_2551	0.8780316114425659
http://omim.org/entry/157900	http://www.orpha.net/ORDO/Orphanet_570	1.0
http://omim.org/entry/157980	http://www.orpha.net/ORDO/Orphanet_2563	1.0
http://omim.org/entry/158170	http://www.orpha.net/ORDO/Orphanet_261806	0.8596674203872681
http://omim.org/entry/158300	http://www.orpha.net/ORDO/Orphanet_3377	1.0
http://omim.org/entry/158310	http://www.orpha.net/ORDO/Orphanet_1839	1.0
http://omim.org/entry/158600	http://www.orpha.net/ORDO/Orphanet_209341	0.9037697911262512
http://omim.org/entry/159550	http://www.orpha.net/ORDO/Orphanet_2585	1.0
http://omim.org/entry/159595	http://www.orpha.net/ORDO/Orphanet_420611	1.0
http://omim.org/entry/159800	http://www.orpha.net/ORDO/Orphanet_2589	0.865032434463501
http://omim.org/entry/159950	http://www.orpha.net/ORDO/Orphanet_70	0.7893701791763306
http://omim.org/entry/160120	http://www.orpha.net/ORDO/Orphanet_37612	1.0
http://omim.org/entry/160150	http://www.orpha.net/ORDO/Orphanet_595	0.8358955979347229
http://omim.org/entry/160500	http://www.orpha.net/ORDO/Orphanet_59135	0.8741206884384155
http://omim.org/entry/160900	http://www.orpha.net/ORDO/Orphanet_206647	0.7765981793403626
http://omim.org/entry/160990	http://www.orpha.net/ORDO/Orphanet_171886	0.798751175403595
http://omim.org/entry/161000	http://www.orpha.net/ORDO/Orphanet_69087	1.0
http://omim.org/entry/161200	http://www.orpha.net/ORDO/Orphanet_2614	1.0
http://omim.org/entry/162200	http://www.orpha.net/ORDO/Orphanet_636	1.0
http://omim.org/entry/162300	http://www.orpha.net/ORDO/Orphanet_247709	1.0
http://omim.org/entry/162350	http://www.orpha.net/ORDO/Orphanet_228346	0.7782837748527527
http://omim.org/entry/162500	http://www.orpha.net/ORDO/Orphanet_640	1.0
http://omim.org/entry/163000	http://www.orpha.net/ORDO/Orphanet_211247	0.8646628856658936
http://omim.org/entry/163400	http://www.orpha.net/ORDO/Orphanet_2633	1.0
http://omim.org/entry/164180	http://www.orpha.net/ORDO/Orphanet_1647	1.0
http://omim.org/entry/164300	http://www.orpha.net/ORDO/Orphanet_270	1.0
http://omim.org/entry/164330	http://www.orpha.net/ORDO/Orphanet_2724	0.8126223087310791
http://omim.org/entry/165150	http://www.orpha.net/ORDO/Orphanet_2743	0.7974172830581665
http://omim.org/entry/165550	http://www.orpha.net/ORDO/Orphanet_137905	0.8272585868835449
http://omim.org/entry/165590	http://www.orpha.net/ORDO/Orphanet_2756	0.8910543084144592
http://omim.org/entry/166000	http://www.orpha.net/ORDO/Orphanet_296	0.8021746873855591
http://omim.org/entry/166200	http://www.orpha.net/ORDO/Orphanet_216796	1.0
http://omim.org/entry/166260	http://www.orpha.net/ORDO/Orphanet_53697	1.0
http://omim.org/entry/166350	http://www.orpha.net/ORDO/Orphanet_2762	1.0
http://omim.org/entry/166600	http://www.orpha.net/ORDO/Orphanet_53	0.8272399663925171
http://omim.org/entry/166700	http://www.orpha.net/ORDO/Orphanet_1306	1.0
http://omim.org/entry/166705	http://www.orpha.net/ORDO/Orphanet_1562	0.7971919178962708
http://omim.org/entry/166750	http://www.orpha.net/ORDO/Orphanet_2791	1.0
http://omim.org/entry/166900	http://www.orpha.net/ORDO/Orphanet_98868	1.0
http://omim.org/entry/166970	http://www.orpha.net/ORDO/Orphanet_97293	0.7829868197441101
http://omim.org/entry/167000	http://www.orpha.net/ORDO/Orphanet_213500	1.0
http://omim.org/entry/167300	http://www.orpha.net/ORDO/Orphanet_2800	1.0
http://omim.org/entry/167400	http://www.orpha.net/ORDO/Orphanet_46348	1.0
http://omim.org/entry/167730	http://www.orpha.net/ORDO/Orphanet_2399	1.0
http://omim.org/entry/167750	http://www.orpha.net/ORDO/Orphanet_675	1.0
http://omim.org/entry/167800	http://www.orpha.net/ORDO/Orphanet_103918	0.7925536632537842
http://omim.org/entry/168300	http://www.orpha.net/ORDO/Orphanet_684	1.0
http://omim.org/entry/168600	http://www.orpha.net/ORDO/Orphanet_306666	0.8313684463500977
http://omim.org/entry/168605	http://www.orpha.net/ORDO/Orphanet_178509	1.0
http://omim.org/entry/169550	http://www.orpha.net/ORDO/Orphanet_2839	1.0
http://omim.org/entry/169600	http://www.orpha.net/ORDO/Orphanet_2841	0.7592673301696777
http://omim.org/entry/169610	http://www.orpha.net/ORDO/Orphanet_79481	0.8383867740631104
http://omim.org/entry/170100	http://www.orpha.net/ORDO/Orphanet_742	1.0
http://omim.org/entry/170500	http://www.orpha.net/ORDO/Orphanet_682	1.0
http://omim.org/entry/170700	http://www.orpha.net/ORDO/Orphanet_364559	0.8934856653213501
http://omim.org/entry/171480	http://www.orpha.net/ORDO/Orphanet_2878	0.910983681678772
http://omim.org/entry/172870	http://www.orpha.net/ORDO/Orphanet_251295	0.8732225894927979
http://omim.org/entry/172880	http://www.orpha.net/ORDO/Orphanet_3104	0.8463378548622131
http://omim.org/entry/173100	http://www.orpha.net/ORDO/Orphanet_231679	0.8158912301063538
http://omim.org/entry/173700	http://www.orpha.net/ORDO/Orphanet_222628	0.9092745780944824
http://omim.org/entry/173800	http://www.orpha.net/ORDO/Orphanet_2911	1.0
http://omim.org/entry/174000	http://www.orpha.net/ORDO/Orphanet_88950	0.883430278301239
http://omim.org/entry/174300	http://www.orpha.net/ORDO/Orphanet_2919	0.910765266418457
http://omim.org/entry/174310	http://www.orpha.net/ORDO/Orphanet_2917	0.8599217534065247
http://omim.org/entry/174400	http://www.orpha.net/ORDO/Orphanet_93339	0.9010154962539673
http://omim.org/entry/174500	http://www.orpha.net/ORDO/Orphanet_295197	0.8354140877723694
http://omim.org/entry/174600	http://www.orpha.net/ORDO/Orphanet_93337	0.9411924839019775
http://omim.org/entry/174700	http://www.orpha.net/ORDO/Orphanet_93338	0.9160408139228821
http://omim.org/entry/174770	http://www.orpha.net/ORDO/Orphanet_330061	1.0
http://omim.org/entry/174800	http://www.orpha.net/ORDO/Orphanet_562	1.0
http://omim.org/entry/174810	http://www.orpha.net/ORDO/Orphanet_85195	1.0
http://omim.org/entry/175200	http://www.orpha.net/ORDO/Orphanet_2869	1.0
http://omim.org/entry/175500	http://www.orpha.net/ORDO/Orphanet_2930	0.8439818620681763
http://omim.org/entry/175690	http://www.orpha.net/ORDO/Orphanet_2935	1.0
http://omim.org/entry/175700	http://www.orpha.net/ORDO/Orphanet_380	1.0
http://omim.org/entry/175850	http://www.orpha.net/ORDO/Orphanet_79358	0.8685938119888306
http://omim.org/entry/176090	http://www.orpha.net/ORDO/Orphanet_443057	0.8080575704574585
http://omim.org/entry/176100	http://www.orpha.net/ORDO/Orphanet_101330	1.0
http://omim.org/entry/176240	http://www.orpha.net/ORDO/Orphanet_2730	1.0
http://omim.org/entry/176270	http://www.orpha.net/ORDO/Orphanet_739	1.0
http://omim.org/entry/176450	http://www.orpha.net/ORDO/Orphanet_1552	1.0
http://omim.org/entry/176500	http://www.orpha.net/ORDO/Orphanet_324713	0.8330507278442383
http://omim.org/entry/176690	http://www.orpha.net/ORDO/Orphanet_2959	0.8128948211669922
http://omim.org/entry/176920	http://www.orpha.net/ORDO/Orphanet_744	1.0
http://omim.org/entry/177170	http://www.orpha.net/ORDO/Orphanet_750	1.0
http://omim.org/entry/177735	http://www.orpha.net/ORDO/Orphanet_403	0.7899032592773437
http://omim.org/entry/177800	http://www.orpha.net/ORDO/Orphanet_519339	1.0
http://omim.org/entry/177820	http://www.orpha.net/ORDO/Orphanet_52530	1.0
http://omim.org/entry/178300	http://www.orpha.net/ORDO/Orphanet_98578	0.8244938850402832
http://omim.org/entry/178330	http://www.orpha.net/ORDO/Orphanet_2999	0.7945858240127563
http://omim.org/entry/178370	http://www.orpha.net/ORDO/Orphanet_1207	1.0
http://omim.org/entry/178550	http://www.orpha.net/ORDO/Orphanet_99931	0.8122735619544983
http://omim.org/entry/178610	http://www.orpha.net/ORDO/Orphanet_60026	0.8758764266967773
http://omim.org/entry/178995	http://www.orpha.net/ORDO/Orphanet_64745	1.0
http://omim.org/entry/179250	http://www.orpha.net/ORDO/Orphanet_2252	0.8917124271392822
http://omim.org/entry/179270	http://www.orpha.net/ORDO/Orphanet_3026	0.7710307836532593
http://omim.org/entry/179280	http://www.orpha.net/ORDO/Orphanet_3015	0.7779780626296997
http://omim.org/entry/179613	http://www.orpha.net/ORDO/Orphanet_96167	1.0
http://omim.org/entry/179830	http://www.orpha.net/ORDO/Orphanet_47159	1.0
http://omim.org/entry/180000	http://www.orpha.net/ORDO/Orphanet_75326	1.0
http://omim.org/entry/180200	http://www.orpha.net/ORDO/Orphanet_790	1.0
http://omim.org/entry/180600	http://www.orpha.net/ORDO/Orphanet_79363	0.765044629573822
http://omim.org/entry/180870	http://www.orpha.net/ORDO/Orphanet_3121	1.0
http://omim.org/entry/180920	http://www.orpha.net/ORDO/Orphanet_86815	1.0
http://omim.org/entry/181250	http://www.orpha.net/ORDO/Orphanet_1003	0.8184610605239868
http://omim.org/entry/181400	http://www.orpha.net/ORDO/Orphanet_85146	1.0
http://omim.org/entry/181405	http://www.orpha.net/ORDO/Orphanet_431255	1.0
http://omim.org/entry/181430	http://www.orpha.net/ORDO/Orphanet_437572	0.7601105570793152
http://omim.org/entry/181450	http://www.orpha.net/ORDO/Orphanet_3138	1.0
http://omim.org/entry/182150	http://www.orpha.net/ORDO/Orphanet_1968	1.0
http://omim.org/entry/182210	http://www.orpha.net/ORDO/Orphanet_3164	0.8134555816650391
http://omim.org/entry/182212	http://www.orpha.net/ORDO/Orphanet_139393	0.7931593060493469
http://omim.org/entry/182230	http://www.orpha.net/ORDO/Orphanet_3157	0.7702791094779968
http://omim.org/entry/182290	http://www.orpha.net/ORDO/Orphanet_819	1.0
http://omim.org/entry/182600	http://www.orpha.net/ORDO/Orphanet_320342	0.8360322713851929
http://omim.org/entry/182601	http://www.orpha.net/ORDO/Orphanet_320342	0.819972038269043
http://omim.org/entry/182690	http://www.orpha.net/ORDO/Orphanet_2820	0.8592696785926819
http://omim.org/entry/182815	http://www.orpha.net/ORDO/Orphanet_2821	0.8613039255142212
http://omim.org/entry/182820	http://www.orpha.net/ORDO/Orphanet_2826	0.8518444895744324
http://omim.org/entry/182875	http://www.orpha.net/ORDO/Orphanet_3038	0.8795417547225952
http://omim.org/entry/182920	http://www.orpha.net/ORDO/Orphanet_268129	1.0
http://omim.org/entry/182960	http://www.orpha.net/ORDO/Orphanet_139518	0.8337100505828857
http://omim.org/entry/182980	http://www.orpha.net/ORDO/Orphanet_209335	0.850435197353363
http://omim.org/entry/183086	http://www.orpha.net/ORDO/Orphanet_98758	0.985479211807251
http://omim.org/entry/183800	http://www.orpha.net/ORDO/Orphanet_2329	0.8177486658096313
http://omim.org/entry/183802	http://www.orpha.net/ORDO/Orphanet_2437	1.0
http://omim.org/entry/183849	http://www.orpha.net/ORDO/Orphanet_168443	0.8173366785049438
http://omim.org/entry/183900	http://www.orpha.net/ORDO/Orphanet_94068	1.0
http://omim.org/entry/184000	http://www.orpha.net/ORDO/Orphanet_163668	0.8610883951187134
http://omim.org/entry/184095	http://www.orpha.net/ORDO/Orphanet_263482	1.0
http://omim.org/entry/184250	http://www.orpha.net/ORDO/Orphanet_253	0.8749165534973145
http://omim.org/entry/184252	http://www.orpha.net/ORDO/Orphanet_93314	1.0
http://omim.org/entry/184255	http://www.orpha.net/ORDO/Orphanet_93315	1.0
http://omim.org/entry/184460	http://www.orpha.net/ORDO/Orphanet_140917	1.0
http://omim.org/entry/184500	http://www.orpha.net/ORDO/Orphanet_841	1.0
http://omim.org/entry/184510	http://www.orpha.net/ORDO/Orphanet_3184	0.914425253868103
http://omim.org/entry/184850	http://www.orpha.net/ORDO/Orphanet_443192	0.9660733938217163
http://omim.org/entry/185000	http://www.orpha.net/ORDO/Orphanet_3203	1.0
http://omim.org/entry/185500	http://www.orpha.net/ORDO/Orphanet_3193	1.0
http://omim.org/entry/185750	http://www.orpha.net/ORDO/Orphanet_3246	1.0
http://omim.org/entry/185900	http://www.orpha.net/ORDO/Orphanet_251019	0.7535417675971985
http://omim.org/entry/186000	http://www.orpha.net/ORDO/Orphanet_295195	0.8872557640075683
http://omim.org/entry/186300	http://www.orpha.net/ORDO/Orphanet_93406	1.0
http://omim.org/entry/186350	http://www.orpha.net/ORDO/Orphanet_294959	0.8173097372055054
http://omim.org/entry/187260	http://www.orpha.net/ORDO/Orphanet_482092	0.7783271074295044
http://omim.org/entry/187360	http://www.orpha.net/ORDO/Orphanet_397	1.0
http://omim.org/entry/187370	http://www.orpha.net/ORDO/Orphanet_251515	1.0
http://omim.org/entry/187510	http://www.orpha.net/ORDO/Orphanet_2564	1.0
http://omim.org/entry/187601	http://www.orpha.net/ORDO/Orphanet_93274	1.0
http://omim.org/entry/187760	http://www.orpha.net/ORDO/Orphanet_3317	1.0
http://omim.org/entry/188030	http://www.orpha.net/ORDO/Orphanet_71203	0.8008483648300171
http://omim.org/entry/188201	http://www.orpha.net/ORDO/Orphanet_1078	0.8075196146965027
http://omim.org/entry/188455	http://www.orpha.net/ORDO/Orphanet_93953	1.0
http://omim.org/entry/189960	http://www.orpha.net/ORDO/Orphanet_454750	0.7862944006919861
http://omim.org/entry/189961	http://www.orpha.net/ORDO/Orphanet_3348	1.0
http://omim.org/entry/190100	http://www.orpha.net/ORDO/Orphanet_209030	0.7523154973983764
http://omim.org/entry/190310	http://www.orpha.net/ORDO/Orphanet_3350	0.7813820838928223
http://omim.org/entry/190340	http://www.orpha.net/ORDO/Orphanet_538756	1.0
http://omim.org/entry/190360	http://www.orpha.net/ORDO/Orphanet_3361	0.7673449516296387
http://omim.org/entry/190400	http://www.orpha.net/ORDO/Orphanet_221091	1.0
http://omim.org/entry/190680	http://www.orpha.net/ORDO/Orphanet_2950	0.8055583238601685
http://omim.org/entry/190685	http://www.orpha.net/ORDO/Orphanet_870	1.0
http://omim.org/entry/190900	http://www.orpha.net/ORDO/Orphanet_88629	1.0
http://omim.org/entry/191420	http://www.orpha.net/ORDO/Orphanet_1837	1.0
http://omim.org/entry/191520	http://www.orpha.net/ORDO/Orphanet_3408	1.0
http://omim.org/entry/191900	http://www.orpha.net/ORDO/Orphanet_575	1.0
http://omim.org/entry/192050	http://www.orpha.net/ORDO/Orphanet_180111	0.7973362803459167
http://omim.org/entry/192100	http://www.orpha.net/ORDO/Orphanet_99771	1.0
http://omim.org/entry/192315	http://www.orpha.net/ORDO/Orphanet_247691	1.0
http://omim.org/entry/192350	http://www.orpha.net/ORDO/Orphanet_887	1.0
http://omim.org/entry/192800	http://www.orpha.net/ORDO/Orphanet_2064	0.7696070671081543
http://omim.org/entry/192950	http://www.orpha.net/ORDO/Orphanet_178382	1.0
http://omim.org/entry/193100	http://www.orpha.net/ORDO/Orphanet_89937	1.0
http://omim.org/entry/193220	http://www.orpha.net/ORDO/Orphanet_98668	0.8576213121414185
http://omim.org/entry/193230	http://www.orpha.net/ORDO/Orphanet_91496	0.8376076221466064
http://omim.org/entry/193235	http://www.orpha.net/ORDO/Orphanet_98668	0.861019492149353
http://omim.org/entry/193300	http://www.orpha.net/ORDO/Orphanet_892	1.0
http://omim.org/entry/193400	http://www.orpha.net/ORDO/Orphanet_166078	1.0
http://omim.org/entry/193500	http://www.orpha.net/ORDO/Orphanet_894	1.0
http://omim.org/entry/193700	http://www.orpha.net/ORDO/Orphanet_2053	1.0
http://omim.org/entry/194050	http://www.orpha.net/ORDO/Orphanet_904	1.0
http://omim.org/entry/194072	http://www.orpha.net/ORDO/Orphanet_893	0.8354313373565674
http://omim.org/entry/194080	http://www.orpha.net/ORDO/Orphanet_220	1.0
http://omim.org/entry/194350	http://www.orpha.net/ORDO/Orphanet_3466	1.0
http://omim.org/entry/200100	http://www.orpha.net/ORDO/Orphanet_14	1.0
http://omim.org/entry/200110	http://www.orpha.net/ORDO/Orphanet_920	1.0
http://omim.org/entry/200150	http://www.orpha.net/ORDO/Orphanet_2388	1.0
http://omim.org/entry/200450	http://www.orpha.net/ORDO/Orphanet_929	1.0
http://omim.org/entry/200900	http://www.orpha.net/ORDO/Orphanet_935	1.0
http://omim.org/entry/200990	http://www.orpha.net/ORDO/Orphanet_36	1.0
http://omim.org/entry/200995	http://www.orpha.net/ORDO/Orphanet_221054	1.0
http://omim.org/entry/201020	http://www.orpha.net/ORDO/Orphanet_65798	1.0
http://omim.org/entry/201050	http://www.orpha.net/ORDO/Orphanet_949	1.0
http://omim.org/entry/201100	http://www.orpha.net/ORDO/Orphanet_37	1.0
http://omim.org/entry/201170	http://www.orpha.net/ORDO/Orphanet_364574	0.787152111530304
http://omim.org/entry/201200	http://www.orpha.net/ORDO/Orphanet_2500	1.0
http://omim.org/entry/201450	http://www.orpha.net/ORDO/Orphanet_309120	0.8853627443313599
http://omim.org/entry/201475	http://www.orpha.net/ORDO/Orphanet_309120	0.84034264087677
http://omim.org/entry/201710	http://www.orpha.net/ORDO/Orphanet_325524	0.8237543106079102
http://omim.org/entry/201750	http://www.orpha.net/ORDO/Orphanet_63269	0.8829242587089539
http://omim.org/entry/201810	http://www.orpha.net/ORDO/Orphanet_90791	0.7994624376296997
http://omim.org/entry/202010	http://www.orpha.net/ORDO/Orphanet_90795	0.8714842796325684
http://omim.org/entry/202110	http://www.orpha.net/ORDO/Orphanet_90793	1.0
http://omim.org/entry/202150	http://www.orpha.net/ORDO/Orphanet_95700	0.8480427265167236
http://omim.org/entry/202660	http://www.orpha.net/ORDO/Orphanet_991	1.0
http://omim.org/entry/203100	http://www.orpha.net/ORDO/Orphanet_79431	1.0
http://omim.org/entry/203200	http://www.orpha.net/ORDO/Orphanet_79432	1.0
http://omim.org/entry/203290	http://www.orpha.net/ORDO/Orphanet_79433	1.0
http://omim.org/entry/203330	http://www.orpha.net/ORDO/Orphanet_94090	1.0
http://omim.org/entry/203340	http://www.orpha.net/ORDO/Orphanet_2513	1.0
http://omim.org/entry/203450	http://www.orpha.net/ORDO/Orphanet_58	1.0
http://omim.org/entry/203500	http://www.orpha.net/ORDO/Orphanet_56	1.0
http://omim.org/entry/203600	http://www.orpha.net/ORDO/Orphanet_2574	0.8599573373794556
http://omim.org/entry/203740	http://www.orpha.net/ORDO/Orphanet_79315	0.8029308319091797
http://omim.org/entry/203750	http://www.orpha.net/ORDO/Orphanet_134	1.0
http://omim.org/entry/204110	http://www.orpha.net/ORDO/Orphanet_1021	0.764824628829956
http://omim.org/entry/204690	http://www.orpha.net/ORDO/Orphanet_100031	0.8793608546257019
http://omim.org/entry/204750	http://www.orpha.net/ORDO/Orphanet_79062	0.7774744033813477
http://omim.org/entry/204870	http://www.orpha.net/ORDO/Orphanet_98957	1.0
http://omim.org/entry/205400	http://www.orpha.net/ORDO/Orphanet_31150	1.0
http://omim.org/entry/206200	http://www.orpha.net/ORDO/Orphanet_209981	1.0
http://omim.org/entry/206550	http://www.orpha.net/ORDO/Orphanet_199279	1.0
http://omim.org/entry/206700	http://www.orpha.net/ORDO/Orphanet_1065	1.0
http://omim.org/entry/206780	http://www.orpha.net/ORDO/Orphanet_99797	0.8833502531051636
http://omim.org/entry/206800	http://www.orpha.net/ORDO/Orphanet_79370	0.8054340481758118
http://omim.org/entry/206900	http://www.orpha.net/ORDO/Orphanet_77298	0.9471089005470276
http://omim.org/entry/206920	http://www.orpha.net/ORDO/Orphanet_1106	1.0
http://omim.org/entry/207600	http://www.orpha.net/ORDO/Orphanet_3287	1.0
http://omim.org/entry/207731	http://www.orpha.net/ORDO/Orphanet_1116	0.8608728051185608
http://omim.org/entry/207740	http://www.orpha.net/ORDO/Orphanet_2926	0.8606152534484863
http://omim.org/entry/207750	http://www.orpha.net/ORDO/Orphanet_309020	0.9383512735366821
http://omim.org/entry/207770	http://www.orpha.net/ORDO/Orphanet_1126	0.7613202929496765
http://omim.org/entry/207950	http://www.orpha.net/ORDO/Orphanet_1136	1.0
http://omim.org/entry/208150	http://www.orpha.net/ORDO/Orphanet_994	0.8130283117294311
http://omim.org/entry/208158	http://www.orpha.net/ORDO/Orphanet_109007	0.8158806562423706
http://omim.org/entry/208250	http://www.orpha.net/ORDO/Orphanet_2848	1.0
http://omim.org/entry/208400	http://www.orpha.net/ORDO/Orphanet_93	1.0
http://omim.org/entry/208900	http://www.orpha.net/ORDO/Orphanet_100	1.0
http://omim.org/entry/208920	http://www.orpha.net/ORDO/Orphanet_98539	0.7932282090187073
http://omim.org/entry/209010	http://www.orpha.net/ORDO/Orphanet_1192	0.7995465993881226
http://omim.org/entry/209500	http://www.orpha.net/ORDO/Orphanet_86819	1.0
http://omim.org/entry/209700	http://www.orpha.net/ORDO/Orphanet_79100	1.0
http://omim.org/entry/209885	http://www.orpha.net/ORDO/Orphanet_1231	1.0
http://omim.org/entry/209920	http://www.orpha.net/ORDO/Orphanet_572	1.0
http://omim.org/entry/210350	http://www.orpha.net/ORDO/Orphanet_141333	0.7545910239219665
http://omim.org/entry/210370	http://www.orpha.net/ORDO/Orphanet_41751	1.0
http://omim.org/entry/210700	http://www.orpha.net/ORDO/Orphanet_324761	0.8767611384391785
http://omim.org/entry/210740	http://www.orpha.net/ORDO/Orphanet_1227	1.0
http://omim.org/entry/210745	http://www.orpha.net/ORDO/Orphanet_2057	0.8957667350769043
http://omim.org/entry/210900	http://www.orpha.net/ORDO/Orphanet_125	1.0
http://omim.org/entry/211000	http://www.orpha.net/ORDO/Orphanet_94086	1.0
http://omim.org/entry/211120	http://www.orpha.net/ORDO/Orphanet_1842	1.0
http://omim.org/entry/211180	http://www.orpha.net/ORDO/Orphanet_1270	1.0
http://omim.org/entry/211350	http://www.orpha.net/ORDO/Orphanet_1801	1.0
http://omim.org/entry/211480	http://www.orpha.net/ORDO/Orphanet_36258	1.0
http://omim.org/entry/211600	http://www.orpha.net/ORDO/Orphanet_79306	0.9951648473739624
http://omim.org/entry/211750	http://www.orpha.net/ORDO/Orphanet_1308	1.0
http://omim.org/entry/211770	http://www.orpha.net/ORDO/Orphanet_1375	1.0
http://omim.org/entry/211800	http://www.orpha.net/ORDO/Orphanet_289601	1.0
http://omim.org/entry/211890	http://www.orpha.net/ORDO/Orphanet_1318	1.0
http://omim.org/entry/211910	http://www.orpha.net/ORDO/Orphanet_1327	1.0
http://omim.org/entry/211920	http://www.orpha.net/ORDO/Orphanet_1326	1.0
http://omim.org/entry/211930	http://www.orpha.net/ORDO/Orphanet_1321	0.8465484976768494
http://omim.org/entry/211960	http://www.orpha.net/ORDO/Orphanet_3292	0.8600190877914429
http://omim.org/entry/212065	http://www.orpha.net/ORDO/Orphanet_371235	0.854168176651001
http://omim.org/entry/212066	http://www.orpha.net/ORDO/Orphanet_79329	1.0
http://omim.org/entry/212112	http://www.orpha.net/ORDO/Orphanet_2229	0.8357652425765991
http://omim.org/entry/212138	http://www.orpha.net/ORDO/Orphanet_159	1.0
http://omim.org/entry/212140	http://www.orpha.net/ORDO/Orphanet_158	1.0
http://omim.org/entry/212350	http://www.orpha.net/ORDO/Orphanet_1369	1.0
http://omim.org/entry/212360	http://www.orpha.net/ORDO/Orphanet_79502	0.8318476438522339
http://omim.org/entry/212780	http://www.orpha.net/ORDO/Orphanet_3258	0.8246488571166992
http://omim.org/entry/212835	http://www.orpha.net/ORDO/Orphanet_1174	0.9105883240699768
http://omim.org/entry/212895	http://www.orpha.net/ORDO/Orphanet_1177	1.0
http://omim.org/entry/213200	http://www.orpha.net/ORDO/Orphanet_98756	0.8986782193183899
http://omim.org/entry/214350	http://www.orpha.net/ORDO/Orphanet_1401	1.0
http://omim.org/entry/214370	http://www.orpha.net/ORDO/Orphanet_90103	0.8729705214500427
http://omim.org/entry/214400	http://www.orpha.net/ORDO/Orphanet_99948	1.0
http://omim.org/entry/214450	http://www.orpha.net/ORDO/Orphanet_79476	1.0
http://omim.org/entry/214500	http://www.orpha.net/ORDO/Orphanet_352723	0.7598555088043213
http://omim.org/entry/214800	http://www.orpha.net/ORDO/Orphanet_138	1.0
http://omim.org/entry/215100	http://www.orpha.net/ORDO/Orphanet_309789	1.0
http://omim.org/entry/215105	http://www.orpha.net/ORDO/Orphanet_93442	0.8523683547973633
http://omim.org/entry/215140	http://www.orpha.net/ORDO/Orphanet_1426	1.0
http://omim.org/entry/215400	http://www.orpha.net/ORDO/Orphanet_178	0.8162805438041687
http://omim.org/entry/215480	http://www.orpha.net/ORDO/Orphanet_178506	0.7635547518730164
http://omim.org/entry/215700	http://www.orpha.net/ORDO/Orphanet_247525	1.0
http://omim.org/entry/215850	http://www.orpha.net/ORDO/Orphanet_156532	0.7736386656761169
http://omim.org/entry/216550	http://www.orpha.net/ORDO/Orphanet_193	1.0
http://omim.org/entry/216700	http://www.orpha.net/ORDO/Orphanet_79147	1.0
http://omim.org/entry/216800	http://www.orpha.net/ORDO/Orphanet_98945	0.7568716406822205
http://omim.org/entry/217085	http://www.orpha.net/ORDO/Orphanet_1338	0.7871049642562866
http://omim.org/entry/217090	http://www.orpha.net/ORDO/Orphanet_722	1.0
http://omim.org/entry/217095	http://www.orpha.net/ORDO/Orphanet_2445	1.0
http://omim.org/entry/217400	http://www.orpha.net/ORDO/Orphanet_1490	0.8310585618019104
http://omim.org/entry/217600	http://www.orpha.net/ORDO/Orphanet_98972	0.8499040603637695
http://omim.org/entry/217700	http://www.orpha.net/ORDO/Orphanet_293603	0.8100941777229309
http://omim.org/entry/217800	http://www.orpha.net/ORDO/Orphanet_98969	1.0
http://omim.org/entry/218030	http://www.orpha.net/ORDO/Orphanet_320	1.0
http://omim.org/entry/218040	http://www.orpha.net/ORDO/Orphanet_3071	1.0
http://omim.org/entry/218090	http://www.orpha.net/ORDO/Orphanet_1512	1.0
http://omim.org/entry/218300	http://www.orpha.net/ORDO/Orphanet_1513	1.0
http://omim.org/entry/218340	http://www.orpha.net/ORDO/Orphanet_1777	1.0
http://omim.org/entry/218350	http://www.orpha.net/ORDO/Orphanet_139393	0.7930729389190674
http://omim.org/entry/218600	http://www.orpha.net/ORDO/Orphanet_1225	1.0
http://omim.org/entry/218670	http://www.orpha.net/ORDO/Orphanet_1528	1.0
http://omim.org/entry/218900	http://www.orpha.net/ORDO/Orphanet_1380	1.0
http://omim.org/entry/219150	http://www.orpha.net/ORDO/Orphanet_357074	0.8647806644439697
http://omim.org/entry/219200	http://www.orpha.net/ORDO/Orphanet_357058	1.0
http://omim.org/entry/219500	http://www.orpha.net/ORDO/Orphanet_212	1.0
http://omim.org/entry/219700	http://www.orpha.net/ORDO/Orphanet_586	1.0
http://omim.org/entry/219721	http://www.orpha.net/ORDO/Orphanet_2575	0.8665429353713989
http://omim.org/entry/219750	http://www.orpha.net/ORDO/Orphanet_93613	0.8020635843276978
http://omim.org/entry/220100	http://www.orpha.net/ORDO/Orphanet_214	1.0
http://omim.org/entry/220200	http://www.orpha.net/ORDO/Orphanet_269546	0.8401462435722351
http://omim.org/entry/220220	http://www.orpha.net/ORDO/Orphanet_1566	0.8004022240638733
http://omim.org/entry/220500	http://www.orpha.net/ORDO/Orphanet_79500	0.7957286238670349
http://omim.org/entry/221300	http://www.orpha.net/ORDO/Orphanet_96210	0.7785332798957825
http://omim.org/entry/221320	http://www.orpha.net/ORDO/Orphanet_3236	0.7872514724731445
http://omim.org/entry/221350	http://www.orpha.net/ORDO/Orphanet_3239	0.9163826704025269
http://omim.org/entry/221400	http://www.orpha.net/ORDO/Orphanet_3217	0.801720917224884
http://omim.org/entry/221740	http://www.orpha.net/ORDO/Orphanet_3230	1.0
http://omim.org/entry/221750	http://www.orpha.net/ORDO/Orphanet_178025	0.8121817111968994
http://omim.org/entry/221790	http://www.orpha.net/ORDO/Orphanet_1659	1.0
http://omim.org/entry/221800	http://www.orpha.net/ORDO/Orphanet_79149	1.0
http://omim.org/entry/221810	http://www.orpha.net/ORDO/Orphanet_1657	1.0
http://omim.org/entry/222600	http://www.orpha.net/ORDO/Orphanet_628	1.0
http://omim.org/entry/222700	http://www.orpha.net/ORDO/Orphanet_470	1.0
http://omim.org/entry/222748	http://www.orpha.net/ORDO/Orphanet_38874	1.0
http://omim.org/entry/222765	http://www.orpha.net/ORDO/Orphanet_309796	1.0
http://omim.org/entry/223340	http://www.orpha.net/ORDO/Orphanet_3439	1.0
http://omim.org/entry/223370	http://www.orpha.net/ORDO/Orphanet_235	1.0
http://omim.org/entry/223400	http://www.orpha.net/ORDO/Orphanet_1203	1.0
http://omim.org/entry/224100	http://www.orpha.net/ORDO/Orphanet_98873	1.0
http://omim.org/entry/224300	http://www.orpha.net/ORDO/Orphanet_1782	1.0
http://omim.org/entry/224400	http://www.orpha.net/ORDO/Orphanet_156731	1.0
http://omim.org/entry/224800	http://www.orpha.net/ORDO/Orphanet_79373	0.8009375333786011
http://omim.org/entry/225050	http://www.orpha.net/ORDO/Orphanet_1882	0.8357623815536499
http://omim.org/entry/225060	http://www.orpha.net/ORDO/Orphanet_3253	1.0
http://omim.org/entry/225280	http://www.orpha.net/ORDO/Orphanet_1897	0.8218570947647095
http://omim.org/entry/225290	http://www.orpha.net/ORDO/Orphanet_498477	0.8770304918289185
http://omim.org/entry/225320	http://www.orpha.net/ORDO/Orphanet_230851	0.8543992638587952
http://omim.org/entry/225400	http://www.orpha.net/ORDO/Orphanet_230839	0.7943979263305664
http://omim.org/entry/225500	http://www.orpha.net/ORDO/Orphanet_289	1.0
http://omim.org/entry/225753	http://www.orpha.net/ORDO/Orphanet_166063	1.0
http://omim.org/entry/226000	http://www.orpha.net/ORDO/Orphanet_2022	1.0
http://omim.org/entry/226350	http://www.orpha.net/ORDO/Orphanet_3165	1.0
http://omim.org/entry/226440	http://www.orpha.net/ORDO/Orphanet_305	0.8517289161682129
http://omim.org/entry/226730	http://www.orpha.net/ORDO/Orphanet_79403	0.8730019330978394
http://omim.org/entry/226900	http://www.orpha.net/ORDO/Orphanet_93307	0.808284854888916
http://omim.org/entry/226980	http://www.orpha.net/ORDO/Orphanet_1667	1.0
http://omim.org/entry/227050	http://www.orpha.net/ORDO/Orphanet_98871	1.0
http://omim.org/entry/227090	http://www.orpha.net/ORDO/Orphanet_1954	1.0
http://omim.org/entry/227210	http://www.orpha.net/ORDO/Orphanet_3172	0.8145101070404053
http://omim.org/entry/227255	http://www.orpha.net/ORDO/Orphanet_68341	0.8767736554145813
http://omim.org/entry/227260	http://www.orpha.net/ORDO/Orphanet_1807	1.0
http://omim.org/entry/227270	http://www.orpha.net/ORDO/Orphanet_1972	1.0
http://omim.org/entry/227280	http://www.orpha.net/ORDO/Orphanet_1973	1.0
http://omim.org/entry/227330	http://www.orpha.net/ORDO/Orphanet_1974	1.0
http://omim.org/entry/227400	http://www.orpha.net/ORDO/Orphanet_326	0.7620857954025269
http://omim.org/entry/227500	http://www.orpha.net/ORDO/Orphanet_327	0.7838255167007446
http://omim.org/entry/228200	http://www.orpha.net/ORDO/Orphanet_2019	1.0
http://omim.org/entry/228250	http://www.orpha.net/ORDO/Orphanet_1986	0.7877543568611145
http://omim.org/entry/228560	http://www.orpha.net/ORDO/Orphanet_2025	0.8435733914375305
http://omim.org/entry/228600	http://www.orpha.net/ORDO/Orphanet_498474	1.0
http://omim.org/entry/228900	http://www.orpha.net/ORDO/Orphanet_93437	0.7604153752326965
http://omim.org/entry/228960	http://www.orpha.net/ORDO/Orphanet_483	0.751903235912323
http://omim.org/entry/228980	http://www.orpha.net/ORDO/Orphanet_363989	0.7606815099716187
http://omim.org/entry/229100	http://www.orpha.net/ORDO/Orphanet_51208	1.0
http://omim.org/entry/229120	http://www.orpha.net/ORDO/Orphanet_3219	1.0
http://omim.org/entry/229400	http://www.orpha.net/ORDO/Orphanet_1791	1.0
http://omim.org/entry/229600	http://www.orpha.net/ORDO/Orphanet_469	1.0
http://omim.org/entry/229700	http://www.orpha.net/ORDO/Orphanet_348	1.0
http://omim.org/entry/230000	http://www.orpha.net/ORDO/Orphanet_349	1.0
http://omim.org/entry/230200	http://www.orpha.net/ORDO/Orphanet_79237	0.9228422403335571
http://omim.org/entry/230350	http://www.orpha.net/ORDO/Orphanet_79238	0.8386964559555053
http://omim.org/entry/230400	http://www.orpha.net/ORDO/Orphanet_79239	0.8278940677642822
http://omim.org/entry/230450	http://www.orpha.net/ORDO/Orphanet_33574	0.8516985177993774
http://omim.org/entry/230500	http://www.orpha.net/ORDO/Orphanet_79255	1.0
http://omim.org/entry/230740	http://www.orpha.net/ORDO/Orphanet_2067	1.0
http://omim.org/entry/230750	http://www.orpha.net/ORDO/Orphanet_2368	1.0
http://omim.org/entry/230800	http://www.orpha.net/ORDO/Orphanet_77259	1.0
http://omim.org/entry/231000	http://www.orpha.net/ORDO/Orphanet_77261	1.0
http://omim.org/entry/231005	http://www.orpha.net/ORDO/Orphanet_2072	1.0
http://omim.org/entry/231060	http://www.orpha.net/ORDO/Orphanet_2075	1.0
http://omim.org/entry/231095	http://www.orpha.net/ORDO/Orphanet_1802	1.0
http://omim.org/entry/231200	http://www.orpha.net/ORDO/Orphanet_274	1.0
http://omim.org/entry/231670	http://www.orpha.net/ORDO/Orphanet_25	0.8267349362373352
http://omim.org/entry/231680	http://www.orpha.net/ORDO/Orphanet_26791	1.0
http://omim.org/entry/231690	http://www.orpha.net/ORDO/Orphanet_35706	0.8888610363006592
http://omim.org/entry/231950	http://www.orpha.net/ORDO/Orphanet_33573	1.0
http://omim.org/entry/232220	http://www.orpha.net/ORDO/Orphanet_79259	0.9422960042953491
http://omim.org/entry/232300	http://www.orpha.net/ORDO/Orphanet_420429	0.8978533506393432
http://omim.org/entry/232500	http://www.orpha.net/ORDO/Orphanet_367	0.9294641971588135
http://omim.org/entry/232600	http://www.orpha.net/ORDO/Orphanet_368	0.9118799924850464
http://omim.org/entry/232700	http://www.orpha.net/ORDO/Orphanet_369	0.9461779356002807
http://omim.org/entry/233450	http://www.orpha.net/ORDO/Orphanet_375	1.0
http://omim.org/entry/233910	http://www.orpha.net/ORDO/Orphanet_293284	0.8040786385536194
http://omim.org/entry/234100	http://www.orpha.net/ORDO/Orphanet_2108	1.0
http://omim.org/entry/234250	http://www.orpha.net/ORDO/Orphanet_2107	0.7922177910804749
http://omim.org/entry/234500	http://www.orpha.net/ORDO/Orphanet_2116	1.0
http://omim.org/entry/235255	http://www.orpha.net/ORDO/Orphanet_1655	0.7871204614639282
http://omim.org/entry/235700	http://www.orpha.net/ORDO/Orphanet_98372	0.8568210005760193
http://omim.org/entry/235730	http://www.orpha.net/ORDO/Orphanet_2152	1.0
http://omim.org/entry/235740	http://www.orpha.net/ORDO/Orphanet_2155	0.8794574737548828
http://omim.org/entry/235760	http://www.orpha.net/ORDO/Orphanet_2153	0.8134249448776245
http://omim.org/entry/235800	http://www.orpha.net/ORDO/Orphanet_2157	1.0
http://omim.org/entry/235830	http://www.orpha.net/ORDO/Orphanet_2158	0.9274666905403137
http://omim.org/entry/236000	http://www.orpha.net/ORDO/Orphanet_391	1.0
http://omim.org/entry/236100	http://www.orpha.net/ORDO/Orphanet_1084	0.7749126315116882
http://omim.org/entry/236200	http://www.orpha.net/ORDO/Orphanet_394	1.0
http://omim.org/entry/236250	http://www.orpha.net/ORDO/Orphanet_395	0.7551130652427673
http://omim.org/entry/236270	http://www.orpha.net/ORDO/Orphanet_2169	0.8280572295188904
http://omim.org/entry/236640	http://www.orpha.net/ORDO/Orphanet_269505	0.7844729423522949
http://omim.org/entry/236750	http://www.orpha.net/ORDO/Orphanet_363999	0.851885199546814
http://omim.org/entry/236795	http://www.orpha.net/ORDO/Orphanet_939	1.0
http://omim.org/entry/236800	http://www.orpha.net/ORDO/Orphanet_79155	1.0
http://omim.org/entry/236900	http://www.orpha.net/ORDO/Orphanet_289832	0.7818007469177246
http://omim.org/entry/237300	http://www.orpha.net/ORDO/Orphanet_147	0.8329229950904846
http://omim.org/entry/237400	http://www.orpha.net/ORDO/Orphanet_309147	1.0
http://omim.org/entry/237450	http://www.orpha.net/ORDO/Orphanet_3111	1.0
http://omim.org/entry/237500	http://www.orpha.net/ORDO/Orphanet_234	1.0
http://omim.org/entry/237900	http://www.orpha.net/ORDO/Orphanet_2312	1.0
http://omim.org/entry/238600	http://www.orpha.net/ORDO/Orphanet_181428	0.7979496955871582
http://omim.org/entry/238970	http://www.orpha.net/ORDO/Orphanet_415	1.0
http://omim.org/entry/239000	http://www.orpha.net/ORDO/Orphanet_2801	0.7783405780792236
http://omim.org/entry/239200	http://www.orpha.net/ORDO/Orphanet_417	0.9249917268753052
http://omim.org/entry/239500	http://www.orpha.net/ORDO/Orphanet_419	1.0
http://omim.org/entry/239710	http://www.orpha.net/ORDO/Orphanet_2211	0.9135139942169189
http://omim.org/entry/239800	http://www.orpha.net/ORDO/Orphanet_2213	1.0
http://omim.org/entry/239850	http://www.orpha.net/ORDO/Orphanet_1517	0.7827776074409485
http://omim.org/entry/240200	http://www.orpha.net/ORDO/Orphanet_101958	0.814576268196106
http://omim.org/entry/240900	http://www.orpha.net/ORDO/Orphanet_293964	0.8289848566055298
http://omim.org/entry/240950	http://www.orpha.net/ORDO/Orphanet_1387	0.8470128774642944
http://omim.org/entry/241080	http://www.orpha.net/ORDO/Orphanet_3464	1.0
http://omim.org/entry/241090	http://www.orpha.net/ORDO/Orphanet_2232	0.9071230888366699
http://omim.org/entry/241310	http://www.orpha.net/ORDO/Orphanet_1790	1.0
http://omim.org/entry/241500	http://www.orpha.net/ORDO/Orphanet_247651	1.0
http://omim.org/entry/241510	http://www.orpha.net/ORDO/Orphanet_247651	0.7591769695281982
http://omim.org/entry/241530	http://www.orpha.net/ORDO/Orphanet_157215	1.0
http://omim.org/entry/242520	http://www.orpha.net/ORDO/Orphanet_281238	0.8432472348213196
http://omim.org/entry/242600	http://www.orpha.net/ORDO/Orphanet_42062	1.0
http://omim.org/entry/242700	http://www.orpha.net/ORDO/Orphanet_101972	0.8471882343292236
http://omim.org/entry/242840	http://www.orpha.net/ORDO/Orphanet_1493	1.0
http://omim.org/entry/243000	http://www.orpha.net/ORDO/Orphanet_88642	0.8823931217193604
http://omim.org/entry/243300	http://www.orpha.net/ORDO/Orphanet_99960	1.0
http://omim.org/entry/243500	http://www.orpha.net/ORDO/Orphanet_33	1.0
http://omim.org/entry/243600	http://www.orpha.net/ORDO/Orphanet_1201	1.0
http://omim.org/entry/243800	http://www.orpha.net/ORDO/Orphanet_2315	1.0
http://omim.org/entry/244300	http://www.orpha.net/ORDO/Orphanet_2328	1.0
http://omim.org/entry/244450	http://www.orpha.net/ORDO/Orphanet_2707	0.8030635118484497
http://omim.org/entry/244850	http://www.orpha.net/ORDO/Orphanet_79357	0.7840925455093384
http://omim.org/entry/245050	http://www.orpha.net/ORDO/Orphanet_832	1.0
http://omim.org/entry/245150	http://www.orpha.net/ORDO/Orphanet_85202	1.0
http://omim.org/entry/245190	http://www.orpha.net/ORDO/Orphanet_2347	1.0
http://omim.org/entry/245348	http://www.orpha.net/ORDO/Orphanet_79244	1.0
http://omim.org/entry/245570	http://www.orpha.net/ORDO/Orphanet_166463	0.8006464242935181
http://omim.org/entry/245590	http://www.orpha.net/ORDO/Orphanet_231662	0.7883345484733582
http://omim.org/entry/245600	http://www.orpha.net/ORDO/Orphanet_284139	0.7588565349578857
http://omim.org/entry/245800	http://www.orpha.net/ORDO/Orphanet_2377	1.0
http://omim.org/entry/245900	http://www.orpha.net/ORDO/Orphanet_650	1.0
http://omim.org/entry/246450	http://www.orpha.net/ORDO/Orphanet_20	1.0
http://omim.org/entry/246500	http://www.orpha.net/ORDO/Orphanet_1816	0.8583765029907227
http://omim.org/entry/246550	http://www.orpha.net/ORDO/Orphanet_2390	1.0
http://omim.org/entry/246650	http://www.orpha.net/ORDO/Orphanet_309015	0.8530725836753845
http://omim.org/entry/246700	http://www.orpha.net/ORDO/Orphanet_71	1.0
http://omim.org/entry/247410	http://www.orpha.net/ORDO/Orphanet_1563	1.0
http://omim.org/entry/247610	http://www.orpha.net/ORDO/Orphanet_79128	1.0
http://omim.org/entry/247990	http://www.orpha.net/ORDO/Orphanet_2083	1.0
http://omim.org/entry/248110	http://www.orpha.net/ORDO/Orphanet_202948	0.7823068499565125
http://omim.org/entry/248200	http://www.orpha.net/ORDO/Orphanet_827	0.762764847278595
http://omim.org/entry/248250	http://www.orpha.net/ORDO/Orphanet_306519	0.802554726600647
http://omim.org/entry/248360	http://www.orpha.net/ORDO/Orphanet_943	1.0
http://omim.org/entry/248370	http://www.orpha.net/ORDO/Orphanet_90153	1.0
http://omim.org/entry/248500	http://www.orpha.net/ORDO/Orphanet_309282	0.8326924443244934
http://omim.org/entry/248510	http://www.orpha.net/ORDO/Orphanet_309282	0.8351848125457764
http://omim.org/entry/248600	http://www.orpha.net/ORDO/Orphanet_511	1.0
http://omim.org/entry/248700	http://www.orpha.net/ORDO/Orphanet_2461	1.0
http://omim.org/entry/248760	http://www.orpha.net/ORDO/Orphanet_2172	0.9169391989707947
http://omim.org/entry/249420	http://www.orpha.net/ORDO/Orphanet_137834	1.0
http://omim.org/entry/249620	http://www.orpha.net/ORDO/Orphanet_2728	1.0
http://omim.org/entry/249650	http://www.orpha.net/ORDO/Orphanet_1035	0.7592695951461792
http://omim.org/entry/249700	http://www.orpha.net/ORDO/Orphanet_2632	1.0
http://omim.org/entry/249710	http://www.orpha.net/ORDO/Orphanet_93438	0.8413721323013306
http://omim.org/entry/250100	http://www.orpha.net/ORDO/Orphanet_512	1.0
http://omim.org/entry/250215	http://www.orpha.net/ORDO/Orphanet_1240	1.0
http://omim.org/entry/250220	http://www.orpha.net/ORDO/Orphanet_93317	1.0
http://omim.org/entry/250230	http://www.orpha.net/ORDO/Orphanet_166038	1.0
http://omim.org/entry/250250	http://www.orpha.net/ORDO/Orphanet_175	1.0
http://omim.org/entry/250400	http://www.orpha.net/ORDO/Orphanet_93430	0.7698454260826111
http://omim.org/entry/250410	http://www.orpha.net/ORDO/Orphanet_98661	0.8176224231719971
http://omim.org/entry/250620	http://www.orpha.net/ORDO/Orphanet_309127	0.7730717062950134
http://omim.org/entry/250850	http://www.orpha.net/ORDO/Orphanet_79173	0.7703554630279541
http://omim.org/entry/250940	http://www.orpha.net/ORDO/Orphanet_2170	0.8244982957839966
http://omim.org/entry/250950	http://www.orpha.net/ORDO/Orphanet_67046	1.0
http://omim.org/entry/250951	http://www.orpha.net/ORDO/Orphanet_67048	1.0
http://omim.org/entry/251110	http://www.orpha.net/ORDO/Orphanet_79311	0.9298548698425293
http://omim.org/entry/251190	http://www.orpha.net/ORDO/Orphanet_2643	1.0
http://omim.org/entry/251250	http://www.orpha.net/ORDO/Orphanet_2522	0.7532972097396851
http://omim.org/entry/251880	http://www.orpha.net/ORDO/Orphanet_254871	0.7980771660804749
http://omim.org/entry/251950	http://www.orpha.net/ORDO/Orphanet_206966	0.8312076330184937
http://omim.org/entry/252100	http://www.orpha.net/ORDO/Orphanet_2751	1.0
http://omim.org/entry/252150	http://www.orpha.net/ORDO/Orphanet_99732	0.7519328594207764
http://omim.org/entry/252320	http://www.orpha.net/ORDO/Orphanet_98497	0.7957413196563721
http://omim.org/entry/252500	http://www.orpha.net/ORDO/Orphanet_79212	0.8190672397613525
http://omim.org/entry/252600	http://www.orpha.net/ORDO/Orphanet_79212	0.8268454670906067
http://omim.org/entry/252605	http://www.orpha.net/ORDO/Orphanet_79212	0.8226983547210693
http://omim.org/entry/252900	http://www.orpha.net/ORDO/Orphanet_79269	1.0
http://omim.org/entry/252920	http://www.orpha.net/ORDO/Orphanet_79270	1.0
http://omim.org/entry/252930	http://www.orpha.net/ORDO/Orphanet_79271	1.0
http://omim.org/entry/253000	http://www.orpha.net/ORDO/Orphanet_309297	1.0
http://omim.org/entry/253200	http://www.orpha.net/ORDO/Orphanet_583	1.0
http://omim.org/entry/253260	http://www.orpha.net/ORDO/Orphanet_79241	1.0
http://omim.org/entry/253290	http://www.orpha.net/ORDO/Orphanet_33108	0.8503031134605408
http://omim.org/entry/253300	http://www.orpha.net/ORDO/Orphanet_83330	0.849624490737915
http://omim.org/entry/253320	http://www.orpha.net/ORDO/Orphanet_3068	0.7727023363113403
http://omim.org/entry/253400	http://www.orpha.net/ORDO/Orphanet_83419	0.8284284234046936
http://omim.org/entry/253600	http://www.orpha.net/ORDO/Orphanet_102015	0.8077996015548706
http://omim.org/entry/253601	http://www.orpha.net/ORDO/Orphanet_456369	0.7872638463973999
http://omim.org/entry/254000	http://www.orpha.net/ORDO/Orphanet_1875	0.7747393846511841
http://omim.org/entry/254500	http://www.orpha.net/ORDO/Orphanet_29073	1.0
http://omim.org/entry/254770	http://www.orpha.net/ORDO/Orphanet_307	1.0
http://omim.org/entry/254800	http://www.orpha.net/ORDO/Orphanet_308	0.7927851676940918
http://omim.org/entry/254900	http://www.orpha.net/ORDO/Orphanet_86913	0.7632119655609131
http://omim.org/entry/254940	http://www.orpha.net/ORDO/Orphanet_1358	1.0
http://omim.org/entry/255110	http://www.orpha.net/ORDO/Orphanet_228302	0.7793755531311035
http://omim.org/entry/255125	http://www.orpha.net/ORDO/Orphanet_171690	0.8051561117172241
http://omim.org/entry/255310	http://www.orpha.net/ORDO/Orphanet_2020	0.8782762289047241
http://omim.org/entry/255320	http://www.orpha.net/ORDO/Orphanet_98905	0.8999705910682678
http://omim.org/entry/255600	http://www.orpha.net/ORDO/Orphanet_289380	0.7960155010223389
http://omim.org/entry/256500	http://www.orpha.net/ORDO/Orphanet_634	1.0
http://omim.org/entry/256550	http://www.orpha.net/ORDO/Orphanet_93400	0.8305284976959229
http://omim.org/entry/256730	http://www.orpha.net/ORDO/Orphanet_228349	0.8650542497634888
http://omim.org/entry/256800	http://www.orpha.net/ORDO/Orphanet_642	1.0
http://omim.org/entry/256840	http://www.orpha.net/ORDO/Orphanet_139578	0.8745273351669312
http://omim.org/entry/257320	http://www.orpha.net/ORDO/Orphanet_51577	0.8014408707618713
http://omim.org/entry/257800	http://www.orpha.net/ORDO/Orphanet_183469	0.7883849740028381
http://omim.org/entry/257910	http://www.orpha.net/ORDO/Orphanet_2714	0.816621720790863
http://omim.org/entry/257960	http://www.orpha.net/ORDO/Orphanet_2718	1.0
http://omim.org/entry/257970	http://www.orpha.net/ORDO/Orphanet_2715	1.0
http://omim.org/entry/258200	http://www.orpha.net/ORDO/Orphanet_2920	1.0
http://omim.org/entry/258320	http://www.orpha.net/ORDO/Orphanet_2736	1.0
http://omim.org/entry/258501	http://www.orpha.net/ORDO/Orphanet_67047	1.0
http://omim.org/entry/258850	http://www.orpha.net/ORDO/Orphanet_2752	0.9580535650253296
http://omim.org/entry/258865	http://www.orpha.net/ORDO/Orphanet_141007	0.8562674880027771
http://omim.org/entry/258870	http://www.orpha.net/ORDO/Orphanet_414	1.0
http://omim.org/entry/258900	http://www.orpha.net/ORDO/Orphanet_289899	0.7845525741577148
http://omim.org/entry/259410	http://www.orpha.net/ORDO/Orphanet_2772	0.8121875524520874
http://omim.org/entry/259420	http://www.orpha.net/ORDO/Orphanet_216812	1.0
http://omim.org/entry/259610	http://www.orpha.net/ORDO/Orphanet_93449	0.7755046486854553
http://omim.org/entry/259770	http://www.orpha.net/ORDO/Orphanet_2788	1.0
http://omim.org/entry/259900	http://www.orpha.net/ORDO/Orphanet_93598	1.0
http://omim.org/entry/260005	http://www.orpha.net/ORDO/Orphanet_33572	1.0
http://omim.org/entry/260350	http://www.orpha.net/ORDO/Orphanet_217074	0.7768326997756958
http://omim.org/entry/260470	http://www.orpha.net/ORDO/Orphanet_2806	1.0
http://omim.org/entry/260530	http://www.orpha.net/ORDO/Orphanet_2812	1.0
http://omim.org/entry/260540	http://www.orpha.net/ORDO/Orphanet_306666	0.8587969541549683
http://omim.org/entry/260660	http://www.orpha.net/ORDO/Orphanet_93333	1.0
http://omim.org/entry/260910	http://www.orpha.net/ORDO/Orphanet_345	0.765860915184021
http://omim.org/entry/261540	http://www.orpha.net/ORDO/Orphanet_709	1.0
http://omim.org/entry/261560	http://www.orpha.net/ORDO/Orphanet_2871	1.0
http://omim.org/entry/261600	http://www.orpha.net/ORDO/Orphanet_716	1.0
http://omim.org/entry/261630	http://www.orpha.net/ORDO/Orphanet_293284	0.7838587760925293
http://omim.org/entry/261640	http://www.orpha.net/ORDO/Orphanet_293284	0.820297360420227
http://omim.org/entry/261750	http://www.orpha.net/ORDO/Orphanet_79240	0.9796219229698181
http://omim.org/entry/262400	http://www.orpha.net/ORDO/Orphanet_231662	0.8741638660430908
http://omim.org/entry/262500	http://www.orpha.net/ORDO/Orphanet_633	1.0
http://omim.org/entry/263000	http://www.orpha.net/ORDO/Orphanet_264762	0.8019483089447021
http://omim.org/entry/263300	http://www.orpha.net/ORDO/Orphanet_729	1.0
http://omim.org/entry/263630	http://www.orpha.net/ORDO/Orphanet_3201	0.7506228685379028
http://omim.org/entry/263700	http://www.orpha.net/ORDO/Orphanet_79277	1.0
http://omim.org/entry/264010	http://www.orpha.net/ORDO/Orphanet_3409	0.7716903686523438
http://omim.org/entry/264070	http://www.orpha.net/ORDO/Orphanet_293284	0.7792598009109497
http://omim.org/entry/264090	http://www.orpha.net/ORDO/Orphanet_3455	1.0
http://omim.org/entry/264300	http://www.orpha.net/ORDO/Orphanet_752	1.0
http://omim.org/entry/264350	http://www.orpha.net/ORDO/Orphanet_403	0.7769211292266845
http://omim.org/entry/264470	http://www.orpha.net/ORDO/Orphanet_2971	1.0
http://omim.org/entry/264475	http://www.orpha.net/ORDO/Orphanet_2980	0.8692554235458374
http://omim.org/entry/264480	http://www.orpha.net/ORDO/Orphanet_3378	0.7668840885162354
http://omim.org/entry/264600	http://www.orpha.net/ORDO/Orphanet_753	1.0
http://omim.org/entry/264800	http://www.orpha.net/ORDO/Orphanet_758	1.0
http://omim.org/entry/265140	http://www.orpha.net/ORDO/Orphanet_2038	0.8100764155387878
http://omim.org/entry/265300	http://www.orpha.net/ORDO/Orphanet_2414	1.0
http://omim.org/entry/265380	http://www.orpha.net/ORDO/Orphanet_210122	1.0
http://omim.org/entry/265430	http://www.orpha.net/ORDO/Orphanet_2257	1.0
http://omim.org/entry/265800	http://www.orpha.net/ORDO/Orphanet_763	1.0
http://omim.org/entry/265880	http://www.orpha.net/ORDO/Orphanet_3003	1.0
http://omim.org/entry/265900	http://www.orpha.net/ORDO/Orphanet_3005	1.0
http://omim.org/entry/266120	http://www.orpha.net/ORDO/Orphanet_98374	0.7872966527938843
http://omim.org/entry/266255	http://www.orpha.net/ORDO/Orphanet_3270	0.8458936214447021
http://omim.org/entry/266265	http://www.orpha.net/ORDO/Orphanet_371235	0.775396728515625
http://omim.org/entry/266270	http://www.orpha.net/ORDO/Orphanet_3019	1.0
http://omim.org/entry/266500	http://www.orpha.net/ORDO/Orphanet_773	1.0
http://omim.org/entry/266910	http://www.orpha.net/ORDO/Orphanet_3404	1.0
http://omim.org/entry/267000	http://www.orpha.net/ORDO/Orphanet_2849	1.0
http://omim.org/entry/267010	http://www.orpha.net/ORDO/Orphanet_3032	1.0
http://omim.org/entry/267430	http://www.orpha.net/ORDO/Orphanet_3033	1.0
http://omim.org/entry/267730	http://www.orpha.net/ORDO/Orphanet_86900	1.0
http://omim.org/entry/267760	http://www.orpha.net/ORDO/Orphanet_1574	0.8491246104240417
http://omim.org/entry/267800	http://www.orpha.net/ORDO/Orphanet_63454	0.8387815952301025
http://omim.org/entry/268000	http://www.orpha.net/ORDO/Orphanet_791	1.0
http://omim.org/entry/268020	http://www.orpha.net/ORDO/Orphanet_98661	0.8833443522453308
http://omim.org/entry/268130	http://www.orpha.net/ORDO/Orphanet_3088	1.0
http://omim.org/entry/268305	http://www.orpha.net/ORDO/Orphanet_3107	0.8156042098999023
http://omim.org/entry/268400	http://www.orpha.net/ORDO/Orphanet_221016	1.0
http://omim.org/entry/268700	http://www.orpha.net/ORDO/Orphanet_3124	1.0
http://omim.org/entry/268800	http://www.orpha.net/ORDO/Orphanet_796	1.0
http://omim.org/entry/268850	http://www.orpha.net/ORDO/Orphanet_1784	0.8004621267318726
http://omim.org/entry/268900	http://www.orpha.net/ORDO/Orphanet_3129	1.0
http://omim.org/entry/269160	http://www.orpha.net/ORDO/Orphanet_799	1.0
http://omim.org/entry/269200	http://www.orpha.net/ORDO/Orphanet_3143	1.0
http://omim.org/entry/269880	http://www.orpha.net/ORDO/Orphanet_3163	1.0
http://omim.org/entry/269921	http://www.orpha.net/ORDO/Orphanet_3166	1.0
http://omim.org/entry/270400	http://www.orpha.net/ORDO/Orphanet_818	1.0
http://omim.org/entry/270550	http://www.orpha.net/ORDO/Orphanet_316226	0.7916548252105713
http://omim.org/entry/270685	http://www.orpha.net/ORDO/Orphanet_100994	0.7915091514587402
http://omim.org/entry/270700	http://www.orpha.net/ORDO/Orphanet_100996	0.8138334155082703
http://omim.org/entry/270750	http://www.orpha.net/ORDO/Orphanet_100994	0.8715415000915527
http://omim.org/entry/270800	http://www.orpha.net/ORDO/Orphanet_100986	0.8567935228347778
http://omim.org/entry/270850	http://www.orpha.net/ORDO/Orphanet_2818	0.7567054033279419
http://omim.org/entry/271245	http://www.orpha.net/ORDO/Orphanet_254871	0.8134751319885254
http://omim.org/entry/271250	http://www.orpha.net/ORDO/Orphanet_95433	0.9057004809379577
http://omim.org/entry/271270	http://www.orpha.net/ORDO/Orphanet_98099	0.8238794207572937
http://omim.org/entry/271510	http://www.orpha.net/ORDO/Orphanet_93357	1.0
http://omim.org/entry/271520	http://www.orpha.net/ORDO/Orphanet_94095	0.8490433692932129
http://omim.org/entry/271620	http://www.orpha.net/ORDO/Orphanet_253	0.8385882377624512
http://omim.org/entry/271650	http://www.orpha.net/ORDO/Orphanet_93351	1.0
http://omim.org/entry/271665	http://www.orpha.net/ORDO/Orphanet_254	0.8135532140731812
http://omim.org/entry/271700	http://www.orpha.net/ORDO/Orphanet_93434	0.8203942775726318
http://omim.org/entry/271900	http://www.orpha.net/ORDO/Orphanet_141	1.0
http://omim.org/entry/271980	http://www.orpha.net/ORDO/Orphanet_22	1.0
http://omim.org/entry/272150	http://www.orpha.net/ORDO/Orphanet_498602	1.0
http://omim.org/entry/272430	http://www.orpha.net/ORDO/Orphanet_157820	0.8024725317955017
http://omim.org/entry/272440	http://www.orpha.net/ORDO/Orphanet_3255	1.0
http://omim.org/entry/272460	http://www.orpha.net/ORDO/Orphanet_3275	0.8022065162658691
http://omim.org/entry/272600	http://www.orpha.net/ORDO/Orphanet_98538	0.8035019636154175
http://omim.org/entry/272800	http://www.orpha.net/ORDO/Orphanet_845	1.0
http://omim.org/entry/272950	http://www.orpha.net/ORDO/Orphanet_3291	1.0
http://omim.org/entry/273050	http://www.orpha.net/ORDO/Orphanet_2972	0.7521671056747437
http://omim.org/entry/273400	http://www.orpha.net/ORDO/Orphanet_1818	0.754692792892456
http://omim.org/entry/273740	http://www.orpha.net/ORDO/Orphanet_1803	1.0
http://omim.org/entry/274000	http://www.orpha.net/ORDO/Orphanet_3320	1.0
http://omim.org/entry/274205	http://www.orpha.net/ORDO/Orphanet_2489	0.7763856053352356
http://omim.org/entry/274240	http://www.orpha.net/ORDO/Orphanet_596426	0.7820358872413635
http://omim.org/entry/274270	http://www.orpha.net/ORDO/Orphanet_1675	1.0
http://omim.org/entry/274600	http://www.orpha.net/ORDO/Orphanet_705	1.0
http://omim.org/entry/275210	http://www.orpha.net/ORDO/Orphanet_1662	1.0
http://omim.org/entry/275300	http://www.orpha.net/ORDO/Orphanet_3347	1.0
http://omim.org/entry/275350	http://www.orpha.net/ORDO/Orphanet_859	0.8487666249275208
http://omim.org/entry/275595	http://www.orpha.net/ORDO/Orphanet_3368	0.8140361905097961
http://omim.org/entry/275900	http://www.orpha.net/ORDO/Orphanet_101000	0.8371779918670654
http://omim.org/entry/276600	http://www.orpha.net/ORDO/Orphanet_28378	1.0
http://omim.org/entry/276821	http://www.orpha.net/ORDO/Orphanet_2249	0.7545416951179504
http://omim.org/entry/276950	http://www.orpha.net/ORDO/Orphanet_3412	0.8181307315826416
http://omim.org/entry/277000	http://www.orpha.net/ORDO/Orphanet_247775	0.7907110452651978
http://omim.org/entry/277200	http://www.orpha.net/ORDO/Orphanet_439	1.0
http://omim.org/entry/277380	http://www.orpha.net/ORDO/Orphanet_79310	0.8634915351867676
http://omim.org/entry/277400	http://www.orpha.net/ORDO/Orphanet_79310	0.8840196132659912
http://omim.org/entry/277410	http://www.orpha.net/ORDO/Orphanet_79283	0.876456618309021
http://omim.org/entry/277450	http://www.orpha.net/ORDO/Orphanet_169826	0.8585167527198792
http://omim.org/entry/277460	http://www.orpha.net/ORDO/Orphanet_96	1.0
http://omim.org/entry/277700	http://www.orpha.net/ORDO/Orphanet_902	1.0
http://omim.org/entry/277900	http://www.orpha.net/ORDO/Orphanet_905	1.0
http://omim.org/entry/278000	http://www.orpha.net/ORDO/Orphanet_275761	1.0
http://omim.org/entry/278250	http://www.orpha.net/ORDO/Orphanet_2834	1.0
http://omim.org/entry/278750	http://www.orpha.net/ORDO/Orphanet_90342	0.8543310761451721
http://omim.org/entry/280000	http://www.orpha.net/ORDO/Orphanet_3474	0.7863348126411438
http://omim.org/entry/300004	http://www.orpha.net/ORDO/Orphanet_199639	0.8569953441619873
http://omim.org/entry/300009	http://www.orpha.net/ORDO/Orphanet_93622	0.8791022062301636
http://omim.org/entry/300064	http://www.orpha.net/ORDO/Orphanet_777	0.8454825282096863
http://omim.org/entry/300067	http://www.orpha.net/ORDO/Orphanet_102009	0.9500556945800781
http://omim.org/entry/300068	http://www.orpha.net/ORDO/Orphanet_754	1.0
http://omim.org/entry/300076	http://www.orpha.net/ORDO/Orphanet_2571	1.0
http://omim.org/entry/300106	http://www.orpha.net/ORDO/Orphanet_93349	1.0
http://omim.org/entry/300148	http://www.orpha.net/ORDO/Orphanet_85282	1.0
http://omim.org/entry/300215	http://www.orpha.net/ORDO/Orphanet_51577	0.7662794947624206
http://omim.org/entry/300216	http://www.orpha.net/ORDO/Orphanet_190	1.0
http://omim.org/entry/300218	http://www.orpha.net/ORDO/Orphanet_85274	0.8113525867462158
http://omim.org/entry/300219	http://www.orpha.net/ORDO/Orphanet_456328	0.8092412948608398
http://omim.org/entry/300238	http://www.orpha.net/ORDO/Orphanet_85286	0.8270964384078979
http://omim.org/entry/300260	http://www.orpha.net/ORDO/Orphanet_98464	0.7689077258110046
http://omim.org/entry/300261	http://www.orpha.net/ORDO/Orphanet_98464	0.7711430191993713
http://omim.org/entry/300262	http://www.orpha.net/ORDO/Orphanet_85273	0.7524441480636597
http://omim.org/entry/300266	http://www.orpha.net/ORDO/Orphanet_100997	0.8394492864608765
http://omim.org/entry/300270	http://www.orpha.net/ORDO/Orphanet_977	1.0
http://omim.org/entry/300299	http://www.orpha.net/ORDO/Orphanet_86788	1.0
http://omim.org/entry/300322	http://www.orpha.net/ORDO/Orphanet_510	1.0
http://omim.org/entry/300352	http://www.orpha.net/ORDO/Orphanet_238517	0.7795234680175781
http://omim.org/entry/300373	http://www.orpha.net/ORDO/Orphanet_2780	0.817050039768219
http://omim.org/entry/300376	http://www.orpha.net/ORDO/Orphanet_98895	0.8762383460998535
http://omim.org/entry/300423	http://www.orpha.net/ORDO/Orphanet_98464	0.8231340646743774
http://omim.org/entry/300431	http://www.orpha.net/ORDO/Orphanet_1193	1.0
http://omim.org/entry/300434	http://www.orpha.net/ORDO/Orphanet_98464	0.789495050907135
http://omim.org/entry/300438	http://www.orpha.net/ORDO/Orphanet_391417	0.7585486173629761
http://omim.org/entry/300455	http://www.orpha.net/ORDO/Orphanet_85332	0.819612443447113
http://omim.org/entry/300471	http://www.orpha.net/ORDO/Orphanet_85280	0.7583369016647339
http://omim.org/entry/300472	http://www.orpha.net/ORDO/Orphanet_269573	0.8138116598129272
http://omim.org/entry/300475	http://www.orpha.net/ORDO/Orphanet_79107	0.7647535800933838
http://omim.org/entry/300484	http://www.orpha.net/ORDO/Orphanet_2755	0.8730924487113952
http://omim.org/entry/300519	http://www.orpha.net/ORDO/Orphanet_85321	1.0
http://omim.org/entry/300523	http://www.orpha.net/ORDO/Orphanet_59	1.0
http://omim.org/entry/300555	http://www.orpha.net/ORDO/Orphanet_93623	0.8417493462562561
http://omim.org/entry/300614	http://www.orpha.net/ORDO/Orphanet_99014	0.7730525493621826
http://omim.org/entry/300623	http://www.orpha.net/ORDO/Orphanet_93256	0.8292422294616699
http://omim.org/entry/300653	http://www.orpha.net/ORDO/Orphanet_713	0.8673498630523682
http://omim.org/entry/300661	http://www.orpha.net/ORDO/Orphanet_3222	1.0
http://omim.org/entry/300673	http://www.orpha.net/ORDO/Orphanet_209370	0.7900123596191406
http://omim.org/entry/300695	http://www.orpha.net/ORDO/Orphanet_431272	0.7693856954574585
http://omim.org/entry/300696	http://www.orpha.net/ORDO/Orphanet_178461	1.0
http://omim.org/entry/300700	http://www.orpha.net/ORDO/Orphanet_998	1.0
http://omim.org/entry/300712	http://www.orpha.net/ORDO/Orphanet_139393	0.7723819613456726
http://omim.org/entry/300749	http://www.orpha.net/ORDO/Orphanet_2512	0.7809255719184875
http://omim.org/entry/300752	http://www.orpha.net/ORDO/Orphanet_443197	1.0
http://omim.org/entry/300755	http://www.orpha.net/ORDO/Orphanet_47	1.0
http://omim.org/entry/300779	http://www.orpha.net/ORDO/Orphanet_293621	1.0
http://omim.org/entry/300813	http://www.orpha.net/ORDO/Orphanet_3273	1.0
http://omim.org/entry/300816	http://www.orpha.net/ORDO/Orphanet_238329	0.8737367153167724
http://omim.org/entry/300843	http://www.orpha.net/ORDO/Orphanet_90001	1.0
http://omim.org/entry/300845	http://www.orpha.net/ORDO/Orphanet_280679	0.7579841613769531
http://omim.org/entry/300858	http://www.orpha.net/ORDO/Orphanet_98464	0.7583919167518616
http://omim.org/entry/300863	http://www.orpha.net/ORDO/Orphanet_79347	0.8027946949005127
http://omim.org/entry/300864	http://www.orpha.net/ORDO/Orphanet_163961	1.0
http://omim.org/entry/300868	http://www.orpha.net/ORDO/Orphanet_401874	0.7730377674102783
http://omim.org/entry/300886	http://www.orpha.net/ORDO/Orphanet_98464	0.7831882238388062
http://omim.org/entry/300888	http://www.orpha.net/ORDO/Orphanet_178045	0.7833916544914246
http://omim.org/entry/300896	http://www.orpha.net/ORDO/Orphanet_356961	1.0
http://omim.org/entry/300908	http://www.orpha.net/ORDO/Orphanet_466026	0.7906417846679688
http://omim.org/entry/300915	http://www.orpha.net/ORDO/Orphanet_202948	0.8096082806587219
http://omim.org/entry/300934	http://www.orpha.net/ORDO/Orphanet_370927	1.0
http://omim.org/entry/300979	http://www.orpha.net/ORDO/Orphanet_261483	0.8285948634147644
http://omim.org/entry/300988	http://www.orpha.net/ORDO/Orphanet_169361	0.7538323998451233
http://omim.org/entry/301040	http://www.orpha.net/ORDO/Orphanet_847	0.8497183918952942
http://omim.org/entry/301050	http://www.orpha.net/ORDO/Orphanet_88917	0.8343902826309204
http://omim.org/entry/301500	http://www.orpha.net/ORDO/Orphanet_324	1.0
http://omim.org/entry/301790	http://www.orpha.net/ORDO/Orphanet_85297	0.8554667592048645
http://omim.org/entry/301815	http://www.orpha.net/ORDO/Orphanet_1150	0.7938635349273682
http://omim.org/entry/301845	http://www.orpha.net/ORDO/Orphanet_166113	1.0
http://omim.org/entry/301950	http://www.orpha.net/ORDO/Orphanet_1131	1.0
http://omim.org/entry/302060	http://www.orpha.net/ORDO/Orphanet_111	1.0
http://omim.org/entry/302500	http://www.orpha.net/ORDO/Orphanet_98755	0.8407242059707641
http://omim.org/entry/302800	http://www.orpha.net/ORDO/Orphanet_65753	0.8600045800209045
http://omim.org/entry/302802	http://www.orpha.net/ORDO/Orphanet_64748	0.8587741613388061
http://omim.org/entry/302905	http://www.orpha.net/ORDO/Orphanet_921	1.0
http://omim.org/entry/302950	http://www.orpha.net/ORDO/Orphanet_93442	0.8466208577156067
http://omim.org/entry/303110	http://www.orpha.net/ORDO/Orphanet_261483	0.8393523097038269
http://omim.org/entry/303350	http://www.orpha.net/ORDO/Orphanet_2466	1.0
http://omim.org/entry/303650	http://www.orpha.net/ORDO/Orphanet_1198	1.0
http://omim.org/entry/303700	http://www.orpha.net/ORDO/Orphanet_16	1.0
http://omim.org/entry/304050	http://www.orpha.net/ORDO/Orphanet_50	1.0
http://omim.org/entry/304100	http://www.orpha.net/ORDO/Orphanet_199639	0.8113716244697571
http://omim.org/entry/304110	http://www.orpha.net/ORDO/Orphanet_1520	1.0
http://omim.org/entry/304150	http://www.orpha.net/ORDO/Orphanet_198	1.0
http://omim.org/entry/304350	http://www.orpha.net/ORDO/Orphanet_90646	1.0
http://omim.org/entry/305100	http://www.orpha.net/ORDO/Orphanet_181	0.8930913805961609
http://omim.org/entry/305400	http://www.orpha.net/ORDO/Orphanet_915	1.0
http://omim.org/entry/305600	http://www.orpha.net/ORDO/Orphanet_2092	1.0
http://omim.org/entry/306700	http://www.orpha.net/ORDO/Orphanet_98878	1.0
http://omim.org/entry/306900	http://www.orpha.net/ORDO/Orphanet_98879	1.0
http://omim.org/entry/306980	http://www.orpha.net/ORDO/Orphanet_2150	0.7791829109191895
http://omim.org/entry/307030	http://www.orpha.net/ORDO/Orphanet_308993	1.0
http://omim.org/entry/307150	http://www.orpha.net/ORDO/Orphanet_79365	0.8288187384605408
http://omim.org/entry/307200	http://www.orpha.net/ORDO/Orphanet_231692	0.967448627948761
http://omim.org/entry/307500	http://www.orpha.net/ORDO/Orphanet_181387	0.7831289768218994
http://omim.org/entry/307800	http://www.orpha.net/ORDO/Orphanet_89936	0.8467532396316528
http://omim.org/entry/308050	http://www.orpha.net/ORDO/Orphanet_139	0.8263535499572754
http://omim.org/entry/308100	http://www.orpha.net/ORDO/Orphanet_461	1.0
http://omim.org/entry/308830	http://www.orpha.net/ORDO/Orphanet_2339	0.7978304624557495
http://omim.org/entry/308850	http://www.orpha.net/ORDO/Orphanet_2808	1.0
http://omim.org/entry/309400	http://www.orpha.net/ORDO/Orphanet_565	1.0
http://omim.org/entry/309510	http://www.orpha.net/ORDO/Orphanet_94083	1.0
http://omim.org/entry/309520	http://www.orpha.net/ORDO/Orphanet_776	0.7890169024467468
http://omim.org/entry/309585	http://www.orpha.net/ORDO/Orphanet_3459	0.8305991888046265
http://omim.org/entry/309900	http://www.orpha.net/ORDO/Orphanet_580	1.0
http://omim.org/entry/310200	http://www.orpha.net/ORDO/Orphanet_98473	0.8751434683799744
http://omim.org/entry/310400	http://www.orpha.net/ORDO/Orphanet_596	1.0
http://omim.org/entry/310440	http://www.orpha.net/ORDO/Orphanet_25980	1.0
http://omim.org/entry/310490	http://www.orpha.net/ORDO/Orphanet_64749	0.8192237615585327
http://omim.org/entry/310600	http://www.orpha.net/ORDO/Orphanet_649	1.0
http://omim.org/entry/311050	http://www.orpha.net/ORDO/Orphanet_98890	0.8642652988433838
http://omim.org/entry/311070	http://www.orpha.net/ORDO/Orphanet_99014	0.8990680932998657
http://omim.org/entry/311200	http://www.orpha.net/ORDO/Orphanet_2750	0.8644182443618774
http://omim.org/entry/311250	http://www.orpha.net/ORDO/Orphanet_289869	0.8364151120185852
http://omim.org/entry/311900	http://www.orpha.net/ORDO/Orphanet_2886	1.0
http://omim.org/entry/312080	http://www.orpha.net/ORDO/Orphanet_702	1.0
http://omim.org/entry/312150	http://www.orpha.net/ORDO/Orphanet_294060	0.8337905406951904
http://omim.org/entry/312170	http://www.orpha.net/ORDO/Orphanet_79243	1.0
http://omim.org/entry/312550	http://www.orpha.net/ORDO/Orphanet_71862	0.8421233296394348
http://omim.org/entry/312750	http://www.orpha.net/ORDO/Orphanet_778	1.0
http://omim.org/entry/312920	http://www.orpha.net/ORDO/Orphanet_99015	0.8657337427139282
http://omim.org/entry/313420	http://www.orpha.net/ORDO/Orphanet_168544	1.0
http://omim.org/entry/314050	http://www.orpha.net/ORDO/Orphanet_231393	0.8674857020378113
http://omim.org/entry/314300	http://www.orpha.net/ORDO/Orphanet_3341	0.8444851040840149
http://omim.org/entry/314320	http://www.orpha.net/ORDO/Orphanet_35099	0.7778380513191223
http://omim.org/entry/314360	http://www.orpha.net/ORDO/Orphanet_1122	0.773199200630188
http://omim.org/entry/314500	http://www.orpha.net/ORDO/Orphanet_3417	1.0
http://omim.org/entry/314600	http://www.orpha.net/ORDO/Orphanet_3456	1.0
http://omim.org/entry/424500	http://www.orpha.net/ORDO/Orphanet_206484	1.0
http://omim.org/entry/500000	http://www.orpha.net/ORDO/Orphanet_137675	0.8352165818214417
http://omim.org/entry/500002	http://www.orpha.net/ORDO/Orphanet_2596	0.8087960481643677
http://omim.org/entry/500008	http://www.orpha.net/ORDO/Orphanet_90642	0.8112598061561584
http://omim.org/entry/520000	http://www.orpha.net/ORDO/Orphanet_225	1.0
http://omim.org/entry/520100	http://www.orpha.net/ORDO/Orphanet_1670	1.0
http://omim.org/entry/530000	http://www.orpha.net/ORDO/Orphanet_480	1.0
http://omim.org/entry/535000	http://www.orpha.net/ORDO/Orphanet_104	1.0
http://omim.org/entry/540000	http://www.orpha.net/ORDO/Orphanet_550	1.0
http://omim.org/entry/545000	http://www.orpha.net/ORDO/Orphanet_551	0.8958732485771179
http://omim.org/entry/551000	http://www.orpha.net/ORDO/Orphanet_254857	1.0
http://omim.org/entry/557000	http://www.orpha.net/ORDO/Orphanet_699	0.8271138668060303
http://omim.org/entry/600000	http://www.orpha.net/ORDO/Orphanet_3180	0.8279711008071899
http://omim.org/entry/600072	http://www.orpha.net/ORDO/Orphanet_466	1.0
http://omim.org/entry/600117	http://www.orpha.net/ORDO/Orphanet_1799	1.0
http://omim.org/entry/600121	http://www.orpha.net/ORDO/Orphanet_309803	1.0
http://omim.org/entry/600142	http://www.orpha.net/ORDO/Orphanet_199354	0.8534830212593079
http://omim.org/entry/600143	http://www.orpha.net/ORDO/Orphanet_228346	0.8103370666503906
http://omim.org/entry/600145	http://www.orpha.net/ORDO/Orphanet_268810	0.7514256238937378
http://omim.org/entry/600159	http://www.orpha.net/ORDO/Orphanet_2990	0.808224081993103
http://omim.org/entry/600175	http://www.orpha.net/ORDO/Orphanet_53739	0.7830386161804199
http://omim.org/entry/600176	http://www.orpha.net/ORDO/Orphanet_2798	0.8058397173881531
http://omim.org/entry/600195	http://www.orpha.net/ORDO/Orphanet_2451	0.9168431758880615
http://omim.org/entry/600223	http://www.orpha.net/ORDO/Orphanet_98765	0.9763599395751953
http://omim.org/entry/600251	http://www.orpha.net/ORDO/Orphanet_141253	0.8810909390449524
http://omim.org/entry/600252	http://www.orpha.net/ORDO/Orphanet_2409	1.0
http://omim.org/entry/600269	http://www.orpha.net/ORDO/Orphanet_2832	0.7629784345626831
http://omim.org/entry/600273	http://www.orpha.net/ORDO/Orphanet_88924	0.8287366628646851
http://omim.org/entry/600274	http://www.orpha.net/ORDO/Orphanet_282	1.0
http://omim.org/entry/600329	http://www.orpha.net/ORDO/Orphanet_85179	0.8577351570129395
http://omim.org/entry/600331	http://www.orpha.net/ORDO/Orphanet_2825	1.0
http://omim.org/entry/600334	http://www.orpha.net/ORDO/Orphanet_609	0.7945773601531982
http://omim.org/entry/600363	http://www.orpha.net/ORDO/Orphanet_320346	0.8404973745346069
http://omim.org/entry/600373	http://www.orpha.net/ORDO/Orphanet_1458	1.0
http://omim.org/entry/600383	http://www.orpha.net/ORDO/Orphanet_2496	1.0
http://omim.org/entry/600430	http://www.orpha.net/ORDO/Orphanet_251019	0.8176941275596619
http://omim.org/entry/600457	http://www.orpha.net/ORDO/Orphanet_79365	0.7652425765991211
http://omim.org/entry/600460	http://www.orpha.net/ORDO/Orphanet_1896	0.7926300764083862
http://omim.org/entry/600627	http://www.orpha.net/ORDO/Orphanet_2224	1.0
http://omim.org/entry/600643	http://www.orpha.net/ORDO/Orphanet_53035	0.7544406652450562
http://omim.org/entry/600649	http://www.orpha.net/ORDO/Orphanet_228305	0.8729461431503296
http://omim.org/entry/600679	http://www.orpha.net/ORDO/Orphanet_141051	0.7950519323348999
http://omim.org/entry/600705	http://www.orpha.net/ORDO/Orphanet_3130	1.0
http://omim.org/entry/600706	http://www.orpha.net/ORDO/Orphanet_521305	1.0
http://omim.org/entry/600740	http://www.orpha.net/ORDO/Orphanet_101050	1.0
http://omim.org/entry/600790	http://www.orpha.net/ORDO/Orphanet_75373	1.0
http://omim.org/entry/600802	http://www.orpha.net/ORDO/Orphanet_183660	0.8881516456604004
http://omim.org/entry/600880	http://www.orpha.net/ORDO/Orphanet_131	1.0
http://omim.org/entry/600882	http://www.orpha.net/ORDO/Orphanet_99936	0.8052093148231506
http://omim.org/entry/600886	http://www.orpha.net/ORDO/Orphanet_247790	0.7549682855606079
http://omim.org/entry/600920	http://www.orpha.net/ORDO/Orphanet_2460	1.0
http://omim.org/entry/600962	http://www.orpha.net/ORDO/Orphanet_79357	0.7644243240356445
http://omim.org/entry/601042	http://www.orpha.net/ORDO/Orphanet_391799	0.846225917339325
http://omim.org/entry/601075	http://www.orpha.net/ORDO/Orphanet_1117	0.7905099391937256
http://omim.org/entry/601076	http://www.orpha.net/ORDO/Orphanet_73217	0.7759112119674683
http://omim.org/entry/601095	http://www.orpha.net/ORDO/Orphanet_2115	1.0
http://omim.org/entry/601098	http://www.orpha.net/ORDO/Orphanet_101083	0.8767059803009033
http://omim.org/entry/601110	http://www.orpha.net/ORDO/Orphanet_371235	0.9286566376686096
http://omim.org/entry/601127	http://www.orpha.net/ORDO/Orphanet_3304	0.8212383985519409
http://omim.org/entry/601160	http://www.orpha.net/ORDO/Orphanet_102011	1.0
http://omim.org/entry/601162	http://www.orpha.net/ORDO/Orphanet_447757	0.7767585515975952
http://omim.org/entry/601165	http://www.orpha.net/ORDO/Orphanet_2001	0.8010231852531433
http://omim.org/entry/601186	http://www.orpha.net/ORDO/Orphanet_2470	0.9156725168228149
http://omim.org/entry/601287	http://www.orpha.net/ORDO/Orphanet_102015	0.8384249210357666
http://omim.org/entry/601319	http://www.orpha.net/ORDO/Orphanet_1811	1.0
http://omim.org/entry/601321	http://www.orpha.net/ORDO/Orphanet_638	1.0
http://omim.org/entry/601338	http://www.orpha.net/ORDO/Orphanet_1171	0.9063581228256226
http://omim.org/entry/601345	http://www.orpha.net/ORDO/Orphanet_69083	1.0
http://omim.org/entry/601349	http://www.orpha.net/ORDO/Orphanet_3434	0.8171153426170349
http://omim.org/entry/601350	http://www.orpha.net/ORDO/Orphanet_139021	0.7773329019546509
http://omim.org/entry/601351	http://www.orpha.net/ORDO/Orphanet_3218	0.8189010620117188
http://omim.org/entry/601353	http://www.orpha.net/ORDO/Orphanet_1272	0.7722548842430115
http://omim.org/entry/601358	http://www.orpha.net/ORDO/Orphanet_3051	1.0
http://omim.org/entry/601362	http://www.orpha.net/ORDO/Orphanet_1727	0.8387452125549316
http://omim.org/entry/601370	http://www.orpha.net/ORDO/Orphanet_220386	0.8405578136444092
http://omim.org/entry/601382	http://www.orpha.net/ORDO/Orphanet_99955	1.0
http://omim.org/entry/601449	http://www.orpha.net/ORDO/Orphanet_3235	1.0
http://omim.org/entry/601455	http://www.orpha.net/ORDO/Orphanet_99950	1.0
http://omim.org/entry/601457	http://www.orpha.net/ORDO/Orphanet_183660	0.8886814117431641
http://omim.org/entry/601472	http://www.orpha.net/ORDO/Orphanet_99938	0.9284158706665039
http://omim.org/entry/601536	http://www.orpha.net/ORDO/Orphanet_69739	1.0
http://omim.org/entry/601553	http://www.orpha.net/ORDO/Orphanet_1573	0.9080055356025696
http://omim.org/entry/601596	http://www.orpha.net/ORDO/Orphanet_99949	1.0
http://omim.org/entry/601626	http://www.orpha.net/ORDO/Orphanet_519	1.0
http://omim.org/entry/601665	http://www.orpha.net/ORDO/Orphanet_77828	0.9188342094421387
http://omim.org/entry/601705	http://www.orpha.net/ORDO/Orphanet_169095	0.7553481459617615
http://omim.org/entry/601706	http://www.orpha.net/ORDO/Orphanet_3214	1.0
http://omim.org/entry/601707	http://www.orpha.net/ORDO/Orphanet_1553	1.0
http://omim.org/entry/601709	http://www.orpha.net/ORDO/Orphanet_220436	1.0
http://omim.org/entry/601780	http://www.orpha.net/ORDO/Orphanet_228349	0.7741747498512268
http://omim.org/entry/601803	http://www.orpha.net/ORDO/Orphanet_884	1.0
http://omim.org/entry/601808	http://www.orpha.net/ORDO/Orphanet_261836	0.8610236048698425
http://omim.org/entry/601815	http://www.orpha.net/ORDO/Orphanet_713	0.7682971954345703
http://omim.org/entry/601829	http://www.orpha.net/ORDO/Orphanet_1787	1.0
http://omim.org/entry/601847	http://www.orpha.net/ORDO/Orphanet_79304	0.9988858461380005
http://omim.org/entry/601927	http://www.orpha.net/ORDO/Orphanet_2136	0.8324321508407593
http://omim.org/entry/601952	http://www.orpha.net/ORDO/Orphanet_281201	0.7820497751235962
http://omim.org/entry/601954	http://www.orpha.net/ORDO/Orphanet_102015	0.8296897411346436
http://omim.org/entry/602014	http://www.orpha.net/ORDO/Orphanet_34526	0.8519573211669922
http://omim.org/entry/602066	http://www.orpha.net/ORDO/Orphanet_31709	0.853061318397522
http://omim.org/entry/602079	http://www.orpha.net/ORDO/Orphanet_468726	0.8278324604034424
http://omim.org/entry/602082	http://www.orpha.net/ORDO/Orphanet_98960	0.7871856093406677
http://omim.org/entry/602107	http://www.orpha.net/ORDO/Orphanet_84093	1.0
http://omim.org/entry/602111	http://www.orpha.net/ORDO/Orphanet_93356	1.0
http://omim.org/entry/602152	http://www.orpha.net/ORDO/Orphanet_140976	1.0
http://omim.org/entry/602248	http://www.orpha.net/ORDO/Orphanet_679	1.0
http://omim.org/entry/602271	http://www.orpha.net/ORDO/Orphanet_168549	1.0
http://omim.org/entry/602347	http://www.orpha.net/ORDO/Orphanet_79305	1.0
http://omim.org/entry/602398	http://www.orpha.net/ORDO/Orphanet_35107	1.0
http://omim.org/entry/602401	http://www.orpha.net/ORDO/Orphanet_79373	0.77790367603302
http://omim.org/entry/602499	http://www.orpha.net/ORDO/Orphanet_98938	0.7985876798629761
http://omim.org/entry/602501	http://www.orpha.net/ORDO/Orphanet_60040	1.0
http://omim.org/entry/602531	http://www.orpha.net/ORDO/Orphanet_79094	1.0
http://omim.org/entry/602535	http://www.orpha.net/ORDO/Orphanet_561	1.0
http://omim.org/entry/602541	http://www.orpha.net/ORDO/Orphanet_97242	0.8488823175430298
http://omim.org/entry/602553	http://www.orpha.net/ORDO/Orphanet_49	0.7603232264518738
http://omim.org/entry/602557	http://www.orpha.net/ORDO/Orphanet_93352	1.0
http://omim.org/entry/602562	http://www.orpha.net/ORDO/Orphanet_357158	0.8013949990272522
http://omim.org/entry/602579	http://www.orpha.net/ORDO/Orphanet_79319	1.0
http://omim.org/entry/602782	http://www.orpha.net/ORDO/Orphanet_86886	0.7507340908050537
http://omim.org/entry/602849	http://www.orpha.net/ORDO/Orphanet_53271	1.0
http://omim.org/entry/603147	http://www.orpha.net/ORDO/Orphanet_79320	1.0
http://omim.org/entry/603218	http://www.orpha.net/ORDO/Orphanet_157941	1.0
http://omim.org/entry/603373	http://www.orpha.net/ORDO/Orphanet_99819	1.0
http://omim.org/entry/603438	http://www.orpha.net/ORDO/Orphanet_3268	0.9036113619804382
http://omim.org/entry/603511	http://www.orpha.net/ORDO/Orphanet_102014	0.8339383840560913
http://omim.org/entry/603543	http://www.orpha.net/ORDO/Orphanet_69085	1.0
http://omim.org/entry/603546	http://www.orpha.net/ORDO/Orphanet_93360	1.0
http://omim.org/entry/603554	http://www.orpha.net/ORDO/Orphanet_39041	1.0
http://omim.org/entry/603585	http://www.orpha.net/ORDO/Orphanet_238459	1.0
http://omim.org/entry/603671	http://www.orpha.net/ORDO/Orphanet_1827	1.0
http://omim.org/entry/603689	http://www.orpha.net/ORDO/Orphanet_593	0.7567312717437744
http://omim.org/entry/603896	http://www.orpha.net/ORDO/Orphanet_135	1.0
http://omim.org/entry/603903	http://www.orpha.net/ORDO/Orphanet_232	1.0
http://omim.org/entry/604093	http://www.orpha.net/ORDO/Orphanet_498	1.0
http://omim.org/entry/604121	http://www.orpha.net/ORDO/Orphanet_314404	0.885017454624176
http://omim.org/entry/604129	http://www.orpha.net/ORDO/Orphanet_89843	0.8238339424133301
http://omim.org/entry/604131	http://www.orpha.net/ORDO/Orphanet_846	1.0
http://omim.org/entry/604168	http://www.orpha.net/ORDO/Orphanet_48431	0.9402521252632141
http://omim.org/entry/604173	http://www.orpha.net/ORDO/Orphanet_221046	1.0
http://omim.org/entry/604218	http://www.orpha.net/ORDO/Orphanet_85110	1.0
http://omim.org/entry/604278	http://www.orpha.net/ORDO/Orphanet_93607	0.80401611328125
http://omim.org/entry/604287	http://www.orpha.net/ORDO/Orphanet_139411	1.0
http://omim.org/entry/604302	http://www.orpha.net/ORDO/Orphanet_92	0.8179318308830261
http://omim.org/entry/604314	http://www.orpha.net/ORDO/Orphanet_293642	0.8657486438751221
http://omim.org/entry/604320	http://www.orpha.net/ORDO/Orphanet_139518	0.8476108074188232
http://omim.org/entry/604335	http://www.orpha.net/ORDO/Orphanet_99995	1.0
http://omim.org/entry/604360	http://www.orpha.net/ORDO/Orphanet_320355	0.8139657378196716
http://omim.org/entry/604367	http://www.orpha.net/ORDO/Orphanet_79083	1.0
http://omim.org/entry/604416	http://www.orpha.net/ORDO/Orphanet_69126	0.8060112595558167
http://omim.org/entry/604432	http://www.orpha.net/ORDO/Orphanet_98767	1.0
http://omim.org/entry/604484	http://www.orpha.net/ORDO/Orphanet_90117	1.0
http://omim.org/entry/604498	http://www.orpha.net/ORDO/Orphanet_3319	1.0
http://omim.org/entry/604536	http://www.orpha.net/ORDO/Orphanet_158668	1.0
http://omim.org/entry/604563	http://www.orpha.net/ORDO/Orphanet_99956	1.0
http://omim.org/entry/604757	http://www.orpha.net/ORDO/Orphanet_139390	0.8132562041282654
http://omim.org/entry/604801	http://www.orpha.net/ORDO/Orphanet_98893	0.9157765865325928
http://omim.org/entry/604809	http://www.orpha.net/ORDO/Orphanet_171700	1.0
http://omim.org/entry/604841	http://www.orpha.net/ORDO/Orphanet_90654	1.0
http://omim.org/entry/604856	http://www.orpha.net/ORDO/Orphanet_389	1.0
http://omim.org/entry/604901	http://www.orpha.net/ORDO/Orphanet_168583	0.8047791719436646
http://omim.org/entry/604919	http://www.orpha.net/ORDO/Orphanet_64755	1.0
http://omim.org/entry/605021	http://www.orpha.net/ORDO/Orphanet_352582	1.0
http://omim.org/entry/605039	http://www.orpha.net/ORDO/Orphanet_97297	1.0
http://omim.org/entry/605067	http://www.orpha.net/ORDO/Orphanet_1209	1.0
http://omim.org/entry/605074	http://www.orpha.net/ORDO/Orphanet_217071	0.854390025138855
http://omim.org/entry/605233	http://www.orpha.net/ORDO/Orphanet_275523	1.0
http://omim.org/entry/605258	http://www.orpha.net/ORDO/Orphanet_101089	1.0
http://omim.org/entry/605259	http://www.orpha.net/ORDO/Orphanet_98768	0.9152209520339966
http://omim.org/entry/605280	http://www.orpha.net/ORDO/Orphanet_100994	0.9299789667129517
http://omim.org/entry/605282	http://www.orpha.net/ORDO/Orphanet_363417	1.0
http://omim.org/entry/605309	http://www.orpha.net/ORDO/Orphanet_269528	0.7888242602348328
http://omim.org/entry/605355	http://www.orpha.net/ORDO/Orphanet_457074	0.8825651407241821
http://omim.org/entry/605361	http://www.orpha.net/ORDO/Orphanet_98763	0.9582714796066284
http://omim.org/entry/605362	http://www.orpha.net/ORDO/Orphanet_217629	0.8459786176681519
http://omim.org/entry/605407	http://www.orpha.net/ORDO/Orphanet_101150	1.0
http://omim.org/entry/605588	http://www.orpha.net/ORDO/Orphanet_64746	0.8575722575187683
http://omim.org/entry/605589	http://www.orpha.net/ORDO/Orphanet_64746	0.9138105511665344
http://omim.org/entry/605627	http://www.orpha.net/ORDO/Orphanet_66625	1.0
http://omim.org/entry/605642	http://www.orpha.net/ORDO/Orphanet_97290	0.8165261149406433
http://omim.org/entry/605670	http://www.orpha.net/ORDO/Orphanet_67042	1.0
http://omim.org/entry/605676	http://www.orpha.net/ORDO/Orphanet_65282	0.8182127475738525
http://omim.org/entry/605726	http://www.orpha.net/ORDO/Orphanet_139525	0.9548110127449035
http://omim.org/entry/605808	http://www.orpha.net/ORDO/Orphanet_179	1.0
http://omim.org/entry/605814	http://www.orpha.net/ORDO/Orphanet_247585	0.8953922748565674
http://omim.org/entry/605850	http://www.orpha.net/ORDO/Orphanet_243343	1.0
http://omim.org/entry/605911	http://www.orpha.net/ORDO/Orphanet_309127	0.7641537189483643
http://omim.org/entry/605946	http://www.orpha.net/ORDO/Orphanet_85188	1.0
http://omim.org/entry/605967	http://www.orpha.net/ORDO/Orphanet_85203	1.0
http://omim.org/entry/606003	http://www.orpha.net/ORDO/Orphanet_101028	1.0
http://omim.org/entry/606054	http://www.orpha.net/ORDO/Orphanet_35	1.0
http://omim.org/entry/606056	http://www.orpha.net/ORDO/Orphanet_79330	1.0
http://omim.org/entry/606170	http://www.orpha.net/ORDO/Orphanet_85201	1.0
http://omim.org/entry/606232	http://www.orpha.net/ORDO/Orphanet_48652	1.0
http://omim.org/entry/606243	http://www.orpha.net/ORDO/Orphanet_163699	1.0
http://omim.org/entry/606353	http://www.orpha.net/ORDO/Orphanet_247604	1.0
http://omim.org/entry/606407	http://www.orpha.net/ORDO/Orphanet_163690	1.0
http://omim.org/entry/606408	http://www.orpha.net/ORDO/Orphanet_287	0.8525602221488953
http://omim.org/entry/606438	http://www.orpha.net/ORDO/Orphanet_98934	1.0
http://omim.org/entry/606445	http://www.orpha.net/ORDO/Orphanet_300324	1.0
http://omim.org/entry/606482	http://www.orpha.net/ORDO/Orphanet_90114	0.9042425751686096
http://omim.org/entry/606483	http://www.orpha.net/ORDO/Orphanet_64746	0.8333299160003662
http://omim.org/entry/606554	http://www.orpha.net/ORDO/Orphanet_79135	1.0
http://omim.org/entry/606593	http://www.orpha.net/ORDO/Orphanet_99812	1.0
http://omim.org/entry/606595	http://www.orpha.net/ORDO/Orphanet_99940	0.857532000541687
http://omim.org/entry/606658	http://www.orpha.net/ORDO/Orphanet_98769	0.9498309254646301
http://omim.org/entry/606693	http://www.orpha.net/ORDO/Orphanet_306674	1.0
http://omim.org/entry/606764	http://www.orpha.net/ORDO/Orphanet_44890	1.0
http://omim.org/entry/606768	http://www.orpha.net/ORDO/Orphanet_178400	1.0
http://omim.org/entry/606773	http://www.orpha.net/ORDO/Orphanet_141148	1.0
http://omim.org/entry/606777	http://www.orpha.net/ORDO/Orphanet_71277	0.9333101272583008
http://omim.org/entry/606785	http://www.orpha.net/ORDO/Orphanet_79235	1.0
http://omim.org/entry/606824	http://www.orpha.net/ORDO/Orphanet_35710	1.0
http://omim.org/entry/606835	http://www.orpha.net/ORDO/Orphanet_85169	1.0
http://omim.org/entry/606854	http://www.orpha.net/ORDO/Orphanet_101070	1.0
http://omim.org/entry/606864	http://www.orpha.net/ORDO/Orphanet_97286	1.0
http://omim.org/entry/606893	http://www.orpha.net/ORDO/Orphanet_458844	0.7935206890106201
http://omim.org/entry/606952	http://www.orpha.net/ORDO/Orphanet_79434	1.0
http://omim.org/entry/607014	http://www.orpha.net/ORDO/Orphanet_93473	1.0
http://omim.org/entry/607015	http://www.orpha.net/ORDO/Orphanet_93476	1.0
http://omim.org/entry/607078	http://www.orpha.net/ORDO/Orphanet_93311	0.9502142429351806
http://omim.org/entry/607088	http://www.orpha.net/ORDO/Orphanet_139547	0.9496978282928467
http://omim.org/entry/607091	http://www.orpha.net/ORDO/Orphanet_79332	1.0
http://omim.org/entry/607143	http://www.orpha.net/ORDO/Orphanet_79324	1.0
http://omim.org/entry/607152	http://www.orpha.net/ORDO/Orphanet_100999	0.8732420802116394
http://omim.org/entry/607155	http://www.orpha.net/ORDO/Orphanet_370953	0.8389962911605835
http://omim.org/entry/607197	http://www.orpha.net/ORDO/Orphanet_96210	0.9021579027175903
http://omim.org/entry/607214	http://www.orpha.net/ORDO/Orphanet_94150	0.9108085036277771
http://omim.org/entry/607225	http://www.orpha.net/ORDO/Orphanet_293168	0.8858448266983032
http://omim.org/entry/607259	http://www.orpha.net/ORDO/Orphanet_320346	0.8296999931335449
http://omim.org/entry/607278	http://www.orpha.net/ORDO/Orphanet_488265	0.78305983543396
http://omim.org/entry/607317	http://www.orpha.net/ORDO/Orphanet_98765	0.8926045060157776
http://omim.org/entry/607323	http://www.orpha.net/ORDO/Orphanet_93293	1.0
http://omim.org/entry/607330	http://www.orpha.net/ORDO/Orphanet_46059	1.0
http://omim.org/entry/607341	http://www.orpha.net/ORDO/Orphanet_268994	0.9420919775962829
http://omim.org/entry/607371	http://www.orpha.net/ORDO/Orphanet_68363	0.8113448619842529
http://omim.org/entry/607432	http://www.orpha.net/ORDO/Orphanet_102009	1.0
http://omim.org/entry/607454	http://www.orpha.net/ORDO/Orphanet_98773	0.9520407080650329
http://omim.org/entry/607458	http://www.orpha.net/ORDO/Orphanet_98771	0.9611650466918945
http://omim.org/entry/607459	http://www.orpha.net/ORDO/Orphanet_70595	0.7607190608978271
http://omim.org/entry/607475	http://www.orpha.net/ORDO/Orphanet_85128	1.0
http://omim.org/entry/607541	http://www.orpha.net/ORDO/Orphanet_522560	0.7847403287887573
http://omim.org/entry/607598	http://www.orpha.net/ORDO/Orphanet_137776	0.836091136932373
http://omim.org/entry/607616	http://www.orpha.net/ORDO/Orphanet_77293	1.0
http://omim.org/entry/607624	http://www.orpha.net/ORDO/Orphanet_79477	1.0
http://omim.org/entry/607626	http://www.orpha.net/ORDO/Orphanet_59303	0.829046905040741
http://omim.org/entry/607634	http://www.orpha.net/ORDO/Orphanet_2783	0.8726324796676636
http://omim.org/entry/607655	http://www.orpha.net/ORDO/Orphanet_170	0.7830992937088013
http://omim.org/entry/607671	http://www.orpha.net/ORDO/Orphanet_98807	0.8132780194282532
http://omim.org/entry/607677	http://www.orpha.net/ORDO/Orphanet_99942	0.9490599989891052
http://omim.org/entry/607685	http://www.orpha.net/ORDO/Orphanet_3260	1.0
http://omim.org/entry/607694	http://www.orpha.net/ORDO/Orphanet_137639	0.7932233810424805
http://omim.org/entry/607734	http://www.orpha.net/ORDO/Orphanet_101085	0.9342755436897278
http://omim.org/entry/607765	http://www.orpha.net/ORDO/Orphanet_79301	0.8886441946029663
http://omim.org/entry/607785	http://www.orpha.net/ORDO/Orphanet_86834	1.0
http://omim.org/entry/607812	http://www.orpha.net/ORDO/Orphanet_50814	1.0
http://omim.org/entry/607831	http://www.orpha.net/ORDO/Orphanet_99944	1.0
http://omim.org/entry/607847	http://www.orpha.net/ORDO/Orphanet_178996	0.8612507581710815
http://omim.org/entry/607859	http://www.orpha.net/ORDO/Orphanet_1063	1.0
http://omim.org/entry/607864	http://www.orpha.net/ORDO/Orphanet_1756	0.8312117457389832
http://omim.org/entry/607872	http://www.orpha.net/ORDO/Orphanet_1606	0.82216876745224
http://omim.org/entry/607907	http://www.orpha.net/ORDO/Orphanet_31112	1.0
http://omim.org/entry/607944	http://www.orpha.net/ORDO/Orphanet_1855	0.7862625122070312
http://omim.org/entry/608022	http://www.orpha.net/ORDO/Orphanet_66637	1.0
http://omim.org/entry/608027	http://www.orpha.net/ORDO/Orphanet_97249	1.0
http://omim.org/entry/608029	http://www.orpha.net/ORDO/Orphanet_98758	0.9437491655349731
http://omim.org/entry/608051	http://www.orpha.net/ORDO/Orphanet_319640	0.9330485820770263
http://omim.org/entry/608068	http://www.orpha.net/ORDO/Orphanet_3243	1.0
http://omim.org/entry/608093	http://www.orpha.net/ORDO/Orphanet_86309	1.0
http://omim.org/entry/608106	http://www.orpha.net/ORDO/Orphanet_101092	0.9722524046897888
http://omim.org/entry/608149	http://www.orpha.net/ORDO/Orphanet_254519	1.0
http://omim.org/entry/608154	http://www.orpha.net/ORDO/Orphanet_50811	0.881754994392395
http://omim.org/entry/608156	http://www.orpha.net/ORDO/Orphanet_178303	1.0
http://omim.org/entry/608184	http://www.orpha.net/ORDO/Orphanet_101091	1.0
http://omim.org/entry/608220	http://www.orpha.net/ORDO/Orphanet_101005	0.8562920093536377
http://omim.org/entry/608232	http://www.orpha.net/ORDO/Orphanet_521	1.0
http://omim.org/entry/608266	http://www.orpha.net/ORDO/Orphanet_143	1.0
http://omim.org/entry/608290	http://www.orpha.net/ORDO/Orphanet_140936	1.0
http://omim.org/entry/608323	http://www.orpha.net/ORDO/Orphanet_90114	0.9301584959030151
http://omim.org/entry/608340	http://www.orpha.net/ORDO/Orphanet_268337	0.9464774131774902
http://omim.org/entry/608361	http://www.orpha.net/ORDO/Orphanet_93283	1.0
http://omim.org/entry/608390	http://www.orpha.net/ORDO/Orphanet_612	1.0
http://omim.org/entry/608406	http://www.orpha.net/ORDO/Orphanet_52047	0.8836732506752014
http://omim.org/entry/608415	http://www.orpha.net/ORDO/Orphanet_75374	1.0
http://omim.org/entry/608423	http://www.orpha.net/ORDO/Orphanet_456369	0.7987107396125793
http://omim.org/entry/608432	http://www.orpha.net/ORDO/Orphanet_139393	0.8255658149719238
http://omim.org/entry/608456	http://www.orpha.net/ORDO/Orphanet_261584	0.9092013597488403
http://omim.org/entry/608470	http://www.orpha.net/ORDO/Orphanet_98961	0.7700428366661072
http://omim.org/entry/608540	http://www.orpha.net/ORDO/Orphanet_79327	1.0
http://omim.org/entry/608571	http://www.orpha.net/ORDO/Orphanet_52056	0.8297198414802551
http://omim.org/entry/608600	http://www.orpha.net/ORDO/Orphanet_79084	1.0
http://omim.org/entry/608612	http://www.orpha.net/ORDO/Orphanet_90154	1.0
http://omim.org/entry/608643	http://www.orpha.net/ORDO/Orphanet_35708	1.0
http://omim.org/entry/608649	http://www.orpha.net/ORDO/Orphanet_88621	1.0
http://omim.org/entry/608654	http://www.orpha.net/ORDO/Orphanet_64752	1.0
http://omim.org/entry/608670	http://www.orpha.net/ORDO/Orphanet_3107	0.8089708089828491
http://omim.org/entry/608673	http://www.orpha.net/ORDO/Orphanet_99945	0.8441737055778503
http://omim.org/entry/608687	http://www.orpha.net/ORDO/Orphanet_101110	0.9815269470214844
http://omim.org/entry/608688	http://www.orpha.net/ORDO/Orphanet_250977	0.8048714399337769
http://omim.org/entry/608710	http://www.orpha.net/ORDO/Orphanet_900	1.0
http://omim.org/entry/608728	http://www.orpha.net/ORDO/Orphanet_253	0.8236832618713379
http://omim.org/entry/608768	http://www.orpha.net/ORDO/Orphanet_98760	0.9738424777984619
http://omim.org/entry/608776	http://www.orpha.net/ORDO/Orphanet_371235	0.8166947603225708
http://omim.org/entry/608779	http://www.orpha.net/ORDO/Orphanet_79333	1.0
http://omim.org/entry/608782	http://www.orpha.net/ORDO/Orphanet_79246	1.0
http://omim.org/entry/608800	http://www.orpha.net/ORDO/Orphanet_168593	0.9565861225128174
http://omim.org/entry/608810	http://www.orpha.net/ORDO/Orphanet_602	0.8090753316879272
http://omim.org/entry/608811	http://www.orpha.net/ORDO/Orphanet_93346	0.7566969394683838
http://omim.org/entry/608836	http://www.orpha.net/ORDO/Orphanet_228308	0.8713115453720093
http://omim.org/entry/608837	http://www.orpha.net/ORDO/Orphanet_319340	1.0
http://omim.org/entry/608885	http://www.orpha.net/ORDO/Orphanet_168577	0.8447527289390564
http://omim.org/entry/608911	http://www.orpha.net/ORDO/Orphanet_137914	0.809650182723999
http://omim.org/entry/608940	http://www.orpha.net/ORDO/Orphanet_85167	0.8432672619819641
http://omim.org/entry/608957	http://www.orpha.net/ORDO/Orphanet_169085	1.0
http://omim.org/entry/608980	http://www.orpha.net/ORDO/Orphanet_217266	1.0
http://omim.org/entry/609015	http://www.orpha.net/ORDO/Orphanet_746	1.0
http://omim.org/entry/609016	http://www.orpha.net/ORDO/Orphanet_5	1.0
http://omim.org/entry/609029	http://www.orpha.net/ORDO/Orphanet_96170	1.0
http://omim.org/entry/609033	http://www.orpha.net/ORDO/Orphanet_88628	0.8614330887794495
http://omim.org/entry/609041	http://www.orpha.net/ORDO/Orphanet_101007	0.8789271712303162
http://omim.org/entry/609049	http://www.orpha.net/ORDO/Orphanet_138044	0.7674816846847534
http://omim.org/entry/609052	http://www.orpha.net/ORDO/Orphanet_168555	1.0
http://omim.org/entry/609055	http://www.orpha.net/ORDO/Orphanet_228346	0.8227494359016418
http://omim.org/entry/609057	http://www.orpha.net/ORDO/Orphanet_595351	0.787763237953186
http://omim.org/entry/609128	http://www.orpha.net/ORDO/Orphanet_65720	1.0
http://omim.org/entry/609136	http://www.orpha.net/ORDO/Orphanet_163746	0.8562792539596558
http://omim.org/entry/609152	http://www.orpha.net/ORDO/Orphanet_181399	0.9248224496841431
http://omim.org/entry/609200	http://www.orpha.net/ORDO/Orphanet_79091	0.7515496373176574
http://omim.org/entry/609241	http://www.orpha.net/ORDO/Orphanet_79279	1.0
http://omim.org/entry/609260	http://www.orpha.net/ORDO/Orphanet_64746	0.89340740442276
http://omim.org/entry/609270	http://www.orpha.net/ORDO/Orphanet_284324	0.8757312655448913
http://omim.org/entry/609307	http://www.orpha.net/ORDO/Orphanet_98764	0.9655654191970825
http://omim.org/entry/609311	http://www.orpha.net/ORDO/Orphanet_99954	1.0
http://omim.org/entry/609313	http://www.orpha.net/ORDO/Orphanet_171851	0.8498449325561523
http://omim.org/entry/609325	http://www.orpha.net/ORDO/Orphanet_166032	1.0
http://omim.org/entry/609340	http://www.orpha.net/ORDO/Orphanet_209951	0.8671193718910217
http://omim.org/entry/609352	http://www.orpha.net/ORDO/Orphanet_158681	0.8374925851821899
http://omim.org/entry/609425	http://www.orpha.net/ORDO/Orphanet_251038	0.8394994735717773
http://omim.org/entry/609442	http://www.orpha.net/ORDO/Orphanet_1906	0.8351478576660156
http://omim.org/entry/609452	http://www.orpha.net/ORDO/Orphanet_319160	0.8027944922447204
http://omim.org/entry/609460	http://www.orpha.net/ORDO/Orphanet_2462	1.0
http://omim.org/entry/609524	http://www.orpha.net/ORDO/Orphanet_206656	0.787964940071106
http://omim.org/entry/609537	http://www.orpha.net/ORDO/Orphanet_268835	1.0
http://omim.org/entry/609541	http://www.orpha.net/ORDO/Orphanet_320406	0.814314067363739
http://omim.org/entry/609625	http://www.orpha.net/ORDO/Orphanet_96148	0.8445396423339844
http://omim.org/entry/609628	http://www.orpha.net/ORDO/Orphanet_77297	1.0
http://omim.org/entry/609638	http://www.orpha.net/ORDO/Orphanet_595346	0.8363826870918274
http://omim.org/entry/609727	http://www.orpha.net/ORDO/Orphanet_101009	0.8622668385505676
http://omim.org/entry/609815	http://www.orpha.net/ORDO/Orphanet_295187	0.7929497718811035
http://omim.org/entry/609821	http://www.orpha.net/ORDO/Orphanet_220443	0.7959526777267456
http://omim.org/entry/609993	http://www.orpha.net/ORDO/Orphanet_75325	0.8471675515174866
http://omim.org/entry/610003	http://www.orpha.net/ORDO/Orphanet_1947	0.8533426523208618
http://omim.org/entry/610006	http://www.orpha.net/ORDO/Orphanet_79157	1.0
http://omim.org/entry/610099	http://www.orpha.net/ORDO/Orphanet_399096	0.819973087310791
http://omim.org/entry/610100	http://www.orpha.net/ORDO/Orphanet_643	0.8535933494567871
http://omim.org/entry/610125	http://www.orpha.net/ORDO/Orphanet_178364	0.9922686576843261
http://omim.org/entry/610140	http://www.orpha.net/ORDO/Orphanet_168796	1.0
http://omim.org/entry/610198	http://www.orpha.net/ORDO/Orphanet_66634	1.0
http://omim.org/entry/610227	http://www.orpha.net/ORDO/Orphanet_168606	1.0
http://omim.org/entry/610234	http://www.orpha.net/ORDO/Orphanet_295199	0.9505264520645141
http://omim.org/entry/610250	http://www.orpha.net/ORDO/Orphanet_320355	0.8230080604553223
http://omim.org/entry/610357	http://www.orpha.net/ORDO/Orphanet_101010	0.858553946018219
http://omim.org/entry/610377	http://www.orpha.net/ORDO/Orphanet_29	1.0
http://omim.org/entry/610443	http://www.orpha.net/ORDO/Orphanet_96169	1.0
http://omim.org/entry/610455	http://www.orpha.net/ORDO/Orphanet_306658	1.0
http://omim.org/entry/610474	http://www.orpha.net/ORDO/Orphanet_85164	0.8612774014472961
http://omim.org/entry/610498	http://www.orpha.net/ORDO/Orphanet_254920	0.9169289231300354
http://omim.org/entry/610505	http://www.orpha.net/ORDO/Orphanet_168566	0.9728386759757995
http://omim.org/entry/610543	http://www.orpha.net/ORDO/Orphanet_261243	0.8662442564964294
http://omim.org/entry/610644	http://www.orpha.net/ORDO/Orphanet_85112	0.866423487663269
http://omim.org/entry/610678	http://www.orpha.net/ORDO/Orphanet_254925	0.9603644371032715
http://omim.org/entry/610706	http://www.orpha.net/ORDO/Orphanet_90024	0.8651957511901855
http://omim.org/entry/610743	http://www.orpha.net/ORDO/Orphanet_98760	0.9271223902702331
http://omim.org/entry/610755	http://www.orpha.net/ORDO/Orphanet_276152	1.0
http://omim.org/entry/610768	http://www.orpha.net/ORDO/Orphanet_91131	1.0
http://omim.org/entry/610773	http://www.orpha.net/ORDO/Orphanet_35696	0.7630643248558044
http://omim.org/entry/610951	http://www.orpha.net/ORDO/Orphanet_228346	0.8115289211273193
http://omim.org/entry/610967	http://www.orpha.net/ORDO/Orphanet_216828	1.0
http://omim.org/entry/611040	http://www.orpha.net/ORDO/Orphanet_178364	0.9685903549194336
http://omim.org/entry/611067	http://www.orpha.net/ORDO/Orphanet_83420	0.8817511558532715
http://omim.org/entry/611102	http://www.orpha.net/ORDO/Orphanet_94064	1.0
http://omim.org/entry/611105	http://www.orpha.net/ORDO/Orphanet_137898	0.8660102486610413
http://omim.org/entry/611209	http://www.orpha.net/ORDO/Orphanet_263508	1.0
http://omim.org/entry/611222	http://www.orpha.net/ORDO/Orphanet_77299	0.9032935261726379
http://omim.org/entry/611225	http://www.orpha.net/ORDO/Orphanet_209951	0.8803170323371887
http://omim.org/entry/611228	http://www.orpha.net/ORDO/Orphanet_139515	1.0
http://omim.org/entry/611283	http://www.orpha.net/ORDO/Orphanet_79159	1.0
http://omim.org/entry/611302	http://www.orpha.net/ORDO/Orphanet_316240	0.8521101474761963
http://omim.org/entry/611369	http://www.orpha.net/ORDO/Orphanet_137783	0.8798842787742615
http://omim.org/entry/611390	http://www.orpha.net/ORDO/Orphanet_316240	0.84799724817276
http://omim.org/entry/611431	http://www.orpha.net/ORDO/Orphanet_137605	1.0
http://omim.org/entry/611489	http://www.orpha.net/ORDO/Orphanet_199247	1.0
http://omim.org/entry/611523	http://www.orpha.net/ORDO/Orphanet_166073	1.0
http://omim.org/entry/611556	http://www.orpha.net/ORDO/Orphanet_79201	0.9004917144775391
http://omim.org/entry/611588	http://www.orpha.net/ORDO/Orphanet_308670	0.7573823690414428
http://omim.org/entry/611590	http://www.orpha.net/ORDO/Orphanet_93608	0.8280797600746155
http://omim.org/entry/611717	http://www.orpha.net/ORDO/Orphanet_163654	0.8258742094039917
http://omim.org/entry/611719	http://www.orpha.net/ORDO/Orphanet_137908	0.9789851665496826
http://omim.org/entry/611721	http://www.orpha.net/ORDO/Orphanet_139406	0.7578166723251343
http://omim.org/entry/611726	http://www.orpha.net/ORDO/Orphanet_98261	0.7980888485908508
http://omim.org/entry/611771	http://www.orpha.net/ORDO/Orphanet_329481	1.0
http://omim.org/entry/611773	http://www.orpha.net/ORDO/Orphanet_73229	0.8665828108787537
http://omim.org/entry/611775	http://www.orpha.net/ORDO/Orphanet_2331	1.0
http://omim.org/entry/611809	http://www.orpha.net/ORDO/Orphanet_139455	1.0
http://omim.org/entry/611812	http://www.orpha.net/ORDO/Orphanet_139466	0.8882629871368408
http://omim.org/entry/611816	http://www.orpha.net/ORDO/Orphanet_420561	1.0
http://omim.org/entry/611863	http://www.orpha.net/ORDO/Orphanet_139450	0.8595434427261353
http://omim.org/entry/611867	http://www.orpha.net/ORDO/Orphanet_1727	0.8050354719161987
http://omim.org/entry/611881	http://www.orpha.net/ORDO/Orphanet_57	0.8030364274978637
http://omim.org/entry/611907	http://www.orpha.net/ORDO/Orphanet_209970	1.0
http://omim.org/entry/611929	http://www.orpha.net/ORDO/Orphanet_488434	1.0
http://omim.org/entry/611936	http://www.orpha.net/ORDO/Orphanet_251038	0.8370383381843567
http://omim.org/entry/611943	http://www.orpha.net/ORDO/Orphanet_420741	1.0
http://omim.org/entry/611945	http://www.orpha.net/ORDO/Orphanet_171612	0.8078551292419434
http://omim.org/entry/612001	http://www.orpha.net/ORDO/Orphanet_199318	0.8896502256393433
http://omim.org/entry/612015	http://www.orpha.net/ORDO/Orphanet_244310	1.0
http://omim.org/entry/612020	http://www.orpha.net/ORDO/Orphanet_139480	0.8695690035820007
http://omim.org/entry/612067	http://www.orpha.net/ORDO/Orphanet_210571	1.0
http://omim.org/entry/612073	http://www.orpha.net/ORDO/Orphanet_35698	0.779114842414856
http://omim.org/entry/612138	http://www.orpha.net/ORDO/Orphanet_412189	0.7710213661193848
http://omim.org/entry/612160	http://www.orpha.net/ORDO/Orphanet_569164	1.0
http://omim.org/entry/612219	http://www.orpha.net/ORDO/Orphanet_319	0.7703262567520142
http://omim.org/entry/612242	http://www.orpha.net/ORDO/Orphanet_276422	0.8741463422775269
http://omim.org/entry/612247	http://www.orpha.net/ORDO/Orphanet_93262	0.8835657238960266
http://omim.org/entry/612290	http://www.orpha.net/ORDO/Orphanet_140963	0.8368653059005737
http://omim.org/entry/612319	http://www.orpha.net/ORDO/Orphanet_171629	0.8569811582565308
http://omim.org/entry/612335	http://www.orpha.net/ORDO/Orphanet_209951	0.811988115310669
http://omim.org/entry/612336	http://www.orpha.net/ORDO/Orphanet_743	0.8497452735900879
http://omim.org/entry/612350	http://www.orpha.net/ORDO/Orphanet_285	0.9191345334053039
http://omim.org/entry/612379	http://www.orpha.net/ORDO/Orphanet_371064	0.878420889377594
http://omim.org/entry/612438	http://www.orpha.net/ORDO/Orphanet_68356	0.7564740777015686
http://omim.org/entry/612445	http://www.orpha.net/ORDO/Orphanet_171844	0.882086992263794
http://omim.org/entry/612462	http://www.orpha.net/ORDO/Orphanet_79444	1.0
http://omim.org/entry/612463	http://www.orpha.net/ORDO/Orphanet_79445	1.0
http://omim.org/entry/612475	http://www.orpha.net/ORDO/Orphanet_293948	0.7615506649017334
http://omim.org/entry/612513	http://www.orpha.net/ORDO/Orphanet_261349	0.8359195590019226
http://omim.org/entry/612530	http://www.orpha.net/ORDO/Orphanet_250999	0.8400213122367859
http://omim.org/entry/612539	http://www.orpha.net/ORDO/Orphanet_171622	0.8298938274383545
http://omim.org/entry/612582	http://www.orpha.net/ORDO/Orphanet_251046	0.8300921320915222
http://omim.org/entry/612626	http://www.orpha.net/ORDO/Orphanet_238446	0.8392670154571533
http://omim.org/entry/612631	http://www.orpha.net/ORDO/Orphanet_86817	1.0
http://omim.org/entry/612651	http://www.orpha.net/ORDO/Orphanet_199332	0.8374229669570923
http://omim.org/entry/612656	http://www.orpha.net/ORDO/Orphanet_209967	1.0
http://omim.org/entry/612674	http://www.orpha.net/ORDO/Orphanet_171848	0.7903645038604736
http://omim.org/entry/612691	http://www.orpha.net/ORDO/Orphanet_208441	0.8095462918281555
http://omim.org/entry/612714	http://www.orpha.net/ORDO/Orphanet_199337	0.9283983707427979
http://omim.org/entry/612716	http://www.orpha.net/ORDO/Orphanet_70594	1.0
http://omim.org/entry/612718	http://www.orpha.net/ORDO/Orphanet_79172	0.8080445528030396
http://omim.org/entry/612740	http://www.orpha.net/ORDO/Orphanet_95157	1.0
http://omim.org/entry/612776	http://www.orpha.net/ORDO/Orphanet_156212	0.8147882223129272
http://omim.org/entry/612781	http://www.orpha.net/ORDO/Orphanet_231671	0.8815779685974121
http://omim.org/entry/612840	http://www.orpha.net/ORDO/Orphanet_99844	0.7973522186279297
http://omim.org/entry/612852	http://www.orpha.net/ORDO/Orphanet_210115	1.0
http://omim.org/entry/612862	http://www.orpha.net/ORDO/Orphanet_70591	0.7983288764953613
http://omim.org/entry/612863	http://www.orpha.net/ORDO/Orphanet_251056	0.8551432490348816
http://omim.org/entry/612867	http://www.orpha.net/ORDO/Orphanet_98959	1.0
http://omim.org/entry/612868	http://www.orpha.net/ORDO/Orphanet_98971	1.0
http://omim.org/entry/612918	http://www.orpha.net/ORDO/Orphanet_140944	0.8418079018592834
http://omim.org/entry/612932	http://www.orpha.net/ORDO/Orphanet_99849	0.815908408164978
http://omim.org/entry/612933	http://www.orpha.net/ORDO/Orphanet_2088	0.826285457611084
http://omim.org/entry/612937	http://www.orpha.net/ORDO/Orphanet_263297	0.7728473901748657
http://omim.org/entry/612940	http://www.orpha.net/ORDO/Orphanet_357064	1.0
http://omim.org/entry/612946	http://www.orpha.net/ORDO/Orphanet_217026	1.0
http://omim.org/entry/612951	http://www.orpha.net/ORDO/Orphanet_85136	1.0
http://omim.org/entry/612954	http://www.orpha.net/ORDO/Orphanet_206966	0.7978672385215759
http://omim.org/entry/612989	http://www.orpha.net/ORDO/Orphanet_98672	0.7623754739761353
http://omim.org/entry/613001	http://www.orpha.net/ORDO/Orphanet_2396	1.0
http://omim.org/entry/613070	http://www.orpha.net/ORDO/Orphanet_464724	0.778031587600708
http://omim.org/entry/613076	http://www.orpha.net/ORDO/Orphanet_1369	0.7672328948974609
http://omim.org/entry/613089	http://www.orpha.net/ORDO/Orphanet_168984	0.8773982524871826
http://omim.org/entry/613091	http://www.orpha.net/ORDO/Orphanet_93426	0.7760584354400635
http://omim.org/entry/613102	http://www.orpha.net/ORDO/Orphanet_217407	0.8139691352844238
http://omim.org/entry/613116	http://www.orpha.net/ORDO/Orphanet_217467	0.8361834287643433
http://omim.org/entry/613157	http://www.orpha.net/ORDO/Orphanet_399096	0.7789441108703613
http://omim.org/entry/613158	http://www.orpha.net/ORDO/Orphanet_456369	0.7848224997520447
http://omim.org/entry/613161	http://www.orpha.net/ORDO/Orphanet_65287	1.0
http://omim.org/entry/613162	http://www.orpha.net/ORDO/Orphanet_320396	0.827100932598114
http://omim.org/entry/613174	http://www.orpha.net/ORDO/Orphanet_1742	0.7538014650344849
http://omim.org/entry/613177	http://www.orpha.net/ORDO/Orphanet_221145	1.0
http://omim.org/entry/613179	http://www.orpha.net/ORDO/Orphanet_760	1.0
http://omim.org/entry/613204	http://www.orpha.net/ORDO/Orphanet_34520	0.858399510383606
http://omim.org/entry/613205	http://www.orpha.net/ORDO/Orphanet_157973	1.0
http://omim.org/entry/613206	http://www.orpha.net/ORDO/Orphanet_320401	0.8158165812492371
http://omim.org/entry/613215	http://www.orpha.net/ORDO/Orphanet_217385	0.8444850444793701
http://omim.org/entry/613287	http://www.orpha.net/ORDO/Orphanet_228174	0.919969892501831
http://omim.org/entry/613319	http://www.orpha.net/ORDO/Orphanet_399096	0.7947730183601379
http://omim.org/entry/613329	http://www.orpha.net/ORDO/Orphanet_465	0.8068546056747437
http://omim.org/entry/613330	http://www.orpha.net/ORDO/Orphanet_228387	1.0
http://omim.org/entry/613355	http://www.orpha.net/ORDO/Orphanet_261279	0.8710353970527649
http://omim.org/entry/613364	http://www.orpha.net/ORDO/Orphanet_320355	0.865302562713623
http://omim.org/entry/613398	http://www.orpha.net/ORDO/Orphanet_280558	1.0
http://omim.org/entry/613406	http://www.orpha.net/ORDO/Orphanet_500163	1.0
http://omim.org/entry/613444	http://www.orpha.net/ORDO/Orphanet_261211	0.7689482569694519
http://omim.org/entry/613456	http://www.orpha.net/ORDO/Orphanet_93260	0.7933602690696716
http://omim.org/entry/613457	http://www.orpha.net/ORDO/Orphanet_261120	0.8775779008865356
http://omim.org/entry/613458	http://www.orpha.net/ORDO/Orphanet_261243	0.8824700117111206
http://omim.org/entry/613489	http://www.orpha.net/ORDO/Orphanet_263501	1.0
http://omim.org/entry/613490	http://www.orpha.net/ORDO/Orphanet_60	1.0
http://omim.org/entry/613507	http://www.orpha.net/ORDO/Orphanet_263297	0.8729568481445312
http://omim.org/entry/613509	http://www.orpha.net/ORDO/Orphanet_238750	0.8773808479309082
http://omim.org/entry/613530	http://www.orpha.net/ORDO/Orphanet_238755	0.8752765417098999
http://omim.org/entry/613546	http://www.orpha.net/ORDO/Orphanet_91	1.0
http://omim.org/entry/613554	http://www.orpha.net/ORDO/Orphanet_166081	1.0
http://omim.org/entry/613559	http://www.orpha.net/ORDO/Orphanet_254930	0.8301132082939148
http://omim.org/entry/613563	http://www.orpha.net/ORDO/Orphanet_98733	0.8318244218826294
http://omim.org/entry/613571	http://www.orpha.net/ORDO/Orphanet_95699	0.8078080415725708
http://omim.org/entry/613576	http://www.orpha.net/ORDO/Orphanet_247827	0.8426107406616211
http://omim.org/entry/613587	http://www.orpha.net/ORDO/Orphanet_247834	1.0
http://omim.org/entry/613604	http://www.orpha.net/ORDO/Orphanet_261211	0.8679744601249695
http://omim.org/entry/613618	http://www.orpha.net/ORDO/Orphanet_261279	0.8505440354347229
http://omim.org/entry/613630	http://www.orpha.net/ORDO/Orphanet_465824	1.0
http://omim.org/entry/613641	http://www.orpha.net/ORDO/Orphanet_268337	0.884877622127533
http://omim.org/entry/613646	http://www.orpha.net/ORDO/Orphanet_280183	0.84806227684021
http://omim.org/entry/613647	http://www.orpha.net/ORDO/Orphanet_306511	0.8280787467956543
http://omim.org/entry/613661	http://www.orpha.net/ORDO/Orphanet_280071	1.0
http://omim.org/entry/613668	http://www.orpha.net/ORDO/Orphanet_269528	0.7800028324127197
http://omim.org/entry/613670	http://www.orpha.net/ORDO/Orphanet_87277	0.8610208630561829
http://omim.org/entry/613672	http://www.orpha.net/ORDO/Orphanet_254343	0.8516348600387573
http://omim.org/entry/613677	http://www.orpha.net/ORDO/Orphanet_251274	1.0
http://omim.org/entry/613728	http://www.orpha.net/ORDO/Orphanet_98761	0.9266805410385132
http://omim.org/entry/613743	http://www.orpha.net/ORDO/Orphanet_90786	0.8618917465209961
http://omim.org/entry/613792	http://www.orpha.net/ORDO/Orphanet_261875	0.7571709156036377
http://omim.org/entry/613796	http://www.orpha.net/ORDO/Orphanet_101972	0.752001166343689
http://omim.org/entry/613806	http://www.orpha.net/ORDO/Orphanet_171	1.0
http://omim.org/entry/613818	http://www.orpha.net/ORDO/Orphanet_370953	0.8425135016441345
http://omim.org/entry/613834	http://www.orpha.net/ORDO/Orphanet_404463	1.0
http://omim.org/entry/613839	http://www.orpha.net/ORDO/Orphanet_319651	0.8737892508506775
http://omim.org/entry/613845	http://www.orpha.net/ORDO/Orphanet_363694	0.7932982444763184
http://omim.org/entry/613855	http://www.orpha.net/ORDO/Orphanet_211067	1.0
http://omim.org/entry/613860	http://www.orpha.net/ORDO/Orphanet_331190	0.7523340582847595
http://omim.org/entry/613869	http://www.orpha.net/ORDO/Orphanet_98910	0.8585758209228516
http://omim.org/entry/613908	http://www.orpha.net/ORDO/Orphanet_276193	0.9071267008781433
http://omim.org/entry/613909	http://www.orpha.net/ORDO/Orphanet_276183	0.8420503497123718
http://omim.org/entry/613978	http://www.orpha.net/ORDO/Orphanet_93616	1.0
http://omim.org/entry/614008	http://www.orpha.net/ORDO/Orphanet_280576	1.0
http://omim.org/entry/614025	http://www.orpha.net/ORDO/Orphanet_309015	0.8789867162704468
http://omim.org/entry/614034	http://www.orpha.net/ORDO/Orphanet_562509	1.0
http://omim.org/entry/614037	http://www.orpha.net/ORDO/Orphanet_79507	1.0
http://omim.org/entry/614038	http://www.orpha.net/ORDO/Orphanet_568047	0.8301434516906738
http://omim.org/entry/614039	http://www.orpha.net/ORDO/Orphanet_268950	0.7967257499694824
http://omim.org/entry/614065	http://www.orpha.net/ORDO/Orphanet_319160	0.7736035346984863
http://omim.org/entry/614076	http://www.orpha.net/ORDO/Orphanet_231531	1.0
http://omim.org/entry/614077	http://www.orpha.net/ORDO/Orphanet_231537	1.0
http://omim.org/entry/614078	http://www.orpha.net/ORDO/Orphanet_280586	1.0
http://omim.org/entry/614091	http://www.orpha.net/ORDO/Orphanet_93426	0.7818004488945007
http://omim.org/entry/614096	http://www.orpha.net/ORDO/Orphanet_319504	1.0
http://omim.org/entry/614097	http://www.orpha.net/ORDO/Orphanet_926	1.0
http://omim.org/entry/614098	http://www.orpha.net/ORDO/Orphanet_435628	1.0
http://omim.org/entry/614100	http://www.orpha.net/ORDO/Orphanet_209	0.7612646818161011
http://omim.org/entry/614102	http://www.orpha.net/ORDO/Orphanet_169110	0.792637825012207
http://omim.org/entry/614104	http://www.orpha.net/ORDO/Orphanet_262633	0.7582604646682739
http://omim.org/entry/614105	http://www.orpha.net/ORDO/Orphanet_289902	0.8166654109954834
http://omim.org/entry/614116	http://www.orpha.net/ORDO/Orphanet_140471	0.7502278089523315
http://omim.org/entry/614128	http://www.orpha.net/ORDO/Orphanet_284435	1.0
http://omim.org/entry/614156	http://www.orpha.net/ORDO/Orphanet_276405	1.0
http://omim.org/entry/614160	http://www.orpha.net/ORDO/Orphanet_275534	0.7652459144592285
http://omim.org/entry/614171	http://www.orpha.net/ORDO/Orphanet_280663	1.0
http://omim.org/entry/614187	http://www.orpha.net/ORDO/Orphanet_293958	0.8076830506324768
http://omim.org/entry/614188	http://www.orpha.net/ORDO/Orphanet_139393	0.8345086574554443
http://omim.org/entry/614200	http://www.orpha.net/ORDO/Orphanet_248368	0.8013322949409485
http://omim.org/entry/614224	http://www.orpha.net/ORDO/Orphanet_284247	0.8783077597618103
http://omim.org/entry/614228	http://www.orpha.net/ORDO/Orphanet_64746	0.8812640309333801
http://omim.org/entry/614229	http://www.orpha.net/ORDO/Orphanet_98767	0.9715355396270752
http://omim.org/entry/614261	http://www.orpha.net/ORDO/Orphanet_294016	1.0
http://omim.org/entry/614290	http://www.orpha.net/ORDO/Orphanet_3307	1.0
http://omim.org/entry/614298	http://www.orpha.net/ORDO/Orphanet_289560	0.8599323987960815
http://omim.org/entry/614299	http://www.orpha.net/ORDO/Orphanet_401874	0.794100284576416
http://omim.org/entry/614321	http://www.orpha.net/ORDO/Orphanet_488650	1.0
http://omim.org/entry/614323	http://www.orpha.net/ORDO/Orphanet_79150	1.0
http://omim.org/entry/614338	http://www.orpha.net/ORDO/Orphanet_309015	0.8117603063583374
http://omim.org/entry/614369	http://www.orpha.net/ORDO/Orphanet_90117	0.7503888607025146
http://omim.org/entry/614395	http://www.orpha.net/ORDO/Orphanet_99921	0.8000541925430298
http://omim.org/entry/614399	http://www.orpha.net/ORDO/Orphanet_439212	0.8469085693359375
http://omim.org/entry/614409	http://www.orpha.net/ORDO/Orphanet_320391	0.8079006671905518
http://omim.org/entry/614436	http://www.orpha.net/ORDO/Orphanet_300319	0.8450671195983886
http://omim.org/entry/614438	http://www.orpha.net/ORDO/Orphanet_357074	0.8675567507743835
http://omim.org/entry/614455	http://www.orpha.net/ORDO/Orphanet_90114	0.9249128103256226
http://omim.org/entry/614457	http://www.orpha.net/ORDO/Orphanet_352333	0.8125771880149841
http://omim.org/entry/614462	http://www.orpha.net/ORDO/Orphanet_79314	0.7841046452522278
http://omim.org/entry/614468	http://www.orpha.net/ORDO/Orphanet_576349	0.8307318091392517
http://omim.org/entry/614480	http://www.orpha.net/ORDO/Orphanet_300293	0.7909024953842163
http://omim.org/entry/614486	http://www.orpha.net/ORDO/Orphanet_436169	0.7688064575195312
http://omim.org/entry/614487	http://www.orpha.net/ORDO/Orphanet_316240	0.8117266893386841
http://omim.org/entry/614492	http://www.orpha.net/ORDO/Orphanet_88940	1.0
http://omim.org/entry/614495	http://www.orpha.net/ORDO/Orphanet_300525	1.0
http://omim.org/entry/614496	http://www.orpha.net/ORDO/Orphanet_300530	1.0
http://omim.org/entry/614507	http://www.orpha.net/ORDO/Orphanet_300536	1.0
http://omim.org/entry/614527	http://www.orpha.net/ORDO/Orphanet_261279	0.8280141353607178
http://omim.org/entry/614557	http://www.orpha.net/ORDO/Orphanet_536532	0.7741968989372253
http://omim.org/entry/614561	http://www.orpha.net/ORDO/Orphanet_99854	0.7781252861022949
http://omim.org/entry/614564	http://www.orpha.net/ORDO/Orphanet_313846	0.779485821723938
http://omim.org/entry/614569	http://www.orpha.net/ORDO/Orphanet_163634	0.8483786582946777
http://omim.org/entry/614576	http://www.orpha.net/ORDO/Orphanet_464443	1.0
http://omim.org/entry/614582	http://www.orpha.net/ORDO/Orphanet_319509	0.9398349285125732
http://omim.org/entry/614592	http://www.orpha.net/ORDO/Orphanet_93439	0.7996812462806702
http://omim.org/entry/614651	http://www.orpha.net/ORDO/Orphanet_35656	0.8197300672531128
http://omim.org/entry/614653	http://www.orpha.net/ORDO/Orphanet_314381	1.0
http://omim.org/entry/614688	http://www.orpha.net/ORDO/Orphanet_269229	1.0
http://omim.org/entry/614700	http://www.orpha.net/ORDO/Orphanet_217390	0.7754073739051819
http://omim.org/entry/614702	http://www.orpha.net/ORDO/Orphanet_314637	0.9083841204643249
http://omim.org/entry/614723	http://www.orpha.net/ORDO/Orphanet_976	1.0
http://omim.org/entry/614727	http://www.orpha.net/ORDO/Orphanet_314667	1.0
http://omim.org/entry/614732	http://www.orpha.net/ORDO/Orphanet_85173	0.7755991816520691
http://omim.org/entry/614748	http://www.orpha.net/ORDO/Orphanet_306504	0.8701241612434387
http://omim.org/entry/614756	http://www.orpha.net/ORDO/Orphanet_98098	0.7880504131317139
http://omim.org/entry/614807	http://www.orpha.net/ORDO/Orphanet_319160	0.8371408939361572
http://omim.org/entry/614833	http://www.orpha.net/ORDO/Orphanet_468631	0.7942289113998413
http://omim.org/entry/614846	http://www.orpha.net/ORDO/Orphanet_314588	1.0
http://omim.org/entry/614860	http://www.orpha.net/ORDO/Orphanet_420492	1.0
http://omim.org/entry/614875	http://www.orpha.net/ORDO/Orphanet_99646	0.9013141393661499
http://omim.org/entry/614878	http://www.orpha.net/ORDO/Orphanet_324530	0.8671616315841675
http://omim.org/entry/614895	http://www.orpha.net/ORDO/Orphanet_99952	0.9208405375480652
http://omim.org/entry/614896	http://www.orpha.net/ORDO/Orphanet_324321	1.0
http://omim.org/entry/614921	http://www.orpha.net/ORDO/Orphanet_371235	0.9150700569152832
http://omim.org/entry/614922	http://www.orpha.net/ORDO/Orphanet_324535	0.9353655338287353
http://omim.org/entry/614932	http://www.orpha.net/ORDO/Orphanet_319514	0.9501713275909424
http://omim.org/entry/614947	http://www.orpha.net/ORDO/Orphanet_319524	0.9197947740554809
http://omim.org/entry/614961	http://www.orpha.net/ORDO/Orphanet_324569	1.0
http://omim.org/entry/614962	http://www.orpha.net/ORDO/Orphanet_66628	0.8829615116119385
http://omim.org/entry/614969	http://www.orpha.net/ORDO/Orphanet_284339	1.0
http://omim.org/entry/614973	http://www.orpha.net/ORDO/Orphanet_398173	1.0
http://omim.org/entry/615028	http://www.orpha.net/ORDO/Orphanet_595351	0.8724038600921631
http://omim.org/entry/615030	http://www.orpha.net/ORDO/Orphanet_320411	0.801297128200531
http://omim.org/entry/615031	http://www.orpha.net/ORDO/Orphanet_64752	0.811837911605835
http://omim.org/entry/615033	http://www.orpha.net/ORDO/Orphanet_320380	0.8278974294662476
http://omim.org/entry/615034	http://www.orpha.net/ORDO/Orphanet_420485	1.0
http://omim.org/entry/615035	http://www.orpha.net/ORDO/Orphanet_320375	0.8663924336433411
http://omim.org/entry/615040	http://www.orpha.net/ORDO/Orphanet_99995	0.7514967679977417
http://omim.org/entry/615042	http://www.orpha.net/ORDO/Orphanet_371235	0.8921418190002441
http://omim.org/entry/615043	http://www.orpha.net/ORDO/Orphanet_100994	0.8062081933021545
http://omim.org/entry/615048	http://www.orpha.net/ORDO/Orphanet_276435	1.0
http://omim.org/entry/615065	http://www.orpha.net/ORDO/Orphanet_329457	1.0
http://omim.org/entry/615139	http://www.orpha.net/ORDO/Orphanet_352712	0.8660958409309387
http://omim.org/entry/615156	http://www.orpha.net/ORDO/Orphanet_238329	0.7538097858428955
http://omim.org/entry/615182	http://www.orpha.net/ORDO/Orphanet_93599	0.7514383792877197
http://omim.org/entry/615198	http://www.orpha.net/ORDO/Orphanet_500548	1.0
http://omim.org/entry/615206	http://www.orpha.net/ORDO/Orphanet_331193	0.7658144235610962
http://omim.org/entry/615238	http://www.orpha.net/ORDO/Orphanet_98306	0.7987813353538513
http://omim.org/entry/615273	http://www.orpha.net/ORDO/Orphanet_371235	0.8639258742332458
http://omim.org/entry/615290	http://www.orpha.net/ORDO/Orphanet_363454	0.8423875570297241
http://omim.org/entry/615312	http://www.orpha.net/ORDO/Orphanet_370091	1.0
http://omim.org/entry/615328	http://www.orpha.net/ORDO/Orphanet_363523	1.0
http://omim.org/entry/615368	http://www.orpha.net/ORDO/Orphanet_363409	0.7630713939666748
http://omim.org/entry/615376	http://www.orpha.net/ORDO/Orphanet_268337	0.9025987386703491
http://omim.org/entry/615381	http://www.orpha.net/ORDO/Orphanet_90154	0.7773157954216003
http://omim.org/entry/615386	http://www.orpha.net/ORDO/Orphanet_98763	0.923305606842041
http://omim.org/entry/615395	http://www.orpha.net/ORDO/Orphanet_352563	0.856403923034668
http://omim.org/entry/615398	http://www.orpha.net/ORDO/Orphanet_141199	0.7710780262947082
http://omim.org/entry/615433	http://www.orpha.net/ORDO/Orphanet_65286	0.7846565246582031
http://omim.org/entry/615440	http://www.orpha.net/ORDO/Orphanet_369913	0.8509936094284057
http://omim.org/entry/615458	http://www.orpha.net/ORDO/Orphanet_289499	0.8274497985839844
http://omim.org/entry/615465	http://www.orpha.net/ORDO/Orphanet_2117	1.0
http://omim.org/entry/615486	http://www.orpha.net/ORDO/Orphanet_440427	1.0
http://omim.org/entry/615490	http://www.orpha.net/ORDO/Orphanet_397968	0.8995858192443847
http://omim.org/entry/615491	http://www.orpha.net/ORDO/Orphanet_431329	0.77920001745224
http://omim.org/entry/615508	http://www.orpha.net/ORDO/Orphanet_2199	0.8212594985961914
http://omim.org/entry/615517	http://www.orpha.net/ORDO/Orphanet_225123	0.7688179016113281
http://omim.org/entry/615548	http://www.orpha.net/ORDO/Orphanet_391397	1.0
http://omim.org/entry/615574	http://www.orpha.net/ORDO/Orphanet_391381	0.8399721384048462
http://omim.org/entry/615578	http://www.orpha.net/ORDO/Orphanet_497623	0.8581018447875977
http://omim.org/entry/615596	http://www.orpha.net/ORDO/Orphanet_370921	0.8794338464736938
http://omim.org/entry/615597	http://www.orpha.net/ORDO/Orphanet_370924	1.0
http://omim.org/entry/615604	http://www.orpha.net/ORDO/Orphanet_440731	1.0
http://omim.org/entry/615625	http://www.orpha.net/ORDO/Orphanet_401849	0.839726448059082
http://omim.org/entry/615656	http://www.orpha.net/ORDO/Orphanet_238446	0.8331328630447388
http://omim.org/entry/615658	http://www.orpha.net/ORDO/Orphanet_431329	0.8509626984596252
http://omim.org/entry/615668	http://www.orpha.net/ORDO/Orphanet_228384	0.7619203925132751
http://omim.org/entry/615681	http://www.orpha.net/ORDO/Orphanet_401785	0.8558818101882935
http://omim.org/entry/615686	http://www.orpha.net/ORDO/Orphanet_401805	0.8732714653015137
http://omim.org/entry/615688	http://www.orpha.net/ORDO/Orphanet_404553	0.8203974366188049
http://omim.org/entry/615705	http://www.orpha.net/ORDO/Orphanet_98769	0.8983489632606506
http://omim.org/entry/615722	http://www.orpha.net/ORDO/Orphanet_401777	1.0
http://omim.org/entry/615735	http://www.orpha.net/ORDO/Orphanet_307837	0.8570699691772461
http://omim.org/entry/615760	http://www.orpha.net/ORDO/Orphanet_102283	0.7601099014282227
http://omim.org/entry/615767	http://www.orpha.net/ORDO/Orphanet_431156	0.7678164839744568
http://omim.org/entry/615768	http://www.orpha.net/ORDO/Orphanet_412057	0.8786271572113037
http://omim.org/entry/615809	http://www.orpha.net/ORDO/Orphanet_369920	1.0
http://omim.org/entry/615873	http://www.orpha.net/ORDO/Orphanet_404448	1.0
http://omim.org/entry/615877	http://www.orpha.net/ORDO/Orphanet_202948	0.8508872985839844
http://omim.org/entry/615878	http://www.orpha.net/ORDO/Orphanet_480483	1.0
http://omim.org/entry/615879	http://www.orpha.net/ORDO/Orphanet_404443	1.0
http://omim.org/entry/615888	http://www.orpha.net/ORDO/Orphanet_248368	0.8075790405273438
http://omim.org/entry/615897	http://www.orpha.net/ORDO/Orphanet_169361	0.7518966197967529
http://omim.org/entry/615917	http://www.orpha.net/ORDO/Orphanet_420728	0.9625321388244629
http://omim.org/entry/615925	http://www.orpha.net/ORDO/Orphanet_631	0.8286264538764954
http://omim.org/entry/615934	http://www.orpha.net/ORDO/Orphanet_425120	0.810302197933197
http://omim.org/entry/615947	http://www.orpha.net/ORDO/Orphanet_181428	0.8516879081726074
http://omim.org/entry/615948	http://www.orpha.net/ORDO/Orphanet_434179	0.8430814504623413
http://omim.org/entry/615952	http://www.orpha.net/ORDO/Orphanet_37042	0.7766669750213623
http://omim.org/entry/615969	http://www.orpha.net/ORDO/Orphanet_168612	0.86018967628479
http://omim.org/entry/616000	http://www.orpha.net/ORDO/Orphanet_86816	0.7568249106407166
http://omim.org/entry/616004	http://www.orpha.net/ORDO/Orphanet_248408	0.7880746722221375
http://omim.org/entry/616007	http://www.orpha.net/ORDO/Orphanet_436174	0.8625743985176086
http://omim.org/entry/616022	http://www.orpha.net/ORDO/Orphanet_439849	0.8292710185050964
http://omim.org/entry/616029	http://www.orpha.net/ORDO/Orphanet_247827	0.8343822956085205
http://omim.org/entry/616052	http://www.orpha.net/ORDO/Orphanet_370953	0.8339980840682983
http://omim.org/entry/616053	http://www.orpha.net/ORDO/Orphanet_423275	0.8809280157089233
http://omim.org/entry/616055	http://www.orpha.net/ORDO/Orphanet_401953	1.0
http://omim.org/entry/616079	http://www.orpha.net/ORDO/Orphanet_71862	0.8275765180587769
http://omim.org/entry/616094	http://www.orpha.net/ORDO/Orphanet_370953	0.8255934715270996
http://omim.org/entry/616099	http://www.orpha.net/ORDO/Orphanet_79357	0.8206351399421692
http://omim.org/entry/616113	http://www.orpha.net/ORDO/Orphanet_453533	1.0
http://omim.org/entry/616115	http://www.orpha.net/ORDO/Orphanet_576349	1.0
http://omim.org/entry/616145	http://www.orpha.net/ORDO/Orphanet_1388	1.0
http://omim.org/entry/616155	http://www.orpha.net/ORDO/Orphanet_64746	0.80574711561203
http://omim.org/entry/616158	http://www.orpha.net/ORDO/Orphanet_438213	0.753716230392456
http://omim.org/entry/616176	http://www.orpha.net/ORDO/Orphanet_248368	0.7959402799606323
http://omim.org/entry/616199	http://www.orpha.net/ORDO/Orphanet_602	0.7820149421691894
http://omim.org/entry/616201	http://www.orpha.net/ORDO/Orphanet_435988	0.7559805512428284
http://omim.org/entry/616204	http://www.orpha.net/ORDO/Orphanet_98771	0.9074349761009216
http://omim.org/entry/616222	http://www.orpha.net/ORDO/Orphanet_254516	1.0
http://omim.org/entry/616230	http://www.orpha.net/ORDO/Orphanet_424027	0.9161460757255554
http://omim.org/entry/616231	http://www.orpha.net/ORDO/Orphanet_88635	0.7728347778320312
http://omim.org/entry/616239	http://www.orpha.net/ORDO/Orphanet_444458	0.9787599802017212
http://omim.org/entry/616263	http://www.orpha.net/ORDO/Orphanet_37042	0.7535083651542663
http://omim.org/entry/616267	http://www.orpha.net/ORDO/Orphanet_459033	0.8604317665100097
http://omim.org/entry/616271	http://www.orpha.net/ORDO/Orphanet_445038	1.0
http://omim.org/entry/616282	http://www.orpha.net/ORDO/Orphanet_100994	0.8066846132278442
http://omim.org/entry/616299	http://www.orpha.net/ORDO/Orphanet_447795	0.8422927856445312
http://omim.org/entry/616364	http://www.orpha.net/ORDO/Orphanet_468678	1.0
http://omim.org/entry/616367	http://www.orpha.net/ORDO/Orphanet_443995	1.0
http://omim.org/entry/616368	http://www.orpha.net/ORDO/Orphanet_444077	1.0
http://omim.org/entry/616415	http://www.orpha.net/ORDO/Orphanet_480536	0.7677877187728882
http://omim.org/entry/616430	http://www.orpha.net/ORDO/Orphanet_447954	0.9079637289047241
http://omim.org/entry/616449	http://www.orpha.net/ORDO/Orphanet_464738	1.0
http://omim.org/entry/616451	http://www.orpha.net/ORDO/Orphanet_468661	0.788969099521637
http://omim.org/entry/616482	http://www.orpha.net/ORDO/Orphanet_85165	0.7613444924354553
http://omim.org/entry/616488	http://www.orpha.net/ORDO/Orphanet_478664	1.0
http://omim.org/entry/616491	http://www.orpha.net/ORDO/Orphanet_447964	0.8265769243240356
http://omim.org/entry/616539	http://www.orpha.net/ORDO/Orphanet_477684	0.9049447536468506
http://omim.org/entry/616540	http://www.orpha.net/ORDO/Orphanet_457265	0.8304379343986511
http://omim.org/entry/616580	http://www.orpha.net/ORDO/Orphanet_453499	1.0
http://omim.org/entry/616583	http://www.orpha.net/ORDO/Orphanet_459051	1.0
http://omim.org/entry/616592	http://www.orpha.net/ORDO/Orphanet_477831	1.0
http://omim.org/entry/616651	http://www.orpha.net/ORDO/Orphanet_353298	1.0
http://omim.org/entry/616668	http://www.orpha.net/ORDO/Orphanet_466775	0.8031009197235107
http://omim.org/entry/616672	http://www.orpha.net/ORDO/Orphanet_477774	0.933675742149353
http://omim.org/entry/616680	http://www.orpha.net/ORDO/Orphanet_459056	0.8334308862686157
http://omim.org/entry/616684	http://www.orpha.net/ORDO/Orphanet_64749	0.8360196352005005
http://omim.org/entry/616687	http://www.orpha.net/ORDO/Orphanet_435387	0.7940474510192871
http://omim.org/entry/616716	http://www.orpha.net/ORDO/Orphanet_468717	1.0
http://omim.org/entry/616719	http://www.orpha.net/ORDO/Orphanet_98773	0.9271430730819702
http://omim.org/entry/616721	http://www.orpha.net/ORDO/Orphanet_468699	1.0
http://omim.org/entry/616722	http://www.orpha.net/ORDO/Orphanet_98942	0.7854840159416199
http://omim.org/entry/616723	http://www.orpha.net/ORDO/Orphanet_253	0.8187178373336792
http://omim.org/entry/616737	http://www.orpha.net/ORDO/Orphanet_487796	1.0
http://omim.org/entry/616756	http://www.orpha.net/ORDO/Orphanet_320346	0.8188907504081726
http://omim.org/entry/616812	http://www.orpha.net/ORDO/Orphanet_565837	0.8292440176010132
http://omim.org/entry/616827	http://www.orpha.net/ORDO/Orphanet_97242	0.7872496843338013
http://omim.org/entry/616828	http://www.orpha.net/ORDO/Orphanet_468684	1.0
http://omim.org/entry/616829	http://www.orpha.net/ORDO/Orphanet_466703	1.0
http://omim.org/entry/616859	http://www.orpha.net/ORDO/Orphanet_401866	1.0
http://omim.org/entry/616871	http://www.orpha.net/ORDO/Orphanet_98274	0.785409688949585
http://omim.org/entry/616873	http://www.orpha.net/ORDO/Orphanet_431156	0.7535589933395386
http://omim.org/entry/616890	http://www.orpha.net/ORDO/Orphanet_488232	0.8527523875236511
http://omim.org/entry/616897	http://www.orpha.net/ORDO/Orphanet_457378	1.0
http://omim.org/entry/616898	http://www.orpha.net/ORDO/Orphanet_261190	0.9042366147041321
http://omim.org/entry/616937	http://www.orpha.net/ORDO/Orphanet_477794	0.7857500314712524
http://omim.org/entry/616949	http://www.orpha.net/ORDO/Orphanet_101108	0.9257429599761963
http://omim.org/entry/616974	http://www.orpha.net/ORDO/Orphanet_478042	0.9715198636054992
http://omim.org/entry/617014	http://www.orpha.net/ORDO/Orphanet_439849	0.853991687297821
http://omim.org/entry/617017	http://www.orpha.net/ORDO/Orphanet_495274	0.8421122789382934
http://omim.org/entry/617046	http://www.orpha.net/ORDO/Orphanet_466722	0.811367928981781
http://omim.org/entry/617054	http://www.orpha.net/ORDO/Orphanet_228169	0.7582679986953735
http://omim.org/entry/617066	http://www.orpha.net/ORDO/Orphanet_486815	1.0
http://omim.org/entry/617086	http://www.orpha.net/ORDO/Orphanet_401874	0.8041234970092773
http://omim.org/entry/617107	http://www.orpha.net/ORDO/Orphanet_500095	1.0
http://omim.org/entry/617140	http://www.orpha.net/ORDO/Orphanet_500150	1.0
http://omim.org/entry/617157	http://www.orpha.net/ORDO/Orphanet_464288	0.8062256574630737
http://omim.org/entry/617213	http://www.orpha.net/ORDO/Orphanet_440713	0.7637259364128113
http://omim.org/entry/617228	http://www.orpha.net/ORDO/Orphanet_497623	0.8514344692230225
http://omim.org/entry/617232	http://www.orpha.net/ORDO/Orphanet_102015	0.8096343874931335
http://omim.org/entry/617248	http://www.orpha.net/ORDO/Orphanet_505208	1.0
http://omim.org/entry/617296	http://www.orpha.net/ORDO/Orphanet_521390	0.7599378824234009
http://omim.org/entry/617347	http://www.orpha.net/ORDO/Orphanet_412	1.0
http://omim.org/entry/617384	http://www.orpha.net/ORDO/Orphanet_293284	0.79681396484375
http://omim.org/entry/617393	http://www.orpha.net/ORDO/Orphanet_500545	0.756439208984375
http://omim.org/entry/617394	http://www.orpha.net/ORDO/Orphanet_447771	0.8850435018539429
http://omim.org/entry/617395	http://www.orpha.net/ORDO/Orphanet_371064	0.8611778616905212
http://omim.org/entry/617452	http://www.orpha.net/ORDO/Orphanet_589547	0.7774212956428528
http://omim.org/entry/617507	http://www.orpha.net/ORDO/Orphanet_99807	1.0
http://omim.org/entry/617560	http://www.orpha.net/ORDO/Orphanet_251282	0.8323158621788025
http://omim.org/entry/617669	http://www.orpha.net/ORDO/Orphanet_599373	0.7688303589820862
http://omim.org/entry/617672	http://www.orpha.net/ORDO/Orphanet_247198	0.7692667245864868
http://omim.org/entry/617675	http://www.orpha.net/ORDO/Orphanet_206966	0.7708017230033875
http://omim.org/entry/617698	http://www.orpha.net/ORDO/Orphanet_505216	1.0
http://omim.org/entry/617710	http://www.orpha.net/ORDO/Orphanet_225700	0.813564658164978
http://omim.org/entry/617770	http://www.orpha.net/ORDO/Orphanet_589522	1.0
http://omim.org/entry/617936	http://www.orpha.net/ORDO/Orphanet_132	1.0
http://omim.org/entry/617971	http://www.orpha.net/ORDO/Orphanet_621	0.7712407112121582
http://omim.org/entry/618036	http://www.orpha.net/ORDO/Orphanet_64746	0.9038211703300476
http://omim.org/entry/618138	http://www.orpha.net/ORDO/Orphanet_565837	0.8723875284194946
http://omim.org/entry/618265	http://www.orpha.net/ORDO/Orphanet_109007	0.7775745391845703
http://omim.org/entry/618279	http://www.orpha.net/ORDO/Orphanet_268337	0.7843455076217651
http://omim.org/entry/618325	http://www.orpha.net/ORDO/Orphanet_102010	0.8152181506156921
http://omim.org/entry/618398	http://www.orpha.net/ORDO/Orphanet_86884	1.0
http://omim.org/entry/618625	http://www.orpha.net/ORDO/Orphanet_221008	1.0
http://omim.org/entry/618835	http://www.orpha.net/ORDO/Orphanet_565624	0.8238705396652222
http://omim.org/entry/619165	http://www.orpha.net/ORDO/Orphanet_597733	1.0
http://omim.org/entry/619182	http://www.orpha.net/ORDO/Orphanet_314022	1.0
http://www.omim.org/phenotypicSeries/PS102200	http://www.orpha.net/ORDO/Orphanet_99408	1.0
http://www.omim.org/phenotypicSeries/PS103900	http://www.orpha.net/ORDO/Orphanet_371861	0.9407371878623962
http://www.omim.org/phenotypicSeries/PS104500	http://www.orpha.net/ORDO/Orphanet_88661	1.0
http://www.omim.org/phenotypicSeries/PS105250	http://www.orpha.net/ORDO/Orphanet_137807	1.0
http://www.omim.org/phenotypicSeries/PS105550	http://www.orpha.net/ORDO/Orphanet_98535	0.83293616771698
http://www.omim.org/phenotypicSeries/PS106210	http://www.orpha.net/ORDO/Orphanet_98557	0.8431333899497986
http://www.omim.org/phenotypicSeries/PS108120	http://www.orpha.net/ORDO/Orphanet_97120	1.0
http://www.omim.org/phenotypicSeries/PS108600	http://www.orpha.net/ORDO/Orphanet_316226	1.0
http://www.omim.org/phenotypicSeries/PS108800	http://www.orpha.net/ORDO/Orphanet_1478	1.0
http://www.omim.org/phenotypicSeries/PS109730	http://www.orpha.net/ORDO/Orphanet_101043	0.8648688197135925
http://www.omim.org/phenotypicSeries/PS112240	http://www.orpha.net/ORDO/Orphanet_2050	1.0
http://www.omim.org/phenotypicSeries/PS113700	http://www.orpha.net/ORDO/Orphanet_180188	0.8145588636398315
http://www.omim.org/phenotypicSeries/PS113900	http://www.orpha.net/ORDO/Orphanet_871	1.0
http://www.omim.org/phenotypicSeries/PS115150	http://www.orpha.net/ORDO/Orphanet_1340	1.0
http://www.omim.org/phenotypicSeries/PS115200	http://www.orpha.net/ORDO/Orphanet_217604	1.0
http://www.omim.org/phenotypicSeries/PS115210	http://www.orpha.net/ORDO/Orphanet_217635	1.0
http://www.omim.org/phenotypicSeries/PS118220	http://www.orpha.net/ORDO/Orphanet_166	0.9094234704971313
http://www.omim.org/phenotypicSeries/PS118450	http://www.orpha.net/ORDO/Orphanet_52	1.0
http://www.omim.org/phenotypicSeries/PS119580	http://www.orpha.net/ORDO/Orphanet_1997	1.0
http://www.omim.org/phenotypicSeries/PS120100	http://www.orpha.net/ORDO/Orphanet_47045	1.0
http://www.omim.org/phenotypicSeries/PS120435	http://www.orpha.net/ORDO/Orphanet_443909	1.0
http://www.omim.org/phenotypicSeries/PS121200	http://www.orpha.net/ORDO/Orphanet_1949	1.0
http://www.omim.org/phenotypicSeries/PS122000	http://www.orpha.net/ORDO/Orphanet_98973	1.0
http://www.omim.org/phenotypicSeries/PS123000	http://www.orpha.net/ORDO/Orphanet_1522	1.0
http://www.omim.org/phenotypicSeries/PS123100	http://www.orpha.net/ORDO/Orphanet_1531	1.0
http://www.omim.org/phenotypicSeries/PS124900	http://www.orpha.net/ORDO/Orphanet_96210	0.8396587371826172
http://www.omim.org/phenotypicSeries/PS127000	http://www.orpha.net/ORDO/Orphanet_2333	1.0
http://www.omim.org/phenotypicSeries/PS127500	http://www.orpha.net/ORDO/Orphanet_241	1.0
http://www.omim.org/phenotypicSeries/PS127550	http://www.orpha.net/ORDO/Orphanet_1775	1.0
http://www.omim.org/phenotypicSeries/PS128200	http://www.orpha.net/ORDO/Orphanet_200037	0.7790188789367676
http://www.omim.org/phenotypicSeries/PS131100	http://www.orpha.net/ORDO/Orphanet_276161	1.0
http://www.omim.org/phenotypicSeries/PS131760	http://www.orpha.net/ORDO/Orphanet_304	1.0
http://www.omim.org/phenotypicSeries/PS132400	http://www.orpha.net/ORDO/Orphanet_251	1.0
http://www.omim.org/phenotypicSeries/PS133200	http://www.orpha.net/ORDO/Orphanet_79355	0.8613828420639038
http://www.omim.org/phenotypicSeries/PS135900	http://www.orpha.net/ORDO/Orphanet_1465	1.0
http://www.omim.org/phenotypicSeries/PS136500	http://www.orpha.net/ORDO/Orphanet_398166	1.0
http://www.omim.org/phenotypicSeries/PS136760	http://www.orpha.net/ORDO/Orphanet_250	1.0
http://www.omim.org/phenotypicSeries/PS137950	http://www.orpha.net/ORDO/Orphanet_84090	1.0
http://www.omim.org/phenotypicSeries/PS143880	http://www.orpha.net/ORDO/Orphanet_93372	0.755706787109375
http://www.omim.org/phenotypicSeries/PS145260	http://www.orpha.net/ORDO/Orphanet_404	0.9373588323593139
http://www.omim.org/phenotypicSeries/PS145600	http://www.orpha.net/ORDO/Orphanet_466658	0.921349287033081
http://www.omim.org/phenotypicSeries/PS145980	http://www.orpha.net/ORDO/Orphanet_101049	0.8002921938896179
http://www.omim.org/phenotypicSeries/PS146200	http://www.orpha.net/ORDO/Orphanet_181405	0.9120799899101257
http://www.omim.org/phenotypicSeries/PS147920	http://www.orpha.net/ORDO/Orphanet_2322	1.0
http://www.omim.org/phenotypicSeries/PS147950	http://www.orpha.net/ORDO/Orphanet_174590	0.9436521530151367
http://www.omim.org/phenotypicSeries/PS148210	http://www.orpha.net/ORDO/Orphanet_477	0.8038806915283203
http://www.omim.org/phenotypicSeries/PS149400	http://www.orpha.net/ORDO/Orphanet_306773	1.0
http://www.omim.org/phenotypicSeries/PS153600	http://www.orpha.net/ORDO/Orphanet_33226	0.8667609691619873
http://www.omim.org/phenotypicSeries/PS158600	http://www.orpha.net/ORDO/Orphanet_70	0.843613862991333
http://www.omim.org/phenotypicSeries/PS160120	http://www.orpha.net/ORDO/Orphanet_102002	0.8203036785125732
http://www.omim.org/phenotypicSeries/PS160150	http://www.orpha.net/ORDO/Orphanet_595	1.0
http://www.omim.org/phenotypicSeries/PS160900	http://www.orpha.net/ORDO/Orphanet_206647	1.0
http://www.omim.org/phenotypicSeries/PS162091	http://www.orpha.net/ORDO/Orphanet_93921	1.0
http://www.omim.org/phenotypicSeries/PS162400	http://www.orpha.net/ORDO/Orphanet_140471	1.0
http://www.omim.org/phenotypicSeries/PS164310	http://www.orpha.net/ORDO/Orphanet_98897	1.0
http://www.omim.org/phenotypicSeries/PS164400	http://www.orpha.net/ORDO/Orphanet_247239	0.8641904592514038
http://www.omim.org/phenotypicSeries/PS166200	http://www.orpha.net/ORDO/Orphanet_666	1.0
http://www.omim.org/phenotypicSeries/PS166780	http://www.orpha.net/ORDO/Orphanet_2792	1.0
http://www.omim.org/phenotypicSeries/PS167200	http://www.orpha.net/ORDO/Orphanet_2309	1.0
http://www.omim.org/phenotypicSeries/PS167320	http://www.orpha.net/ORDO/Orphanet_52430	0.7655028104782104
http://www.omim.org/phenotypicSeries/PS174050	http://www.orpha.net/ORDO/Orphanet_2924	0.7799892425537109
http://www.omim.org/phenotypicSeries/PS175100	http://www.orpha.net/ORDO/Orphanet_733	1.0
http://www.omim.org/phenotypicSeries/PS175780	http://www.orpha.net/ORDO/Orphanet_477754	0.8811728954315186
http://www.omim.org/phenotypicSeries/PS175800	http://www.orpha.net/ORDO/Orphanet_79358	1.0
http://www.omim.org/phenotypicSeries/PS176400	http://www.orpha.net/ORDO/Orphanet_759	1.0
http://www.omim.org/phenotypicSeries/PS178600	http://www.orpha.net/ORDO/Orphanet_275853	0.890799880027771
http://www.omim.org/phenotypicSeries/PS179800	http://www.orpha.net/ORDO/Orphanet_18	1.0
http://www.omim.org/phenotypicSeries/PS180500	http://www.orpha.net/ORDO/Orphanet_782	1.0
http://www.omim.org/phenotypicSeries/PS183600	http://www.orpha.net/ORDO/Orphanet_2440	1.0
http://www.omim.org/phenotypicSeries/PS184840	http://www.orpha.net/ORDO/Orphanet_1427	1.0
http://www.omim.org/phenotypicSeries/PS186500	http://www.orpha.net/ORDO/Orphanet_3237	1.0
http://www.omim.org/phenotypicSeries/PS187950	http://www.orpha.net/ORDO/Orphanet_71493	0.7974948287010193
http://www.omim.org/phenotypicSeries/PS188550	http://www.orpha.net/ORDO/Orphanet_100087	0.8640146255493164
http://www.omim.org/phenotypicSeries/PS188580	http://www.orpha.net/ORDO/Orphanet_79102	1.0
http://www.omim.org/phenotypicSeries/PS190350	http://www.orpha.net/ORDO/Orphanet_324764	1.0
http://www.omim.org/phenotypicSeries/PS190440	http://www.orpha.net/ORDO/Orphanet_3366	1.0
http://www.omim.org/phenotypicSeries/PS191830	http://www.orpha.net/ORDO/Orphanet_93101	0.7635694742202759
http://www.omim.org/phenotypicSeries/PS192500	http://www.orpha.net/ORDO/Orphanet_768	0.8135451674461365
http://www.omim.org/phenotypicSeries/PS193100	http://www.orpha.net/ORDO/Orphanet_437	1.0
http://www.omim.org/phenotypicSeries/PS193500	http://www.orpha.net/ORDO/Orphanet_3440	1.0
http://www.omim.org/phenotypicSeries/PS193900	http://www.orpha.net/ORDO/Orphanet_171723	1.0
http://www.omim.org/phenotypicSeries/PS200600	http://www.orpha.net/ORDO/Orphanet_932	1.0
http://www.omim.org/phenotypicSeries/PS202200	http://www.orpha.net/ORDO/Orphanet_361	0.8134965300559998
http://www.omim.org/phenotypicSeries/PS202700	http://www.orpha.net/ORDO/Orphanet_42738	1.0
http://www.omim.org/phenotypicSeries/PS203100	http://www.orpha.net/ORDO/Orphanet_55	1.0
http://www.omim.org/phenotypicSeries/PS203300	http://www.orpha.net/ORDO/Orphanet_79430	1.0
http://www.omim.org/phenotypicSeries/PS203650	http://www.orpha.net/ORDO/Orphanet_2850	1.0
http://www.omim.org/phenotypicSeries/PS204000	http://www.orpha.net/ORDO/Orphanet_65	1.0
http://www.omim.org/phenotypicSeries/PS208085	http://www.orpha.net/ORDO/Orphanet_2697	0.8638678789138794
http://www.omim.org/phenotypicSeries/PS208500	http://www.orpha.net/ORDO/Orphanet_1505	0.7668190598487854
http://www.omim.org/phenotypicSeries/PS208540	http://www.orpha.net/ORDO/Orphanet_294415	1.0
http://www.omim.org/phenotypicSeries/PS210200	http://www.orpha.net/ORDO/Orphanet_289902	0.812452495098114
http://www.omim.org/phenotypicSeries/PS210250	http://www.orpha.net/ORDO/Orphanet_2882	1.0
http://www.omim.org/phenotypicSeries/PS210600	http://www.orpha.net/ORDO/Orphanet_808	1.0
http://www.omim.org/phenotypicSeries/PS211530	http://www.orpha.net/ORDO/Orphanet_97229	1.0
http://www.omim.org/phenotypicSeries/PS211600	http://www.orpha.net/ORDO/Orphanet_172	1.0
http://www.omim.org/phenotypicSeries/PS214100	http://www.orpha.net/ORDO/Orphanet_79189	1.0
http://www.omim.org/phenotypicSeries/PS214450	http://www.orpha.net/ORDO/Orphanet_381	1.0
http://www.omim.org/phenotypicSeries/PS215500	http://www.orpha.net/ORDO/Orphanet_75377	1.0
http://www.omim.org/phenotypicSeries/PS218330	http://www.orpha.net/ORDO/Orphanet_1515	1.0
http://www.omim.org/phenotypicSeries/PS219000	http://www.orpha.net/ORDO/Orphanet_2052	1.0
http://www.omim.org/phenotypicSeries/PS220290	http://www.orpha.net/ORDO/Orphanet_96210	0.9021579027175903
http://www.omim.org/phenotypicSeries/PS220400	http://www.orpha.net/ORDO/Orphanet_90647	1.0
http://www.omim.org/phenotypicSeries/PS221900	http://www.orpha.net/ORDO/Orphanet_91495	1.0
http://www.omim.org/phenotypicSeries/PS224050	http://www.orpha.net/ORDO/Orphanet_98539	0.8357895016670227
http://www.omim.org/phenotypicSeries/PS224120	http://www.orpha.net/ORDO/Orphanet_85	1.0
http://www.omim.org/phenotypicSeries/PS229200	http://www.orpha.net/ORDO/Orphanet_90354	1.0
http://www.omim.org/phenotypicSeries/PS230400	http://www.orpha.net/ORDO/Orphanet_352	1.0
http://www.omim.org/phenotypicSeries/PS231050	http://www.orpha.net/ORDO/Orphanet_2623	1.0
http://www.omim.org/phenotypicSeries/PS231090	http://www.orpha.net/ORDO/Orphanet_99927	0.8133949041366577
http://www.omim.org/phenotypicSeries/PS233400	http://www.orpha.net/ORDO/Orphanet_2855	1.0
http://www.omim.org/phenotypicSeries/PS234200	http://www.orpha.net/ORDO/Orphanet_385	1.0
http://www.omim.org/phenotypicSeries/PS235400	http://www.orpha.net/ORDO/Orphanet_544458	1.0
http://www.omim.org/phenotypicSeries/PS235510	http://www.orpha.net/ORDO/Orphanet_2136	0.8961900472640991
http://www.omim.org/phenotypicSeries/PS236600	http://www.orpha.net/ORDO/Orphanet_2185	1.0
http://www.omim.org/phenotypicSeries/PS236680	http://www.orpha.net/ORDO/Orphanet_2189	0.8160778880119324
http://www.omim.org/phenotypicSeries/PS236730	http://www.orpha.net/ORDO/Orphanet_2704	1.0
http://www.omim.org/phenotypicSeries/PS241550	http://www.orpha.net/ORDO/Orphanet_2248	1.0
http://www.omim.org/phenotypicSeries/PS242300	http://www.orpha.net/ORDO/Orphanet_281097	1.0
http://www.omim.org/phenotypicSeries/PS242860	http://www.orpha.net/ORDO/Orphanet_2268	0.8952480554580688
http://www.omim.org/phenotypicSeries/PS243300	http://www.orpha.net/ORDO/Orphanet_65682	1.0
http://www.omim.org/phenotypicSeries/PS244400	http://www.orpha.net/ORDO/Orphanet_244	1.0
http://www.omim.org/phenotypicSeries/PS245480	http://www.orpha.net/ORDO/Orphanet_98455	0.8080285787582397
http://www.omim.org/phenotypicSeries/PS248370	http://www.orpha.net/ORDO/Orphanet_90153	0.9482664465904236
http://www.omim.org/phenotypicSeries/PS248600	http://www.orpha.net/ORDO/Orphanet_511	1.0
http://www.omim.org/phenotypicSeries/PS249000	http://www.orpha.net/ORDO/Orphanet_564	1.0
http://www.omim.org/phenotypicSeries/PS250950	http://www.orpha.net/ORDO/Orphanet_289902	1.0
http://www.omim.org/phenotypicSeries/PS251200	http://www.orpha.net/ORDO/Orphanet_269528	0.8620864748954773
http://www.omim.org/phenotypicSeries/PS251450	http://www.orpha.net/ORDO/Orphanet_1425	1.0
http://www.omim.org/phenotypicSeries/PS253310	http://www.orpha.net/ORDO/Orphanet_294965	1.0
http://www.omim.org/phenotypicSeries/PS254090	http://www.orpha.net/ORDO/Orphanet_102014	0.8133975863456726
http://www.omim.org/phenotypicSeries/PS254130	http://www.orpha.net/ORDO/Orphanet_98473	0.785574197769165
http://www.omim.org/phenotypicSeries/PS254800	http://www.orpha.net/ORDO/Orphanet_98261	1.0
http://www.omim.org/phenotypicSeries/PS256040	http://www.orpha.net/ORDO/Orphanet_324927	0.8869029879570007
http://www.omim.org/phenotypicSeries/PS256100	http://www.orpha.net/ORDO/Orphanet_655	1.0
http://www.omim.org/phenotypicSeries/PS256450	http://www.orpha.net/ORDO/Orphanet_443095	0.9148993492126465
http://www.omim.org/phenotypicSeries/PS256520	http://www.orpha.net/ORDO/Orphanet_2671	1.0
http://www.omim.org/phenotypicSeries/PS256730	http://www.orpha.net/ORDO/Orphanet_228346	0.8105676174163818
http://www.omim.org/phenotypicSeries/PS257920	http://www.orpha.net/ORDO/Orphanet_293843	1.0
http://www.omim.org/phenotypicSeries/PS258315	http://www.orpha.net/ORDO/Orphanet_2733	1.0
http://www.omim.org/phenotypicSeries/PS260370	http://www.orpha.net/ORDO/Orphanet_2805	0.8435108661651611
http://www.omim.org/phenotypicSeries/PS262400	http://www.orpha.net/ORDO/Orphanet_631	0.8553891181945801
http://www.omim.org/phenotypicSeries/PS265120	http://www.orpha.net/ORDO/Orphanet_100049	0.7951248288154602
http://www.omim.org/phenotypicSeries/PS265450	http://www.orpha.net/ORDO/Orphanet_31837	1.0
http://www.omim.org/phenotypicSeries/PS266900	http://www.orpha.net/ORDO/Orphanet_3156	1.0
http://www.omim.org/phenotypicSeries/PS267700	http://www.orpha.net/ORDO/Orphanet_540	1.0
http://www.omim.org/phenotypicSeries/PS268000	http://www.orpha.net/ORDO/Orphanet_791	1.0
http://www.omim.org/phenotypicSeries/PS268400	http://www.orpha.net/ORDO/Orphanet_2909	1.0
http://www.omim.org/phenotypicSeries/PS270300	http://www.orpha.net/ORDO/Orphanet_817	1.0
http://www.omim.org/phenotypicSeries/PS271640	http://www.orpha.net/ORDO/Orphanet_93359	1.0
http://www.omim.org/phenotypicSeries/PS272430	http://www.orpha.net/ORDO/Orphanet_157820	1.0
http://www.omim.org/phenotypicSeries/PS276900	http://www.orpha.net/ORDO/Orphanet_886	1.0
http://www.omim.org/phenotypicSeries/PS277180	http://www.orpha.net/ORDO/Orphanet_48	1.0
http://www.omim.org/phenotypicSeries/PS277400	http://www.orpha.net/ORDO/Orphanet_79310	0.8457624912261963
http://www.omim.org/phenotypicSeries/PS277450	http://www.orpha.net/ORDO/Orphanet_169826	0.9028729200363159
http://www.omim.org/phenotypicSeries/PS278300	http://www.orpha.net/ORDO/Orphanet_3467	0.7501672506332397
http://www.omim.org/phenotypicSeries/PS300049	http://www.orpha.net/ORDO/Orphanet_98892	1.0
http://www.omim.org/phenotypicSeries/PS300291	http://www.orpha.net/ORDO/Orphanet_98813	0.8656187653541565
http://www.omim.org/phenotypicSeries/PS300345	http://www.orpha.net/ORDO/Orphanet_98555	0.9222210049629211
http://www.omim.org/phenotypicSeries/PS300352	http://www.orpha.net/ORDO/Orphanet_79172	1.0
http://www.omim.org/phenotypicSeries/PS303350	http://www.orpha.net/ORDO/Orphanet_320332	0.8287242650985718
http://www.omim.org/phenotypicSeries/PS305620	http://www.orpha.net/ORDO/Orphanet_1826	1.0
http://www.omim.org/phenotypicSeries/PS306400	http://www.orpha.net/ORDO/Orphanet_379	1.0
http://www.omim.org/phenotypicSeries/PS306955	http://www.orpha.net/ORDO/Orphanet_450	1.0
http://www.omim.org/phenotypicSeries/PS308240	http://www.orpha.net/ORDO/Orphanet_238510	1.0
http://www.omim.org/phenotypicSeries/PS308350	http://www.orpha.net/ORDO/Orphanet_98258	0.8143210411071777
http://www.omim.org/phenotypicSeries/PS309510	http://www.orpha.net/ORDO/Orphanet_98464	0.9652024507522583
http://www.omim.org/phenotypicSeries/PS309530	http://www.orpha.net/ORDO/Orphanet_777	0.9578313231468201
http://www.omim.org/phenotypicSeries/PS310300	http://www.orpha.net/ORDO/Orphanet_261	1.0
http://www.omim.org/phenotypicSeries/PS311200	http://www.orpha.net/ORDO/Orphanet_140997	1.0
http://www.omim.org/phenotypicSeries/PS311360	http://www.orpha.net/ORDO/Orphanet_95710	0.9597933292388916
http://www.omim.org/phenotypicSeries/PS600118	http://www.orpha.net/ORDO/Orphanet_2510	1.0
http://www.omim.org/phenotypicSeries/PS600131	http://www.orpha.net/ORDO/Orphanet_64280	1.0
http://www.omim.org/phenotypicSeries/PS600630	http://www.orpha.net/ORDO/Orphanet_178338	1.0
http://www.omim.org/phenotypicSeries/PS600721	http://www.orpha.net/ORDO/Orphanet_79315	1.0
http://www.omim.org/phenotypicSeries/PS601144	http://www.orpha.net/ORDO/Orphanet_130	1.0
http://www.omim.org/phenotypicSeries/PS601198	http://www.orpha.net/ORDO/Orphanet_181405	0.7535275220870972
http://www.omim.org/phenotypicSeries/PS601228	http://www.orpha.net/ORDO/Orphanet_157794	1.0
http://www.omim.org/phenotypicSeries/PS601419	http://www.orpha.net/ORDO/Orphanet_593	1.0
http://www.omim.org/phenotypicSeries/PS601462	http://www.orpha.net/ORDO/Orphanet_590	1.0
http://www.omim.org/phenotypicSeries/PS601471	http://www.orpha.net/ORDO/Orphanet_156224	0.8404347896575928
http://www.omim.org/phenotypicSeries/PS601495	http://www.orpha.net/ORDO/Orphanet_183669	1.0
http://www.omim.org/phenotypicSeries/PS601764	http://www.orpha.net/ORDO/Orphanet_306	1.0
http://www.omim.org/phenotypicSeries/PS602014	http://www.orpha.net/ORDO/Orphanet_306519	0.8401070833206177
http://www.omim.org/phenotypicSeries/PS603041	http://www.orpha.net/ORDO/Orphanet_35698	1.0
http://www.omim.org/phenotypicSeries/PS603511	http://www.orpha.net/ORDO/Orphanet_102014	1.0
http://www.omim.org/phenotypicSeries/PS604169	http://www.orpha.net/ORDO/Orphanet_54260	1.0
http://www.omim.org/phenotypicSeries/PS604233	http://www.orpha.net/ORDO/Orphanet_36387	1.0
http://www.omim.org/phenotypicSeries/PS604348	http://www.orpha.net/ORDO/Orphanet_68354	0.7881795167922974
http://www.omim.org/phenotypicSeries/PS604370	http://www.orpha.net/ORDO/Orphanet_145	0.7883607745170593
http://www.omim.org/phenotypicSeries/PS604772	http://www.orpha.net/ORDO/Orphanet_3286	1.0
http://www.omim.org/phenotypicSeries/PS605432	http://www.orpha.net/ORDO/Orphanet_71289	0.7767957448959351
http://www.omim.org/phenotypicSeries/PS605711	http://www.orpha.net/ORDO/Orphanet_289573	1.0
http://www.omim.org/phenotypicSeries/PS606176	http://www.orpha.net/ORDO/Orphanet_99885	0.8413347005844116
http://www.omim.org/phenotypicSeries/PS606215	http://www.orpha.net/ORDO/Orphanet_98722	1.0
http://www.omim.org/phenotypicSeries/PS607326	http://www.orpha.net/ORDO/Orphanet_178355	1.0
http://www.omim.org/phenotypicSeries/PS607432	http://www.orpha.net/ORDO/Orphanet_48471	1.0
http://www.omim.org/phenotypicSeries/PS607594	http://www.orpha.net/ORDO/Orphanet_1572	1.0
http://www.omim.org/phenotypicSeries/PS607631	http://www.orpha.net/ORDO/Orphanet_1941	1.0
http://www.omim.org/phenotypicSeries/PS607721	http://www.orpha.net/ORDO/Orphanet_2701	1.0
http://www.omim.org/phenotypicSeries/PS608354	http://www.orpha.net/ORDO/Orphanet_137667	1.0
http://www.omim.org/phenotypicSeries/PS608567	http://www.orpha.net/ORDO/Orphanet_166282	0.7534928321838379
http://www.omim.org/phenotypicSeries/PS608583	http://www.orpha.net/ORDO/Orphanet_334	1.0
http://www.omim.org/phenotypicSeries/PS608805	http://www.orpha.net/ORDO/Orphanet_86820	0.8090988993644714
http://www.omim.org/phenotypicSeries/PS609161	http://www.orpha.net/ORDO/Orphanet_228169	0.8124062418937683
http://www.omim.org/phenotypicSeries/PS609192	http://www.orpha.net/ORDO/Orphanet_60030	1.0
http://www.omim.org/phenotypicSeries/PS609322	http://www.orpha.net/ORDO/Orphanet_231108	1.0
http://www.omim.org/phenotypicSeries/PS609620	http://www.orpha.net/ORDO/Orphanet_51083	0.8065352439880371
http://www.omim.org/phenotypicSeries/PS610253	http://www.orpha.net/ORDO/Orphanet_261494	1.0
http://www.omim.org/phenotypicSeries/PS610448	http://www.orpha.net/ORDO/Orphanet_90280	1.0
http://www.omim.org/phenotypicSeries/PS610805	http://www.orpha.net/ORDO/Orphanet_93545	1.0
http://www.omim.org/phenotypicSeries/PS613038	http://www.orpha.net/ORDO/Orphanet_95495	0.9456593990325928
http://www.omim.org/phenotypicSeries/PS613339	http://www.orpha.net/ORDO/Orphanet_166412	0.7501024007797241
http://www.omim.org/phenotypicSeries/PS613573	http://www.orpha.net/ORDO/Orphanet_247820	1.0
http://www.omim.org/phenotypicSeries/PS614328	http://www.orpha.net/ORDO/Orphanet_294023	1.0
http://www.omim.org/phenotypicSeries/PS614388	http://www.orpha.net/ORDO/Orphanet_330050	0.9026868939399719
http://www.omim.org/phenotypicSeries/PS614937	http://www.orpha.net/ORDO/Orphanet_306750	0.9359883666038513
http://www.omim.org/phenotypicSeries/PS615040	http://www.orpha.net/ORDO/Orphanet_391384	1.0
http://www.omim.org/phenotypicSeries/PS615438	http://www.orpha.net/ORDO/Orphanet_370088	0.8048847913742065
http://www.omim.org/phenotypicSeries/PS617468	http://www.orpha.net/ORDO/Orphanet_1037	1.0
http://www.omim.org/phenotypicSeries/PS618332	http://www.orpha.net/ORDO/Orphanet_592574	1.0
http://www.omim.org/phenotypicSeries/PS619115	http://www.orpha.net/ORDO/Orphanet_230857	0.8640893697738647
