SrcEntity	TgtEntity	Score
http://snomed.info/id/10069009	http://ncicb.nci.nih.gov/xml/owl/EVS/Thesaurus.owl#C4304	0.9797703
http://snomed.info/id/10288008	http://ncicb.nci.nih.gov/xml/owl/EVS/Thesaurus.owl#C27084	1.0
http://snomed.info/id/10291008	http://ncicb.nci.nih.gov/xml/owl/EVS/Thesaurus.owl#C4234	0.90558648
http://snomed.info/id/103678008	http://ncicb.nci.nih.gov/xml/owl/EVS/Thesaurus.owl#C4069	0.94626701
http://snomed.info/id/103682005	http://ncicb.nci.nih.gov/xml/owl/EVS/Thesaurus.owl#C6918	0.96910381
http://snomed.info/id/103686008	http://ncicb.nci.nih.gov/xml/owl/EVS/Thesaurus.owl#C150495	1.0
http://snomed.info/id/103688009	http://ncicb.nci.nih.gov/xml/owl/EVS/Thesaurus.owl#C9287	0.8991279
http://snomed.info/id/103689001	http://ncicb.nci.nih.gov/xml/owl/EVS/Thesaurus.owl#C8460	0.99476516
http://snomed.info/id/103690005	http://ncicb.nci.nih.gov/xml/owl/EVS/Thesaurus.owl#C3249	1.0
http://snomed.info/id/103691009	http://ncicb.nci.nih.gov/xml/owl/EVS/Thesaurus.owl#C3250	1.0
http://snomed.info/id/10376009	http://ncicb.nci.nih.gov/xml/owl/EVS/Thesaurus.owl#C65163	1.0
http://snomed.info/id/104081000119103	http://ncicb.nci.nih.gov/xml/owl/EVS/Thesaurus.owl#C3793	0.97222877
http://snomed.info/id/10639003	http://ncicb.nci.nih.gov/xml/owl/EVS/Thesaurus.owl#C7812	1.0
http://snomed.info/id/10705005	http://ncicb.nci.nih.gov/xml/owl/EVS/Thesaurus.owl#C8978	1.0
http://snomed.info/id/107561000119107	http://ncicb.nci.nih.gov/xml/owl/EVS/Thesaurus.owl#C5098	0.98082483
http://snomed.info/id/107692003	http://ncicb.nci.nih.gov/xml/owl/EVS/Thesaurus.owl#C3712	0.87953424
http://snomed.info/id/107694002	http://ncicb.nci.nih.gov/xml/owl/EVS/Thesaurus.owl#C48314	1.0
http://snomed.info/id/1082601000112109	http://ncicb.nci.nih.gov/xml/owl/EVS/Thesaurus.owl#C150597	0.93748361
http://snomed.info/id/108369006	http://ncicb.nci.nih.gov/xml/owl/EVS/Thesaurus.owl#C3262	1.0
http://snomed.info/id/109355002	http://ncicb.nci.nih.gov/xml/owl/EVS/Thesaurus.owl#C2917	1.0
http://snomed.info/id/109359008	http://ncicb.nci.nih.gov/xml/owl/EVS/Thesaurus.owl#C35427	0.93052781
http://snomed.info/id/109378008	http://ncicb.nci.nih.gov/xml/owl/EVS/Thesaurus.owl#C3234	0.95644993
http://snomed.info/id/109383000	http://ncicb.nci.nih.gov/xml/owl/EVS/Thesaurus.owl#C7631	0.93763191
http://snomed.info/id/109385007	http://ncicb.nci.nih.gov/xml/owl/EVS/Thesaurus.owl#C9087	1.0
http://snomed.info/id/109386008	http://ncicb.nci.nih.gov/xml/owl/EVS/Thesaurus.owl#C3550	0.96960104
http://snomed.info/id/109390005	http://ncicb.nci.nih.gov/xml/owl/EVS/Thesaurus.owl#C3551	0.9718827
http://snomed.info/id/109841003	http://ncicb.nci.nih.gov/xml/owl/EVS/Thesaurus.owl#C96792	0.91850716
http://snomed.info/id/109852009	http://ncicb.nci.nih.gov/xml/owl/EVS/Thesaurus.owl#C8612	0.85660678
http://snomed.info/id/109889007	http://ncicb.nci.nih.gov/xml/owl/EVS/Thesaurus.owl#C2924	0.92428637
http://snomed.info/id/109913001	http://ncicb.nci.nih.gov/xml/owl/EVS/Thesaurus.owl#C4957	0.99748182
http://snomed.info/id/109915008	http://ncicb.nci.nih.gov/xml/owl/EVS/Thesaurus.owl#C4628	0.96793246
http://snomed.info/id/109965004	http://ncicb.nci.nih.gov/xml/owl/EVS/Thesaurus.owl#C27249	0.87118322
http://snomed.info/id/109969005	http://ncicb.nci.nih.gov/xml/owl/EVS/Thesaurus.owl#C148392	0.88648421
http://snomed.info/id/109971005	http://ncicb.nci.nih.gov/xml/owl/EVS/Thesaurus.owl#C3209	0.86278218
http://snomed.info/id/109975001	http://ncicb.nci.nih.gov/xml/owl/EVS/Thesaurus.owl#C7204	0.88033915
http://snomed.info/id/109977009	http://ncicb.nci.nih.gov/xml/owl/EVS/Thesaurus.owl#C4340	0.96936625
http://snomed.info/id/109982002	http://ncicb.nci.nih.gov/xml/owl/EVS/Thesaurus.owl#C3132	1.0
http://snomed.info/id/109983007	http://ncicb.nci.nih.gov/xml/owl/EVS/Thesaurus.owl#C35548	1.0
http://snomed.info/id/109988003	http://ncicb.nci.nih.gov/xml/owl/EVS/Thesaurus.owl#C27349	1.0
http://snomed.info/id/109989006	http://ncicb.nci.nih.gov/xml/owl/EVS/Thesaurus.owl#C3242	0.92350316
http://snomed.info/id/109991003	http://ncicb.nci.nih.gov/xml/owl/EVS/Thesaurus.owl#C2862	0.91572267
http://snomed.info/id/109992005	http://ncicb.nci.nih.gov/xml/owl/EVS/Thesaurus.owl#C3336	1.0
http://snomed.info/id/109993000	http://ncicb.nci.nih.gov/xml/owl/EVS/Thesaurus.owl#C4345	0.88647509
http://snomed.info/id/109995007	http://ncicb.nci.nih.gov/xml/owl/EVS/Thesaurus.owl#C3247	1.0
http://snomed.info/id/109998009	http://ncicb.nci.nih.gov/xml/owl/EVS/Thesaurus.owl#C4036	0.8889237
http://snomed.info/id/110002002	http://ncicb.nci.nih.gov/xml/owl/EVS/Thesaurus.owl#C3169	1.0
http://snomed.info/id/110005000	http://ncicb.nci.nih.gov/xml/owl/EVS/Thesaurus.owl#C7463	0.87530845
http://snomed.info/id/110006004	http://ncicb.nci.nih.gov/xml/owl/EVS/Thesaurus.owl#C3181	1.0
http://snomed.info/id/110007008	http://ncicb.nci.nih.gov/xml/owl/EVS/Thesaurus.owl#C3184	1.0
http://snomed.info/id/11010461000119101	http://ncicb.nci.nih.gov/xml/owl/EVS/Thesaurus.owl#C65154	0.91352153
http://snomed.info/id/110448004	http://ncicb.nci.nih.gov/xml/owl/EVS/Thesaurus.owl#C3826	1.0
http://snomed.info/id/11073003	http://ncicb.nci.nih.gov/xml/owl/EVS/Thesaurus.owl#C4253	1.0
http://snomed.info/id/110985001	http://ncicb.nci.nih.gov/xml/owl/EVS/Thesaurus.owl#C43331	0.90291941
http://snomed.info/id/11099005	http://ncicb.nci.nih.gov/xml/owl/EVS/Thesaurus.owl#C66757	1.0
http://snomed.info/id/111420009	http://ncicb.nci.nih.gov/xml/owl/EVS/Thesaurus.owl#C3663	0.96164942
http://snomed.info/id/112677002	http://ncicb.nci.nih.gov/xml/owl/EVS/Thesaurus.owl#C3512	0.86096716
http://snomed.info/id/112679004	http://ncicb.nci.nih.gov/xml/owl/EVS/Thesaurus.owl#C3345	1.0
http://snomed.info/id/112680001	http://ncicb.nci.nih.gov/xml/owl/EVS/Thesaurus.owl#C27095	1.0
http://snomed.info/id/112681002	http://ncicb.nci.nih.gov/xml/owl/EVS/Thesaurus.owl#C3804	0.96190405
http://snomed.info/id/112687003	http://ncicb.nci.nih.gov/xml/owl/EVS/Thesaurus.owl#C9283	0.93162727
http://snomed.info/id/11314008	http://ncicb.nci.nih.gov/xml/owl/EVS/Thesaurus.owl#C3662	0.94620484
http://snomed.info/id/1144922006	http://ncicb.nci.nih.gov/xml/owl/EVS/Thesaurus.owl#C6885	1.0
http://snomed.info/id/1144924007	http://ncicb.nci.nih.gov/xml/owl/EVS/Thesaurus.owl#C7114	1.0
http://snomed.info/id/1148851002	http://ncicb.nci.nih.gov/xml/owl/EVS/Thesaurus.owl#C7191	1.0
http://snomed.info/id/1148906001	http://ncicb.nci.nih.gov/xml/owl/EVS/Thesaurus.owl#C9288	0.98165089
http://snomed.info/id/1148935009	http://ncicb.nci.nih.gov/xml/owl/EVS/Thesaurus.owl#C6897	0.99396151
http://snomed.info/id/115219005	http://ncicb.nci.nih.gov/xml/owl/EVS/Thesaurus.owl#C4197	1.0
http://snomed.info/id/115220004	http://ncicb.nci.nih.gov/xml/owl/EVS/Thesaurus.owl#C4198	1.0
http://snomed.info/id/115227001	http://ncicb.nci.nih.gov/xml/owl/EVS/Thesaurus.owl#C4248	1.0
http://snomed.info/id/115233005	http://ncicb.nci.nih.gov/xml/owl/EVS/Thesaurus.owl#C3708	0.97674984
http://snomed.info/id/115234004	http://ncicb.nci.nih.gov/xml/owl/EVS/Thesaurus.owl#C3422	0.98912853
http://snomed.info/id/115236002	http://ncicb.nci.nih.gov/xml/owl/EVS/Thesaurus.owl#C3723	0.97142833
http://snomed.info/id/115238001	http://ncicb.nci.nih.gov/xml/owl/EVS/Thesaurus.owl#C3055	1.0
http://snomed.info/id/115239009	http://ncicb.nci.nih.gov/xml/owl/EVS/Thesaurus.owl#C9343	0.97552139
http://snomed.info/id/115244002	http://ncicb.nci.nih.gov/xml/owl/EVS/Thesaurus.owl#C27827	0.88972706
http://snomed.info/id/1153337000	http://ncicb.nci.nih.gov/xml/owl/EVS/Thesaurus.owl#C3019	0.96124005
http://snomed.info/id/1153356005	http://ncicb.nci.nih.gov/xml/owl/EVS/Thesaurus.owl#C5601	0.88286746
http://snomed.info/id/1153377008	http://ncicb.nci.nih.gov/xml/owl/EVS/Thesaurus.owl#C82192	0.99563837
http://snomed.info/id/1155957006	http://ncicb.nci.nih.gov/xml/owl/EVS/Thesaurus.owl#C7192	1.0
http://snomed.info/id/1155991005	http://ncicb.nci.nih.gov/xml/owl/EVS/Thesaurus.owl#C3814	0.96130109
http://snomed.info/id/1156420003	http://ncicb.nci.nih.gov/xml/owl/EVS/Thesaurus.owl#C8300	1.0
http://snomed.info/id/1156451005	http://ncicb.nci.nih.gov/xml/owl/EVS/Thesaurus.owl#C94764	1.0
http://snomed.info/id/1156452003	http://ncicb.nci.nih.gov/xml/owl/EVS/Thesaurus.owl#C4290	1.0
http://snomed.info/id/1156453008	http://ncicb.nci.nih.gov/xml/owl/EVS/Thesaurus.owl#C2947	1.0
http://snomed.info/id/1156472008	http://ncicb.nci.nih.gov/xml/owl/EVS/Thesaurus.owl#C92624	0.8686772
http://snomed.info/id/1156473003	http://ncicb.nci.nih.gov/xml/owl/EVS/Thesaurus.owl#C6966	1.0
http://snomed.info/id/1156474009	http://ncicb.nci.nih.gov/xml/owl/EVS/Thesaurus.owl#C3801	1.0
http://snomed.info/id/1156631003	http://ncicb.nci.nih.gov/xml/owl/EVS/Thesaurus.owl#C9282	0.89368731
http://snomed.info/id/1156647001	http://ncicb.nci.nih.gov/xml/owl/EVS/Thesaurus.owl#C4306	0.96093547
http://snomed.info/id/1156661006	http://ncicb.nci.nih.gov/xml/owl/EVS/Thesaurus.owl#C9003	0.94100153
http://snomed.info/id/1156783003	http://ncicb.nci.nih.gov/xml/owl/EVS/Thesaurus.owl#C5549	0.97484672
http://snomed.info/id/1156786006	http://ncicb.nci.nih.gov/xml/owl/EVS/Thesaurus.owl#C5334	0.96835852
http://snomed.info/id/1156795003	http://ncicb.nci.nih.gov/xml/owl/EVS/Thesaurus.owl#C5516	0.97956145
http://snomed.info/id/1156797006	http://ncicb.nci.nih.gov/xml/owl/EVS/Thesaurus.owl#C5550	0.9772349
http://snomed.info/id/1156805003	http://ncicb.nci.nih.gov/xml/owl/EVS/Thesaurus.owl#C27855	1.0
http://snomed.info/id/1156833003	http://ncicb.nci.nih.gov/xml/owl/EVS/Thesaurus.owl#C7009	0.97537583
http://snomed.info/id/1156873009	http://ncicb.nci.nih.gov/xml/owl/EVS/Thesaurus.owl#C3744	0.90936023
http://snomed.info/id/1156874003	http://ncicb.nci.nih.gov/xml/owl/EVS/Thesaurus.owl#C4880	0.9349438
http://snomed.info/id/1156875002	http://ncicb.nci.nih.gov/xml/owl/EVS/Thesaurus.owl#C4063	0.88782209
http://snomed.info/id/1156902004	http://ncicb.nci.nih.gov/xml/owl/EVS/Thesaurus.owl#C156612	0.91883975
http://snomed.info/id/1156903009	http://ncicb.nci.nih.gov/xml/owl/EVS/Thesaurus.owl#C3017	0.90174311
http://snomed.info/id/1156905002	http://ncicb.nci.nih.gov/xml/owl/EVS/Thesaurus.owl#C45924	0.99553484
http://snomed.info/id/1156908000	http://ncicb.nci.nih.gov/xml/owl/EVS/Thesaurus.owl#C45915	0.96459872
http://snomed.info/id/1156923005	http://ncicb.nci.nih.gov/xml/owl/EVS/Thesaurus.owl#C3222	1.0
http://snomed.info/id/1156930004	http://ncicb.nci.nih.gov/xml/owl/EVS/Thesaurus.owl#C3272	0.94696254
http://snomed.info/id/1156971005	http://ncicb.nci.nih.gov/xml/owl/EVS/Thesaurus.owl#C2948	1.0
http://snomed.info/id/1156975001	http://ncicb.nci.nih.gov/xml/owl/EVS/Thesaurus.owl#C3358	1.0
http://snomed.info/id/1156977009	http://ncicb.nci.nih.gov/xml/owl/EVS/Thesaurus.owl#C4092	0.98974818
http://snomed.info/id/1157043006	http://ncicb.nci.nih.gov/xml/owl/EVS/Thesaurus.owl#C60781	1.0
http://snomed.info/id/1157070004	http://ncicb.nci.nih.gov/xml/owl/EVS/Thesaurus.owl#C40315	1.0
http://snomed.info/id/1157071000	http://ncicb.nci.nih.gov/xml/owl/EVS/Thesaurus.owl#C4717	1.0
http://snomed.info/id/1157154004	http://ncicb.nci.nih.gov/xml/owl/EVS/Thesaurus.owl#C3748	1.0
http://snomed.info/id/1157155003	http://ncicb.nci.nih.gov/xml/owl/EVS/Thesaurus.owl#C4518	0.91219586
http://snomed.info/id/1157156002	http://ncicb.nci.nih.gov/xml/owl/EVS/Thesaurus.owl#C53316	1.0
http://snomed.info/id/1157157006	http://ncicb.nci.nih.gov/xml/owl/EVS/Thesaurus.owl#C36056	0.85918283
http://snomed.info/id/1157158001	http://ncicb.nci.nih.gov/xml/owl/EVS/Thesaurus.owl#C82403	0.98043615
http://snomed.info/id/1157162007	http://ncicb.nci.nih.gov/xml/owl/EVS/Thesaurus.owl#C4342	1.0
http://snomed.info/id/1157175007	http://ncicb.nci.nih.gov/xml/owl/EVS/Thesaurus.owl#C4518	1.0
http://snomed.info/id/1157176008	http://ncicb.nci.nih.gov/xml/owl/EVS/Thesaurus.owl#C9004	0.98307371
http://snomed.info/id/1157239001	http://ncicb.nci.nih.gov/xml/owl/EVS/Thesaurus.owl#C4287	1.0
http://snomed.info/id/116063003	http://ncicb.nci.nih.gov/xml/owl/EVS/Thesaurus.owl#C3703	0.90713012
http://snomed.info/id/116064009	http://ncicb.nci.nih.gov/xml/owl/EVS/Thesaurus.owl#C49012	0.97820985
http://snomed.info/id/116371000119107	http://ncicb.nci.nih.gov/xml/owl/EVS/Thesaurus.owl#C3049	1.0
http://snomed.info/id/116691000119101	http://ncicb.nci.nih.gov/xml/owl/EVS/Thesaurus.owl#C4663	0.97135174
http://snomed.info/id/11671000	http://ncicb.nci.nih.gov/xml/owl/EVS/Thesaurus.owl#C2970	1.0
http://snomed.info/id/118599009	http://ncicb.nci.nih.gov/xml/owl/EVS/Thesaurus.owl#C9357	0.93954211
http://snomed.info/id/118600007	http://ncicb.nci.nih.gov/xml/owl/EVS/Thesaurus.owl#C3208	0.9226476
http://snomed.info/id/118601006	http://ncicb.nci.nih.gov/xml/owl/EVS/Thesaurus.owl#C3211	1.0
http://snomed.info/id/118602004	http://ncicb.nci.nih.gov/xml/owl/EVS/Thesaurus.owl#C6914	1.0
http://snomed.info/id/118605002	http://ncicb.nci.nih.gov/xml/owl/EVS/Thesaurus.owl#C7258	0.94483846
http://snomed.info/id/118606001	http://ncicb.nci.nih.gov/xml/owl/EVS/Thesaurus.owl#C164145	1.0
http://snomed.info/id/118607005	http://ncicb.nci.nih.gov/xml/owl/EVS/Thesaurus.owl#C6913	0.95279992
http://snomed.info/id/118608000	http://ncicb.nci.nih.gov/xml/owl/EVS/Thesaurus.owl#C27270	0.94275397
http://snomed.info/id/118609008	http://ncicb.nci.nih.gov/xml/owl/EVS/Thesaurus.owl#C3517	0.95085859
http://snomed.info/id/118610003	http://ncicb.nci.nih.gov/xml/owl/EVS/Thesaurus.owl#C9283	0.90339917
http://snomed.info/id/118612006	http://ncicb.nci.nih.gov/xml/owl/EVS/Thesaurus.owl#C7202	1.0
http://snomed.info/id/118616009	http://ncicb.nci.nih.gov/xml/owl/EVS/Thesaurus.owl#C65157	0.93309462
http://snomed.info/id/118617000	http://ncicb.nci.nih.gov/xml/owl/EVS/Thesaurus.owl#C2912	1.0
http://snomed.info/id/119421006	http://ncicb.nci.nih.gov/xml/owl/EVS/Thesaurus.owl#C4511	0.98582101
http://snomed.info/id/12169001	http://ncicb.nci.nih.gov/xml/owl/EVS/Thesaurus.owl#C3474	1.0
http://snomed.info/id/121951000119101	http://ncicb.nci.nih.gov/xml/owl/EVS/Thesaurus.owl#C6245	0.98957157
http://snomed.info/id/12291000132102	http://ncicb.nci.nih.gov/xml/owl/EVS/Thesaurus.owl#C134319	1.0
http://snomed.info/id/12302002	http://ncicb.nci.nih.gov/xml/owl/EVS/Thesaurus.owl#C4023	1.0
http://snomed.info/id/123151001	http://ncicb.nci.nih.gov/xml/owl/EVS/Thesaurus.owl#C9011	1.0
http://snomed.info/id/123313007	http://ncicb.nci.nih.gov/xml/owl/EVS/Thesaurus.owl#C3132	0.88688689
http://snomed.info/id/12341000132100	http://ncicb.nci.nih.gov/xml/owl/EVS/Thesaurus.owl#C37869	0.96976846
http://snomed.info/id/12354007	http://ncicb.nci.nih.gov/xml/owl/EVS/Thesaurus.owl#C66814	1.0
http://snomed.info/id/123661000119106	http://ncicb.nci.nih.gov/xml/owl/EVS/Thesaurus.owl#C4038	0.96510887
http://snomed.info/id/123843001	http://ncicb.nci.nih.gov/xml/owl/EVS/Thesaurus.owl#C4984	0.96409816
http://snomed.info/id/12400006	http://ncicb.nci.nih.gov/xml/owl/EVS/Thesaurus.owl#C4122	1.0
http://snomed.info/id/126488004	http://ncicb.nci.nih.gov/xml/owl/EVS/Thesaurus.owl#C3372	0.98712683
http://snomed.info/id/126489007	http://ncicb.nci.nih.gov/xml/owl/EVS/Thesaurus.owl#C3775	0.86775941
http://snomed.info/id/126490003	http://ncicb.nci.nih.gov/xml/owl/EVS/Thesaurus.owl#C3398	0.99020207
http://snomed.info/id/126491004	http://ncicb.nci.nih.gov/xml/owl/EVS/Thesaurus.owl#C3363	0.96246481
http://snomed.info/id/126537000	http://ncicb.nci.nih.gov/xml/owl/EVS/Thesaurus.owl#C9343	0.9888348
http://snomed.info/id/126538005	http://ncicb.nci.nih.gov/xml/owl/EVS/Thesaurus.owl#C3375	0.91259533
http://snomed.info/id/126559003	http://ncicb.nci.nih.gov/xml/owl/EVS/Thesaurus.owl#C6730	0.9795146
http://snomed.info/id/126635000	http://ncicb.nci.nih.gov/xml/owl/EVS/Thesaurus.owl#C3260	0.97941214
http://snomed.info/id/126640008	http://ncicb.nci.nih.gov/xml/owl/EVS/Thesaurus.owl#C4929	0.98464888
http://snomed.info/id/126670003	http://ncicb.nci.nih.gov/xml/owl/EVS/Thesaurus.owl#C4413	0.98232412
http://snomed.info/id/126676009	http://ncicb.nci.nih.gov/xml/owl/EVS/Thesaurus.owl#C3219	0.98956501
http://snomed.info/id/126677000	http://ncicb.nci.nih.gov/xml/owl/EVS/Thesaurus.owl#C4416	0.97114378
http://snomed.info/id/126678005	http://ncicb.nci.nih.gov/xml/owl/EVS/Thesaurus.owl#C4419	0.99162793
http://snomed.info/id/126679002	http://ncicb.nci.nih.gov/xml/owl/EVS/Thesaurus.owl#C6792	0.98843902
http://snomed.info/id/126680004	http://ncicb.nci.nih.gov/xml/owl/EVS/Thesaurus.owl#C3257	0.93972498
http://snomed.info/id/126685009	http://ncicb.nci.nih.gov/xml/owl/EVS/Thesaurus.owl#C3325	0.93051648
http://snomed.info/id/126688006	http://ncicb.nci.nih.gov/xml/owl/EVS/Thesaurus.owl#C4424	0.93313211
http://snomed.info/id/126693009	http://ncicb.nci.nih.gov/xml/owl/EVS/Thesaurus.owl#C4425	0.98567551
http://snomed.info/id/126696001	http://ncicb.nci.nih.gov/xml/owl/EVS/Thesaurus.owl#C4426	0.98756415
http://snomed.info/id/126697005	http://ncicb.nci.nih.gov/xml/owl/EVS/Thesaurus.owl#C6793	0.99049193
http://snomed.info/id/126699008	http://ncicb.nci.nih.gov/xml/owl/EVS/Thesaurus.owl#C4933	0.99083215
http://snomed.info/id/126703006	http://ncicb.nci.nih.gov/xml/owl/EVS/Thesaurus.owl#C3419	0.95963562
http://snomed.info/id/126719004	http://ncicb.nci.nih.gov/xml/owl/EVS/Thesaurus.owl#C3332	0.89968294
http://snomed.info/id/126725000	http://ncicb.nci.nih.gov/xml/owl/EVS/Thesaurus.owl#C3221	0.92904824
http://snomed.info/id/126731002	http://ncicb.nci.nih.gov/xml/owl/EVS/Thesaurus.owl#C5346	0.95387727
http://snomed.info/id/126732009	http://ncicb.nci.nih.gov/xml/owl/EVS/Thesaurus.owl#C5349	0.95022029
http://snomed.info/id/126733004	http://ncicb.nci.nih.gov/xml/owl/EVS/Thesaurus.owl#C5347	0.86757541
http://snomed.info/id/126734005	http://ncicb.nci.nih.gov/xml/owl/EVS/Thesaurus.owl#C4651	0.91933161
http://snomed.info/id/126736007	http://ncicb.nci.nih.gov/xml/owl/EVS/Thesaurus.owl#C7387	0.98177683
http://snomed.info/id/126737003	http://ncicb.nci.nih.gov/xml/owl/EVS/Thesaurus.owl#C5348	0.97667193
http://snomed.info/id/126769007	http://ncicb.nci.nih.gov/xml/owl/EVS/Thesaurus.owl#C3141	0.97482389
http://snomed.info/id/126770008	http://ncicb.nci.nih.gov/xml/owl/EVS/Thesaurus.owl#C3191	0.95608723
http://snomed.info/id/126778001	http://ncicb.nci.nih.gov/xml/owl/EVS/Thesaurus.owl#C3416	0.97976291
http://snomed.info/id/126779009	http://ncicb.nci.nih.gov/xml/owl/EVS/Thesaurus.owl#C4400	0.86756033
http://snomed.info/id/126788000	http://ncicb.nci.nih.gov/xml/owl/EVS/Thesaurus.owl#C3314	0.989308
http://snomed.info/id/126790004	http://ncicb.nci.nih.gov/xml/owl/EVS/Thesaurus.owl#C3392	0.98451519
http://snomed.info/id/126792007	http://ncicb.nci.nih.gov/xml/owl/EVS/Thesaurus.owl#C3057	0.90248358
http://snomed.info/id/126797001	http://ncicb.nci.nih.gov/xml/owl/EVS/Thesaurus.owl#C7606	0.94556803
http://snomed.info/id/126805009	http://ncicb.nci.nih.gov/xml/owl/EVS/Thesaurus.owl#C4402	0.97941583
http://snomed.info/id/126809003	http://ncicb.nci.nih.gov/xml/owl/EVS/Thesaurus.owl#C3291	0.90697473
http://snomed.info/id/126817006	http://ncicb.nci.nih.gov/xml/owl/EVS/Thesaurus.owl#C3028	0.9527272
http://snomed.info/id/126824007	http://ncicb.nci.nih.gov/xml/owl/EVS/Thesaurus.owl#C3387	0.96154898
http://snomed.info/id/126832004	http://ncicb.nci.nih.gov/xml/owl/EVS/Thesaurus.owl#C4432	0.97835279
http://snomed.info/id/126833009	http://ncicb.nci.nih.gov/xml/owl/EVS/Thesaurus.owl#C2995	0.96572191
http://snomed.info/id/126834003	http://ncicb.nci.nih.gov/xml/owl/EVS/Thesaurus.owl#C8401	0.93827611
http://snomed.info/id/126835002	http://ncicb.nci.nih.gov/xml/owl/EVS/Thesaurus.owl#C3130	0.92166919
http://snomed.info/id/126837005	http://ncicb.nci.nih.gov/xml/owl/EVS/Thesaurus.owl#C2953	0.85220987
http://snomed.info/id/126838000	http://ncicb.nci.nih.gov/xml/owl/EVS/Thesaurus.owl#C2953	0.98452926
http://snomed.info/id/126839008	http://ncicb.nci.nih.gov/xml/owl/EVS/Thesaurus.owl#C4433	0.98750591
http://snomed.info/id/126846004	http://ncicb.nci.nih.gov/xml/owl/EVS/Thesaurus.owl#C4434	0.97701186
http://snomed.info/id/126848003	http://ncicb.nci.nih.gov/xml/owl/EVS/Thesaurus.owl#C4877	0.95709395
http://snomed.info/id/126854002	http://ncicb.nci.nih.gov/xml/owl/EVS/Thesaurus.owl#C3048	0.98437005
http://snomed.info/id/126855001	http://ncicb.nci.nih.gov/xml/owl/EVS/Thesaurus.owl#C4441	0.98072714
http://snomed.info/id/126864006	http://ncicb.nci.nih.gov/xml/owl/EVS/Thesaurus.owl#C27031	0.88217026
http://snomed.info/id/126865007	http://ncicb.nci.nih.gov/xml/owl/EVS/Thesaurus.owl#C3322	0.93977171
http://snomed.info/id/126880001	http://ncicb.nci.nih.gov/xml/owl/EVS/Thesaurus.owl#C3150	0.98329598
http://snomed.info/id/126881002	http://ncicb.nci.nih.gov/xml/owl/EVS/Thesaurus.owl#C8404	0.9897396
http://snomed.info/id/126882009	http://ncicb.nci.nih.gov/xml/owl/EVS/Thesaurus.owl#C3427	0.98784024
http://snomed.info/id/126883004	http://ncicb.nci.nih.gov/xml/owl/EVS/Thesaurus.owl#C3428	0.98674887
http://snomed.info/id/126895004	http://ncicb.nci.nih.gov/xml/owl/EVS/Thesaurus.owl#C3054	0.94488204
http://snomed.info/id/126896003	http://ncicb.nci.nih.gov/xml/owl/EVS/Thesaurus.owl#C3317	0.93974411
http://snomed.info/id/12690005	http://ncicb.nci.nih.gov/xml/owl/EVS/Thesaurus.owl#C4020	1.0
http://snomed.info/id/126905005	http://ncicb.nci.nih.gov/xml/owl/EVS/Thesaurus.owl#C4380	0.95728409
http://snomed.info/id/126908007	http://ncicb.nci.nih.gov/xml/owl/EVS/Thesaurus.owl#C3435	0.96434551
http://snomed.info/id/126909004	http://ncicb.nci.nih.gov/xml/owl/EVS/Thesaurus.owl#C6300	0.91854358
http://snomed.info/id/126916003	http://ncicb.nci.nih.gov/xml/owl/EVS/Thesaurus.owl#C3032	0.98444957
http://snomed.info/id/126920004	http://ncicb.nci.nih.gov/xml/owl/EVS/Thesaurus.owl#C4858	0.96646941
http://snomed.info/id/126921000	http://ncicb.nci.nih.gov/xml/owl/EVS/Thesaurus.owl#C3437	0.93949395
http://snomed.info/id/126948004	http://ncicb.nci.nih.gov/xml/owl/EVS/Thesaurus.owl#C5300	1.0
http://snomed.info/id/126950007	http://ncicb.nci.nih.gov/xml/owl/EVS/Thesaurus.owl#C3268	0.99265647
http://snomed.info/id/126951006	http://ncicb.nci.nih.gov/xml/owl/EVS/Thesaurus.owl#C9293	0.98823637
http://snomed.info/id/126952004	http://ncicb.nci.nih.gov/xml/owl/EVS/Thesaurus.owl#C2907	0.97935098
http://snomed.info/id/126953009	http://ncicb.nci.nih.gov/xml/owl/EVS/Thesaurus.owl#C4874	0.91688192
http://snomed.info/id/126956001	http://ncicb.nci.nih.gov/xml/owl/EVS/Thesaurus.owl#C5573	0.98590016
http://snomed.info/id/126957005	http://ncicb.nci.nih.gov/xml/owl/EVS/Thesaurus.owl#C5574	0.98898309
http://snomed.info/id/126958000	http://ncicb.nci.nih.gov/xml/owl/EVS/Thesaurus.owl#C2937	0.88077086
http://snomed.info/id/126960003	http://ncicb.nci.nih.gov/xml/owl/EVS/Thesaurus.owl#C2935	0.93870568
http://snomed.info/id/126961004	http://ncicb.nci.nih.gov/xml/owl/EVS/Thesaurus.owl#C4869	0.98595619
http://snomed.info/id/126962006	http://ncicb.nci.nih.gov/xml/owl/EVS/Thesaurus.owl#C3381	0.98925644
http://snomed.info/id/126967000	http://ncicb.nci.nih.gov/xml/owl/EVS/Thesaurus.owl#C5121	0.99244583
http://snomed.info/id/126969002	http://ncicb.nci.nih.gov/xml/owl/EVS/Thesaurus.owl#C6994	0.99556619
http://snomed.info/id/126970001	http://ncicb.nci.nih.gov/xml/owl/EVS/Thesaurus.owl#C5825	0.99161679
http://snomed.info/id/126972009	http://ncicb.nci.nih.gov/xml/owl/EVS/Thesaurus.owl#C5826	0.99206609
http://snomed.info/id/126973004	http://ncicb.nci.nih.gov/xml/owl/EVS/Thesaurus.owl#C5827	0.99386525
http://snomed.info/id/126975006	http://ncicb.nci.nih.gov/xml/owl/EVS/Thesaurus.owl#C5828	0.99203634
http://snomed.info/id/126978008	http://ncicb.nci.nih.gov/xml/owl/EVS/Thesaurus.owl#C5830	0.98498487
http://snomed.info/id/126980002	http://ncicb.nci.nih.gov/xml/owl/EVS/Thesaurus.owl#C3321	0.9262597
http://snomed.info/id/126997008	http://ncicb.nci.nih.gov/xml/owl/EVS/Thesaurus.owl#C4361	0.9669916
http://snomed.info/id/127001008	http://ncicb.nci.nih.gov/xml/owl/EVS/Thesaurus.owl#C2949	0.98824751
http://snomed.info/id/127002001	http://ncicb.nci.nih.gov/xml/owl/EVS/Thesaurus.owl#C4800	0.97883528
http://snomed.info/id/127003006	http://ncicb.nci.nih.gov/xml/owl/EVS/Thesaurus.owl#C3290	0.95728296
http://snomed.info/id/127004000	http://ncicb.nci.nih.gov/xml/owl/EVS/Thesaurus.owl#C4360	0.99005294
http://snomed.info/id/127006003	http://ncicb.nci.nih.gov/xml/owl/EVS/Thesaurus.owl#C4412	0.99048442
http://snomed.info/id/127018007	http://ncicb.nci.nih.gov/xml/owl/EVS/Thesaurus.owl#C3414	0.99047822
http://snomed.info/id/127020005	http://ncicb.nci.nih.gov/xml/owl/EVS/Thesaurus.owl#C3313	0.99038649
http://snomed.info/id/127021009	http://ncicb.nci.nih.gov/xml/owl/EVS/Thesaurus.owl#C2859	0.99016345
http://snomed.info/id/127022002	http://ncicb.nci.nih.gov/xml/owl/EVS/Thesaurus.owl#C2858	0.99036992
http://snomed.info/id/127026004	http://ncicb.nci.nih.gov/xml/owl/EVS/Thesaurus.owl#C3328	0.98508996
http://snomed.info/id/127027008	http://ncicb.nci.nih.gov/xml/owl/EVS/Thesaurus.owl#C3308	0.94647968
http://snomed.info/id/127028003	http://ncicb.nci.nih.gov/xml/owl/EVS/Thesaurus.owl#C2932	0.8903392
http://snomed.info/id/127032009	http://ncicb.nci.nih.gov/xml/owl/EVS/Thesaurus.owl#C4744	0.99117392
http://snomed.info/id/127225006	http://ncicb.nci.nih.gov/xml/owl/EVS/Thesaurus.owl#C3178	1.0
http://snomed.info/id/127231009	http://ncicb.nci.nih.gov/xml/owl/EVS/Thesaurus.owl#C3412	0.98421001
http://snomed.info/id/127232002	http://ncicb.nci.nih.gov/xml/owl/EVS/Thesaurus.owl#C35497	0.98674232
http://snomed.info/id/127570002	http://ncicb.nci.nih.gov/xml/owl/EVS/Thesaurus.owl#C3784	1.0
http://snomed.info/id/127572005	http://ncicb.nci.nih.gov/xml/owl/EVS/Thesaurus.owl#C35727	0.91933441
http://snomed.info/id/127574006	http://ncicb.nci.nih.gov/xml/owl/EVS/Thesaurus.owl#C35726	0.9565739
http://snomed.info/id/127577004	http://ncicb.nci.nih.gov/xml/owl/EVS/Thesaurus.owl#C4295	1.0
http://snomed.info/id/127579001	http://ncicb.nci.nih.gov/xml/owl/EVS/Thesaurus.owl#C3229	1.0
http://snomed.info/id/127580003	http://ncicb.nci.nih.gov/xml/owl/EVS/Thesaurus.owl#C4665	1.0
http://snomed.info/id/127581004	http://ncicb.nci.nih.gov/xml/owl/EVS/Thesaurus.owl#C9295	1.0
http://snomed.info/id/128462008	http://ncicb.nci.nih.gov/xml/owl/EVS/Thesaurus.owl#C4968	0.98418367
http://snomed.info/id/128621008	http://ncicb.nci.nih.gov/xml/owl/EVS/Thesaurus.owl#C6450	1.0
http://snomed.info/id/128628002	http://ncicb.nci.nih.gov/xml/owl/EVS/Thesaurus.owl#C6875	1.0
http://snomed.info/id/128630000	http://ncicb.nci.nih.gov/xml/owl/EVS/Thesaurus.owl#C65159	1.0
http://snomed.info/id/128633003	http://ncicb.nci.nih.gov/xml/owl/EVS/Thesaurus.owl#C65179	1.0
http://snomed.info/id/128634009	http://ncicb.nci.nih.gov/xml/owl/EVS/Thesaurus.owl#C54244	1.0
http://snomed.info/id/128636006	http://ncicb.nci.nih.gov/xml/owl/EVS/Thesaurus.owl#C62282	0.94905567
http://snomed.info/id/128638007	http://ncicb.nci.nih.gov/xml/owl/EVS/Thesaurus.owl#C7368	0.8761788
http://snomed.info/id/128639004	http://ncicb.nci.nih.gov/xml/owl/EVS/Thesaurus.owl#C65182	1.0
http://snomed.info/id/128642005	http://ncicb.nci.nih.gov/xml/owl/EVS/Thesaurus.owl#C95595	0.97246754
http://snomed.info/id/128644006	http://ncicb.nci.nih.gov/xml/owl/EVS/Thesaurus.owl#C66925	1.0
http://snomed.info/id/128646008	http://ncicb.nci.nih.gov/xml/owl/EVS/Thesaurus.owl#C27388	1.0
http://snomed.info/id/128647004	http://ncicb.nci.nih.gov/xml/owl/EVS/Thesaurus.owl#C65164	1.0
http://snomed.info/id/128649001	http://ncicb.nci.nih.gov/xml/owl/EVS/Thesaurus.owl#C5754	0.97782332
http://snomed.info/id/128650001	http://ncicb.nci.nih.gov/xml/owl/EVS/Thesaurus.owl#C43625	0.97863722
http://snomed.info/id/128652009	http://ncicb.nci.nih.gov/xml/owl/EVS/Thesaurus.owl#C65193	1.0
http://snomed.info/id/128653004	http://ncicb.nci.nih.gov/xml/owl/EVS/Thesaurus.owl#C38458	0.95483261
http://snomed.info/id/128655006	http://ncicb.nci.nih.gov/xml/owl/EVS/Thesaurus.owl#C5609	0.98152959
http://snomed.info/id/128658008	http://ncicb.nci.nih.gov/xml/owl/EVS/Thesaurus.owl#C72074	1.0
http://snomed.info/id/128661009	http://ncicb.nci.nih.gov/xml/owl/EVS/Thesaurus.owl#C7270	0.95592028
http://snomed.info/id/128663007	http://ncicb.nci.nih.gov/xml/owl/EVS/Thesaurus.owl#C65198	1.0
http://snomed.info/id/128665000	http://ncicb.nci.nih.gov/xml/owl/EVS/Thesaurus.owl#C4536	0.98853093
http://snomed.info/id/128667008	http://ncicb.nci.nih.gov/xml/owl/EVS/Thesaurus.owl#C4146	0.98138505
http://snomed.info/id/128670007	http://ncicb.nci.nih.gov/xml/owl/EVS/Thesaurus.owl#C27253	1.0
http://snomed.info/id/128681005	http://ncicb.nci.nih.gov/xml/owl/EVS/Thesaurus.owl#C27848	0.97510839
http://snomed.info/id/128683008	http://ncicb.nci.nih.gov/xml/owl/EVS/Thesaurus.owl#C4470	0.86515993
http://snomed.info/id/128684002	http://ncicb.nci.nih.gov/xml/owl/EVS/Thesaurus.owl#C43356	1.0
http://snomed.info/id/128685001	http://ncicb.nci.nih.gov/xml/owl/EVS/Thesaurus.owl#C5559	0.87274945
http://snomed.info/id/128693001	http://ncicb.nci.nih.gov/xml/owl/EVS/Thesaurus.owl#C45754	0.94669086
http://snomed.info/id/128695008	http://ncicb.nci.nih.gov/xml/owl/EVS/Thesaurus.owl#C66953	1.0
http://snomed.info/id/128703004	http://ncicb.nci.nih.gov/xml/owl/EVS/Thesaurus.owl#C5727	0.91438597
http://snomed.info/id/128704005	http://ncicb.nci.nih.gov/xml/owl/EVS/Thesaurus.owl#C66745	1.0
http://snomed.info/id/128705006	http://ncicb.nci.nih.gov/xml/owl/EVS/Thesaurus.owl#C27949	1.0
http://snomed.info/id/128707003	http://ncicb.nci.nih.gov/xml/owl/EVS/Thesaurus.owl#C6454	1.0
http://snomed.info/id/128712002	http://ncicb.nci.nih.gov/xml/owl/EVS/Thesaurus.owl#C7996	1.0
http://snomed.info/id/128713007	http://ncicb.nci.nih.gov/xml/owl/EVS/Thesaurus.owl#C6888	1.0
http://snomed.info/id/128715000	http://ncicb.nci.nih.gov/xml/owl/EVS/Thesaurus.owl#C7997	1.0
http://snomed.info/id/128717008	http://ncicb.nci.nih.gov/xml/owl/EVS/Thesaurus.owl#C3411	0.91730815
http://snomed.info/id/128718003	http://ncicb.nci.nih.gov/xml/owl/EVS/Thesaurus.owl#C53595	1.0
http://snomed.info/id/128721001	http://ncicb.nci.nih.gov/xml/owl/EVS/Thesaurus.owl#C3794	0.87499928
http://snomed.info/id/128722008	http://ncicb.nci.nih.gov/xml/owl/EVS/Thesaurus.owl#C66991	0.94218153
http://snomed.info/id/128725005	http://ncicb.nci.nih.gov/xml/owl/EVS/Thesaurus.owl#C39970	0.93306714
http://snomed.info/id/128726006	http://ncicb.nci.nih.gov/xml/owl/EVS/Thesaurus.owl#C4263	0.9453699
http://snomed.info/id/128728007	http://ncicb.nci.nih.gov/xml/owl/EVS/Thesaurus.owl#C39944	0.96739095
http://snomed.info/id/128730009	http://ncicb.nci.nih.gov/xml/owl/EVS/Thesaurus.owl#C4662	1.0
http://snomed.info/id/128731008	http://ncicb.nci.nih.gov/xml/owl/EVS/Thesaurus.owl#C6891	1.0
http://snomed.info/id/128732001	http://ncicb.nci.nih.gov/xml/owl/EVS/Thesaurus.owl#C48622	1.0
http://snomed.info/id/128733006	http://ncicb.nci.nih.gov/xml/owl/EVS/Thesaurus.owl#C66755	0.87961167
http://snomed.info/id/128736003	http://ncicb.nci.nih.gov/xml/owl/EVS/Thesaurus.owl#C7634	1.0
http://snomed.info/id/128738002	http://ncicb.nci.nih.gov/xml/owl/EVS/Thesaurus.owl#C49012	1.0
http://snomed.info/id/128739005	http://ncicb.nci.nih.gov/xml/owl/EVS/Thesaurus.owl#C49016	1.0
http://snomed.info/id/128740007	http://ncicb.nci.nih.gov/xml/owl/EVS/Thesaurus.owl#C142823	0.90438014
http://snomed.info/id/128741006	http://ncicb.nci.nih.gov/xml/owl/EVS/Thesaurus.owl#C35765	0.91625911
http://snomed.info/id/128742004	http://ncicb.nci.nih.gov/xml/owl/EVS/Thesaurus.owl#C4700	1.0
http://snomed.info/id/128743009	http://ncicb.nci.nih.gov/xml/owl/EVS/Thesaurus.owl#C6493	1.0
http://snomed.info/id/128744003	http://ncicb.nci.nih.gov/xml/owl/EVS/Thesaurus.owl#C6494	1.0
http://snomed.info/id/128746001	http://ncicb.nci.nih.gov/xml/owl/EVS/Thesaurus.owl#C6503	1.0
http://snomed.info/id/128748000	http://ncicb.nci.nih.gov/xml/owl/EVS/Thesaurus.owl#C6517	1.0
http://snomed.info/id/128749008	http://ncicb.nci.nih.gov/xml/owl/EVS/Thesaurus.owl#C6519	1.0
http://snomed.info/id/128752000	http://ncicb.nci.nih.gov/xml/owl/EVS/Thesaurus.owl#C6781	0.96059501
http://snomed.info/id/128753005	http://ncicb.nci.nih.gov/xml/owl/EVS/Thesaurus.owl#C6926	1.0
http://snomed.info/id/128754004	http://ncicb.nci.nih.gov/xml/owl/EVS/Thesaurus.owl#C53998	1.0
http://snomed.info/id/128755003	http://ncicb.nci.nih.gov/xml/owl/EVS/Thesaurus.owl#C54000	0.99735838
http://snomed.info/id/128757006	http://ncicb.nci.nih.gov/xml/owl/EVS/Thesaurus.owl#C7504	0.92946768
http://snomed.info/id/128758001	http://ncicb.nci.nih.gov/xml/owl/EVS/Thesaurus.owl#C6897	0.99072862
http://snomed.info/id/128760004	http://ncicb.nci.nih.gov/xml/owl/EVS/Thesaurus.owl#C39812	0.90611386
http://snomed.info/id/128763002	http://ncicb.nci.nih.gov/xml/owl/EVS/Thesaurus.owl#C5669	1.0
http://snomed.info/id/128764008	http://ncicb.nci.nih.gov/xml/owl/EVS/Thesaurus.owl#C35837	0.93476939
http://snomed.info/id/128765009	http://ncicb.nci.nih.gov/xml/owl/EVS/Thesaurus.owl#C124607	0.92083019
http://snomed.info/id/128768006	http://ncicb.nci.nih.gov/xml/owl/EVS/Thesaurus.owl#C7526	0.91543323
http://snomed.info/id/128769003	http://ncicb.nci.nih.gov/xml/owl/EVS/Thesaurus.owl#C4754	0.91825241
http://snomed.info/id/128771003	http://ncicb.nci.nih.gov/xml/owl/EVS/Thesaurus.owl#C53707	0.9070071
http://snomed.info/id/128772005	http://ncicb.nci.nih.gov/xml/owl/EVS/Thesaurus.owl#C8970	1.0
http://snomed.info/id/128773000	http://ncicb.nci.nih.gov/xml/owl/EVS/Thesaurus.owl#C53958	1.0
http://snomed.info/id/128774006	http://ncicb.nci.nih.gov/xml/owl/EVS/Thesaurus.owl#C53707	0.86739808
http://snomed.info/id/128776008	http://ncicb.nci.nih.gov/xml/owl/EVS/Thesaurus.owl#C6476	1.0
http://snomed.info/id/128777004	http://ncicb.nci.nih.gov/xml/owl/EVS/Thesaurus.owl#C3402	1.0
http://snomed.info/id/128778009	http://ncicb.nci.nih.gov/xml/owl/EVS/Thesaurus.owl#C6535	1.0
http://snomed.info/id/128780003	http://ncicb.nci.nih.gov/xml/owl/EVS/Thesaurus.owl#C173735	1.0
http://snomed.info/id/128781004	http://ncicb.nci.nih.gov/xml/owl/EVS/Thesaurus.owl#C4726	1.0
http://snomed.info/id/128782006	http://ncicb.nci.nih.gov/xml/owl/EVS/Thesaurus.owl#C4725	1.0
http://snomed.info/id/128783001	http://ncicb.nci.nih.gov/xml/owl/EVS/Thesaurus.owl#C7542	1.0
http://snomed.info/id/128785008	http://ncicb.nci.nih.gov/xml/owl/EVS/Thesaurus.owl#C48876	1.0
http://snomed.info/id/128786009	http://ncicb.nci.nih.gov/xml/owl/EVS/Thesaurus.owl#C6581	1.0
http://snomed.info/id/128787000	http://ncicb.nci.nih.gov/xml/owl/EVS/Thesaurus.owl#C9476	1.0
http://snomed.info/id/128788005	http://ncicb.nci.nih.gov/xml/owl/EVS/Thesaurus.owl#C9505	1.0
http://snomed.info/id/128789002	http://ncicb.nci.nih.gov/xml/owl/EVS/Thesaurus.owl#C6908	0.86092067
http://snomed.info/id/128790006	http://ncicb.nci.nih.gov/xml/owl/EVS/Thesaurus.owl#C6904	1.0
http://snomed.info/id/128791005	http://ncicb.nci.nih.gov/xml/owl/EVS/Thesaurus.owl#C8419	0.89979899
http://snomed.info/id/128793008	http://ncicb.nci.nih.gov/xml/owl/EVS/Thesaurus.owl#C66815	1.0
http://snomed.info/id/128796000	http://ncicb.nci.nih.gov/xml/owl/EVS/Thesaurus.owl#C4973	0.86862534
http://snomed.info/id/128799007	http://ncicb.nci.nih.gov/xml/owl/EVS/Thesaurus.owl#C6913	0.95279992
http://snomed.info/id/128800006	http://ncicb.nci.nih.gov/xml/owl/EVS/Thesaurus.owl#C6915	1.0
http://snomed.info/id/128801005	http://ncicb.nci.nih.gov/xml/owl/EVS/Thesaurus.owl#C9280	0.95395839
http://snomed.info/id/128802003	http://ncicb.nci.nih.gov/xml/owl/EVS/Thesaurus.owl#C4663	0.9661423
http://snomed.info/id/128803008	http://ncicb.nci.nih.gov/xml/owl/EVS/Thesaurus.owl#C4341	0.96475708
http://snomed.info/id/128804002	http://ncicb.nci.nih.gov/xml/owl/EVS/Thesaurus.owl#C7195	0.99473399
http://snomed.info/id/128807009	http://ncicb.nci.nih.gov/xml/owl/EVS/Thesaurus.owl#C8868	0.91072947
http://snomed.info/id/128808004	http://ncicb.nci.nih.gov/xml/owl/EVS/Thesaurus.owl#C6919	0.9095071
http://snomed.info/id/128809007	http://ncicb.nci.nih.gov/xml/owl/EVS/Thesaurus.owl#C3107	0.96277022
http://snomed.info/id/128811003	http://ncicb.nci.nih.gov/xml/owl/EVS/Thesaurus.owl#C150703	0.89787549
http://snomed.info/id/128813000	http://ncicb.nci.nih.gov/xml/owl/EVS/Thesaurus.owl#C27349	1.0
http://snomed.info/id/128814006	http://ncicb.nci.nih.gov/xml/owl/EVS/Thesaurus.owl#C6921	1.0
http://snomed.info/id/128815007	http://ncicb.nci.nih.gov/xml/owl/EVS/Thesaurus.owl#C9282	1.0
http://snomed.info/id/128816008	http://ncicb.nci.nih.gov/xml/owl/EVS/Thesaurus.owl#C9281	1.0
http://snomed.info/id/128818009	http://ncicb.nci.nih.gov/xml/owl/EVS/Thesaurus.owl#C4673	1.0
http://snomed.info/id/128819001	http://ncicb.nci.nih.gov/xml/owl/EVS/Thesaurus.owl#C4664	0.97063053
http://snomed.info/id/128820007	http://ncicb.nci.nih.gov/xml/owl/EVS/Thesaurus.owl#C4753	0.97285068
http://snomed.info/id/128821006	http://ncicb.nci.nih.gov/xml/owl/EVS/Thesaurus.owl#C4752	0.97744542
http://snomed.info/id/128822004	http://ncicb.nci.nih.gov/xml/owl/EVS/Thesaurus.owl#C9124	0.86036754
http://snomed.info/id/128823009	http://ncicb.nci.nih.gov/xml/owl/EVS/Thesaurus.owl#C80326	0.89850909
http://snomed.info/id/128824003	http://ncicb.nci.nih.gov/xml/owl/EVS/Thesaurus.owl#C3183	0.86575389
http://snomed.info/id/128825002	http://ncicb.nci.nih.gov/xml/owl/EVS/Thesaurus.owl#C3174	0.98343575
http://snomed.info/id/128827005	http://ncicb.nci.nih.gov/xml/owl/EVS/Thesaurus.owl#C9289	1.0
http://snomed.info/id/128828000	http://ncicb.nci.nih.gov/xml/owl/EVS/Thesaurus.owl#C9288	0.93421322
http://snomed.info/id/128829008	http://ncicb.nci.nih.gov/xml/owl/EVS/Thesaurus.owl#C36056	0.85876226
http://snomed.info/id/128830003	http://ncicb.nci.nih.gov/xml/owl/EVS/Thesaurus.owl#C8252	0.94196635
http://snomed.info/id/128831004	http://ncicb.nci.nih.gov/xml/owl/EVS/Thesaurus.owl#C3178	1.0
http://snomed.info/id/128832006	http://ncicb.nci.nih.gov/xml/owl/EVS/Thesaurus.owl#C9233	1.0
http://snomed.info/id/128833001	http://ncicb.nci.nih.gov/xml/owl/EVS/Thesaurus.owl#C8647	0.95762455
http://snomed.info/id/128834007	http://ncicb.nci.nih.gov/xml/owl/EVS/Thesaurus.owl#C3179	1.0
http://snomed.info/id/128837000	http://ncicb.nci.nih.gov/xml/owl/EVS/Thesaurus.owl#C6867	0.91965586
http://snomed.info/id/128839002	http://ncicb.nci.nih.gov/xml/owl/EVS/Thesaurus.owl#C4319	1.0
http://snomed.info/id/128840000	http://ncicb.nci.nih.gov/xml/owl/EVS/Thesaurus.owl#C3904	1.0
http://snomed.info/id/128841001	http://ncicb.nci.nih.gov/xml/owl/EVS/Thesaurus.owl#C3336	1.0
http://snomed.info/id/128847002	http://ncicb.nci.nih.gov/xml/owl/EVS/Thesaurus.owl#C7506	0.8852455
http://snomed.info/id/128849004	http://ncicb.nci.nih.gov/xml/owl/EVS/Thesaurus.owl#C4177	0.97427791
http://snomed.info/id/128850004	http://ncicb.nci.nih.gov/xml/owl/EVS/Thesaurus.owl#C4178	0.97269487
http://snomed.info/id/128851000	http://ncicb.nci.nih.gov/xml/owl/EVS/Thesaurus.owl#C7271	0.94711608
http://snomed.info/id/128853002	http://ncicb.nci.nih.gov/xml/owl/EVS/Thesaurus.owl#C4186	0.97918725
http://snomed.info/id/128854008	http://ncicb.nci.nih.gov/xml/owl/EVS/Thesaurus.owl#C4047	1.0
http://snomed.info/id/128858006	http://ncicb.nci.nih.gov/xml/owl/EVS/Thesaurus.owl#C3791	1.0
http://snomed.info/id/128859003	http://ncicb.nci.nih.gov/xml/owl/EVS/Thesaurus.owl#C7399	1.0
http://snomed.info/id/128860008	http://ncicb.nci.nih.gov/xml/owl/EVS/Thesaurus.owl#C4162	0.99469268
http://snomed.info/id/128862000	http://ncicb.nci.nih.gov/xml/owl/EVS/Thesaurus.owl#C62776	1.0
http://snomed.info/id/128877008	http://ncicb.nci.nih.gov/xml/owl/EVS/Thesaurus.owl#C65181	1.0
http://snomed.info/id/128878003	http://ncicb.nci.nih.gov/xml/owl/EVS/Thesaurus.owl#C3140	0.89087963
http://snomed.info/id/128882001	http://ncicb.nci.nih.gov/xml/owl/EVS/Thesaurus.owl#C6892	1.0
http://snomed.info/id/128883006	http://ncicb.nci.nih.gov/xml/owl/EVS/Thesaurus.owl#C6509	1.0
http://snomed.info/id/128884000	http://ncicb.nci.nih.gov/xml/owl/EVS/Thesaurus.owl#C7596	1.0
http://snomed.info/id/128887007	http://ncicb.nci.nih.gov/xml/owl/EVS/Thesaurus.owl#C66775	0.91679424
http://snomed.info/id/128890001	http://ncicb.nci.nih.gov/xml/owl/EVS/Thesaurus.owl#C40081	0.88757688
http://snomed.info/id/128894005	http://ncicb.nci.nih.gov/xml/owl/EVS/Thesaurus.owl#C7568	0.87556845
http://snomed.info/id/128896007	http://ncicb.nci.nih.gov/xml/owl/EVS/Thesaurus.owl#C6938	0.90906513
http://snomed.info/id/128897003	http://ncicb.nci.nih.gov/xml/owl/EVS/Thesaurus.owl#C162848	0.92379141
http://snomed.info/id/128904001	http://ncicb.nci.nih.gov/xml/owl/EVS/Thesaurus.owl#C53686	1.0
http://snomed.info/id/128909006	http://ncicb.nci.nih.gov/xml/owl/EVS/Thesaurus.owl#C5419	1.0
http://snomed.info/id/128912009	http://ncicb.nci.nih.gov/xml/owl/EVS/Thesaurus.owl#C4717	1.0
http://snomed.info/id/128913004	http://ncicb.nci.nih.gov/xml/owl/EVS/Thesaurus.owl#C66812	1.0
http://snomed.info/id/128914005	http://ncicb.nci.nih.gov/xml/owl/EVS/Thesaurus.owl#C4723	1.0
http://snomed.info/id/128916007	http://ncicb.nci.nih.gov/xml/owl/EVS/Thesaurus.owl#C4193	0.94146413
http://snomed.info/id/128918008	http://ncicb.nci.nih.gov/xml/owl/EVS/Thesaurus.owl#C8969	1.0
http://snomed.info/id/128919000	http://ncicb.nci.nih.gov/xml/owl/EVS/Thesaurus.owl#C6934	1.0
http://snomed.info/id/128921005	http://ncicb.nci.nih.gov/xml/owl/EVS/Thesaurus.owl#C4002	0.90641314
http://snomed.info/id/128922003	http://ncicb.nci.nih.gov/xml/owl/EVS/Thesaurus.owl#C3180	0.96830243
http://snomed.info/id/128924002	http://ncicb.nci.nih.gov/xml/owl/EVS/Thesaurus.owl#C3169	1.0
http://snomed.info/id/128928004	http://ncicb.nci.nih.gov/xml/owl/EVS/Thesaurus.owl#C3809	1.0
http://snomed.info/id/128929007	http://ncicb.nci.nih.gov/xml/owl/EVS/Thesaurus.owl#C3211	0.97398794
http://snomed.info/id/129000002	http://ncicb.nci.nih.gov/xml/owl/EVS/Thesaurus.owl#C150701	0.92262655
http://snomed.info/id/12933008	http://ncicb.nci.nih.gov/xml/owl/EVS/Thesaurus.owl#C3398	0.98043633
http://snomed.info/id/13048006	http://ncicb.nci.nih.gov/xml/owl/EVS/Thesaurus.owl#C6244	0.95985317
http://snomed.info/id/133751000119102	http://ncicb.nci.nih.gov/xml/owl/EVS/Thesaurus.owl#C4793	0.96550065
http://snomed.info/id/1338007	http://ncicb.nci.nih.gov/xml/owl/EVS/Thesaurus.owl#C156767	1.0
http://snomed.info/id/133850008	http://ncicb.nci.nih.gov/xml/owl/EVS/Thesaurus.owl#C34467	0.95698738
http://snomed.info/id/134209002	http://ncicb.nci.nih.gov/xml/owl/EVS/Thesaurus.owl#C7910	0.90105325
http://snomed.info/id/134312002	http://ncicb.nci.nih.gov/xml/owl/EVS/Thesaurus.owl#C4311	1.0
http://snomed.info/id/134335004	http://ncicb.nci.nih.gov/xml/owl/EVS/Thesaurus.owl#C3087	1.0
http://snomed.info/id/13583002	http://ncicb.nci.nih.gov/xml/owl/EVS/Thesaurus.owl#C9348	1.0
http://snomed.info/id/14269005	http://ncicb.nci.nih.gov/xml/owl/EVS/Thesaurus.owl#C8971	1.0
http://snomed.info/id/143291000119104	http://ncicb.nci.nih.gov/xml/owl/EVS/Thesaurus.owl#C158582	1.0
http://snomed.info/id/14494009	http://ncicb.nci.nih.gov/xml/owl/EVS/Thesaurus.owl#C4334	1.0
http://snomed.info/id/14537002	http://ncicb.nci.nih.gov/xml/owl/EVS/Thesaurus.owl#C7164	0.92981273
http://snomed.info/id/145501000119108	http://ncicb.nci.nih.gov/xml/owl/EVS/Thesaurus.owl#C7511	0.92166096
http://snomed.info/id/146801000119103	http://ncicb.nci.nih.gov/xml/owl/EVS/Thesaurus.owl#C3157	1.0
http://snomed.info/id/14799000	http://ncicb.nci.nih.gov/xml/owl/EVS/Thesaurus.owl#C3261	1.0
http://snomed.info/id/14990007	http://ncicb.nci.nih.gov/xml/owl/EVS/Thesaurus.owl#C2946	0.963772
http://snomed.info/id/1513001	http://ncicb.nci.nih.gov/xml/owl/EVS/Thesaurus.owl#C3717	1.0
http://snomed.info/id/15176003	http://ncicb.nci.nih.gov/xml/owl/EVS/Thesaurus.owl#C4200	1.0
http://snomed.info/id/15641141000119100	http://ncicb.nci.nih.gov/xml/owl/EVS/Thesaurus.owl#C5338	0.97100806
http://snomed.info/id/1586004	http://ncicb.nci.nih.gov/xml/owl/EVS/Thesaurus.owl#C3696	1.0
http://snomed.info/id/15949004	http://ncicb.nci.nih.gov/xml/owl/EVS/Thesaurus.owl#C7612	1.0
http://snomed.info/id/16090008	http://ncicb.nci.nih.gov/xml/owl/EVS/Thesaurus.owl#C3701	1.0
http://snomed.info/id/16741004	http://ncicb.nci.nih.gov/xml/owl/EVS/Thesaurus.owl#C4094	1.0
http://snomed.info/id/16974005	http://ncicb.nci.nih.gov/xml/owl/EVS/Thesaurus.owl#C4022	0.97489786
http://snomed.info/id/17264009	http://ncicb.nci.nih.gov/xml/owl/EVS/Thesaurus.owl#C4397	1.0
http://snomed.info/id/17531008	http://ncicb.nci.nih.gov/xml/owl/EVS/Thesaurus.owl#C3951	0.9737407
http://snomed.info/id/17788007	http://ncicb.nci.nih.gov/xml/owl/EVS/Thesaurus.owl#C27753	0.97065914
http://snomed.info/id/17930004	http://ncicb.nci.nih.gov/xml/owl/EVS/Thesaurus.owl#C4229	1.0
http://snomed.info/id/18048008	http://ncicb.nci.nih.gov/xml/owl/EVS/Thesaurus.owl#C4105	1.0
http://snomed.info/id/18450009	http://ncicb.nci.nih.gov/xml/owl/EVS/Thesaurus.owl#C66753	1.0
http://snomed.info/id/18680006	http://ncicb.nci.nih.gov/xml/owl/EVS/Thesaurus.owl#C7689	0.92831898
http://snomed.info/id/187692001	http://ncicb.nci.nih.gov/xml/owl/EVS/Thesaurus.owl#C9321	0.9385199
http://snomed.info/id/187722004	http://ncicb.nci.nih.gov/xml/owl/EVS/Thesaurus.owl#C4763	0.97803116
http://snomed.info/id/187723009	http://ncicb.nci.nih.gov/xml/owl/EVS/Thesaurus.owl#C3532	0.97588265
http://snomed.info/id/187724003	http://ncicb.nci.nih.gov/xml/owl/EVS/Thesaurus.owl#C4764	0.96765
http://snomed.info/id/187725002	http://ncicb.nci.nih.gov/xml/owl/EVS/Thesaurus.owl#C3533	0.99146819
http://snomed.info/id/187727005	http://ncicb.nci.nih.gov/xml/owl/EVS/Thesaurus.owl#C3535	0.99094069
http://snomed.info/id/187794005	http://ncicb.nci.nih.gov/xml/owl/EVS/Thesaurus.owl#C65186	0.88448405
http://snomed.info/id/187841006	http://ncicb.nci.nih.gov/xml/owl/EVS/Thesaurus.owl#C3544	0.98702484
http://snomed.info/id/187842004	http://ncicb.nci.nih.gov/xml/owl/EVS/Thesaurus.owl#C3545	0.98307621
http://snomed.info/id/188050009	http://ncicb.nci.nih.gov/xml/owl/EVS/Thesaurus.owl#C8410	0.91409755
http://snomed.info/id/188188009	http://ncicb.nci.nih.gov/xml/owl/EVS/Thesaurus.owl#C2948	1.0
http://snomed.info/id/188241004	http://ncicb.nci.nih.gov/xml/owl/EVS/Thesaurus.owl#C9334	0.85038477
http://snomed.info/id/188245008	http://ncicb.nci.nih.gov/xml/owl/EVS/Thesaurus.owl#C7543	0.89694595
http://snomed.info/id/188263008	http://ncicb.nci.nih.gov/xml/owl/EVS/Thesaurus.owl#C4766	0.98913324
http://snomed.info/id/188272000	http://ncicb.nci.nih.gov/xml/owl/EVS/Thesaurus.owl#C3563	0.98734349
http://snomed.info/id/188287005	http://ncicb.nci.nih.gov/xml/owl/EVS/Thesaurus.owl#C4576	0.93594444
http://snomed.info/id/188292007	http://ncicb.nci.nih.gov/xml/owl/EVS/Thesaurus.owl#C4533	0.98335892
http://snomed.info/id/188307009	http://ncicb.nci.nih.gov/xml/owl/EVS/Thesaurus.owl#C3571	0.98400152
http://snomed.info/id/188469005	http://ncicb.nci.nih.gov/xml/owl/EVS/Thesaurus.owl#C6385	0.92546737
http://snomed.info/id/188478004	http://ncicb.nci.nih.gov/xml/owl/EVS/Thesaurus.owl#C35427	0.943883
http://snomed.info/id/188498009	http://ncicb.nci.nih.gov/xml/owl/EVS/Thesaurus.owl#C26919	1.0
http://snomed.info/id/188506004	http://ncicb.nci.nih.gov/xml/owl/EVS/Thesaurus.owl#C26960	0.98794347
http://snomed.info/id/18854008	http://ncicb.nci.nih.gov/xml/owl/EVS/Thesaurus.owl#C4291	1.0
http://snomed.info/id/188572001	http://ncicb.nci.nih.gov/xml/owl/EVS/Thesaurus.owl#C27270	0.8758375
http://snomed.info/id/188593003	http://ncicb.nci.nih.gov/xml/owl/EVS/Thesaurus.owl#C141222	0.86654896
http://snomed.info/id/18861007	http://ncicb.nci.nih.gov/xml/owl/EVS/Thesaurus.owl#C4205	1.0
http://snomed.info/id/188676008	http://ncicb.nci.nih.gov/xml/owl/EVS/Thesaurus.owl#C3210	0.91628349
http://snomed.info/id/188718006	http://ncicb.nci.nih.gov/xml/owl/EVS/Thesaurus.owl#C9349	0.86794454
http://snomed.info/id/188725004	http://ncicb.nci.nih.gov/xml/owl/EVS/Thesaurus.owl#C7539	1.0
http://snomed.info/id/188728002	http://ncicb.nci.nih.gov/xml/owl/EVS/Thesaurus.owl#C4343	1.0
http://snomed.info/id/188732008	http://ncicb.nci.nih.gov/xml/owl/EVS/Thesaurus.owl#C3172	1.0
http://snomed.info/id/188733003	http://ncicb.nci.nih.gov/xml/owl/EVS/Thesaurus.owl#C4563	0.95987141
http://snomed.info/id/188734009	http://ncicb.nci.nih.gov/xml/owl/EVS/Thesaurus.owl#C3179	1.0
http://snomed.info/id/188736006	http://ncicb.nci.nih.gov/xml/owl/EVS/Thesaurus.owl#C3172	0.89028537
http://snomed.info/id/188745007	http://ncicb.nci.nih.gov/xml/owl/EVS/Thesaurus.owl#C34774	1.0
http://snomed.info/id/188754005	http://ncicb.nci.nih.gov/xml/owl/EVS/Thesaurus.owl#C3170	0.91111267
http://snomed.info/id/188800003	http://ncicb.nci.nih.gov/xml/owl/EVS/Thesaurus.owl#C3595	0.94060045
http://snomed.info/id/189017000	http://ncicb.nci.nih.gov/xml/owl/EVS/Thesaurus.owl#C4619	0.98715669
http://snomed.info/id/189130001	http://ncicb.nci.nih.gov/xml/owl/EVS/Thesaurus.owl#C8418	0.97961038
http://snomed.info/id/189140003	http://ncicb.nci.nih.gov/xml/owl/EVS/Thesaurus.owl#C161643	0.97964901
http://snomed.info/id/189151003	http://ncicb.nci.nih.gov/xml/owl/EVS/Thesaurus.owl#C4555	0.97873557
http://snomed.info/id/189156008	http://ncicb.nci.nih.gov/xml/owl/EVS/Thesaurus.owl#C3626	1.0
http://snomed.info/id/189179009	http://ncicb.nci.nih.gov/xml/owl/EVS/Thesaurus.owl#C2964	1.0
http://snomed.info/id/189197001	http://ncicb.nci.nih.gov/xml/owl/EVS/Thesaurus.owl#C3635	0.9920072
http://snomed.info/id/189565007	http://ncicb.nci.nih.gov/xml/owl/EVS/Thesaurus.owl#C2906	0.94210547
http://snomed.info/id/189643000	http://ncicb.nci.nih.gov/xml/owl/EVS/Thesaurus.owl#C2853	0.8753131
http://snomed.info/id/18977007	http://ncicb.nci.nih.gov/xml/owl/EVS/Thesaurus.owl#C4165	0.98284656
http://snomed.info/id/189814006	http://ncicb.nci.nih.gov/xml/owl/EVS/Thesaurus.owl#C4265	1.0
http://snomed.info/id/189847002	http://ncicb.nci.nih.gov/xml/owl/EVS/Thesaurus.owl#C4287	1.0
http://snomed.info/id/189924002	http://ncicb.nci.nih.gov/xml/owl/EVS/Thesaurus.owl#C4323	1.0
http://snomed.info/id/189948006	http://ncicb.nci.nih.gov/xml/owl/EVS/Thesaurus.owl#C3269	1.0
http://snomed.info/id/189982000	http://ncicb.nci.nih.gov/xml/owl/EVS/Thesaurus.owl#C27824	0.99254632
http://snomed.info/id/190818004	http://ncicb.nci.nih.gov/xml/owl/EVS/Thesaurus.owl#C80307	1.0000006
http://snomed.info/id/19133005	http://ncicb.nci.nih.gov/xml/owl/EVS/Thesaurus.owl#C6727	0.96141571
http://snomed.info/id/19134004	http://ncicb.nci.nih.gov/xml/owl/EVS/Thesaurus.owl#C66765	1.0
http://snomed.info/id/19138001	http://ncicb.nci.nih.gov/xml/owl/EVS/Thesaurus.owl#C126877	1.0
http://snomed.info/id/1929004	http://ncicb.nci.nih.gov/xml/owl/EVS/Thesaurus.owl#C3211	0.9277665
http://snomed.info/id/19340000	http://ncicb.nci.nih.gov/xml/owl/EVS/Thesaurus.owl#C3212	0.95893842
http://snomed.info/id/197433003	http://ncicb.nci.nih.gov/xml/owl/EVS/Thesaurus.owl#C3909	0.9806931
http://snomed.info/id/19750001	http://ncicb.nci.nih.gov/xml/owl/EVS/Thesaurus.owl#C3825	1.0
http://snomed.info/id/19756007	http://ncicb.nci.nih.gov/xml/owl/EVS/Thesaurus.owl#C65188	1.0
http://snomed.info/id/197821004	http://ncicb.nci.nih.gov/xml/owl/EVS/Thesaurus.owl#C4530	0.9881134
http://snomed.info/id/19897006	http://ncicb.nci.nih.gov/xml/owl/EVS/Thesaurus.owl#C3798	1.0
http://snomed.info/id/19906005	http://ncicb.nci.nih.gov/xml/owl/EVS/Thesaurus.owl#C7541	1.0
http://snomed.info/id/19928005	http://ncicb.nci.nih.gov/xml/owl/EVS/Thesaurus.owl#C3042	1.0
http://snomed.info/id/201091002	http://ncicb.nci.nih.gov/xml/owl/EVS/Thesaurus.owl#C3374	1.0
http://snomed.info/id/201101007	http://ncicb.nci.nih.gov/xml/owl/EVS/Thesaurus.owl#C3148	1.0
http://snomed.info/id/201161009	http://ncicb.nci.nih.gov/xml/owl/EVS/Thesaurus.owl#C3074	0.95268041
http://snomed.info/id/201325006	http://ncicb.nci.nih.gov/xml/owl/EVS/Thesaurus.owl#C4632	0.99869931
http://snomed.info/id/2026006	http://ncicb.nci.nih.gov/xml/owl/EVS/Thesaurus.owl#C67090	1.0
http://snomed.info/id/20365006	http://ncicb.nci.nih.gov/xml/owl/EVS/Thesaurus.owl#C8334	0.86245131
http://snomed.info/id/20376005	http://ncicb.nci.nih.gov/xml/owl/EVS/Thesaurus.owl#C3677	0.93163037
http://snomed.info/id/20380000	http://ncicb.nci.nih.gov/xml/owl/EVS/Thesaurus.owl#C3710	0.86051553
http://snomed.info/id/20462008	http://ncicb.nci.nih.gov/xml/owl/EVS/Thesaurus.owl#C4313	1.0
http://snomed.info/id/2092003	http://ncicb.nci.nih.gov/xml/owl/EVS/Thesaurus.owl#C3510	0.88453186
http://snomed.info/id/20955008	http://ncicb.nci.nih.gov/xml/owl/EVS/Thesaurus.owl#C65186	0.96879739
http://snomed.info/id/20985003	http://ncicb.nci.nih.gov/xml/owl/EVS/Thesaurus.owl#C4299	0.95254827
http://snomed.info/id/21008007	http://ncicb.nci.nih.gov/xml/owl/EVS/Thesaurus.owl#C2971	1.0
http://snomed.info/id/210233007	http://ncicb.nci.nih.gov/xml/owl/EVS/Thesaurus.owl#C8461	1.0
http://snomed.info/id/21109002	http://ncicb.nci.nih.gov/xml/owl/EVS/Thesaurus.owl#C6780	0.8855921
http://snomed.info/id/21119008	http://ncicb.nci.nih.gov/xml/owl/EVS/Thesaurus.owl#C27816	0.95587897
http://snomed.info/id/21173002	http://ncicb.nci.nih.gov/xml/owl/EVS/Thesaurus.owl#C3613	0.89916176
http://snomed.info/id/21396005	http://ncicb.nci.nih.gov/xml/owl/EVS/Thesaurus.owl#C3703	1.0
http://snomed.info/id/2142002	http://ncicb.nci.nih.gov/xml/owl/EVS/Thesaurus.owl#C4225	0.98665601
http://snomed.info/id/21589007	http://ncicb.nci.nih.gov/xml/owl/EVS/Thesaurus.owl#C4049	1.0
http://snomed.info/id/21708004	http://ncicb.nci.nih.gov/xml/owl/EVS/Thesaurus.owl#C35870	0.92328554
http://snomed.info/id/21851000119103	http://ncicb.nci.nih.gov/xml/owl/EVS/Thesaurus.owl#C4220	0.9804166
http://snomed.info/id/21912003	http://ncicb.nci.nih.gov/xml/owl/EVS/Thesaurus.owl#C4288	0.90932596
http://snomed.info/id/21930005	http://ncicb.nci.nih.gov/xml/owl/EVS/Thesaurus.owl#C3688	1.0
http://snomed.info/id/21964009	http://ncicb.nci.nih.gov/xml/owl/EVS/Thesaurus.owl#C27258	0.89251357
http://snomed.info/id/21968007	http://ncicb.nci.nih.gov/xml/owl/EVS/Thesaurus.owl#C126594	0.93610334
http://snomed.info/id/22024005	http://ncicb.nci.nih.gov/xml/owl/EVS/Thesaurus.owl#C4159	1.0
http://snomed.info/id/22197008	http://ncicb.nci.nih.gov/xml/owl/EVS/Thesaurus.owl#C7400	0.97922343
http://snomed.info/id/22217002	http://ncicb.nci.nih.gov/xml/owl/EVS/Thesaurus.owl#C3903	1.0
http://snomed.info/id/22257004	http://ncicb.nci.nih.gov/xml/owl/EVS/Thesaurus.owl#C3942	0.92529279
http://snomed.info/id/2227007	http://ncicb.nci.nih.gov/xml/owl/EVS/Thesaurus.owl#C9325	0.98935461
http://snomed.info/id/22331004	http://ncicb.nci.nih.gov/xml/owl/EVS/Thesaurus.owl#C4861	0.96613431
http://snomed.info/id/22687000	http://ncicb.nci.nih.gov/xml/owl/EVS/Thesaurus.owl#C3780	1.0
http://snomed.info/id/22694002	http://ncicb.nci.nih.gov/xml/owl/EVS/Thesaurus.owl#C4202	1.0
http://snomed.info/id/22725004	http://ncicb.nci.nih.gov/xml/owl/EVS/Thesaurus.owl#C8336	0.9703213
http://snomed.info/id/23132008	http://ncicb.nci.nih.gov/xml/owl/EVS/Thesaurus.owl#C158963	0.93190384
http://snomed.info/id/231824001	http://ncicb.nci.nih.gov/xml/owl/EVS/Thesaurus.owl#C4354	0.97987211
http://snomed.info/id/231826004	http://ncicb.nci.nih.gov/xml/owl/EVS/Thesaurus.owl#C4356	0.9826436
http://snomed.info/id/231827008	http://ncicb.nci.nih.gov/xml/owl/EVS/Thesaurus.owl#C3880	0.9817329
http://snomed.info/id/231828003	http://ncicb.nci.nih.gov/xml/owl/EVS/Thesaurus.owl#C4357	0.99086177
http://snomed.info/id/231829006	http://ncicb.nci.nih.gov/xml/owl/EVS/Thesaurus.owl#C6786	0.99159712
http://snomed.info/id/231834005	http://ncicb.nci.nih.gov/xml/owl/EVS/Thesaurus.owl#C4358	0.95096916
http://snomed.info/id/231964001	http://ncicb.nci.nih.gov/xml/owl/EVS/Thesaurus.owl#C3142	0.94963598
http://snomed.info/id/232075002	http://ncicb.nci.nih.gov/xml/owl/EVS/Thesaurus.owl#C4365	0.88133454
http://snomed.info/id/232457008	http://ncicb.nci.nih.gov/xml/owl/EVS/Thesaurus.owl#C157733	1.0
http://snomed.info/id/23255001	http://ncicb.nci.nih.gov/xml/owl/EVS/Thesaurus.owl#C4308	0.92151123
http://snomed.info/id/233719000	http://ncicb.nci.nih.gov/xml/owl/EVS/Thesaurus.owl#C4370	0.9902178
http://snomed.info/id/235028007	http://ncicb.nci.nih.gov/xml/owl/EVS/Thesaurus.owl#C4694	1.0
http://snomed.info/id/235075007	http://ncicb.nci.nih.gov/xml/owl/EVS/Thesaurus.owl#C7606	0.95243382
http://snomed.info/id/235132004	http://ncicb.nci.nih.gov/xml/owl/EVS/Thesaurus.owl#C3361	0.98870516
http://snomed.info/id/235966007	http://ncicb.nci.nih.gov/xml/owl/EVS/Thesaurus.owl#C3874	0.9713434
http://snomed.info/id/236005001	http://ncicb.nci.nih.gov/xml/owl/EVS/Thesaurus.owl#C3815	1.0
http://snomed.info/id/23604003	http://ncicb.nci.nih.gov/xml/owl/EVS/Thesaurus.owl#C40424	1.0
http://snomed.info/id/237057005	http://ncicb.nci.nih.gov/xml/owl/EVS/Thesaurus.owl#C4381	0.96038544
http://snomed.info/id/237058000	http://ncicb.nci.nih.gov/xml/owl/EVS/Thesaurus.owl#C4862	0.91876966
http://snomed.info/id/237059008	http://ncicb.nci.nih.gov/xml/owl/EVS/Thesaurus.owl#C3873	0.97122407
http://snomed.info/id/237250000	http://ncicb.nci.nih.gov/xml/owl/EVS/Thesaurus.owl#C4871	0.95543885
http://snomed.info/id/237252008	http://ncicb.nci.nih.gov/xml/owl/EVS/Thesaurus.owl#C3757	0.97197044
http://snomed.info/id/238701007	http://ncicb.nci.nih.gov/xml/owl/EVS/Thesaurus.owl#C4233	1.0
http://snomed.info/id/238770007	http://ncicb.nci.nih.gov/xml/owl/EVS/Thesaurus.owl#C4391	1.0
http://snomed.info/id/238862009	http://ncicb.nci.nih.gov/xml/owl/EVS/Thesaurus.owl#C6484	0.87493253
http://snomed.info/id/238863004	http://ncicb.nci.nih.gov/xml/owl/EVS/Thesaurus.owl#C4700	0.97237045
http://snomed.info/id/238865006	http://ncicb.nci.nih.gov/xml/owl/EVS/Thesaurus.owl#C4811	1.0
http://snomed.info/id/239118007	http://ncicb.nci.nih.gov/xml/owl/EVS/Thesaurus.owl#C4740	1.0
http://snomed.info/id/239128003	http://ncicb.nci.nih.gov/xml/owl/EVS/Thesaurus.owl#C4704	1.0
http://snomed.info/id/23966000	http://ncicb.nci.nih.gov/xml/owl/EVS/Thesaurus.owl#C3932	0.97272986
http://snomed.info/id/239940004	http://ncicb.nci.nih.gov/xml/owl/EVS/Thesaurus.owl#C7930	1.0
http://snomed.info/id/24007003	http://ncicb.nci.nih.gov/xml/owl/EVS/Thesaurus.owl#C4264	0.99719346
http://snomed.info/id/240207006	http://ncicb.nci.nih.gov/xml/owl/EVS/Thesaurus.owl#C34467	1.0
http://snomed.info/id/24045002	http://ncicb.nci.nih.gov/xml/owl/EVS/Thesaurus.owl#C7450	1.0
http://snomed.info/id/240531002	http://ncicb.nci.nih.gov/xml/owl/EVS/Thesaurus.owl#C27122	0.93207282
http://snomed.info/id/24072005	http://ncicb.nci.nih.gov/xml/owl/EVS/Thesaurus.owl#C9300	0.93292719
http://snomed.info/id/2424003	http://ncicb.nci.nih.gov/xml/owl/EVS/Thesaurus.owl#C9118	0.9288463
http://snomed.info/id/24327009	http://ncicb.nci.nih.gov/xml/owl/EVS/Thesaurus.owl#C7468	1.0
http://snomed.info/id/24482001	http://ncicb.nci.nih.gov/xml/owl/EVS/Thesaurus.owl#C7559	1.0
http://snomed.info/id/24505004	http://ncicb.nci.nih.gov/xml/owl/EVS/Thesaurus.owl#C4127	0.87514693
http://snomed.info/id/2460001000004103	http://ncicb.nci.nih.gov/xml/owl/EVS/Thesaurus.owl#C6644	0.94381237
http://snomed.info/id/24604009	http://ncicb.nci.nih.gov/xml/owl/EVS/Thesaurus.owl#C3706	0.92176694
http://snomed.info/id/24653009	http://ncicb.nci.nih.gov/xml/owl/EVS/Thesaurus.owl#C4238	1.0
http://snomed.info/id/24762001	http://ncicb.nci.nih.gov/xml/owl/EVS/Thesaurus.owl#C4114	0.95526183
http://snomed.info/id/249446000	http://ncicb.nci.nih.gov/xml/owl/EVS/Thesaurus.owl#C4709	1.0
http://snomed.info/id/25081006	http://ncicb.nci.nih.gov/xml/owl/EVS/Thesaurus.owl#C114235	0.90806049
http://snomed.info/id/25169009	http://ncicb.nci.nih.gov/xml/owl/EVS/Thesaurus.owl#C3275	0.87218958
http://snomed.info/id/25173007	http://ncicb.nci.nih.gov/xml/owl/EVS/Thesaurus.owl#C4798	0.97955012
http://snomed.info/id/25190001	http://ncicb.nci.nih.gov/xml/owl/EVS/Thesaurus.owl#C4126	1.0
http://snomed.info/id/25239006	http://ncicb.nci.nih.gov/xml/owl/EVS/Thesaurus.owl#C8965	0.95333755
http://snomed.info/id/252989001	http://ncicb.nci.nih.gov/xml/owl/EVS/Thesaurus.owl#C2906	0.90459359
http://snomed.info/id/252996004	http://ncicb.nci.nih.gov/xml/owl/EVS/Thesaurus.owl#C4743	0.99512982
http://snomed.info/id/253001006	http://ncicb.nci.nih.gov/xml/owl/EVS/Thesaurus.owl#C9231	1.0
http://snomed.info/id/253006001	http://ncicb.nci.nih.gov/xml/owl/EVS/Thesaurus.owl#C95595	0.97246772
http://snomed.info/id/253020008	http://ncicb.nci.nih.gov/xml/owl/EVS/Thesaurus.owl#C7563	0.95797074
http://snomed.info/id/253021007	http://ncicb.nci.nih.gov/xml/owl/EVS/Thesaurus.owl#C4173	0.97857952
http://snomed.info/id/253025003	http://ncicb.nci.nih.gov/xml/owl/EVS/Thesaurus.owl#C4711	1.0
http://snomed.info/id/253026002	http://ncicb.nci.nih.gov/xml/owl/EVS/Thesaurus.owl#C4712	1.0
http://snomed.info/id/253029009	http://ncicb.nci.nih.gov/xml/owl/EVS/Thesaurus.owl#C3308	0.92554122
http://snomed.info/id/253038006	http://ncicb.nci.nih.gov/xml/owl/EVS/Thesaurus.owl#C66758	1.0
http://snomed.info/id/253051001	http://ncicb.nci.nih.gov/xml/owl/EVS/Thesaurus.owl#C4746	0.90314656
http://snomed.info/id/253057002	http://ncicb.nci.nih.gov/xml/owl/EVS/Thesaurus.owl#C8965	0.95449996
http://snomed.info/id/253068002	http://ncicb.nci.nih.gov/xml/owl/EVS/Thesaurus.owl#C4714	1.0
http://snomed.info/id/253072003	http://ncicb.nci.nih.gov/xml/owl/EVS/Thesaurus.owl#C6959	1.0
http://snomed.info/id/253083007	http://ncicb.nci.nih.gov/xml/owl/EVS/Thesaurus.owl#C4720	0.9887172
http://snomed.info/id/253084001	http://ncicb.nci.nih.gov/xml/owl/EVS/Thesaurus.owl#C4721	1.0
http://snomed.info/id/253086004	http://ncicb.nci.nih.gov/xml/owl/EVS/Thesaurus.owl#C4724	1.0
http://snomed.info/id/253087008	http://ncicb.nci.nih.gov/xml/owl/EVS/Thesaurus.owl#C6969	1.0
http://snomed.info/id/253091003	http://ncicb.nci.nih.gov/xml/owl/EVS/Thesaurus.owl#C121681	1.0
http://snomed.info/id/253093000	http://ncicb.nci.nih.gov/xml/owl/EVS/Thesaurus.owl#C6561	0.98476976
http://snomed.info/id/253094006	http://ncicb.nci.nih.gov/xml/owl/EVS/Thesaurus.owl#C4748	1.0
http://snomed.info/id/253096008	http://ncicb.nci.nih.gov/xml/owl/EVS/Thesaurus.owl#C9341	0.97185117
http://snomed.info/id/25370001	http://ncicb.nci.nih.gov/xml/owl/EVS/Thesaurus.owl#C3099	1.0
http://snomed.info/id/254242006	http://ncicb.nci.nih.gov/xml/owl/EVS/Thesaurus.owl#C8426	1.0
http://snomed.info/id/254290004	http://ncicb.nci.nih.gov/xml/owl/EVS/Thesaurus.owl#C4727	0.94833922
http://snomed.info/id/254424004	http://ncicb.nci.nih.gov/xml/owl/EVS/Thesaurus.owl#C8392	0.88107365
http://snomed.info/id/254435009	http://ncicb.nci.nih.gov/xml/owl/EVS/Thesaurus.owl#C8395	0.97880089
http://snomed.info/id/254437001	http://ncicb.nci.nih.gov/xml/owl/EVS/Thesaurus.owl#C4040	0.97856349
http://snomed.info/id/254462001	http://ncicb.nci.nih.gov/xml/owl/EVS/Thesaurus.owl#C6791	0.9769156
http://snomed.info/id/254463006	http://ncicb.nci.nih.gov/xml/owl/EVS/Thesaurus.owl#C35416	0.98057842
http://snomed.info/id/254465004	http://ncicb.nci.nih.gov/xml/owl/EVS/Thesaurus.owl#C8396	0.98000622
http://snomed.info/id/254466003	http://ncicb.nci.nih.gov/xml/owl/EVS/Thesaurus.owl#C8397	0.98060685
http://snomed.info/id/254555008	http://ncicb.nci.nih.gov/xml/owl/EVS/Thesaurus.owl#C8398	0.96439505
http://snomed.info/id/254557000	http://ncicb.nci.nih.gov/xml/owl/EVS/Thesaurus.owl#C8399	0.94373912
http://snomed.info/id/254570009	http://ncicb.nci.nih.gov/xml/owl/EVS/Thesaurus.owl#C4803	0.94543791
http://snomed.info/id/254573006	http://ncicb.nci.nih.gov/xml/owl/EVS/Thesaurus.owl#C4057	0.96343261
http://snomed.info/id/254582000	http://ncicb.nci.nih.gov/xml/owl/EVS/Thesaurus.owl#C9383	0.95073628
http://snomed.info/id/254589009	http://ncicb.nci.nih.gov/xml/owl/EVS/Thesaurus.owl#C155954	1.0
http://snomed.info/id/254601002	http://ncicb.nci.nih.gov/xml/owl/EVS/Thesaurus.owl#C4437	0.97738373
http://snomed.info/id/254604005	http://ncicb.nci.nih.gov/xml/owl/EVS/Thesaurus.owl#C4445	0.92987591
http://snomed.info/id/254612002	http://ncicb.nci.nih.gov/xml/owl/EVS/Thesaurus.owl#C3770	0.86035639
http://snomed.info/id/254613007	http://ncicb.nci.nih.gov/xml/owl/EVS/Thesaurus.owl#C27720	0.87755847
http://snomed.info/id/254619006	http://ncicb.nci.nih.gov/xml/owl/EVS/Thesaurus.owl#C6051	0.96693289
http://snomed.info/id/254622008	http://ncicb.nci.nih.gov/xml/owl/EVS/Thesaurus.owl#C3493	0.88992625
http://snomed.info/id/254627002	http://ncicb.nci.nih.gov/xml/owl/EVS/Thesaurus.owl#C4038	0.98842359
http://snomed.info/id/254629004	http://ncicb.nci.nih.gov/xml/owl/EVS/Thesaurus.owl#C4450	0.9847008
http://snomed.info/id/254632001	http://ncicb.nci.nih.gov/xml/owl/EVS/Thesaurus.owl#C4917	0.9832775
http://snomed.info/id/254634000	http://ncicb.nci.nih.gov/xml/owl/EVS/Thesaurus.owl#C3493	0.97632658
http://snomed.info/id/254635004	http://ncicb.nci.nih.gov/xml/owl/EVS/Thesaurus.owl#C4453	0.98608041
http://snomed.info/id/254643009	http://ncicb.nci.nih.gov/xml/owl/EVS/Thesaurus.owl#C45637	0.89467788
http://snomed.info/id/254645002	http://ncicb.nci.nih.gov/xml/owl/EVS/Thesaurus.owl#C7376	0.93496668
http://snomed.info/id/254649008	http://ncicb.nci.nih.gov/xml/owl/EVS/Thesaurus.owl#C7342	0.99161768
http://snomed.info/id/254652000	http://ncicb.nci.nih.gov/xml/owl/EVS/Thesaurus.owl#C4459	0.97550756
http://snomed.info/id/254653005	http://ncicb.nci.nih.gov/xml/owl/EVS/Thesaurus.owl#C4666	0.98945045
http://snomed.info/id/254655003	http://ncicb.nci.nih.gov/xml/owl/EVS/Thesaurus.owl#C6811	1.0
http://snomed.info/id/254656002	http://ncicb.nci.nih.gov/xml/owl/EVS/Thesaurus.owl#C2906	0.98302209
http://snomed.info/id/254658001	http://ncicb.nci.nih.gov/xml/owl/EVS/Thesaurus.owl#C7341	0.9915154
http://snomed.info/id/254659009	http://ncicb.nci.nih.gov/xml/owl/EVS/Thesaurus.owl#C4461	1.0
http://snomed.info/id/254661000	http://ncicb.nci.nih.gov/xml/owl/EVS/Thesaurus.owl#C4462	0.99168324
http://snomed.info/id/254693008	http://ncicb.nci.nih.gov/xml/owl/EVS/Thesaurus.owl#C4468	1.0
http://snomed.info/id/254694002	http://ncicb.nci.nih.gov/xml/owl/EVS/Thesaurus.owl#C4469	0.99574047
http://snomed.info/id/254695001	http://ncicb.nci.nih.gov/xml/owl/EVS/Thesaurus.owl#C43325	1.0
http://snomed.info/id/254696000	http://ncicb.nci.nih.gov/xml/owl/EVS/Thesaurus.owl#C27524	1.0
http://snomed.info/id/254698004	http://ncicb.nci.nih.gov/xml/owl/EVS/Thesaurus.owl#C4470	1.0
http://snomed.info/id/254699007	http://ncicb.nci.nih.gov/xml/owl/EVS/Thesaurus.owl#C43331	1.0
http://snomed.info/id/254701007	http://ncicb.nci.nih.gov/xml/owl/EVS/Thesaurus.owl#C2921	0.98484051
http://snomed.info/id/254707006	http://ncicb.nci.nih.gov/xml/owl/EVS/Thesaurus.owl#C5559	0.93714935
http://snomed.info/id/254712007	http://ncicb.nci.nih.gov/xml/owl/EVS/Thesaurus.owl#C7581	0.95862144
http://snomed.info/id/254713002	http://ncicb.nci.nih.gov/xml/owl/EVS/Thesaurus.owl#C4472	0.98093879
http://snomed.info/id/254718006	http://ncicb.nci.nih.gov/xml/owl/EVS/Thesaurus.owl#C6796	0.90205407
http://snomed.info/id/254720009	http://ncicb.nci.nih.gov/xml/owl/EVS/Thesaurus.owl#C4474	0.85347116
http://snomed.info/id/254722001	http://ncicb.nci.nih.gov/xml/owl/EVS/Thesaurus.owl#C6796	0.90453595
http://snomed.info/id/254725004	http://ncicb.nci.nih.gov/xml/owl/EVS/Thesaurus.owl#C4168	0.88144594
http://snomed.info/id/254730000	http://ncicb.nci.nih.gov/xml/owl/EVS/Thesaurus.owl#C156072	0.86009723
http://snomed.info/id/254735005	http://ncicb.nci.nih.gov/xml/owl/EVS/Thesaurus.owl#C4475	0.90562415
http://snomed.info/id/254736006	http://ncicb.nci.nih.gov/xml/owl/EVS/Thesaurus.owl#C4634	0.8978672
http://snomed.info/id/254749001	http://ncicb.nci.nih.gov/xml/owl/EVS/Thesaurus.owl#C7749	0.96967471
http://snomed.info/id/254754005	http://ncicb.nci.nih.gov/xml/owl/EVS/Thesaurus.owl#C4246	0.95731497
http://snomed.info/id/254756007	http://ncicb.nci.nih.gov/xml/owl/EVS/Thesaurus.owl#C4478	0.99109858
http://snomed.info/id/254758008	http://ncicb.nci.nih.gov/xml/owl/EVS/Thesaurus.owl#C4479	0.95035553
http://snomed.info/id/254761009	http://ncicb.nci.nih.gov/xml/owl/EVS/Thesaurus.owl#C128451	1.0
http://snomed.info/id/254771006	http://ncicb.nci.nih.gov/xml/owl/EVS/Thesaurus.owl#C121583	0.92831063
http://snomed.info/id/254786000	http://ncicb.nci.nih.gov/xml/owl/EVS/Thesaurus.owl#C4487	0.97365081
http://snomed.info/id/254794007	http://ncicb.nci.nih.gov/xml/owl/EVS/Thesaurus.owl#C4489	0.9880985
http://snomed.info/id/254795008	http://ncicb.nci.nih.gov/xml/owl/EVS/Thesaurus.owl#C4491	0.98647135
http://snomed.info/id/254796009	http://ncicb.nci.nih.gov/xml/owl/EVS/Thesaurus.owl#C4492	0.98774558
http://snomed.info/id/254797000	http://ncicb.nci.nih.gov/xml/owl/EVS/Thesaurus.owl#C4493	0.98828101
http://snomed.info/id/254798005	http://ncicb.nci.nih.gov/xml/owl/EVS/Thesaurus.owl#C4494	0.98453301
http://snomed.info/id/254807000	http://ncicb.nci.nih.gov/xml/owl/EVS/Thesaurus.owl#C4496	0.99495947
http://snomed.info/id/254808005	http://ncicb.nci.nih.gov/xml/owl/EVS/Thesaurus.owl#C4241	0.99363965
http://snomed.info/id/254811006	http://ncicb.nci.nih.gov/xml/owl/EVS/Thesaurus.owl#C66757	0.91305333
http://snomed.info/id/254812004	http://ncicb.nci.nih.gov/xml/owl/EVS/Thesaurus.owl#C66758	0.85885096
http://snomed.info/id/254815002	http://ncicb.nci.nih.gov/xml/owl/EVS/Thesaurus.owl#C4234	0.94773531
http://snomed.info/id/254818000	http://ncicb.nci.nih.gov/xml/owl/EVS/Thesaurus.owl#C3694	0.99120051
http://snomed.info/id/254827004	http://ncicb.nci.nih.gov/xml/owl/EVS/Thesaurus.owl#C4248	0.99029124
http://snomed.info/id/254830006	http://ncicb.nci.nih.gov/xml/owl/EVS/Thesaurus.owl#C4502	0.9951933
http://snomed.info/id/254831005	http://ncicb.nci.nih.gov/xml/owl/EVS/Thesaurus.owl#C4248	0.86163682
http://snomed.info/id/254836000	http://ncicb.nci.nih.gov/xml/owl/EVS/Thesaurus.owl#C8965	0.91013741
http://snomed.info/id/254837009	http://ncicb.nci.nih.gov/xml/owl/EVS/Thesaurus.owl#C9335	0.98416913
http://snomed.info/id/254838004	http://ncicb.nci.nih.gov/xml/owl/EVS/Thesaurus.owl#C4872	0.95773864
http://snomed.info/id/254839007	http://ncicb.nci.nih.gov/xml/owl/EVS/Thesaurus.owl#C7362	0.96486634
http://snomed.info/id/254840009	http://ncicb.nci.nih.gov/xml/owl/EVS/Thesaurus.owl#C4001	0.9670406
http://snomed.info/id/254844000	http://ncicb.nci.nih.gov/xml/owl/EVS/Thesaurus.owl#C4504	0.98372138
http://snomed.info/id/254845004	http://ncicb.nci.nih.gov/xml/owl/EVS/Thesaurus.owl#C3744	0.98716336
http://snomed.info/id/254846003	http://ncicb.nci.nih.gov/xml/owl/EVS/Thesaurus.owl#C4273	0.98855406
http://snomed.info/id/254847007	http://ncicb.nci.nih.gov/xml/owl/EVS/Thesaurus.owl#C4276	0.98860151
http://snomed.info/id/254851009	http://ncicb.nci.nih.gov/xml/owl/EVS/Thesaurus.owl#C4026	0.97743171
http://snomed.info/id/254852002	http://ncicb.nci.nih.gov/xml/owl/EVS/Thesaurus.owl#C7979	0.93927914
http://snomed.info/id/254855000	http://ncicb.nci.nih.gov/xml/owl/EVS/Thesaurus.owl#C8114	0.85780621
http://snomed.info/id/254857008	http://ncicb.nci.nih.gov/xml/owl/EVS/Thesaurus.owl#C4510	0.97467804
http://snomed.info/id/254859006	http://ncicb.nci.nih.gov/xml/owl/EVS/Thesaurus.owl#C3872	0.96549922
http://snomed.info/id/254863004	http://ncicb.nci.nih.gov/xml/owl/EVS/Thesaurus.owl#C6261	0.98129195
http://snomed.info/id/254865006	http://ncicb.nci.nih.gov/xml/owl/EVS/Thesaurus.owl#C3498	0.97607809
http://snomed.info/id/254866007	http://ncicb.nci.nih.gov/xml/owl/EVS/Thesaurus.owl#C2880	0.98421556
http://snomed.info/id/254867003	http://ncicb.nci.nih.gov/xml/owl/EVS/Thesaurus.owl#C3072	0.97548324
http://snomed.info/id/254870004	http://ncicb.nci.nih.gov/xml/owl/EVS/Thesaurus.owl#C4515	0.97536469
http://snomed.info/id/254872007	http://ncicb.nci.nih.gov/xml/owl/EVS/Thesaurus.owl#C8108	0.94874352
http://snomed.info/id/254873002	http://ncicb.nci.nih.gov/xml/owl/EVS/Thesaurus.owl#C4516	0.96458369
http://snomed.info/id/254874008	http://ncicb.nci.nih.gov/xml/owl/EVS/Thesaurus.owl#C8106	0.97520792
http://snomed.info/id/254876005	http://ncicb.nci.nih.gov/xml/owl/EVS/Thesaurus.owl#C8107	0.85886425
http://snomed.info/id/254878006	http://ncicb.nci.nih.gov/xml/owl/EVS/Thesaurus.owl#C7558	1.0
http://snomed.info/id/254883003	http://ncicb.nci.nih.gov/xml/owl/EVS/Thesaurus.owl#C4518	1.0
http://snomed.info/id/254887002	http://ncicb.nci.nih.gov/xml/owl/EVS/Thesaurus.owl#C4029	0.94717383
http://snomed.info/id/254890008	http://ncicb.nci.nih.gov/xml/owl/EVS/Thesaurus.owl#C4520	0.95503968
http://snomed.info/id/254894004	http://ncicb.nci.nih.gov/xml/owl/EVS/Thesaurus.owl#C4521	1.0
http://snomed.info/id/254895003	http://ncicb.nci.nih.gov/xml/owl/EVS/Thesaurus.owl#C4052	0.9549368
http://snomed.info/id/254896002	http://ncicb.nci.nih.gov/xml/owl/EVS/Thesaurus.owl#C40329	0.94897771
http://snomed.info/id/254897006	http://ncicb.nci.nih.gov/xml/owl/EVS/Thesaurus.owl#C40317	0.97627616
http://snomed.info/id/254898001	http://ncicb.nci.nih.gov/xml/owl/EVS/Thesaurus.owl#C4027	0.9697206
http://snomed.info/id/254913005	http://ncicb.nci.nih.gov/xml/owl/EVS/Thesaurus.owl#C3431	0.95531732
http://snomed.info/id/254915003	http://ncicb.nci.nih.gov/xml/owl/EVS/Thesaurus.owl#C4033	0.9681204
http://snomed.info/id/254921004	http://ncicb.nci.nih.gov/xml/owl/EVS/Thesaurus.owl#C3888	0.99130386
http://snomed.info/id/254922006	http://ncicb.nci.nih.gov/xml/owl/EVS/Thesaurus.owl#C4526	0.97662908
http://snomed.info/id/254938000	http://ncicb.nci.nih.gov/xml/owl/EVS/Thesaurus.owl#C60780	0.97586286
http://snomed.info/id/254939008	http://ncicb.nci.nih.gov/xml/owl/EVS/Thesaurus.owl#C156462	0.97810805
http://snomed.info/id/254940005	http://ncicb.nci.nih.gov/xml/owl/EVS/Thesaurus.owl#C9377	0.98504281
http://snomed.info/id/254943007	http://ncicb.nci.nih.gov/xml/owl/EVS/Thesaurus.owl#C8405	0.98181504
http://snomed.info/id/254946004	http://ncicb.nci.nih.gov/xml/owl/EVS/Thesaurus.owl#C4534	0.90644598
http://snomed.info/id/254947008	http://ncicb.nci.nih.gov/xml/owl/EVS/Thesaurus.owl#C4534	0.98558098
http://snomed.info/id/254948003	http://ncicb.nci.nih.gov/xml/owl/EVS/Thesaurus.owl#C4641	0.98327214
http://snomed.info/id/254950006	http://ncicb.nci.nih.gov/xml/owl/EVS/Thesaurus.owl#C4535	0.98858869
http://snomed.info/id/254955001	http://ncicb.nci.nih.gov/xml/owl/EVS/Thesaurus.owl#C4536	0.98853076
http://snomed.info/id/254956000	http://ncicb.nci.nih.gov/xml/owl/EVS/Thesaurus.owl#C3329	0.99282897
http://snomed.info/id/254957009	http://ncicb.nci.nih.gov/xml/owl/EVS/Thesaurus.owl#C7461	1.0
http://snomed.info/id/254958004	http://ncicb.nci.nih.gov/xml/owl/EVS/Thesaurus.owl#C7462	1.0
http://snomed.info/id/254959007	http://ncicb.nci.nih.gov/xml/owl/EVS/Thesaurus.owl#C8011	1.0
http://snomed.info/id/254960002	http://ncicb.nci.nih.gov/xml/owl/EVS/Thesaurus.owl#C45915	1.0
http://snomed.info/id/254962005	http://ncicb.nci.nih.gov/xml/owl/EVS/Thesaurus.owl#C4348	0.94226009
http://snomed.info/id/254968009	http://ncicb.nci.nih.gov/xml/owl/EVS/Thesaurus.owl#C3129	0.92935526
http://snomed.info/id/254976006	http://ncicb.nci.nih.gov/xml/owl/EVS/Thesaurus.owl#C4537	1.0
http://snomed.info/id/254978007	http://ncicb.nci.nih.gov/xml/owl/EVS/Thesaurus.owl#C4538	0.98176664
http://snomed.info/id/254980001	http://ncicb.nci.nih.gov/xml/owl/EVS/Thesaurus.owl#C4539	0.90171391
http://snomed.info/id/254989000	http://ncicb.nci.nih.gov/xml/owl/EVS/Thesaurus.owl#C6804	0.97500414
http://snomed.info/id/25499005	http://ncicb.nci.nih.gov/xml/owl/EVS/Thesaurus.owl#C9006	1.0
http://snomed.info/id/254994000	http://ncicb.nci.nih.gov/xml/owl/EVS/Thesaurus.owl#C4543	0.98710769
http://snomed.info/id/254995004	http://ncicb.nci.nih.gov/xml/owl/EVS/Thesaurus.owl#C4544	0.98581523
http://snomed.info/id/254997007	http://ncicb.nci.nih.gov/xml/owl/EVS/Thesaurus.owl#C4545	0.98974442
http://snomed.info/id/254999005	http://ncicb.nci.nih.gov/xml/owl/EVS/Thesaurus.owl#C4547	0.9827053
http://snomed.info/id/255003007	http://ncicb.nci.nih.gov/xml/owl/EVS/Thesaurus.owl#C4549	0.94186842
http://snomed.info/id/255004001	http://ncicb.nci.nih.gov/xml/owl/EVS/Thesaurus.owl#C4550	0.89213729
http://snomed.info/id/255008003	http://ncicb.nci.nih.gov/xml/owl/EVS/Thesaurus.owl#C4552	0.96098411
http://snomed.info/id/255012009	http://ncicb.nci.nih.gov/xml/owl/EVS/Thesaurus.owl#C9088	0.95799679
http://snomed.info/id/255015006	http://ncicb.nci.nih.gov/xml/owl/EVS/Thesaurus.owl#C4558	0.94556975
http://snomed.info/id/255020006	http://ncicb.nci.nih.gov/xml/owl/EVS/Thesaurus.owl#C4560	0.99170047
http://snomed.info/id/255024002	http://ncicb.nci.nih.gov/xml/owl/EVS/Thesaurus.owl#C174501	0.9819786
http://snomed.info/id/255026000	http://ncicb.nci.nih.gov/xml/owl/EVS/Thesaurus.owl#C174539	0.96919876
http://snomed.info/id/255027009	http://ncicb.nci.nih.gov/xml/owl/EVS/Thesaurus.owl#C66812	0.88284171
http://snomed.info/id/255031003	http://ncicb.nci.nih.gov/xml/owl/EVS/Thesaurus.owl#C3878	0.97960007
http://snomed.info/id/255034006	http://ncicb.nci.nih.gov/xml/owl/EVS/Thesaurus.owl#C3502	0.99520141
http://snomed.info/id/255046005	http://ncicb.nci.nih.gov/xml/owl/EVS/Thesaurus.owl#C3809	0.98176521
http://snomed.info/id/255047001	http://ncicb.nci.nih.gov/xml/owl/EVS/Thesaurus.owl#C126086	0.93864155
http://snomed.info/id/255056009	http://ncicb.nci.nih.gov/xml/owl/EVS/Thesaurus.owl#C4013	0.97297001
http://snomed.info/id/255058005	http://ncicb.nci.nih.gov/xml/owl/EVS/Thesaurus.owl#C3406	0.94718486
http://snomed.info/id/255059002	http://ncicb.nci.nih.gov/xml/owl/EVS/Thesaurus.owl#C4565	0.94815934
http://snomed.info/id/255071008	http://ncicb.nci.nih.gov/xml/owl/EVS/Thesaurus.owl#C4042	0.94766235
http://snomed.info/id/255072001	http://ncicb.nci.nih.gov/xml/owl/EVS/Thesaurus.owl#C3811	0.98321956
http://snomed.info/id/255081007	http://ncicb.nci.nih.gov/xml/owl/EVS/Thesaurus.owl#C3491	0.98205686
http://snomed.info/id/255084004	http://ncicb.nci.nih.gov/xml/owl/EVS/Thesaurus.owl#C6925	0.97482532
http://snomed.info/id/255088001	http://ncicb.nci.nih.gov/xml/owl/EVS/Thesaurus.owl#C7430	0.97956759
http://snomed.info/id/255096006	http://ncicb.nci.nih.gov/xml/owl/EVS/Thesaurus.owl#C4574	0.9121303
http://snomed.info/id/255107005	http://ncicb.nci.nih.gov/xml/owl/EVS/Thesaurus.owl#C7328	0.9813394
http://snomed.info/id/255109008	http://ncicb.nci.nih.gov/xml/owl/EVS/Thesaurus.owl#C2930	0.92475677
http://snomed.info/id/255110003	http://ncicb.nci.nih.gov/xml/owl/EVS/Thesaurus.owl#C39836	0.97163624
http://snomed.info/id/255111004	http://ncicb.nci.nih.gov/xml/owl/EVS/Thesaurus.owl#C4031	0.9719153
http://snomed.info/id/255115008	http://ncicb.nci.nih.gov/xml/owl/EVS/Thesaurus.owl#C4579	0.96918148
http://snomed.info/id/255119002	http://ncicb.nci.nih.gov/xml/owl/EVS/Thesaurus.owl#C3870	0.96470612
http://snomed.info/id/255143004	http://ncicb.nci.nih.gov/xml/owl/EVS/Thesaurus.owl#C4595	1.0
http://snomed.info/id/255154009	http://ncicb.nci.nih.gov/xml/owl/EVS/Thesaurus.owl#C4600	0.97690541
http://snomed.info/id/255155005	http://ncicb.nci.nih.gov/xml/owl/EVS/Thesaurus.owl#C4650	0.99125606
http://snomed.info/id/255181009	http://ncicb.nci.nih.gov/xml/owl/EVS/Thesaurus.owl#C8417	0.98520333
http://snomed.info/id/255187008	http://ncicb.nci.nih.gov/xml/owl/EVS/Thesaurus.owl#C4616	0.99045539
http://snomed.info/id/25603007	http://ncicb.nci.nih.gov/xml/owl/EVS/Thesaurus.owl#C173820	0.92984891
http://snomed.info/id/25910003	http://ncicb.nci.nih.gov/xml/owl/EVS/Thesaurus.owl#C2927	1.0
http://snomed.info/id/26019009	http://ncicb.nci.nih.gov/xml/owl/EVS/Thesaurus.owl#C66813	1.0
http://snomed.info/id/26211003	http://ncicb.nci.nih.gov/xml/owl/EVS/Thesaurus.owl#C8778	0.85346836
http://snomed.info/id/26372004	http://ncicb.nci.nih.gov/xml/owl/EVS/Thesaurus.owl#C3202	0.91887587
http://snomed.info/id/26496005	http://ncicb.nci.nih.gov/xml/owl/EVS/Thesaurus.owl#C3739	0.93433297
http://snomed.info/id/26545006	http://ncicb.nci.nih.gov/xml/owl/EVS/Thesaurus.owl#C4161	0.88791037
http://snomed.info/id/26638004	http://ncicb.nci.nih.gov/xml/owl/EVS/Thesaurus.owl#C4151	0.90651995
http://snomed.info/id/266569009	http://ncicb.nci.nih.gov/xml/owl/EVS/Thesaurus.owl#C2897	1.0
http://snomed.info/id/26888009	http://ncicb.nci.nih.gov/xml/owl/EVS/Thesaurus.owl#C4812	0.98381519
http://snomed.info/id/26904005	http://ncicb.nci.nih.gov/xml/owl/EVS/Thesaurus.owl#C121844	1.0
http://snomed.info/id/269469005	http://ncicb.nci.nih.gov/xml/owl/EVS/Thesaurus.owl#C4867	0.98298788
http://snomed.info/id/269475001	http://ncicb.nci.nih.gov/xml/owl/EVS/Thesaurus.owl#C35813	0.86712497
http://snomed.info/id/269515006	http://ncicb.nci.nih.gov/xml/owl/EVS/Thesaurus.owl#C3490	0.9034521
http://snomed.info/id/269533000	http://ncicb.nci.nih.gov/xml/owl/EVS/Thesaurus.owl#C4910	0.97723264
http://snomed.info/id/27090000	http://ncicb.nci.nih.gov/xml/owl/EVS/Thesaurus.owl#C2930	1.0
http://snomed.info/id/27230006	http://ncicb.nci.nih.gov/xml/owl/EVS/Thesaurus.owl#C111198	0.9663614
http://snomed.info/id/27313007	http://ncicb.nci.nih.gov/xml/owl/EVS/Thesaurus.owl#C4254	1.0
http://snomed.info/id/2735009	http://ncicb.nci.nih.gov/xml/owl/EVS/Thesaurus.owl#C3777	1.0
http://snomed.info/id/27391005	http://ncicb.nci.nih.gov/xml/owl/EVS/Thesaurus.owl#C8372	1.0
http://snomed.info/id/274084007	http://ncicb.nci.nih.gov/xml/owl/EVS/Thesaurus.owl#C8463	1.0
http://snomed.info/id/274089002	http://ncicb.nci.nih.gov/xml/owl/EVS/Thesaurus.owl#C3275	0.93563557
http://snomed.info/id/274134003	http://ncicb.nci.nih.gov/xml/owl/EVS/Thesaurus.owl#C3186	1.0
http://snomed.info/id/274897005	http://ncicb.nci.nih.gov/xml/owl/EVS/Thesaurus.owl#C4110	1.0
http://snomed.info/id/274899008	http://ncicb.nci.nih.gov/xml/owl/EVS/Thesaurus.owl#C4112	1.0
http://snomed.info/id/274903001	http://ncicb.nci.nih.gov/xml/owl/EVS/Thesaurus.owl#C43344	0.87372518
http://snomed.info/id/275269004	http://ncicb.nci.nih.gov/xml/owl/EVS/Thesaurus.owl#C8548	0.9827233
http://snomed.info/id/276751004	http://ncicb.nci.nih.gov/xml/owl/EVS/Thesaurus.owl#C4633	0.98031938
http://snomed.info/id/276799004	http://ncicb.nci.nih.gov/xml/owl/EVS/Thesaurus.owl#C4683	1.0
http://snomed.info/id/276803003	http://ncicb.nci.nih.gov/xml/owl/EVS/Thesaurus.owl#C4025	0.94647837
http://snomed.info/id/276804009	http://ncicb.nci.nih.gov/xml/owl/EVS/Thesaurus.owl#C4024	0.95743668
http://snomed.info/id/276805005	http://ncicb.nci.nih.gov/xml/owl/EVS/Thesaurus.owl#C3866	0.97321939
http://snomed.info/id/276809004	http://ncicb.nci.nih.gov/xml/owl/EVS/Thesaurus.owl#C27131	1.0
http://snomed.info/id/276812001	http://ncicb.nci.nih.gov/xml/owl/EVS/Thesaurus.owl#C3876	0.97889572
http://snomed.info/id/276816003	http://ncicb.nci.nih.gov/xml/owl/EVS/Thesaurus.owl#C96062	0.90496469
http://snomed.info/id/276818002	http://ncicb.nci.nih.gov/xml/owl/EVS/Thesaurus.owl#C96061	0.91137844
http://snomed.info/id/276821000	http://ncicb.nci.nih.gov/xml/owl/EVS/Thesaurus.owl#C4639	0.86024916
http://snomed.info/id/276822007	http://ncicb.nci.nih.gov/xml/owl/EVS/Thesaurus.owl#C4640	0.90139949
http://snomed.info/id/276828006	http://ncicb.nci.nih.gov/xml/owl/EVS/Thesaurus.owl#C5151	0.88937432
http://snomed.info/id/276829003	http://ncicb.nci.nih.gov/xml/owl/EVS/Thesaurus.owl#C27183	0.85697633
http://snomed.info/id/276836002	http://ncicb.nci.nih.gov/xml/owl/EVS/Thesaurus.owl#C7611	0.933707
http://snomed.info/id/276870001	http://ncicb.nci.nih.gov/xml/owl/EVS/Thesaurus.owl#C3867	0.98264813
http://snomed.info/id/276871002	http://ncicb.nci.nih.gov/xml/owl/EVS/Thesaurus.owl#C4644	0.89260679
http://snomed.info/id/276872009	http://ncicb.nci.nih.gov/xml/owl/EVS/Thesaurus.owl#C4645	1.0
http://snomed.info/id/276873004	http://ncicb.nci.nih.gov/xml/owl/EVS/Thesaurus.owl#C4760	0.86310315
http://snomed.info/id/276874005	http://ncicb.nci.nih.gov/xml/owl/EVS/Thesaurus.owl#C37272	0.87622333
http://snomed.info/id/276952000	http://ncicb.nci.nih.gov/xml/owl/EVS/Thesaurus.owl#C4648	0.97517872
http://snomed.info/id/276954004	http://ncicb.nci.nih.gov/xml/owl/EVS/Thesaurus.owl#C4041	0.96878904
http://snomed.info/id/276975007	http://ncicb.nci.nih.gov/xml/owl/EVS/Thesaurus.owl#C4855	0.92566144
http://snomed.info/id/277155005	http://ncicb.nci.nih.gov/xml/owl/EVS/Thesaurus.owl#C4652	0.96382403
http://snomed.info/id/277156006	http://ncicb.nci.nih.gov/xml/owl/EVS/Thesaurus.owl#C4653	0.9811272
http://snomed.info/id/277161008	http://ncicb.nci.nih.gov/xml/owl/EVS/Thesaurus.owl#C4733	1.0
http://snomed.info/id/277185000	http://ncicb.nci.nih.gov/xml/owl/EVS/Thesaurus.owl#C4655	1.0
http://snomed.info/id/277466009	http://ncicb.nci.nih.gov/xml/owl/EVS/Thesaurus.owl#C9308	1.0
http://snomed.info/id/277507004	http://ncicb.nci.nih.gov/xml/owl/EVS/Thesaurus.owl#C6809	0.96103781
http://snomed.info/id/277508009	http://ncicb.nci.nih.gov/xml/owl/EVS/Thesaurus.owl#C4659	0.98688424
http://snomed.info/id/277523004	http://ncicb.nci.nih.gov/xml/owl/EVS/Thesaurus.owl#C4661	1.0
http://snomed.info/id/277527003	http://ncicb.nci.nih.gov/xml/owl/EVS/Thesaurus.owl#C4662	0.97974819
http://snomed.info/id/277567002	http://ncicb.nci.nih.gov/xml/owl/EVS/Thesaurus.owl#C4752	1.0
http://snomed.info/id/277571004	http://ncicb.nci.nih.gov/xml/owl/EVS/Thesaurus.owl#C8644	0.96887243
http://snomed.info/id/277573001	http://ncicb.nci.nih.gov/xml/owl/EVS/Thesaurus.owl#C27797	1.0
http://snomed.info/id/277575008	http://ncicb.nci.nih.gov/xml/owl/EVS/Thesaurus.owl#C3183	0.964288
http://snomed.info/id/277577000	http://ncicb.nci.nih.gov/xml/owl/EVS/Thesaurus.owl#C3996	0.96500558
http://snomed.info/id/277589003	http://ncicb.nci.nih.gov/xml/owl/EVS/Thesaurus.owl#C3519	0.91673118
http://snomed.info/id/277602003	http://ncicb.nci.nih.gov/xml/owl/EVS/Thesaurus.owl#C3170	1.0
http://snomed.info/id/277604002	http://ncicb.nci.nih.gov/xml/owl/EVS/Thesaurus.owl#C26813	1.0
http://snomed.info/id/277610002	http://ncicb.nci.nih.gov/xml/owl/EVS/Thesaurus.owl#C27270	0.98025298
http://snomed.info/id/277611003	http://ncicb.nci.nih.gov/xml/owl/EVS/Thesaurus.owl#C27098	1.0
http://snomed.info/id/277612005	http://ncicb.nci.nih.gov/xml/owl/EVS/Thesaurus.owl#C27808	0.98972446
http://snomed.info/id/277618009	http://ncicb.nci.nih.gov/xml/owl/EVS/Thesaurus.owl#C3209	0.89656585
http://snomed.info/id/277619001	http://ncicb.nci.nih.gov/xml/owl/EVS/Thesaurus.owl#C4753	1.0
http://snomed.info/id/277622004	http://ncicb.nci.nih.gov/xml/owl/EVS/Thesaurus.owl#C5266	0.86827493
http://snomed.info/id/277628000	http://ncicb.nci.nih.gov/xml/owl/EVS/Thesaurus.owl#C27265	0.93210572
http://snomed.info/id/277629008	http://ncicb.nci.nih.gov/xml/owl/EVS/Thesaurus.owl#C27266	0.91491836
http://snomed.info/id/277637000	http://ncicb.nci.nih.gov/xml/owl/EVS/Thesaurus.owl#C3720	1.0
http://snomed.info/id/277643003	http://ncicb.nci.nih.gov/xml/owl/EVS/Thesaurus.owl#C4736	1.0
http://snomed.info/id/277654008	http://ncicb.nci.nih.gov/xml/owl/EVS/Thesaurus.owl#C4737	1.0
http://snomed.info/id/277844007	http://ncicb.nci.nih.gov/xml/owl/EVS/Thesaurus.owl#C38153	0.98063892
http://snomed.info/id/278024000	http://ncicb.nci.nih.gov/xml/owl/EVS/Thesaurus.owl#C159667	0.98484212
http://snomed.info/id/278050001	http://ncicb.nci.nih.gov/xml/owl/EVS/Thesaurus.owl#C4670	0.96690059
http://snomed.info/id/278054005	http://ncicb.nci.nih.gov/xml/owl/EVS/Thesaurus.owl#C3771	0.96858841
http://snomed.info/id/278065000	http://ncicb.nci.nih.gov/xml/owl/EVS/Thesaurus.owl#C55815	1.0
http://snomed.info/id/278385006	http://ncicb.nci.nih.gov/xml/owl/EVS/Thesaurus.owl#C39756	1.0
http://snomed.info/id/278397007	http://ncicb.nci.nih.gov/xml/owl/EVS/Thesaurus.owl#C39753	1.0
http://snomed.info/id/278398002	http://ncicb.nci.nih.gov/xml/owl/EVS/Thesaurus.owl#C27397	1.0
http://snomed.info/id/278399005	http://ncicb.nci.nih.gov/xml/owl/EVS/Thesaurus.owl#C39754	1.0
http://snomed.info/id/278400003	http://ncicb.nci.nih.gov/xml/owl/EVS/Thesaurus.owl#C27398	1.0
http://snomed.info/id/278401004	http://ncicb.nci.nih.gov/xml/owl/EVS/Thesaurus.owl#C39758	1.0
http://snomed.info/id/278697001	http://ncicb.nci.nih.gov/xml/owl/EVS/Thesaurus.owl#C3031	0.96289802
http://snomed.info/id/281560004	http://ncicb.nci.nih.gov/xml/owl/EVS/Thesaurus.owl#C4826	0.95829004
http://snomed.info/id/281561000	http://ncicb.nci.nih.gov/xml/owl/EVS/Thesaurus.owl#C99055	1.0
http://snomed.info/id/281702006	http://ncicb.nci.nih.gov/xml/owl/EVS/Thesaurus.owl#C8461	1.0
http://snomed.info/id/28237007	http://ncicb.nci.nih.gov/xml/owl/EVS/Thesaurus.owl#C66841	1.0
http://snomed.info/id/28325008	http://ncicb.nci.nih.gov/xml/owl/EVS/Thesaurus.owl#C9505	0.85066873
http://snomed.info/id/28351005	http://ncicb.nci.nih.gov/xml/owl/EVS/Thesaurus.owl#C3255	1.0
http://snomed.info/id/285312008	http://ncicb.nci.nih.gov/xml/owl/EVS/Thesaurus.owl#C177680	0.98176587
http://snomed.info/id/285432005	http://ncicb.nci.nih.gov/xml/owl/EVS/Thesaurus.owl#C9039	0.95837796
http://snomed.info/id/285636001	http://ncicb.nci.nih.gov/xml/owl/EVS/Thesaurus.owl#C3782	1.0
http://snomed.info/id/285769009	http://ncicb.nci.nih.gov/xml/owl/EVS/Thesaurus.owl#C27756	0.90630329
http://snomed.info/id/285836003	http://ncicb.nci.nih.gov/xml/owl/EVS/Thesaurus.owl#C40199	0.90703183
http://snomed.info/id/285838002	http://ncicb.nci.nih.gov/xml/owl/EVS/Thesaurus.owl#C94676	0.96191967
http://snomed.info/id/28655007	http://ncicb.nci.nih.gov/xml/owl/EVS/Thesaurus.owl#C3194	0.90041357
http://snomed.info/id/28733007	http://ncicb.nci.nih.gov/xml/owl/EVS/Thesaurus.owl#C3711	1.0
http://snomed.info/id/28899001	http://ncicb.nci.nih.gov/xml/owl/EVS/Thesaurus.owl#C2929	0.9449141
http://snomed.info/id/28950004	http://ncicb.nci.nih.gov/xml/owl/EVS/Thesaurus.owl#C3182	0.88787729
http://snomed.info/id/28953002	http://ncicb.nci.nih.gov/xml/owl/EVS/Thesaurus.owl#C66771	1.0
http://snomed.info/id/29020002	http://ncicb.nci.nih.gov/xml/owl/EVS/Thesaurus.owl#C4309	1.0
http://snomed.info/id/29074008	http://ncicb.nci.nih.gov/xml/owl/EVS/Thesaurus.owl#C3931	0.98153508
http://snomed.info/id/29370006	http://ncicb.nci.nih.gov/xml/owl/EVS/Thesaurus.owl#C4220	0.9804166
http://snomed.info/id/29421000119105	http://ncicb.nci.nih.gov/xml/owl/EVS/Thesaurus.owl#C7676	1.0
http://snomed.info/id/29792007	http://ncicb.nci.nih.gov/xml/owl/EVS/Thesaurus.owl#C4068	1.0
http://snomed.info/id/2985005	http://ncicb.nci.nih.gov/xml/owl/EVS/Thesaurus.owl#C47857	0.90787971
http://snomed.info/id/300987004	http://ncicb.nci.nih.gov/xml/owl/EVS/Thesaurus.owl#C4829	1.0
http://snomed.info/id/302820008	http://ncicb.nci.nih.gov/xml/owl/EVS/Thesaurus.owl#C4656	1.0
http://snomed.info/id/302821007	http://ncicb.nci.nih.gov/xml/owl/EVS/Thesaurus.owl#C27182	0.90862674
http://snomed.info/id/302823005	http://ncicb.nci.nih.gov/xml/owl/EVS/Thesaurus.owl#C95597	0.98693198
http://snomed.info/id/302824004	http://ncicb.nci.nih.gov/xml/owl/EVS/Thesaurus.owl#C95596	0.94569379
http://snomed.info/id/302826002	http://ncicb.nci.nih.gov/xml/owl/EVS/Thesaurus.owl#C9003	0.99243784
http://snomed.info/id/302827006	http://ncicb.nci.nih.gov/xml/owl/EVS/Thesaurus.owl#C27094	1.0
http://snomed.info/id/302829009	http://ncicb.nci.nih.gov/xml/owl/EVS/Thesaurus.owl#C4192	0.96781272
http://snomed.info/id/302831000	http://ncicb.nci.nih.gov/xml/owl/EVS/Thesaurus.owl#C4747	0.99772757
http://snomed.info/id/302835009	http://ncicb.nci.nih.gov/xml/owl/EVS/Thesaurus.owl#C3326	0.97163862
http://snomed.info/id/302836005	http://ncicb.nci.nih.gov/xml/owl/EVS/Thesaurus.owl#C43372	1.0
http://snomed.info/id/302840001	http://ncicb.nci.nih.gov/xml/owl/EVS/Thesaurus.owl#C66759	1.0
http://snomed.info/id/302842009	http://ncicb.nci.nih.gov/xml/owl/EVS/Thesaurus.owl#C4338	0.94999707
http://snomed.info/id/302843004	http://ncicb.nci.nih.gov/xml/owl/EVS/Thesaurus.owl#C35765	1.0
http://snomed.info/id/302846007	http://ncicb.nci.nih.gov/xml/owl/EVS/Thesaurus.owl#C3358	1.0
http://snomed.info/id/302847003	http://ncicb.nci.nih.gov/xml/owl/EVS/Thesaurus.owl#C3359	1.0
http://snomed.info/id/302849000	http://ncicb.nci.nih.gov/xml/owl/EVS/Thesaurus.owl#C114235	0.90806049
http://snomed.info/id/302856006	http://ncicb.nci.nih.gov/xml/owl/EVS/Thesaurus.owl#C4982	1.0
http://snomed.info/id/302861008	http://ncicb.nci.nih.gov/xml/owl/EVS/Thesaurus.owl#C35259	1.0
http://snomed.info/id/302863006	http://ncicb.nci.nih.gov/xml/owl/EVS/Thesaurus.owl#C8422	1.0
http://snomed.info/id/30289006	http://ncicb.nci.nih.gov/xml/owl/EVS/Thesaurus.owl#C3769	0.96406454
http://snomed.info/id/30301008	http://ncicb.nci.nih.gov/xml/owl/EVS/Thesaurus.owl#C4160	0.86176193
http://snomed.info/id/30383009	http://ncicb.nci.nih.gov/xml/owl/EVS/Thesaurus.owl#C4282	0.97398412
http://snomed.info/id/30546008	http://ncicb.nci.nih.gov/xml/owl/EVS/Thesaurus.owl#C3766	1.00000024
http://snomed.info/id/30649006	http://ncicb.nci.nih.gov/xml/owl/EVS/Thesaurus.owl#C3784	0.91212285
http://snomed.info/id/30664006	http://ncicb.nci.nih.gov/xml/owl/EVS/Thesaurus.owl#C3225	1.0
http://snomed.info/id/30699005	http://ncicb.nci.nih.gov/xml/owl/EVS/Thesaurus.owl#C2932	0.90372747
http://snomed.info/id/307219002	http://ncicb.nci.nih.gov/xml/owl/EVS/Thesaurus.owl#C4832	1.0
http://snomed.info/id/307502000	http://ncicb.nci.nih.gov/xml/owl/EVS/Thesaurus.owl#C4833	0.94061559
http://snomed.info/id/307573009	http://ncicb.nci.nih.gov/xml/owl/EVS/Thesaurus.owl#C53459	0.96459055
http://snomed.info/id/307576001	http://ncicb.nci.nih.gov/xml/owl/EVS/Thesaurus.owl#C53707	0.97103345
http://snomed.info/id/307591004	http://ncicb.nci.nih.gov/xml/owl/EVS/Thesaurus.owl#C8991	1.0
http://snomed.info/id/307593001	http://ncicb.nci.nih.gov/xml/owl/EVS/Thesaurus.owl#C3693	1.0
http://snomed.info/id/307596009	http://ncicb.nci.nih.gov/xml/owl/EVS/Thesaurus.owl#C4168	1.0
http://snomed.info/id/307597000	http://ncicb.nci.nih.gov/xml/owl/EVS/Thesaurus.owl#C7568	0.9130159
http://snomed.info/id/307598005	http://ncicb.nci.nih.gov/xml/owl/EVS/Thesaurus.owl#C4174	0.98744899
http://snomed.info/id/307599002	http://ncicb.nci.nih.gov/xml/owl/EVS/Thesaurus.owl#C40310	0.93562734
http://snomed.info/id/307601000	http://ncicb.nci.nih.gov/xml/owl/EVS/Thesaurus.owl#C3345	1.0
http://snomed.info/id/307603002	http://ncicb.nci.nih.gov/xml/owl/EVS/Thesaurus.owl#C4240	0.89848655
http://snomed.info/id/307618001	http://ncicb.nci.nih.gov/xml/owl/EVS/Thesaurus.owl#C4162	0.99469268
http://snomed.info/id/307624007	http://ncicb.nci.nih.gov/xml/owl/EVS/Thesaurus.owl#C4338	0.97493106
http://snomed.info/id/307635002	http://ncicb.nci.nih.gov/xml/owl/EVS/Thesaurus.owl#C67171	0.94775301
http://snomed.info/id/307637005	http://ncicb.nci.nih.gov/xml/owl/EVS/Thesaurus.owl#C8994	0.97557521
http://snomed.info/id/307647008	http://ncicb.nci.nih.gov/xml/owl/EVS/Thesaurus.owl#C8994	0.99002481
http://snomed.info/id/30924005	http://ncicb.nci.nih.gov/xml/owl/EVS/Thesaurus.owl#C3359	0.95690185
http://snomed.info/id/31047003	http://ncicb.nci.nih.gov/xml/owl/EVS/Thesaurus.owl#C3721	1.0
http://snomed.info/id/310605004	http://ncicb.nci.nih.gov/xml/owl/EVS/Thesaurus.owl#C6485	0.85844773
http://snomed.info/id/31069005	http://ncicb.nci.nih.gov/xml/owl/EVS/Thesaurus.owl#C3337	1.0
http://snomed.info/id/31104000	http://ncicb.nci.nih.gov/xml/owl/EVS/Thesaurus.owl#C66779	1.0
http://snomed.info/id/31186001	http://ncicb.nci.nih.gov/xml/owl/EVS/Thesaurus.owl#C53459	1.0
http://snomed.info/id/312937006	http://ncicb.nci.nih.gov/xml/owl/EVS/Thesaurus.owl#C4921	0.98363346
http://snomed.info/id/314191009	http://ncicb.nci.nih.gov/xml/owl/EVS/Thesaurus.owl#C5228	0.97728354
http://snomed.info/id/314515006	http://ncicb.nci.nih.gov/xml/owl/EVS/Thesaurus.owl#C4061	0.98499984
http://snomed.info/id/31470003	http://ncicb.nci.nih.gov/xml/owl/EVS/Thesaurus.owl#C9474	1.0
http://snomed.info/id/31671006	http://ncicb.nci.nih.gov/xml/owl/EVS/Thesaurus.owl#C9344	1.0
http://snomed.info/id/3172003	http://ncicb.nci.nih.gov/xml/owl/EVS/Thesaurus.owl#C4340	0.97481447
http://snomed.info/id/31794002	http://ncicb.nci.nih.gov/xml/owl/EVS/Thesaurus.owl#C4216	1.0
http://snomed.info/id/32037004	http://ncicb.nci.nih.gov/xml/owl/EVS/Thesaurus.owl#C3060	0.87186235
http://snomed.info/id/32048006	http://ncicb.nci.nih.gov/xml/owl/EVS/Thesaurus.owl#C2855	0.92361522
http://snomed.info/id/32071008	http://ncicb.nci.nih.gov/xml/owl/EVS/Thesaurus.owl#C4292	1.0
http://snomed.info/id/32140001	http://ncicb.nci.nih.gov/xml/owl/EVS/Thesaurus.owl#C2974	1.0
http://snomed.info/id/32236000	http://ncicb.nci.nih.gov/xml/owl/EVS/Thesaurus.owl#C3881	1.0
http://snomed.info/id/32272007	http://ncicb.nci.nih.gov/xml/owl/EVS/Thesaurus.owl#C6938	0.94224
http://snomed.info/id/32280000	http://ncicb.nci.nih.gov/xml/owl/EVS/Thesaurus.owl#C7539	0.94382852
http://snomed.info/id/32296002	http://ncicb.nci.nih.gov/xml/owl/EVS/Thesaurus.owl#C7363	1.0
http://snomed.info/id/32307003	http://ncicb.nci.nih.gov/xml/owl/EVS/Thesaurus.owl#C7486	0.91619545
http://snomed.info/id/32361000119104	http://ncicb.nci.nih.gov/xml/owl/EVS/Thesaurus.owl#C3841	0.94678378
http://snomed.info/id/32456001	http://ncicb.nci.nih.gov/xml/owl/EVS/Thesaurus.owl#C4956	0.92519653
http://snomed.info/id/32512003	http://ncicb.nci.nih.gov/xml/owl/EVS/Thesaurus.owl#C4219	1.0
http://snomed.info/id/32844007	http://ncicb.nci.nih.gov/xml/owl/EVS/Thesaurus.owl#C4290	1.0
http://snomed.info/id/32913002	http://ncicb.nci.nih.gov/xml/owl/EVS/Thesaurus.owl#C66718	0.9567821
http://snomed.info/id/33170000	http://ncicb.nci.nih.gov/xml/owl/EVS/Thesaurus.owl#C2973	0.89762533
http://snomed.info/id/33176006	http://ncicb.nci.nih.gov/xml/owl/EVS/Thesaurus.owl#C3084	0.89959013
http://snomed.info/id/33681003	http://ncicb.nci.nih.gov/xml/owl/EVS/Thesaurus.owl#C6469	0.9890784
http://snomed.info/id/33929001	http://ncicb.nci.nih.gov/xml/owl/EVS/Thesaurus.owl#C4298	1.0
http://snomed.info/id/34337008	http://ncicb.nci.nih.gov/xml/owl/EVS/Thesaurus.owl#C7910	0.90105325
http://snomed.info/id/34941004	http://ncicb.nci.nih.gov/xml/owl/EVS/Thesaurus.owl#C7501	1.0
http://snomed.info/id/35232005	http://ncicb.nci.nih.gov/xml/owl/EVS/Thesaurus.owl#C7688	0.91424876
http://snomed.info/id/35287006	http://ncicb.nci.nih.gov/xml/owl/EVS/Thesaurus.owl#C3520	0.97351855
http://snomed.info/id/35562000	http://ncicb.nci.nih.gov/xml/owl/EVS/Thesaurus.owl#C80307	1.0
http://snomed.info/id/35601003	http://ncicb.nci.nih.gov/xml/owl/EVS/Thesaurus.owl#C3996	1.0
http://snomed.info/id/35718007	http://ncicb.nci.nih.gov/xml/owl/EVS/Thesaurus.owl#C65175	0.96086413
http://snomed.info/id/35917007	http://ncicb.nci.nih.gov/xml/owl/EVS/Thesaurus.owl#C2852	0.96017724
http://snomed.info/id/359619007	http://ncicb.nci.nih.gov/xml/owl/EVS/Thesaurus.owl#C6965	0.9346348
http://snomed.info/id/359648001	http://ncicb.nci.nih.gov/xml/owl/EVS/Thesaurus.owl#C3250	0.91370028
http://snomed.info/id/359987004	http://ncicb.nci.nih.gov/xml/owl/EVS/Thesaurus.owl#C3153	1.0
http://snomed.info/id/36060005	http://ncicb.nci.nih.gov/xml/owl/EVS/Thesaurus.owl#C3087	1.0
http://snomed.info/id/36087009	http://ncicb.nci.nih.gov/xml/owl/EVS/Thesaurus.owl#C4141	1.0
http://snomed.info/id/36318001	http://ncicb.nci.nih.gov/xml/owl/EVS/Thesaurus.owl#C4168	1.0
http://snomed.info/id/363228008	http://ncicb.nci.nih.gov/xml/owl/EVS/Thesaurus.owl#C3000	0.98622119
http://snomed.info/id/363346000	http://ncicb.nci.nih.gov/xml/owl/EVS/Thesaurus.owl#C9305	0.97390181
http://snomed.info/id/363350007	http://ncicb.nci.nih.gov/xml/owl/EVS/Thesaurus.owl#C9329	0.98391783
http://snomed.info/id/363351006	http://ncicb.nci.nih.gov/xml/owl/EVS/Thesaurus.owl#C7418	0.95791769
http://snomed.info/id/363354003	http://ncicb.nci.nih.gov/xml/owl/EVS/Thesaurus.owl#C9311	0.95018679
http://snomed.info/id/363355002	http://ncicb.nci.nih.gov/xml/owl/EVS/Thesaurus.owl#C9338	0.98844057
http://snomed.info/id/363359008	http://ncicb.nci.nih.gov/xml/owl/EVS/Thesaurus.owl#C4765	0.98716563
http://snomed.info/id/363367000	http://ncicb.nci.nih.gov/xml/owl/EVS/Thesaurus.owl#C7502	0.95952117
http://snomed.info/id/363376007	http://ncicb.nci.nih.gov/xml/owl/EVS/Thesaurus.owl#C6061	0.87241125
http://snomed.info/id/363378008	http://ncicb.nci.nih.gov/xml/owl/EVS/Thesaurus.owl#C4762	0.98222435
http://snomed.info/id/363380002	http://ncicb.nci.nih.gov/xml/owl/EVS/Thesaurus.owl#C3526	0.98610622
http://snomed.info/id/363381003	http://ncicb.nci.nih.gov/xml/owl/EVS/Thesaurus.owl#C3527	0.98282641
http://snomed.info/id/363382005	http://ncicb.nci.nih.gov/xml/owl/EVS/Thesaurus.owl#C9317	0.90452498
http://snomed.info/id/363386008	http://ncicb.nci.nih.gov/xml/owl/EVS/Thesaurus.owl#C9320	0.98193729
http://snomed.info/id/363388009	http://ncicb.nci.nih.gov/xml/owl/EVS/Thesaurus.owl#C3529	0.98127818
http://snomed.info/id/363389001	http://ncicb.nci.nih.gov/xml/owl/EVS/Thesaurus.owl#C35177	0.98616117
http://snomed.info/id/363392002	http://ncicb.nci.nih.gov/xml/owl/EVS/Thesaurus.owl#C7398	0.91926765
http://snomed.info/id/363393007	http://ncicb.nci.nih.gov/xml/owl/EVS/Thesaurus.owl#C7404	0.96314323
http://snomed.info/id/363399006	http://ncicb.nci.nih.gov/xml/owl/EVS/Thesaurus.owl#C7190	0.98320472
http://snomed.info/id/363401000	http://ncicb.nci.nih.gov/xml/owl/EVS/Thesaurus.owl#C3531	0.9874565
http://snomed.info/id/363402007	http://ncicb.nci.nih.gov/xml/owl/EVS/Thesaurus.owl#C7512	0.95510155
http://snomed.info/id/363404008	http://ncicb.nci.nih.gov/xml/owl/EVS/Thesaurus.owl#C170919	0.929658
http://snomed.info/id/363406005	http://ncicb.nci.nih.gov/xml/owl/EVS/Thesaurus.owl#C9242	0.99386305
http://snomed.info/id/363411007	http://ncicb.nci.nih.gov/xml/owl/EVS/Thesaurus.owl#C9333	0.98097545
http://snomed.info/id/363422006	http://ncicb.nci.nih.gov/xml/owl/EVS/Thesaurus.owl#C4918	0.98290789
http://snomed.info/id/363425008	http://ncicb.nci.nih.gov/xml/owl/EVS/Thesaurus.owl#C3540	0.98817247
http://snomed.info/id/363426009	http://ncicb.nci.nih.gov/xml/owl/EVS/Thesaurus.owl#C3541	0.9873901
http://snomed.info/id/363427000	http://ncicb.nci.nih.gov/xml/owl/EVS/Thesaurus.owl#C3542	0.9831354
http://snomed.info/id/363428005	http://ncicb.nci.nih.gov/xml/owl/EVS/Thesaurus.owl#C3543	0.98750263
http://snomed.info/id/363429002	http://ncicb.nci.nih.gov/xml/owl/EVS/Thesaurus.owl#C7484	0.96079373
http://snomed.info/id/363430007	http://ncicb.nci.nih.gov/xml/owl/EVS/Thesaurus.owl#C3546	0.97976112
http://snomed.info/id/363432004	http://ncicb.nci.nih.gov/xml/owl/EVS/Thesaurus.owl#C9346	0.95519865
http://snomed.info/id/363433009	http://ncicb.nci.nih.gov/xml/owl/EVS/Thesaurus.owl#C3547	0.88349068
http://snomed.info/id/363435002	http://ncicb.nci.nih.gov/xml/owl/EVS/Thesaurus.owl#C3548	0.95504105
http://snomed.info/id/363436001	http://ncicb.nci.nih.gov/xml/owl/EVS/Thesaurus.owl#C4570	0.94671589
http://snomed.info/id/363437005	http://ncicb.nci.nih.gov/xml/owl/EVS/Thesaurus.owl#C4569	0.94247216
http://snomed.info/id/363443007	http://ncicb.nci.nih.gov/xml/owl/EVS/Thesaurus.owl#C7431	0.95835948
http://snomed.info/id/363444001	http://ncicb.nci.nih.gov/xml/owl/EVS/Thesaurus.owl#C7480	0.9842571
http://snomed.info/id/363446004	http://ncicb.nci.nih.gov/xml/owl/EVS/Thesaurus.owl#C7638	0.99031299
http://snomed.info/id/363447008	http://ncicb.nci.nih.gov/xml/owl/EVS/Thesaurus.owl#C7637	0.98860246
http://snomed.info/id/363454002	http://ncicb.nci.nih.gov/xml/owl/EVS/Thesaurus.owl#C3560	0.95930803
http://snomed.info/id/363458004	http://ncicb.nci.nih.gov/xml/owl/EVS/Thesaurus.owl#C7543	0.98119992
http://snomed.info/id/363459007	http://ncicb.nci.nih.gov/xml/owl/EVS/Thesaurus.owl#C7507	0.95417422
http://snomed.info/id/363461003	http://ncicb.nci.nih.gov/xml/owl/EVS/Thesaurus.owl#C4767	0.97722763
http://snomed.info/id/363462005	http://ncicb.nci.nih.gov/xml/owl/EVS/Thesaurus.owl#C3562	0.97702879
http://snomed.info/id/363463000	http://ncicb.nci.nih.gov/xml/owl/EVS/Thesaurus.owl#C3564	0.93018115
http://snomed.info/id/363465007	http://ncicb.nci.nih.gov/xml/owl/EVS/Thesaurus.owl#C3216	0.97392803
http://snomed.info/id/363473003	http://ncicb.nci.nih.gov/xml/owl/EVS/Thesaurus.owl#C3570	0.9006902
http://snomed.info/id/363475005	http://ncicb.nci.nih.gov/xml/owl/EVS/Thesaurus.owl#C3572	0.98134345
http://snomed.info/id/363478007	http://ncicb.nci.nih.gov/xml/owl/EVS/Thesaurus.owl#C7510	0.9882589
http://snomed.info/id/363481002	http://ncicb.nci.nih.gov/xml/owl/EVS/Thesaurus.owl#C9322	0.98616773
http://snomed.info/id/363482009	http://ncicb.nci.nih.gov/xml/owl/EVS/Thesaurus.owl#C4769	0.98225707
http://snomed.info/id/363483004	http://ncicb.nci.nih.gov/xml/owl/EVS/Thesaurus.owl#C3573	0.97432423
http://snomed.info/id/363485006	http://ncicb.nci.nih.gov/xml/owl/EVS/Thesaurus.owl#C4410	0.9789058
http://snomed.info/id/363490009	http://ncicb.nci.nih.gov/xml/owl/EVS/Thesaurus.owl#C7379	0.91457641
http://snomed.info/id/363492001	http://ncicb.nci.nih.gov/xml/owl/EVS/Thesaurus.owl#C3538	0.93778443
http://snomed.info/id/363493006	http://ncicb.nci.nih.gov/xml/owl/EVS/Thesaurus.owl#C156885	0.94112211
http://snomed.info/id/363494000	http://ncicb.nci.nih.gov/xml/owl/EVS/Thesaurus.owl#C3549	0.91885448
http://snomed.info/id/363495004	http://ncicb.nci.nih.gov/xml/owl/EVS/Thesaurus.owl#C4883	0.97307396
http://snomed.info/id/363497007	http://ncicb.nci.nih.gov/xml/owl/EVS/Thesaurus.owl#C4628	0.99205244
http://snomed.info/id/363498002	http://ncicb.nci.nih.gov/xml/owl/EVS/Thesaurus.owl#C170941	0.98787647
http://snomed.info/id/363506007	http://ncicb.nci.nih.gov/xml/owl/EVS/Thesaurus.owl#C7487	0.89069992
http://snomed.info/id/363507003	http://ncicb.nci.nih.gov/xml/owl/EVS/Thesaurus.owl#C7545	0.92683929
http://snomed.info/id/363509000	http://ncicb.nci.nih.gov/xml/owl/EVS/Thesaurus.owl#C7523	0.97232854
http://snomed.info/id/363515000	http://ncicb.nci.nih.gov/xml/owl/EVS/Thesaurus.owl#C8561	0.94022149
http://snomed.info/id/363517008	http://ncicb.nci.nih.gov/xml/owl/EVS/Thesaurus.owl#C9297	0.95966792
http://snomed.info/id/363518003	http://ncicb.nci.nih.gov/xml/owl/EVS/Thesaurus.owl#C7548	0.97453958
http://snomed.info/id/363639001	http://ncicb.nci.nih.gov/xml/owl/EVS/Thesaurus.owl#C46068	0.86802226
http://snomed.info/id/36425007	http://ncicb.nci.nih.gov/xml/owl/EVS/Thesaurus.owl#C4188	1.0
http://snomed.info/id/36591000119102	http://ncicb.nci.nih.gov/xml/owl/EVS/Thesaurus.owl#C3403	1.0
http://snomed.info/id/36721002	http://ncicb.nci.nih.gov/xml/owl/EVS/Thesaurus.owl#C4184	1.0
http://snomed.info/id/36741007	http://ncicb.nci.nih.gov/xml/owl/EVS/Thesaurus.owl#C9309	0.97136533
http://snomed.info/id/37039006	http://ncicb.nci.nih.gov/xml/owl/EVS/Thesaurus.owl#C2857	0.91119182
http://snomed.info/id/370967009	http://ncicb.nci.nih.gov/xml/owl/EVS/Thesaurus.owl#C7541	1.0
http://snomed.info/id/37138001	http://ncicb.nci.nih.gov/xml/owl/EVS/Thesaurus.owl#C4236	0.99999917
http://snomed.info/id/371486001	http://ncicb.nci.nih.gov/xml/owl/EVS/Thesaurus.owl#C3030	0.95939147
http://snomed.info/id/371964008	http://ncicb.nci.nih.gov/xml/owl/EVS/Thesaurus.owl#C9327	0.99184859
http://snomed.info/id/371965009	http://ncicb.nci.nih.gov/xml/owl/EVS/Thesaurus.owl#C4396	0.99087363
http://snomed.info/id/371972005	http://ncicb.nci.nih.gov/xml/owl/EVS/Thesaurus.owl#C3556	0.92202526
http://snomed.info/id/37206003	http://ncicb.nci.nih.gov/xml/owl/EVS/Thesaurus.owl#C4277	1.0
http://snomed.info/id/372063002	http://ncicb.nci.nih.gov/xml/owl/EVS/Thesaurus.owl#C4788	0.98952591
http://snomed.info/id/372087000	http://ncicb.nci.nih.gov/xml/owl/EVS/Thesaurus.owl#C84509	1.0
http://snomed.info/id/372095001	http://ncicb.nci.nih.gov/xml/owl/EVS/Thesaurus.owl#C3862	0.935197
http://snomed.info/id/372096000	http://ncicb.nci.nih.gov/xml/owl/EVS/Thesaurus.owl#C3862	0.97661585
http://snomed.info/id/372097009	http://ncicb.nci.nih.gov/xml/owl/EVS/Thesaurus.owl#C3553	0.98403382
http://snomed.info/id/372100004	http://ncicb.nci.nih.gov/xml/owl/EVS/Thesaurus.owl#C7453	0.88461947
http://snomed.info/id/372101000	http://ncicb.nci.nih.gov/xml/owl/EVS/Thesaurus.owl#C3860	0.98062623
http://snomed.info/id/372103002	http://ncicb.nci.nih.gov/xml/owl/EVS/Thesaurus.owl#C4923	0.9751147
http://snomed.info/id/372104008	http://ncicb.nci.nih.gov/xml/owl/EVS/Thesaurus.owl#C5972	0.98091239
http://snomed.info/id/372106005	http://ncicb.nci.nih.gov/xml/owl/EVS/Thesaurus.owl#C9061	0.9320178
http://snomed.info/id/372130007	http://ncicb.nci.nih.gov/xml/owl/EVS/Thesaurus.owl#C2920	0.9899987
http://snomed.info/id/372138000	http://ncicb.nci.nih.gov/xml/owl/EVS/Thesaurus.owl#C3513	0.93570036
http://snomed.info/id/372140005	http://ncicb.nci.nih.gov/xml/owl/EVS/Thesaurus.owl#C3844	0.97149688
http://snomed.info/id/372143007	http://ncicb.nci.nih.gov/xml/owl/EVS/Thesaurus.owl#C4911	0.93801451
http://snomed.info/id/372152003	http://ncicb.nci.nih.gov/xml/owl/EVS/Thesaurus.owl#C152076	1.0
http://snomed.info/id/37258009	http://ncicb.nci.nih.gov/xml/owl/EVS/Thesaurus.owl#C4308	0.93351173
http://snomed.info/id/37302003	http://ncicb.nci.nih.gov/xml/owl/EVS/Thesaurus.owl#C4164	0.98206168
http://snomed.info/id/37304002	http://ncicb.nci.nih.gov/xml/owl/EVS/Thesaurus.owl#C2922	0.94766754
http://snomed.info/id/373168002	http://ncicb.nci.nih.gov/xml/owl/EVS/Thesaurus.owl#C27824	1.0
http://snomed.info/id/373176000	http://ncicb.nci.nih.gov/xml/owl/EVS/Thesaurus.owl#C2924	0.88586348
http://snomed.info/id/373604002	http://ncicb.nci.nih.gov/xml/owl/EVS/Thesaurus.owl#C7727	1.0
http://snomed.info/id/373610002	http://ncicb.nci.nih.gov/xml/owl/EVS/Thesaurus.owl#C6034	0.9423992
http://snomed.info/id/37810007	http://ncicb.nci.nih.gov/xml/owl/EVS/Thesaurus.owl#C3172	0.93146265
http://snomed.info/id/37995004	http://ncicb.nci.nih.gov/xml/owl/EVS/Thesaurus.owl#C3190	1.0
http://snomed.info/id/38406003	http://ncicb.nci.nih.gov/xml/owl/EVS/Thesaurus.owl#C4267	1.0
http://snomed.info/id/38431002	http://ncicb.nci.nih.gov/xml/owl/EVS/Thesaurus.owl#C4331	1.0
http://snomed.info/id/384992008	http://ncicb.nci.nih.gov/xml/owl/EVS/Thesaurus.owl#C125890	1.0
http://snomed.info/id/38549000	http://ncicb.nci.nih.gov/xml/owl/EVS/Thesaurus.owl#C3692	1.0
http://snomed.info/id/387837005	http://ncicb.nci.nih.gov/xml/owl/EVS/Thesaurus.owl#C3377	0.98575306
http://snomed.info/id/387842002	http://ncicb.nci.nih.gov/xml/owl/EVS/Thesaurus.owl#C3081	0.98616713
http://snomed.info/id/387922007	http://ncicb.nci.nih.gov/xml/owl/EVS/Thesaurus.owl#C3010	0.9542824
http://snomed.info/id/387927001	http://ncicb.nci.nih.gov/xml/owl/EVS/Thesaurus.owl#C3010	0.95832175
http://snomed.info/id/388600004	http://ncicb.nci.nih.gov/xml/owl/EVS/Thesaurus.owl#C40315	1.0
http://snomed.info/id/388650006	http://ncicb.nci.nih.gov/xml/owl/EVS/Thesaurus.owl#C6747	1.0
http://snomed.info/id/388984008	http://ncicb.nci.nih.gov/xml/owl/EVS/Thesaurus.owl#C27515	1.0
http://snomed.info/id/388985009	http://ncicb.nci.nih.gov/xml/owl/EVS/Thesaurus.owl#C37264	0.98315704
http://snomed.info/id/388987001	http://ncicb.nci.nih.gov/xml/owl/EVS/Thesaurus.owl#C6895	1.0
http://snomed.info/id/38958001	http://ncicb.nci.nih.gov/xml/owl/EVS/Thesaurus.owl#C4158	1.0
http://snomed.info/id/38969003	http://ncicb.nci.nih.gov/xml/owl/EVS/Thesaurus.owl#C4233	1.0
http://snomed.info/id/3898006	http://ncicb.nci.nih.gov/xml/owl/EVS/Thesaurus.owl#C3677	1.0
http://snomed.info/id/39000009	http://ncicb.nci.nih.gov/xml/owl/EVS/Thesaurus.owl#C3088	0.88365114
http://snomed.info/id/39005004	http://ncicb.nci.nih.gov/xml/owl/EVS/Thesaurus.owl#C66808	0.98068821
http://snomed.info/id/39056008	http://ncicb.nci.nih.gov/xml/owl/EVS/Thesaurus.owl#C4102	1.0
http://snomed.info/id/39086001	http://ncicb.nci.nih.gov/xml/owl/EVS/Thesaurus.owl#C67171	0.96640599
http://snomed.info/id/39143003	http://ncicb.nci.nih.gov/xml/owl/EVS/Thesaurus.owl#C6577	1.0
http://snomed.info/id/39274007	http://ncicb.nci.nih.gov/xml/owl/EVS/Thesaurus.owl#C4227	1.00000012
http://snomed.info/id/39332000	http://ncicb.nci.nih.gov/xml/owl/EVS/Thesaurus.owl#C4110	1.0
http://snomed.info/id/393564001	http://ncicb.nci.nih.gov/xml/owl/EVS/Thesaurus.owl#C3059	1.0
http://snomed.info/id/394726009	http://ncicb.nci.nih.gov/xml/owl/EVS/Thesaurus.owl#C9006	1.0
http://snomed.info/id/394728005	http://ncicb.nci.nih.gov/xml/owl/EVS/Thesaurus.owl#C9007	1.0
http://snomed.info/id/395505000	http://ncicb.nci.nih.gov/xml/owl/EVS/Thesaurus.owl#C4801	0.99241573
http://snomed.info/id/39553005	http://ncicb.nci.nih.gov/xml/owl/EVS/Thesaurus.owl#C3830	1.0
http://snomed.info/id/396198006	http://ncicb.nci.nih.gov/xml/owl/EVS/Thesaurus.owl#C6766	0.88752258
http://snomed.info/id/396559007	http://ncicb.nci.nih.gov/xml/owl/EVS/Thesaurus.owl#C36029	0.95882702
http://snomed.info/id/396871009	http://ncicb.nci.nih.gov/xml/owl/EVS/Thesaurus.owl#C4845	1.0
http://snomed.info/id/397012002	http://ncicb.nci.nih.gov/xml/owl/EVS/Thesaurus.owl#C7137	1.0
http://snomed.info/id/397013007	http://ncicb.nci.nih.gov/xml/owl/EVS/Thesaurus.owl#C7138	0.98887604
http://snomed.info/id/397015000	http://ncicb.nci.nih.gov/xml/owl/EVS/Thesaurus.owl#C9284	0.93615991
http://snomed.info/id/397016004	http://ncicb.nci.nih.gov/xml/owl/EVS/Thesaurus.owl#C9235	0.93534237
http://snomed.info/id/397082006	http://ncicb.nci.nih.gov/xml/owl/EVS/Thesaurus.owl#C5904	1.0
http://snomed.info/id/397188008	http://ncicb.nci.nih.gov/xml/owl/EVS/Thesaurus.owl#C27517	1.0
http://snomed.info/id/39720002	http://ncicb.nci.nih.gov/xml/owl/EVS/Thesaurus.owl#C4167	0.98142916
http://snomed.info/id/397336008	http://ncicb.nci.nih.gov/xml/owl/EVS/Thesaurus.owl#C27262	0.99039507
http://snomed.info/id/397339001	http://ncicb.nci.nih.gov/xml/owl/EVS/Thesaurus.owl#C7168	0.87978601
http://snomed.info/id/397340004	http://ncicb.nci.nih.gov/xml/owl/EVS/Thesaurus.owl#C7175	0.99484909
http://snomed.info/id/397345009	http://ncicb.nci.nih.gov/xml/owl/EVS/Thesaurus.owl#C7464	1.0
http://snomed.info/id/397348006	http://ncicb.nci.nih.gov/xml/owl/EVS/Thesaurus.owl#C8694	0.91091561
http://snomed.info/id/397349003	http://ncicb.nci.nih.gov/xml/owl/EVS/Thesaurus.owl#C8863	0.96766788
http://snomed.info/id/397352006	http://ncicb.nci.nih.gov/xml/owl/EVS/Thesaurus.owl#C6860	0.85180372
http://snomed.info/id/397353001	http://ncicb.nci.nih.gov/xml/owl/EVS/Thesaurus.owl#C3721	1.0
http://snomed.info/id/397356009	http://ncicb.nci.nih.gov/xml/owl/EVS/Thesaurus.owl#C9286	1.0
http://snomed.info/id/397357000	http://ncicb.nci.nih.gov/xml/owl/EVS/Thesaurus.owl#C9284	0.92694438
http://snomed.info/id/397358005	http://ncicb.nci.nih.gov/xml/owl/EVS/Thesaurus.owl#C9285	1.0
http://snomed.info/id/397379005	http://ncicb.nci.nih.gov/xml/owl/EVS/Thesaurus.owl#C6967	1.0
http://snomed.info/id/397381007	http://ncicb.nci.nih.gov/xml/owl/EVS/Thesaurus.owl#C7173	1.0
http://snomed.info/id/397400006	http://ncicb.nci.nih.gov/xml/owl/EVS/Thesaurus.owl#C7400	0.96550685
http://snomed.info/id/39781001	http://ncicb.nci.nih.gov/xml/owl/EVS/Thesaurus.owl#C3716	1.0
http://snomed.info/id/39795003	http://ncicb.nci.nih.gov/xml/owl/EVS/Thesaurus.owl#C6920	1.00000036
http://snomed.info/id/398028009	http://ncicb.nci.nih.gov/xml/owl/EVS/Thesaurus.owl#C7602	1.0
http://snomed.info/id/398623004	http://ncicb.nci.nih.gov/xml/owl/EVS/Thesaurus.owl#C7506	0.8852455
http://snomed.info/id/398679002	http://ncicb.nci.nih.gov/xml/owl/EVS/Thesaurus.owl#C39963	0.96092802
http://snomed.info/id/398696001	http://ncicb.nci.nih.gov/xml/owl/EVS/Thesaurus.owl#C3944	0.98607719
http://snomed.info/id/398943008	http://ncicb.nci.nih.gov/xml/owl/EVS/Thesaurus.owl#C3944	0.98085612
http://snomed.info/id/39896009	http://ncicb.nci.nih.gov/xml/owl/EVS/Thesaurus.owl#C4228	0.95629889
http://snomed.info/id/399408005	http://ncicb.nci.nih.gov/xml/owl/EVS/Thesaurus.owl#C164248	0.92691177
http://snomed.info/id/399422005	http://ncicb.nci.nih.gov/xml/owl/EVS/Thesaurus.owl#C5340	0.97823197
http://snomed.info/id/399432003	http://ncicb.nci.nih.gov/xml/owl/EVS/Thesaurus.owl#C63880	0.86030769
http://snomed.info/id/399475009	http://ncicb.nci.nih.gov/xml/owl/EVS/Thesaurus.owl#C48612	1.0
http://snomed.info/id/399477001	http://ncicb.nci.nih.gov/xml/owl/EVS/Thesaurus.owl#C45655	1.0
http://snomed.info/id/399490008	http://ncicb.nci.nih.gov/xml/owl/EVS/Thesaurus.owl#C2919	0.96430564
http://snomed.info/id/399523002	http://ncicb.nci.nih.gov/xml/owl/EVS/Thesaurus.owl#C162139	0.8921178
http://snomed.info/id/399528006	http://ncicb.nci.nih.gov/xml/owl/EVS/Thesaurus.owl#C3140	0.88629717
http://snomed.info/id/399533005	http://ncicb.nci.nih.gov/xml/owl/EVS/Thesaurus.owl#C9055	1.0
http://snomed.info/id/399547009	http://ncicb.nci.nih.gov/xml/owl/EVS/Thesaurus.owl#C54665	0.97459942
http://snomed.info/id/399585007	http://ncicb.nci.nih.gov/xml/owl/EVS/Thesaurus.owl#C9359	0.96847397
http://snomed.info/id/399632009	http://ncicb.nci.nih.gov/xml/owl/EVS/Thesaurus.owl#C9015	0.94527638
http://snomed.info/id/399648005	http://ncicb.nci.nih.gov/xml/owl/EVS/Thesaurus.owl#C4342	1.0
http://snomed.info/id/399709001	http://ncicb.nci.nih.gov/xml/owl/EVS/Thesaurus.owl#C6908	1.0
http://snomed.info/id/399730005	http://ncicb.nci.nih.gov/xml/owl/EVS/Thesaurus.owl#C5546	0.9659822
http://snomed.info/id/399746002	http://ncicb.nci.nih.gov/xml/owl/EVS/Thesaurus.owl#C27538	0.93432796
http://snomed.info/id/399882002	http://ncicb.nci.nih.gov/xml/owl/EVS/Thesaurus.owl#C3724	1.0
http://snomed.info/id/399919001	http://ncicb.nci.nih.gov/xml/owl/EVS/Thesaurus.owl#C2917	0.97008818
http://snomed.info/id/399922004	http://ncicb.nci.nih.gov/xml/owl/EVS/Thesaurus.owl#C4724	0.89919776
http://snomed.info/id/399933001	http://ncicb.nci.nih.gov/xml/owl/EVS/Thesaurus.owl#C4756	0.98335159
http://snomed.info/id/399941001	http://ncicb.nci.nih.gov/xml/owl/EVS/Thesaurus.owl#C43344	0.88930911
http://snomed.info/id/399956005	http://ncicb.nci.nih.gov/xml/owl/EVS/Thesaurus.owl#C7058	1.0
http://snomed.info/id/399973007	http://ncicb.nci.nih.gov/xml/owl/EVS/Thesaurus.owl#C172208	1.0
http://snomed.info/id/400001003	http://ncicb.nci.nih.gov/xml/owl/EVS/Thesaurus.owl#C7162	1.0
http://snomed.info/id/400002005	http://ncicb.nci.nih.gov/xml/owl/EVS/Thesaurus.owl#C40199	0.89241862
http://snomed.info/id/400006008	http://ncicb.nci.nih.gov/xml/owl/EVS/Thesaurus.owl#C3075	1.0
http://snomed.info/id/400010006	http://ncicb.nci.nih.gov/xml/owl/EVS/Thesaurus.owl#C7570	0.99482644
http://snomed.info/id/400049009	http://ncicb.nci.nih.gov/xml/owl/EVS/Thesaurus.owl#C7351	0.96518731
http://snomed.info/id/400065005	http://ncicb.nci.nih.gov/xml/owl/EVS/Thesaurus.owl#C50401	1.0
http://snomed.info/id/400066006	http://ncicb.nci.nih.gov/xml/owl/EVS/Thesaurus.owl#C8334	0.8814593
http://snomed.info/id/400071004	http://ncicb.nci.nih.gov/xml/owl/EVS/Thesaurus.owl#C27541	0.94206053
http://snomed.info/id/400087001	http://ncicb.nci.nih.gov/xml/owl/EVS/Thesaurus.owl#C4346	0.97631079
http://snomed.info/id/400091006	http://ncicb.nci.nih.gov/xml/owl/EVS/Thesaurus.owl#C8371	0.99007571
http://snomed.info/id/400092004	http://ncicb.nci.nih.gov/xml/owl/EVS/Thesaurus.owl#C7666	0.89241827
http://snomed.info/id/400096001	http://ncicb.nci.nih.gov/xml/owl/EVS/Thesaurus.owl#C7570	1.0
http://snomed.info/id/400099008	http://ncicb.nci.nih.gov/xml/owl/EVS/Thesaurus.owl#C7565	0.91633075
http://snomed.info/id/400102008	http://ncicb.nci.nih.gov/xml/owl/EVS/Thesaurus.owl#C27483	1.0
http://snomed.info/id/400110009	http://ncicb.nci.nih.gov/xml/owl/EVS/Thesaurus.owl#C8537	1.0
http://snomed.info/id/400122007	http://ncicb.nci.nih.gov/xml/owl/EVS/Thesaurus.owl#C3467	0.96524197
http://snomed.info/id/400129003	http://ncicb.nci.nih.gov/xml/owl/EVS/Thesaurus.owl#C6489	0.95822227
http://snomed.info/id/400131007	http://ncicb.nci.nih.gov/xml/owl/EVS/Thesaurus.owl#C7393	0.99070907
http://snomed.info/id/400132000	http://ncicb.nci.nih.gov/xml/owl/EVS/Thesaurus.owl#C5354	0.98801029
http://snomed.info/id/400135003	http://ncicb.nci.nih.gov/xml/owl/EVS/Thesaurus.owl#C6796	0.89249039
http://snomed.info/id/400153009	http://ncicb.nci.nih.gov/xml/owl/EVS/Thesaurus.owl#C3741	0.934403
http://snomed.info/id/400162006	http://ncicb.nci.nih.gov/xml/owl/EVS/Thesaurus.owl#C172207	1.0
http://snomed.info/id/400178008	http://ncicb.nci.nih.gov/xml/owl/EVS/Thesaurus.owl#C8965	1.0
http://snomed.info/id/400204000	http://ncicb.nci.nih.gov/xml/owl/EVS/Thesaurus.owl#C81772	0.89687532
http://snomed.info/id/400208002	http://ncicb.nci.nih.gov/xml/owl/EVS/Thesaurus.owl#C43345	0.95329291
http://snomed.info/id/40123003	http://ncicb.nci.nih.gov/xml/owl/EVS/Thesaurus.owl#C4260	1.0
http://snomed.info/id/40225001	http://ncicb.nci.nih.gov/xml/owl/EVS/Thesaurus.owl#C8965	0.95525575
http://snomed.info/id/40244008	http://ncicb.nci.nih.gov/xml/owl/EVS/Thesaurus.owl#C4239	1.0
http://snomed.info/id/402524007	http://ncicb.nci.nih.gov/xml/owl/EVS/Thesaurus.owl#C7585	0.92687261
http://snomed.info/id/402526009	http://ncicb.nci.nih.gov/xml/owl/EVS/Thesaurus.owl#C27538	0.92980266
http://snomed.info/id/402533009	http://ncicb.nci.nih.gov/xml/owl/EVS/Thesaurus.owl#C4346	0.97631067
http://snomed.info/id/402537005	http://ncicb.nci.nih.gov/xml/owl/EVS/Thesaurus.owl#C156769	1.0
http://snomed.info/id/402652009	http://ncicb.nci.nih.gov/xml/owl/EVS/Thesaurus.owl#C27529	0.98137182
http://snomed.info/id/402815007	http://ncicb.nci.nih.gov/xml/owl/EVS/Thesaurus.owl#C2929	1.0
http://snomed.info/id/402868001	http://ncicb.nci.nih.gov/xml/owl/EVS/Thesaurus.owl#C6524	0.95031327
http://snomed.info/id/402872002	http://ncicb.nci.nih.gov/xml/owl/EVS/Thesaurus.owl#C7343	0.98994452
http://snomed.info/id/402878003	http://ncicb.nci.nih.gov/xml/owl/EVS/Thesaurus.owl#C3708	1.0
http://snomed.info/id/402911002	http://ncicb.nci.nih.gov/xml/owl/EVS/Thesaurus.owl#C6982	0.85610628
http://snomed.info/id/402913004	http://ncicb.nci.nih.gov/xml/owl/EVS/Thesaurus.owl#C8374	1.0
http://snomed.info/id/403468003	http://ncicb.nci.nih.gov/xml/owl/EVS/Thesaurus.owl#C7729	0.99721676
http://snomed.info/id/403541001	http://ncicb.nci.nih.gov/xml/owl/EVS/Thesaurus.owl#C27816	0.88062286
http://snomed.info/id/403900000	http://ncicb.nci.nih.gov/xml/owl/EVS/Thesaurus.owl#C27084	1.0
http://snomed.info/id/403902008	http://ncicb.nci.nih.gov/xml/owl/EVS/Thesaurus.owl#C3727	1.0
http://snomed.info/id/403904009	http://ncicb.nci.nih.gov/xml/owl/EVS/Thesaurus.owl#C3781	0.94140041
http://snomed.info/id/403906006	http://ncicb.nci.nih.gov/xml/owl/EVS/Thesaurus.owl#C4104	1.0
http://snomed.info/id/403910009	http://ncicb.nci.nih.gov/xml/owl/EVS/Thesaurus.owl#C5616	0.89797586
http://snomed.info/id/403911008	http://ncicb.nci.nih.gov/xml/owl/EVS/Thesaurus.owl#C5568	0.97975671
http://snomed.info/id/403912001	http://ncicb.nci.nih.gov/xml/owl/EVS/Thesaurus.owl#C27537	0.96105266
http://snomed.info/id/403913006	http://ncicb.nci.nih.gov/xml/owl/EVS/Thesaurus.owl#C4108	0.86538351
http://snomed.info/id/403922007	http://ncicb.nci.nih.gov/xml/owl/EVS/Thesaurus.owl#C4227	0.96764511
http://snomed.info/id/403923002	http://ncicb.nci.nih.gov/xml/owl/EVS/Thesaurus.owl#C4237	0.98275632
http://snomed.info/id/403929003	http://ncicb.nci.nih.gov/xml/owl/EVS/Thesaurus.owl#C43326	1.0
http://snomed.info/id/403936002	http://ncicb.nci.nih.gov/xml/owl/EVS/Thesaurus.owl#C43356	0.93032247
http://snomed.info/id/403939009	http://ncicb.nci.nih.gov/xml/owl/EVS/Thesaurus.owl#C27255	0.92689323
http://snomed.info/id/403942003	http://ncicb.nci.nih.gov/xml/owl/EVS/Thesaurus.owl#C5559	0.88322198
http://snomed.info/id/403945001	http://ncicb.nci.nih.gov/xml/owl/EVS/Thesaurus.owl#C6088	1.0
http://snomed.info/id/403946000	http://ncicb.nci.nih.gov/xml/owl/EVS/Thesaurus.owl#C3301	0.96794569
http://snomed.info/id/403952004	http://ncicb.nci.nih.gov/xml/owl/EVS/Thesaurus.owl#C165467	0.87055659
http://snomed.info/id/403965008	http://ncicb.nci.nih.gov/xml/owl/EVS/Thesaurus.owl#C172206	1.0
http://snomed.info/id/403967000	http://ncicb.nci.nih.gov/xml/owl/EVS/Thesaurus.owl#C4754	1.0
http://snomed.info/id/403968005	http://ncicb.nci.nih.gov/xml/owl/EVS/Thesaurus.owl#C4296	1.0
http://snomed.info/id/403969002	http://ncicb.nci.nih.gov/xml/owl/EVS/Thesaurus.owl#C3060	1.0
http://snomed.info/id/403973004	http://ncicb.nci.nih.gov/xml/owl/EVS/Thesaurus.owl#C36079	1.0
http://snomed.info/id/403975006	http://ncicb.nci.nih.gov/xml/owl/EVS/Thesaurus.owl#C3203	1.0
http://snomed.info/id/403976007	http://ncicb.nci.nih.gov/xml/owl/EVS/Thesaurus.owl#C27505	1.0
http://snomed.info/id/403977003	http://ncicb.nci.nih.gov/xml/owl/EVS/Thesaurus.owl#C3088	1.0
http://snomed.info/id/403980002	http://ncicb.nci.nih.gov/xml/owl/EVS/Thesaurus.owl#C3084	1.0
http://snomed.info/id/403982005	http://ncicb.nci.nih.gov/xml/owl/EVS/Thesaurus.owl#C27511	1.0
http://snomed.info/id/403983000	http://ncicb.nci.nih.gov/xml/owl/EVS/Thesaurus.owl#C27510	1.0
http://snomed.info/id/403984006	http://ncicb.nci.nih.gov/xml/owl/EVS/Thesaurus.owl#C45475	1.0
http://snomed.info/id/403986008	http://ncicb.nci.nih.gov/xml/owl/EVS/Thesaurus.owl#C3205	1.0
http://snomed.info/id/403992002	http://ncicb.nci.nih.gov/xml/owl/EVS/Thesaurus.owl#C6485	0.98104578
http://snomed.info/id/403995000	http://ncicb.nci.nih.gov/xml/owl/EVS/Thesaurus.owl#C170888	1.0
http://snomed.info/id/403996004	http://ncicb.nci.nih.gov/xml/owl/EVS/Thesaurus.owl#C4244	1.0
http://snomed.info/id/403999006	http://ncicb.nci.nih.gov/xml/owl/EVS/Thesaurus.owl#C8540	0.85812283
http://snomed.info/id/404008001	http://ncicb.nci.nih.gov/xml/owl/EVS/Thesaurus.owl#C38105	1.0
http://snomed.info/id/404012007	http://ncicb.nci.nih.gov/xml/owl/EVS/Thesaurus.owl#C27546	1.0
http://snomed.info/id/404019003	http://ncicb.nci.nih.gov/xml/owl/EVS/Thesaurus.owl#C3275	0.86234403
http://snomed.info/id/404023006	http://ncicb.nci.nih.gov/xml/owl/EVS/Thesaurus.owl#C3269	0.89856476
http://snomed.info/id/404024000	http://ncicb.nci.nih.gov/xml/owl/EVS/Thesaurus.owl#C6970	1.0
http://snomed.info/id/404025004	http://ncicb.nci.nih.gov/xml/owl/EVS/Thesaurus.owl#C6969	1.0
http://snomed.info/id/404026003	http://ncicb.nci.nih.gov/xml/owl/EVS/Thesaurus.owl#C4724	1.0
http://snomed.info/id/404029005	http://ncicb.nci.nih.gov/xml/owl/EVS/Thesaurus.owl#C3272	1.0
http://snomed.info/id/404032008	http://ncicb.nci.nih.gov/xml/owl/EVS/Thesaurus.owl#C6558	1.0
http://snomed.info/id/404033003	http://ncicb.nci.nih.gov/xml/owl/EVS/Thesaurus.owl#C4328	1.0
http://snomed.info/id/404035005	http://ncicb.nci.nih.gov/xml/owl/EVS/Thesaurus.owl#C3474	1.0
http://snomed.info/id/404036006	http://ncicb.nci.nih.gov/xml/owl/EVS/Thesaurus.owl#C4973	1.0
http://snomed.info/id/404038007	http://ncicb.nci.nih.gov/xml/owl/EVS/Thesaurus.owl#C6561	0.98477018
http://snomed.info/id/404040002	http://ncicb.nci.nih.gov/xml/owl/EVS/Thesaurus.owl#C4335	1.0
http://snomed.info/id/404041003	http://ncicb.nci.nih.gov/xml/owl/EVS/Thesaurus.owl#C4336	1.0
http://snomed.info/id/404049001	http://ncicb.nci.nih.gov/xml/owl/EVS/Thesaurus.owl#C4260	1.0
http://snomed.info/id/404050001	http://ncicb.nci.nih.gov/xml/owl/EVS/Thesaurus.owl#C6517	1.0
http://snomed.info/id/404051002	http://ncicb.nci.nih.gov/xml/owl/EVS/Thesaurus.owl#C8971	1.0
http://snomed.info/id/404056007	http://ncicb.nci.nih.gov/xml/owl/EVS/Thesaurus.owl#C3750	1.0
http://snomed.info/id/404058008	http://ncicb.nci.nih.gov/xml/owl/EVS/Thesaurus.owl#C4254	1.0
http://snomed.info/id/404064001	http://ncicb.nci.nih.gov/xml/owl/EVS/Thesaurus.owl#C3702	1.0
http://snomed.info/id/404066004	http://ncicb.nci.nih.gov/xml/owl/EVS/Thesaurus.owl#C9502	1.0
http://snomed.info/id/404070007	http://ncicb.nci.nih.gov/xml/owl/EVS/Thesaurus.owl#C4252	1.0
http://snomed.info/id/404071006	http://ncicb.nci.nih.gov/xml/owl/EVS/Thesaurus.owl#C3705	1.0
http://snomed.info/id/404072004	http://ncicb.nci.nih.gov/xml/owl/EVS/Thesaurus.owl#C3704	1.0
http://snomed.info/id/404073009	http://ncicb.nci.nih.gov/xml/owl/EVS/Thesaurus.owl#C6509	0.89481962
http://snomed.info/id/404076001	http://ncicb.nci.nih.gov/xml/owl/EVS/Thesaurus.owl#C6582	1.0
http://snomed.info/id/404077005	http://ncicb.nci.nih.gov/xml/owl/EVS/Thesaurus.owl#C8810	1.0
http://snomed.info/id/404079008	http://ncicb.nci.nih.gov/xml/owl/EVS/Thesaurus.owl#C27502	1.0
http://snomed.info/id/404080006	http://ncicb.nci.nih.gov/xml/owl/EVS/Thesaurus.owl#C27481	1.0
http://snomed.info/id/404081005	http://ncicb.nci.nih.gov/xml/owl/EVS/Thesaurus.owl#C3011	1.0
http://snomed.info/id/404082003	http://ncicb.nci.nih.gov/xml/owl/EVS/Thesaurus.owl#C6577	1.0
http://snomed.info/id/404083008	http://ncicb.nci.nih.gov/xml/owl/EVS/Thesaurus.owl#C3254	1.0
http://snomed.info/id/404084002	http://ncicb.nci.nih.gov/xml/owl/EVS/Thesaurus.owl#C40323	1.0
http://snomed.info/id/404085001	http://ncicb.nci.nih.gov/xml/owl/EVS/Thesaurus.owl#C6936	0.93708527
http://snomed.info/id/404086000	http://ncicb.nci.nih.gov/xml/owl/EVS/Thesaurus.owl#C6581	1.0
http://snomed.info/id/40411000	http://ncicb.nci.nih.gov/xml/owl/EVS/Thesaurus.owl#C3460	1.0
http://snomed.info/id/404119000	http://ncicb.nci.nih.gov/xml/owl/EVS/Thesaurus.owl#C35794	1.0
http://snomed.info/id/404143002	http://ncicb.nci.nih.gov/xml/owl/EVS/Thesaurus.owl#C7217	0.92001516
http://snomed.info/id/404144008	http://ncicb.nci.nih.gov/xml/owl/EVS/Thesaurus.owl#C45193	0.99323332
http://snomed.info/id/404162004	http://ncicb.nci.nih.gov/xml/owl/EVS/Thesaurus.owl#C3356	1.0
http://snomed.info/id/404171008	http://ncicb.nci.nih.gov/xml/owl/EVS/Thesaurus.owl#C9303	1.0
http://snomed.info/id/40467008	http://ncicb.nci.nih.gov/xml/owl/EVS/Thesaurus.owl#C3945	1.0
http://snomed.info/id/405843009	http://ncicb.nci.nih.gov/xml/owl/EVS/Thesaurus.owl#C36263	0.91084647
http://snomed.info/id/406096006	http://ncicb.nci.nih.gov/xml/owl/EVS/Thesaurus.owl#C5241	1.0
http://snomed.info/id/406103009	http://ncicb.nci.nih.gov/xml/owl/EVS/Thesaurus.owl#C7347	0.95972925
http://snomed.info/id/408649007	http://ncicb.nci.nih.gov/xml/owl/EVS/Thesaurus.owl#C102872	0.9010824
http://snomed.info/id/40935003	http://ncicb.nci.nih.gov/xml/owl/EVS/Thesaurus.owl#C3707	1.0
http://snomed.info/id/409704009	http://ncicb.nci.nih.gov/xml/owl/EVS/Thesaurus.owl#C3269	0.89856476
http://snomed.info/id/41183007	http://ncicb.nci.nih.gov/xml/owl/EVS/Thesaurus.owl#C3234	0.88236928
http://snomed.info/id/41252002	http://ncicb.nci.nih.gov/xml/owl/EVS/Thesaurus.owl#C3797	1.0
http://snomed.info/id/413389003	http://ncicb.nci.nih.gov/xml/owl/EVS/Thesaurus.owl#C3173	0.87706512
http://snomed.info/id/413441006	http://ncicb.nci.nih.gov/xml/owl/EVS/Thesaurus.owl#C4861	0.85853875
http://snomed.info/id/413442004	http://ncicb.nci.nih.gov/xml/owl/EVS/Thesaurus.owl#C7318	0.98528624
http://snomed.info/id/413443009	http://ncicb.nci.nih.gov/xml/owl/EVS/Thesaurus.owl#C27753	0.98783416
http://snomed.info/id/413446001	http://ncicb.nci.nih.gov/xml/owl/EVS/Thesaurus.owl#C5543	0.98486698
http://snomed.info/id/413537009	http://ncicb.nci.nih.gov/xml/owl/EVS/Thesaurus.owl#C7528	1.0
http://snomed.info/id/413616009	http://ncicb.nci.nih.gov/xml/owl/EVS/Thesaurus.owl#C27907	1.0
http://snomed.info/id/413656006	http://ncicb.nci.nih.gov/xml/owl/EVS/Thesaurus.owl#C9110	0.92484444
http://snomed.info/id/41382006	http://ncicb.nci.nih.gov/xml/owl/EVS/Thesaurus.owl#C4272	0.92904586
http://snomed.info/id/413836008	http://ncicb.nci.nih.gov/xml/owl/EVS/Thesaurus.owl#C4563	0.95987141
http://snomed.info/id/414603003	http://ncicb.nci.nih.gov/xml/owl/EVS/Thesaurus.owl#C3187	0.96897781
http://snomed.info/id/414628006	http://ncicb.nci.nih.gov/xml/owl/EVS/Thesaurus.owl#C7055	0.89839351
http://snomed.info/id/414644002	http://ncicb.nci.nih.gov/xml/owl/EVS/Thesaurus.owl#C35501	0.87373626
http://snomed.info/id/414647009	http://ncicb.nci.nih.gov/xml/owl/EVS/Thesaurus.owl#C4628	0.96589828
http://snomed.info/id/414653009	http://ncicb.nci.nih.gov/xml/owl/EVS/Thesaurus.owl#C9295	1.0
http://snomed.info/id/414792005	http://ncicb.nci.nih.gov/xml/owl/EVS/Thesaurus.owl#C9290	1.0
http://snomed.info/id/414824005	http://ncicb.nci.nih.gov/xml/owl/EVS/Thesaurus.owl#C35370	0.97059554
http://snomed.info/id/414881000	http://ncicb.nci.nih.gov/xml/owl/EVS/Thesaurus.owl#C6486	1.0
http://snomed.info/id/414952002	http://ncicb.nci.nih.gov/xml/owl/EVS/Thesaurus.owl#C3722	0.99051547
http://snomed.info/id/415111003	http://ncicb.nci.nih.gov/xml/owl/EVS/Thesaurus.owl#C4665	1.0
http://snomed.info/id/415112005	http://ncicb.nci.nih.gov/xml/owl/EVS/Thesaurus.owl#C9349	1.0
http://snomed.info/id/415283002	http://ncicb.nci.nih.gov/xml/owl/EVS/Thesaurus.owl#C7167	0.88641602
http://snomed.info/id/415284008	http://ncicb.nci.nih.gov/xml/owl/EVS/Thesaurus.owl#C7168	0.90217352
http://snomed.info/id/415286005	http://ncicb.nci.nih.gov/xml/owl/EVS/Thesaurus.owl#C27726	0.89294952
http://snomed.info/id/41556003	http://ncicb.nci.nih.gov/xml/owl/EVS/Thesaurus.owl#C40970	1.0
http://snomed.info/id/41607009	http://ncicb.nci.nih.gov/xml/owl/EVS/Thesaurus.owl#C9385	1.0
http://snomed.info/id/416351002	http://ncicb.nci.nih.gov/xml/owl/EVS/Thesaurus.owl#C4537	0.97641397
http://snomed.info/id/416500007	http://ncicb.nci.nih.gov/xml/owl/EVS/Thesaurus.owl#C4822	0.97277027
http://snomed.info/id/416510003	http://ncicb.nci.nih.gov/xml/owl/EVS/Thesaurus.owl#C5102	0.98926085
http://snomed.info/id/416635001	http://ncicb.nci.nih.gov/xml/owl/EVS/Thesaurus.owl#C7105	1.0
http://snomed.info/id/416669000	http://ncicb.nci.nih.gov/xml/owl/EVS/Thesaurus.owl#C6985	1.0
http://snomed.info/id/416753001	http://ncicb.nci.nih.gov/xml/owl/EVS/Thesaurus.owl#C175259	0.98298204
http://snomed.info/id/416901002	http://ncicb.nci.nih.gov/xml/owl/EVS/Thesaurus.owl#C4557	0.9830327
http://snomed.info/id/417044008	http://ncicb.nci.nih.gov/xml/owl/EVS/Thesaurus.owl#C3110	0.94031495
http://snomed.info/id/417057000	http://ncicb.nci.nih.gov/xml/owl/EVS/Thesaurus.owl#C4646	1.0
http://snomed.info/id/417150000	http://ncicb.nci.nih.gov/xml/owl/EVS/Thesaurus.owl#C7105	1.0
http://snomed.info/id/417570003	http://ncicb.nci.nih.gov/xml/owl/EVS/Thesaurus.owl#C4646	1.0
http://snomed.info/id/417609007	http://ncicb.nci.nih.gov/xml/owl/EVS/Thesaurus.owl#C9011	0.91389346
http://snomed.info/id/417647002	http://ncicb.nci.nih.gov/xml/owl/EVS/Thesaurus.owl#C66807	0.98587185
http://snomed.info/id/418134006	http://ncicb.nci.nih.gov/xml/owl/EVS/Thesaurus.owl#C6120	0.93038356
http://snomed.info/id/418152006	http://ncicb.nci.nih.gov/xml/owl/EVS/Thesaurus.owl#C27910	0.92986572
http://snomed.info/id/419093005	http://ncicb.nci.nih.gov/xml/owl/EVS/Thesaurus.owl#C4113	0.86055952
http://snomed.info/id/419266001	http://ncicb.nci.nih.gov/xml/owl/EVS/Thesaurus.owl#C8421	0.93828309
http://snomed.info/id/419392005	http://ncicb.nci.nih.gov/xml/owl/EVS/Thesaurus.owl#C7162	1.0
http://snomed.info/id/419645003	http://ncicb.nci.nih.gov/xml/owl/EVS/Thesaurus.owl#C7607	0.99047422
http://snomed.info/id/419770008	http://ncicb.nci.nih.gov/xml/owl/EVS/Thesaurus.owl#C27122	1.0
http://snomed.info/id/419835002	http://ncicb.nci.nih.gov/xml/owl/EVS/Thesaurus.owl#C17609	1.0
http://snomed.info/id/419889000	http://ncicb.nci.nih.gov/xml/owl/EVS/Thesaurus.owl#C175316	0.98855484
http://snomed.info/id/420063007	http://ncicb.nci.nih.gov/xml/owl/EVS/Thesaurus.owl#C27914	1.0
http://snomed.info/id/420120006	http://ncicb.nci.nih.gov/xml/owl/EVS/Thesaurus.owl#C3868	1.0
http://snomed.info/id/420524008	http://ncicb.nci.nih.gov/xml/owl/EVS/Thesaurus.owl#C3992	0.94875139
http://snomed.info/id/420777000	http://ncicb.nci.nih.gov/xml/owl/EVS/Thesaurus.owl#C27483	0.94298428
http://snomed.info/id/420835009	http://ncicb.nci.nih.gov/xml/owl/EVS/Thesaurus.owl#C6093	0.9276768
http://snomed.info/id/420890002	http://ncicb.nci.nih.gov/xml/owl/EVS/Thesaurus.owl#C8694	0.91091561
http://snomed.info/id/421246008	http://ncicb.nci.nih.gov/xml/owl/EVS/Thesaurus.owl#C6919	0.9095071
http://snomed.info/id/42194009	http://ncicb.nci.nih.gov/xml/owl/EVS/Thesaurus.owl#C39954	0.94348693
http://snomed.info/id/422375001	http://ncicb.nci.nih.gov/xml/owl/EVS/Thesaurus.owl#C7766	0.94475633
http://snomed.info/id/422541001	http://ncicb.nci.nih.gov/xml/owl/EVS/Thesaurus.owl#C4107	0.93400311
http://snomed.info/id/422581008	http://ncicb.nci.nih.gov/xml/owl/EVS/Thesaurus.owl#C3993	0.94637597
http://snomed.info/id/422886007	http://ncicb.nci.nih.gov/xml/owl/EVS/Thesaurus.owl#C3789	1.0
http://snomed.info/id/422985007	http://ncicb.nci.nih.gov/xml/owl/EVS/Thesaurus.owl#C3994	0.95237947
http://snomed.info/id/423038006	http://ncicb.nci.nih.gov/xml/owl/EVS/Thesaurus.owl#C35702	0.94231278
http://snomed.info/id/423318000	http://ncicb.nci.nih.gov/xml/owl/EVS/Thesaurus.owl#C6241	0.94614136
http://snomed.info/id/423424005	http://ncicb.nci.nih.gov/xml/owl/EVS/Thesaurus.owl#C5939	0.98160112
http://snomed.info/id/423464009	http://ncicb.nci.nih.gov/xml/owl/EVS/Thesaurus.owl#C8181	0.93111014
http://snomed.info/id/423471004	http://ncicb.nci.nih.gov/xml/owl/EVS/Thesaurus.owl#C96520	0.95199984
http://snomed.info/id/423586007	http://ncicb.nci.nih.gov/xml/owl/EVS/Thesaurus.owl#C129569	0.96547395
http://snomed.info/id/423607006	http://ncicb.nci.nih.gov/xml/owl/EVS/Thesaurus.owl#C5600	0.91822106
http://snomed.info/id/423627007	http://ncicb.nci.nih.gov/xml/owl/EVS/Thesaurus.owl#C8267	0.95779788
http://snomed.info/id/423673009	http://ncicb.nci.nih.gov/xml/owl/EVS/Thesaurus.owl#C8601	0.92045271
http://snomed.info/id/423699002	http://ncicb.nci.nih.gov/xml/owl/EVS/Thesaurus.owl#C3007	1.0
http://snomed.info/id/423793008	http://ncicb.nci.nih.gov/xml/owl/EVS/Thesaurus.owl#C5938	0.98038906
http://snomed.info/id/423807009	http://ncicb.nci.nih.gov/xml/owl/EVS/Thesaurus.owl#C3158	0.95718676
http://snomed.info/id/423812005	http://ncicb.nci.nih.gov/xml/owl/EVS/Thesaurus.owl#C164198	0.97804612
http://snomed.info/id/42392001	http://ncicb.nci.nih.gov/xml/owl/EVS/Thesaurus.owl#C3700	1.0
http://snomed.info/id/424078005	http://ncicb.nci.nih.gov/xml/owl/EVS/Thesaurus.owl#C8759	0.93845963
http://snomed.info/id/424263008	http://ncicb.nci.nih.gov/xml/owl/EVS/Thesaurus.owl#C3758	0.8948577
http://snomed.info/id/424279009	http://ncicb.nci.nih.gov/xml/owl/EVS/Thesaurus.owl#C7725	0.98019552
http://snomed.info/id/424413001	http://ncicb.nci.nih.gov/xml/owl/EVS/Thesaurus.owl#C9118	1.0
http://snomed.info/id/424440001	http://ncicb.nci.nih.gov/xml/owl/EVS/Thesaurus.owl#C7888	0.9608109
http://snomed.info/id/424454009	http://ncicb.nci.nih.gov/xml/owl/EVS/Thesaurus.owl#C8761	0.94206071
http://snomed.info/id/42450005	http://ncicb.nci.nih.gov/xml/owl/EVS/Thesaurus.owl#C36028	0.9517079
http://snomed.info/id/424567005	http://ncicb.nci.nih.gov/xml/owl/EVS/Thesaurus.owl#C5932	0.95262903
http://snomed.info/id/424568000	http://ncicb.nci.nih.gov/xml/owl/EVS/Thesaurus.owl#C3041	1.0
http://snomed.info/id/424631008	http://ncicb.nci.nih.gov/xml/owl/EVS/Thesaurus.owl#C6632	0.95542109
http://snomed.info/id/424632001	http://ncicb.nci.nih.gov/xml/owl/EVS/Thesaurus.owl#C8760	0.93785888
http://snomed.info/id/424993006	http://ncicb.nci.nih.gov/xml/owl/EVS/Thesaurus.owl#C8762	0.95050669
http://snomed.info/id/425127006	http://ncicb.nci.nih.gov/xml/owl/EVS/Thesaurus.owl#C5974	0.98324656
http://snomed.info/id/425231005	http://ncicb.nci.nih.gov/xml/owl/EVS/Thesaurus.owl#C27474	0.95339358
http://snomed.info/id/425318003	http://ncicb.nci.nih.gov/xml/owl/EVS/Thesaurus.owl#C135092	0.87938172
http://snomed.info/id/426071002	http://ncicb.nci.nih.gov/xml/owl/EVS/Thesaurus.owl#C158583	0.97078609
http://snomed.info/id/42717009	http://ncicb.nci.nih.gov/xml/owl/EVS/Thesaurus.owl#C67107	1.0
http://snomed.info/id/427359005	http://ncicb.nci.nih.gov/xml/owl/EVS/Thesaurus.owl#C55818	0.98150694
http://snomed.info/id/427492003	http://ncicb.nci.nih.gov/xml/owl/EVS/Thesaurus.owl#C167255	0.95696175
http://snomed.info/id/428054006	http://ncicb.nci.nih.gov/xml/owl/EVS/Thesaurus.owl#C96479	0.98254585
http://snomed.info/id/428061005	http://ncicb.nci.nih.gov/xml/owl/EVS/Thesaurus.owl#C3568	0.98317903
http://snomed.info/id/428281000	http://ncicb.nci.nih.gov/xml/owl/EVS/Thesaurus.owl#C4016	0.98926198
http://snomed.info/id/428701004	http://ncicb.nci.nih.gov/xml/owl/EVS/Thesaurus.owl#C2915	0.89022177
http://snomed.info/id/428905002	http://ncicb.nci.nih.gov/xml/owl/EVS/Thesaurus.owl#C4890	0.92999142
http://snomed.info/id/429033009	http://ncicb.nci.nih.gov/xml/owl/EVS/Thesaurus.owl#C4577	0.92214495
http://snomed.info/id/43019009	http://ncicb.nci.nih.gov/xml/owl/EVS/Thesaurus.owl#C84917	1.0
http://snomed.info/id/4305004	http://ncicb.nci.nih.gov/xml/owl/EVS/Thesaurus.owl#C66717	1.0
http://snomed.info/id/430750000	http://ncicb.nci.nih.gov/xml/owl/EVS/Thesaurus.owl#C9502	1.0
http://snomed.info/id/43149009	http://ncicb.nci.nih.gov/xml/owl/EVS/Thesaurus.owl#C3732	1.0
http://snomed.info/id/431921000124105	http://ncicb.nci.nih.gov/xml/owl/EVS/Thesaurus.owl#C3695	1.0
http://snomed.info/id/432328008	http://ncicb.nci.nih.gov/xml/owl/EVS/Thesaurus.owl#C3270	1.0
http://snomed.info/id/43233001	http://ncicb.nci.nih.gov/xml/owl/EVS/Thesaurus.owl#C7676	1.0
http://snomed.info/id/43369006	http://ncicb.nci.nih.gov/xml/owl/EVS/Thesaurus.owl#C4109	0.94072008
http://snomed.info/id/43985008	http://ncicb.nci.nih.gov/xml/owl/EVS/Thesaurus.owl#C7166	0.94039547
http://snomed.info/id/44155009	http://ncicb.nci.nih.gov/xml/owl/EVS/Thesaurus.owl#C7368	0.94844872
http://snomed.info/id/441559006	http://ncicb.nci.nih.gov/xml/owl/EVS/Thesaurus.owl#C7306	0.96621925
http://snomed.info/id/443144000	http://ncicb.nci.nih.gov/xml/owl/EVS/Thesaurus.owl#C152076	1.0
http://snomed.info/id/443157008	http://ncicb.nci.nih.gov/xml/owl/EVS/Thesaurus.owl#C38458	0.86960489
http://snomed.info/id/443333004	http://ncicb.nci.nih.gov/xml/owl/EVS/Thesaurus.owl#C3222	1.0
http://snomed.info/id/443439001	http://ncicb.nci.nih.gov/xml/owl/EVS/Thesaurus.owl#C6894	0.86154068
http://snomed.info/id/443487006	http://ncicb.nci.nih.gov/xml/owl/EVS/Thesaurus.owl#C4337	1.0
http://snomed.info/id/443492008	http://ncicb.nci.nih.gov/xml/owl/EVS/Thesaurus.owl#C2915	1.0
http://snomed.info/id/443648003	http://ncicb.nci.nih.gov/xml/owl/EVS/Thesaurus.owl#C9337	0.98935008
http://snomed.info/id/443675005	http://ncicb.nci.nih.gov/xml/owl/EVS/Thesaurus.owl#C9309	1.0
http://snomed.info/id/443719001	http://ncicb.nci.nih.gov/xml/owl/EVS/Thesaurus.owl#C3158	1.0
http://snomed.info/id/443734007	http://ncicb.nci.nih.gov/xml/owl/EVS/Thesaurus.owl#C38458	1.0
http://snomed.info/id/443790001	http://ncicb.nci.nih.gov/xml/owl/EVS/Thesaurus.owl#C3055	1.0
http://snomed.info/id/443892003	http://ncicb.nci.nih.gov/xml/owl/EVS/Thesaurus.owl#C3275	1.0
http://snomed.info/id/443937008	http://ncicb.nci.nih.gov/xml/owl/EVS/Thesaurus.owl#C3903	1.0
http://snomed.info/id/444374006	http://ncicb.nci.nih.gov/xml/owl/EVS/Thesaurus.owl#C3411	0.88689488
http://snomed.info/id/444545003	http://ncicb.nci.nih.gov/xml/owl/EVS/Thesaurus.owl#C8501	0.90360445
http://snomed.info/id/444596001	http://ncicb.nci.nih.gov/xml/owl/EVS/Thesaurus.owl#C7612	1.0
http://snomed.info/id/44474009	http://ncicb.nci.nih.gov/xml/owl/EVS/Thesaurus.owl#C9151	0.87820661
http://snomed.info/id/444898006	http://ncicb.nci.nih.gov/xml/owl/EVS/Thesaurus.owl#C7041	0.98804158
http://snomed.info/id/444910004	http://ncicb.nci.nih.gov/xml/owl/EVS/Thesaurus.owl#C9280	1.0
http://snomed.info/id/444911000	http://ncicb.nci.nih.gov/xml/owl/EVS/Thesaurus.owl#C82403	0.97917002
http://snomed.info/id/445105005	http://ncicb.nci.nih.gov/xml/owl/EVS/Thesaurus.owl#C7203	1.0
http://snomed.info/id/445227008	http://ncicb.nci.nih.gov/xml/owl/EVS/Thesaurus.owl#C9233	1.0
http://snomed.info/id/44524009	http://ncicb.nci.nih.gov/xml/owl/EVS/Thesaurus.owl#C3233	1.0
http://snomed.info/id/445269007	http://ncicb.nci.nih.gov/xml/owl/EVS/Thesaurus.owl#C3898	0.97598886
http://snomed.info/id/44529004	http://ncicb.nci.nih.gov/xml/owl/EVS/Thesaurus.owl#C4325	1.0
http://snomed.info/id/445406001	http://ncicb.nci.nih.gov/xml/owl/EVS/Thesaurus.owl#C8459	1.0
http://snomed.info/id/445448008	http://ncicb.nci.nih.gov/xml/owl/EVS/Thesaurus.owl#C7600	1.0
http://snomed.info/id/445492005	http://ncicb.nci.nih.gov/xml/owl/EVS/Thesaurus.owl#C27509	0.99266064
http://snomed.info/id/445513004	http://ncicb.nci.nih.gov/xml/owl/EVS/Thesaurus.owl#C5432	1.0
http://snomed.info/id/445736006	http://ncicb.nci.nih.gov/xml/owl/EVS/Thesaurus.owl#C5806	0.9765383
http://snomed.info/id/445737002	http://ncicb.nci.nih.gov/xml/owl/EVS/Thesaurus.owl#C5811	0.97763109
http://snomed.info/id/445738007	http://ncicb.nci.nih.gov/xml/owl/EVS/Thesaurus.owl#C27262	0.99039507
http://snomed.info/id/446023005	http://ncicb.nci.nih.gov/xml/owl/EVS/Thesaurus.owl#C27125	1.0
http://snomed.info/id/446593006	http://ncicb.nci.nih.gov/xml/owl/EVS/Thesaurus.owl#C121845	1.0
http://snomed.info/id/446710005	http://ncicb.nci.nih.gov/xml/owl/EVS/Thesaurus.owl#C5542	1.0
http://snomed.info/id/446711009	http://ncicb.nci.nih.gov/xml/owl/EVS/Thesaurus.owl#C5541	1.0
http://snomed.info/id/446832006	http://ncicb.nci.nih.gov/xml/owl/EVS/Thesaurus.owl#C4927	0.97656572
http://snomed.info/id/446939001	http://ncicb.nci.nih.gov/xml/owl/EVS/Thesaurus.owl#C5412	0.97984648
http://snomed.info/id/447100004	http://ncicb.nci.nih.gov/xml/owl/EVS/Thesaurus.owl#C4341	1.0
http://snomed.info/id/447249001	http://ncicb.nci.nih.gov/xml/owl/EVS/Thesaurus.owl#C4927	0.97656572
http://snomed.info/id/447251002	http://ncicb.nci.nih.gov/xml/owl/EVS/Thesaurus.owl#C4473	1.0
http://snomed.info/id/447420007	http://ncicb.nci.nih.gov/xml/owl/EVS/Thesaurus.owl#C8961	1.0
http://snomed.info/id/447643008	http://ncicb.nci.nih.gov/xml/owl/EVS/Thesaurus.owl#C95599	0.91012192
http://snomed.info/id/447765004	http://ncicb.nci.nih.gov/xml/owl/EVS/Thesaurus.owl#C39859	0.97485656
http://snomed.info/id/447785000	http://ncicb.nci.nih.gov/xml/owl/EVS/Thesaurus.owl#C27200	0.97575188
http://snomed.info/id/447883002	http://ncicb.nci.nih.gov/xml/owl/EVS/Thesaurus.owl#C3574	0.90537119
http://snomed.info/id/447885009	http://ncicb.nci.nih.gov/xml/owl/EVS/Thesaurus.owl#C157652	0.95560539
http://snomed.info/id/447888006	http://ncicb.nci.nih.gov/xml/owl/EVS/Thesaurus.owl#C40409	0.98892164
http://snomed.info/id/448015002	http://ncicb.nci.nih.gov/xml/owl/EVS/Thesaurus.owl#C170736	1.0
http://snomed.info/id/448147005	http://ncicb.nci.nih.gov/xml/owl/EVS/Thesaurus.owl#C5819	0.95952666
http://snomed.info/id/448270009	http://ncicb.nci.nih.gov/xml/owl/EVS/Thesaurus.owl#C6719	0.98796701
http://snomed.info/id/448372003	http://ncicb.nci.nih.gov/xml/owl/EVS/Thesaurus.owl#C5684	0.91491246
http://snomed.info/id/448401007	http://ncicb.nci.nih.gov/xml/owl/EVS/Thesaurus.owl#C8893	0.96139944
http://snomed.info/id/448428002	http://ncicb.nci.nih.gov/xml/owl/EVS/Thesaurus.owl#C5620	0.97133565
http://snomed.info/id/448668007	http://ncicb.nci.nih.gov/xml/owl/EVS/Thesaurus.owl#C35178	0.9218241
http://snomed.info/id/448707007	http://ncicb.nci.nih.gov/xml/owl/EVS/Thesaurus.owl#C164184	0.8979193
http://snomed.info/id/448709005	http://ncicb.nci.nih.gov/xml/owl/EVS/Thesaurus.owl#C27235	0.88146257
http://snomed.info/id/448710000	http://ncicb.nci.nih.gov/xml/owl/EVS/Thesaurus.owl#C9312	0.97980094
http://snomed.info/id/449052009	http://ncicb.nci.nih.gov/xml/owl/EVS/Thesaurus.owl#C6382	0.94114113
http://snomed.info/id/449072004	http://ncicb.nci.nih.gov/xml/owl/EVS/Thesaurus.owl#C38162	0.93524873
http://snomed.info/id/449074003	http://ncicb.nci.nih.gov/xml/owl/EVS/Thesaurus.owl#C4007	0.94510883
http://snomed.info/id/449096009	http://ncicb.nci.nih.gov/xml/owl/EVS/Thesaurus.owl#C4571	0.9893918
http://snomed.info/id/449108003	http://ncicb.nci.nih.gov/xml/owl/EVS/Thesaurus.owl#C9128	0.96288365
http://snomed.info/id/449220000	http://ncicb.nci.nih.gov/xml/owl/EVS/Thesaurus.owl#C7264	0.91482872
http://snomed.info/id/449318001	http://ncicb.nci.nih.gov/xml/owl/EVS/Thesaurus.owl#C5534	0.91952467
http://snomed.info/id/449386007	http://ncicb.nci.nih.gov/xml/owl/EVS/Thesaurus.owl#C27361	0.97783399
http://snomed.info/id/450595003	http://ncicb.nci.nih.gov/xml/owl/EVS/Thesaurus.owl#C8335	1.0
http://snomed.info/id/450697004	http://ncicb.nci.nih.gov/xml/owl/EVS/Thesaurus.owl#C4730	0.97707415
http://snomed.info/id/45083001	http://ncicb.nci.nih.gov/xml/owl/EVS/Thesaurus.owl#C3842	1.0
http://snomed.info/id/450890000	http://ncicb.nci.nih.gov/xml/owl/EVS/Thesaurus.owl#C7661	1.0
http://snomed.info/id/450894009	http://ncicb.nci.nih.gov/xml/owl/EVS/Thesaurus.owl#C166418	0.98611456
http://snomed.info/id/450895005	http://ncicb.nci.nih.gov/xml/owl/EVS/Thesaurus.owl#C164144	1.0
http://snomed.info/id/450896006	http://ncicb.nci.nih.gov/xml/owl/EVS/Thesaurus.owl#C42598	0.97386926
http://snomed.info/id/450900009	http://ncicb.nci.nih.gov/xml/owl/EVS/Thesaurus.owl#C92552	1.0
http://snomed.info/id/450901008	http://ncicb.nci.nih.gov/xml/owl/EVS/Thesaurus.owl#C94524	1.0
http://snomed.info/id/450902001	http://ncicb.nci.nih.gov/xml/owl/EVS/Thesaurus.owl#C92554	1.0
http://snomed.info/id/450909005	http://ncicb.nci.nih.gov/xml/owl/EVS/Thesaurus.owl#C7224	1.0
http://snomed.info/id/450910000	http://ncicb.nci.nih.gov/xml/owl/EVS/Thesaurus.owl#C7225	0.9055568
http://snomed.info/id/450911001	http://ncicb.nci.nih.gov/xml/owl/EVS/Thesaurus.owl#C27856	0.94221157
http://snomed.info/id/450912008	http://ncicb.nci.nih.gov/xml/owl/EVS/Thesaurus.owl#C81758	1.0
http://snomed.info/id/450913003	http://ncicb.nci.nih.gov/xml/owl/EVS/Thesaurus.owl#C82179	1.0
http://snomed.info/id/450914009	http://ncicb.nci.nih.gov/xml/owl/EVS/Thesaurus.owl#C82192	0.99563837
http://snomed.info/id/450915005	http://ncicb.nci.nih.gov/xml/owl/EVS/Thesaurus.owl#C82203	0.99644464
http://snomed.info/id/450916006	http://ncicb.nci.nih.gov/xml/owl/EVS/Thesaurus.owl#C82212	0.97356957
http://snomed.info/id/450917002	http://ncicb.nci.nih.gov/xml/owl/EVS/Thesaurus.owl#C82213	0.9724139
http://snomed.info/id/450928003	http://ncicb.nci.nih.gov/xml/owl/EVS/Thesaurus.owl#C82423	0.99443883
http://snomed.info/id/450934005	http://ncicb.nci.nih.gov/xml/owl/EVS/Thesaurus.owl#C82339	0.89640778
http://snomed.info/id/450935006	http://ncicb.nci.nih.gov/xml/owl/EVS/Thesaurus.owl#C43223	1.0
http://snomed.info/id/450937003	http://ncicb.nci.nih.gov/xml/owl/EVS/Thesaurus.owl#C82427	0.9916718
http://snomed.info/id/450940003	http://ncicb.nci.nih.gov/xml/owl/EVS/Thesaurus.owl#C84275	0.86506772
http://snomed.info/id/450946009	http://ncicb.nci.nih.gov/xml/owl/EVS/Thesaurus.owl#C82593	1.0
http://snomed.info/id/450947000	http://ncicb.nci.nih.gov/xml/owl/EVS/Thesaurus.owl#C82594	1.0
http://snomed.info/id/450950002	http://ncicb.nci.nih.gov/xml/owl/EVS/Thesaurus.owl#C80331	0.99041635
http://snomed.info/id/450951003	http://ncicb.nci.nih.gov/xml/owl/EVS/Thesaurus.owl#C80332	0.97819781
http://snomed.info/id/450953000	http://ncicb.nci.nih.gov/xml/owl/EVS/Thesaurus.owl#C80335	1.0
http://snomed.info/id/450956008	http://ncicb.nci.nih.gov/xml/owl/EVS/Thesaurus.owl#C80341	1.0
http://snomed.info/id/452241000124100	http://ncicb.nci.nih.gov/xml/owl/EVS/Thesaurus.owl#C4813	0.99088681
http://snomed.info/id/45410002	http://ncicb.nci.nih.gov/xml/owl/EVS/Thesaurus.owl#C3768	1.0
http://snomed.info/id/45490001	http://ncicb.nci.nih.gov/xml/owl/EVS/Thesaurus.owl#C65173	0.96472025
http://snomed.info/id/4553004	http://ncicb.nci.nih.gov/xml/owl/EVS/Thesaurus.owl#C3795	0.92006099
http://snomed.info/id/45572000	http://ncicb.nci.nih.gov/xml/owl/EVS/Thesaurus.owl#C7165	0.95039672
http://snomed.info/id/457711000124107	http://ncicb.nci.nih.gov/xml/owl/EVS/Thesaurus.owl#C165537	1.0
http://snomed.info/id/457721000124104	http://ncicb.nci.nih.gov/xml/owl/EVS/Thesaurus.owl#C156094	0.97931832
http://snomed.info/id/458321000124102	http://ncicb.nci.nih.gov/xml/owl/EVS/Thesaurus.owl#C126109	1.0
http://snomed.info/id/45881000	http://ncicb.nci.nih.gov/xml/owl/EVS/Thesaurus.owl#C65195	1.0
http://snomed.info/id/459421000124101	http://ncicb.nci.nih.gov/xml/owl/EVS/Thesaurus.owl#C162549	0.96356708
http://snomed.info/id/461311000124107	http://ncicb.nci.nih.gov/xml/owl/EVS/Thesaurus.owl#C8836	1.0
http://snomed.info/id/461371000124103	http://ncicb.nci.nih.gov/xml/owl/EVS/Thesaurus.owl#C7833	0.98965317
http://snomed.info/id/46199002	http://ncicb.nci.nih.gov/xml/owl/EVS/Thesaurus.owl#C4113	1.0
http://snomed.info/id/46580000	http://ncicb.nci.nih.gov/xml/owl/EVS/Thesaurus.owl#C4118	0.93101388
http://snomed.info/id/46585005	http://ncicb.nci.nih.gov/xml/owl/EVS/Thesaurus.owl#C66750	1.0
http://snomed.info/id/46732000	http://ncicb.nci.nih.gov/xml/owl/EVS/Thesaurus.owl#C80280	0.95721549
http://snomed.info/id/47107000	http://ncicb.nci.nih.gov/xml/owl/EVS/Thesaurus.owl#C4150	0.89726281
http://snomed.info/id/472827002	http://ncicb.nci.nih.gov/xml/owl/EVS/Thesaurus.owl#C128637	1.0
http://snomed.info/id/47299001	http://ncicb.nci.nih.gov/xml/owl/EVS/Thesaurus.owl#C4136	1.0
http://snomed.info/id/473418001	http://ncicb.nci.nih.gov/xml/owl/EVS/Thesaurus.owl#C38342	0.92887312
http://snomed.info/id/47620003	http://ncicb.nci.nih.gov/xml/owl/EVS/Thesaurus.owl#C2972	1.0
http://snomed.info/id/47623001	http://ncicb.nci.nih.gov/xml/owl/EVS/Thesaurus.owl#C4242	0.98582017
http://snomed.info/id/4797003	http://ncicb.nci.nih.gov/xml/owl/EVS/Thesaurus.owl#C2853	1.0
http://snomed.info/id/48218007	http://ncicb.nci.nih.gov/xml/owl/EVS/Thesaurus.owl#C4101	1.0
http://snomed.info/id/48460009	http://ncicb.nci.nih.gov/xml/owl/EVS/Thesaurus.owl#C49107	0.88003892
http://snomed.info/id/48619006	http://ncicb.nci.nih.gov/xml/owl/EVS/Thesaurus.owl#C4148	0.89041996
http://snomed.info/id/48952003	http://ncicb.nci.nih.gov/xml/owl/EVS/Thesaurus.owl#C4324	1.0
http://snomed.info/id/4935000	http://ncicb.nci.nih.gov/xml/owl/EVS/Thesaurus.owl#C8376	1.0
http://snomed.info/id/49409001	http://ncicb.nci.nih.gov/xml/owl/EVS/Thesaurus.owl#C3901	1.0
http://snomed.info/id/49430005	http://ncicb.nci.nih.gov/xml/owl/EVS/Thesaurus.owl#C3194	0.96241349
http://snomed.info/id/49465005	http://ncicb.nci.nih.gov/xml/owl/EVS/Thesaurus.owl#C3926	1.0
http://snomed.info/id/4950009	http://ncicb.nci.nih.gov/xml/owl/EVS/Thesaurus.owl#C3366	0.91690284
http://snomed.info/id/4977000	http://ncicb.nci.nih.gov/xml/owl/EVS/Thesaurus.owl#C5193	0.90052462
http://snomed.info/id/49783001	http://ncicb.nci.nih.gov/xml/owl/EVS/Thesaurus.owl#C3311	1.0
http://snomed.info/id/50007008	http://ncicb.nci.nih.gov/xml/owl/EVS/Thesaurus.owl#C2947	1.0
http://snomed.info/id/50150000	http://ncicb.nci.nih.gov/xml/owl/EVS/Thesaurus.owl#C8991	1.0
http://snomed.info/id/50422007	http://ncicb.nci.nih.gov/xml/owl/EVS/Thesaurus.owl#C27813	0.86649305
http://snomed.info/id/5052009	http://ncicb.nci.nih.gov/xml/owl/EVS/Thesaurus.owl#C9231	1.0
http://snomed.info/id/50563003	http://ncicb.nci.nih.gov/xml/owl/EVS/Thesaurus.owl#C9006	0.89944547
http://snomed.info/id/50813003	http://ncicb.nci.nih.gov/xml/owl/EVS/Thesaurus.owl#C66756	1.0
http://snomed.info/id/50978000	http://ncicb.nci.nih.gov/xml/owl/EVS/Thesaurus.owl#C3186	1.0
http://snomed.info/id/51092000	http://ncicb.nci.nih.gov/xml/owl/EVS/Thesaurus.owl#C27911	0.95956659
http://snomed.info/id/51217003	http://ncicb.nci.nih.gov/xml/owl/EVS/Thesaurus.owl#C114109	0.96665561
http://snomed.info/id/51319002	http://ncicb.nci.nih.gov/xml/owl/EVS/Thesaurus.owl#C7727	0.96654534
http://snomed.info/id/51398009	http://ncicb.nci.nih.gov/xml/owl/EVS/Thesaurus.owl#C3075	1.0
http://snomed.info/id/51608009	http://ncicb.nci.nih.gov/xml/owl/EVS/Thesaurus.owl#C3783	1.0
http://snomed.info/id/51617009	http://ncicb.nci.nih.gov/xml/owl/EVS/Thesaurus.owl#C4144	1.0
http://snomed.info/id/51642000	http://ncicb.nci.nih.gov/xml/owl/EVS/Thesaurus.owl#C4123	1.0
http://snomed.info/id/51747000	http://ncicb.nci.nih.gov/xml/owl/EVS/Thesaurus.owl#C3309	1.0
http://snomed.info/id/51793002	http://ncicb.nci.nih.gov/xml/owl/EVS/Thesaurus.owl#C4293	1.0
http://snomed.info/id/51836001	http://ncicb.nci.nih.gov/xml/owl/EVS/Thesaurus.owl#C3269	0.89886886
http://snomed.info/id/52040006	http://ncicb.nci.nih.gov/xml/owl/EVS/Thesaurus.owl#C4244	1.0
http://snomed.info/id/52178006	http://ncicb.nci.nih.gov/xml/owl/EVS/Thesaurus.owl#C3828	1.0
http://snomed.info/id/52205002	http://ncicb.nci.nih.gov/xml/owl/EVS/Thesaurus.owl#C4217	1.0
http://snomed.info/id/52248008	http://ncicb.nci.nih.gov/xml/owl/EVS/Thesaurus.owl#C3518	0.94489264
http://snomed.info/id/52299001	http://ncicb.nci.nih.gov/xml/owl/EVS/Thesaurus.owl#C3295	1.0
http://snomed.info/id/52399003	http://ncicb.nci.nih.gov/xml/owl/EVS/Thesaurus.owl#C66764	1.0
http://snomed.info/id/5244003	http://ncicb.nci.nih.gov/xml/owl/EVS/Thesaurus.owl#C3785	1.0
http://snomed.info/id/52967002	http://ncicb.nci.nih.gov/xml/owl/EVS/Thesaurus.owl#C3248	1.0
http://snomed.info/id/53530009	http://ncicb.nci.nih.gov/xml/owl/EVS/Thesaurus.owl#C4116	0.92156464
http://snomed.info/id/5356000	http://ncicb.nci.nih.gov/xml/owl/EVS/Thesaurus.owl#C8374	1.0
http://snomed.info/id/53654007	http://ncicb.nci.nih.gov/xml/owl/EVS/Thesaurus.owl#C3043	1.0
http://snomed.info/id/53801007	http://ncicb.nci.nih.gov/xml/owl/EVS/Thesaurus.owl#C3049	1.0
http://snomed.info/id/53880006	http://ncicb.nci.nih.gov/xml/owl/EVS/Thesaurus.owl#C4300	1.0
http://snomed.info/id/53968002	http://ncicb.nci.nih.gov/xml/owl/EVS/Thesaurus.owl#C67155	1.0
http://snomed.info/id/54087003	http://ncicb.nci.nih.gov/xml/owl/EVS/Thesaurus.owl#C7402	1.0
http://snomed.info/id/54124005	http://ncicb.nci.nih.gov/xml/owl/EVS/Thesaurus.owl#C3800	0.93391794
http://snomed.info/id/54443001	http://ncicb.nci.nih.gov/xml/owl/EVS/Thesaurus.owl#C4456	0.87187868
http://snomed.info/id/54482004	http://ncicb.nci.nih.gov/xml/owl/EVS/Thesaurus.owl#C4203	0.93935019
http://snomed.info/id/54666007	http://ncicb.nci.nih.gov/xml/owl/EVS/Thesaurus.owl#C4019	0.97878593
http://snomed.info/id/54734006	http://ncicb.nci.nih.gov/xml/owl/EVS/Thesaurus.owl#C40310	0.93562734
http://snomed.info/id/55020008	http://ncicb.nci.nih.gov/xml/owl/EVS/Thesaurus.owl#C8968	1.0
http://snomed.info/id/55045006	http://ncicb.nci.nih.gov/xml/owl/EVS/Thesaurus.owl#C3787	0.87896699
http://snomed.info/id/55150002	http://ncicb.nci.nih.gov/xml/owl/EVS/Thesaurus.owl#C3209	1.0
http://snomed.info/id/55310007	http://ncicb.nci.nih.gov/xml/owl/EVS/Thesaurus.owl#C34826	1.0
http://snomed.info/id/55353007	http://ncicb.nci.nih.gov/xml/owl/EVS/Thesaurus.owl#C9477	1.0
http://snomed.info/id/55681005	http://ncicb.nci.nih.gov/xml/owl/EVS/Thesaurus.owl#C7580	1.0
http://snomed.info/id/55937004	http://ncicb.nci.nih.gov/xml/owl/EVS/Thesaurus.owl#C3809	0.98176521
http://snomed.info/id/56364004	http://ncicb.nci.nih.gov/xml/owl/EVS/Thesaurus.owl#C3942	1.0
http://snomed.info/id/56422000	http://ncicb.nci.nih.gov/xml/owl/EVS/Thesaurus.owl#C4278	0.89742571
http://snomed.info/id/56468002	http://ncicb.nci.nih.gov/xml/owl/EVS/Thesaurus.owl#C4296	1.0
http://snomed.info/id/56484001	http://ncicb.nci.nih.gov/xml/owl/EVS/Thesaurus.owl#C7683	1.0
http://snomed.info/id/5658009	http://ncicb.nci.nih.gov/xml/owl/EVS/Thesaurus.owl#C4145	1.0
http://snomed.info/id/56665009	http://ncicb.nci.nih.gov/xml/owl/EVS/Thesaurus.owl#C27539	0.9533692
http://snomed.info/id/57141000	http://ncicb.nci.nih.gov/xml/owl/EVS/Thesaurus.owl#C4202	0.955221
http://snomed.info/id/57158005	http://ncicb.nci.nih.gov/xml/owl/EVS/Thesaurus.owl#C3978	0.96859658
http://snomed.info/id/57500000	http://ncicb.nci.nih.gov/xml/owl/EVS/Thesaurus.owl#C121932	1.0
http://snomed.info/id/57606003	http://ncicb.nci.nih.gov/xml/owl/EVS/Thesaurus.owl#C4722	1.0
http://snomed.info/id/57622002	http://ncicb.nci.nih.gov/xml/owl/EVS/Thesaurus.owl#C156613	0.92121476
http://snomed.info/id/57723004	http://ncicb.nci.nih.gov/xml/owl/EVS/Thesaurus.owl#C3254	1.0
http://snomed.info/id/58069009	http://ncicb.nci.nih.gov/xml/owl/EVS/Thesaurus.owl#C4176	1.0
http://snomed.info/id/58161009	http://ncicb.nci.nih.gov/xml/owl/EVS/Thesaurus.owl#C8987	1.0
http://snomed.info/id/58243007	http://ncicb.nci.nih.gov/xml/owl/EVS/Thesaurus.owl#C4251	1.0
http://snomed.info/id/5843004	http://ncicb.nci.nih.gov/xml/owl/EVS/Thesaurus.owl#C4121	1.0
http://snomed.info/id/58648008	http://ncicb.nci.nih.gov/xml/owl/EVS/Thesaurus.owl#C35548	0.93805504
http://snomed.info/id/58961005	http://ncicb.nci.nih.gov/xml/owl/EVS/Thesaurus.owl#C8196	0.90507936
http://snomed.info/id/59186007	http://ncicb.nci.nih.gov/xml/owl/EVS/Thesaurus.owl#C27523	0.9231872
http://snomed.info/id/59238007	http://ncicb.nci.nih.gov/xml/owl/EVS/Thesaurus.owl#C3714	1.0
http://snomed.info/id/59367005	http://ncicb.nci.nih.gov/xml/owl/EVS/Thesaurus.owl#C3727	1.0
http://snomed.info/id/59529006	http://ncicb.nci.nih.gov/xml/owl/EVS/Thesaurus.owl#C2906	0.9105466
http://snomed.info/id/60286009	http://ncicb.nci.nih.gov/xml/owl/EVS/Thesaurus.owl#C7678	1.0
http://snomed.info/id/60392001	http://ncicb.nci.nih.gov/xml/owl/EVS/Thesaurus.owl#C3799	0.95309931
http://snomed.info/id/60599006	http://ncicb.nci.nih.gov/xml/owl/EVS/Thesaurus.owl#C4310	1.0
http://snomed.info/id/60657004	http://ncicb.nci.nih.gov/xml/owl/EVS/Thesaurus.owl#C3106	1.0
http://snomed.info/id/60718004	http://ncicb.nci.nih.gov/xml/owl/EVS/Thesaurus.owl#C2996	1.0
http://snomed.info/id/608817003	http://ncicb.nci.nih.gov/xml/owl/EVS/Thesaurus.owl#C94524	1.0
http://snomed.info/id/60896008	http://ncicb.nci.nih.gov/xml/owl/EVS/Thesaurus.owl#C3975	0.96958679
http://snomed.info/id/609515005	http://ncicb.nci.nih.gov/xml/owl/EVS/Thesaurus.owl#C6900	1.0
http://snomed.info/id/609517002	http://ncicb.nci.nih.gov/xml/owl/EVS/Thesaurus.owl#C4699	0.91009092
http://snomed.info/id/609519004	http://ncicb.nci.nih.gov/xml/owl/EVS/Thesaurus.owl#C4699	0.89643306
http://snomed.info/id/61098004	http://ncicb.nci.nih.gov/xml/owl/EVS/Thesaurus.owl#C4108	1.0
http://snomed.info/id/61814002	http://ncicb.nci.nih.gov/xml/owl/EVS/Thesaurus.owl#C3694	1.0
http://snomed.info/id/62047007	http://ncicb.nci.nih.gov/xml/owl/EVS/Thesaurus.owl#C4083	1.0
http://snomed.info/id/6219000	http://ncicb.nci.nih.gov/xml/owl/EVS/Thesaurus.owl#C65153	1.0
http://snomed.info/id/6250003	http://ncicb.nci.nih.gov/xml/owl/EVS/Thesaurus.owl#C45202	0.89505678
http://snomed.info/id/62557001	http://ncicb.nci.nih.gov/xml/owl/EVS/Thesaurus.owl#C3958	0.96979845
http://snomed.info/id/62621002	http://ncicb.nci.nih.gov/xml/owl/EVS/Thesaurus.owl#C9430	1.0
http://snomed.info/id/62727008	http://ncicb.nci.nih.gov/xml/owl/EVS/Thesaurus.owl#C3927	1.0
http://snomed.info/id/63166000	http://ncicb.nci.nih.gov/xml/owl/EVS/Thesaurus.owl#C3803	1.0
http://snomed.info/id/63175003	http://ncicb.nci.nih.gov/xml/owl/EVS/Thesaurus.owl#C43277	0.92588788
http://snomed.info/id/63211008	http://ncicb.nci.nih.gov/xml/owl/EVS/Thesaurus.owl#C3400	1.0
http://snomed.info/id/63264007	http://ncicb.nci.nih.gov/xml/owl/EVS/Thesaurus.owl#C34448	1.0
http://snomed.info/id/63373002	http://ncicb.nci.nih.gov/xml/owl/EVS/Thesaurus.owl#C3205	1.0
http://snomed.info/id/63449009	http://ncicb.nci.nih.gov/xml/owl/EVS/Thesaurus.owl#C3749	1.0
http://snomed.info/id/63629005	http://ncicb.nci.nih.gov/xml/owl/EVS/Thesaurus.owl#C4255	0.96393746
http://snomed.info/id/63634009	http://ncicb.nci.nih.gov/xml/owl/EVS/Thesaurus.owl#C129295	0.97627831
http://snomed.info/id/63687009	http://ncicb.nci.nih.gov/xml/owl/EVS/Thesaurus.owl#C4163	0.9788478
http://snomed.info/id/6381009	http://ncicb.nci.nih.gov/xml/owl/EVS/Thesaurus.owl#C3082	1.0
http://snomed.info/id/63823009	http://ncicb.nci.nih.gov/xml/owl/EVS/Thesaurus.owl#C4092	0.86638427
http://snomed.info/id/63937004	http://ncicb.nci.nih.gov/xml/owl/EVS/Thesaurus.owl#C4308	0.87115216
http://snomed.info/id/64000002	http://ncicb.nci.nih.gov/xml/owl/EVS/Thesaurus.owl#C4573	0.91761971
http://snomed.info/id/64059005	http://ncicb.nci.nih.gov/xml/owl/EVS/Thesaurus.owl#C66811	1.0
http://snomed.info/id/6437002	http://ncicb.nci.nih.gov/xml/owl/EVS/Thesaurus.owl#C66800	1.0
http://snomed.info/id/64575004	http://ncicb.nci.nih.gov/xml/owl/EVS/Thesaurus.owl#C7540	0.94558042
http://snomed.info/id/64967004	http://ncicb.nci.nih.gov/xml/owl/EVS/Thesaurus.owl#C4333	1.0
http://snomed.info/id/65140001	http://ncicb.nci.nih.gov/xml/owl/EVS/Thesaurus.owl#C66763	1.0
http://snomed.info/id/65278006	http://ncicb.nci.nih.gov/xml/owl/EVS/Thesaurus.owl#C7985	0.97006929
http://snomed.info/id/65399007	http://ncicb.nci.nih.gov/xml/owl/EVS/Thesaurus.owl#C3107	1.0
http://snomed.info/id/65540008	http://ncicb.nci.nih.gov/xml/owl/EVS/Thesaurus.owl#C97041	1.0
http://snomed.info/id/65787003	http://ncicb.nci.nih.gov/xml/owl/EVS/Thesaurus.owl#C4192	0.96305704
http://snomed.info/id/66174008	http://ncicb.nci.nih.gov/xml/owl/EVS/Thesaurus.owl#C4478	0.98430604
http://snomed.info/id/66229009	http://ncicb.nci.nih.gov/xml/owl/EVS/Thesaurus.owl#C3084	1.0
http://snomed.info/id/6641007	http://ncicb.nci.nih.gov/xml/owl/EVS/Thesaurus.owl#C66903	0.86291301
http://snomed.info/id/66467005	http://ncicb.nci.nih.gov/xml/owl/EVS/Thesaurus.owl#C3295	0.85953331
http://snomed.info/id/66515009	http://ncicb.nci.nih.gov/xml/owl/EVS/Thesaurus.owl#C65187	0.97558969
http://snomed.info/id/67159000	http://ncicb.nci.nih.gov/xml/owl/EVS/Thesaurus.owl#C4240	0.90229893
http://snomed.info/id/67182003	http://ncicb.nci.nih.gov/xml/owl/EVS/Thesaurus.owl#C2973	1.0
http://snomed.info/id/67280001	http://ncicb.nci.nih.gov/xml/owl/EVS/Thesaurus.owl#C3704	1.0
http://snomed.info/id/67830002	http://ncicb.nci.nih.gov/xml/owl/EVS/Thesaurus.owl#C3756	0.85637408
http://snomed.info/id/68358000	http://ncicb.nci.nih.gov/xml/owl/EVS/Thesaurus.owl#C4201	1.0
http://snomed.info/id/6842002	http://ncicb.nci.nih.gov/xml/owl/EVS/Thesaurus.owl#C3740	1.0
http://snomed.info/id/68453008	http://ncicb.nci.nih.gov/xml/owl/EVS/Thesaurus.owl#C4979	0.95100725
http://snomed.info/id/68827007	http://ncicb.nci.nih.gov/xml/owl/EVS/Thesaurus.owl#C4237	0.99999994
http://snomed.info/id/68880006	http://ncicb.nci.nih.gov/xml/owl/EVS/Thesaurus.owl#C65204	1.0
http://snomed.info/id/68979007	http://ncicb.nci.nih.gov/xml/owl/EVS/Thesaurus.owl#C3082	1.0
http://snomed.info/id/69028005	http://ncicb.nci.nih.gov/xml/owl/EVS/Thesaurus.owl#C3681	1.0
http://snomed.info/id/690751000119102	http://ncicb.nci.nih.gov/xml/owl/EVS/Thesaurus.owl#C5718	0.98344833
http://snomed.info/id/690761000119100	http://ncicb.nci.nih.gov/xml/owl/EVS/Thesaurus.owl#C5712	0.98135036
http://snomed.info/id/690771000119106	http://ncicb.nci.nih.gov/xml/owl/EVS/Thesaurus.owl#C38342	0.98627257
http://snomed.info/id/69291002	http://ncicb.nci.nih.gov/xml/owl/EVS/Thesaurus.owl#C7442	0.93461353
http://snomed.info/id/697970009	http://ncicb.nci.nih.gov/xml/owl/EVS/Thesaurus.owl#C121932	1.0
http://snomed.info/id/698010001	http://ncicb.nci.nih.gov/xml/owl/EVS/Thesaurus.owl#C4696	0.95853573
http://snomed.info/id/698011002	http://ncicb.nci.nih.gov/xml/owl/EVS/Thesaurus.owl#C7992	0.94753587
http://snomed.info/id/698200003	http://ncicb.nci.nih.gov/xml/owl/EVS/Thesaurus.owl#C4835	0.90179485
http://snomed.info/id/699028006	http://ncicb.nci.nih.gov/xml/owl/EVS/Thesaurus.owl#C3716	1.0
http://snomed.info/id/699318007	http://ncicb.nci.nih.gov/xml/owl/EVS/Thesaurus.owl#C6968	0.91648942
http://snomed.info/id/699331002	http://ncicb.nci.nih.gov/xml/owl/EVS/Thesaurus.owl#C7017	0.8744331
http://snomed.info/id/699346009	http://ncicb.nci.nih.gov/xml/owl/EVS/Thesaurus.owl#C3266	0.91718429
http://snomed.info/id/699356008	http://ncicb.nci.nih.gov/xml/owl/EVS/Thesaurus.owl#C40219	0.9646585
http://snomed.info/id/699358009	http://ncicb.nci.nih.gov/xml/owl/EVS/Thesaurus.owl#C126998	0.96506739
http://snomed.info/id/699384003	http://ncicb.nci.nih.gov/xml/owl/EVS/Thesaurus.owl#C173680	0.99212366
http://snomed.info/id/699605009	http://ncicb.nci.nih.gov/xml/owl/EVS/Thesaurus.owl#C7387	1.0
http://snomed.info/id/699606005	http://ncicb.nci.nih.gov/xml/owl/EVS/Thesaurus.owl#C172206	1.0
http://snomed.info/id/699658004	http://ncicb.nci.nih.gov/xml/owl/EVS/Thesaurus.owl#C6560	1.0
http://snomed.info/id/699659007	http://ncicb.nci.nih.gov/xml/owl/EVS/Thesaurus.owl#C6560	1.0
http://snomed.info/id/699703008	http://ncicb.nci.nih.gov/xml/owl/EVS/Thesaurus.owl#C54039	1.0
http://snomed.info/id/699817008	http://ncicb.nci.nih.gov/xml/owl/EVS/Thesaurus.owl#C67560	0.96916711
http://snomed.info/id/699818003	http://ncicb.nci.nih.gov/xml/owl/EVS/Thesaurus.owl#C4664	0.97063029
http://snomed.info/id/699955004	http://ncicb.nci.nih.gov/xml/owl/EVS/Thesaurus.owl#C6514	0.99243492
http://snomed.info/id/700423003	http://ncicb.nci.nih.gov/xml/owl/EVS/Thesaurus.owl#C8294	0.95092148
http://snomed.info/id/7010000	http://ncicb.nci.nih.gov/xml/owl/EVS/Thesaurus.owl#C3693	1.0
http://snomed.info/id/70179006	http://ncicb.nci.nih.gov/xml/owl/EVS/Thesaurus.owl#C4436	1.0
http://snomed.info/id/702368000	http://ncicb.nci.nih.gov/xml/owl/EVS/Thesaurus.owl#C9192	0.96541989
http://snomed.info/id/702369008	http://ncicb.nci.nih.gov/xml/owl/EVS/Thesaurus.owl#C42700	0.96989977
http://snomed.info/id/702378002	http://ncicb.nci.nih.gov/xml/owl/EVS/Thesaurus.owl#C48287	1.0
http://snomed.info/id/702391001	http://ncicb.nci.nih.gov/xml/owl/EVS/Thesaurus.owl#C9385	1.0
http://snomed.info/id/702406000	http://ncicb.nci.nih.gov/xml/owl/EVS/Thesaurus.owl#C6358	0.97776741
http://snomed.info/id/702446006	http://ncicb.nci.nih.gov/xml/owl/EVS/Thesaurus.owl#C122688	1.0
http://snomed.info/id/702476004	http://ncicb.nci.nih.gov/xml/owl/EVS/Thesaurus.owl#C27722	1.0
http://snomed.info/id/703088001	http://ncicb.nci.nih.gov/xml/owl/EVS/Thesaurus.owl#C66841	0.95972705
http://snomed.info/id/703294004	http://ncicb.nci.nih.gov/xml/owl/EVS/Thesaurus.owl#C172207	1.0
http://snomed.info/id/703295003	http://ncicb.nci.nih.gov/xml/owl/EVS/Thesaurus.owl#C172208	0.96872175
http://snomed.info/id/703552001	http://ncicb.nci.nih.gov/xml/owl/EVS/Thesaurus.owl#C40363	0.97756237
http://snomed.info/id/703561001	http://ncicb.nci.nih.gov/xml/owl/EVS/Thesaurus.owl#C105556	0.90595841
http://snomed.info/id/703577000	http://ncicb.nci.nih.gov/xml/owl/EVS/Thesaurus.owl#C9134	0.96778685
http://snomed.info/id/703594003	http://ncicb.nci.nih.gov/xml/owl/EVS/Thesaurus.owl#C176012	0.88433415
http://snomed.info/id/703607009	http://ncicb.nci.nih.gov/xml/owl/EVS/Thesaurus.owl#C49017	1.0
http://snomed.info/id/703608004	http://ncicb.nci.nih.gov/xml/owl/EVS/Thesaurus.owl#C49025	1.0
http://snomed.info/id/703609007	http://ncicb.nci.nih.gov/xml/owl/EVS/Thesaurus.owl#C6496	1.0
http://snomed.info/id/703613000	http://ncicb.nci.nih.gov/xml/owl/EVS/Thesaurus.owl#C6488	1.0
http://snomed.info/id/703615007	http://ncicb.nci.nih.gov/xml/owl/EVS/Thesaurus.owl#C49024	1.0
http://snomed.info/id/703618009	http://ncicb.nci.nih.gov/xml/owl/EVS/Thesaurus.owl#C49027	1.0
http://snomed.info/id/703631004	http://ncicb.nci.nih.gov/xml/owl/EVS/Thesaurus.owl#C121774	1.0
http://snomed.info/id/703633001	http://ncicb.nci.nih.gov/xml/owl/EVS/Thesaurus.owl#C99180	1.0
http://snomed.info/id/703635008	http://ncicb.nci.nih.gov/xml/owl/EVS/Thesaurus.owl#C67563	1.0
http://snomed.info/id/703649004	http://ncicb.nci.nih.gov/xml/owl/EVS/Thesaurus.owl#C121788	1.0
http://snomed.info/id/703650004	http://ncicb.nci.nih.gov/xml/owl/EVS/Thesaurus.owl#C121789	1.0
http://snomed.info/id/703654008	http://ncicb.nci.nih.gov/xml/owl/EVS/Thesaurus.owl#C40018	0.981233
http://snomed.info/id/703655009	http://ncicb.nci.nih.gov/xml/owl/EVS/Thesaurus.owl#C40017	0.97738761
http://snomed.info/id/703658006	http://ncicb.nci.nih.gov/xml/owl/EVS/Thesaurus.owl#C121668	0.94259518
http://snomed.info/id/703660008	http://ncicb.nci.nih.gov/xml/owl/EVS/Thesaurus.owl#C45475	1.0
http://snomed.info/id/703661007	http://ncicb.nci.nih.gov/xml/owl/EVS/Thesaurus.owl#C53677	1.0
http://snomed.info/id/703695006	http://ncicb.nci.nih.gov/xml/owl/EVS/Thesaurus.owl#C121842	1.0
http://snomed.info/id/703696007	http://ncicb.nci.nih.gov/xml/owl/EVS/Thesaurus.owl#C121845	1.0
http://snomed.info/id/703697003	http://ncicb.nci.nih.gov/xml/owl/EVS/Thesaurus.owl#C121844	1.0
http://snomed.info/id/703702007	http://ncicb.nci.nih.gov/xml/owl/EVS/Thesaurus.owl#C6532	0.99669629
http://snomed.info/id/703703002	http://ncicb.nci.nih.gov/xml/owl/EVS/Thesaurus.owl#C3401	0.99652934
http://snomed.info/id/703707001	http://ncicb.nci.nih.gov/xml/owl/EVS/Thesaurus.owl#C27291	0.99220222
http://snomed.info/id/703710008	http://ncicb.nci.nih.gov/xml/owl/EVS/Thesaurus.owl#C121686	1.0
http://snomed.info/id/703816006	http://ncicb.nci.nih.gov/xml/owl/EVS/Thesaurus.owl#C45837	0.91520721
http://snomed.info/id/703818007	http://ncicb.nci.nih.gov/xml/owl/EVS/Thesaurus.owl#C7318	1.0
http://snomed.info/id/703819004	http://ncicb.nci.nih.gov/xml/owl/EVS/Thesaurus.owl#C82433	0.87265629
http://snomed.info/id/703820005	http://ncicb.nci.nih.gov/xml/owl/EVS/Thesaurus.owl#C82431	1.0
http://snomed.info/id/703821009	http://ncicb.nci.nih.gov/xml/owl/EVS/Thesaurus.owl#C8694	1.0
http://snomed.info/id/703822002	http://ncicb.nci.nih.gov/xml/owl/EVS/Thesaurus.owl#C81767	1.0
http://snomed.info/id/703826004	http://ncicb.nci.nih.gov/xml/owl/EVS/Thesaurus.owl#C3218	1.0
http://snomed.info/id/703828003	http://ncicb.nci.nih.gov/xml/owl/EVS/Thesaurus.owl#C3433	0.85875177
http://snomed.info/id/703836007	http://ncicb.nci.nih.gov/xml/owl/EVS/Thesaurus.owl#C7138	0.9984712
http://snomed.info/id/703844007	http://ncicb.nci.nih.gov/xml/owl/EVS/Thesaurus.owl#C94537	1.0
http://snomed.info/id/70401000	http://ncicb.nci.nih.gov/xml/owl/EVS/Thesaurus.owl#C65161	1.0
http://snomed.info/id/704147007	http://ncicb.nci.nih.gov/xml/owl/EVS/Thesaurus.owl#C156101	1.0
http://snomed.info/id/704152002	http://ncicb.nci.nih.gov/xml/owl/EVS/Thesaurus.owl#C156101	1.0
http://snomed.info/id/70511009	http://ncicb.nci.nih.gov/xml/owl/EVS/Thesaurus.owl#C66796	1.0
http://snomed.info/id/705145009	http://ncicb.nci.nih.gov/xml/owl/EVS/Thesaurus.owl#C7781	1.0
http://snomed.info/id/705176003	http://ncicb.nci.nih.gov/xml/owl/EVS/Thesaurus.owl#C6431	1.0
http://snomed.info/id/70555003	http://ncicb.nci.nih.gov/xml/owl/EVS/Thesaurus.owl#C126998	0.9434101
http://snomed.info/id/70594002	http://ncicb.nci.nih.gov/xml/owl/EVS/Thesaurus.owl#C3802	1.0
http://snomed.info/id/70600005	http://ncicb.nci.nih.gov/xml/owl/EVS/Thesaurus.owl#C7258	0.94483846
http://snomed.info/id/707358000	http://ncicb.nci.nih.gov/xml/owl/EVS/Thesaurus.owl#C4044	0.88626111
http://snomed.info/id/707382005	http://ncicb.nci.nih.gov/xml/owl/EVS/Thesaurus.owl#C5663	0.97099793
http://snomed.info/id/707387004	http://ncicb.nci.nih.gov/xml/owl/EVS/Thesaurus.owl#C5658	0.98097193
http://snomed.info/id/707594002	http://ncicb.nci.nih.gov/xml/owl/EVS/Thesaurus.owl#C5670	0.98424429
http://snomed.info/id/707625001	http://ncicb.nci.nih.gov/xml/owl/EVS/Thesaurus.owl#C6023	0.9565683
http://snomed.info/id/707670009	http://ncicb.nci.nih.gov/xml/owl/EVS/Thesaurus.owl#C5669	1.0
http://snomed.info/id/707671008	http://ncicb.nci.nih.gov/xml/owl/EVS/Thesaurus.owl#C45626	1.0
http://snomed.info/id/707672001	http://ncicb.nci.nih.gov/xml/owl/EVS/Thesaurus.owl#C45627	1.0
http://snomed.info/id/707673006	http://ncicb.nci.nih.gov/xml/owl/EVS/Thesaurus.owl#C45628	1.0
http://snomed.info/id/708518001	http://ncicb.nci.nih.gov/xml/owl/EVS/Thesaurus.owl#C9503	0.98564017
http://snomed.info/id/708973006	http://ncicb.nci.nih.gov/xml/owl/EVS/Thesaurus.owl#C154091	1.0
http://snomed.info/id/70910003	http://ncicb.nci.nih.gov/xml/owl/EVS/Thesaurus.owl#C9286	1.0
http://snomed.info/id/709191009	http://ncicb.nci.nih.gov/xml/owl/EVS/Thesaurus.owl#C156100	0.99197423
http://snomed.info/id/70971005	http://ncicb.nci.nih.gov/xml/owl/EVS/Thesaurus.owl#C4262	1.0
http://snomed.info/id/71086005	http://ncicb.nci.nih.gov/xml/owl/EVS/Thesaurus.owl#C3935	1.0
http://snomed.info/id/711329002	http://ncicb.nci.nih.gov/xml/owl/EVS/Thesaurus.owl#C7440	1.0
http://snomed.info/id/71232009	http://ncicb.nci.nih.gov/xml/owl/EVS/Thesaurus.owl#C7503	1.0
http://snomed.info/id/712750007	http://ncicb.nci.nih.gov/xml/owl/EVS/Thesaurus.owl#C4580	0.99083412
http://snomed.info/id/71314006	http://ncicb.nci.nih.gov/xml/owl/EVS/Thesaurus.owl#C4322	1.0
http://snomed.info/id/713189001	http://ncicb.nci.nih.gov/xml/owl/EVS/Thesaurus.owl#C65186	0.97911578
http://snomed.info/id/713293002	http://ncicb.nci.nih.gov/xml/owl/EVS/Thesaurus.owl#C6446	0.95473093
http://snomed.info/id/713306000	http://ncicb.nci.nih.gov/xml/owl/EVS/Thesaurus.owl#C135213	0.90277439
http://snomed.info/id/713577007	http://ncicb.nci.nih.gov/xml/owl/EVS/Thesaurus.owl#C8591	0.96931911
http://snomed.info/id/713582000	http://ncicb.nci.nih.gov/xml/owl/EVS/Thesaurus.owl#C4925	0.99210006
http://snomed.info/id/713588001	http://ncicb.nci.nih.gov/xml/owl/EVS/Thesaurus.owl#C6449	0.98979557
http://snomed.info/id/713609000	http://ncicb.nci.nih.gov/xml/owl/EVS/Thesaurus.owl#C9245	0.97815067
http://snomed.info/id/71440001	http://ncicb.nci.nih.gov/xml/owl/EVS/Thesaurus.owl#C3794	0.98015147
http://snomed.info/id/715397000	http://ncicb.nci.nih.gov/xml/owl/EVS/Thesaurus.owl#C5751	0.88624322
http://snomed.info/id/715561008	http://ncicb.nci.nih.gov/xml/owl/EVS/Thesaurus.owl#C9222	1.0
http://snomed.info/id/715634002	http://ncicb.nci.nih.gov/xml/owl/EVS/Thesaurus.owl#C8381	1.0
http://snomed.info/id/715664005	http://ncicb.nci.nih.gov/xml/owl/EVS/Thesaurus.owl#C9282	1.0
http://snomed.info/id/715903004	http://ncicb.nci.nih.gov/xml/owl/EVS/Thesaurus.owl#C66808	0.98068821
http://snomed.info/id/715904005	http://ncicb.nci.nih.gov/xml/owl/EVS/Thesaurus.owl#C6967	1.0
http://snomed.info/id/716077006	http://ncicb.nci.nih.gov/xml/owl/EVS/Thesaurus.owl#C8110	0.96805918
http://snomed.info/id/716179006	http://ncicb.nci.nih.gov/xml/owl/EVS/Thesaurus.owl#C92555	1.0
http://snomed.info/id/716274007	http://ncicb.nci.nih.gov/xml/owl/EVS/Thesaurus.owl#C62282	0.99317902
http://snomed.info/id/716594002	http://ncicb.nci.nih.gov/xml/owl/EVS/Thesaurus.owl#C39985	0.98317099
http://snomed.info/id/716653001	http://ncicb.nci.nih.gov/xml/owl/EVS/Thesaurus.owl#C171031	0.87633222
http://snomed.info/id/716659002	http://ncicb.nci.nih.gov/xml/owl/EVS/Thesaurus.owl#C34447	0.97294897
http://snomed.info/id/71666005	http://ncicb.nci.nih.gov/xml/owl/EVS/Thesaurus.owl#C3297	1.0
http://snomed.info/id/716787002	http://ncicb.nci.nih.gov/xml/owl/EVS/Thesaurus.owl#C92555	1.0
http://snomed.info/id/717731002	http://ncicb.nci.nih.gov/xml/owl/EVS/Thesaurus.owl#C6381	0.96954721
http://snomed.info/id/717916003	http://ncicb.nci.nih.gov/xml/owl/EVS/Thesaurus.owl#C96425	0.97040927
http://snomed.info/id/7199000	http://ncicb.nci.nih.gov/xml/owl/EVS/Thesaurus.owl#C3424	0.95085746
http://snomed.info/id/720344007	http://ncicb.nci.nih.gov/xml/owl/EVS/Thesaurus.owl#C5196	0.97551727
http://snomed.info/id/720487006	http://ncicb.nci.nih.gov/xml/owl/EVS/Thesaurus.owl#C53594	0.99135846
http://snomed.info/id/72079004	http://ncicb.nci.nih.gov/xml/owl/EVS/Thesaurus.owl#C170888	0.93713444
http://snomed.info/id/721194008	http://ncicb.nci.nih.gov/xml/owl/EVS/Thesaurus.owl#C5696	0.96296799
http://snomed.info/id/721301004	http://ncicb.nci.nih.gov/xml/owl/EVS/Thesaurus.owl#C84277	0.89761776
http://snomed.info/id/721306009	http://ncicb.nci.nih.gov/xml/owl/EVS/Thesaurus.owl#C8252	0.9361003
http://snomed.info/id/721307000	http://ncicb.nci.nih.gov/xml/owl/EVS/Thesaurus.owl#C82339	0.89640778
http://snomed.info/id/721310007	http://ncicb.nci.nih.gov/xml/owl/EVS/Thesaurus.owl#C8647	0.95762455
http://snomed.info/id/721573003	http://ncicb.nci.nih.gov/xml/owl/EVS/Thesaurus.owl#C4784	0.9585489
http://snomed.info/id/721576006	http://ncicb.nci.nih.gov/xml/owl/EVS/Thesaurus.owl#C176251	0.98765206
http://snomed.info/id/721581002	http://ncicb.nci.nih.gov/xml/owl/EVS/Thesaurus.owl#C6490	1.0
http://snomed.info/id/721596003	http://ncicb.nci.nih.gov/xml/owl/EVS/Thesaurus.owl#C176011	0.97990704
http://snomed.info/id/721719006	http://ncicb.nci.nih.gov/xml/owl/EVS/Thesaurus.owl#C6659	0.94175351
http://snomed.info/id/722690001	http://ncicb.nci.nih.gov/xml/owl/EVS/Thesaurus.owl#C8592	1.0
http://snomed.info/id/722795004	http://ncicb.nci.nih.gov/xml/owl/EVS/Thesaurus.owl#C94754	1.0
http://snomed.info/id/722953004	http://ncicb.nci.nih.gov/xml/owl/EVS/Thesaurus.owl#C37869	0.96278393
http://snomed.info/id/722954005	http://ncicb.nci.nih.gov/xml/owl/EVS/Thesaurus.owl#C37869	0.98498106
http://snomed.info/id/722955006	http://ncicb.nci.nih.gov/xml/owl/EVS/Thesaurus.owl#C39591	0.9546479
http://snomed.info/id/723301009	http://ncicb.nci.nih.gov/xml/owl/EVS/Thesaurus.owl#C133254	0.95816159
http://snomed.info/id/724171006	http://ncicb.nci.nih.gov/xml/owl/EVS/Thesaurus.owl#C4055	1.0
http://snomed.info/id/724648008	http://ncicb.nci.nih.gov/xml/owl/EVS/Thesaurus.owl#C7224	1.0
http://snomed.info/id/724649000	http://ncicb.nci.nih.gov/xml/owl/EVS/Thesaurus.owl#C6921	1.0
http://snomed.info/id/726420002	http://ncicb.nci.nih.gov/xml/owl/EVS/Thesaurus.owl#C5317	1.0
http://snomed.info/id/726421003	http://ncicb.nci.nih.gov/xml/owl/EVS/Thesaurus.owl#C45707	1.0
http://snomed.info/id/726423000	http://ncicb.nci.nih.gov/xml/owl/EVS/Thesaurus.owl#C45706	1.0
http://snomed.info/id/726652005	http://ncicb.nci.nih.gov/xml/owl/EVS/Thesaurus.owl#C6430	0.9297291
http://snomed.info/id/72787006	http://ncicb.nci.nih.gov/xml/owl/EVS/Thesaurus.owl#C3308	0.92554122
http://snomed.info/id/72889001	http://ncicb.nci.nih.gov/xml/owl/EVS/Thesaurus.owl#C4294	1.0
http://snomed.info/id/72907003	http://ncicb.nci.nih.gov/xml/owl/EVS/Thesaurus.owl#C9309	0.90636253
http://snomed.info/id/72969003	http://ncicb.nci.nih.gov/xml/owl/EVS/Thesaurus.owl#C65160	1.0
http://snomed.info/id/7300000	http://ncicb.nci.nih.gov/xml/owl/EVS/Thesaurus.owl#C40193	0.88607746
http://snomed.info/id/73103007	http://ncicb.nci.nih.gov/xml/owl/EVS/Thesaurus.owl#C6933	0.97874188
http://snomed.info/id/73219006	http://ncicb.nci.nih.gov/xml/owl/EVS/Thesaurus.owl#C3733	1.0
http://snomed.info/id/733359005	http://ncicb.nci.nih.gov/xml/owl/EVS/Thesaurus.owl#C8719	0.92804843
http://snomed.info/id/733360000	http://ncicb.nci.nih.gov/xml/owl/EVS/Thesaurus.owl#C40156	0.92434806
http://snomed.info/id/733470002	http://ncicb.nci.nih.gov/xml/owl/EVS/Thesaurus.owl#C6194	0.94398695
http://snomed.info/id/733603009	http://ncicb.nci.nih.gov/xml/owl/EVS/Thesaurus.owl#C126303	1.0
http://snomed.info/id/733607005	http://ncicb.nci.nih.gov/xml/owl/EVS/Thesaurus.owl#C6975	1.0
http://snomed.info/id/733836008	http://ncicb.nci.nih.gov/xml/owl/EVS/Thesaurus.owl#C38151	1.0
http://snomed.info/id/733837004	http://ncicb.nci.nih.gov/xml/owl/EVS/Thesaurus.owl#C129293	1.0
http://snomed.info/id/733845009	http://ncicb.nci.nih.gov/xml/owl/EVS/Thesaurus.owl#C6192	1.0
http://snomed.info/id/733859002	http://ncicb.nci.nih.gov/xml/owl/EVS/Thesaurus.owl#C27547	1.0
http://snomed.info/id/733860007	http://ncicb.nci.nih.gov/xml/owl/EVS/Thesaurus.owl#C80299	1.0
http://snomed.info/id/733862004	http://ncicb.nci.nih.gov/xml/owl/EVS/Thesaurus.owl#C129309	0.95586306
http://snomed.info/id/733894009	http://ncicb.nci.nih.gov/xml/owl/EVS/Thesaurus.owl#C27518	1.0
http://snomed.info/id/733895005	http://ncicb.nci.nih.gov/xml/owl/EVS/Thesaurus.owl#C45339	1.0
http://snomed.info/id/733902001	http://ncicb.nci.nih.gov/xml/owl/EVS/Thesaurus.owl#C5407	1.0
http://snomed.info/id/733912008	http://ncicb.nci.nih.gov/xml/owl/EVS/Thesaurus.owl#C7500	1.0
http://snomed.info/id/734032001	http://ncicb.nci.nih.gov/xml/owl/EVS/Thesaurus.owl#C54300	1.0
http://snomed.info/id/734033006	http://ncicb.nci.nih.gov/xml/owl/EVS/Thesaurus.owl#C7097	0.99361455
http://snomed.info/id/734038002	http://ncicb.nci.nih.gov/xml/owl/EVS/Thesaurus.owl#C45638	1.0
http://snomed.info/id/734066005	http://ncicb.nci.nih.gov/xml/owl/EVS/Thesaurus.owl#C71720	0.98506308
http://snomed.info/id/734067001	http://ncicb.nci.nih.gov/xml/owl/EVS/Thesaurus.owl#C80309	1.0
http://snomed.info/id/734072005	http://ncicb.nci.nih.gov/xml/owl/EVS/Thesaurus.owl#C142827	1.0
http://snomed.info/id/734078009	http://ncicb.nci.nih.gov/xml/owl/EVS/Thesaurus.owl#C6834	0.98294479
http://snomed.info/id/734083001	http://ncicb.nci.nih.gov/xml/owl/EVS/Thesaurus.owl#C41426	1.0
http://snomed.info/id/73506006	http://ncicb.nci.nih.gov/xml/owl/EVS/Thesaurus.owl#C3746	1.0
http://snomed.info/id/735679005	http://ncicb.nci.nih.gov/xml/owl/EVS/Thesaurus.owl#C53493	0.92542559
http://snomed.info/id/736322001	http://ncicb.nci.nih.gov/xml/owl/EVS/Thesaurus.owl#C80297	0.97989798
http://snomed.info/id/73676002	http://ncicb.nci.nih.gov/xml/owl/EVS/Thesaurus.owl#C9341	0.97185111
http://snomed.info/id/737268008	http://ncicb.nci.nih.gov/xml/owl/EVS/Thesaurus.owl#C175497	0.94766206
http://snomed.info/id/73767002	http://ncicb.nci.nih.gov/xml/owl/EVS/Thesaurus.owl#C3742	1.0
http://snomed.info/id/73982001	http://ncicb.nci.nih.gov/xml/owl/EVS/Thesaurus.owl#C4321	1.0
http://snomed.info/id/7401000119101	http://ncicb.nci.nih.gov/xml/owl/EVS/Thesaurus.owl#C96480	0.96606112
http://snomed.info/id/74279005	http://ncicb.nci.nih.gov/xml/owl/EVS/Thesaurus.owl#C2945	0.88800108
http://snomed.info/id/74280008	http://ncicb.nci.nih.gov/xml/owl/EVS/Thesaurus.owl#C4153	1.0
http://snomed.info/id/74532006	http://ncicb.nci.nih.gov/xml/owl/EVS/Thesaurus.owl#C4822	1.0
http://snomed.info/id/74654000	http://ncicb.nci.nih.gov/xml/owl/EVS/Thesaurus.owl#C4337	1.0
http://snomed.info/id/74751003	http://ncicb.nci.nih.gov/xml/owl/EVS/Thesaurus.owl#C3754	1.0
http://snomed.info/id/75109009	http://ncicb.nci.nih.gov/xml/owl/EVS/Thesaurus.owl#C3751	0.98280072
http://snomed.info/id/75320001	http://ncicb.nci.nih.gov/xml/owl/EVS/Thesaurus.owl#C3757	0.97197044
http://snomed.info/id/762316003	http://ncicb.nci.nih.gov/xml/owl/EVS/Thesaurus.owl#C7183	0.96245843
http://snomed.info/id/762458004	http://ncicb.nci.nih.gov/xml/owl/EVS/Thesaurus.owl#C6287	0.85555935
http://snomed.info/id/762690000	http://ncicb.nci.nih.gov/xml/owl/EVS/Thesaurus.owl#C7164	0.98410434
http://snomed.info/id/76312009	http://ncicb.nci.nih.gov/xml/owl/EVS/Thesaurus.owl#C4021	1.0
http://snomed.info/id/763865009	http://ncicb.nci.nih.gov/xml/owl/EVS/Thesaurus.owl#C4047	1.0
http://snomed.info/id/763884007	http://ncicb.nci.nih.gov/xml/owl/EVS/Thesaurus.owl#C80309	1.0
http://snomed.info/id/764856008	http://ncicb.nci.nih.gov/xml/owl/EVS/Thesaurus.owl#C157718	1.0
http://snomed.info/id/765094003	http://ncicb.nci.nih.gov/xml/owl/EVS/Thesaurus.owl#C7572	0.98783797
http://snomed.info/id/765136002	http://ncicb.nci.nih.gov/xml/owl/EVS/Thesaurus.owl#C45339	1.0
http://snomed.info/id/76594008	http://ncicb.nci.nih.gov/xml/owl/EVS/Thesaurus.owl#C4683	0.9192909
http://snomed.info/id/766935007	http://ncicb.nci.nih.gov/xml/owl/EVS/Thesaurus.owl#C6620	1.0
http://snomed.info/id/767047005	http://ncicb.nci.nih.gov/xml/owl/EVS/Thesaurus.owl#C3717	0.91562927
http://snomed.info/id/767448007	http://ncicb.nci.nih.gov/xml/owl/EVS/Thesaurus.owl#C9344	1.0
http://snomed.info/id/768934004	http://ncicb.nci.nih.gov/xml/owl/EVS/Thesaurus.owl#C6911	1.0
http://snomed.info/id/76909002	http://ncicb.nci.nih.gov/xml/owl/EVS/Thesaurus.owl#C4817	1.0
http://snomed.info/id/769168000	http://ncicb.nci.nih.gov/xml/owl/EVS/Thesaurus.owl#C7674	1.0
http://snomed.info/id/77027006	http://ncicb.nci.nih.gov/xml/owl/EVS/Thesaurus.owl#C3702	1.0
http://snomed.info/id/77029009	http://ncicb.nci.nih.gov/xml/owl/EVS/Thesaurus.owl#C4207	0.99197698
http://snomed.info/id/771233008	http://ncicb.nci.nih.gov/xml/owl/EVS/Thesaurus.owl#C6481	1.0
http://snomed.info/id/771474005	http://ncicb.nci.nih.gov/xml/owl/EVS/Thesaurus.owl#C172989	0.89050752
http://snomed.info/id/77381001	http://ncicb.nci.nih.gov/xml/owl/EVS/Thesaurus.owl#C2912	1.0
http://snomed.info/id/77430005	http://ncicb.nci.nih.gov/xml/owl/EVS/Thesaurus.owl#C3184	1.0
http://snomed.info/id/77455004	http://ncicb.nci.nih.gov/xml/owl/EVS/Thesaurus.owl#C4258	1.0
http://snomed.info/id/77870005	http://ncicb.nci.nih.gov/xml/owl/EVS/Thesaurus.owl#C4213	1.0
http://snomed.info/id/780821007	http://ncicb.nci.nih.gov/xml/owl/EVS/Thesaurus.owl#C5726	0.94627732
http://snomed.info/id/781641005	http://ncicb.nci.nih.gov/xml/owl/EVS/Thesaurus.owl#C6557	1.0
http://snomed.info/id/78236000	http://ncicb.nci.nih.gov/xml/owl/EVS/Thesaurus.owl#C97097	1.0
http://snomed.info/id/782919005	http://ncicb.nci.nih.gov/xml/owl/EVS/Thesaurus.owl#C7243	0.94681346
http://snomed.info/id/78303004	http://ncicb.nci.nih.gov/xml/owl/EVS/Thesaurus.owl#C4329	0.91343713
http://snomed.info/id/783213006	http://ncicb.nci.nih.gov/xml/owl/EVS/Thesaurus.owl#C164250	1.0
http://snomed.info/id/78325005	http://ncicb.nci.nih.gov/xml/owl/EVS/Thesaurus.owl#C7602	1.0
http://snomed.info/id/783414002	http://ncicb.nci.nih.gov/xml/owl/EVS/Thesaurus.owl#C82217	0.98770958
http://snomed.info/id/783565007	http://ncicb.nci.nih.gov/xml/owl/EVS/Thesaurus.owl#C139021	0.99832612
http://snomed.info/id/78424008	http://ncicb.nci.nih.gov/xml/owl/EVS/Thesaurus.owl#C4174	1.0
http://snomed.info/id/784296005	http://ncicb.nci.nih.gov/xml/owl/EVS/Thesaurus.owl#C139005	0.98013806
http://snomed.info/id/784307009	http://ncicb.nci.nih.gov/xml/owl/EVS/Thesaurus.owl#C66746	1.0
http://snomed.info/id/785766008	http://ncicb.nci.nih.gov/xml/owl/EVS/Thesaurus.owl#C164255	1.0
http://snomed.info/id/786856002	http://ncicb.nci.nih.gov/xml/owl/EVS/Thesaurus.owl#C138181	1.0
http://snomed.info/id/786860004	http://ncicb.nci.nih.gov/xml/owl/EVS/Thesaurus.owl#C138191	1.0
http://snomed.info/id/786909001	http://ncicb.nci.nih.gov/xml/owl/EVS/Thesaurus.owl#C138195	1.0
http://snomed.info/id/787125004	http://ncicb.nci.nih.gov/xml/owl/EVS/Thesaurus.owl#C150405	0.92192006
http://snomed.info/id/78745000	http://ncicb.nci.nih.gov/xml/owl/EVS/Thesaurus.owl#C3433	0.85875177
http://snomed.info/id/788565009	http://ncicb.nci.nih.gov/xml/owl/EVS/Thesaurus.owl#C139021	0.99832612
http://snomed.info/id/788570002	http://ncicb.nci.nih.gov/xml/owl/EVS/Thesaurus.owl#C45366	1.0
http://snomed.info/id/788592003	http://ncicb.nci.nih.gov/xml/owl/EVS/Thesaurus.owl#C54323	0.89390588
http://snomed.info/id/788674000	http://ncicb.nci.nih.gov/xml/owl/EVS/Thesaurus.owl#C45366	1.0
http://snomed.info/id/788739007	http://ncicb.nci.nih.gov/xml/owl/EVS/Thesaurus.owl#C3497	1.0
http://snomed.info/id/789177000	http://ncicb.nci.nih.gov/xml/owl/EVS/Thesaurus.owl#C7930	1.0
http://snomed.info/id/789405004	http://ncicb.nci.nih.gov/xml/owl/EVS/Thesaurus.owl#C164205	1.0
http://snomed.info/id/789435006	http://ncicb.nci.nih.gov/xml/owl/EVS/Thesaurus.owl#C27726	1.0
http://snomed.info/id/789439000	http://ncicb.nci.nih.gov/xml/owl/EVS/Thesaurus.owl#C34609	1.0
http://snomed.info/id/789445008	http://ncicb.nci.nih.gov/xml/owl/EVS/Thesaurus.owl#C165498	1.0
http://snomed.info/id/789695003	http://ncicb.nci.nih.gov/xml/owl/EVS/Thesaurus.owl#C136716	0.98350161
http://snomed.info/id/789740004	http://ncicb.nci.nih.gov/xml/owl/EVS/Thesaurus.owl#C80310	1.0
http://snomed.info/id/79041005	http://ncicb.nci.nih.gov/xml/owl/EVS/Thesaurus.owl#C4196	1.0
http://snomed.info/id/79282002	http://ncicb.nci.nih.gov/xml/owl/EVS/Thesaurus.owl#C3482	1.0
http://snomed.info/id/792907004	http://ncicb.nci.nih.gov/xml/owl/EVS/Thesaurus.owl#C9120	0.92297959
http://snomed.info/id/79494009	http://ncicb.nci.nih.gov/xml/owl/EVS/Thesaurus.owl#C3685	1.0
http://snomed.info/id/803009	http://ncicb.nci.nih.gov/xml/owl/EVS/Thesaurus.owl#C3308	1.0
http://snomed.info/id/80570006	http://ncicb.nci.nih.gov/xml/owl/EVS/Thesaurus.owl#C4344	1.0
http://snomed.info/id/80727009	http://ncicb.nci.nih.gov/xml/owl/EVS/Thesaurus.owl#C4156	1.0
http://snomed.info/id/8097004	http://ncicb.nci.nih.gov/xml/owl/EVS/Thesaurus.owl#C4140	1.0
http://snomed.info/id/810003	http://ncicb.nci.nih.gov/xml/owl/EVS/Thesaurus.owl#C66758	1.0
http://snomed.info/id/81143000	http://ncicb.nci.nih.gov/xml/owl/EVS/Thesaurus.owl#C7567	1.0
http://snomed.info/id/81201000	http://ncicb.nci.nih.gov/xml/owl/EVS/Thesaurus.owl#C3801	1.0
http://snomed.info/id/81274009	http://ncicb.nci.nih.gov/xml/owl/EVS/Thesaurus.owl#C8359	1.0
http://snomed.info/id/81393009	http://ncicb.nci.nih.gov/xml/owl/EVS/Thesaurus.owl#C7560	1.0
http://snomed.info/id/81446001	http://ncicb.nci.nih.gov/xml/owl/EVS/Thesaurus.owl#C4125	1.0
http://snomed.info/id/8145008	http://ncicb.nci.nih.gov/xml/owl/EVS/Thesaurus.owl#C121787	0.97776055
http://snomed.info/id/816198009	http://ncicb.nci.nih.gov/xml/owl/EVS/Thesaurus.owl#C164249	1.0
http://snomed.info/id/816201004	http://ncicb.nci.nih.gov/xml/owl/EVS/Thesaurus.owl#C54659	1.0
http://snomed.info/id/816213009	http://ncicb.nci.nih.gov/xml/owl/EVS/Thesaurus.owl#C54659	1.0
http://snomed.info/id/81669005	http://ncicb.nci.nih.gov/xml/owl/EVS/Thesaurus.owl#C6727	1.0
http://snomed.info/id/816971006	http://ncicb.nci.nih.gov/xml/owl/EVS/Thesaurus.owl#C168592	1.0
http://snomed.info/id/816980006	http://ncicb.nci.nih.gov/xml/owl/EVS/Thesaurus.owl#C162539	0.97301555
http://snomed.info/id/817948000	http://ncicb.nci.nih.gov/xml/owl/EVS/Thesaurus.owl#C170889	1.0
http://snomed.info/id/817951007	http://ncicb.nci.nih.gov/xml/owl/EVS/Thesaurus.owl#C172637	1.0
http://snomed.info/id/818948002	http://ncicb.nci.nih.gov/xml/owl/EVS/Thesaurus.owl#C7662	1.0
http://snomed.info/id/818954001	http://ncicb.nci.nih.gov/xml/owl/EVS/Thesaurus.owl#C4118	0.98609811
http://snomed.info/id/81920005	http://ncicb.nci.nih.gov/xml/owl/EVS/Thesaurus.owl#C4137	1.0
http://snomed.info/id/82049002	http://ncicb.nci.nih.gov/xml/owl/EVS/Thesaurus.owl#C9009	1.0
http://snomed.info/id/82125002	http://ncicb.nci.nih.gov/xml/owl/EVS/Thesaurus.owl#C49107	0.98677254
http://snomed.info/id/8220004	http://ncicb.nci.nih.gov/xml/owl/EVS/Thesaurus.owl#C34584	1.0
http://snomed.info/id/82267002	http://ncicb.nci.nih.gov/xml/owl/EVS/Thesaurus.owl#C65154	1.0
http://snomed.info/id/822950002	http://ncicb.nci.nih.gov/xml/owl/EVS/Thesaurus.owl#C42058	1.0
http://snomed.info/id/822966000	http://ncicb.nci.nih.gov/xml/owl/EVS/Thesaurus.owl#C167365	1.0
http://snomed.info/id/822967009	http://ncicb.nci.nih.gov/xml/owl/EVS/Thesaurus.owl#C167364	1.0
http://snomed.info/id/82375006	http://ncicb.nci.nih.gov/xml/owl/EVS/Thesaurus.owl#C3764	1.0
http://snomed.info/id/8241005	http://ncicb.nci.nih.gov/xml/owl/EVS/Thesaurus.owl#C66792	1.0
http://snomed.info/id/8276007	http://ncicb.nci.nih.gov/xml/owl/EVS/Thesaurus.owl#C4226	0.99999994
http://snomed.info/id/830057003	http://ncicb.nci.nih.gov/xml/owl/EVS/Thesaurus.owl#C133592	0.88752335
http://snomed.info/id/83025009	http://ncicb.nci.nih.gov/xml/owl/EVS/Thesaurus.owl#C2942	0.85263872
http://snomed.info/id/835009	http://ncicb.nci.nih.gov/xml/owl/EVS/Thesaurus.owl#C7528	1.0
http://snomed.info/id/8360001	http://ncicb.nci.nih.gov/xml/owl/EVS/Thesaurus.owl#C8602	1.0
http://snomed.info/id/836274002	http://ncicb.nci.nih.gov/xml/owl/EVS/Thesaurus.owl#C27382	0.95837349
http://snomed.info/id/836276000	http://ncicb.nci.nih.gov/xml/owl/EVS/Thesaurus.owl#C164145	1.0
http://snomed.info/id/836277009	http://ncicb.nci.nih.gov/xml/owl/EVS/Thesaurus.owl#C6914	1.0
http://snomed.info/id/838281000	http://ncicb.nci.nih.gov/xml/owl/EVS/Thesaurus.owl#C150595	1.0
http://snomed.info/id/838297005	http://ncicb.nci.nih.gov/xml/owl/EVS/Thesaurus.owl#C5664	0.91044146
http://snomed.info/id/838311008	http://ncicb.nci.nih.gov/xml/owl/EVS/Thesaurus.owl#C96839	0.98917836
http://snomed.info/id/838342003	http://ncicb.nci.nih.gov/xml/owl/EVS/Thesaurus.owl#C80334	0.94997418
http://snomed.info/id/838343008	http://ncicb.nci.nih.gov/xml/owl/EVS/Thesaurus.owl#C80341	1.0
http://snomed.info/id/83944004	http://ncicb.nci.nih.gov/xml/owl/EVS/Thesaurus.owl#C35259	1.0
http://snomed.info/id/84427001	http://ncicb.nci.nih.gov/xml/owl/EVS/Thesaurus.owl#C126085	0.92818236
http://snomed.info/id/84999002	http://ncicb.nci.nih.gov/xml/owl/EVS/Thesaurus.owl#C62571	0.95761722
http://snomed.info/id/85583005	http://ncicb.nci.nih.gov/xml/owl/EVS/Thesaurus.owl#C3326	0.97163874
http://snomed.info/id/85956000	http://ncicb.nci.nih.gov/xml/owl/EVS/Thesaurus.owl#C3727	0.9026432
http://snomed.info/id/86049000	http://ncicb.nci.nih.gov/xml/owl/EVS/Thesaurus.owl#C84509	1.0
http://snomed.info/id/860831008	http://ncicb.nci.nih.gov/xml/owl/EVS/Thesaurus.owl#C96846	0.97824258
http://snomed.info/id/860895001	http://ncicb.nci.nih.gov/xml/owl/EVS/Thesaurus.owl#C36086	0.96102601
http://snomed.info/id/86143001	http://ncicb.nci.nih.gov/xml/owl/EVS/Thesaurus.owl#C79951	1.0
http://snomed.info/id/86251006	http://ncicb.nci.nih.gov/xml/owl/EVS/Thesaurus.owl#C65157	1.0
http://snomed.info/id/865954003	http://ncicb.nci.nih.gov/xml/owl/EVS/Thesaurus.owl#C5214	0.94816715
http://snomed.info/id/866050001	http://ncicb.nci.nih.gov/xml/owl/EVS/Thesaurus.owl#C7016	0.97038251
http://snomed.info/id/866052009	http://ncicb.nci.nih.gov/xml/owl/EVS/Thesaurus.owl#C6879	0.98091936
http://snomed.info/id/866080006	http://ncicb.nci.nih.gov/xml/owl/EVS/Thesaurus.owl#C5371	0.96770656
http://snomed.info/id/866098005	http://ncicb.nci.nih.gov/xml/owl/EVS/Thesaurus.owl#C27856	0.97480422
http://snomed.info/id/866176003	http://ncicb.nci.nih.gov/xml/owl/EVS/Thesaurus.owl#C162566	0.94525939
http://snomed.info/id/8664001	http://ncicb.nci.nih.gov/xml/owl/EVS/Thesaurus.owl#C66760	0.95268953
http://snomed.info/id/86959002	http://ncicb.nci.nih.gov/xml/owl/EVS/Thesaurus.owl#C3254	0.9268806
http://snomed.info/id/871540009	http://ncicb.nci.nih.gov/xml/owl/EVS/Thesaurus.owl#C41233	0.85550892
http://snomed.info/id/87163000	http://ncicb.nci.nih.gov/xml/owl/EVS/Thesaurus.owl#C3161	0.90683168
http://snomed.info/id/87191000119100	http://ncicb.nci.nih.gov/xml/owl/EVS/Thesaurus.owl#C3788	1.0
http://snomed.info/id/87211000119104	http://ncicb.nci.nih.gov/xml/owl/EVS/Thesaurus.owl#C9505	1.0
http://snomed.info/id/8734000	http://ncicb.nci.nih.gov/xml/owl/EVS/Thesaurus.owl#C66777	1.0
http://snomed.info/id/87364003	http://ncicb.nci.nih.gov/xml/owl/EVS/Thesaurus.owl#C3270	1.0
http://snomed.info/id/87737001	http://ncicb.nci.nih.gov/xml/owl/EVS/Thesaurus.owl#C3774	1.0
http://snomed.info/id/878806005	http://ncicb.nci.nih.gov/xml/owl/EVS/Thesaurus.owl#C95606	0.97430062
http://snomed.info/id/878881002	http://ncicb.nci.nih.gov/xml/owl/EVS/Thesaurus.owl#C27132	1.0
http://snomed.info/id/87913009	http://ncicb.nci.nih.gov/xml/owl/EVS/Thesaurus.owl#C4275	1.0
http://snomed.info/id/879992009	http://ncicb.nci.nih.gov/xml/owl/EVS/Thesaurus.owl#C5731	0.92083931
http://snomed.info/id/88006009	http://ncicb.nci.nih.gov/xml/owl/EVS/Thesaurus.owl#C4241	1.0
http://snomed.info/id/88082008	http://ncicb.nci.nih.gov/xml/owl/EVS/Thesaurus.owl#C66757	0.91305315
http://snomed.info/id/88195001	http://ncicb.nci.nih.gov/xml/owl/EVS/Thesaurus.owl#C3750	1.0
http://snomed.info/id/88252006	http://ncicb.nci.nih.gov/xml/owl/EVS/Thesaurus.owl#C4715	1.0
http://snomed.info/id/88253001	http://ncicb.nci.nih.gov/xml/owl/EVS/Thesaurus.owl#C7492	0.90566945
http://snomed.info/id/88334008	http://ncicb.nci.nih.gov/xml/owl/EVS/Thesaurus.owl#C4287	0.95355493
http://snomed.info/id/88580009	http://ncicb.nci.nih.gov/xml/owl/EVS/Thesaurus.owl#C3957	1.0
http://snomed.info/id/88686005	http://ncicb.nci.nih.gov/xml/owl/EVS/Thesaurus.owl#C4314	0.9587912
http://snomed.info/id/89057003	http://ncicb.nci.nih.gov/xml/owl/EVS/Thesaurus.owl#C3953	0.96753532
http://snomed.info/id/89096009	http://ncicb.nci.nih.gov/xml/owl/EVS/Thesaurus.owl#C6966	1.0
http://snomed.info/id/8934006	http://ncicb.nci.nih.gov/xml/owl/EVS/Thesaurus.owl#C4172	0.87900001
http://snomed.info/id/89773001	http://ncicb.nci.nih.gov/xml/owl/EVS/Thesaurus.owl#C4157	1.0
http://snomed.info/id/89791006	http://ncicb.nci.nih.gov/xml/owl/EVS/Thesaurus.owl#C7568	0.9130159
http://snomed.info/id/89796001	http://ncicb.nci.nih.gov/xml/owl/EVS/Thesaurus.owl#C9303	1.0
http://snomed.info/id/89906000	http://ncicb.nci.nih.gov/xml/owl/EVS/Thesaurus.owl#C3781	1.0
http://snomed.info/id/89996007	http://ncicb.nci.nih.gov/xml/owl/EVS/Thesaurus.owl#C39954	0.87910241
http://snomed.info/id/900006	http://ncicb.nci.nih.gov/xml/owl/EVS/Thesaurus.owl#C27379	1.0
http://snomed.info/id/9001003	http://ncicb.nci.nih.gov/xml/owl/EVS/Thesaurus.owl#C2945	1.0
http://snomed.info/id/90120004	http://ncicb.nci.nih.gov/xml/owl/EVS/Thesaurus.owl#C3246	1.0
http://snomed.info/id/90121000	http://ncicb.nci.nih.gov/xml/owl/EVS/Thesaurus.owl#C65165	1.0
http://snomed.info/id/91002001	http://ncicb.nci.nih.gov/xml/owl/EVS/Thesaurus.owl#C3886	1.0
http://snomed.info/id/9155002	http://ncicb.nci.nih.gov/xml/owl/EVS/Thesaurus.owl#C7112	1.0
http://snomed.info/id/91854005	http://ncicb.nci.nih.gov/xml/owl/EVS/Thesaurus.owl#C4897	1.0
http://snomed.info/id/91855006	http://ncicb.nci.nih.gov/xml/owl/EVS/Thesaurus.owl#C9300	0.96859676
http://snomed.info/id/91857003	http://ncicb.nci.nih.gov/xml/owl/EVS/Thesaurus.owl#C7539	0.91095287
http://snomed.info/id/91858008	http://ncicb.nci.nih.gov/xml/owl/EVS/Thesaurus.owl#C3590	1.0
http://snomed.info/id/91861009	http://ncicb.nci.nih.gov/xml/owl/EVS/Thesaurus.owl#C27753	0.98450071
http://snomed.info/id/91961008	http://ncicb.nci.nih.gov/xml/owl/EVS/Thesaurus.owl#C8532	0.8537662
http://snomed.info/id/91965004	http://ncicb.nci.nih.gov/xml/owl/EVS/Thesaurus.owl#C4615	0.8557595
http://snomed.info/id/91966003	http://ncicb.nci.nih.gov/xml/owl/EVS/Thesaurus.owl#C9004	0.98860061
http://snomed.info/id/91967007	http://ncicb.nci.nih.gov/xml/owl/EVS/Thesaurus.owl#C3629	0.98720807
http://snomed.info/id/91968002	http://ncicb.nci.nih.gov/xml/owl/EVS/Thesaurus.owl#C4895	0.9844802
http://snomed.info/id/91990002	http://ncicb.nci.nih.gov/xml/owl/EVS/Thesaurus.owl#C3592	0.90571684
http://snomed.info/id/92021007	http://ncicb.nci.nih.gov/xml/owl/EVS/Thesaurus.owl#C3609	0.93692082
http://snomed.info/id/92025003	http://ncicb.nci.nih.gov/xml/owl/EVS/Thesaurus.owl#C155792	0.93475741
http://snomed.info/id/92030004	http://ncicb.nci.nih.gov/xml/owl/EVS/Thesaurus.owl#C4781	0.98142654
http://snomed.info/id/92039003	http://ncicb.nci.nih.gov/xml/owl/EVS/Thesaurus.owl#C4406	0.98888177
http://snomed.info/id/92050000	http://ncicb.nci.nih.gov/xml/owl/EVS/Thesaurus.owl#C4955	0.93291724
http://snomed.info/id/92056006	http://ncicb.nci.nih.gov/xml/owl/EVS/Thesaurus.owl#C3607	0.94351482
http://snomed.info/id/92060009	http://ncicb.nci.nih.gov/xml/owl/EVS/Thesaurus.owl#C4779	0.98796612
http://snomed.info/id/92065004	http://ncicb.nci.nih.gov/xml/owl/EVS/Thesaurus.owl#C2894	0.99027932
http://snomed.info/id/92068002	http://ncicb.nci.nih.gov/xml/owl/EVS/Thesaurus.owl#C3622	0.93969458
http://snomed.info/id/92069005	http://ncicb.nci.nih.gov/xml/owl/EVS/Thesaurus.owl#C4242	0.98662072
http://snomed.info/id/92070006	http://ncicb.nci.nih.gov/xml/owl/EVS/Thesaurus.owl#C3623	0.96537268
http://snomed.info/id/92080005	http://ncicb.nci.nih.gov/xml/owl/EVS/Thesaurus.owl#C4775	0.9663583
http://snomed.info/id/92085000	http://ncicb.nci.nih.gov/xml/owl/EVS/Thesaurus.owl#C4621	0.97431445
http://snomed.info/id/92086004	http://ncicb.nci.nih.gov/xml/owl/EVS/Thesaurus.owl#C4894	0.96541464
http://snomed.info/id/92089006	http://ncicb.nci.nih.gov/xml/owl/EVS/Thesaurus.owl#C4606	0.98820496
http://snomed.info/id/92091003	http://ncicb.nci.nih.gov/xml/owl/EVS/Thesaurus.owl#C3598	0.94845563
http://snomed.info/id/92093000	http://ncicb.nci.nih.gov/xml/owl/EVS/Thesaurus.owl#C4417	0.96927387
http://snomed.info/id/92096008	http://ncicb.nci.nih.gov/xml/owl/EVS/Thesaurus.owl#C4776	0.97950536
http://snomed.info/id/92097004	http://ncicb.nci.nih.gov/xml/owl/EVS/Thesaurus.owl#C4780	0.98929191
http://snomed.info/id/92100009	http://ncicb.nci.nih.gov/xml/owl/EVS/Thesaurus.owl#C4517	0.98535842
http://snomed.info/id/92102001	http://ncicb.nci.nih.gov/xml/owl/EVS/Thesaurus.owl#C3848	0.98575795
http://snomed.info/id/92109005	http://ncicb.nci.nih.gov/xml/owl/EVS/Thesaurus.owl#C3593	0.97403651
http://snomed.info/id/92117002	http://ncicb.nci.nih.gov/xml/owl/EVS/Thesaurus.owl#C4440	0.98532975
http://snomed.info/id/92118007	http://ncicb.nci.nih.gov/xml/owl/EVS/Thesaurus.owl#C4787	0.92304295
http://snomed.info/id/92123007	http://ncicb.nci.nih.gov/xml/owl/EVS/Thesaurus.owl#C4605	0.98658657
http://snomed.info/id/92126004	http://ncicb.nci.nih.gov/xml/owl/EVS/Thesaurus.owl#C4598	0.918428
http://snomed.info/id/92129006	http://ncicb.nci.nih.gov/xml/owl/EVS/Thesaurus.owl#C4403	0.98725861
http://snomed.info/id/92132009	http://ncicb.nci.nih.gov/xml/owl/EVS/Thesaurus.owl#C3605	0.96331298
http://snomed.info/id/92134005	http://ncicb.nci.nih.gov/xml/owl/EVS/Thesaurus.owl#C4888	0.96768153
http://snomed.info/id/92139000	http://ncicb.nci.nih.gov/xml/owl/EVS/Thesaurus.owl#C3596	0.98453772
http://snomed.info/id/92165001	http://ncicb.nci.nih.gov/xml/owl/EVS/Thesaurus.owl#C4778	0.98775339
http://snomed.info/id/92170008	http://ncicb.nci.nih.gov/xml/owl/EVS/Thesaurus.owl#C4609	0.86244226
http://snomed.info/id/92185002	http://ncicb.nci.nih.gov/xml/owl/EVS/Thesaurus.owl#C3591	0.96268946
http://snomed.info/id/92196005	http://ncicb.nci.nih.gov/xml/owl/EVS/Thesaurus.owl#C4454	0.98457521
http://snomed.info/id/92206006	http://ncicb.nci.nih.gov/xml/owl/EVS/Thesaurus.owl#C4620	0.98661602
http://snomed.info/id/92211008	http://ncicb.nci.nih.gov/xml/owl/EVS/Thesaurus.owl#C4414	0.98685223
http://snomed.info/id/92214000	http://ncicb.nci.nih.gov/xml/owl/EVS/Thesaurus.owl#C3604	0.93026364
http://snomed.info/id/92220004	http://ncicb.nci.nih.gov/xml/owl/EVS/Thesaurus.owl#C4411	0.98699534
http://snomed.info/id/92237006	http://ncicb.nci.nih.gov/xml/owl/EVS/Thesaurus.owl#C4882	0.98644406
http://snomed.info/id/92238001	http://ncicb.nci.nih.gov/xml/owl/EVS/Thesaurus.owl#C4607	0.95571524
http://snomed.info/id/92246000	http://ncicb.nci.nih.gov/xml/owl/EVS/Thesaurus.owl#C4884	0.98450857
http://snomed.info/id/92247009	http://ncicb.nci.nih.gov/xml/owl/EVS/Thesaurus.owl#C4789	0.97816581
http://snomed.info/id/92258000	http://ncicb.nci.nih.gov/xml/owl/EVS/Thesaurus.owl#C3620	0.98788559
http://snomed.info/id/92259008	http://ncicb.nci.nih.gov/xml/owl/EVS/Thesaurus.owl#C4604	0.92648005
http://snomed.info/id/92260003	http://ncicb.nci.nih.gov/xml/owl/EVS/Thesaurus.owl#C2895	0.9715538
http://snomed.info/id/92263001	http://ncicb.nci.nih.gov/xml/owl/EVS/Thesaurus.owl#C3594	0.96892184
http://snomed.info/id/92264007	http://ncicb.nci.nih.gov/xml/owl/EVS/Thesaurus.owl#C4612	0.97474706
http://snomed.info/id/92272009	http://ncicb.nci.nih.gov/xml/owl/EVS/Thesaurus.owl#C3630	0.98497081
http://snomed.info/id/92279000	http://ncicb.nci.nih.gov/xml/owl/EVS/Thesaurus.owl#C4770	0.98640835
http://snomed.info/id/92286008	http://ncicb.nci.nih.gov/xml/owl/EVS/Thesaurus.owl#C3489	0.95143586
http://snomed.info/id/92289001	http://ncicb.nci.nih.gov/xml/owl/EVS/Thesaurus.owl#C8536	0.91841608
http://snomed.info/id/92293007	http://ncicb.nci.nih.gov/xml/owl/EVS/Thesaurus.owl#C3597	0.93599665
http://snomed.info/id/92294001	http://ncicb.nci.nih.gov/xml/owl/EVS/Thesaurus.owl#C3631	0.98228908
http://snomed.info/id/92296004	http://ncicb.nci.nih.gov/xml/owl/EVS/Thesaurus.owl#C4782	0.98479164
http://snomed.info/id/92297008	http://ncicb.nci.nih.gov/xml/owl/EVS/Thesaurus.owl#C8545	0.95113176
http://snomed.info/id/92298003	http://ncicb.nci.nih.gov/xml/owl/EVS/Thesaurus.owl#C3603	0.90122014
http://snomed.info/id/92308005	http://ncicb.nci.nih.gov/xml/owl/EVS/Thesaurus.owl#C3613	0.98380423
http://snomed.info/id/92312004	http://ncicb.nci.nih.gov/xml/owl/EVS/Thesaurus.owl#C4886	0.94533914
http://snomed.info/id/92318000	http://ncicb.nci.nih.gov/xml/owl/EVS/Thesaurus.owl#C4774	0.96399951
http://snomed.info/id/92321003	http://ncicb.nci.nih.gov/xml/owl/EVS/Thesaurus.owl#C3624	0.97578883
http://snomed.info/id/92336000	http://ncicb.nci.nih.gov/xml/owl/EVS/Thesaurus.owl#C3615	0.95555949
http://snomed.info/id/92337009	http://ncicb.nci.nih.gov/xml/owl/EVS/Thesaurus.owl#C8525	0.98957461
http://snomed.info/id/92358003	http://ncicb.nci.nih.gov/xml/owl/EVS/Thesaurus.owl#C4354	0.95540035
http://snomed.info/id/92384009	http://ncicb.nci.nih.gov/xml/owl/EVS/Thesaurus.owl#C2896	0.98872459
http://snomed.info/id/92385005	http://ncicb.nci.nih.gov/xml/owl/EVS/Thesaurus.owl#C3600	0.98495519
http://snomed.info/id/92386006	http://ncicb.nci.nih.gov/xml/owl/EVS/Thesaurus.owl#C4404	0.98563254
http://snomed.info/id/92404006	http://ncicb.nci.nih.gov/xml/owl/EVS/Thesaurus.owl#C4422	0.98636186
http://snomed.info/id/92405007	http://ncicb.nci.nih.gov/xml/owl/EVS/Thesaurus.owl#C3627	0.99124759
http://snomed.info/id/92408009	http://ncicb.nci.nih.gov/xml/owl/EVS/Thesaurus.owl#C4902	0.94634604
http://snomed.info/id/92411005	http://ncicb.nci.nih.gov/xml/owl/EVS/Thesaurus.owl#C3599	0.96058589
http://snomed.info/id/92415001	http://ncicb.nci.nih.gov/xml/owl/EVS/Thesaurus.owl#C4891	0.90051317
http://snomed.info/id/92421002	http://ncicb.nci.nih.gov/xml/owl/EVS/Thesaurus.owl#C8414	0.98654467
http://snomed.info/id/92422009	http://ncicb.nci.nih.gov/xml/owl/EVS/Thesaurus.owl#C4879	0.9873578
http://snomed.info/id/92428008	http://ncicb.nci.nih.gov/xml/owl/EVS/Thesaurus.owl#C3612	0.95825589
http://snomed.info/id/92432002	http://ncicb.nci.nih.gov/xml/owl/EVS/Thesaurus.owl#C8612	0.94816166
http://snomed.info/id/92433007	http://ncicb.nci.nih.gov/xml/owl/EVS/Thesaurus.owl#C4447	0.92185193
http://snomed.info/id/92443005	http://ncicb.nci.nih.gov/xml/owl/EVS/Thesaurus.owl#C3592	0.98588222
http://snomed.info/id/92446002	http://ncicb.nci.nih.gov/xml/owl/EVS/Thesaurus.owl#C3602	0.96151197
http://snomed.info/id/92464009	http://ncicb.nci.nih.gov/xml/owl/EVS/Thesaurus.owl#C3617	0.9883762
http://snomed.info/id/92466006	http://ncicb.nci.nih.gov/xml/owl/EVS/Thesaurus.owl#C3619	0.96202123
http://snomed.info/id/92468007	http://ncicb.nci.nih.gov/xml/owl/EVS/Thesaurus.owl#C4893	0.98799539
http://snomed.info/id/92470003	http://ncicb.nci.nih.gov/xml/owl/EVS/Thesaurus.owl#C3609	0.96801019
http://snomed.info/id/92471004	http://ncicb.nci.nih.gov/xml/owl/EVS/Thesaurus.owl#C6104	0.98299807
http://snomed.info/id/92472006	http://ncicb.nci.nih.gov/xml/owl/EVS/Thesaurus.owl#C35698	0.98824233
http://snomed.info/id/92473001	http://ncicb.nci.nih.gov/xml/owl/EVS/Thesaurus.owl#C3610	0.95651615
http://snomed.info/id/92503002	http://ncicb.nci.nih.gov/xml/owl/EVS/Thesaurus.owl#C3274	1.0
http://snomed.info/id/92530007	http://ncicb.nci.nih.gov/xml/owl/EVS/Thesaurus.owl#C4444	0.89683104
http://snomed.info/id/92537005	http://ncicb.nci.nih.gov/xml/owl/EVS/Thesaurus.owl#C133795	0.8571949
http://snomed.info/id/92559007	http://ncicb.nci.nih.gov/xml/owl/EVS/Thesaurus.owl#C4594	0.98350078
http://snomed.info/id/92591008	http://ncicb.nci.nih.gov/xml/owl/EVS/Thesaurus.owl#C40105	0.89124238
http://snomed.info/id/92652009	http://ncicb.nci.nih.gov/xml/owl/EVS/Thesaurus.owl#C176503	0.97871447
http://snomed.info/id/92668003	http://ncicb.nci.nih.gov/xml/owl/EVS/Thesaurus.owl#C4590	0.85141176
http://snomed.info/id/92679008	http://ncicb.nci.nih.gov/xml/owl/EVS/Thesaurus.owl#C27790	0.95011026
http://snomed.info/id/92697000	http://ncicb.nci.nih.gov/xml/owl/EVS/Thesaurus.owl#C6193	0.90258837
http://snomed.info/id/9273005	http://ncicb.nci.nih.gov/xml/owl/EVS/Thesaurus.owl#C7754	1.0
http://snomed.info/id/92749008	http://ncicb.nci.nih.gov/xml/owl/EVS/Thesaurus.owl#C2906	0.91001409
http://snomed.info/id/92750008	http://ncicb.nci.nih.gov/xml/owl/EVS/Thesaurus.owl#C4892	0.88369524
http://snomed.info/id/92772005	http://ncicb.nci.nih.gov/xml/owl/EVS/Thesaurus.owl#C3639	0.93717152
http://snomed.info/id/92802003	http://ncicb.nci.nih.gov/xml/owl/EVS/Thesaurus.owl#C89445	0.88835996
http://snomed.info/id/92813000	http://ncicb.nci.nih.gov/xml/owl/EVS/Thesaurus.owl#C4901	0.95316881
http://snomed.info/id/92814006	http://ncicb.nci.nih.gov/xml/owl/EVS/Thesaurus.owl#C7539	0.90521103
http://snomed.info/id/92817004	http://ncicb.nci.nih.gov/xml/owl/EVS/Thesaurus.owl#C4899	0.94290721
http://snomed.info/id/92824003	http://ncicb.nci.nih.gov/xml/owl/EVS/Thesaurus.owl#C3273	1.0
http://snomed.info/id/9294008	http://ncicb.nci.nih.gov/xml/owl/EVS/Thesaurus.owl#C7328	0.95275652
http://snomed.info/id/93143009	http://ncicb.nci.nih.gov/xml/owl/EVS/Thesaurus.owl#C3161	0.95886314
http://snomed.info/id/93162007	http://ncicb.nci.nih.gov/xml/owl/EVS/Thesaurus.owl#C3606	0.98806208
http://snomed.info/id/93163002	http://ncicb.nci.nih.gov/xml/owl/EVS/Thesaurus.owl#C3192	1.0
http://snomed.info/id/93169003	http://ncicb.nci.nih.gov/xml/owl/EVS/Thesaurus.owl#C4901	1.0
http://snomed.info/id/93468003	http://ncicb.nci.nih.gov/xml/owl/EVS/Thesaurus.owl#C3633	0.99221563
http://snomed.info/id/93470007	http://ncicb.nci.nih.gov/xml/owl/EVS/Thesaurus.owl#C3634	0.98421925
http://snomed.info/id/93473009	http://ncicb.nci.nih.gov/xml/owl/EVS/Thesaurus.owl#C8540	0.98895776
http://snomed.info/id/93527005	http://ncicb.nci.nih.gov/xml/owl/EVS/Thesaurus.owl#C26961	0.91336924
http://snomed.info/id/93655004	http://ncicb.nci.nih.gov/xml/owl/EVS/Thesaurus.owl#C3510	0.95247585
http://snomed.info/id/93665005	http://ncicb.nci.nih.gov/xml/owl/EVS/Thesaurus.owl#C9338	0.96072018
http://snomed.info/id/93676009	http://ncicb.nci.nih.gov/xml/owl/EVS/Thesaurus.owl#C7379	0.87747079
http://snomed.info/id/93679002	http://ncicb.nci.nih.gov/xml/owl/EVS/Thesaurus.owl#C9333	0.94593942
http://snomed.info/id/93689003	http://ncicb.nci.nih.gov/xml/owl/EVS/Thesaurus.owl#C9334	0.9363746
http://snomed.info/id/93725000	http://ncicb.nci.nih.gov/xml/owl/EVS/Thesaurus.owl#C4016	0.95209265
http://snomed.info/id/93726004	http://ncicb.nci.nih.gov/xml/owl/EVS/Thesaurus.owl#C3570	0.96673614
http://snomed.info/id/93740003	http://ncicb.nci.nih.gov/xml/owl/EVS/Thesaurus.owl#C3574	0.90914422
http://snomed.info/id/93744007	http://ncicb.nci.nih.gov/xml/owl/EVS/Thesaurus.owl#C4627	0.94632995
http://snomed.info/id/93749002	http://ncicb.nci.nih.gov/xml/owl/EVS/Thesaurus.owl#C4577	0.85136902
http://snomed.info/id/93755007	http://ncicb.nci.nih.gov/xml/owl/EVS/Thesaurus.owl#C3566	0.95945656
http://snomed.info/id/93756008	http://ncicb.nci.nih.gov/xml/owl/EVS/Thesaurus.owl#C4766	0.92371166
http://snomed.info/id/93764002	http://ncicb.nci.nih.gov/xml/owl/EVS/Thesaurus.owl#C3564	0.87670761
http://snomed.info/id/93767009	http://ncicb.nci.nih.gov/xml/owl/EVS/Thesaurus.owl#C3571	0.95643502
http://snomed.info/id/93778001	http://ncicb.nci.nih.gov/xml/owl/EVS/Thesaurus.owl#C4570	0.91610801
http://snomed.info/id/93779009	http://ncicb.nci.nih.gov/xml/owl/EVS/Thesaurus.owl#C3553	0.9421584
http://snomed.info/id/93781006	http://ncicb.nci.nih.gov/xml/owl/EVS/Thesaurus.owl#C27815	0.91113371
http://snomed.info/id/93784003	http://ncicb.nci.nih.gov/xml/owl/EVS/Thesaurus.owl#C4836	0.96102917
http://snomed.info/id/93802007	http://ncicb.nci.nih.gov/xml/owl/EVS/Thesaurus.owl#C9318	0.94364202
http://snomed.info/id/93808006	http://ncicb.nci.nih.gov/xml/owl/EVS/Thesaurus.owl#C3542	0.95587581
http://snomed.info/id/93825008	http://ncicb.nci.nih.gov/xml/owl/EVS/Thesaurus.owl#C3548	0.93013602
http://snomed.info/id/93831006	http://ncicb.nci.nih.gov/xml/owl/EVS/Thesaurus.owl#C7190	0.93872964
http://snomed.info/id/93843007	http://ncicb.nci.nih.gov/xml/owl/EVS/Thesaurus.owl#C65186	0.87634307
http://snomed.info/id/93846004	http://ncicb.nci.nih.gov/xml/owl/EVS/Thesaurus.owl#C170919	0.92511398
http://snomed.info/id/93850006	http://ncicb.nci.nih.gov/xml/owl/EVS/Thesaurus.owl#C7638	0.96417969
http://snomed.info/id/93870000	http://ncicb.nci.nih.gov/xml/owl/EVS/Thesaurus.owl#C34803	0.95197165
http://snomed.info/id/93880001	http://ncicb.nci.nih.gov/xml/owl/EVS/Thesaurus.owl#C7377	0.93853945
http://snomed.info/id/93883004	http://ncicb.nci.nih.gov/xml/owl/EVS/Thesaurus.owl#C4762	0.9602688
http://snomed.info/id/93885006	http://ncicb.nci.nih.gov/xml/owl/EVS/Thesaurus.owl#C8561	0.91440147
http://snomed.info/id/93889000	http://ncicb.nci.nih.gov/xml/owl/EVS/Thesaurus.owl#C3540	0.95206255
http://snomed.info/id/93891008	http://ncicb.nci.nih.gov/xml/owl/EVS/Thesaurus.owl#C3549	0.90936762
http://snomed.info/id/93913006	http://ncicb.nci.nih.gov/xml/owl/EVS/Thesaurus.owl#C4883	0.95399898
http://snomed.info/id/93914000	http://ncicb.nci.nih.gov/xml/owl/EVS/Thesaurus.owl#C4569	0.92524463
http://snomed.info/id/93917007	http://ncicb.nci.nih.gov/xml/owl/EVS/Thesaurus.owl#C4918	0.9432438
http://snomed.info/id/93922007	http://ncicb.nci.nih.gov/xml/owl/EVS/Thesaurus.owl#C4940	0.92076766
http://snomed.info/id/93923002	http://ncicb.nci.nih.gov/xml/owl/EVS/Thesaurus.owl#C4788	0.95284808
http://snomed.info/id/93929003	http://ncicb.nci.nih.gov/xml/owl/EVS/Thesaurus.owl#C6995	0.97271442
http://snomed.info/id/93931007	http://ncicb.nci.nih.gov/xml/owl/EVS/Thesaurus.owl#C170941	0.95735306
http://snomed.info/id/93932000	http://ncicb.nci.nih.gov/xml/owl/EVS/Thesaurus.owl#C3562	0.93108094
http://snomed.info/id/93933005	http://ncicb.nci.nih.gov/xml/owl/EVS/Thesaurus.owl#C7398	0.88599527
http://snomed.info/id/93934004	http://ncicb.nci.nih.gov/xml/owl/EVS/Thesaurus.owl#C7431	0.92679018
http://snomed.info/id/93943008	http://ncicb.nci.nih.gov/xml/owl/EVS/Thesaurus.owl#C9322	0.96660614
http://snomed.info/id/93957005	http://ncicb.nci.nih.gov/xml/owl/EVS/Thesaurus.owl#C4567	0.88651675
http://snomed.info/id/93961004	http://ncicb.nci.nih.gov/xml/owl/EVS/Thesaurus.owl#C7545	0.89694554
http://snomed.info/id/93962006	http://ncicb.nci.nih.gov/xml/owl/EVS/Thesaurus.owl#C3573	0.93682957
http://snomed.info/id/93964007	http://ncicb.nci.nih.gov/xml/owl/EVS/Thesaurus.owl#C4769	0.93833727
http://snomed.info/id/93967000	http://ncicb.nci.nih.gov/xml/owl/EVS/Thesaurus.owl#C9323	0.96881282
http://snomed.info/id/93980002	http://ncicb.nci.nih.gov/xml/owl/EVS/Thesaurus.owl#C7420	0.93056768
http://snomed.info/id/93984006	http://ncicb.nci.nih.gov/xml/owl/EVS/Thesaurus.owl#C7418	0.92136359
http://snomed.info/id/93985007	http://ncicb.nci.nih.gov/xml/owl/EVS/Thesaurus.owl#C7525	0.96196049
http://snomed.info/id/93986008	http://ncicb.nci.nih.gov/xml/owl/EVS/Thesaurus.owl#C4571	0.90534604
http://snomed.info/id/94047004	http://ncicb.nci.nih.gov/xml/owl/EVS/Thesaurus.owl#C2920	0.94151694
http://snomed.info/id/94049001	http://ncicb.nci.nih.gov/xml/owl/EVS/Thesaurus.owl#C3529	0.9614141
http://snomed.info/id/94067008	http://ncicb.nci.nih.gov/xml/owl/EVS/Thesaurus.owl#C3543	0.93578136
http://snomed.info/id/94068003	http://ncicb.nci.nih.gov/xml/owl/EVS/Thesaurus.owl#C3572	0.94540924
http://snomed.info/id/94075002	http://ncicb.nci.nih.gov/xml/owl/EVS/Thesaurus.owl#C3546	0.9513467
http://snomed.info/id/94076001	http://ncicb.nci.nih.gov/xml/owl/EVS/Thesaurus.owl#C3527	0.9664591
http://snomed.info/id/94080006	http://ncicb.nci.nih.gov/xml/owl/EVS/Thesaurus.owl#C3545	0.95365727
http://snomed.info/id/94087009	http://ncicb.nci.nih.gov/xml/owl/EVS/Thesaurus.owl#C7251	0.92318529
http://snomed.info/id/94092006	http://ncicb.nci.nih.gov/xml/owl/EVS/Thesaurus.owl#C3537	0.88817102
http://snomed.info/id/94096009	http://ncicb.nci.nih.gov/xml/owl/EVS/Thesaurus.owl#C4962	0.95261282
http://snomed.info/id/94098005	http://ncicb.nci.nih.gov/xml/owl/EVS/Thesaurus.owl#C7510	0.94891536
http://snomed.info/id/94101009	http://ncicb.nci.nih.gov/xml/owl/EVS/Thesaurus.owl#C9345	0.94305122
http://snomed.info/id/94121005	http://ncicb.nci.nih.gov/xml/owl/EVS/Thesaurus.owl#C7543	0.93406516
http://snomed.info/id/94123008	http://ncicb.nci.nih.gov/xml/owl/EVS/Thesaurus.owl#C7507	0.90865445
http://snomed.info/id/94125001	http://ncicb.nci.nih.gov/xml/owl/EVS/Thesaurus.owl#C9297	0.9557668
http://snomed.info/id/94143002	http://ncicb.nci.nih.gov/xml/owl/EVS/Thesaurus.owl#C7502	0.925749
http://snomed.info/id/94180008	http://ncicb.nci.nih.gov/xml/owl/EVS/Thesaurus.owl#C35748	0.938375
http://snomed.info/id/94217008	http://ncicb.nci.nih.gov/xml/owl/EVS/Thesaurus.owl#C4582	0.93078858
http://snomed.info/id/94222008	http://ncicb.nci.nih.gov/xml/owl/EVS/Thesaurus.owl#C3580	0.93498564
http://snomed.info/id/94225005	http://ncicb.nci.nih.gov/xml/owl/EVS/Thesaurus.owl#C3813	0.92931277
http://snomed.info/id/94243009	http://ncicb.nci.nih.gov/xml/owl/EVS/Thesaurus.owl#C4015	0.93708766
http://snomed.info/id/94253005	http://ncicb.nci.nih.gov/xml/owl/EVS/Thesaurus.owl#C8530	0.93389714
http://snomed.info/id/94283001	http://ncicb.nci.nih.gov/xml/owl/EVS/Thesaurus.owl#C8544	0.94382954
http://snomed.info/id/94286009	http://ncicb.nci.nih.gov/xml/owl/EVS/Thesaurus.owl#C7479	0.93290025
http://snomed.info/id/94291005	http://ncicb.nci.nih.gov/xml/owl/EVS/Thesaurus.owl#C96953	0.94823927
http://snomed.info/id/94292003	http://ncicb.nci.nih.gov/xml/owl/EVS/Thesaurus.owl#C4586	0.92541581
http://snomed.info/id/94312000	http://ncicb.nci.nih.gov/xml/owl/EVS/Thesaurus.owl#C7482	0.93656123
http://snomed.info/id/94327000	http://ncicb.nci.nih.gov/xml/owl/EVS/Thesaurus.owl#C4889	0.94631606
http://snomed.info/id/94334003	http://ncicb.nci.nih.gov/xml/owl/EVS/Thesaurus.owl#C6028	0.94556153
http://snomed.info/id/9436005	http://ncicb.nci.nih.gov/xml/owl/EVS/Thesaurus.owl#C2856	0.91902113
http://snomed.info/id/94364006	http://ncicb.nci.nih.gov/xml/owl/EVS/Thesaurus.owl#C175329	0.93445313
http://snomed.info/id/94365007	http://ncicb.nci.nih.gov/xml/owl/EVS/Thesaurus.owl#C4581	0.93775427
http://snomed.info/id/94370000	http://ncicb.nci.nih.gov/xml/owl/EVS/Thesaurus.owl#C6031	0.92770696
http://snomed.info/id/94391008	http://ncicb.nci.nih.gov/xml/owl/EVS/Thesaurus.owl#C3577	0.92331284
http://snomed.info/id/94409002	http://ncicb.nci.nih.gov/xml/owl/EVS/Thesaurus.owl#C3578	0.94506609
http://snomed.info/id/94442001	http://ncicb.nci.nih.gov/xml/owl/EVS/Thesaurus.owl#C8547	0.94036669
http://snomed.info/id/94453007	http://ncicb.nci.nih.gov/xml/owl/EVS/Thesaurus.owl#C8556	0.91990775
http://snomed.info/id/94454001	http://ncicb.nci.nih.gov/xml/owl/EVS/Thesaurus.owl#C6029	0.93975639
http://snomed.info/id/94455000	http://ncicb.nci.nih.gov/xml/owl/EVS/Thesaurus.owl#C7456	0.92411554
http://snomed.info/id/94459006	http://ncicb.nci.nih.gov/xml/owl/EVS/Thesaurus.owl#C8543	0.91839343
http://snomed.info/id/94467003	http://ncicb.nci.nih.gov/xml/owl/EVS/Thesaurus.owl#C8557	0.94080454
http://snomed.info/id/94481001	http://ncicb.nci.nih.gov/xml/owl/EVS/Thesaurus.owl#C162549	0.94846398
http://snomed.info/id/94484009	http://ncicb.nci.nih.gov/xml/owl/EVS/Thesaurus.owl#C45762	0.94921309
http://snomed.info/id/94488007	http://ncicb.nci.nih.gov/xml/owl/EVS/Thesaurus.owl#C7546	0.94280112
http://snomed.info/id/94491007	http://ncicb.nci.nih.gov/xml/owl/EVS/Thesaurus.owl#C6805	0.92789108
http://snomed.info/id/94492000	http://ncicb.nci.nih.gov/xml/owl/EVS/Thesaurus.owl#C8546	0.9428038
http://snomed.info/id/94513006	http://ncicb.nci.nih.gov/xml/owl/EVS/Thesaurus.owl#C7426	0.93795735
http://snomed.info/id/94516003	http://ncicb.nci.nih.gov/xml/owl/EVS/Thesaurus.owl#C8555	0.93745953
http://snomed.info/id/94580002	http://ncicb.nci.nih.gov/xml/owl/EVS/Thesaurus.owl#C7524	0.94162875
http://snomed.info/id/94600009	http://ncicb.nci.nih.gov/xml/owl/EVS/Thesaurus.owl#C4585	0.94502836
http://snomed.info/id/94602001	http://ncicb.nci.nih.gov/xml/owl/EVS/Thesaurus.owl#C4881	0.89526892
http://snomed.info/id/94605004	http://ncicb.nci.nih.gov/xml/owl/EVS/Thesaurus.owl#C8527	0.93926424
http://snomed.info/id/94606003	http://ncicb.nci.nih.gov/xml/owl/EVS/Thesaurus.owl#C95903	0.93364018
http://snomed.info/id/94614009	http://ncicb.nci.nih.gov/xml/owl/EVS/Thesaurus.owl#C175934	0.95094395
http://snomed.info/id/94623007	http://ncicb.nci.nih.gov/xml/owl/EVS/Thesaurus.owl#C4584	0.93404615
http://snomed.info/id/94627008	http://ncicb.nci.nih.gov/xml/owl/EVS/Thesaurus.owl#C4583	0.93883985
http://snomed.info/id/94632009	http://ncicb.nci.nih.gov/xml/owl/EVS/Thesaurus.owl#C4903	0.92705995
http://snomed.info/id/94634005	http://ncicb.nci.nih.gov/xml/owl/EVS/Thesaurus.owl#C7509	0.93864316
http://snomed.info/id/94641004	http://ncicb.nci.nih.gov/xml/owl/EVS/Thesaurus.owl#C4887	0.92767203
http://snomed.info/id/94659001	http://ncicb.nci.nih.gov/xml/owl/EVS/Thesaurus.owl#C7544	0.92486244
http://snomed.info/id/94661005	http://ncicb.nci.nih.gov/xml/owl/EVS/Thesaurus.owl#C7573	0.93480814
http://snomed.info/id/94663008	http://ncicb.nci.nih.gov/xml/owl/EVS/Thesaurus.owl#C170943	0.94025797
http://snomed.info/id/94668004	http://ncicb.nci.nih.gov/xml/owl/EVS/Thesaurus.owl#C6333	0.9271642
http://snomed.info/id/94681006	http://ncicb.nci.nih.gov/xml/owl/EVS/Thesaurus.owl#C6332	0.93900716
http://snomed.info/id/94716000	http://ncicb.nci.nih.gov/xml/owl/EVS/Thesaurus.owl#C4899	1.0
http://snomed.info/id/9499001	http://ncicb.nci.nih.gov/xml/owl/EVS/Thesaurus.owl#C4135	0.89943737
http://snomed.info/id/95209008	http://ncicb.nci.nih.gov/xml/owl/EVS/Thesaurus.owl#C3585	1.0
http://snomed.info/id/95211004	http://ncicb.nci.nih.gov/xml/owl/EVS/Thesaurus.owl#C4366	0.91578174
http://snomed.info/id/95231000	http://ncicb.nci.nih.gov/xml/owl/EVS/Thesaurus.owl#C26959	0.98877782
http://snomed.info/id/95711003	http://ncicb.nci.nih.gov/xml/owl/EVS/Thesaurus.owl#C4556	0.98689032
http://snomed.info/id/9618003	http://ncicb.nci.nih.gov/xml/owl/EVS/Thesaurus.owl#C4199	1.0
http://snomed.info/id/9801004	http://ncicb.nci.nih.gov/xml/owl/EVS/Thesaurus.owl#C27005	1.0
http://snomed.info/id/985004	http://ncicb.nci.nih.gov/xml/owl/EVS/Thesaurus.owl#C3269	1.0
http://snomed.info/id/99131000119108	http://ncicb.nci.nih.gov/xml/owl/EVS/Thesaurus.owl#C4951	0.97455883
http://snomed.info/id/99741000119100	http://ncicb.nci.nih.gov/xml/owl/EVS/Thesaurus.owl#C8376	1.0
