SrcEntity	TgtEntity	Score
http://snomed.info/id/10013000	http://purl.org/sig/ont/fma/fma44631	1.0
http://snomed.info/id/10025002	http://purl.org/sig/ont/fma/fma37498	1.0
http://snomed.info/id/10036009	http://purl.org/sig/ont/fma/fma13515	0.95147699
http://snomed.info/id/1003699003	http://purl.org/sig/ont/fma/fma60329	0.916026
http://snomed.info/id/1004099009	http://purl.org/sig/ont/fma/fma42756	0.9045009
http://snomed.info/id/1004100001	http://purl.org/sig/ont/fma/fma42757	0.92490971
http://snomed.info/id/1004119006	http://purl.org/sig/ont/fma/fma45513	0.91387337
http://snomed.info/id/1004120000	http://purl.org/sig/ont/fma/fma45514	0.91664714
http://snomed.info/id/1004127002	http://purl.org/sig/ont/fma/fma45524	0.90806919
http://snomed.info/id/1004128007	http://purl.org/sig/ont/fma/fma45525	0.91396171
http://snomed.info/id/1004135004	http://purl.org/sig/ont/fma/fma45535	0.90774232
http://snomed.info/id/1004136003	http://purl.org/sig/ont/fma/fma45536	0.9116661
http://snomed.info/id/1005009	http://purl.org/sig/ont/fma/fma12773	0.9134624
http://snomed.info/id/10056005	http://purl.org/sig/ont/fma/fma52621	1.0
http://snomed.info/id/10062000	http://purl.org/sig/ont/fma/fma46805	1.0
http://snomed.info/id/1010272002	http://purl.org/sig/ont/fma/fma51159	0.90572298
http://snomed.info/id/1010273007	http://purl.org/sig/ont/fma/fma51162	0.90153736
http://snomed.info/id/1010274001	http://purl.org/sig/ont/fma/fma51165	0.90406609
http://snomed.info/id/1010599001	http://purl.org/sig/ont/fma/fma83876	0.980434
http://snomed.info/id/1010600003	http://purl.org/sig/ont/fma/fma83877	0.98014486
http://snomed.info/id/1010601004	http://purl.org/sig/ont/fma/fma83877	0.91933662
http://snomed.info/id/1010602006	http://purl.org/sig/ont/fma/fma83876	0.9425782
http://snomed.info/id/10124000	http://purl.org/sig/ont/fma/fma21502	1.0
http://snomed.info/id/10141003	http://purl.org/sig/ont/fma/fma52967	1.0
http://snomed.info/id/10145007	http://purl.org/sig/ont/fma/fma82453	0.91597801
http://snomed.info/id/1017224000	http://purl.org/sig/ont/fma/fma24480	0.95384532
http://snomed.info/id/1017225004	http://purl.org/sig/ont/fma/fma24481	0.93007439
http://snomed.info/id/10176001	http://purl.org/sig/ont/fma/fma62317	0.93588358
http://snomed.info/id/10200004	http://purl.org/sig/ont/fma/fma7197	1.0
http://snomed.info/id/10208006	http://purl.org/sig/ont/fma/fma16561	1.0
http://snomed.info/id/10209003	http://purl.org/sig/ont/fma/fma61216	1.0
http://snomed.info/id/102286006	http://purl.org/sig/ont/fma/fma32401	0.91463488
http://snomed.info/id/102287002	http://purl.org/sig/ont/fma/fma322639	1.0
http://snomed.info/id/102288007	http://purl.org/sig/ont/fma/fma33531	0.9576627
http://snomed.info/id/102290008	http://purl.org/sig/ont/fma/fma50248	0.91163713
http://snomed.info/id/102292000	http://purl.org/sig/ont/fma/fma9622	0.96306431
http://snomed.info/id/102297006	http://purl.org/sig/ont/fma/fma7405	1.0
http://snomed.info/id/102299009	http://purl.org/sig/ont/fma/fma279949	0.91963196
http://snomed.info/id/10245000	http://purl.org/sig/ont/fma/fma37451	1.0
http://snomed.info/id/1028005	http://purl.org/sig/ont/fma/fma59160	1.0
http://snomed.info/id/10293006	http://purl.org/sig/ont/fma/fma18808	0.95116597
http://snomed.info/id/1030007	http://purl.org/sig/ont/fma/fma322786	0.92718494
http://snomed.info/id/10328008	http://purl.org/sig/ont/fma/fma322770	0.94933677
http://snomed.info/id/10410005	http://purl.org/sig/ont/fma/fma59152	1.0
http://snomed.info/id/10415000	http://purl.org/sig/ont/fma/fma58470	1.0
http://snomed.info/id/10417008	http://purl.org/sig/ont/fma/fma16911	1.0
http://snomed.info/id/10475007	http://purl.org/sig/ont/fma/fma10665	1.0
http://snomed.info/id/10476008	http://purl.org/sig/ont/fma/fma311594	0.97471613
http://snomed.info/id/1052259006	http://purl.org/sig/ont/fma/fma63259	1.0
http://snomed.info/id/1052262009	http://purl.org/sig/ont/fma/fma63259	0.93183053
http://snomed.info/id/1052288007	http://purl.org/sig/ont/fma/fma49390	0.97719514
http://snomed.info/id/1052289004	http://purl.org/sig/ont/fma/fma49391	0.97787189
http://snomed.info/id/1052290008	http://purl.org/sig/ont/fma/fma49392	0.97256655
http://snomed.info/id/1052293005	http://purl.org/sig/ont/fma/fma49390	0.94950467
http://snomed.info/id/1052294004	http://purl.org/sig/ont/fma/fma49391	0.94781971
http://snomed.info/id/1052297006	http://purl.org/sig/ont/fma/fma49392	0.94332916
http://snomed.info/id/1052333006	http://purl.org/sig/ont/fma/fma7214	0.90226853
http://snomed.info/id/1055264003	http://purl.org/sig/ont/fma/fma56428	0.94993407
http://snomed.info/id/1055265002	http://purl.org/sig/ont/fma/fma56427	0.96020162
http://snomed.info/id/1055290000	http://purl.org/sig/ont/fma/fma56768	1.0
http://snomed.info/id/1055291001	http://purl.org/sig/ont/fma/fma56767	1.0
http://snomed.info/id/105580009	http://purl.org/sig/ont/fma/fma16204	1.0
http://snomed.info/id/105581008	http://purl.org/sig/ont/fma/fma322638	1.0
http://snomed.info/id/105586003	http://purl.org/sig/ont/fma/fma322584	0.92465156
http://snomed.info/id/10591007	http://purl.org/sig/ont/fma/fma16511	1.0
http://snomed.info/id/10634008	http://purl.org/sig/ont/fma/fma46576	1.0
http://snomed.info/id/10642009	http://purl.org/sig/ont/fma/fma42815	1.0
http://snomed.info/id/10655005	http://purl.org/sig/ont/fma/fma44248	1.0
http://snomed.info/id/10695007	http://purl.org/sig/ont/fma/fma58362	0.91248858
http://snomed.info/id/10737006	http://purl.org/sig/ont/fma/fma20291	1.0
http://snomed.info/id/10746000	http://purl.org/sig/ont/fma/fma7180	1.0
http://snomed.info/id/1076006	http://purl.org/sig/ont/fma/fma45198	0.93335229
http://snomed.info/id/10766009	http://purl.org/sig/ont/fma/fma22710	1.0
http://snomed.info/id/10769002	http://purl.org/sig/ont/fma/fma78121	1.0
http://snomed.info/id/10770001	http://purl.org/sig/ont/fma/fma32631	1.0
http://snomed.info/id/10776007	http://purl.org/sig/ont/fma/fma62021	1.0
http://snomed.info/id/10778008	http://purl.org/sig/ont/fma/fma62174	1.0
http://snomed.info/id/1078224004	http://purl.org/sig/ont/fma/fma14121	1.0
http://snomed.info/id/1078225003	http://purl.org/sig/ont/fma/fma279911	0.92131835
http://snomed.info/id/10801009	http://purl.org/sig/ont/fma/fma65216	1.0
http://snomed.info/id/108372004	http://purl.org/sig/ont/fma/fma232178	0.9148398
http://snomed.info/id/10840004	http://purl.org/sig/ont/fma/fma322914	0.93411851
http://snomed.info/id/10846005	http://purl.org/sig/ont/fma/fma322885	0.9671194
http://snomed.info/id/10864003	http://purl.org/sig/ont/fma/fma23322	1.0
http://snomed.info/id/1087003	http://purl.org/sig/ont/fma/fma13343	1.0
http://snomed.info/id/10886002	http://purl.org/sig/ont/fma/fma38558	1.0
http://snomed.info/id/10915005	http://purl.org/sig/ont/fma/fma5910	1.0
http://snomed.info/id/1092001	http://purl.org/sig/ont/fma/fma61901	1.0
http://snomed.info/id/10921009	http://purl.org/sig/ont/fma/fma22703	1.0
http://snomed.info/id/10937003	http://purl.org/sig/ont/fma/fma62191	0.90022391
http://snomed.info/id/10945008	http://purl.org/sig/ont/fma/fma15848	1.0
http://snomed.info/id/109559009	http://purl.org/sig/ont/fma/fma17528	1.0
http://snomed.info/id/1099005	http://purl.org/sig/ont/fma/fma72205	0.94600099
http://snomed.info/id/10992007	http://purl.org/sig/ont/fma/fma50990	1.0
http://snomed.info/id/11000004	http://purl.org/sig/ont/fma/fma61833	1.0
http://snomed.info/id/11016002	http://purl.org/sig/ont/fma/fma23894	1.0
http://snomed.info/id/11018001	http://purl.org/sig/ont/fma/fma6281	1.0
http://snomed.info/id/11019009	http://purl.org/sig/ont/fma/fma8128	0.91004181
http://snomed.info/id/11035002	http://purl.org/sig/ont/fma/fma18247	0.92468703
http://snomed.info/id/11048003	http://purl.org/sig/ont/fma/fma52827	1.0
http://snomed.info/id/110485007	http://purl.org/sig/ont/fma/fma286431	0.93323106
http://snomed.info/id/110486008	http://purl.org/sig/ont/fma/fma54319	0.93933105
http://snomed.info/id/110489001	http://purl.org/sig/ont/fma/fma323935	0.9721238
http://snomed.info/id/110490005	http://purl.org/sig/ont/fma/fma323936	0.98650163
http://snomed.info/id/11052003	http://purl.org/sig/ont/fma/fma42881	1.0
http://snomed.info/id/110521002	http://purl.org/sig/ont/fma/fma322610	1.0
http://snomed.info/id/110529000	http://purl.org/sig/ont/fma/fma322611	1.0
http://snomed.info/id/110533007	http://purl.org/sig/ont/fma/fma268676	0.9846679
http://snomed.info/id/110540008	http://purl.org/sig/ont/fma/fma37372	0.97101218
http://snomed.info/id/110542000	http://purl.org/sig/ont/fma/fma31892	0.90539777
http://snomed.info/id/110547006	http://purl.org/sig/ont/fma/fma55130	0.93123019
http://snomed.info/id/110566006	http://purl.org/sig/ont/fma/fma50874	0.96039057
http://snomed.info/id/110567002	http://purl.org/sig/ont/fma/fma4742	0.97620124
http://snomed.info/id/110568007	http://purl.org/sig/ont/fma/fma15389	0.9283269
http://snomed.info/id/110578005	http://purl.org/sig/ont/fma/fma56491	1.0
http://snomed.info/id/110579002	http://purl.org/sig/ont/fma/fma56493	1.0
http://snomed.info/id/110580004	http://purl.org/sig/ont/fma/fma56490	1.0
http://snomed.info/id/110581000	http://purl.org/sig/ont/fma/fma56494	1.0
http://snomed.info/id/110582007	http://purl.org/sig/ont/fma/fma56496	1.0
http://snomed.info/id/110583002	http://purl.org/sig/ont/fma/fma56488	1.0
http://snomed.info/id/110603008	http://purl.org/sig/ont/fma/fma63076	0.9253329
http://snomed.info/id/110609007	http://purl.org/sig/ont/fma/fma265213	0.94275659
http://snomed.info/id/110610002	http://purl.org/sig/ont/fma/fma265213	0.9027828
http://snomed.info/id/110634007	http://purl.org/sig/ont/fma/fma302824	1.0
http://snomed.info/id/110635008	http://purl.org/sig/ont/fma/fma302826	1.0
http://snomed.info/id/110641001	http://purl.org/sig/ont/fma/fma18488	0.90083396
http://snomed.info/id/110650004	http://purl.org/sig/ont/fma/fma18247	0.90588778
http://snomed.info/id/110682001	http://purl.org/sig/ont/fma/fma260706	1.0
http://snomed.info/id/110683006	http://purl.org/sig/ont/fma/fma260708	1.0
http://snomed.info/id/110684000	http://purl.org/sig/ont/fma/fma62151	0.94929612
http://snomed.info/id/110687007	http://purl.org/sig/ont/fma/fma72613	1.0
http://snomed.info/id/110695006	http://purl.org/sig/ont/fma/fma75491	1.0
http://snomed.info/id/110696007	http://purl.org/sig/ont/fma/fma67533	1.0
http://snomed.info/id/110697003	http://purl.org/sig/ont/fma/fma67563	0.91891634
http://snomed.info/id/110698008	http://purl.org/sig/ont/fma/fma6629	0.92164797
http://snomed.info/id/110699000	http://purl.org/sig/ont/fma/fma77598	0.92225742
http://snomed.info/id/110707001	http://purl.org/sig/ont/fma/fma48977	1.0
http://snomed.info/id/110709003	http://purl.org/sig/ont/fma/fma323406	1.0
http://snomed.info/id/110752003	http://purl.org/sig/ont/fma/fma322007	0.92939681
http://snomed.info/id/11089000	http://purl.org/sig/ont/fma/fma72495	1.0
http://snomed.info/id/11098002	http://purl.org/sig/ont/fma/fma7364	1.0
http://snomed.info/id/11100002	http://purl.org/sig/ont/fma/fma272318	0.96919894
http://snomed.info/id/1110006	http://purl.org/sig/ont/fma/fma59104	1.0
http://snomed.info/id/111002	http://purl.org/sig/ont/fma/fma13890	0.97960073
http://snomed.info/id/11107004	http://purl.org/sig/ont/fma/fma24928	0.96331501
http://snomed.info/id/11124005	http://purl.org/sig/ont/fma/fma7233	1.0
http://snomed.info/id/11146002	http://purl.org/sig/ont/fma/fma10071	1.0
http://snomed.info/id/11171004	http://purl.org/sig/ont/fma/fma32620	1.0
http://snomed.info/id/11192004	http://purl.org/sig/ont/fma/fma22350	1.0
http://snomed.info/id/1119324008	http://purl.org/sig/ont/fma/fma17884	0.92928523
http://snomed.info/id/1119325009	http://purl.org/sig/ont/fma/fma17885	0.93862474
http://snomed.info/id/11195002	http://purl.org/sig/ont/fma/fma79636	0.95127481
http://snomed.info/id/11207009	http://purl.org/sig/ont/fma/fma24968	1.0
http://snomed.info/id/11208004	http://purl.org/sig/ont/fma/fma20798	1.0
http://snomed.info/id/11217004	http://purl.org/sig/ont/fma/fma322939	0.96697241
http://snomed.info/id/1122009	http://purl.org/sig/ont/fma/fma46694	1.0
http://snomed.info/id/11279006	http://purl.org/sig/ont/fma/fma50454	1.0
http://snomed.info/id/11287007	http://purl.org/sig/ont/fma/fma58240	1.0
http://snomed.info/id/113174001	http://purl.org/sig/ont/fma/fma70933	0.90261155
http://snomed.info/id/113179006	http://purl.org/sig/ont/fma/fma322261	0.94886768
http://snomed.info/id/113183006	http://purl.org/sig/ont/fma/fma322577	0.95080632
http://snomed.info/id/113184000	http://purl.org/sig/ont/fma/fma38204	0.93492258
http://snomed.info/id/113185004	http://purl.org/sig/ont/fma/fma322232	0.94576085
http://snomed.info/id/113186003	http://purl.org/sig/ont/fma/fma18085	0.9194296
http://snomed.info/id/113187007	http://purl.org/sig/ont/fma/fma297508	0.9260087
http://snomed.info/id/113188002	http://purl.org/sig/ont/fma/fma63956	0.91097724
http://snomed.info/id/113193004	http://purl.org/sig/ont/fma/fma7474	1.0
http://snomed.info/id/113194005	http://purl.org/sig/ont/fma/fma59327	1.0
http://snomed.info/id/113196007	http://purl.org/sig/ont/fma/fma7741	1.0
http://snomed.info/id/113197003	http://purl.org/sig/ont/fma/fma225549	0.96109688
http://snomed.info/id/113200002	http://purl.org/sig/ont/fma/fma8500	1.0
http://snomed.info/id/113206008	http://purl.org/sig/ont/fma/fma24787	1.0
http://snomed.info/id/113207004	http://purl.org/sig/ont/fma/fma9268	1.0
http://snomed.info/id/113208009	http://purl.org/sig/ont/fma/fma10011	1.0
http://snomed.info/id/113209001	http://purl.org/sig/ont/fma/fma13506	0.91228181
http://snomed.info/id/113210006	http://purl.org/sig/ont/fma/fma10056	1.0
http://snomed.info/id/113211005	http://purl.org/sig/ont/fma/fma10078	1.0
http://snomed.info/id/113215001	http://purl.org/sig/ont/fma/fma16081	1.0
http://snomed.info/id/113216000	http://purl.org/sig/ont/fma/fma16165	1.0
http://snomed.info/id/113217009	http://purl.org/sig/ont/fma/fma16131	1.0
http://snomed.info/id/113218004	http://purl.org/sig/ont/fma/fma17007	0.93631911
http://snomed.info/id/113220001	http://purl.org/sig/ont/fma/fma16944	1.0
http://snomed.info/id/113221002	http://purl.org/sig/ont/fma/fma33786	0.93027729
http://snomed.info/id/113222009	http://purl.org/sig/ont/fma/fma33764	0.93358505
http://snomed.info/id/113223004	http://purl.org/sig/ont/fma/fma23934	1.0
http://snomed.info/id/113224005	http://purl.org/sig/ont/fma/fma33742	0.93297189
http://snomed.info/id/113225006	http://purl.org/sig/ont/fma/fma35502	0.94340217
http://snomed.info/id/113226007	http://purl.org/sig/ont/fma/fma13353	1.0
http://snomed.info/id/113227003	http://purl.org/sig/ont/fma/fma38506	1.0
http://snomed.info/id/113228008	http://purl.org/sig/ont/fma/fma34699	0.95394152
http://snomed.info/id/113231009	http://purl.org/sig/ont/fma/fma27292	0.90417063
http://snomed.info/id/113232002	http://purl.org/sig/ont/fma/fma15933	0.93434036
http://snomed.info/id/113233007	http://purl.org/sig/ont/fma/fma311600	0.97603267
http://snomed.info/id/113240008	http://purl.org/sig/ont/fma/fma45042	0.9675194
http://snomed.info/id/113241007	http://purl.org/sig/ont/fma/fma76698	1.0
http://snomed.info/id/113242000	http://purl.org/sig/ont/fma/fma42167	0.92195773
http://snomed.info/id/113243005	http://purl.org/sig/ont/fma/fma21489	1.0
http://snomed.info/id/113244004	http://purl.org/sig/ont/fma/fma38869	0.98539335
http://snomed.info/id/113245003	http://purl.org/sig/ont/fma/fma38872	1.0
http://snomed.info/id/113249009	http://purl.org/sig/ont/fma/fma59725	1.0
http://snomed.info/id/113250009	http://purl.org/sig/ont/fma/fma7401	0.92820847
http://snomed.info/id/113251008	http://purl.org/sig/ont/fma/fma7506	1.0
http://snomed.info/id/113253006	http://purl.org/sig/ont/fma/fma279814	0.92146075
http://snomed.info/id/113260000	http://purl.org/sig/ont/fma/fma9349	0.90350157
http://snomed.info/id/11326003	http://purl.org/sig/ont/fma/fma55632	1.0
http://snomed.info/id/113262008	http://purl.org/sig/ont/fma/fma3786	1.0
http://snomed.info/id/113263003	http://purl.org/sig/ont/fma/fma4058	1.0
http://snomed.info/id/113264009	http://purl.org/sig/ont/fma/fma49526	1.0
http://snomed.info/id/113265005	http://purl.org/sig/ont/fma/fma50585	0.9233349
http://snomed.info/id/113266006	http://purl.org/sig/ont/fma/fma70503	0.93508589
http://snomed.info/id/113267002	http://purl.org/sig/ont/fma/fma18845	0.93955517
http://snomed.info/id/113268007	http://purl.org/sig/ont/fma/fma18839	0.90432531
http://snomed.info/id/113269004	http://purl.org/sig/ont/fma/fma18805	1.0
http://snomed.info/id/113270003	http://purl.org/sig/ont/fma/fma70250	1.0
http://snomed.info/id/11327007	http://purl.org/sig/ont/fma/fma32519	1.0
http://snomed.info/id/113271004	http://purl.org/sig/ont/fma/fma268718	0.94111788
http://snomed.info/id/113272006	http://purl.org/sig/ont/fma/fma14325	0.93100542
http://snomed.info/id/113273001	http://purl.org/sig/ont/fma/fma49911	1.0
http://snomed.info/id/113275008	http://purl.org/sig/ont/fma/fma321642	1.0
http://snomed.info/id/113276009	http://purl.org/sig/ont/fma/fma7199	0.92130703
http://snomed.info/id/113281000	http://purl.org/sig/ont/fma/fma63059	0.94089836
http://snomed.info/id/113284008	http://purl.org/sig/ont/fma/fma15657	1.0
http://snomed.info/id/113288006	http://purl.org/sig/ont/fma/fma14534	1.0
http://snomed.info/id/113289003	http://purl.org/sig/ont/fma/fma17722	1.0
http://snomed.info/id/11329005	http://purl.org/sig/ont/fma/fma50959	0.91645581
http://snomed.info/id/113293009	http://purl.org/sig/ont/fma/fma18484	1.0
http://snomed.info/id/113294003	http://purl.org/sig/ont/fma/fma18316	1.0
http://snomed.info/id/113295002	http://purl.org/sig/ont/fma/fma19570	1.0
http://snomed.info/id/113296001	http://purl.org/sig/ont/fma/fma19405	1.0
http://snomed.info/id/113297005	http://purl.org/sig/ont/fma/fma19860	1.0
http://snomed.info/id/113302008	http://purl.org/sig/ont/fma/fma77624	1.0
http://snomed.info/id/113303003	http://purl.org/sig/ont/fma/fma62222	1.0
http://snomed.info/id/113307002	http://purl.org/sig/ont/fma/fma77029	0.92331582
http://snomed.info/id/113308007	http://purl.org/sig/ont/fma/fma323305	0.97810549
http://snomed.info/id/113311008	http://purl.org/sig/ont/fma/fma72426	0.92551148
http://snomed.info/id/113312001	http://purl.org/sig/ont/fma/fma53414	1.0
http://snomed.info/id/113313006	http://purl.org/sig/ont/fma/fma53431	1.0
http://snomed.info/id/113315004	http://purl.org/sig/ont/fma/fma272326	0.98654264
http://snomed.info/id/113316003	http://purl.org/sig/ont/fma/fma5983	1.0
http://snomed.info/id/113317007	http://purl.org/sig/ont/fma/fma86469	0.95453316
http://snomed.info/id/113318002	http://purl.org/sig/ont/fma/fma310773	0.92774636
http://snomed.info/id/113319005	http://purl.org/sig/ont/fma/fma16486	1.0
http://snomed.info/id/113320004	http://purl.org/sig/ont/fma/fma6967	1.0
http://snomed.info/id/113321000	http://purl.org/sig/ont/fma/fma58437	0.91263783
http://snomed.info/id/113322007	http://purl.org/sig/ont/fma/fma51918	1.0
http://snomed.info/id/113324008	http://purl.org/sig/ont/fma/fma321511	1.0
http://snomed.info/id/113325009	http://purl.org/sig/ont/fma/fma58704	1.0
http://snomed.info/id/113327001	http://purl.org/sig/ont/fma/fma56580	1.0
http://snomed.info/id/113328006	http://purl.org/sig/ont/fma/fma77675	1.0
http://snomed.info/id/113330008	http://purl.org/sig/ont/fma/fma323082	1.0
http://snomed.info/id/113333005	http://purl.org/sig/ont/fma/fma15648	0.95539814
http://snomed.info/id/113336002	http://purl.org/sig/ont/fma/fma12794	1.0
http://snomed.info/id/113339009	http://purl.org/sig/ont/fma/fma16662	0.91804886
http://snomed.info/id/113340006	http://purl.org/sig/ont/fma/fma5036	1.0
http://snomed.info/id/113343008	http://purl.org/sig/ont/fma/fma45734	1.0
http://snomed.info/id/113347009	http://purl.org/sig/ont/fma/fma76981	1.0
http://snomed.info/id/113348004	http://purl.org/sig/ont/fma/fma321650	0.99365878
http://snomed.info/id/1137449006	http://purl.org/sig/ont/fma/fma58118	0.98507458
http://snomed.info/id/1137450006	http://purl.org/sig/ont/fma/fma58117	0.98308712
http://snomed.info/id/11398005	http://purl.org/sig/ont/fma/fma75573	1.0
http://snomed.info/id/1141980000	http://purl.org/sig/ont/fma/fma286137	0.90516204
http://snomed.info/id/11449002	http://purl.org/sig/ont/fma/fma264813	0.95986485
http://snomed.info/id/1145340007	http://purl.org/sig/ont/fma/fma69089	1.0
http://snomed.info/id/1145341006	http://purl.org/sig/ont/fma/fma69088	1.0
http://snomed.info/id/11465001	http://purl.org/sig/ont/fma/fma26342	1.0
http://snomed.info/id/11478001	http://purl.org/sig/ont/fma/fma256659	0.96723026
http://snomed.info/id/11482004	http://purl.org/sig/ont/fma/fma23017	0.98716658
http://snomed.info/id/1148421004	http://purl.org/sig/ont/fma/fma318057	0.95595872
http://snomed.info/id/1148426009	http://purl.org/sig/ont/fma/fma318057	0.90312457
http://snomed.info/id/1148427000	http://purl.org/sig/ont/fma/fma42353	0.90731174
http://snomed.info/id/1149324000	http://purl.org/sig/ont/fma/fma60533	0.92349458
http://snomed.info/id/1149356007	http://purl.org/sig/ont/fma/fma321647	0.92436683
http://snomed.info/id/1149540001	http://purl.org/sig/ont/fma/fma322250	0.96442932
http://snomed.info/id/1149541002	http://purl.org/sig/ont/fma/fma322250	0.92965019
http://snomed.info/id/11522000	http://purl.org/sig/ont/fma/fma46787	1.0
http://snomed.info/id/11532007	http://purl.org/sig/ont/fma/fma321455	1.0
http://snomed.info/id/1153584004	http://purl.org/sig/ont/fma/fma32828	1.0
http://snomed.info/id/1153585003	http://purl.org/sig/ont/fma/fma32827	1.0
http://snomed.info/id/1153586002	http://purl.org/sig/ont/fma/fma23363	1.0
http://snomed.info/id/1153587006	http://purl.org/sig/ont/fma/fma23364	1.0
http://snomed.info/id/1153588001	http://purl.org/sig/ont/fma/fma33114	1.0
http://snomed.info/id/1153589009	http://purl.org/sig/ont/fma/fma33115	1.0
http://snomed.info/id/11540001	http://purl.org/sig/ont/fma/fma323384	0.92680568
http://snomed.info/id/11548008	http://purl.org/sig/ont/fma/fma72478	1.0
http://snomed.info/id/1155643006	http://purl.org/sig/ont/fma/fma77167	1.0
http://snomed.info/id/1155994002	http://purl.org/sig/ont/fma/fma264916	0.92043185
http://snomed.info/id/1155995001	http://purl.org/sig/ont/fma/fma264914	0.92798924
http://snomed.info/id/1156054006	http://purl.org/sig/ont/fma/fma49372	1.0
http://snomed.info/id/1156175000	http://purl.org/sig/ont/fma/fma57073	0.95409632
http://snomed.info/id/1156176004	http://purl.org/sig/ont/fma/fma57075	0.93466896
http://snomed.info/id/1156388009	http://purl.org/sig/ont/fma/fma55296	0.9707039
http://snomed.info/id/1156389001	http://purl.org/sig/ont/fma/fma55295	0.96310776
http://snomed.info/id/1156393007	http://purl.org/sig/ont/fma/fma59498	1.0
http://snomed.info/id/1156394001	http://purl.org/sig/ont/fma/fma59497	1.0
http://snomed.info/id/1156485006	http://purl.org/sig/ont/fma/fma45451	0.90147531
http://snomed.info/id/1157219000	http://purl.org/sig/ont/fma/fma66001	0.9053297
http://snomed.info/id/11580005	http://purl.org/sig/ont/fma/fma45331	1.0
http://snomed.info/id/11584001	http://purl.org/sig/ont/fma/fma322257	0.93693334
http://snomed.info/id/115969008	http://purl.org/sig/ont/fma/fma22543	0.93775338
http://snomed.info/id/115970009	http://purl.org/sig/ont/fma/fma37479	1.0
http://snomed.info/id/115971008	http://purl.org/sig/ont/fma/fma37480	1.0
http://snomed.info/id/115972001	http://purl.org/sig/ont/fma/fma37481	1.0
http://snomed.info/id/115973006	http://purl.org/sig/ont/fma/fma37482	1.0
http://snomed.info/id/115977007	http://purl.org/sig/ont/fma/fma59160	0.91752136
http://snomed.info/id/115982000	http://purl.org/sig/ont/fma/fma37382	1.0
http://snomed.info/id/116006008	http://purl.org/sig/ont/fma/fma9690	1.0
http://snomed.info/id/11628009	http://purl.org/sig/ont/fma/fma62000	1.0
http://snomed.info/id/116353002	http://purl.org/sig/ont/fma/fma52907	0.94539547
http://snomed.info/id/116356005	http://purl.org/sig/ont/fma/fma14336	0.93399835
http://snomed.info/id/116357001	http://purl.org/sig/ont/fma/fma14335	0.95350236
http://snomed.info/id/116359003	http://purl.org/sig/ont/fma/fma76735	0.91253603
http://snomed.info/id/116368001	http://purl.org/sig/ont/fma/fma7202	1.0
http://snomed.info/id/116370005	http://purl.org/sig/ont/fma/fma23100	0.92959344
http://snomed.info/id/116608008	http://purl.org/sig/ont/fma/fma32672	1.0
http://snomed.info/id/11681001	http://purl.org/sig/ont/fma/fma59817	1.0
http://snomed.info/id/11691007	http://purl.org/sig/ont/fma/fma61013	1.0
http://snomed.info/id/11710001	http://purl.org/sig/ont/fma/fma32940	1.0
http://snomed.info/id/11716007	http://purl.org/sig/ont/fma/fma311468	1.0
http://snomed.info/id/1172006	http://purl.org/sig/ont/fma/fma24043	1.0
http://snomed.info/id/1173001	http://purl.org/sig/ont/fma/fma52996	1.0
http://snomed.info/id/11740004	http://purl.org/sig/ont/fma/fma16661	1.0
http://snomed.info/id/117590005	http://purl.org/sig/ont/fma/fma52780	1.0
http://snomed.info/id/11808007	http://purl.org/sig/ont/fma/fma13078	1.0
http://snomed.info/id/118497009	http://purl.org/sig/ont/fma/fma42380	1.0
http://snomed.info/id/118503001	http://purl.org/sig/ont/fma/fma323394	0.92301857
http://snomed.info/id/118509002	http://purl.org/sig/ont/fma/fma322216	1.0
http://snomed.info/id/118514003	http://purl.org/sig/ont/fma/fma12255	1.0
http://snomed.info/id/118515002	http://purl.org/sig/ont/fma/fma38411	1.0
http://snomed.info/id/118516001	http://purl.org/sig/ont/fma/fma323388	0.98214859
http://snomed.info/id/118632007	http://purl.org/sig/ont/fma/fma42172	0.95922202
http://snomed.info/id/118644005	http://purl.org/sig/ont/fma/fma46699	1.0
http://snomed.info/id/118648008	http://purl.org/sig/ont/fma/fma54736	0.90338677
http://snomed.info/id/118649000	http://purl.org/sig/ont/fma/fma322795	0.92361635
http://snomed.info/id/118651001	http://purl.org/sig/ont/fma/fma63259	0.90396982
http://snomed.info/id/118652008	http://purl.org/sig/ont/fma/fma63621	0.92474782
http://snomed.info/id/118755002	http://purl.org/sig/ont/fma/fma76525	0.91712105
http://snomed.info/id/118758000	http://purl.org/sig/ont/fma/fma9281	0.93321204
http://snomed.info/id/118759008	http://purl.org/sig/ont/fma/fma9283	0.93190432
http://snomed.info/id/118761004	http://purl.org/sig/ont/fma/fma9582	1.0
http://snomed.info/id/118762006	http://purl.org/sig/ont/fma/fma9908	1.0
http://snomed.info/id/118922002	http://purl.org/sig/ont/fma/fma50638	1.0
http://snomed.info/id/11899006	http://purl.org/sig/ont/fma/fma12784	1.0
http://snomed.info/id/119184005	http://purl.org/sig/ont/fma/fma9601	1.0
http://snomed.info/id/119186007	http://purl.org/sig/ont/fma/fma30317	1.0
http://snomed.info/id/119188008	http://purl.org/sig/ont/fma/fma23463	1.0
http://snomed.info/id/119189000	http://purl.org/sig/ont/fma/fma23466	1.0
http://snomed.info/id/119190009	http://purl.org/sig/ont/fma/fma9611	1.0
http://snomed.info/id/119191008	http://purl.org/sig/ont/fma/fma24476	1.0
http://snomed.info/id/119192001	http://purl.org/sig/ont/fma/fma24479	1.0
http://snomed.info/id/119198002	http://purl.org/sig/ont/fma/fma7393	1.0
http://snomed.info/id/119199005	http://purl.org/sig/ont/fma/fma7195	1.0
http://snomed.info/id/119202000	http://purl.org/sig/ont/fma/fma78568	0.92607898
http://snomed.info/id/119203005	http://purl.org/sig/ont/fma/fma3734	1.0
http://snomed.info/id/119204004	http://purl.org/sig/ont/fma/fma49893	1.0
http://snomed.info/id/119206002	http://purl.org/sig/ont/fma/fma63183	1.0
http://snomed.info/id/119207006	http://purl.org/sig/ont/fma/fma54640	1.0
http://snomed.info/id/119212007	http://purl.org/sig/ont/fma/fma7148	1.0
http://snomed.info/id/119213002	http://purl.org/sig/ont/fma/fma7200	1.0
http://snomed.info/id/119214008	http://purl.org/sig/ont/fma/fma7201	1.0
http://snomed.info/id/119215009	http://purl.org/sig/ont/fma/fma9597	1.0
http://snomed.info/id/119216005	http://purl.org/sig/ont/fma/fma7197	1.0
http://snomed.info/id/119218006	http://purl.org/sig/ont/fma/fma7198	1.0
http://snomed.info/id/119219003	http://purl.org/sig/ont/fma/fma7203	1.0
http://snomed.info/id/119220009	http://purl.org/sig/ont/fma/fma9704	1.0
http://snomed.info/id/119221008	http://purl.org/sig/ont/fma/fma15900	1.0
http://snomed.info/id/119222001	http://purl.org/sig/ont/fma/fma19667	1.0
http://snomed.info/id/119223006	http://purl.org/sig/ont/fma/fma45654	0.95087355
http://snomed.info/id/119225004	http://purl.org/sig/ont/fma/fma17558	1.0
http://snomed.info/id/119226003	http://purl.org/sig/ont/fma/fma9909	1.0
http://snomed.info/id/119227007	http://purl.org/sig/ont/fma/fma7209	0.96452832
http://snomed.info/id/119228002	http://purl.org/sig/ont/fma/fma18245	1.0
http://snomed.info/id/119229005	http://purl.org/sig/ont/fma/fma45655	0.95655763
http://snomed.info/id/119230000	http://purl.org/sig/ont/fma/fma9707	1.0
http://snomed.info/id/119231001	http://purl.org/sig/ont/fma/fma9600	1.0
http://snomed.info/id/119232008	http://purl.org/sig/ont/fma/fma323962	0.91452432
http://snomed.info/id/119238007	http://purl.org/sig/ont/fma/fma79876	1.0
http://snomed.info/id/119239004	http://purl.org/sig/ont/fma/fma61993	1.0
http://snomed.info/id/119240002	http://purl.org/sig/ont/fma/fma67943	1.0
http://snomed.info/id/119241003	http://purl.org/sig/ont/fma/fma62004	1.0
http://snomed.info/id/119244006	http://purl.org/sig/ont/fma/fma61817	1.0
http://snomed.info/id/119253004	http://purl.org/sig/ont/fma/fma321871	1.0
http://snomed.info/id/119261009	http://purl.org/sig/ont/fma/fma9602	1.0
http://snomed.info/id/119262002	http://purl.org/sig/ont/fma/fma52780	1.0
http://snomed.info/id/119264001	http://purl.org/sig/ont/fma/fma62001	1.0
http://snomed.info/id/119274003	http://purl.org/sig/ont/fma/fma15609	0.92051029
http://snomed.info/id/119277005	http://purl.org/sig/ont/fma/fma15607	0.91338235
http://snomed.info/id/119278000	http://purl.org/sig/ont/fma/fma15608	0.92166871
http://snomed.info/id/119280006	http://purl.org/sig/ont/fma/fma15608	0.93188846
http://snomed.info/id/119281005	http://purl.org/sig/ont/fma/fma13367	1.0
http://snomed.info/id/119282003	http://purl.org/sig/ont/fma/fma59788	1.0
http://snomed.info/id/11930009	http://purl.org/sig/ont/fma/fma9874	0.95831949
http://snomed.info/id/1193009	http://purl.org/sig/ont/fma/fma32549	1.0
http://snomed.info/id/119404002	http://purl.org/sig/ont/fma/fma7647	1.0
http://snomed.info/id/119405001	http://purl.org/sig/ont/fma/fma62008	1.0
http://snomed.info/id/119406000	http://purl.org/sig/ont/fma/fma62007	1.0
http://snomed.info/id/119407009	http://purl.org/sig/ont/fma/fma321900	1.0
http://snomed.info/id/119408004	http://purl.org/sig/ont/fma/fma61830	1.0
http://snomed.info/id/119409007	http://purl.org/sig/ont/fma/fma5865	1.0
http://snomed.info/id/119410002	http://purl.org/sig/ont/fma/fma74941	0.93882996
http://snomed.info/id/119411003	http://purl.org/sig/ont/fma/fma65239	1.0
http://snomed.info/id/119524001	http://purl.org/sig/ont/fma/fma31538	0.92255801
http://snomed.info/id/119525000	http://purl.org/sig/ont/fma/fma13303	1.0
http://snomed.info/id/119526004	http://purl.org/sig/ont/fma/fma52740	1.0
http://snomed.info/id/119527008	http://purl.org/sig/ont/fma/fma52737	1.0
http://snomed.info/id/119528003	http://purl.org/sig/ont/fma/fma52735	1.0
http://snomed.info/id/119529006	http://purl.org/sig/ont/fma/fma52736	1.0
http://snomed.info/id/119530001	http://purl.org/sig/ont/fma/fma52746	1.0
http://snomed.info/id/119531002	http://purl.org/sig/ont/fma/fma52747	1.0
http://snomed.info/id/119532009	http://purl.org/sig/ont/fma/fma9711	1.0
http://snomed.info/id/119533004	http://purl.org/sig/ont/fma/fma52748	1.0
http://snomed.info/id/119534005	http://purl.org/sig/ont/fma/fma52749	1.0
http://snomed.info/id/119535006	http://purl.org/sig/ont/fma/fma7485	1.0
http://snomed.info/id/119536007	http://purl.org/sig/ont/fma/fma7574	1.0
http://snomed.info/id/119537003	http://purl.org/sig/ont/fma/fma13394	1.0
http://snomed.info/id/119538008	http://purl.org/sig/ont/fma/fma13321	1.0
http://snomed.info/id/119539000	http://purl.org/sig/ont/fma/fma16589	1.0
http://snomed.info/id/119540003	http://purl.org/sig/ont/fma/fma16592	1.0
http://snomed.info/id/119541004	http://purl.org/sig/ont/fma/fma16595	1.0
http://snomed.info/id/119542006	http://purl.org/sig/ont/fma/fma9612	1.0
http://snomed.info/id/119544007	http://purl.org/sig/ont/fma/fma9708	1.0
http://snomed.info/id/119545008	http://purl.org/sig/ont/fma/fma33817	1.0
http://snomed.info/id/119546009	http://purl.org/sig/ont/fma/fma33826	0.93561512
http://snomed.info/id/119547000	http://purl.org/sig/ont/fma/fma33820	1.0
http://snomed.info/id/119548005	http://purl.org/sig/ont/fma/fma24492	1.0
http://snomed.info/id/119550002	http://purl.org/sig/ont/fma/fma52734	1.0
http://snomed.info/id/119551003	http://purl.org/sig/ont/fma/fma23377	1.0
http://snomed.info/id/119555007	http://purl.org/sig/ont/fma/fma321549	0.98961323
http://snomed.info/id/119556008	http://purl.org/sig/ont/fma/fma321548	0.98613626
http://snomed.info/id/119557004	http://purl.org/sig/ont/fma/fma72265	0.98619151
http://snomed.info/id/119558009	http://purl.org/sig/ont/fma/fma72266	0.98248553
http://snomed.info/id/119569007	http://purl.org/sig/ont/fma/fma7143	1.0
http://snomed.info/id/11978009	http://purl.org/sig/ont/fma/fma15823	1.0
http://snomed.info/id/11990006	http://purl.org/sig/ont/fma/fma7430	1.0
http://snomed.info/id/12003004	http://purl.org/sig/ont/fma/fma15630	1.0
http://snomed.info/id/120233009	http://purl.org/sig/ont/fma/fma14815	1.0
http://snomed.info/id/120234003	http://purl.org/sig/ont/fma/fma70494	0.97594225
http://snomed.info/id/12039005	http://purl.org/sig/ont/fma/fma10475	1.0
http://snomed.info/id/12052000	http://purl.org/sig/ont/fma/fma14761	1.0
http://snomed.info/id/12053005	http://purl.org/sig/ont/fma/fma10089	1.0
http://snomed.info/id/120573002	http://purl.org/sig/ont/fma/fma7182	1.0
http://snomed.info/id/120574008	http://purl.org/sig/ont/fma/fma7183	1.0
http://snomed.info/id/120575009	http://purl.org/sig/ont/fma/fma7184	1.0
http://snomed.info/id/120576005	http://purl.org/sig/ont/fma/fma20185	0.93427128
http://snomed.info/id/120577001	http://purl.org/sig/ont/fma/fma9712	1.0
http://snomed.info/id/120578006	http://purl.org/sig/ont/fma/fma46472	1.0
http://snomed.info/id/120579003	http://purl.org/sig/ont/fma/fma279937	0.92905861
http://snomed.info/id/120611004	http://purl.org/sig/ont/fma/fma231572	1.0
http://snomed.info/id/120612006	http://purl.org/sig/ont/fma/fma321943	0.9190858
http://snomed.info/id/120613001	http://purl.org/sig/ont/fma/fma7196	1.0
http://snomed.info/id/12110008	http://purl.org/sig/ont/fma/fma53000	1.0
http://snomed.info/id/12111007	http://purl.org/sig/ont/fma/fma75493	1.0
http://snomed.info/id/12123001	http://purl.org/sig/ont/fma/fma4724	1.0
http://snomed.info/id/12129002	http://purl.org/sig/ont/fma/fma19646	0.95035207
http://snomed.info/id/12145000	http://purl.org/sig/ont/fma/fma49480	1.0
http://snomed.info/id/12164006	http://purl.org/sig/ont/fma/fma62472	1.0
http://snomed.info/id/12173003	http://purl.org/sig/ont/fma/fma59086	1.0
http://snomed.info/id/12192001	http://purl.org/sig/ont/fma/fma8744	0.93313825
http://snomed.info/id/12196003	http://purl.org/sig/ont/fma/fma14187	0.91587341
http://snomed.info/id/12207006	http://purl.org/sig/ont/fma/fma55102	1.0
http://snomed.info/id/12212007	http://purl.org/sig/ont/fma/fma7376	1.0
http://snomed.info/id/12225004	http://purl.org/sig/ont/fma/fma44320	1.0
http://snomed.info/id/122455009	http://purl.org/sig/ont/fma/fma5901	1.0
http://snomed.info/id/122474001	http://purl.org/sig/ont/fma/fma32858	1.0
http://snomed.info/id/122475000	http://purl.org/sig/ont/fma/fma32859	1.0
http://snomed.info/id/122491002	http://purl.org/sig/ont/fma/fma57459	0.90358216
http://snomed.info/id/122494005	http://purl.org/sig/ont/fma/fma24138	1.0
http://snomed.info/id/122495006	http://purl.org/sig/ont/fma/fma9140	1.0
http://snomed.info/id/12254005	http://purl.org/sig/ont/fma/fma17548	1.0
http://snomed.info/id/122772003	http://purl.org/sig/ont/fma/fma52904	0.94343889
http://snomed.info/id/122774002	http://purl.org/sig/ont/fma/fma321550	0.98186594
http://snomed.info/id/122775001	http://purl.org/sig/ont/fma/fma71581	0.93247706
http://snomed.info/id/122876009	http://purl.org/sig/ont/fma/fma6228	0.9622671
http://snomed.info/id/122972007	http://purl.org/sig/ont/fma/fma66643	0.91086429
http://snomed.info/id/12300005	http://purl.org/sig/ont/fma/fma323058	1.0
http://snomed.info/id/12304001	http://purl.org/sig/ont/fma/fma66610	1.0
http://snomed.info/id/1231004	http://purl.org/sig/ont/fma/fma231572	1.0
http://snomed.info/id/1236009	http://purl.org/sig/ont/fma/fma14948	1.0
http://snomed.info/id/123855007	http://purl.org/sig/ont/fma/fma46779	1.0
http://snomed.info/id/123856008	http://purl.org/sig/ont/fma/fma318618	0.97241408
http://snomed.info/id/123857004	http://purl.org/sig/ont/fma/fma39996	1.0
http://snomed.info/id/123858009	http://purl.org/sig/ont/fma/fma42452	1.0
http://snomed.info/id/123860006	http://purl.org/sig/ont/fma/fma31892	0.92764437
http://snomed.info/id/123861005	http://purl.org/sig/ont/fma/fma318356	1.0
http://snomed.info/id/123862003	http://purl.org/sig/ont/fma/fma9869	1.0
http://snomed.info/id/123866000	http://purl.org/sig/ont/fma/fma54674	1.0
http://snomed.info/id/123868004	http://purl.org/sig/ont/fma/fma54671	0.99375165
http://snomed.info/id/123956007	http://purl.org/sig/ont/fma/fma15711	1.0
http://snomed.info/id/124002	http://purl.org/sig/ont/fma/fma52833	1.0
http://snomed.info/id/12406000	http://purl.org/sig/ont/fma/fma24949	1.0
http://snomed.info/id/12413000	http://purl.org/sig/ont/fma/fma13497	0.94484299
http://snomed.info/id/12424003	http://purl.org/sig/ont/fma/fma3794	1.0
http://snomed.info/id/1243003	http://purl.org/sig/ont/fma/fma26451	1.0
http://snomed.info/id/12437000	http://purl.org/sig/ont/fma/fma58476	0.96304703
http://snomed.info/id/12446006	http://purl.org/sig/ont/fma/fma9202	1.0
http://snomed.info/id/12460008	http://purl.org/sig/ont/fma/fma32928	1.0
http://snomed.info/id/1246006	http://purl.org/sig/ont/fma/fma75490	0.93291616
http://snomed.info/id/12461007	http://purl.org/sig/ont/fma/fma19726	1.0
http://snomed.info/id/12471009	http://purl.org/sig/ont/fma/fma52573	1.0
http://snomed.info/id/125685002	http://purl.org/sig/ont/fma/fma9666	1.0
http://snomed.info/id/12581006	http://purl.org/sig/ont/fma/fma322659	1.0
http://snomed.info/id/12595009	http://purl.org/sig/ont/fma/fma22353	1.0
http://snomed.info/id/12608007	http://purl.org/sig/ont/fma/fma72241	0.94582492
http://snomed.info/id/12611008	http://purl.org/sig/ont/fma/fma33895	0.95040172
http://snomed.info/id/12620004	http://purl.org/sig/ont/fma/fma323351	0.99316621
http://snomed.info/id/12628006	http://purl.org/sig/ont/fma/fma73968	1.0
http://snomed.info/id/12643008	http://purl.org/sig/ont/fma/fma16484	1.0
http://snomed.info/id/12656001	http://purl.org/sig/ont/fma/fma16987	1.0
http://snomed.info/id/12683000	http://purl.org/sig/ont/fma/fma18890	0.92013717
http://snomed.info/id/12691009	http://purl.org/sig/ont/fma/fma3932	1.0
http://snomed.info/id/12705002	http://purl.org/sig/ont/fma/fma61022	1.0
http://snomed.info/id/12722000	http://purl.org/sig/ont/fma/fma75654	0.94360316
http://snomed.info/id/12728001	http://purl.org/sig/ont/fma/fma44231	1.0
http://snomed.info/id/12738006	http://purl.org/sig/ont/fma/fma50801	1.0
http://snomed.info/id/1277008	http://purl.org/sig/ont/fma/fma6581	1.0
http://snomed.info/id/127852009	http://purl.org/sig/ont/fma/fma7209	0.90162641
http://snomed.info/id/127855006	http://purl.org/sig/ont/fma/fma59155	1.0
http://snomed.info/id/127861009	http://purl.org/sig/ont/fma/fma57070	1.0
http://snomed.info/id/127866004	http://purl.org/sig/ont/fma/fma76602	0.90477246
http://snomed.info/id/127869006	http://purl.org/sig/ont/fma/fma17398	1.0
http://snomed.info/id/127870007	http://purl.org/sig/ont/fma/fma17402	1.0
http://snomed.info/id/127871006	http://purl.org/sig/ont/fma/fma17399	1.0
http://snomed.info/id/127872004	http://purl.org/sig/ont/fma/fma17403	1.0
http://snomed.info/id/127875002	http://purl.org/sig/ont/fma/fma17400	0.90417594
http://snomed.info/id/127876001	http://purl.org/sig/ont/fma/fma17404	0.9080354
http://snomed.info/id/127879008	http://purl.org/sig/ont/fma/fma17540	1.0
http://snomed.info/id/127882003	http://purl.org/sig/ont/fma/fma45654	0.95087361
http://snomed.info/id/127898005	http://purl.org/sig/ont/fma/fma77056	0.94261861
http://snomed.info/id/127903009	http://purl.org/sig/ont/fma/fma45655	0.95655763
http://snomed.info/id/127904003	http://purl.org/sig/ont/fma/fma45717	1.0
http://snomed.info/id/127906001	http://purl.org/sig/ont/fma/fma19473	1.0
http://snomed.info/id/127919002	http://purl.org/sig/ont/fma/fma277006	0.92780495
http://snomed.info/id/127920008	http://purl.org/sig/ont/fma/fma5970	0.90431058
http://snomed.info/id/127922000	http://purl.org/sig/ont/fma/fma277030	0.90780234
http://snomed.info/id/127923005	http://purl.org/sig/ont/fma/fma5951	1.0
http://snomed.info/id/127924004	http://purl.org/sig/ont/fma/fma323411	1.0
http://snomed.info/id/127925003	http://purl.org/sig/ont/fma/fma276903	1.0
http://snomed.info/id/127926002	http://purl.org/sig/ont/fma/fma276928	1.0
http://snomed.info/id/127932007	http://purl.org/sig/ont/fma/fma323415	0.94153148
http://snomed.info/id/127933002	http://purl.org/sig/ont/fma/fma323415	0.93013281
http://snomed.info/id/127934008	http://purl.org/sig/ont/fma/fma323415	0.94757903
http://snomed.info/id/127935009	http://purl.org/sig/ont/fma/fma5960	1.0
http://snomed.info/id/127936005	http://purl.org/sig/ont/fma/fma5961	1.0
http://snomed.info/id/12795007	http://purl.org/sig/ont/fma/fma64025	0.97037512
http://snomed.info/id/127953003	http://purl.org/sig/ont/fma/fma321924	1.0
http://snomed.info/id/127959004	http://purl.org/sig/ont/fma/fma72643	1.0
http://snomed.info/id/12800002	http://purl.org/sig/ont/fma/fma3851	1.0
http://snomed.info/id/128198006	http://purl.org/sig/ont/fma/fma16421	1.0
http://snomed.info/id/128199003	http://purl.org/sig/ont/fma/fma16429	0.93318951
http://snomed.info/id/128249007	http://purl.org/sig/ont/fma/fma59387	1.0
http://snomed.info/id/128251006	http://purl.org/sig/ont/fma/fma59391	1.0
http://snomed.info/id/128252004	http://purl.org/sig/ont/fma/fma20464	0.96358198
http://snomed.info/id/128253009	http://purl.org/sig/ont/fma/fma269233	0.95309824
http://snomed.info/id/128260003	http://purl.org/sig/ont/fma/fma9309	0.94488168
http://snomed.info/id/128320002	http://purl.org/sig/ont/fma/fma50981	0.93628198
http://snomed.info/id/12841007	http://purl.org/sig/ont/fma/fma10093	1.0
http://snomed.info/id/128425006	http://purl.org/sig/ont/fma/fma322170	1.0
http://snomed.info/id/128456003	http://purl.org/sig/ont/fma/fma322017	1.0
http://snomed.info/id/128476009	http://purl.org/sig/ont/fma/fma55567	1.0
http://snomed.info/id/128500004	http://purl.org/sig/ont/fma/fma48249	1.0
http://snomed.info/id/128501000	http://purl.org/sig/ont/fma/fma48264	1.0
http://snomed.info/id/128502007	http://purl.org/sig/ont/fma/fma48279	1.0
http://snomed.info/id/128503002	http://purl.org/sig/ont/fma/fma323241	1.0
http://snomed.info/id/128504008	http://purl.org/sig/ont/fma/fma48204	1.0
http://snomed.info/id/128505009	http://purl.org/sig/ont/fma/fma48219	1.0
http://snomed.info/id/128506005	http://purl.org/sig/ont/fma/fma48189	1.0
http://snomed.info/id/128508006	http://purl.org/sig/ont/fma/fma45930	1.0
http://snomed.info/id/128509003	http://purl.org/sig/ont/fma/fma46945	1.0
http://snomed.info/id/128510008	http://purl.org/sig/ont/fma/fma46930	1.0
http://snomed.info/id/128511007	http://purl.org/sig/ont/fma/fma22427	0.93396562
http://snomed.info/id/128517006	http://purl.org/sig/ont/fma/fma31782	0.94034094
http://snomed.info/id/128520003	http://purl.org/sig/ont/fma/fma7407	1.0
http://snomed.info/id/128546004	http://purl.org/sig/ont/fma/fma321481	0.98938572
http://snomed.info/id/128559007	http://purl.org/sig/ont/fma/fma22535	0.94302374
http://snomed.info/id/128564006	http://purl.org/sig/ont/fma/fma323242	0.91762382
http://snomed.info/id/128565007	http://purl.org/sig/ont/fma/fma323242	1.0
http://snomed.info/id/12857007	http://purl.org/sig/ont/fma/fma242833	1.0
http://snomed.info/id/12858002	http://purl.org/sig/ont/fma/fma323416	1.0
http://snomed.info/id/128583004	http://purl.org/sig/ont/fma/fma15391	0.95168614
http://snomed.info/id/128591008	http://purl.org/sig/ont/fma/fma322701	1.0
http://snomed.info/id/128593006	http://purl.org/sig/ont/fma/fma322702	1.0
http://snomed.info/id/128594000	http://purl.org/sig/ont/fma/fma322703	1.0
http://snomed.info/id/128595004	http://purl.org/sig/ont/fma/fma9277	1.0
http://snomed.info/id/12872006	http://purl.org/sig/ont/fma/fma7575	1.0
http://snomed.info/id/12880004	http://purl.org/sig/ont/fma/fma76855	1.0
http://snomed.info/id/12881000	http://purl.org/sig/ont/fma/fma34315	0.92662513
http://snomed.info/id/12892004	http://purl.org/sig/ont/fma/fma55239	1.0
http://snomed.info/id/128979005	http://purl.org/sig/ont/fma/fma49928	1.0
http://snomed.info/id/128980008	http://purl.org/sig/ont/fma/fma49929	1.0
http://snomed.info/id/129111008	http://purl.org/sig/ont/fma/fma35505	0.97298682
http://snomed.info/id/129122007	http://purl.org/sig/ont/fma/fma71654	0.9267022
http://snomed.info/id/129178008	http://purl.org/sig/ont/fma/fma323237	0.96873963
http://snomed.info/id/12945004	http://purl.org/sig/ont/fma/fma83607	1.0
http://snomed.info/id/12981001	http://purl.org/sig/ont/fma/fma23294	1.0
http://snomed.info/id/12989004	http://purl.org/sig/ont/fma/fma71177	0.9138642
http://snomed.info/id/13014005	http://purl.org/sig/ont/fma/fma59012	1.0
http://snomed.info/id/13020006	http://purl.org/sig/ont/fma/fma323259	0.99804193
http://snomed.info/id/13024002	http://purl.org/sig/ont/fma/fma9721	1.0
http://snomed.info/id/13031003	http://purl.org/sig/ont/fma/fma242807	0.98653787
http://snomed.info/id/13055008	http://purl.org/sig/ont/fma/fma42549	0.95474452
http://snomed.info/id/13061006	http://purl.org/sig/ont/fma/fma7623	0.90542346
http://snomed.info/id/1311000	http://purl.org/sig/ont/fma/fma70718	1.0
http://snomed.info/id/13229001	http://purl.org/sig/ont/fma/fma67883	1.0
http://snomed.info/id/13255000	http://purl.org/sig/ont/fma/fma16139	1.0
http://snomed.info/id/13312002	http://purl.org/sig/ont/fma/fma83454	0.90043086
http://snomed.info/id/13315000	http://purl.org/sig/ont/fma/fma242835	1.0
http://snomed.info/id/13318003	http://purl.org/sig/ont/fma/fma44061	0.96849108
http://snomed.info/id/13334000	http://purl.org/sig/ont/fma/fma323304	0.97781503
http://snomed.info/id/13348000	http://purl.org/sig/ont/fma/fma322673	1.0
http://snomed.info/id/13351007	http://purl.org/sig/ont/fma/fma9692	1.0
http://snomed.info/id/13363002	http://purl.org/sig/ont/fma/fma43895	1.0
http://snomed.info/id/13369003	http://purl.org/sig/ont/fma/fma6582	1.0
http://snomed.info/id/134035007	http://purl.org/sig/ont/fma/fma55816	0.9226712
http://snomed.info/id/13407002	http://purl.org/sig/ont/fma/fma25709	1.0
http://snomed.info/id/13408007	http://purl.org/sig/ont/fma/fma23098	0.96245998
http://snomed.info/id/13415004	http://purl.org/sig/ont/fma/fma14493	1.0
http://snomed.info/id/13418002	http://purl.org/sig/ont/fma/fma9473	1.0
http://snomed.info/id/134197004	http://purl.org/sig/ont/fma/fma22846	0.93796343
http://snomed.info/id/134315000	http://purl.org/sig/ont/fma/fma264816	1.0
http://snomed.info/id/13458000	http://purl.org/sig/ont/fma/fma323349	0.99194193
http://snomed.info/id/13469002	http://purl.org/sig/ont/fma/fma26407	1.0
http://snomed.info/id/13482005	http://purl.org/sig/ont/fma/fma61212	1.0
http://snomed.info/id/1350001	http://purl.org/sig/ont/fma/fma42549	0.93154508
http://snomed.info/id/1353004	http://purl.org/sig/ont/fma/fma14914	1.0
http://snomed.info/id/13559005	http://purl.org/sig/ont/fma/fma6642	1.0
http://snomed.info/id/13561001	http://purl.org/sig/ont/fma/fma59101	1.0
http://snomed.info/id/13572006	http://purl.org/sig/ont/fma/fma321534	0.9330231
http://snomed.info/id/13604002	http://purl.org/sig/ont/fma/fma293444	1.0
http://snomed.info/id/13611003	http://purl.org/sig/ont/fma/fma33637	1.0
http://snomed.info/id/13647002	http://purl.org/sig/ont/fma/fma50039	1.0
http://snomed.info/id/13669009	http://purl.org/sig/ont/fma/fma23334	1.0
http://snomed.info/id/13726009	http://purl.org/sig/ont/fma/fma83977	1.0
http://snomed.info/id/137359002	http://purl.org/sig/ont/fma/fma321541	0.93268007
http://snomed.info/id/137460008	http://purl.org/sig/ont/fma/fma52850	0.93197083
http://snomed.info/id/137561005	http://purl.org/sig/ont/fma/fma52851	0.94127786
http://snomed.info/id/13792001	http://purl.org/sig/ont/fma/fma20799	1.0
http://snomed.info/id/13825000	http://purl.org/sig/ont/fma/fma65515	0.90316767
http://snomed.info/id/13826004	http://purl.org/sig/ont/fma/fma45045	1.0
http://snomed.info/id/13829006	http://purl.org/sig/ont/fma/fma40400	0.98542684
http://snomed.info/id/13838008	http://purl.org/sig/ont/fma/fma33742	0.93448263
http://snomed.info/id/138672006	http://purl.org/sig/ont/fma/fma55429	0.95338202
http://snomed.info/id/13869007	http://purl.org/sig/ont/fma/fma38453	1.0
http://snomed.info/id/13871007	http://purl.org/sig/ont/fma/fma49468	1.0
http://snomed.info/id/13881006	http://purl.org/sig/ont/fma/fma52747	1.0
http://snomed.info/id/13900008	http://purl.org/sig/ont/fma/fma61970	1.0
http://snomed.info/id/13911000	http://purl.org/sig/ont/fma/fma37453	1.0
http://snomed.info/id/13914008	http://purl.org/sig/ont/fma/fma70246	0.93843305
http://snomed.info/id/13926003	http://purl.org/sig/ont/fma/fma61897	1.0
http://snomed.info/id/13958008	http://purl.org/sig/ont/fma/fma77634	1.0
http://snomed.info/id/13989007	http://purl.org/sig/ont/fma/fma61918	1.0
http://snomed.info/id/13997000	http://purl.org/sig/ont/fma/fma20169	1.0
http://snomed.info/id/14008007	http://purl.org/sig/ont/fma/fma52935	1.0
http://snomed.info/id/1403006	http://purl.org/sig/ont/fma/fma22431	0.98596644
http://snomed.info/id/14033005	http://purl.org/sig/ont/fma/fma52087	0.9233343
http://snomed.info/id/140491003	http://purl.org/sig/ont/fma/fma54699	0.90818906
http://snomed.info/id/141198008	http://purl.org/sig/ont/fma/fma322746	0.91713554
http://snomed.info/id/14128009	http://purl.org/sig/ont/fma/fma15970	1.0
http://snomed.info/id/14149005	http://purl.org/sig/ont/fma/fma19236	1.0
http://snomed.info/id/141501002	http://purl.org/sig/ont/fma/fma314271	0.94691628
http://snomed.info/id/141602002	http://purl.org/sig/ont/fma/fma314283	0.93954825
http://snomed.info/id/141905002	http://purl.org/sig/ont/fma/fma46303	0.92471373
http://snomed.info/id/142208007	http://purl.org/sig/ont/fma/fma49000	0.90657634
http://snomed.info/id/14221007	http://purl.org/sig/ont/fma/fma19834	1.0
http://snomed.info/id/14225003	http://purl.org/sig/ont/fma/fma322817	0.97555739
http://snomed.info/id/14236005	http://purl.org/sig/ont/fma/fma58112	1.0
http://snomed.info/id/1425000	http://purl.org/sig/ont/fma/fma52768	1.0
http://snomed.info/id/14253003	http://purl.org/sig/ont/fma/fma46579	1.0
http://snomed.info/id/142612007	http://purl.org/sig/ont/fma/fma323230	0.95761853
http://snomed.info/id/14344007	http://purl.org/sig/ont/fma/fma69733	1.0
http://snomed.info/id/14347000	http://purl.org/sig/ont/fma/fma14536	1.0
http://snomed.info/id/14358009	http://purl.org/sig/ont/fma/fma72204	0.9455573
http://snomed.info/id/14374004	http://purl.org/sig/ont/fma/fma322315	1.0
http://snomed.info/id/14382004	http://purl.org/sig/ont/fma/fma18810	0.93355811
http://snomed.info/id/1439000	http://purl.org/sig/ont/fma/fma16660	1.0
http://snomed.info/id/143925009	http://purl.org/sig/ont/fma/fma61223	1.0
http://snomed.info/id/144026003	http://purl.org/sig/ont/fma/fma61225	1.0
http://snomed.info/id/14420006	http://purl.org/sig/ont/fma/fma6230	1.0
http://snomed.info/id/144228007	http://purl.org/sig/ont/fma/fma234867	1.0
http://snomed.info/id/14437004	http://purl.org/sig/ont/fma/fma38465	1.0
http://snomed.info/id/14451004	http://purl.org/sig/ont/fma/fma8672	1.0
http://snomed.info/id/144834008	http://purl.org/sig/ont/fma/fma49561	0.93016875
http://snomed.info/id/144935008	http://purl.org/sig/ont/fma/fma49564	0.92700022
http://snomed.info/id/145137009	http://purl.org/sig/ont/fma/fma277676	0.94551557
http://snomed.info/id/14518006	http://purl.org/sig/ont/fma/fma57487	1.0
http://snomed.info/id/145238006	http://purl.org/sig/ont/fma/fma49583	0.93096501
http://snomed.info/id/145440004	http://purl.org/sig/ont/fma/fma49602	0.9099533
http://snomed.info/id/145541003	http://purl.org/sig/ont/fma/fma49593	0.93095577
http://snomed.info/id/145642002	http://purl.org/sig/ont/fma/fma49618	0.92710304
http://snomed.info/id/145743003	http://purl.org/sig/ont/fma/fma49605	0.93800896
http://snomed.info/id/145844003	http://purl.org/sig/ont/fma/fma49608	0.92583489
http://snomed.info/id/145945003	http://purl.org/sig/ont/fma/fma49621	0.93309563
http://snomed.info/id/14596009	http://purl.org/sig/ont/fma/fma79834	1.0
http://snomed.info/id/146046005	http://purl.org/sig/ont/fma/fma49628	0.93346488
http://snomed.info/id/146147003	http://purl.org/sig/ont/fma/fma49631	0.93139362
http://snomed.info/id/146248002	http://purl.org/sig/ont/fma/fma49641	0.92335242
http://snomed.info/id/14629002	http://purl.org/sig/ont/fma/fma258416	1.0
http://snomed.info/id/14634003	http://purl.org/sig/ont/fma/fma72618	0.95430684
http://snomed.info/id/146349008	http://purl.org/sig/ont/fma/fma49644	0.93486041
http://snomed.info/id/146551008	http://purl.org/sig/ont/fma/fma49657	0.94626129
http://snomed.info/id/14658004	http://purl.org/sig/ont/fma/fma75218	1.0
http://snomed.info/id/146652007	http://purl.org/sig/ont/fma/fma49660	0.92884701
http://snomed.info/id/1467009	http://purl.org/sig/ont/fma/fma49670	1.0
http://snomed.info/id/146753008	http://purl.org/sig/ont/fma/fma49663	0.93809623
http://snomed.info/id/146854006	http://purl.org/sig/ont/fma/fma49666	0.92192942
http://snomed.info/id/14692001	http://purl.org/sig/ont/fma/fma7136	1.0
http://snomed.info/id/14705001	http://purl.org/sig/ont/fma/fma24781	1.0
http://snomed.info/id/14710002	http://purl.org/sig/ont/fma/fma7372	1.0
http://snomed.info/id/147157007	http://purl.org/sig/ont/fma/fma49689	0.93254548
http://snomed.info/id/14719001	http://purl.org/sig/ont/fma/fma44083	1.0
http://snomed.info/id/14722004	http://purl.org/sig/ont/fma/fma34979	1.0
http://snomed.info/id/147258006	http://purl.org/sig/ont/fma/fma49692	0.93618929
http://snomed.info/id/147359000	http://purl.org/sig/ont/fma/fma49699	0.9197008
http://snomed.info/id/14738005	http://purl.org/sig/ont/fma/fma61835	1.0
http://snomed.info/id/14742008	http://purl.org/sig/ont/fma/fma7201	1.0
http://snomed.info/id/147763009	http://purl.org/sig/ont/fma/fma49720	0.93391061
http://snomed.info/id/147864007	http://purl.org/sig/ont/fma/fma49739	0.9381851
http://snomed.info/id/147965009	http://purl.org/sig/ont/fma/fma49742	0.93212038
http://snomed.info/id/14806007	http://purl.org/sig/ont/fma/fma25070	0.97193432
http://snomed.info/id/148066005	http://purl.org/sig/ont/fma/fma49754	0.93960899
http://snomed.info/id/14818003	http://purl.org/sig/ont/fma/fma27312	1.0
http://snomed.info/id/14824009	http://purl.org/sig/ont/fma/fma23935	1.0
http://snomed.info/id/148369008	http://purl.org/sig/ont/fma/fma49555	1.0
http://snomed.info/id/14841006	http://purl.org/sig/ont/fma/fma52578	1.0
http://snomed.info/id/148470005	http://purl.org/sig/ont/fma/fma49828	0.93299901
http://snomed.info/id/14854004	http://purl.org/sig/ont/fma/fma64069	0.96952361
http://snomed.info/id/14871003	http://purl.org/sig/ont/fma/fma7777	1.0
http://snomed.info/id/14885008	http://purl.org/sig/ont/fma/fma18917	0.94823033
http://snomed.info/id/148874007	http://purl.org/sig/ont/fma/fma52242	0.93001652
http://snomed.info/id/14892003	http://purl.org/sig/ont/fma/fma74000	1.0
http://snomed.info/id/148975009	http://purl.org/sig/ont/fma/fma52246	0.92371434
http://snomed.info/id/149077008	http://purl.org/sig/ont/fma/fma322926	0.93214887
http://snomed.info/id/149279004	http://purl.org/sig/ont/fma/fma52254	0.91289955
http://snomed.info/id/149380004	http://purl.org/sig/ont/fma/fma52312	0.92462897
http://snomed.info/id/149481004	http://purl.org/sig/ont/fma/fma51246	0.9228639
http://snomed.info/id/14957007	http://purl.org/sig/ont/fma/fma49967	0.96651512
http://snomed.info/id/149582008	http://purl.org/sig/ont/fma/fma51779	0.91650534
http://snomed.info/id/149683007	http://purl.org/sig/ont/fma/fma51797	0.92572761
http://snomed.info/id/14975008	http://purl.org/sig/ont/fma/fma9663	1.0
http://snomed.info/id/149784006	http://purl.org/sig/ont/fma/fma51800	0.95049965
http://snomed.info/id/149986001	http://purl.org/sig/ont/fma/fma51247	0.93243599
http://snomed.info/id/15002000	http://purl.org/sig/ont/fma/fma70437	1.0
http://snomed.info/id/150087005	http://purl.org/sig/ont/fma/fma50932	0.92226833
http://snomed.info/id/150188002	http://purl.org/sig/ont/fma/fma50851	0.93052542
http://snomed.info/id/1502004	http://purl.org/sig/ont/fma/fma14816	1.0
http://snomed.info/id/15027007	http://purl.org/sig/ont/fma/fma71763	0.90285081
http://snomed.info/id/150289003	http://purl.org/sig/ont/fma/fma50802	0.93630928
http://snomed.info/id/15046008	http://purl.org/sig/ont/fma/fma72969	1.0
http://snomed.info/id/150491008	http://purl.org/sig/ont/fma/fma52411	0.94265407
http://snomed.info/id/15058008	http://purl.org/sig/ont/fma/fma54974	1.0
http://snomed.info/id/150693003	http://purl.org/sig/ont/fma/fma52427	0.90377146
http://snomed.info/id/15079008	http://purl.org/sig/ont/fma/fma15033	1.0
http://snomed.info/id/150794004	http://purl.org/sig/ont/fma/fma50842	0.90654039
http://snomed.info/id/15094007	http://purl.org/sig/ont/fma/fma6576	1.0
http://snomed.info/id/15095008	http://purl.org/sig/ont/fma/fma323311	0.91776216
http://snomed.info/id/151097005	http://purl.org/sig/ont/fma/fma52433	1.0
http://snomed.info/id/1511004	http://purl.org/sig/ont/fma/fma19325	1.0
http://snomed.info/id/15119000	http://purl.org/sig/ont/fma/fma6720	1.0
http://snomed.info/id/151198003	http://purl.org/sig/ont/fma/fma52434	1.0
http://snomed.info/id/15120006	http://purl.org/sig/ont/fma/fma17545	1.0
http://snomed.info/id/151299003	http://purl.org/sig/ont/fma/fma50928	0.93572712
http://snomed.info/id/151400007	http://purl.org/sig/ont/fma/fma50935	0.92080849
http://snomed.info/id/15147001	http://purl.org/sig/ont/fma/fma50786	0.93487024
http://snomed.info/id/151501009	http://purl.org/sig/ont/fma/fma50938	0.94245136
http://snomed.info/id/15152006	http://purl.org/sig/ont/fma/fma46320	1.0
http://snomed.info/id/151602009	http://purl.org/sig/ont/fma/fma50956	0.92929667
http://snomed.info/id/151804007	http://purl.org/sig/ont/fma/fma50893	0.93176973
http://snomed.info/id/151905009	http://purl.org/sig/ont/fma/fma50898	0.92997456
http://snomed.info/id/15205006	http://purl.org/sig/ont/fma/fma18657	1.0
http://snomed.info/id/152107004	http://purl.org/sig/ont/fma/fma50910	0.93606472
http://snomed.info/id/152208004	http://purl.org/sig/ont/fma/fma50913	0.90109181
http://snomed.info/id/15221001	http://purl.org/sig/ont/fma/fma14290	0.93921953
http://snomed.info/id/15223003	http://purl.org/sig/ont/fma/fma20502	1.0
http://snomed.info/id/152309009	http://purl.org/sig/ont/fma/fma50925	0.92652798
http://snomed.info/id/152410000	http://purl.org/sig/ont/fma/fma50941	1.0
http://snomed.info/id/152511004	http://purl.org/sig/ont/fma/fma50954	1.0
http://snomed.info/id/152612004	http://purl.org/sig/ont/fma/fma78176	0.9562887
http://snomed.info/id/15263002	http://purl.org/sig/ont/fma/fma49523	1.0
http://snomed.info/id/15264008	http://purl.org/sig/ont/fma/fma56723	1.0
http://snomed.info/id/1527006	http://purl.org/sig/ont/fma/fma9261	1.0
http://snomed.info/id/152713004	http://purl.org/sig/ont/fma/fma50959	1.0
http://snomed.info/id/152814000	http://purl.org/sig/ont/fma/fma50960	1.0
http://snomed.info/id/152915000	http://purl.org/sig/ont/fma/fma50916	1.0
http://snomed.info/id/153016005	http://purl.org/sig/ont/fma/fma50922	1.0
http://snomed.info/id/153117003	http://purl.org/sig/ont/fma/fma50822	0.92781341
http://snomed.info/id/153218003	http://purl.org/sig/ont/fma/fma50826	1.0
http://snomed.info/id/153319009	http://purl.org/sig/ont/fma/fma50836	1.0
http://snomed.info/id/15338000	http://purl.org/sig/ont/fma/fma31949	0.92242682
http://snomed.info/id/153420002	http://purl.org/sig/ont/fma/fma50830	1.0
http://snomed.info/id/153521000	http://purl.org/sig/ont/fma/fma50803	1.0
http://snomed.info/id/153622002	http://purl.org/sig/ont/fma/fma51729	1.0
http://snomed.info/id/15368009	http://purl.org/sig/ont/fma/fma42966	1.0
http://snomed.info/id/1537001	http://purl.org/sig/ont/fma/fma13508	0.90077794
http://snomed.info/id/153723004	http://purl.org/sig/ont/fma/fma51770	1.0
http://snomed.info/id/15391008	http://purl.org/sig/ont/fma/fma44519	0.97451353
http://snomed.info/id/153925002	http://purl.org/sig/ont/fma/fma50786	1.0
http://snomed.info/id/15398002	http://purl.org/sig/ont/fma/fma6638	1.0
http://snomed.info/id/154026008	http://purl.org/sig/ont/fma/fma50787	1.0
http://snomed.info/id/1541002	http://purl.org/sig/ont/fma/fma45356	1.0
http://snomed.info/id/154127002	http://purl.org/sig/ont/fma/fma50788	1.0
http://snomed.info/id/154228004	http://purl.org/sig/ont/fma/fma50789	1.0
http://snomed.info/id/154329009	http://purl.org/sig/ont/fma/fma50790	1.0
http://snomed.info/id/15439007	http://purl.org/sig/ont/fma/fma24786	1.0
http://snomed.info/id/154429005	http://purl.org/sig/ont/fma/fma50791	1.0
http://snomed.info/id/154530003	http://purl.org/sig/ont/fma/fma50792	1.0
http://snomed.info/id/154631009	http://purl.org/sig/ont/fma/fma50793	1.0
http://snomed.info/id/154732009	http://purl.org/sig/ont/fma/fma50794	1.0
http://snomed.info/id/154833009	http://purl.org/sig/ont/fma/fma323261	1.0
http://snomed.info/id/15485005	http://purl.org/sig/ont/fma/fma323287	1.0
http://snomed.info/id/154934004	http://purl.org/sig/ont/fma/fma50795	0.99746919
http://snomed.info/id/15494004	http://purl.org/sig/ont/fma/fma323223	0.93653524
http://snomed.info/id/15497006	http://purl.org/sig/ont/fma/fma7209	0.9645282
http://snomed.info/id/155008	http://purl.org/sig/ont/fma/fma20687	1.0
http://snomed.info/id/155035008	http://purl.org/sig/ont/fma/fma50796	0.96872771
http://snomed.info/id/15512001	http://purl.org/sig/ont/fma/fma7379	1.0
http://snomed.info/id/155136006	http://purl.org/sig/ont/fma/fma232166	0.92570198
http://snomed.info/id/15515004	http://purl.org/sig/ont/fma/fma321450	1.0
http://snomed.info/id/155338003	http://purl.org/sig/ont/fma/fma61227	1.0
http://snomed.info/id/15538001	http://purl.org/sig/ont/fma/fma268963	1.0
http://snomed.info/id/15546000	http://purl.org/sig/ont/fma/fma12831	0.94130659
http://snomed.info/id/15567000	http://purl.org/sig/ont/fma/fma14765	1.0
http://snomed.info/id/15591009	http://purl.org/sig/ont/fma/fma22590	1.0
http://snomed.info/id/15598003	http://purl.org/sig/ont/fma/fma7211	1.0
http://snomed.info/id/15599006	http://purl.org/sig/ont/fma/fma323271	0.95552558
http://snomed.info/id/15609005	http://purl.org/sig/ont/fma/fma9227	1.0
http://snomed.info/id/1562001	http://purl.org/sig/ont/fma/fma16065	0.94716787
http://snomed.info/id/15621009	http://purl.org/sig/ont/fma/fma24788	1.0
http://snomed.info/id/15650002	http://purl.org/sig/ont/fma/fma4746	1.0
http://snomed.info/id/15651003	http://purl.org/sig/ont/fma/fma38128	0.9685784
http://snomed.info/id/15665001	http://purl.org/sig/ont/fma/fma13357	1.0
http://snomed.info/id/15672000	http://purl.org/sig/ont/fma/fma49650	1.0
http://snomed.info/id/15713008	http://purl.org/sig/ont/fma/fma83532	1.0
http://snomed.info/id/15731009	http://purl.org/sig/ont/fma/fma6583	1.0
http://snomed.info/id/15734001	http://purl.org/sig/ont/fma/fma78455	1.0
http://snomed.info/id/15753006	http://purl.org/sig/ont/fma/fma9703	1.0
http://snomed.info/id/15760000	http://purl.org/sig/ont/fma/fma14505	1.0
http://snomed.info/id/15763003	http://purl.org/sig/ont/fma/fma71641	0.93889385
http://snomed.info/id/15768007	http://purl.org/sig/ont/fma/fma59025	1.0
http://snomed.info/id/1580005	http://purl.org/sig/ont/fma/fma62186	1.0
http://snomed.info/id/1581009	http://purl.org/sig/ont/fma/fma14809	1.0
http://snomed.info/id/15813001	http://purl.org/sig/ont/fma/fma323013	1.0
http://snomed.info/id/158266007	http://purl.org/sig/ont/fma/fma322979	0.90764779
http://snomed.info/id/158468005	http://purl.org/sig/ont/fma/fma14324	0.92412508
http://snomed.info/id/15849000	http://purl.org/sig/ont/fma/fma16098	1.0
http://snomed.info/id/158569004	http://purl.org/sig/ont/fma/fma50800	0.92745215
http://snomed.info/id/15862001	http://purl.org/sig/ont/fma/fma63248	0.95398527
http://snomed.info/id/158670005	http://purl.org/sig/ont/fma/fma13318	1.0
http://snomed.info/id/15868002	http://purl.org/sig/ont/fma/fma15882	1.0
http://snomed.info/id/158768009	http://purl.org/sig/ont/fma/fma14318	1.0
http://snomed.info/id/15878004	http://purl.org/sig/ont/fma/fma14471	1.0
http://snomed.info/id/15881009	http://purl.org/sig/ont/fma/fma15042	1.0
http://snomed.info/id/158856008	http://purl.org/sig/ont/fma/fma50855	1.0
http://snomed.info/id/159105008	http://purl.org/sig/ont/fma/fma14319	1.0
http://snomed.info/id/159180000	http://purl.org/sig/ont/fma/fma50858	1.0
http://snomed.info/id/15926001	http://purl.org/sig/ont/fma/fma79876	1.0
http://snomed.info/id/159263006	http://purl.org/sig/ont/fma/fma50833	0.97105056
http://snomed.info/id/159341004	http://purl.org/sig/ont/fma/fma14290	1.0
http://snomed.info/id/15935008	http://purl.org/sig/ont/fma/fma21254	1.0
http://snomed.info/id/15939002	http://purl.org/sig/ont/fma/fma15394	1.0
http://snomed.info/id/159439001	http://purl.org/sig/ont/fma/fma14325	1.0
http://snomed.info/id/159530000	http://purl.org/sig/ont/fma/fma4750	1.0
http://snomed.info/id/15958006	http://purl.org/sig/ont/fma/fma63955	0.90420908
http://snomed.info/id/159613005	http://purl.org/sig/ont/fma/fma52504	0.93503326
http://snomed.info/id/159697007	http://purl.org/sig/ont/fma/fma76276	0.90363806
http://snomed.info/id/159781008	http://purl.org/sig/ont/fma/fma70380	0.91430736
http://snomed.info/id/159946002	http://purl.org/sig/ont/fma/fma49523	0.92828888
http://snomed.info/id/1600003	http://purl.org/sig/ont/fma/fma22653	1.0
http://snomed.info/id/160025003	http://purl.org/sig/ont/fma/fma49520	0.93256128
http://snomed.info/id/16014003	http://purl.org/sig/ont/fma/fma14678	0.94995743
http://snomed.info/id/160395003	http://purl.org/sig/ont/fma/fma49480	0.92670029
http://snomed.info/id/16048002	http://purl.org/sig/ont/fma/fma83941	0.95212722
http://snomed.info/id/16050005	http://purl.org/sig/ont/fma/fma16626	1.0
http://snomed.info/id/16051009	http://purl.org/sig/ont/fma/fma14190	1.0
http://snomed.info/id/16057008	http://purl.org/sig/ont/fma/fma7362	1.0
http://snomed.info/id/16078006	http://purl.org/sig/ont/fma/fma64021	0.96206045
http://snomed.info/id/16089004	http://purl.org/sig/ont/fma/fma58254	1.0
http://snomed.info/id/16097006	http://purl.org/sig/ont/fma/fma258870	1.0
http://snomed.info/id/1610007	http://purl.org/sig/ont/fma/fma321540	1.0
http://snomed.info/id/161251001	http://purl.org/sig/ont/fma/fma70510	0.93022627
http://snomed.info/id/16126006	http://purl.org/sig/ont/fma/fma24784	1.0
http://snomed.info/id/161452006	http://purl.org/sig/ont/fma/fma70511	0.90803015
http://snomed.info/id/161553004	http://purl.org/sig/ont/fma/fma79590	0.90645206
http://snomed.info/id/16161000	http://purl.org/sig/ont/fma/fma82433	0.97846937
http://snomed.info/id/161654002	http://purl.org/sig/ont/fma/fma52492	0.92731601
http://snomed.info/id/161746006	http://purl.org/sig/ont/fma/fma10665	0.92156845
http://snomed.info/id/16178009	http://purl.org/sig/ont/fma/fma59502	1.0
http://snomed.info/id/161846001	http://purl.org/sig/ont/fma/fma52489	0.92779964
http://snomed.info/id/16203007	http://purl.org/sig/ont/fma/fma21267	0.91262811
http://snomed.info/id/16217501000119107	http://purl.org/sig/ont/fma/fma232719	1.0
http://snomed.info/id/16217541000119109	http://purl.org/sig/ont/fma/fma232721	1.0
http://snomed.info/id/16217661000119109	http://purl.org/sig/ont/fma/fma32542	1.0
http://snomed.info/id/16217701000119102	http://purl.org/sig/ont/fma/fma32543	1.0
http://snomed.info/id/16219000	http://purl.org/sig/ont/fma/fma44617	0.98337382
http://snomed.info/id/16225001	http://purl.org/sig/ont/fma/fma37670	1.0
http://snomed.info/id/16228004	http://purl.org/sig/ont/fma/fma16668	1.0
http://snomed.info/id/16239001	http://purl.org/sig/ont/fma/fma322890	0.97697008
http://snomed.info/id/16251004	http://purl.org/sig/ont/fma/fma59379	0.97953308
http://snomed.info/id/1626008	http://purl.org/sig/ont/fma/fma71169	0.90386868
http://snomed.info/id/1627004	http://purl.org/sig/ont/fma/fma321690	0.91685438
http://snomed.info/id/162897006	http://purl.org/sig/ont/fma/fma322746	0.92538345
http://snomed.info/id/162998002	http://purl.org/sig/ont/fma/fma322747	0.95743906
http://snomed.info/id/1630006	http://purl.org/sig/ont/fma/fma50904	1.0
http://snomed.info/id/16302004	http://purl.org/sig/ont/fma/fma69513	0.94094014
http://snomed.info/id/16357002	http://purl.org/sig/ont/fma/fma44504	1.0
http://snomed.info/id/16381009	http://purl.org/sig/ont/fma/fma72609	0.92344862
http://snomed.info/id/16385000	http://purl.org/sig/ont/fma/fma20864	0.93610746
http://snomed.info/id/16406002	http://purl.org/sig/ont/fma/fma20421	1.0
http://snomed.info/id/16419003	http://purl.org/sig/ont/fma/fma44724	1.0
http://snomed.info/id/16471006	http://purl.org/sig/ont/fma/fma77722	0.95920849
http://snomed.info/id/16478000	http://purl.org/sig/ont/fma/fma78458	1.0
http://snomed.info/id/16499002	http://purl.org/sig/ont/fma/fma45219	0.90961963
http://snomed.info/id/16523009	http://purl.org/sig/ont/fma/fma16482	1.0
http://snomed.info/id/1655000	http://purl.org/sig/ont/fma/fma323293	0.95270526
http://snomed.info/id/16563005	http://purl.org/sig/ont/fma/fma43235	0.99393851
http://snomed.info/id/165664003	http://purl.org/sig/ont/fma/fma321450	0.93859708
http://snomed.info/id/16571009	http://purl.org/sig/ont/fma/fma15037	1.0
http://snomed.info/id/165758003	http://purl.org/sig/ont/fma/fma23969	1.0
http://snomed.info/id/165857003	http://purl.org/sig/ont/fma/fma23970	1.0
http://snomed.info/id/1659006	http://purl.org/sig/ont/fma/fma62156	1.0
http://snomed.info/id/166056000	http://purl.org/sig/ont/fma/fma13345	0.91048843
http://snomed.info/id/16612003	http://purl.org/sig/ont/fma/fma323358	0.99094242
http://snomed.info/id/16625006	http://purl.org/sig/ont/fma/fma15400	1.0
http://snomed.info/id/16630005	http://purl.org/sig/ont/fma/fma61826	1.0
http://snomed.info/id/16647006	http://purl.org/sig/ont/fma/fma323252	0.93010998
http://snomed.info/id/16648001	http://purl.org/sig/ont/fma/fma44874	0.97039407
http://snomed.info/id/16651008	http://purl.org/sig/ont/fma/fma22437	0.90573794
http://snomed.info/id/16657007	http://purl.org/sig/ont/fma/fma20172	1.0
http://snomed.info/id/16675008	http://purl.org/sig/ont/fma/fma55074	1.0
http://snomed.info/id/16676009	http://purl.org/sig/ont/fma/fma5908	1.0
http://snomed.info/id/16700009	http://purl.org/sig/ont/fma/fma50087	0.95551735
http://snomed.info/id/167005	http://purl.org/sig/ont/fma/fma65213	1.0
http://snomed.info/id/167063009	http://purl.org/sig/ont/fma/fma72308	1.0
http://snomed.info/id/16708002	http://purl.org/sig/ont/fma/fma322641	1.0
http://snomed.info/id/167164000	http://purl.org/sig/ont/fma/fma7467	1.0
http://snomed.info/id/167263004	http://purl.org/sig/ont/fma/fma224626	0.90250915
http://snomed.info/id/16746009	http://purl.org/sig/ont/fma/fma224856	0.91699147
http://snomed.info/id/167464007	http://purl.org/sig/ont/fma/fma61237	0.90142149
http://snomed.info/id/167564009	http://purl.org/sig/ont/fma/fma61234	0.91826516
http://snomed.info/id/16767009	http://purl.org/sig/ont/fma/fma22506	0.93202323
http://snomed.info/id/16769007	http://purl.org/sig/ont/fma/fma62341	1.0
http://snomed.info/id/16777006	http://purl.org/sig/ont/fma/fma14500	1.0
http://snomed.info/id/167864002	http://purl.org/sig/ont/fma/fma12770	1.0
http://snomed.info/id/16792007	http://purl.org/sig/ont/fma/fma274516	0.99086505
http://snomed.info/id/167965000	http://purl.org/sig/ont/fma/fma12769	1.0
http://snomed.info/id/16801000	http://purl.org/sig/ont/fma/fma44518	0.90005469
http://snomed.info/id/16811007	http://purl.org/sig/ont/fma/fma59785	1.0
http://snomed.info/id/168159002	http://purl.org/sig/ont/fma/fma232854	0.92026174
http://snomed.info/id/168259009	http://purl.org/sig/ont/fma/fma61230	0.9406082
http://snomed.info/id/168360002	http://purl.org/sig/ont/fma/fma12779	1.0
http://snomed.info/id/1684009	http://purl.org/sig/ont/fma/fma14079	1.0
http://snomed.info/id/168460001	http://purl.org/sig/ont/fma/fma61236	1.0
http://snomed.info/id/168557005	http://purl.org/sig/ont/fma/fma12776	1.0
http://snomed.info/id/168645008	http://purl.org/sig/ont/fma/fma233970	0.94374323
http://snomed.info/id/16870000	http://purl.org/sig/ont/fma/fma13119	0.91090286
http://snomed.info/id/168742000	http://purl.org/sig/ont/fma/fma234906	1.0
http://snomed.info/id/16875005	http://purl.org/sig/ont/fma/fma226737	1.0
http://snomed.info/id/168839003	http://purl.org/sig/ont/fma/fma14218	0.9417851
http://snomed.info/id/168932006	http://purl.org/sig/ont/fma/fma322324	0.95142084
http://snomed.info/id/16899005	http://purl.org/sig/ont/fma/fma322712	1.0
http://snomed.info/id/169024006	http://purl.org/sig/ont/fma/fma54242	0.90814769
http://snomed.info/id/16925009	http://purl.org/sig/ont/fma/fma61899	1.0
http://snomed.info/id/169408001	http://purl.org/sig/ont/fma/fma291236	0.91166663
http://snomed.info/id/169504002	http://purl.org/sig/ont/fma/fma323339	0.94849485
http://snomed.info/id/169601003	http://purl.org/sig/ont/fma/fma75461	0.93412024
http://snomed.info/id/16967000	http://purl.org/sig/ont/fma/fma16089	1.0
http://snomed.info/id/169702001	http://purl.org/sig/ont/fma/fma55152	0.90336061
http://snomed.info/id/16991009	http://purl.org/sig/ont/fma/fma321641	1.0
http://snomed.info/id/17011001	http://purl.org/sig/ont/fma/fma322680	1.0
http://snomed.info/id/17018007	http://purl.org/sig/ont/fma/fma322632	0.97966319
http://snomed.info/id/17051003	http://purl.org/sig/ont/fma/fma13423	1.0
http://snomed.info/id/1706004	http://purl.org/sig/ont/fma/fma72215	0.93154025
http://snomed.info/id/17061005	http://purl.org/sig/ont/fma/fma20836	1.0
http://snomed.info/id/1707008	http://purl.org/sig/ont/fma/fma62022	1.0
http://snomed.info/id/170784008	http://purl.org/sig/ont/fma/fma55530	0.9003132
http://snomed.info/id/171188008	http://purl.org/sig/ont/fma/fma55399	0.92989945
http://snomed.info/id/171289007	http://purl.org/sig/ont/fma/fma55391	0.92803699
http://snomed.info/id/17131004	http://purl.org/sig/ont/fma/fma323230	1.0
http://snomed.info/id/17134007	http://purl.org/sig/ont/fma/fma7750	1.0
http://snomed.info/id/17135008	http://purl.org/sig/ont/fma/fma76904	1.0
http://snomed.info/id/17137000	http://purl.org/sig/ont/fma/fma22689	1.0
http://snomed.info/id/17149004	http://purl.org/sig/ont/fma/fma323110	0.94225395
http://snomed.info/id/17160008	http://purl.org/sig/ont/fma/fma35027	0.90208286
http://snomed.info/id/1716007	http://purl.org/sig/ont/fma/fma77828	0.92729056
http://snomed.info/id/17167006	http://purl.org/sig/ont/fma/fma54242	1.0
http://snomed.info/id/17168001	http://purl.org/sig/ont/fma/fma83712	1.0
http://snomed.info/id/17180009	http://purl.org/sig/ont/fma/fma26012	0.95647538
http://snomed.info/id/1721005	http://purl.org/sig/ont/fma/fma54973	1.0
http://snomed.info/id/17232002	http://purl.org/sig/ont/fma/fma50079	1.0
http://snomed.info/id/172455006	http://purl.org/sig/ont/fma/fma55260	0.95267308
http://snomed.info/id/172533001	http://purl.org/sig/ont/fma/fma55374	0.91698849
http://snomed.info/id/17269004	http://purl.org/sig/ont/fma/fma76994	0.91868794
http://snomed.info/id/17279002	http://purl.org/sig/ont/fma/fma10097	1.0
http://snomed.info/id/172793002	http://purl.org/sig/ont/fma/fma322850	0.94409698
http://snomed.info/id/1729007	http://purl.org/sig/ont/fma/fma83850	1.0
http://snomed.info/id/17292004	http://purl.org/sig/ont/fma/fma61900	1.0
http://snomed.info/id/172973004	http://purl.org/sig/ont/fma/fma55353	0.90603608
http://snomed.info/id/17301001	http://purl.org/sig/ont/fma/fma7434	1.0
http://snomed.info/id/1732005	http://purl.org/sig/ont/fma/fma5031	1.0
http://snomed.info/id/173244002	http://purl.org/sig/ont/fma/fma76877	0.93822592
http://snomed.info/id/17336002	http://purl.org/sig/ont/fma/fma40855	0.93915492
http://snomed.info/id/17341005	http://purl.org/sig/ont/fma/fma18661	0.90943229
http://snomed.info/id/173423004	http://purl.org/sig/ont/fma/fma75391	0.95977986
http://snomed.info/id/173512000	http://purl.org/sig/ont/fma/fma55511	0.91911405
http://snomed.info/id/17352004	http://purl.org/sig/ont/fma/fma18626	1.0
http://snomed.info/id/173698005	http://purl.org/sig/ont/fma/fma322847	0.90241015
http://snomed.info/id/173792003	http://purl.org/sig/ont/fma/fma322860	0.94574082
http://snomed.info/id/17388009	http://purl.org/sig/ont/fma/fma50531	1.0
http://snomed.info/id/17390005	http://purl.org/sig/ont/fma/fma42550	0.94463974
http://snomed.info/id/17401000	http://purl.org/sig/ont/fma/fma7110	1.0
http://snomed.info/id/17407001	http://purl.org/sig/ont/fma/fma58286	1.0
http://snomed.info/id/17448003	http://purl.org/sig/ont/fma/fma9152	1.0
http://snomed.info/id/17454002	http://purl.org/sig/ont/fma/fma242839	0.96108961
http://snomed.info/id/17468009	http://purl.org/sig/ont/fma/fma46654	0.94079947
http://snomed.info/id/17475005	http://purl.org/sig/ont/fma/fma83509	1.0
http://snomed.info/id/17479004	http://purl.org/sig/ont/fma/fma15824	1.0
http://snomed.info/id/17500001	http://purl.org/sig/ont/fma/fma43905	1.0
http://snomed.info/id/175116009	http://purl.org/sig/ont/fma/fma322786	0.90294993
http://snomed.info/id/17514001	http://purl.org/sig/ont/fma/fma8424	0.90882862
http://snomed.info/id/17549008	http://purl.org/sig/ont/fma/fma10046	1.0
http://snomed.info/id/17550008	http://purl.org/sig/ont/fma/fma16179	1.0
http://snomed.info/id/17555003	http://purl.org/sig/ont/fma/fma322911	0.95420873
http://snomed.info/id/175709003	http://purl.org/sig/ont/fma/fma67576	0.91889936
http://snomed.info/id/175805004	http://purl.org/sig/ont/fma/fma323328	0.92605436
http://snomed.info/id/17586009	http://purl.org/sig/ont/fma/fma52763	1.0
http://snomed.info/id/175900008	http://purl.org/sig/ont/fma/fma53545	0.90357739
http://snomed.info/id/176161002	http://purl.org/sig/ont/fma/fma61917	0.91511339
http://snomed.info/id/17623008	http://purl.org/sig/ont/fma/fma22950	1.0
http://snomed.info/id/17630002	http://purl.org/sig/ont/fma/fma6645	1.0
http://snomed.info/id/176344007	http://purl.org/sig/ont/fma/fma77572	0.90157157
http://snomed.info/id/176431003	http://purl.org/sig/ont/fma/fma323329	0.91910696
http://snomed.info/id/1765002	http://purl.org/sig/ont/fma/fma278543	1.0
http://snomed.info/id/176511000	http://purl.org/sig/ont/fma/fma6577	0.91455466
http://snomed.info/id/17661006	http://purl.org/sig/ont/fma/fma54603	1.0
http://snomed.info/id/176685006	http://purl.org/sig/ont/fma/fma68805	0.93164772
http://snomed.info/id/17686002	http://purl.org/sig/ont/fma/fma13518	0.94992661
http://snomed.info/id/176954000	http://purl.org/sig/ont/fma/fma55516	0.91755849
http://snomed.info/id/17697002	http://purl.org/sig/ont/fma/fma322324	0.97919285
http://snomed.info/id/17700003	http://purl.org/sig/ont/fma/fma52599	1.0
http://snomed.info/id/17722005	http://purl.org/sig/ont/fma/fma50560	0.92878658
http://snomed.info/id/17743006	http://purl.org/sig/ont/fma/fma80814	0.9461723
http://snomed.info/id/17748002	http://purl.org/sig/ont/fma/fma65303	1.0
http://snomed.info/id/17758003	http://purl.org/sig/ont/fma/fma14937	1.0
http://snomed.info/id/178007007	http://purl.org/sig/ont/fma/fma76867	1.0
http://snomed.info/id/17821008	http://purl.org/sig/ont/fma/fma39721	0.9371863
http://snomed.info/id/178285009	http://purl.org/sig/ont/fma/fma322845	0.94209903
http://snomed.info/id/17847004	http://purl.org/sig/ont/fma/fma24927	0.99822879
http://snomed.info/id/178579001	http://purl.org/sig/ont/fma/fma54910	1.0
http://snomed.info/id/17861009	http://purl.org/sig/ont/fma/fma55070	1.0
http://snomed.info/id/17864001	http://purl.org/sig/ont/fma/fma15812	1.0
http://snomed.info/id/178679005	http://purl.org/sig/ont/fma/fma54912	1.0
http://snomed.info/id/178783003	http://purl.org/sig/ont/fma/fma322843	0.93257463
http://snomed.info/id/17879008	http://purl.org/sig/ont/fma/fma62032	1.0
http://snomed.info/id/17880006	http://purl.org/sig/ont/fma/fma19651	0.92508262
http://snomed.info/id/178973008	http://purl.org/sig/ont/fma/fma55076	0.91820097
http://snomed.info/id/17912006	http://purl.org/sig/ont/fma/fma6577	1.0
http://snomed.info/id/179170003	http://purl.org/sig/ont/fma/fma322843	0.96115237
http://snomed.info/id/17929009	http://purl.org/sig/ont/fma/fma322753	0.96598184
http://snomed.info/id/17980005	http://purl.org/sig/ont/fma/fma52628	1.0
http://snomed.info/id/17995007	http://purl.org/sig/ont/fma/fma18620	1.0
http://snomed.info/id/179963002	http://purl.org/sig/ont/fma/fma46641	0.90952629
http://snomed.info/id/17999001	http://purl.org/sig/ont/fma/fma49815	1.0
http://snomed.info/id/18010003	http://purl.org/sig/ont/fma/fma51071	1.0
http://snomed.info/id/18033002	http://purl.org/sig/ont/fma/fma44581	1.0
http://snomed.info/id/18056006	http://purl.org/sig/ont/fma/fma75688	1.0
http://snomed.info/id/18067007	http://purl.org/sig/ont/fma/fma51343	0.90581381
http://snomed.info/id/18074002	http://purl.org/sig/ont/fma/fma17028	1.0
http://snomed.info/id/18087008	http://purl.org/sig/ont/fma/fma55351	1.0
http://snomed.info/id/180922007	http://purl.org/sig/ont/fma/fma256220	0.91508037
http://snomed.info/id/180923002	http://purl.org/sig/ont/fma/fma256226	0.9243415
http://snomed.info/id/180937006	http://purl.org/sig/ont/fma/fma46787	0.90781748
http://snomed.info/id/180940006	http://purl.org/sig/ont/fma/fma61431	0.95851856
http://snomed.info/id/180965008	http://purl.org/sig/ont/fma/fma80331	0.92457944
http://snomed.info/id/180971002	http://purl.org/sig/ont/fma/fma65403	0.92247808
http://snomed.info/id/180973004	http://purl.org/sig/ont/fma/fma65848	0.93119025
http://snomed.info/id/180974005	http://purl.org/sig/ont/fma/fma65868	0.94322383
http://snomed.info/id/180975006	http://purl.org/sig/ont/fma/fma65897	0.95584697
http://snomed.info/id/180977003	http://purl.org/sig/ont/fma/fma292453	0.90214759
http://snomed.info/id/180978008	http://purl.org/sig/ont/fma/fma258280	0.90059412
http://snomed.info/id/180982005	http://purl.org/sig/ont/fma/fma65868	0.9210633
http://snomed.info/id/180985007	http://purl.org/sig/ont/fma/fma258322	0.91108048
http://snomed.info/id/180986008	http://purl.org/sig/ont/fma/fma258328	0.90143347
http://snomed.info/id/180987004	http://purl.org/sig/ont/fma/fma258334	0.90686566
http://snomed.info/id/180988009	http://purl.org/sig/ont/fma/fma258340	0.907794
http://snomed.info/id/180989001	http://purl.org/sig/ont/fma/fma257509	0.90039152
http://snomed.info/id/180993007	http://purl.org/sig/ont/fma/fma257533	0.90960813
http://snomed.info/id/180994001	http://purl.org/sig/ont/fma/fma66004	0.92688775
http://snomed.info/id/180995000	http://purl.org/sig/ont/fma/fma66015	0.92175168
http://snomed.info/id/180997008	http://purl.org/sig/ont/fma/fma257565	0.91339594
http://snomed.info/id/181008003	http://purl.org/sig/ont/fma/fma321658	0.94810224
http://snomed.info/id/181009006	http://purl.org/sig/ont/fma/fma298090	0.90245622
http://snomed.info/id/181010001	http://purl.org/sig/ont/fma/fma14385	0.91629279
http://snomed.info/id/181011002	http://purl.org/sig/ont/fma/fma37069	0.90919632
http://snomed.info/id/181012009	http://purl.org/sig/ont/fma/fma37319	0.93300802
http://snomed.info/id/181016007	http://purl.org/sig/ont/fma/fma14385	0.94729233
http://snomed.info/id/181017003	http://purl.org/sig/ont/fma/fma37069	0.95766205
http://snomed.info/id/181018008	http://purl.org/sig/ont/fma/fma37319	0.96572357
http://snomed.info/id/181023008	http://purl.org/sig/ont/fma/fma14385	0.92094833
http://snomed.info/id/181024002	http://purl.org/sig/ont/fma/fma37069	0.95317048
http://snomed.info/id/181025001	http://purl.org/sig/ont/fma/fma37319	0.94232118
http://snomed.info/id/181027009	http://purl.org/sig/ont/fma/fma14385	0.95477831
http://snomed.info/id/181028004	http://purl.org/sig/ont/fma/fma44839	0.92409211
http://snomed.info/id/181029007	http://purl.org/sig/ont/fma/fma291308	0.96421677
http://snomed.info/id/181030002	http://purl.org/sig/ont/fma/fma37319	0.96845663
http://snomed.info/id/181031003	http://purl.org/sig/ont/fma/fma44875	0.91813594
http://snomed.info/id/181032005	http://purl.org/sig/ont/fma/fma44878	0.94024551
http://snomed.info/id/181049003	http://purl.org/sig/ont/fma/fma65523	0.90464765
http://snomed.info/id/181050003	http://purl.org/sig/ont/fma/fma19034	0.937361
http://snomed.info/id/181052006	http://purl.org/sig/ont/fma/fma16487	0.95781708
http://snomed.info/id/181053001	http://purl.org/sig/ont/fma/fma288595	0.92430574
http://snomed.info/id/181054007	http://purl.org/sig/ont/fma/fma291071	0.90454537
http://snomed.info/id/181055008	http://purl.org/sig/ont/fma/fma16482	0.90764683
http://snomed.info/id/181057000	http://purl.org/sig/ont/fma/fma19037	0.93529385
http://snomed.info/id/181062004	http://purl.org/sig/ont/fma/fma16510	0.94151384
http://snomed.info/id/181063009	http://purl.org/sig/ont/fma/fma16511	0.94212043
http://snomed.info/id/181065002	http://purl.org/sig/ont/fma/fma16484	0.91524041
http://snomed.info/id/181066001	http://purl.org/sig/ont/fma/fma45337	0.92186326
http://snomed.info/id/181067005	http://purl.org/sig/ont/fma/fma65535	0.9502691
http://snomed.info/id/181071008	http://purl.org/sig/ont/fma/fma321777	0.93900597
http://snomed.info/id/181073006	http://purl.org/sig/ont/fma/fma44688	0.92817539
http://snomed.info/id/181074000	http://purl.org/sig/ont/fma/fma44724	0.95070952
http://snomed.info/id/181075004	http://purl.org/sig/ont/fma/fma44741	0.9845624
http://snomed.info/id/181079005	http://purl.org/sig/ont/fma/fma45262	0.93599379
http://snomed.info/id/181084004	http://purl.org/sig/ont/fma/fma44786	0.91687399
http://snomed.info/id/181085003	http://purl.org/sig/ont/fma/fma44788	0.96871024
http://snomed.info/id/181086002	http://purl.org/sig/ont/fma/fma44794	0.96740967
http://snomed.info/id/181087006	http://purl.org/sig/ont/fma/fma44799	0.9664017
http://snomed.info/id/181088001	http://purl.org/sig/ont/fma/fma44804	0.94193459
http://snomed.info/id/181089009	http://purl.org/sig/ont/fma/fma44741	0.91231805
http://snomed.info/id/181090000	http://purl.org/sig/ont/fma/fma44745	1.0
http://snomed.info/id/181091001	http://purl.org/sig/ont/fma/fma44748	1.0
http://snomed.info/id/181092008	http://purl.org/sig/ont/fma/fma44751	1.0
http://snomed.info/id/181093003	http://purl.org/sig/ont/fma/fma44726	1.0
http://snomed.info/id/181100007	http://purl.org/sig/ont/fma/fma6470	1.0
http://snomed.info/id/181109008	http://purl.org/sig/ont/fma/fma6871	0.91775173
http://snomed.info/id/181110003	http://purl.org/sig/ont/fma/fma6872	0.93364257
http://snomed.info/id/181112006	http://purl.org/sig/ont/fma/fma37025	0.94925094
http://snomed.info/id/18112008	http://purl.org/sig/ont/fma/fma14772	1.0
http://snomed.info/id/181121007	http://purl.org/sig/ont/fma/fma13890	0.9277814
http://snomed.info/id/181150000	http://purl.org/sig/ont/fma/fma49033	0.91245306
http://snomed.info/id/181157002	http://purl.org/sig/ont/fma/fma49149	0.9143461
http://snomed.info/id/181160009	http://purl.org/sig/ont/fma/fma321530	0.90007412
http://snomed.info/id/181162001	http://purl.org/sig/ont/fma/fma58238	0.91204864
http://snomed.info/id/181163006	http://purl.org/sig/ont/fma/fma59705	0.93502843
http://snomed.info/id/181164000	http://purl.org/sig/ont/fma/fma58235	0.92341071
http://snomed.info/id/181172003	http://purl.org/sig/ont/fma/fma58298	0.92440605
http://snomed.info/id/181184001	http://purl.org/sig/ont/fma/fma52750	0.91758132
http://snomed.info/id/181188003	http://purl.org/sig/ont/fma/fma61255	0.90839654
http://snomed.info/id/181197004	http://purl.org/sig/ont/fma/fma54375	0.9375062
http://snomed.info/id/181211006	http://purl.org/sig/ont/fma/fma46688	0.93877709
http://snomed.info/id/181214003	http://purl.org/sig/ont/fma/fma7465	0.90128338
http://snomed.info/id/181221003	http://purl.org/sig/ont/fma/fma286123	0.92229122
http://snomed.info/id/181226008	http://purl.org/sig/ont/fma/fma54640	0.92175585
http://snomed.info/id/181247007	http://purl.org/sig/ont/fma/fma7206	0.90908003
http://snomed.info/id/181248002	http://purl.org/sig/ont/fma/fma7207	0.92920196
http://snomed.info/id/181249005	http://purl.org/sig/ont/fma/fma7208	0.93855119
http://snomed.info/id/181261002	http://purl.org/sig/ont/fma/fma14544	0.91979158
http://snomed.info/id/181278006	http://purl.org/sig/ont/fma/fma10419	0.91116518
http://snomed.info/id/181299009	http://purl.org/sig/ont/fma/fma23733	0.95255035
http://snomed.info/id/181301002	http://purl.org/sig/ont/fma/fma87217	0.95524204
http://snomed.info/id/181303004	http://purl.org/sig/ont/fma/fma3792	0.95992947
http://snomed.info/id/181304005	http://purl.org/sig/ont/fma/fma3793	0.96115392
http://snomed.info/id/181309000	http://purl.org/sig/ont/fma/fma50028	0.92806917
http://snomed.info/id/181310005	http://purl.org/sig/ont/fma/fma49868	0.92912811
http://snomed.info/id/181311009	http://purl.org/sig/ont/fma/fma50169	0.93117434
http://snomed.info/id/181313007	http://purl.org/sig/ont/fma/fma50583	0.9264847
http://snomed.info/id/181314001	http://purl.org/sig/ont/fma/fma50084	0.92581487
http://snomed.info/id/181315000	http://purl.org/sig/ont/fma/fma51886	0.90220648
http://snomed.info/id/181323003	http://purl.org/sig/ont/fma/fma3956	0.91309923
http://snomed.info/id/181325005	http://purl.org/sig/ont/fma/fma49650	0.92894858
http://snomed.info/id/181328007	http://purl.org/sig/ont/fma/fma49554	0.90555388
http://snomed.info/id/181329004	http://purl.org/sig/ont/fma/fma302117	0.9091872
http://snomed.info/id/181332001	http://purl.org/sig/ont/fma/fma22730	0.91474062
http://snomed.info/id/181333006	http://purl.org/sig/ont/fma/fma22796	0.94288337
http://snomed.info/id/181334000	http://purl.org/sig/ont/fma/fma22845	0.90421087
http://snomed.info/id/181341006	http://purl.org/sig/ont/fma/fma14825	0.90233141
http://snomed.info/id/181345002	http://purl.org/sig/ont/fma/fma3794	0.93950772
http://snomed.info/id/181346001	http://purl.org/sig/ont/fma/fma18808	0.93942338
http://snomed.info/id/181347005	http://purl.org/sig/ont/fma/fma70248	0.9472878
http://snomed.info/id/181349008	http://purl.org/sig/ont/fma/fma70248	0.94071585
http://snomed.info/id/181350008	http://purl.org/sig/ont/fma/fma77155	0.92081767
http://snomed.info/id/18135006	http://purl.org/sig/ont/fma/fma14338	0.95115006
http://snomed.info/id/181351007	http://purl.org/sig/ont/fma/fma43894	0.93736786
http://snomed.info/id/181352000	http://purl.org/sig/ont/fma/fma70244	0.94569027
http://snomed.info/id/181353005	http://purl.org/sig/ont/fma/fma70205	0.94506991
http://snomed.info/id/181357006	http://purl.org/sig/ont/fma/fma268714	0.94707525
http://snomed.info/id/181358001	http://purl.org/sig/ont/fma/fma43895	0.93234104
http://snomed.info/id/181359009	http://purl.org/sig/ont/fma/fma66539	0.90459311
http://snomed.info/id/181360004	http://purl.org/sig/ont/fma/fma43925	0.93207043
http://snomed.info/id/181361000	http://purl.org/sig/ont/fma/fma43926	0.94154173
http://snomed.info/id/181363002	http://purl.org/sig/ont/fma/fma69713	0.94800347
http://snomed.info/id/181368006	http://purl.org/sig/ont/fma/fma50778	0.92933863
http://snomed.info/id/181372005	http://purl.org/sig/ont/fma/fma50806	0.93666583
http://snomed.info/id/181374006	http://purl.org/sig/ont/fma/fma50874	0.9258123
http://snomed.info/id/181375007	http://purl.org/sig/ont/fma/fma14326	0.9332335
http://snomed.info/id/181376008	http://purl.org/sig/ont/fma/fma76735	1.0
http://snomed.info/id/181381004	http://purl.org/sig/ont/fma/fma50848	1.0
http://snomed.info/id/181388005	http://purl.org/sig/ont/fma/fma78257	0.91497141
http://snomed.info/id/181389002	http://purl.org/sig/ont/fma/fma13329	0.92270094
http://snomed.info/id/181390006	http://purl.org/sig/ont/fma/fma22934	0.9188571
http://snomed.info/id/181392003	http://purl.org/sig/ont/fma/fma22963	0.94174981
http://snomed.info/id/181394002	http://purl.org/sig/ont/fma/fma23110	0.9593603
http://snomed.info/id/181395001	http://purl.org/sig/ont/fma/fma44517	0.92119581
http://snomed.info/id/181398004	http://purl.org/sig/ont/fma/fma78262	0.91489327
http://snomed.info/id/181399007	http://purl.org/sig/ont/fma/fma18884	0.93764585
http://snomed.info/id/181400000	http://purl.org/sig/ont/fma/fma18883	0.93541646
http://snomed.info/id/181401001	http://purl.org/sig/ont/fma/fma18911	0.90922397
http://snomed.info/id/181405005	http://purl.org/sig/ont/fma/fma322369	1.0
http://snomed.info/id/181407002	http://purl.org/sig/ont/fma/fma44392	0.94045758
http://snomed.info/id/181408007	http://purl.org/sig/ont/fma/fma44517	0.92182994
http://snomed.info/id/181409004	http://purl.org/sig/ont/fma/fma323259	0.93162531
http://snomed.info/id/18141004	http://purl.org/sig/ont/fma/fma32527	1.0
http://snomed.info/id/181422007	http://purl.org/sig/ont/fma/fma66806	0.92108846
http://snomed.info/id/181432000	http://purl.org/sig/ont/fma/fma18255	0.93798542
http://snomed.info/id/181433005	http://purl.org/sig/ont/fma/fma19937	0.94592476
http://snomed.info/id/181434004	http://purl.org/sig/ont/fma/fma19445	0.94667107
http://snomed.info/id/181442003	http://purl.org/sig/ont/fma/fma9909	0.95409125
http://snomed.info/id/181453009	http://purl.org/sig/ont/fma/fma77056	0.91393095
http://snomed.info/id/181464007	http://purl.org/sig/ont/fma/fma7209	0.9396919
http://snomed.info/id/181470001	http://purl.org/sig/ont/fma/fma224158	0.90924221
http://snomed.info/id/181472009	http://purl.org/sig/ont/fma/fma224068	0.91747421
http://snomed.info/id/181473004	http://purl.org/sig/ont/fma/fma322370	0.99340624
http://snomed.info/id/181474005	http://purl.org/sig/ont/fma/fma322360	0.93084955
http://snomed.info/id/181475006	http://purl.org/sig/ont/fma/fma322633	0.94882482
http://snomed.info/id/181480002	http://purl.org/sig/ont/fma/fma46494	0.92911214
http://snomed.info/id/181483000	http://purl.org/sig/ont/fma/fma269279	0.94751853
http://snomed.info/id/18149002	http://purl.org/sig/ont/fma/fma12527	1.0
http://snomed.info/id/181491009	http://purl.org/sig/ont/fma/fma322368	0.97272038
http://snomed.info/id/181492002	http://purl.org/sig/ont/fma/fma22985	0.9055683
http://snomed.info/id/181493007	http://purl.org/sig/ont/fma/fma322553	0.92175525
http://snomed.info/id/181498003	http://purl.org/sig/ont/fma/fma322733	0.9417693
http://snomed.info/id/181499006	http://purl.org/sig/ont/fma/fma12828	0.9045366
http://snomed.info/id/181500002	http://purl.org/sig/ont/fma/fma50050	0.90027428
http://snomed.info/id/181506008	http://purl.org/sig/ont/fma/fma322366	0.98927385
http://snomed.info/id/181507004	http://purl.org/sig/ont/fma/fma322773	0.90928793
http://snomed.info/id/181508009	http://purl.org/sig/ont/fma/fma322784	0.91105086
http://snomed.info/id/181509001	http://purl.org/sig/ont/fma/fma323207	0.95923156
http://snomed.info/id/181510006	http://purl.org/sig/ont/fma/fma322365	0.99472332
http://snomed.info/id/181515001	http://purl.org/sig/ont/fma/fma322767	0.90260112
http://snomed.info/id/181516000	http://purl.org/sig/ont/fma/fma300612	0.92372745
http://snomed.info/id/181517009	http://purl.org/sig/ont/fma/fma22984	0.91255099
http://snomed.info/id/181519007	http://purl.org/sig/ont/fma/fma322791	0.94351506
http://snomed.info/id/181522009	http://purl.org/sig/ont/fma/fma29350	0.92786217
http://snomed.info/id/181527003	http://purl.org/sig/ont/fma/fma322225	0.92256111
http://snomed.info/id/181528008	http://purl.org/sig/ont/fma/fma37754	0.91551304
http://snomed.info/id/181530005	http://purl.org/sig/ont/fma/fma322625	0.93988723
http://snomed.info/id/181531009	http://purl.org/sig/ont/fma/fma300373	0.93026108
http://snomed.info/id/181534001	http://purl.org/sig/ont/fma/fma322288	0.91790318
http://snomed.info/id/181535000	http://purl.org/sig/ont/fma/fma38251	0.99198711
http://snomed.info/id/181536004	http://purl.org/sig/ont/fma/fma38256	0.95304823
http://snomed.info/id/181537008	http://purl.org/sig/ont/fma/fma300367	0.96029842
http://snomed.info/id/181538003	http://purl.org/sig/ont/fma/fma38268	0.95003462
http://snomed.info/id/181539006	http://purl.org/sig/ont/fma/fma38271	0.90951115
http://snomed.info/id/181540008	http://purl.org/sig/ont/fma/fma317901	0.93099171
http://snomed.info/id/181542000	http://purl.org/sig/ont/fma/fma317901	0.90701324
http://snomed.info/id/181544004	http://purl.org/sig/ont/fma/fma38301	0.91839558
http://snomed.info/id/181546002	http://purl.org/sig/ont/fma/fma38338	0.95402896
http://snomed.info/id/181548001	http://purl.org/sig/ont/fma/fma37793	0.92436779
http://snomed.info/id/181549009	http://purl.org/sig/ont/fma/fma37797	0.91021085
http://snomed.info/id/181550009	http://purl.org/sig/ont/fma/fma38122	0.91400748
http://snomed.info/id/181551008	http://purl.org/sig/ont/fma/fma38125	0.91342521
http://snomed.info/id/181552001	http://purl.org/sig/ont/fma/fma38159	0.91231775
http://snomed.info/id/181553006	http://purl.org/sig/ont/fma/fma38159	0.99099016
http://snomed.info/id/181555004	http://purl.org/sig/ont/fma/fma38168	0.99232972
http://snomed.info/id/181556003	http://purl.org/sig/ont/fma/fma38165	0.989568
http://snomed.info/id/181558002	http://purl.org/sig/ont/fma/fma38128	0.93117213
http://snomed.info/id/181559005	http://purl.org/sig/ont/fma/fma38131	0.9336015
http://snomed.info/id/181560000	http://purl.org/sig/ont/fma/fma37843	0.90482628
http://snomed.info/id/181561001	http://purl.org/sig/ont/fma/fma37843	0.99168026
http://snomed.info/id/181562008	http://purl.org/sig/ont/fma/fma37870	0.99076259
http://snomed.info/id/181563003	http://purl.org/sig/ont/fma/fma38134	0.99099445
http://snomed.info/id/181564009	http://purl.org/sig/ont/fma/fma70406	0.99020058
http://snomed.info/id/181565005	http://purl.org/sig/ont/fma/fma324012	0.91858226
http://snomed.info/id/181566006	http://purl.org/sig/ont/fma/fma322282	0.90690184
http://snomed.info/id/181567002	http://purl.org/sig/ont/fma/fma38137	0.98095524
http://snomed.info/id/181568007	http://purl.org/sig/ont/fma/fma38140	0.98001814
http://snomed.info/id/181570003	http://purl.org/sig/ont/fma/fma322338	1.0
http://snomed.info/id/181571004	http://purl.org/sig/ont/fma/fma322570	0.92366356
http://snomed.info/id/181572006	http://purl.org/sig/ont/fma/fma322569	0.90504491
http://snomed.info/id/181573001	http://purl.org/sig/ont/fma/fma322571	0.91441554
http://snomed.info/id/181574007	http://purl.org/sig/ont/fma/fma322572	0.90383089
http://snomed.info/id/181586005	http://purl.org/sig/ont/fma/fma60355	1.0
http://snomed.info/id/181587001	http://purl.org/sig/ont/fma/fma60356	1.0
http://snomed.info/id/181588006	http://purl.org/sig/ont/fma/fma60357	1.0
http://snomed.info/id/181589003	http://purl.org/sig/ont/fma/fma60358	1.0
http://snomed.info/id/181590007	http://purl.org/sig/ont/fma/fma60354	1.0
http://snomed.info/id/181598000	http://purl.org/sig/ont/fma/fma60533	0.9126544
http://snomed.info/id/181599008	http://purl.org/sig/ont/fma/fma60611	1.0
http://snomed.info/id/181600006	http://purl.org/sig/ont/fma/fma60612	1.0
http://snomed.info/id/181601005	http://purl.org/sig/ont/fma/fma60613	1.0
http://snomed.info/id/181609007	http://purl.org/sig/ont/fma/fma52326	0.90953356
http://snomed.info/id/181620007	http://purl.org/sig/ont/fma/fma297508	0.91236717
http://snomed.info/id/181621006	http://purl.org/sig/ont/fma/fma37349	0.93256813
http://snomed.info/id/181623009	http://purl.org/sig/ont/fma/fma297584	0.94659132
http://snomed.info/id/181624003	http://purl.org/sig/ont/fma/fma297510	0.94780988
http://snomed.info/id/181625002	http://purl.org/sig/ont/fma/fma297512	0.94849092
http://snomed.info/id/181626001	http://purl.org/sig/ont/fma/fma297532	0.91237468
http://snomed.info/id/181631004	http://purl.org/sig/ont/fma/fma297542	0.94095546
http://snomed.info/id/181634007	http://purl.org/sig/ont/fma/fma75002	0.94508851
http://snomed.info/id/181636009	http://purl.org/sig/ont/fma/fma297606	0.9352572
http://snomed.info/id/181640000	http://purl.org/sig/ont/fma/fma64916	0.95129067
http://snomed.info/id/181646006	http://purl.org/sig/ont/fma/fma297654	0.93510747
http://snomed.info/id/181647002	http://purl.org/sig/ont/fma/fma297656	0.93808514
http://snomed.info/id/181648007	http://purl.org/sig/ont/fma/fma297652	0.96008444
http://snomed.info/id/181649004	http://purl.org/sig/ont/fma/fma297658	0.93778467
http://snomed.info/id/181650004	http://purl.org/sig/ont/fma/fma297660	0.9353013
http://snomed.info/id/181651000	http://purl.org/sig/ont/fma/fma297662	0.95225632
http://snomed.info/id/181652007	http://purl.org/sig/ont/fma/fma297666	0.91657603
http://snomed.info/id/181653002	http://purl.org/sig/ont/fma/fma297664	0.94141507
http://snomed.info/id/181654008	http://purl.org/sig/ont/fma/fma297680	0.93832815
http://snomed.info/id/181655009	http://purl.org/sig/ont/fma/fma42549	0.93694794
http://snomed.info/id/181656005	http://purl.org/sig/ont/fma/fma42550	0.92566186
http://snomed.info/id/181657001	http://purl.org/sig/ont/fma/fma42551	0.93401057
http://snomed.info/id/181658006	http://purl.org/sig/ont/fma/fma42552	0.91157252
http://snomed.info/id/181663005	http://purl.org/sig/ont/fma/fma297632	0.90047753
http://snomed.info/id/181670005	http://purl.org/sig/ont/fma/fma74998	0.94874877
http://snomed.info/id/181671009	http://purl.org/sig/ont/fma/fma297574	0.9094469
http://snomed.info/id/181672002	http://purl.org/sig/ont/fma/fma297566	0.94060642
http://snomed.info/id/181673007	http://purl.org/sig/ont/fma/fma22427	0.90718335
http://snomed.info/id/181675000	http://purl.org/sig/ont/fma/fma22315	0.91642857
http://snomed.info/id/181676004	http://purl.org/sig/ont/fma/fma22317	0.92481971
http://snomed.info/id/181679006	http://purl.org/sig/ont/fma/fma22430	0.91183561
http://snomed.info/id/181680009	http://purl.org/sig/ont/fma/fma22432	0.93504053
http://snomed.info/id/181681008	http://purl.org/sig/ont/fma/fma301262	0.94240314
http://snomed.info/id/181682001	http://purl.org/sig/ont/fma/fma22433	0.94965893
http://snomed.info/id/181683006	http://purl.org/sig/ont/fma/fma297572	0.93839061
http://snomed.info/id/181684000	http://purl.org/sig/ont/fma/fma297952	0.94574386
http://snomed.info/id/181685004	http://purl.org/sig/ont/fma/fma297946	0.92150915
http://snomed.info/id/181686003	http://purl.org/sig/ont/fma/fma297970	0.93332171
http://snomed.info/id/181687007	http://purl.org/sig/ont/fma/fma297976	0.94873214
http://snomed.info/id/181688002	http://purl.org/sig/ont/fma/fma297982	0.94483441
http://snomed.info/id/181689005	http://purl.org/sig/ont/fma/fma297958	0.90872043
http://snomed.info/id/181696007	http://purl.org/sig/ont/fma/fma297994	0.91496205
http://snomed.info/id/181697003	http://purl.org/sig/ont/fma/fma298006	0.94632232
http://snomed.info/id/181698008	http://purl.org/sig/ont/fma/fma51134	0.90603751
http://snomed.info/id/181700004	http://purl.org/sig/ont/fma/fma311592	0.90361428
http://snomed.info/id/181702007	http://purl.org/sig/ont/fma/fma311651	0.91057807
http://snomed.info/id/181703002	http://purl.org/sig/ont/fma/fma51138	0.94179368
http://snomed.info/id/181715003	http://purl.org/sig/ont/fma/fma84437	0.90060061
http://snomed.info/id/181718001	http://purl.org/sig/ont/fma/fma311179	0.9340744
http://snomed.info/id/18172000	http://purl.org/sig/ont/fma/fma8516	1.0
http://snomed.info/id/181720003	http://purl.org/sig/ont/fma/fma47095	1.0
http://snomed.info/id/181722006	http://purl.org/sig/ont/fma/fma47125	1.0
http://snomed.info/id/181723001	http://purl.org/sig/ont/fma/fma37448	0.93607718
http://snomed.info/id/181724007	http://purl.org/sig/ont/fma/fma37450	1.0
http://snomed.info/id/181725008	http://purl.org/sig/ont/fma/fma37452	1.0
http://snomed.info/id/181727000	http://purl.org/sig/ont/fma/fma37454	0.9202891
http://snomed.info/id/181728005	http://purl.org/sig/ont/fma/fma37457	0.90178424
http://snomed.info/id/181736001	http://purl.org/sig/ont/fma/fma20278	0.91787648
http://snomed.info/id/181739008	http://purl.org/sig/ont/fma/fma314532	0.91243047
http://snomed.info/id/181740005	http://purl.org/sig/ont/fma/fma297516	0.9113152
http://snomed.info/id/181741009	http://purl.org/sig/ont/fma/fma297506	0.92166275
http://snomed.info/id/181744001	http://purl.org/sig/ont/fma/fma86792	0.91033232
http://snomed.info/id/181746004	http://purl.org/sig/ont/fma/fma13354	0.9503296
http://snomed.info/id/181747008	http://purl.org/sig/ont/fma/fma297518	0.94745988
http://snomed.info/id/181751005	http://purl.org/sig/ont/fma/fma297558	0.93725216
http://snomed.info/id/181753008	http://purl.org/sig/ont/fma/fma297884	0.93904173
http://snomed.info/id/181756000	http://purl.org/sig/ont/fma/fma301793	0.90229541
http://snomed.info/id/181759007	http://purl.org/sig/ont/fma/fma276805	0.9177798
http://snomed.info/id/181762005	http://purl.org/sig/ont/fma/fma44226	0.91919225
http://snomed.info/id/181767004	http://purl.org/sig/ont/fma/fma66162	1.0
http://snomed.info/id/181772008	http://purl.org/sig/ont/fma/fma321912	0.93131155
http://snomed.info/id/181773003	http://purl.org/sig/ont/fma/fma48417	0.94552135
http://snomed.info/id/181774009	http://purl.org/sig/ont/fma/fma48432	0.95221698
http://snomed.info/id/181775005	http://purl.org/sig/ont/fma/fma61653	0.93651509
http://snomed.info/id/181776006	http://purl.org/sig/ont/fma/fma35274	0.94918233
http://snomed.info/id/181777002	http://purl.org/sig/ont/fma/fma37783	0.94747478
http://snomed.info/id/181778007	http://purl.org/sig/ont/fma/fma300337	0.91063535
http://snomed.info/id/181779004	http://purl.org/sig/ont/fma/fma300337	0.92077607
http://snomed.info/id/181780001	http://purl.org/sig/ont/fma/fma42430	1.0
http://snomed.info/id/181781002	http://purl.org/sig/ont/fma/fma58771	0.93074381
http://snomed.info/id/181782009	http://purl.org/sig/ont/fma/fma45001	1.0
http://snomed.info/id/181788008	http://purl.org/sig/ont/fma/fma45166	1.0
http://snomed.info/id/181793006	http://purl.org/sig/ont/fma/fma52734	0.91326302
http://snomed.info/id/181794000	http://purl.org/sig/ont/fma/fma57085	0.92197621
http://snomed.info/id/181795004	http://purl.org/sig/ont/fma/fma52737	0.90055031
http://snomed.info/id/181796003	http://purl.org/sig/ont/fma/fma52735	0.91979551
http://snomed.info/id/1818002	http://purl.org/sig/ont/fma/fma58529	1.0
http://snomed.info/id/181817002	http://purl.org/sig/ont/fma/fma276660	0.91292685
http://snomed.info/id/181820005	http://purl.org/sig/ont/fma/fma9915	0.91899723
http://snomed.info/id/181822002	http://purl.org/sig/ont/fma/fma9921	0.91261816
http://snomed.info/id/181891000	http://purl.org/sig/ont/fma/fma23976	0.93478882
http://snomed.info/id/181892007	http://purl.org/sig/ont/fma/fma23977	0.92427039
http://snomed.info/id/181894008	http://purl.org/sig/ont/fma/fma23978	0.93339121
http://snomed.info/id/181895009	http://purl.org/sig/ont/fma/fma23981	1.0
http://snomed.info/id/181901007	http://purl.org/sig/ont/fma/fma24093	0.9618268
http://snomed.info/id/181902000	http://purl.org/sig/ont/fma/fma24056	1.0
http://snomed.info/id/181903005	http://purl.org/sig/ont/fma/fma24060	0.94314826
http://snomed.info/id/181904004	http://purl.org/sig/ont/fma/fma24059	1.0
http://snomed.info/id/181911000	http://purl.org/sig/ont/fma/fma63567	0.95057553
http://snomed.info/id/181915009	http://purl.org/sig/ont/fma/fma63563	0.95088881
http://snomed.info/id/181916005	http://purl.org/sig/ont/fma/fma23814	0.94408202
http://snomed.info/id/181917001	http://purl.org/sig/ont/fma/fma13394	0.94267952
http://snomed.info/id/181924000	http://purl.org/sig/ont/fma/fma31563	0.90638125
http://snomed.info/id/181925004	http://purl.org/sig/ont/fma/fma321666	1.0
http://snomed.info/id/181927007	http://purl.org/sig/ont/fma/fma32829	0.90891027
http://snomed.info/id/181933003	http://purl.org/sig/ont/fma/fma39727	0.9051668
http://snomed.info/id/181936006	http://purl.org/sig/ont/fma/fma23356	1.0
http://snomed.info/id/181944006	http://purl.org/sig/ont/fma/fma23524	0.90733683
http://snomed.info/id/181949001	http://purl.org/sig/ont/fma/fma39795	0.92804426
http://snomed.info/id/181952009	http://purl.org/sig/ont/fma/fma23628	0.90094435
http://snomed.info/id/181962002	http://purl.org/sig/ont/fma/fma40185	0.92735302
http://snomed.info/id/181964001	http://purl.org/sig/ont/fma/fma33355	0.90179259
http://snomed.info/id/181967008	http://purl.org/sig/ont/fma/fma43076	0.92139363
http://snomed.info/id/181973009	http://purl.org/sig/ont/fma/fma36222	0.922001
http://snomed.info/id/181975002	http://purl.org/sig/ont/fma/fma40390	0.900199
http://snomed.info/id/181976001	http://purl.org/sig/ont/fma/fma75816	0.90715027
http://snomed.info/id/181977005	http://purl.org/sig/ont/fma/fma34455	0.90287465
http://snomed.info/id/181979008	http://purl.org/sig/ont/fma/fma42884	0.90545505
http://snomed.info/id/181986000	http://purl.org/sig/ont/fma/fma75816	0.95213026
http://snomed.info/id/181987009	http://purl.org/sig/ont/fma/fma323492	0.92463976
http://snomed.info/id/181988004	http://purl.org/sig/ont/fma/fma323498	0.93645865
http://snomed.info/id/181991004	http://purl.org/sig/ont/fma/fma323492	0.91520995
http://snomed.info/id/181992006	http://purl.org/sig/ont/fma/fma40399	0.91284025
http://snomed.info/id/181993001	http://purl.org/sig/ont/fma/fma37490	1.0
http://snomed.info/id/181994007	http://purl.org/sig/ont/fma/fma40302	1.0
http://snomed.info/id/181996009	http://purl.org/sig/ont/fma/fma37606	1.0
http://snomed.info/id/181997000	http://purl.org/sig/ont/fma/fma37510	1.0
http://snomed.info/id/181998005	http://purl.org/sig/ont/fma/fma37568	1.0
http://snomed.info/id/182000008	http://purl.org/sig/ont/fma/fma37626	1.0
http://snomed.info/id/182001007	http://purl.org/sig/ont/fma/fma75818	0.94909561
http://snomed.info/id/182002000	http://purl.org/sig/ont/fma/fma323497	0.92470706
http://snomed.info/id/182004004	http://purl.org/sig/ont/fma/fma323900	0.93074787
http://snomed.info/id/182006002	http://purl.org/sig/ont/fma/fma323494	0.91105443
http://snomed.info/id/182007006	http://purl.org/sig/ont/fma/fma40400	0.9138034
http://snomed.info/id/182008001	http://purl.org/sig/ont/fma/fma37493	1.0
http://snomed.info/id/182009009	http://purl.org/sig/ont/fma/fma40304	1.0
http://snomed.info/id/182011000	http://purl.org/sig/ont/fma/fma37609	1.0
http://snomed.info/id/182014008	http://purl.org/sig/ont/fma/fma7486	0.90071464
http://snomed.info/id/182016005	http://purl.org/sig/ont/fma/fma225551	0.91424209
http://snomed.info/id/182025004	http://purl.org/sig/ont/fma/fma16592	0.93250734
http://snomed.info/id/182026003	http://purl.org/sig/ont/fma/fma16989	0.92457509
http://snomed.info/id/182030000	http://purl.org/sig/ont/fma/fma16890	0.93263525
http://snomed.info/id/182031001	http://purl.org/sig/ont/fma/fma16601	0.93844748
http://snomed.info/id/182032008	http://purl.org/sig/ont/fma/fma16600	0.930942
http://snomed.info/id/182033003	http://purl.org/sig/ont/fma/fma16891	0.93209863
http://snomed.info/id/182034009	http://purl.org/sig/ont/fma/fma16914	0.93511182
http://snomed.info/id/182035005	http://purl.org/sig/ont/fma/fma16595	0.93758178
http://snomed.info/id/182036006	http://purl.org/sig/ont/fma/fma16595	0.91797131
http://snomed.info/id/182037002	http://purl.org/sig/ont/fma/fma16988	0.92429155
http://snomed.info/id/182038007	http://purl.org/sig/ont/fma/fma16989	0.92624444
http://snomed.info/id/182040002	http://purl.org/sig/ont/fma/fma17004	0.90728813
http://snomed.info/id/182047004	http://purl.org/sig/ont/fma/fma82513	0.96958202
http://snomed.info/id/182050001	http://purl.org/sig/ont/fma/fma51542	0.92739946
http://snomed.info/id/182051002	http://purl.org/sig/ont/fma/fma51525	0.93284857
http://snomed.info/id/18206006	http://purl.org/sig/ont/fma/fma44089	1.0
http://snomed.info/id/182062002	http://purl.org/sig/ont/fma/fma322680	0.93894011
http://snomed.info/id/182066004	http://purl.org/sig/ont/fma/fma305578	0.91776901
http://snomed.info/id/182068003	http://purl.org/sig/ont/fma/fma66204	0.92396522
http://snomed.info/id/182074003	http://purl.org/sig/ont/fma/fma311372	0.93702966
http://snomed.info/id/182080006	http://purl.org/sig/ont/fma/fma321498	0.94387352
http://snomed.info/id/182088004	http://purl.org/sig/ont/fma/fma322337	1.0
http://snomed.info/id/18209004	http://purl.org/sig/ont/fma/fma14323	1.0
http://snomed.info/id/182098005	http://purl.org/sig/ont/fma/fma9708	0.92771804
http://snomed.info/id/182102002	http://purl.org/sig/ont/fma/fma24517	0.92441732
http://snomed.info/id/182103007	http://purl.org/sig/ont/fma/fma33637	0.90484744
http://snomed.info/id/182105000	http://purl.org/sig/ont/fma/fma33635	0.90143538
http://snomed.info/id/182121005	http://purl.org/sig/ont/fma/fma24502	0.92629153
http://snomed.info/id/182125001	http://purl.org/sig/ont/fma/fma43040	0.92074496
http://snomed.info/id/182128004	http://purl.org/sig/ont/fma/fma24503	0.92552453
http://snomed.info/id/182131003	http://purl.org/sig/ont/fma/fma43043	0.92018092
http://snomed.info/id/182134006	http://purl.org/sig/ont/fma/fma24504	0.92919147
http://snomed.info/id/182136008	http://purl.org/sig/ont/fma/fma43044	0.91332591
http://snomed.info/id/182139001	http://purl.org/sig/ont/fma/fma24505	0.92949349
http://snomed.info/id/182141000	http://purl.org/sig/ont/fma/fma43045	0.92106932
http://snomed.info/id/182144008	http://purl.org/sig/ont/fma/fma24506	0.9316572
http://snomed.info/id/182146005	http://purl.org/sig/ont/fma/fma43046	0.91605288
http://snomed.info/id/182151004	http://purl.org/sig/ont/fma/fma51827	0.91566437
http://snomed.info/id/182152006	http://purl.org/sig/ont/fma/fma51836	0.92963612
http://snomed.info/id/182153001	http://purl.org/sig/ont/fma/fma51854	0.92728496
http://snomed.info/id/182154007	http://purl.org/sig/ont/fma/fma51855	0.93724358
http://snomed.info/id/182155008	http://purl.org/sig/ont/fma/fma83254	0.92398208
http://snomed.info/id/182156009	http://purl.org/sig/ont/fma/fma83255	0.93504602
http://snomed.info/id/182158005	http://purl.org/sig/ont/fma/fma230984	0.95657992
http://snomed.info/id/182308006	http://purl.org/sig/ont/fma/fma321884	0.93639964
http://snomed.info/id/18234004	http://purl.org/sig/ont/fma/fma50863	1.0
http://snomed.info/id/182360002	http://purl.org/sig/ont/fma/fma24919	0.93634534
http://snomed.info/id/182364006	http://purl.org/sig/ont/fma/fma31894	0.9157533
http://snomed.info/id/182365007	http://purl.org/sig/ont/fma/fma24951	0.95778948
http://snomed.info/id/182366008	http://purl.org/sig/ont/fma/fma27276	0.97493529
http://snomed.info/id/182367004	http://purl.org/sig/ont/fma/fma25555	0.98321122
http://snomed.info/id/182372008	http://purl.org/sig/ont/fma/fma10454	0.946585
http://snomed.info/id/182374009	http://purl.org/sig/ont/fma/fma13720	0.97241724
http://snomed.info/id/182375005	http://purl.org/sig/ont/fma/fma13694	0.94402963
http://snomed.info/id/182376006	http://purl.org/sig/ont/fma/fma13707	1.0
http://snomed.info/id/182379004	http://purl.org/sig/ont/fma/fma27484	0.9694581
http://snomed.info/id/182380001	http://purl.org/sig/ont/fma/fma13736	0.93124783
http://snomed.info/id/182381002	http://purl.org/sig/ont/fma/fma13733	0.97917241
http://snomed.info/id/182382009	http://purl.org/sig/ont/fma/fma13735	0.94682837
http://snomed.info/id/182383004	http://purl.org/sig/ont/fma/fma13734	1.0
http://snomed.info/id/182386007	http://purl.org/sig/ont/fma/fma63980	0.91759706
http://snomed.info/id/182387003	http://purl.org/sig/ont/fma/fma322812	0.96611178
http://snomed.info/id/182390009	http://purl.org/sig/ont/fma/fma34961	0.94123328
http://snomed.info/id/182396003	http://purl.org/sig/ont/fma/fma40115	0.94156212
http://snomed.info/id/182401004	http://purl.org/sig/ont/fma/fma40001	0.94001764
http://snomed.info/id/182415002	http://purl.org/sig/ont/fma/fma42301	0.94200903
http://snomed.info/id/182416001	http://purl.org/sig/ont/fma/fma321446	0.93625444
http://snomed.info/id/182417005	http://purl.org/sig/ont/fma/fma321691	1.0
http://snomed.info/id/182418000	http://purl.org/sig/ont/fma/fma321714	0.9339444
http://snomed.info/id/182419008	http://purl.org/sig/ont/fma/fma321710	0.94010663
http://snomed.info/id/182420002	http://purl.org/sig/ont/fma/fma321711	0.93018323
http://snomed.info/id/182421003	http://purl.org/sig/ont/fma/fma321712	0.91408378
http://snomed.info/id/182422005	http://purl.org/sig/ont/fma/fma321713	0.92045474
http://snomed.info/id/182423000	http://purl.org/sig/ont/fma/fma321703	0.95016915
http://snomed.info/id/182424006	http://purl.org/sig/ont/fma/fma321704	0.94012058
http://snomed.info/id/182425007	http://purl.org/sig/ont/fma/fma321705	0.92994368
http://snomed.info/id/182426008	http://purl.org/sig/ont/fma/fma321706	0.93011177
http://snomed.info/id/182427004	http://purl.org/sig/ont/fma/fma321699	0.9573434
http://snomed.info/id/182428009	http://purl.org/sig/ont/fma/fma321700	0.94332421
http://snomed.info/id/182429001	http://purl.org/sig/ont/fma/fma321701	0.93545967
http://snomed.info/id/182430006	http://purl.org/sig/ont/fma/fma321702	0.93802994
http://snomed.info/id/182432003	http://purl.org/sig/ont/fma/fma19116	0.95083582
http://snomed.info/id/182433008	http://purl.org/sig/ont/fma/fma19116	0.90727252
http://snomed.info/id/182434002	http://purl.org/sig/ont/fma/fma21469	0.91349953
http://snomed.info/id/182435001	http://purl.org/sig/ont/fma/fma42868	0.90477109
http://snomed.info/id/182436000	http://purl.org/sig/ont/fma/fma43035	0.92453516
http://snomed.info/id/182437009	http://purl.org/sig/ont/fma/fma43027	0.94649816
http://snomed.info/id/182438004	http://purl.org/sig/ont/fma/fma43024	0.95315778
http://snomed.info/id/182440009	http://purl.org/sig/ont/fma/fma44580	0.91444379
http://snomed.info/id/182443006	http://purl.org/sig/ont/fma/fma44614	0.94250613
http://snomed.info/id/182445004	http://purl.org/sig/ont/fma/fma44617	0.93965179
http://snomed.info/id/182447007	http://purl.org/sig/ont/fma/fma44624	1.0
http://snomed.info/id/182448002	http://purl.org/sig/ont/fma/fma44625	1.0
http://snomed.info/id/182450005	http://purl.org/sig/ont/fma/fma44638	1.0
http://snomed.info/id/182451009	http://purl.org/sig/ont/fma/fma44639	1.0
http://snomed.info/id/182453007	http://purl.org/sig/ont/fma/fma44058	0.91660333
http://snomed.info/id/182457008	http://purl.org/sig/ont/fma/fma44286	1.0
http://snomed.info/id/182458003	http://purl.org/sig/ont/fma/fma44373	0.90850878
http://snomed.info/id/182459006	http://purl.org/sig/ont/fma/fma322823	0.94586003
http://snomed.info/id/182463004	http://purl.org/sig/ont/fma/fma44248	0.93593955
http://snomed.info/id/182466007	http://purl.org/sig/ont/fma/fma44269	0.9093287
http://snomed.info/id/182467003	http://purl.org/sig/ont/fma/fma44534	0.91179234
http://snomed.info/id/182468008	http://purl.org/sig/ont/fma/fma44534	0.91955322
http://snomed.info/id/182471000	http://purl.org/sig/ont/fma/fma44534	0.90735674
http://snomed.info/id/182482008	http://purl.org/sig/ont/fma/fma10475	0.91165131
http://snomed.info/id/182484009	http://purl.org/sig/ont/fma/fma321552	0.94111341
http://snomed.info/id/182486006	http://purl.org/sig/ont/fma/fma35515	0.9561168
http://snomed.info/id/182487002	http://purl.org/sig/ont/fma/fma300542	0.92062986
http://snomed.info/id/182490008	http://purl.org/sig/ont/fma/fma321648	0.94506866
http://snomed.info/id/182494004	http://purl.org/sig/ont/fma/fma43581	0.90525919
http://snomed.info/id/182498001	http://purl.org/sig/ont/fma/fma45198	0.91628164
http://snomed.info/id/182499009	http://purl.org/sig/ont/fma/fma75405	0.96844119
http://snomed.info/id/182501001	http://purl.org/sig/ont/fma/fma45201	0.91063106
http://snomed.info/id/182503003	http://purl.org/sig/ont/fma/fma321551	0.9315865
http://snomed.info/id/18252004	http://purl.org/sig/ont/fma/fma45738	1.0
http://snomed.info/id/18255002	http://purl.org/sig/ont/fma/fma32624	1.0
http://snomed.info/id/18270001	http://purl.org/sig/ont/fma/fma16005	1.0
http://snomed.info/id/18294001	http://purl.org/sig/ont/fma/fma50898	1.0
http://snomed.info/id/18297008	http://purl.org/sig/ont/fma/fma322950	0.98577058
http://snomed.info/id/183114002	http://purl.org/sig/ont/fma/fma8622	0.95220822
http://snomed.info/id/1832000	http://purl.org/sig/ont/fma/fma59024	1.0
http://snomed.info/id/18346003	http://purl.org/sig/ont/fma/fma13397	1.0
http://snomed.info/id/18357008	http://purl.org/sig/ont/fma/fma63954	0.9122175
http://snomed.info/id/18388007	http://purl.org/sig/ont/fma/fma70245	0.95736617
http://snomed.info/id/18399009	http://purl.org/sig/ont/fma/fma49702	1.0
http://snomed.info/id/1840006	http://purl.org/sig/ont/fma/fma67821	0.94172871
http://snomed.info/id/18402005	http://purl.org/sig/ont/fma/fma59595	0.90993565
http://snomed.info/id/184204006	http://purl.org/sig/ont/fma/fma27310	0.96796823
http://snomed.info/id/18422009	http://purl.org/sig/ont/fma/fma321541	0.97643799
http://snomed.info/id/184304009	http://purl.org/sig/ont/fma/fma27312	0.96402806
http://snomed.info/id/18444004	http://purl.org/sig/ont/fma/fma59834	0.95865744
http://snomed.info/id/18447006	http://purl.org/sig/ont/fma/fma16181	1.0
http://snomed.info/id/18456003	http://purl.org/sig/ont/fma/fma242223	1.0
http://snomed.info/id/18513005	http://purl.org/sig/ont/fma/fma37381	1.0
http://snomed.info/id/18518001	http://purl.org/sig/ont/fma/fma322317	1.0
http://snomed.info/id/1853009	http://purl.org/sig/ont/fma/fma46290	1.0
http://snomed.info/id/18545000	http://purl.org/sig/ont/fma/fma9592	1.0
http://snomed.info/id/18552003	http://purl.org/sig/ont/fma/fma76946	0.94439369
http://snomed.info/id/18554002	http://purl.org/sig/ont/fma/fma7468	1.0
http://snomed.info/id/185836004	http://purl.org/sig/ont/fma/fma8637	0.94973642
http://snomed.info/id/18586007	http://purl.org/sig/ont/fma/fma64068	0.96790206
http://snomed.info/id/18591008	http://purl.org/sig/ont/fma/fma6468	1.0
http://snomed.info/id/18602000	http://purl.org/sig/ont/fma/fma84140	1.0
http://snomed.info/id/186038005	http://purl.org/sig/ont/fma/fma8639	0.93906265
http://snomed.info/id/186120009	http://purl.org/sig/ont/fma/fma8640	0.93039
http://snomed.info/id/18619003	http://purl.org/sig/ont/fma/fma58269	0.9141205
http://snomed.info/id/186262005	http://purl.org/sig/ont/fma/fma9326	0.90240908
http://snomed.info/id/18639004	http://purl.org/sig/ont/fma/fma7205	1.0
http://snomed.info/id/18686000	http://purl.org/sig/ont/fma/fma13109	1.0
http://snomed.info/id/18722008	http://purl.org/sig/ont/fma/fma4881	1.0
http://snomed.info/id/187240001	http://purl.org/sig/ont/fma/fma27311	0.95442879
http://snomed.info/id/187338008	http://purl.org/sig/ont/fma/fma27313	0.94385839
http://snomed.info/id/187981000	http://purl.org/sig/ont/fma/fma71194	0.93342727
http://snomed.info/id/188079002	http://purl.org/sig/ont/fma/fma71195	0.92188579
http://snomed.info/id/18855009	http://purl.org/sig/ont/fma/fma59102	1.0
http://snomed.info/id/18911002	http://purl.org/sig/ont/fma/fma9707	0.9579137
http://snomed.info/id/18930002	http://purl.org/sig/ont/fma/fma32884	1.0
http://snomed.info/id/18939001	http://purl.org/sig/ont/fma/fma70455	0.92909288
http://snomed.info/id/18944008	http://purl.org/sig/ont/fma/fma54449	1.0
http://snomed.info/id/1895000	http://purl.org/sig/ont/fma/fma4732	0.9435156
http://snomed.info/id/18984004	http://purl.org/sig/ont/fma/fma18659	1.0
http://snomed.info/id/189936008	http://purl.org/sig/ont/fma/fma49347	0.92673361
http://snomed.info/id/18997002	http://purl.org/sig/ont/fma/fma22863	0.95306045
http://snomed.info/id/19001003	http://purl.org/sig/ont/fma/fma73965	1.0
http://snomed.info/id/19015001	http://purl.org/sig/ont/fma/fma83866	1.0
http://snomed.info/id/1902009	http://purl.org/sig/ont/fma/fma61314	0.92524725
http://snomed.info/id/190344008	http://purl.org/sig/ont/fma/fma7271	0.92471898
http://snomed.info/id/190441001	http://purl.org/sig/ont/fma/fma322885	0.95020974
http://snomed.info/id/190513003	http://purl.org/sig/ont/fma/fma322886	0.95645833
http://snomed.info/id/190593002	http://purl.org/sig/ont/fma/fma322887	0.94692683
http://snomed.info/id/190685007	http://purl.org/sig/ont/fma/fma322888	0.94739252
http://snomed.info/id/190762001	http://purl.org/sig/ont/fma/fma322889	0.954916
http://snomed.info/id/190852001	http://purl.org/sig/ont/fma/fma322890	0.96173805
http://snomed.info/id/190926008	http://purl.org/sig/ont/fma/fma322884	0.90638101
http://snomed.info/id/19094003	http://purl.org/sig/ont/fma/fma86304	1.0
http://snomed.info/id/19121000	http://purl.org/sig/ont/fma/fma321520	0.92745286
http://snomed.info/id/19162006	http://purl.org/sig/ont/fma/fma24929	0.93679506
http://snomed.info/id/19176007	http://purl.org/sig/ont/fma/fma8622	1.0
http://snomed.info/id/19177003	http://purl.org/sig/ont/fma/fma44213	1.0
http://snomed.info/id/1918003	http://purl.org/sig/ont/fma/fma3792	1.0
http://snomed.info/id/19193007	http://purl.org/sig/ont/fma/fma51754	0.95597297
http://snomed.info/id/192274009	http://purl.org/sig/ont/fma/fma9536	1.0
http://snomed.info/id/192373001	http://purl.org/sig/ont/fma/fma7270	0.93435061
http://snomed.info/id/19245008	http://purl.org/sig/ont/fma/fma322803	0.9788053
http://snomed.info/id/19248005	http://purl.org/sig/ont/fma/fma37592	1.0
http://snomed.info/id/192901008	http://purl.org/sig/ont/fma/fma322876	0.93706775
http://snomed.info/id/19292007	http://purl.org/sig/ont/fma/fma7768	1.0
http://snomed.info/id/192986001	http://purl.org/sig/ont/fma/fma322877	0.93933249
http://snomed.info/id/19306000	http://purl.org/sig/ont/fma/fma322184	0.95408404
http://snomed.info/id/193068007	http://purl.org/sig/ont/fma/fma322875	0.94535989
http://snomed.info/id/19318009	http://purl.org/sig/ont/fma/fma15905	1.0
http://snomed.info/id/19322004	http://purl.org/sig/ont/fma/fma40296	1.0
http://snomed.info/id/19336009	http://purl.org/sig/ont/fma/fma9735	1.0
http://snomed.info/id/193619006	http://purl.org/sig/ont/fma/fma3897	0.94186175
http://snomed.info/id/19385004	http://purl.org/sig/ont/fma/fma322746	0.97401345
http://snomed.info/id/19414007	http://purl.org/sig/ont/fma/fma51965	1.0
http://snomed.info/id/19424004	http://purl.org/sig/ont/fma/fma16624	0.90706271
http://snomed.info/id/19447003	http://purl.org/sig/ont/fma/fma269061	0.93660867
http://snomed.info/id/194641003	http://purl.org/sig/ont/fma/fma3851	0.91801769
http://snomed.info/id/19465004	http://purl.org/sig/ont/fma/fma54501	0.96775639
http://snomed.info/id/19468002	http://purl.org/sig/ont/fma/fma46417	1.0
http://snomed.info/id/194904001	http://purl.org/sig/ont/fma/fma322957	0.95260137
http://snomed.info/id/194996006	http://purl.org/sig/ont/fma/fma76767	1.0
http://snomed.info/id/195073003	http://purl.org/sig/ont/fma/fma223888	1.0
http://snomed.info/id/19513004	http://purl.org/sig/ont/fma/fma22584	1.0
http://snomed.info/id/19517003	http://purl.org/sig/ont/fma/fma38180	0.92465961
http://snomed.info/id/195253002	http://purl.org/sig/ont/fma/fma4715	1.0
http://snomed.info/id/19528004	http://purl.org/sig/ont/fma/fma322795	0.91922891
http://snomed.info/id/195328002	http://purl.org/sig/ont/fma/fma51325	0.93843746
http://snomed.info/id/195416006	http://purl.org/sig/ont/fma/fma4712	1.0
http://snomed.info/id/19570009	http://purl.org/sig/ont/fma/fma38205	0.92581773
http://snomed.info/id/195856001	http://purl.org/sig/ont/fma/fma9873	0.9266634
http://snomed.info/id/195926006	http://purl.org/sig/ont/fma/fma9873	1.0
http://snomed.info/id/19594009	http://purl.org/sig/ont/fma/fma75144	1.0
http://snomed.info/id/196000009	http://purl.org/sig/ont/fma/fma9874	1.0
http://snomed.info/id/19600001	http://purl.org/sig/ont/fma/fma321464	1.0
http://snomed.info/id/196158006	http://purl.org/sig/ont/fma/fma322627	0.9350515
http://snomed.info/id/19617008	http://purl.org/sig/ont/fma/fma37556	1.0
http://snomed.info/id/196242000	http://purl.org/sig/ont/fma/fma5975	0.90503585
http://snomed.info/id/196374005	http://purl.org/sig/ont/fma/fma301801	0.92591238
http://snomed.info/id/196446004	http://purl.org/sig/ont/fma/fma276897	1.0
http://snomed.info/id/196516004	http://purl.org/sig/ont/fma/fma12789	1.0
http://snomed.info/id/196587000	http://purl.org/sig/ont/fma/fma12790	1.0
http://snomed.info/id/196662004	http://purl.org/sig/ont/fma/fma5968	1.0
http://snomed.info/id/19675007	http://purl.org/sig/ont/fma/fma321005	1.0
http://snomed.info/id/196751009	http://purl.org/sig/ont/fma/fma12773	1.0
http://snomed.info/id/196821008	http://purl.org/sig/ont/fma/fma5944	1.0
http://snomed.info/id/19701007	http://purl.org/sig/ont/fma/fma322634	0.98221976
http://snomed.info/id/197088007	http://purl.org/sig/ont/fma/fma322861	0.94301391
http://snomed.info/id/19715009	http://purl.org/sig/ont/fma/fma22908	1.0
http://snomed.info/id/197175007	http://purl.org/sig/ont/fma/fma322862	0.94052249
http://snomed.info/id/19727007	http://purl.org/sig/ont/fma/fma59383	1.0
http://snomed.info/id/19749001	http://purl.org/sig/ont/fma/fma323314	0.92988503
http://snomed.info/id/197677000	http://purl.org/sig/ont/fma/fma3771	0.92433381
http://snomed.info/id/19785001	http://purl.org/sig/ont/fma/fma77868	0.9609223
http://snomed.info/id/19799002	http://purl.org/sig/ont/fma/fma33331	0.93097585
http://snomed.info/id/19803001	http://purl.org/sig/ont/fma/fma54624	1.0
http://snomed.info/id/198293000	http://purl.org/sig/ont/fma/fma68486	0.90047765
http://snomed.info/id/198356008	http://purl.org/sig/ont/fma/fma78121	0.94133806
http://snomed.info/id/198521008	http://purl.org/sig/ont/fma/fma4163	0.94387329
http://snomed.info/id/198713000	http://purl.org/sig/ont/fma/fma22668	0.92859232
http://snomed.info/id/19898001	http://purl.org/sig/ont/fma/fma14915	1.0
http://snomed.info/id/19913005	http://purl.org/sig/ont/fma/fma80283	0.91855592
http://snomed.info/id/19914004	http://purl.org/sig/ont/fma/fma322877	0.96567291
http://snomed.info/id/19931006	http://purl.org/sig/ont/fma/fma18619	1.0
http://snomed.info/id/19938000	http://purl.org/sig/ont/fma/fma322796	0.97931707
http://snomed.info/id/1997009	http://purl.org/sig/ont/fma/fma56731	1.0
http://snomed.info/id/19976006	http://purl.org/sig/ont/fma/fma321508	1.0
http://snomed.info/id/20004003	http://purl.org/sig/ont/fma/fma71551	0.95875591
http://snomed.info/id/20008000	http://purl.org/sig/ont/fma/fma60096	1.0
http://snomed.info/id/20023005	http://purl.org/sig/ont/fma/fma16017	1.0
http://snomed.info/id/20029009	http://purl.org/sig/ont/fma/fma322799	0.96733081
http://snomed.info/id/20038006	http://purl.org/sig/ont/fma/fma16521	1.0
http://snomed.info/id/20060009	http://purl.org/sig/ont/fma/fma54443	1.0
http://snomed.info/id/20066003	http://purl.org/sig/ont/fma/fma16011	1.0
http://snomed.info/id/20069005	http://purl.org/sig/ont/fma/fma6245	0.95402288
http://snomed.info/id/200723008	http://purl.org/sig/ont/fma/fma7412	1.0
http://snomed.info/id/20086004	http://purl.org/sig/ont/fma/fma38277	0.96453846
http://snomed.info/id/20089006	http://purl.org/sig/ont/fma/fma45307	1.0
http://snomed.info/id/2010005	http://purl.org/sig/ont/fma/fma23303	1.0
http://snomed.info/id/20104000	http://purl.org/sig/ont/fma/fma264812	0.92949659
http://snomed.info/id/20113003	http://purl.org/sig/ont/fma/fma15397	1.0
http://snomed.info/id/20115005	http://purl.org/sig/ont/fma/fma22934	1.0
http://snomed.info/id/20134005	http://purl.org/sig/ont/fma/fma37626	1.0
http://snomed.info/id/20146009	http://purl.org/sig/ont/fma/fma18914	0.95362693
http://snomed.info/id/20151003	http://purl.org/sig/ont/fma/fma24502	0.98224401
http://snomed.info/id/20163008	http://purl.org/sig/ont/fma/fma9325	0.90234089
http://snomed.info/id/20166000	http://purl.org/sig/ont/fma/fma322665	0.98087716
http://snomed.info/id/20188000	http://purl.org/sig/ont/fma/fma50823	1.0
http://snomed.info/id/20190004	http://purl.org/sig/ont/fma/fma4722	1.0
http://snomed.info/id/2020000	http://purl.org/sig/ont/fma/fma22668	1.0
http://snomed.info/id/20200000	http://purl.org/sig/ont/fma/fma46701	1.0
http://snomed.info/id/202009	http://purl.org/sig/ont/fma/fma70485	1.0
http://snomed.info/id/20204009	http://purl.org/sig/ont/fma/fma21469	0.94088227
http://snomed.info/id/202107009	http://purl.org/sig/ont/fma/fma322870	0.91667372
http://snomed.info/id/202302008	http://purl.org/sig/ont/fma/fma52332	0.93549979
http://snomed.info/id/20233005	http://purl.org/sig/ont/fma/fma18252	0.95163625
http://snomed.info/id/202492001	http://purl.org/sig/ont/fma/fma9739	0.9390288
http://snomed.info/id/20275006	http://purl.org/sig/ont/fma/fma45048	0.97029811
http://snomed.info/id/20285007	http://purl.org/sig/ont/fma/fma33895	0.91913468
http://snomed.info/id/20298003	http://purl.org/sig/ont/fma/fma7488	1.0
http://snomed.info/id/20315002	http://purl.org/sig/ont/fma/fma52123	0.92664748
http://snomed.info/id/2033006	http://purl.org/sig/ont/fma/fma18483	1.0
http://snomed.info/id/20345004	http://purl.org/sig/ont/fma/fma71689	0.91502428
http://snomed.info/id/20346003	http://purl.org/sig/ont/fma/fma49915	1.0
http://snomed.info/id/20360001	http://purl.org/sig/ont/fma/fma49624	1.0
http://snomed.info/id/203702003	http://purl.org/sig/ont/fma/fma77574	0.90178198
http://snomed.info/id/20375009	http://purl.org/sig/ont/fma/fma22684	1.0
http://snomed.info/id/203906008	http://purl.org/sig/ont/fma/fma322311	0.94734919
http://snomed.info/id/20394004	http://purl.org/sig/ont/fma/fma9155	1.0
http://snomed.info/id/204000005	http://purl.org/sig/ont/fma/fma52095	0.95415223
http://snomed.info/id/204088001	http://purl.org/sig/ont/fma/fma5850	0.95344138
http://snomed.info/id/204170006	http://purl.org/sig/ont/fma/fma322312	0.94527411
http://snomed.info/id/204251009	http://purl.org/sig/ont/fma/fma278543	0.94543314
http://snomed.info/id/2044003	http://purl.org/sig/ont/fma/fma75475	1.0
http://snomed.info/id/2048000	http://purl.org/sig/ont/fma/fma54836	1.0
http://snomed.info/id/20497005	http://purl.org/sig/ont/fma/fma51134	0.94214815
http://snomed.info/id/20545000	http://purl.org/sig/ont/fma/fma22824	1.0
http://snomed.info/id/205454009	http://purl.org/sig/ont/fma/fma323231	0.96479833
http://snomed.info/id/20546004	http://purl.org/sig/ont/fma/fma322975	1.0
http://snomed.info/id/205517003	http://purl.org/sig/ont/fma/fma77500	0.96633649
http://snomed.info/id/20561003	http://purl.org/sig/ont/fma/fma23977	1.0
http://snomed.info/id/205678009	http://purl.org/sig/ont/fma/fma67807	0.91352218
http://snomed.info/id/20575005	http://purl.org/sig/ont/fma/fma84628	0.95469683
http://snomed.info/id/205762002	http://purl.org/sig/ont/fma/fma3937	0.93718207
http://snomed.info/id/205829001	http://purl.org/sig/ont/fma/fma82547	0.93336934
http://snomed.info/id/20588008	http://purl.org/sig/ont/fma/fma37378	1.0
http://snomed.info/id/2059009	http://purl.org/sig/ont/fma/fma322321	0.91886151
http://snomed.info/id/20600008	http://purl.org/sig/ont/fma/fma16140	1.0
http://snomed.info/id/206007	http://purl.org/sig/ont/fma/fma22314	1.0
http://snomed.info/id/206034008	http://purl.org/sig/ont/fma/fma4149	1.0
http://snomed.info/id/206400002	http://purl.org/sig/ont/fma/fma71210	1.0
http://snomed.info/id/20648009	http://purl.org/sig/ont/fma/fma17723	1.0
http://snomed.info/id/206486005	http://purl.org/sig/ont/fma/fma281360	1.0
http://snomed.info/id/20650001	http://purl.org/sig/ont/fma/fma63614	1.0
http://snomed.info/id/206562005	http://purl.org/sig/ont/fma/fma22931	1.0
http://snomed.info/id/206658008	http://purl.org/sig/ont/fma/fma12845	1.0
http://snomed.info/id/20682003	http://purl.org/sig/ont/fma/fma83978	1.0
http://snomed.info/id/20684002	http://purl.org/sig/ont/fma/fma24961	1.0
http://snomed.info/id/206964003	http://purl.org/sig/ont/fma/fma323342	0.92609745
http://snomed.info/id/20699002	http://purl.org/sig/ont/fma/fma13324	1.0
http://snomed.info/id/20706007	http://purl.org/sig/ont/fma/fma322886	0.96919835
http://snomed.info/id/207065009	http://purl.org/sig/ont/fma/fma77582	1.0
http://snomed.info/id/2071003	http://purl.org/sig/ont/fma/fma77455	1.0
http://snomed.info/id/207166008	http://purl.org/sig/ont/fma/fma323343	0.94295466
http://snomed.info/id/207268003	http://purl.org/sig/ont/fma/fma323344	0.96105397
http://snomed.info/id/20728007	http://purl.org/sig/ont/fma/fma9737	1.0
http://snomed.info/id/20746001	http://purl.org/sig/ont/fma/fma65270	0.96167886
http://snomed.info/id/207472002	http://purl.org/sig/ont/fma/fma6067	0.92072064
http://snomed.info/id/20760004	http://purl.org/sig/ont/fma/fma39764	0.94007134
http://snomed.info/id/2076008	http://purl.org/sig/ont/fma/fma226577	1.0
http://snomed.info/id/207973002	http://purl.org/sig/ont/fma/fma78344	0.94289374
http://snomed.info/id/20800006	http://purl.org/sig/ont/fma/fma72645	1.0
http://snomed.info/id/20826001	http://purl.org/sig/ont/fma/fma62649	1.0
http://snomed.info/id/208282000	http://purl.org/sig/ont/fma/fma297890	0.93232727
http://snomed.info/id/2083001	http://purl.org/sig/ont/fma/fma54588	1.0
http://snomed.info/id/20837000	http://purl.org/sig/ont/fma/fma7213	1.0
http://snomed.info/id/20877008	http://purl.org/sig/ont/fma/fma77509	0.99505109
http://snomed.info/id/208968005	http://purl.org/sig/ont/fma/fma75100	0.91967815
http://snomed.info/id/209070007	http://purl.org/sig/ont/fma/fma75824	0.9295789
http://snomed.info/id/209275007	http://purl.org/sig/ont/fma/fma32867	0.90872699
http://snomed.info/id/209376006	http://purl.org/sig/ont/fma/fma322667	0.92115897
http://snomed.info/id/209475009	http://purl.org/sig/ont/fma/fma311468	0.93102276
http://snomed.info/id/20963009	http://purl.org/sig/ont/fma/fma19815	1.0
http://snomed.info/id/20968000	http://purl.org/sig/ont/fma/fma59686	1.0
http://snomed.info/id/20976003	http://purl.org/sig/ont/fma/fma4749	1.0
http://snomed.info/id/20982000	http://purl.org/sig/ont/fma/fma241739	0.90976149
http://snomed.info/id/20988001	http://purl.org/sig/ont/fma/fma49666	1.0
http://snomed.info/id/209975000	http://purl.org/sig/ont/fma/fma43581	0.95550418
http://snomed.info/id/21020004	http://purl.org/sig/ont/fma/fma9955	1.0
http://snomed.info/id/21040006	http://purl.org/sig/ont/fma/fma46828	1.0
http://snomed.info/id/210562007	http://purl.org/sig/ont/fma/fma24977	0.9481765
http://snomed.info/id/21058000	http://purl.org/sig/ont/fma/fma54975	1.0
http://snomed.info/id/210659002	http://purl.org/sig/ont/fma/fma24978	0.92710716
http://snomed.info/id/21067000	http://purl.org/sig/ont/fma/fma75405	1.0
http://snomed.info/id/210756004	http://purl.org/sig/ont/fma/fma45054	0.94245154
http://snomed.info/id/210817001	http://purl.org/sig/ont/fma/fma45057	0.95206958
http://snomed.info/id/210910003	http://purl.org/sig/ont/fma/fma45027	0.94698179
http://snomed.info/id/21096004	http://purl.org/sig/ont/fma/fma37534	1.0
http://snomed.info/id/211000002	http://purl.org/sig/ont/fma/fma45030	0.94875669
http://snomed.info/id/211099008	http://purl.org/sig/ont/fma/fma45198	1.0
http://snomed.info/id/211187004	http://purl.org/sig/ont/fma/fma45048	1.0
http://snomed.info/id/211283009	http://purl.org/sig/ont/fma/fma45051	1.0
http://snomed.info/id/21133008	http://purl.org/sig/ont/fma/fma61654	0.92830712
http://snomed.info/id/211378003	http://purl.org/sig/ont/fma/fma43791	1.0
http://snomed.info/id/211475001	http://purl.org/sig/ont/fma/fma43794	1.0
http://snomed.info/id/211534006	http://purl.org/sig/ont/fma/fma45036	0.97171485
http://snomed.info/id/21161002	http://purl.org/sig/ont/fma/fma50870	1.0
http://snomed.info/id/211688005	http://purl.org/sig/ont/fma/fma322818	0.96285975
http://snomed.info/id/21169000	http://purl.org/sig/ont/fma/fma77033	0.90948749
http://snomed.info/id/211774003	http://purl.org/sig/ont/fma/fma322799	0.94692826
http://snomed.info/id/21183003	http://purl.org/sig/ont/fma/fma26425	1.0
http://snomed.info/id/21194004	http://purl.org/sig/ont/fma/fma322575	0.91734302
http://snomed.info/id/21203009	http://purl.org/sig/ont/fma/fma42435	1.0
http://snomed.info/id/21214007	http://purl.org/sig/ont/fma/fma24280	1.0
http://snomed.info/id/21215008	http://purl.org/sig/ont/fma/fma71195	1.0
http://snomed.info/id/21219002	http://purl.org/sig/ont/fma/fma35486	1.0
http://snomed.info/id/212292009	http://purl.org/sig/ont/fma/fma22536	0.91860712
http://snomed.info/id/2123001	http://purl.org/sig/ont/fma/fma62335	1.0
http://snomed.info/id/212389007	http://purl.org/sig/ont/fma/fma22537	0.92140883
http://snomed.info/id/21240001	http://purl.org/sig/ont/fma/fma10028	1.0
http://snomed.info/id/212493002	http://purl.org/sig/ont/fma/fma43888	1.0
http://snomed.info/id/212536005	http://purl.org/sig/ont/fma/fma43889	1.0
http://snomed.info/id/212577009	http://purl.org/sig/ont/fma/fma43902	0.93820399
http://snomed.info/id/21267007	http://purl.org/sig/ont/fma/fma62171	1.0
http://snomed.info/id/21270006	http://purl.org/sig/ont/fma/fma69264	1.0
http://snomed.info/id/21306003	http://purl.org/sig/ont/fma/fma7207	0.95385033
http://snomed.info/id/21308002	http://purl.org/sig/ont/fma/fma29350	0.97999895
http://snomed.info/id/21332009	http://purl.org/sig/ont/fma/fma56498	1.0
http://snomed.info/id/21347000	http://purl.org/sig/ont/fma/fma322746	0.95912004
http://snomed.info/id/213588009	http://purl.org/sig/ont/fma/fma311600	0.92388433
http://snomed.info/id/213689008	http://purl.org/sig/ont/fma/fma311594	0.92002672
http://snomed.info/id/21376002	http://purl.org/sig/ont/fma/fma72616	1.0
http://snomed.info/id/213790007	http://purl.org/sig/ont/fma/fma77267	0.91255927
http://snomed.info/id/21387005	http://purl.org/sig/ont/fma/fma52749	1.0
http://snomed.info/id/21405000	http://purl.org/sig/ont/fma/fma319879	0.9106403
http://snomed.info/id/214303009	http://purl.org/sig/ont/fma/fma66210	0.94669747
http://snomed.info/id/21432005	http://purl.org/sig/ont/fma/fma44266	0.99183756
http://snomed.info/id/21440004	http://purl.org/sig/ont/fma/fma321999	1.0
http://snomed.info/id/214506000	http://purl.org/sig/ont/fma/fma322681	0.94168937
http://snomed.info/id/21452006	http://purl.org/sig/ont/fma/fma13081	1.0
http://snomed.info/id/21462004	http://purl.org/sig/ont/fma/fma35518	1.0
http://snomed.info/id/214710000	http://purl.org/sig/ont/fma/fma45033	0.91179663
http://snomed.info/id/21472001	http://purl.org/sig/ont/fma/fma48974	1.0
http://snomed.info/id/21476003	http://purl.org/sig/ont/fma/fma69225	1.0
http://snomed.info/id/21478002	http://purl.org/sig/ont/fma/fma7475	1.0
http://snomed.info/id/21479005	http://purl.org/sig/ont/fma/fma50094	1.0
http://snomed.info/id/214811007	http://purl.org/sig/ont/fma/fma43898	1.0
http://snomed.info/id/214912001	http://purl.org/sig/ont/fma/fma43899	1.0
http://snomed.info/id/21498007	http://purl.org/sig/ont/fma/fma7242	1.0
http://snomed.info/id/21499004	http://purl.org/sig/ont/fma/fma18248	1.0
http://snomed.info/id/215013000	http://purl.org/sig/ont/fma/fma43896	1.0
http://snomed.info/id/215116005	http://purl.org/sig/ont/fma/fma43897	1.0
http://snomed.info/id/215320001	http://purl.org/sig/ont/fma/fma322797	0.92177755
http://snomed.info/id/215421001	http://purl.org/sig/ont/fma/fma298024	0.94965076
http://snomed.info/id/21548009	http://purl.org/sig/ont/fma/fma322272	0.91730183
http://snomed.info/id/215625003	http://purl.org/sig/ont/fma/fma44689	0.91654474
http://snomed.info/id/215727001	http://purl.org/sig/ont/fma/fma44692	1.0
http://snomed.info/id/21577005	http://purl.org/sig/ont/fma/fma45206	1.0
http://snomed.info/id/21582003	http://purl.org/sig/ont/fma/fma55244	1.0
http://snomed.info/id/215929006	http://purl.org/sig/ont/fma/fma44697	0.9327414
http://snomed.info/id/21599002	http://purl.org/sig/ont/fma/fma323062	0.91852862
http://snomed.info/id/2160002	http://purl.org/sig/ont/fma/fma13421	1.0
http://snomed.info/id/216133009	http://purl.org/sig/ont/fma/fma44710	0.92634165
http://snomed.info/id/216235005	http://purl.org/sig/ont/fma/fma77602	0.93497038
http://snomed.info/id/21631006	http://purl.org/sig/ont/fma/fma72452	1.0
http://snomed.info/id/21644001	http://purl.org/sig/ont/fma/fma55655	1.0
http://snomed.info/id/21681002	http://purl.org/sig/ont/fma/fma232635	0.91071397
http://snomed.info/id/21694000	http://purl.org/sig/ont/fma/fma17698	1.0
http://snomed.info/id/21746006	http://purl.org/sig/ont/fma/fma54602	1.0
http://snomed.info/id/21749004	http://purl.org/sig/ont/fma/fma44836	1.0
http://snomed.info/id/21754008	http://purl.org/sig/ont/fma/fma23524	1.0
http://snomed.info/id/217557009	http://purl.org/sig/ont/fma/fma323256	0.93205339
http://snomed.info/id/21799000	http://purl.org/sig/ont/fma/fma16086	1.0
http://snomed.info/id/21807003	http://purl.org/sig/ont/fma/fma14779	1.0
http://snomed.info/id/21814001	http://purl.org/sig/ont/fma/fma323979	0.90350372
http://snomed.info/id/21823003	http://purl.org/sig/ont/fma/fma50795	0.94237065
http://snomed.info/id/218472009	http://purl.org/sig/ont/fma/fma60536	0.95000732
http://snomed.info/id/218676004	http://purl.org/sig/ont/fma/fma60537	0.94265276
http://snomed.info/id/21874006	http://purl.org/sig/ont/fma/fma52655	1.0
http://snomed.info/id/21875007	http://purl.org/sig/ont/fma/fma16621	1.0
http://snomed.info/id/218778007	http://purl.org/sig/ont/fma/fma60538	0.94853842
http://snomed.info/id/2192001	http://purl.org/sig/ont/fma/fma34687	1.0
http://snomed.info/id/219284001	http://purl.org/sig/ont/fma/fma60534	0.94301701
http://snomed.info/id/21933007	http://purl.org/sig/ont/fma/fma83706	1.0
http://snomed.info/id/21940008	http://purl.org/sig/ont/fma/fma37683	1.0
http://snomed.info/id/21956003	http://purl.org/sig/ont/fma/fma77583	1.0
http://snomed.info/id/219690009	http://purl.org/sig/ont/fma/fma60536	0.90334332
http://snomed.info/id/21974007	http://purl.org/sig/ont/fma/fma54640	1.0
http://snomed.info/id/21989003	http://purl.org/sig/ont/fma/fma22428	1.0
http://snomed.info/id/220023008	http://purl.org/sig/ont/fma/fma58794	0.97858423
http://snomed.info/id/22044004	http://purl.org/sig/ont/fma/fma323231	1.0
http://snomed.info/id/22050009	http://purl.org/sig/ont/fma/fma9535	1.0
http://snomed.info/id/2205003	http://purl.org/sig/ont/fma/fma9935	1.0
http://snomed.info/id/22051008	http://purl.org/sig/ont/fma/fma10050	1.0
http://snomed.info/id/22056003	http://purl.org/sig/ont/fma/fma70716	1.0
http://snomed.info/id/22072006	http://purl.org/sig/ont/fma/fma37692	1.0
http://snomed.info/id/22076009	http://purl.org/sig/ont/fma/fma18086	1.0
http://snomed.info/id/22083002	http://purl.org/sig/ont/fma/fma14773	1.0
http://snomed.info/id/22109004	http://purl.org/sig/ont/fma/fma76851	0.99536657
http://snomed.info/id/22115004	http://purl.org/sig/ont/fma/fma322768	0.93734527
http://snomed.info/id/22145001	http://purl.org/sig/ont/fma/fma77646	1.0
http://snomed.info/id/22162006	http://purl.org/sig/ont/fma/fma322762	0.9751991
http://snomed.info/id/221703006	http://purl.org/sig/ont/fma/fma38202	0.93804169
http://snomed.info/id/22180002	http://purl.org/sig/ont/fma/fma322553	0.96829391
http://snomed.info/id/22266000	http://purl.org/sig/ont/fma/fma324012	0.96566397
http://snomed.info/id/22270008	http://purl.org/sig/ont/fma/fma7373	1.0
http://snomed.info/id/22286001	http://purl.org/sig/ont/fma/fma10635	1.0
http://snomed.info/id/222923004	http://purl.org/sig/ont/fma/fma38177	0.93855858
http://snomed.info/id/22296005	http://purl.org/sig/ont/fma/fma40005	1.0
http://snomed.info/id/22316008	http://purl.org/sig/ont/fma/fma16696	0.91088712
http://snomed.info/id/22319001	http://purl.org/sig/ont/fma/fma22537	1.0
http://snomed.info/id/22335008	http://purl.org/sig/ont/fma/fma11344	1.0
http://snomed.info/id/22354008	http://purl.org/sig/ont/fma/fma49824	1.0
http://snomed.info/id/22355009	http://purl.org/sig/ont/fma/fma297890	0.97473723
http://snomed.info/id/22356005	http://purl.org/sig/ont/fma/fma42837	0.94479263
http://snomed.info/id/223937001	http://purl.org/sig/ont/fma/fma322625	0.93885195
http://snomed.info/id/22397003	http://purl.org/sig/ont/fma/fma24785	1.0
http://snomed.info/id/224138003	http://purl.org/sig/ont/fma/fma45009	0.90668142
http://snomed.info/id/224240000	http://purl.org/sig/ont/fma/fma45009	0.93674862
http://snomed.info/id/224539003	http://purl.org/sig/ont/fma/fma45012	0.93381411
http://snomed.info/id/22457002	http://purl.org/sig/ont/fma/fma321498	1.00000083
http://snomed.info/id/22468002	http://purl.org/sig/ont/fma/fma16062	0.99771327
http://snomed.info/id/22470006	http://purl.org/sig/ont/fma/fma9167	1.0
http://snomed.info/id/224737004	http://purl.org/sig/ont/fma/fma45015	0.90803742
http://snomed.info/id/224836002	http://purl.org/sig/ont/fma/fma45015	0.93674195
http://snomed.info/id/22488003	http://purl.org/sig/ont/fma/fma14997	1.0
http://snomed.info/id/22516007	http://purl.org/sig/ont/fma/fma23936	1.0
http://snomed.info/id/22525001	http://purl.org/sig/ont/fma/fma38380	0.9167406
http://snomed.info/id/225293007	http://purl.org/sig/ont/fma/fma64068	0.95235538
http://snomed.info/id/225389004	http://purl.org/sig/ont/fma/fma64069	0.95307916
http://snomed.info/id/22548006	http://purl.org/sig/ont/fma/fma16182	1.0
http://snomed.info/id/225483002	http://purl.org/sig/ont/fma/fma64070	0.95905584
http://snomed.info/id/225663007	http://purl.org/sig/ont/fma/fma322780	0.94981819
http://snomed.info/id/225755003	http://purl.org/sig/ont/fma/fma322776	0.95294458
http://snomed.info/id/225851000	http://purl.org/sig/ont/fma/fma322781	0.95120656
http://snomed.info/id/225949003	http://purl.org/sig/ont/fma/fma322777	0.95289457
http://snomed.info/id/22599004	http://purl.org/sig/ont/fma/fma323024	0.97631329
http://snomed.info/id/22603004	http://purl.org/sig/ont/fma/fma75261	1.0
http://snomed.info/id/226043005	http://purl.org/sig/ont/fma/fma322782	0.95672858
http://snomed.info/id/226131007	http://purl.org/sig/ont/fma/fma322778	0.95689207
http://snomed.info/id/22617008	http://purl.org/sig/ont/fma/fma8658	1.0
http://snomed.info/id/226227008	http://purl.org/sig/ont/fma/fma322783	0.9469952
http://snomed.info/id/22624009	http://purl.org/sig/ont/fma/fma231587	0.90580505
http://snomed.info/id/226322004	http://purl.org/sig/ont/fma/fma322779	0.95083702
http://snomed.info/id/22675007	http://purl.org/sig/ont/fma/fma18308	1.0
http://snomed.info/id/22707006	http://purl.org/sig/ont/fma/fma275962	0.92902207
http://snomed.info/id/22718006	http://purl.org/sig/ont/fma/fma52751	1.0
http://snomed.info/id/22735005	http://purl.org/sig/ont/fma/fma61902	1.0
http://snomed.info/id/22736006	http://purl.org/sig/ont/fma/fma16651	0.92067856
http://snomed.info/id/22756007	http://purl.org/sig/ont/fma/fma13370	1.0
http://snomed.info/id/22763007	http://purl.org/sig/ont/fma/fma15977	1.0
http://snomed.info/id/22765000	http://purl.org/sig/ont/fma/fma3818	1.0
http://snomed.info/id/22770007	http://purl.org/sig/ont/fma/fma70192	1.0
http://snomed.info/id/22785001	http://purl.org/sig/ont/fma/fma86467	0.94955444
http://snomed.info/id/22823000	http://purl.org/sig/ont/fma/fma13407	1.0
http://snomed.info/id/22854001	http://purl.org/sig/ont/fma/fma43578	0.96553665
http://snomed.info/id/22861002	http://purl.org/sig/ont/fma/fma37449	1.0
http://snomed.info/id/22863004	http://purl.org/sig/ont/fma/fma256399	1.0
http://snomed.info/id/228866001	http://purl.org/sig/ont/fma/fma43578	0.92990685
http://snomed.info/id/22889004	http://purl.org/sig/ont/fma/fma65627	0.97144663
http://snomed.info/id/22894004	http://purl.org/sig/ont/fma/fma269225	0.95039058
http://snomed.info/id/228964002	http://purl.org/sig/ont/fma/fma71424	1.0
http://snomed.info/id/229046001	http://purl.org/sig/ont/fma/fma71425	1.0
http://snomed.info/id/229146004	http://purl.org/sig/ont/fma/fma71427	1.0
http://snomed.info/id/22919009	http://purl.org/sig/ont/fma/fma9417	0.94515294
http://snomed.info/id/2292006	http://purl.org/sig/ont/fma/fma55076	1.0
http://snomed.info/id/229245007	http://purl.org/sig/ont/fma/fma322774	0.91600937
http://snomed.info/id/229343002	http://purl.org/sig/ont/fma/fma322775	0.92446971
http://snomed.info/id/22936001	http://purl.org/sig/ont/fma/fma58236	0.98415309
http://snomed.info/id/229445005	http://purl.org/sig/ont/fma/fma322232	0.90919888
http://snomed.info/id/22945000	http://purl.org/sig/ont/fma/fma60909	1.0
http://snomed.info/id/229624008	http://purl.org/sig/ont/fma/fma322230	0.92549515
http://snomed.info/id/229702004	http://purl.org/sig/ont/fma/fma322231	0.91940123
http://snomed.info/id/230173000	http://purl.org/sig/ont/fma/fma44660	0.95593596
http://snomed.info/id/23043003	http://purl.org/sig/ont/fma/fma265256	0.93990415
http://snomed.info/id/2305000	http://purl.org/sig/ont/fma/fma13458	1.0
http://snomed.info/id/2306004	http://purl.org/sig/ont/fma/fma42794	1.0
http://snomed.info/id/230727008	http://purl.org/sig/ont/fma/fma43971	0.941926
http://snomed.info/id/23074001	http://purl.org/sig/ont/fma/fma49549	1.0
http://snomed.info/id/23083006	http://purl.org/sig/ont/fma/fma52899	0.94689476
http://snomed.info/id/23087007	http://purl.org/sig/ont/fma/fma22443	1.0
http://snomed.info/id/23090001	http://purl.org/sig/ont/fma/fma322750	0.97574395
http://snomed.info/id/230909004	http://purl.org/sig/ont/fma/fma44595	1.0
http://snomed.info/id/23094005	http://purl.org/sig/ont/fma/fma322759	0.97316456
http://snomed.info/id/231004001	http://purl.org/sig/ont/fma/fma44598	1.0
http://snomed.info/id/231189006	http://purl.org/sig/ont/fma/fma44356	0.95175445
http://snomed.info/id/231283003	http://purl.org/sig/ont/fma/fma44504	0.93064356
http://snomed.info/id/231471002	http://purl.org/sig/ont/fma/fma44517	0.92839253
http://snomed.info/id/23153004	http://purl.org/sig/ont/fma/fma15973	1.0
http://snomed.info/id/231547006	http://purl.org/sig/ont/fma/fma323259	0.95119643
http://snomed.info/id/231637000	http://purl.org/sig/ont/fma/fma323401	0.9549377
http://snomed.info/id/231731006	http://purl.org/sig/ont/fma/fma44239	0.95973718
http://snomed.info/id/23180006	http://purl.org/sig/ont/fma/fma9590	1.0
http://snomed.info/id/231811001	http://purl.org/sig/ont/fma/fma44257	0.94660729
http://snomed.info/id/231890004	http://purl.org/sig/ont/fma/fma44284	0.93963975
http://snomed.info/id/231965000	http://purl.org/sig/ont/fma/fma44285	0.93541813
http://snomed.info/id/23198005	http://purl.org/sig/ont/fma/fma77165	1.0
http://snomed.info/id/232130002	http://purl.org/sig/ont/fma/fma44260	0.94043559
http://snomed.info/id/23215003	http://purl.org/sig/ont/fma/fma71178	0.91156125
http://snomed.info/id/23220003	http://purl.org/sig/ont/fma/fma322785	1.0
http://snomed.info/id/23224007	http://purl.org/sig/ont/fma/fma52895	1.0
http://snomed.info/id/232296000	http://purl.org/sig/ont/fma/fma44266	0.93707889
http://snomed.info/id/23230007	http://purl.org/sig/ont/fma/fma15072	1.0
http://snomed.info/id/232382009	http://purl.org/sig/ont/fma/fma44204	0.90847498
http://snomed.info/id/232465006	http://purl.org/sig/ont/fma/fma44214	0.95025754
http://snomed.info/id/23250006	http://purl.org/sig/ont/fma/fma38524	1.0
http://snomed.info/id/232545001	http://purl.org/sig/ont/fma/fma44263	0.92900509
http://snomed.info/id/23263000	http://purl.org/sig/ont/fma/fma322961	1.0
http://snomed.info/id/232725006	http://purl.org/sig/ont/fma/fma44213	0.94379288
http://snomed.info/id/23284005	http://purl.org/sig/ont/fma/fma260734	1.0
http://snomed.info/id/2330002	http://purl.org/sig/ont/fma/fma68472	0.90531802
http://snomed.info/id/233006	http://purl.org/sig/ont/fma/fma16553	1.0
http://snomed.info/id/233012000	http://purl.org/sig/ont/fma/fma44266	0.93040764
http://snomed.info/id/233107004	http://purl.org/sig/ont/fma/fma322821	0.95370322
http://snomed.info/id/233200006	http://purl.org/sig/ont/fma/fma76455	0.91270858
http://snomed.info/id/23326007	http://purl.org/sig/ont/fma/fma71226	1.0
http://snomed.info/id/233295006	http://purl.org/sig/ont/fma/fma71414	1.0
http://snomed.info/id/233387009	http://purl.org/sig/ont/fma/fma71415	1.0
http://snomed.info/id/23340008	http://purl.org/sig/ont/fma/fma37650	1.0
http://snomed.info/id/2334006	http://purl.org/sig/ont/fma/fma284558	0.91880596
http://snomed.info/id/23347006	http://purl.org/sig/ont/fma/fma61948	1.0
http://snomed.info/id/233474004	http://purl.org/sig/ont/fma/fma71418	1.0
http://snomed.info/id/233566003	http://purl.org/sig/ont/fma/fma71419	1.0
http://snomed.info/id/233654001	http://purl.org/sig/ont/fma/fma71420	1.0
http://snomed.info/id/23370003	http://purl.org/sig/ont/fma/fma24930	0.94273949
http://snomed.info/id/233732005	http://purl.org/sig/ont/fma/fma44508	0.92115659
http://snomed.info/id/233803003	http://purl.org/sig/ont/fma/fma44490	1.0
http://snomed.info/id/233876007	http://purl.org/sig/ont/fma/fma71421	1.0
http://snomed.info/id/233953005	http://purl.org/sig/ont/fma/fma44560	1.0
http://snomed.info/id/23409000	http://purl.org/sig/ont/fma/fma321594	1.0
http://snomed.info/id/23416004	http://purl.org/sig/ont/fma/fma34175	0.95659721
http://snomed.info/id/23422008	http://purl.org/sig/ont/fma/fma224068	0.91647834
http://snomed.info/id/23438002	http://purl.org/sig/ont/fma/fma51041	1.0
http://snomed.info/id/234449006	http://purl.org/sig/ont/fma/fma58793	0.9107939
http://snomed.info/id/234525005	http://purl.org/sig/ont/fma/fma45045	0.95337731
http://snomed.info/id/234606004	http://purl.org/sig/ont/fma/fma37452	1.0
http://snomed.info/id/23468006	http://purl.org/sig/ont/fma/fma24503	0.9784804
http://snomed.info/id/234694009	http://purl.org/sig/ont/fma/fma46014	0.92049861
http://snomed.info/id/234786006	http://purl.org/sig/ont/fma/fma46015	0.95650822
http://snomed.info/id/23480003	http://purl.org/sig/ont/fma/fma322669	1.0
http://snomed.info/id/23492003	http://purl.org/sig/ont/fma/fma71875	1.0
http://snomed.info/id/235004	http://purl.org/sig/ont/fma/fma49570	1.0
http://snomed.info/id/23526008	http://purl.org/sig/ont/fma/fma13894	0.97626495
http://snomed.info/id/23538004	http://purl.org/sig/ont/fma/fma12148	1.0
http://snomed.info/id/23540009	http://purl.org/sig/ont/fma/fma51309	1.0
http://snomed.info/id/23547007	http://purl.org/sig/ont/fma/fma300594	0.95948184
http://snomed.info/id/23559006	http://purl.org/sig/ont/fma/fma242825	1.0
http://snomed.info/id/23579003	http://purl.org/sig/ont/fma/fma21503	1.0
http://snomed.info/id/235818004	http://purl.org/sig/ont/fma/fma322709	0.96414036
http://snomed.info/id/23591007	http://purl.org/sig/ont/fma/fma22044	1.0
http://snomed.info/id/235970004	http://purl.org/sig/ont/fma/fma322712	0.95651853
http://snomed.info/id/23614007	http://purl.org/sig/ont/fma/fma17855	0.96928155
http://snomed.info/id/23626002	http://purl.org/sig/ont/fma/fma321456	1.0
http://snomed.info/id/23633002	http://purl.org/sig/ont/fma/fma86333	1.0
http://snomed.info/id/236396001	http://purl.org/sig/ont/fma/fma76643	0.94575518
http://snomed.info/id/23655005	http://purl.org/sig/ont/fma/fma7473	1.0
http://snomed.info/id/23664000	http://purl.org/sig/ont/fma/fma4727	1.0
http://snomed.info/id/23668002	http://purl.org/sig/ont/fma/fma32427	1.0
http://snomed.info/id/23718002	http://purl.org/sig/ont/fma/fma67890	1.0
http://snomed.info/id/23725009	http://purl.org/sig/ont/fma/fma38636	0.9392463
http://snomed.info/id/23729003	http://purl.org/sig/ont/fma/fma322988	0.94085109
http://snomed.info/id/23747009	http://purl.org/sig/ont/fma/fma322360	0.96429271
http://snomed.info/id/237524000	http://purl.org/sig/ont/fma/fma322687	0.93241125
http://snomed.info/id/23764007	http://purl.org/sig/ont/fma/fma37869	0.9481377
http://snomed.info/id/23771002	http://purl.org/sig/ont/fma/fma14768	1.0
http://snomed.info/id/237906008	http://purl.org/sig/ont/fma/fma322686	0.9433769
http://snomed.info/id/23792002	http://purl.org/sig/ont/fma/fma7423	1.0
http://snomed.info/id/23830002	http://purl.org/sig/ont/fma/fma50458	0.92741507
http://snomed.info/id/23848006	http://purl.org/sig/ont/fma/fma9326	0.95520866
http://snomed.info/id/238574000	http://purl.org/sig/ont/fma/fma322709	0.93691695
http://snomed.info/id/238650008	http://purl.org/sig/ont/fma/fma322712	0.93596232
http://snomed.info/id/23937003	http://purl.org/sig/ont/fma/fma21485	1.0
http://snomed.info/id/23938008	http://purl.org/sig/ont/fma/fma52828	1.0
http://snomed.info/id/239395003	http://purl.org/sig/ont/fma/fma322769	0.94160753
http://snomed.info/id/23944007	http://purl.org/sig/ont/fma/fma73493	0.90131652
http://snomed.info/id/239474007	http://purl.org/sig/ont/fma/fma322770	0.90636379
http://snomed.info/id/2395005	http://purl.org/sig/ont/fma/fma49657	1.0
http://snomed.info/id/23952005	http://purl.org/sig/ont/fma/fma17739	1.0
http://snomed.info/id/239559007	http://purl.org/sig/ont/fma/fma322771	0.93139023
http://snomed.info/id/239654005	http://purl.org/sig/ont/fma/fma322772	0.95420218
http://snomed.info/id/23977006	http://purl.org/sig/ont/fma/fma44549	1.0
http://snomed.info/id/2402003	http://purl.org/sig/ont/fma/fma25045	1.0
http://snomed.info/id/24030009	http://purl.org/sig/ont/fma/fma50916	0.94235992
http://snomed.info/id/240347001	http://purl.org/sig/ont/fma/fma49390	0.921435
http://snomed.info/id/24040007	http://purl.org/sig/ont/fma/fma58686	1.0
http://snomed.info/id/240430003	http://purl.org/sig/ont/fma/fma49391	0.91394764
http://snomed.info/id/24047005	http://purl.org/sig/ont/fma/fma8637	0.90341783
http://snomed.info/id/240505004	http://purl.org/sig/ont/fma/fma49392	0.92543691
http://snomed.info/id/24062007	http://purl.org/sig/ont/fma/fma9758	1.0
http://snomed.info/id/24094002	http://purl.org/sig/ont/fma/fma9327	0.92967808
http://snomed.info/id/24097009	http://purl.org/sig/ont/fma/fma24159	0.91984463
http://snomed.info/id/240979003	http://purl.org/sig/ont/fma/fma323470	0.95156837
http://snomed.info/id/24106005	http://purl.org/sig/ont/fma/fma86274	1.0
http://snomed.info/id/241070007	http://purl.org/sig/ont/fma/fma44741	0.95514357
http://snomed.info/id/241159002	http://purl.org/sig/ont/fma/fma44764	0.92674267
http://snomed.info/id/241242004	http://purl.org/sig/ont/fma/fma44791	0.9000113
http://snomed.info/id/24142002	http://purl.org/sig/ont/fma/fma67771	1.0
http://snomed.info/id/24162005	http://purl.org/sig/ont/fma/fma18640	1.0
http://snomed.info/id/24166008	http://purl.org/sig/ont/fma/fma83603	0.95630288
http://snomed.info/id/24176006	http://purl.org/sig/ont/fma/fma37458	1.0
http://snomed.info/id/241875001	http://purl.org/sig/ont/fma/fma43904	0.93981332
http://snomed.info/id/241972002	http://purl.org/sig/ont/fma/fma43905	0.93079579
http://snomed.info/id/24201007	http://purl.org/sig/ont/fma/fma265719	0.96937495
http://snomed.info/id/2421006	http://purl.org/sig/ont/fma/fma6966	1.0
http://snomed.info/id/24211000	http://purl.org/sig/ont/fma/fma46666	0.93488383
http://snomed.info/id/242264006	http://purl.org/sig/ont/fma/fma45039	0.92624223
http://snomed.info/id/24227007	http://purl.org/sig/ont/fma/fma6246	1.0
http://snomed.info/id/24233003	http://purl.org/sig/ont/fma/fma9937	1.0
http://snomed.info/id/242366006	http://purl.org/sig/ont/fma/fma45042	0.93195009
http://snomed.info/id/242467001	http://purl.org/sig/ont/fma/fma44083	0.94706088
http://snomed.info/id/24255006	http://purl.org/sig/ont/fma/fma75391	1.0
http://snomed.info/id/242570004	http://purl.org/sig/ont/fma/fma44084	0.94891751
http://snomed.info/id/24264001	http://purl.org/sig/ont/fma/fma61001	1.0
http://snomed.info/id/242672003	http://purl.org/sig/ont/fma/fma44061	0.92045969
http://snomed.info/id/242775006	http://purl.org/sig/ont/fma/fma44062	0.92683315
http://snomed.info/id/24279008	http://purl.org/sig/ont/fma/fma68663	0.92141956
http://snomed.info/id/24287009	http://purl.org/sig/ont/fma/fma26322	1.0
http://snomed.info/id/242877007	http://purl.org/sig/ont/fma/fma44066	0.94505191
http://snomed.info/id/242979009	http://purl.org/sig/ont/fma/fma44067	0.93894291
http://snomed.info/id/243079002	http://purl.org/sig/ont/fma/fma44294	0.90235853
http://snomed.info/id/243173004	http://purl.org/sig/ont/fma/fma44294	0.99999982
http://snomed.info/id/243227008	http://purl.org/sig/ont/fma/fma43905	0.91405761
http://snomed.info/id/24341000	http://purl.org/sig/ont/fma/fma26026	0.91709757
http://snomed.info/id/243419002	http://purl.org/sig/ont/fma/fma17659	0.94601893
http://snomed.info/id/243436005	http://purl.org/sig/ont/fma/fma17660	0.92962104
http://snomed.info/id/243535007	http://purl.org/sig/ont/fma/fma17925	0.90430856
http://snomed.info/id/243553001	http://purl.org/sig/ont/fma/fma15613	1.0
http://snomed.info/id/243589009	http://purl.org/sig/ont/fma/fma15614	1.0
http://snomed.info/id/243657006	http://purl.org/sig/ont/fma/fma66610	0.92122138
http://snomed.info/id/24377007	http://purl.org/sig/ont/fma/fma72450	1.0
http://snomed.info/id/243897006	http://purl.org/sig/ont/fma/fma74274	0.91287875
http://snomed.info/id/243934003	http://purl.org/sig/ont/fma/fma322183	0.97465813
http://snomed.info/id/243991008	http://purl.org/sig/ont/fma/fma322264	0.97056448
http://snomed.info/id/243992001	http://purl.org/sig/ont/fma/fma20430	0.96512336
http://snomed.info/id/243996003	http://purl.org/sig/ont/fma/fma268870	0.92142636
http://snomed.info/id/244072003	http://purl.org/sig/ont/fma/fma322335	1.0
http://snomed.info/id/244074002	http://purl.org/sig/ont/fma/fma224074	0.90239638
http://snomed.info/id/244076000	http://purl.org/sig/ont/fma/fma322671	0.95060819
http://snomed.info/id/244079007	http://purl.org/sig/ont/fma/fma322331	1.0
http://snomed.info/id/244080005	http://purl.org/sig/ont/fma/fma322630	0.9331153
http://snomed.info/id/244081009	http://purl.org/sig/ont/fma/fma320476	0.96268499
http://snomed.info/id/244082002	http://purl.org/sig/ont/fma/fma269273	0.90107751
http://snomed.info/id/244083007	http://purl.org/sig/ont/fma/fma323938	0.97617626
http://snomed.info/id/244084001	http://purl.org/sig/ont/fma/fma324007	0.96159858
http://snomed.info/id/244085000	http://purl.org/sig/ont/fma/fma59532	0.90759593
http://snomed.info/id/244089006	http://purl.org/sig/ont/fma/fma322330	1.0
http://snomed.info/id/244090002	http://purl.org/sig/ont/fma/fma59533	0.9527365
http://snomed.info/id/244092005	http://purl.org/sig/ont/fma/fma59378	0.95428753
http://snomed.info/id/244094006	http://purl.org/sig/ont/fma/fma59377	0.90314817
http://snomed.info/id/244099001	http://purl.org/sig/ont/fma/fma322360	1.0
http://snomed.info/id/244100009	http://purl.org/sig/ont/fma/fma322360	0.93503511
http://snomed.info/id/244101008	http://purl.org/sig/ont/fma/fma322360	0.95722407
http://snomed.info/id/244102001	http://purl.org/sig/ont/fma/fma322704	0.9276709
http://snomed.info/id/244104000	http://purl.org/sig/ont/fma/fma322359	0.99336571
http://snomed.info/id/244105004	http://purl.org/sig/ont/fma/fma322358	0.99378812
http://snomed.info/id/244106003	http://purl.org/sig/ont/fma/fma10461	0.92493898
http://snomed.info/id/244107007	http://purl.org/sig/ont/fma/fma50047	0.96141785
http://snomed.info/id/244108002	http://purl.org/sig/ont/fma/fma324008	0.96134824
http://snomed.info/id/244109005	http://purl.org/sig/ont/fma/fma322283	0.99042672
http://snomed.info/id/244110000	http://purl.org/sig/ont/fma/fma322283	0.93314159
http://snomed.info/id/244111001	http://purl.org/sig/ont/fma/fma23018	0.90394366
http://snomed.info/id/244115005	http://purl.org/sig/ont/fma/fma322817	0.96208191
http://snomed.info/id/244117002	http://purl.org/sig/ont/fma/fma322351	1.0
http://snomed.info/id/244118007	http://purl.org/sig/ont/fma/fma19643	1.0
http://snomed.info/id/244120005	http://purl.org/sig/ont/fma/fma19642	0.9237386
http://snomed.info/id/244121009	http://purl.org/sig/ont/fma/fma322813	0.97195649
http://snomed.info/id/244123007	http://purl.org/sig/ont/fma/fma322796	0.95555806
http://snomed.info/id/244124001	http://purl.org/sig/ont/fma/fma321940	0.96425813
http://snomed.info/id/244125000	http://purl.org/sig/ont/fma/fma20464	0.91795725
http://snomed.info/id/244126004	http://purl.org/sig/ont/fma/fma20465	0.92487532
http://snomed.info/id/244127008	http://purl.org/sig/ont/fma/fma322350	1.0
http://snomed.info/id/244128003	http://purl.org/sig/ont/fma/fma322363	1.0
http://snomed.info/id/244130001	http://purl.org/sig/ont/fma/fma37753	0.91982955
http://snomed.info/id/244131002	http://purl.org/sig/ont/fma/fma34830	0.90056527
http://snomed.info/id/244132009	http://purl.org/sig/ont/fma/fma322734	0.92707694
http://snomed.info/id/244134005	http://purl.org/sig/ont/fma/fma300594	0.94066328
http://snomed.info/id/244137003	http://purl.org/sig/ont/fma/fma322348	0.96523106
http://snomed.info/id/244138008	http://purl.org/sig/ont/fma/fma38247	0.91665649
http://snomed.info/id/244139000	http://purl.org/sig/ont/fma/fma322347	0.95857
http://snomed.info/id/244141004	http://purl.org/sig/ont/fma/fma322346	0.99370235
http://snomed.info/id/244142006	http://purl.org/sig/ont/fma/fma38244	0.92460549
http://snomed.info/id/244143001	http://purl.org/sig/ont/fma/fma322345	0.99380547
http://snomed.info/id/244144007	http://purl.org/sig/ont/fma/fma38262	0.99209708
http://snomed.info/id/244145008	http://purl.org/sig/ont/fma/fma322344	0.994017
http://snomed.info/id/244146009	http://purl.org/sig/ont/fma/fma322343	0.99400783
http://snomed.info/id/244147000	http://purl.org/sig/ont/fma/fma38259	0.99279404
http://snomed.info/id/244148005	http://purl.org/sig/ont/fma/fma323210	0.95148778
http://snomed.info/id/244149002	http://purl.org/sig/ont/fma/fma322342	1.0
http://snomed.info/id/24415007	http://purl.org/sig/ont/fma/fma322733	0.9781478
http://snomed.info/id/244151003	http://purl.org/sig/ont/fma/fma300367	0.95121115
http://snomed.info/id/244152005	http://purl.org/sig/ont/fma/fma38274	0.92796898
http://snomed.info/id/244153000	http://purl.org/sig/ont/fma/fma38277	0.91810185
http://snomed.info/id/244155007	http://purl.org/sig/ont/fma/fma317901	0.93028325
http://snomed.info/id/244156008	http://purl.org/sig/ont/fma/fma38289	0.98144388
http://snomed.info/id/244157004	http://purl.org/sig/ont/fma/fma38292	0.98030311
http://snomed.info/id/244163008	http://purl.org/sig/ont/fma/fma322225	0.9195717
http://snomed.info/id/244164002	http://purl.org/sig/ont/fma/fma322400	0.97906816
http://snomed.info/id/244165001	http://purl.org/sig/ont/fma/fma322399	0.98079896
http://snomed.info/id/244166000	http://purl.org/sig/ont/fma/fma322226	0.90601552
http://snomed.info/id/244168004	http://purl.org/sig/ont/fma/fma322270	0.91863173
http://snomed.info/id/244170008	http://purl.org/sig/ont/fma/fma324010	0.93440568
http://snomed.info/id/244171007	http://purl.org/sig/ont/fma/fma322396	0.99473304
http://snomed.info/id/244172000	http://purl.org/sig/ont/fma/fma322395	0.99471134
http://snomed.info/id/244174004	http://purl.org/sig/ont/fma/fma322394	0.9950223
http://snomed.info/id/244175003	http://purl.org/sig/ont/fma/fma322392	0.993065
http://snomed.info/id/244176002	http://purl.org/sig/ont/fma/fma322391	0.99295306
http://snomed.info/id/244177006	http://purl.org/sig/ont/fma/fma322393	0.9937892
http://snomed.info/id/244178001	http://purl.org/sig/ont/fma/fma322390	0.99394518
http://snomed.info/id/244185002	http://purl.org/sig/ont/fma/fma323240	0.92788148
http://snomed.info/id/244191000	http://purl.org/sig/ont/fma/fma323012	0.95514101
http://snomed.info/id/244194008	http://purl.org/sig/ont/fma/fma322280	0.90794158
http://snomed.info/id/244199003	http://purl.org/sig/ont/fma/fma60348	1.0
http://snomed.info/id/244200000	http://purl.org/sig/ont/fma/fma60529	1.0
http://snomed.info/id/244201001	http://purl.org/sig/ont/fma/fma53669	0.90848488
http://snomed.info/id/244202008	http://purl.org/sig/ont/fma/fma49918	0.96293819
http://snomed.info/id/244205005	http://purl.org/sig/ont/fma/fma70515	0.91425115
http://snomed.info/id/244210009	http://purl.org/sig/ont/fma/fma50087	0.90267324
http://snomed.info/id/244211008	http://purl.org/sig/ont/fma/fma50087	0.94178706
http://snomed.info/id/244212001	http://purl.org/sig/ont/fma/fma50518	0.91566759
http://snomed.info/id/244213006	http://purl.org/sig/ont/fma/fma50544	0.92033529
http://snomed.info/id/244214000	http://purl.org/sig/ont/fma/fma50573	0.91637081
http://snomed.info/id/244215004	http://purl.org/sig/ont/fma/fma50542	0.91044396
http://snomed.info/id/244216003	http://purl.org/sig/ont/fma/fma70505	1.0
http://snomed.info/id/244217007	http://purl.org/sig/ont/fma/fma49497	0.94155312
http://snomed.info/id/244218002	http://purl.org/sig/ont/fma/fma49472	0.92885607
http://snomed.info/id/244219005	http://purl.org/sig/ont/fma/fma49586	0.93391454
http://snomed.info/id/244220004	http://purl.org/sig/ont/fma/fma49624	0.92716753
http://snomed.info/id/244221000	http://purl.org/sig/ont/fma/fma49688	1.0
http://snomed.info/id/244222007	http://purl.org/sig/ont/fma/fma322908	0.94855028
http://snomed.info/id/244223002	http://purl.org/sig/ont/fma/fma10659	0.92563182
http://snomed.info/id/244224008	http://purl.org/sig/ont/fma/fma10664	0.93250626
http://snomed.info/id/244227001	http://purl.org/sig/ont/fma/fma3936	0.91730136
http://snomed.info/id/244230008	http://purl.org/sig/ont/fma/fma323489	1.0
http://snomed.info/id/244231007	http://purl.org/sig/ont/fma/fma3789	0.90582091
http://snomed.info/id/244233005	http://purl.org/sig/ont/fma/fma8700	0.92205679
http://snomed.info/id/244234004	http://purl.org/sig/ont/fma/fma9283	0.90716165
http://snomed.info/id/244235003	http://purl.org/sig/ont/fma/fma9281	0.91764355
http://snomed.info/id/244240006	http://purl.org/sig/ont/fma/fma4176	0.94460154
http://snomed.info/id/244242003	http://purl.org/sig/ont/fma/fma10645	0.94642675
http://snomed.info/id/244243008	http://purl.org/sig/ont/fma/fma4613	0.94633454
http://snomed.info/id/244244002	http://purl.org/sig/ont/fma/fma52487	0.93418628
http://snomed.info/id/244245001	http://purl.org/sig/ont/fma/fma82602	0.93458623
http://snomed.info/id/244246000	http://purl.org/sig/ont/fma/fma82601	0.95448542
http://snomed.info/id/244248004	http://purl.org/sig/ont/fma/fma66328	1.0
http://snomed.info/id/244249007	http://purl.org/sig/ont/fma/fma322901	0.95455241
http://snomed.info/id/244250007	http://purl.org/sig/ont/fma/fma322902	0.9579041
http://snomed.info/id/244257005	http://purl.org/sig/ont/fma/fma66327	1.0
http://snomed.info/id/244262006	http://purl.org/sig/ont/fma/fma14772	0.95255315
http://snomed.info/id/244263001	http://purl.org/sig/ont/fma/fma14771	0.94904119
http://snomed.info/id/244264007	http://purl.org/sig/ont/fma/fma75840	0.90194672
http://snomed.info/id/244265008	http://purl.org/sig/ont/fma/fma75832	0.92311203
http://snomed.info/id/244267000	http://purl.org/sig/ont/fma/fma70432	0.93225819
http://snomed.info/id/244268005	http://purl.org/sig/ont/fma/fma14776	0.95324576
http://snomed.info/id/244269002	http://purl.org/sig/ont/fma/fma14775	0.93291199
http://snomed.info/id/244272009	http://purl.org/sig/ont/fma/fma70437	0.94589889
http://snomed.info/id/244273004	http://purl.org/sig/ont/fma/fma14805	0.94477379
http://snomed.info/id/244275006	http://purl.org/sig/ont/fma/fma14811	0.95340472
http://snomed.info/id/244276007	http://purl.org/sig/ont/fma/fma14810	0.94127411
http://snomed.info/id/244277003	http://purl.org/sig/ont/fma/fma14826	0.93460703
http://snomed.info/id/244279000	http://purl.org/sig/ont/fma/fma14815	0.95640224
http://snomed.info/id/244280002	http://purl.org/sig/ont/fma/fma21104	0.90625888
http://snomed.info/id/244281003	http://purl.org/sig/ont/fma/fma14758	0.90117449
http://snomed.info/id/244283000	http://purl.org/sig/ont/fma/fma14734	0.9414506
http://snomed.info/id/244287004	http://purl.org/sig/ont/fma/fma10646	0.93946594
http://snomed.info/id/244288009	http://purl.org/sig/ont/fma/fma20686	0.93865246
http://snomed.info/id/244289001	http://purl.org/sig/ont/fma/fma20734	0.96956795
http://snomed.info/id/244291009	http://purl.org/sig/ont/fma/fma69797	1.0
http://snomed.info/id/244293007	http://purl.org/sig/ont/fma/fma69943	0.92653352
http://snomed.info/id/244294001	http://purl.org/sig/ont/fma/fma69930	0.96042818
http://snomed.info/id/244297008	http://purl.org/sig/ont/fma/fma20870	0.9616462
http://snomed.info/id/244298003	http://purl.org/sig/ont/fma/fma69954	0.96864378
http://snomed.info/id/244299006	http://purl.org/sig/ont/fma/fma20886	0.91057682
http://snomed.info/id/244300003	http://purl.org/sig/ont/fma/fma18829	0.93683302
http://snomed.info/id/244301004	http://purl.org/sig/ont/fma/fma18832	0.94412458
http://snomed.info/id/244302006	http://purl.org/sig/ont/fma/fma18865	0.95546377
http://snomed.info/id/244303001	http://purl.org/sig/ont/fma/fma20836	0.94144922
http://snomed.info/id/244305008	http://purl.org/sig/ont/fma/fma18826	0.93312651
http://snomed.info/id/244308005	http://purl.org/sig/ont/fma/fma322948	0.9460175
http://snomed.info/id/244309002	http://purl.org/sig/ont/fma/fma18835	0.94676322
http://snomed.info/id/244310007	http://purl.org/sig/ont/fma/fma321489	0.90463787
http://snomed.info/id/244311006	http://purl.org/sig/ont/fma/fma22677	0.95053649
http://snomed.info/id/244313009	http://purl.org/sig/ont/fma/fma23179	1.0
http://snomed.info/id/244314003	http://purl.org/sig/ont/fma/fma323487	1.0
http://snomed.info/id/244316001	http://purl.org/sig/ont/fma/fma22806	0.92752916
http://snomed.info/id/244317005	http://purl.org/sig/ont/fma/fma22810	0.93004137
http://snomed.info/id/244318000	http://purl.org/sig/ont/fma/fma22811	0.92661285
http://snomed.info/id/244319008	http://purl.org/sig/ont/fma/fma321491	0.94369864
http://snomed.info/id/244320002	http://purl.org/sig/ont/fma/fma321491	0.9458288
http://snomed.info/id/24432006	http://purl.org/sig/ont/fma/fma62407	1.0
http://snomed.info/id/244323000	http://purl.org/sig/ont/fma/fma22763	0.90313792
http://snomed.info/id/244324006	http://purl.org/sig/ont/fma/fma321490	0.91076261
http://snomed.info/id/244327004	http://purl.org/sig/ont/fma/fma20737	0.94160604
http://snomed.info/id/244328009	http://purl.org/sig/ont/fma/fma70259	0.94159508
http://snomed.info/id/244330006	http://purl.org/sig/ont/fma/fma18808	0.90303296
http://snomed.info/id/244331005	http://purl.org/sig/ont/fma/fma44594	0.93956983
http://snomed.info/id/244332003	http://purl.org/sig/ont/fma/fma70248	0.9287709
http://snomed.info/id/244334002	http://purl.org/sig/ont/fma/fma77155	0.91931885
http://snomed.info/id/244335001	http://purl.org/sig/ont/fma/fma77155	0.9379946
http://snomed.info/id/244337009	http://purl.org/sig/ont/fma/fma66421	1.0
http://snomed.info/id/244338004	http://purl.org/sig/ont/fma/fma43904	0.93031353
http://snomed.info/id/244339007	http://purl.org/sig/ont/fma/fma241727	0.95258629
http://snomed.info/id/244340009	http://purl.org/sig/ont/fma/fma69722	1.0
http://snomed.info/id/244341008	http://purl.org/sig/ont/fma/fma44644	0.94545192
http://snomed.info/id/244342001	http://purl.org/sig/ont/fma/fma44644	0.95319235
http://snomed.info/id/244349005	http://purl.org/sig/ont/fma/fma7264	0.90265423
http://snomed.info/id/244358003	http://purl.org/sig/ont/fma/fma7261	0.92487949
http://snomed.info/id/244382008	http://purl.org/sig/ont/fma/fma323009	0.90623665
http://snomed.info/id/244389004	http://purl.org/sig/ont/fma/fma279945	0.91457504
http://snomed.info/id/244392000	http://purl.org/sig/ont/fma/fma50981	0.91639984
http://snomed.info/id/244393005	http://purl.org/sig/ont/fma/fma50978	0.9095872
http://snomed.info/id/244395003	http://purl.org/sig/ont/fma/fma50986	0.91828561
http://snomed.info/id/244397006	http://purl.org/sig/ont/fma/fma51003	0.92953873
http://snomed.info/id/244400002	http://purl.org/sig/ont/fma/fma323486	1.0
http://snomed.info/id/244401003	http://purl.org/sig/ont/fma/fma323485	1.0
http://snomed.info/id/244403000	http://purl.org/sig/ont/fma/fma50806	0.90924329
http://snomed.info/id/244405007	http://purl.org/sig/ont/fma/fma321896	0.92056221
http://snomed.info/id/244411005	http://purl.org/sig/ont/fma/fma18884	0.95273018
http://snomed.info/id/244412003	http://purl.org/sig/ont/fma/fma321550	0.93480074
http://snomed.info/id/244428008	http://purl.org/sig/ont/fma/fma83966	0.90277642
http://snomed.info/id/244434001	http://purl.org/sig/ont/fma/fma321900	0.93844968
http://snomed.info/id/244447006	http://purl.org/sig/ont/fma/fma260661	0.91851747
http://snomed.info/id/244448001	http://purl.org/sig/ont/fma/fma54502	0.9271996
http://snomed.info/id/244450009	http://purl.org/sig/ont/fma/fma77531	0.9087559
http://snomed.info/id/244451008	http://purl.org/sig/ont/fma/fma53471	1.0
http://snomed.info/id/244453006	http://purl.org/sig/ont/fma/fma62045	1.0
http://snomed.info/id/244457007	http://purl.org/sig/ont/fma/fma288182	0.91835904
http://snomed.info/id/244459005	http://purl.org/sig/ont/fma/fma323340	0.91271442
http://snomed.info/id/24446006	http://purl.org/sig/ont/fma/fma54611	1.0
http://snomed.info/id/244464009	http://purl.org/sig/ont/fma/fma291332	0.92513585
http://snomed.info/id/244465005	http://purl.org/sig/ont/fma/fma75490	0.91117823
http://snomed.info/id/244467002	http://purl.org/sig/ont/fma/fma44859	0.90690798
http://snomed.info/id/244468007	http://purl.org/sig/ont/fma/fma44989	0.91058081
http://snomed.info/id/244470003	http://purl.org/sig/ont/fma/fma291332	0.91008866
http://snomed.info/id/244471004	http://purl.org/sig/ont/fma/fma291248	0.92267972
http://snomed.info/id/244472006	http://purl.org/sig/ont/fma/fma37319	0.90994215
http://snomed.info/id/244475008	http://purl.org/sig/ont/fma/fma37319	0.93372369
http://snomed.info/id/244476009	http://purl.org/sig/ont/fma/fma321727	0.92974442
http://snomed.info/id/244477000	http://purl.org/sig/ont/fma/fma80104	0.91835099
http://snomed.info/id/244478005	http://purl.org/sig/ont/fma/fma44793	0.94146502
http://snomed.info/id/244479002	http://purl.org/sig/ont/fma/fma323475	0.92641753
http://snomed.info/id/244480004	http://purl.org/sig/ont/fma/fma323476	0.93421292
http://snomed.info/id/244481000	http://purl.org/sig/ont/fma/fma323473	0.92457008
http://snomed.info/id/244482007	http://purl.org/sig/ont/fma/fma323010	0.91248178
http://snomed.info/id/244483002	http://purl.org/sig/ont/fma/fma323478	0.92706251
http://snomed.info/id/244484008	http://purl.org/sig/ont/fma/fma6642	0.91970718
http://snomed.info/id/244485009	http://purl.org/sig/ont/fma/fma321955	0.93204981
http://snomed.info/id/244487001	http://purl.org/sig/ont/fma/fma323206	0.94846708
http://snomed.info/id/244492004	http://purl.org/sig/ont/fma/fma58235	0.91911346
http://snomed.info/id/244495002	http://purl.org/sig/ont/fma/fma58338	0.98282117
http://snomed.info/id/244570000	http://purl.org/sig/ont/fma/fma10446	0.91687369
http://snomed.info/id/244573003	http://purl.org/sig/ont/fma/fma13896	0.90694183
http://snomed.info/id/244574009	http://purl.org/sig/ont/fma/fma84140	0.92693138
http://snomed.info/id/244576006	http://purl.org/sig/ont/fma/fma13894	0.90204507
http://snomed.info/id/244592001	http://purl.org/sig/ont/fma/fma13425	0.91703689
http://snomed.info/id/244593006	http://purl.org/sig/ont/fma/fma13707	0.90909368
http://snomed.info/id/244594000	http://purl.org/sig/ont/fma/fma13707	0.92641532
http://snomed.info/id/244595004	http://purl.org/sig/ont/fma/fma13734	0.93767393
http://snomed.info/id/244596003	http://purl.org/sig/ont/fma/fma13735	0.91362381
http://snomed.info/id/244598002	http://purl.org/sig/ont/fma/fma13423	0.94463432
http://snomed.info/id/244599005	http://purl.org/sig/ont/fma/fma13426	0.90393943
http://snomed.info/id/244601007	http://purl.org/sig/ont/fma/fma31893	0.93602979
http://snomed.info/id/244602000	http://purl.org/sig/ont/fma/fma31893	0.94878048
http://snomed.info/id/244603005	http://purl.org/sig/ont/fma/fma31894	0.92867005
http://snomed.info/id/244605003	http://purl.org/sig/ont/fma/fma322582	1.0
http://snomed.info/id/244606002	http://purl.org/sig/ont/fma/fma19110	0.93042058
http://snomed.info/id/244607006	http://purl.org/sig/ont/fma/fma21489	0.9078815
http://snomed.info/id/244610004	http://purl.org/sig/ont/fma/fma21469	1.0
http://snomed.info/id/244611000	http://purl.org/sig/ont/fma/fma21467	0.92078692
http://snomed.info/id/244612007	http://purl.org/sig/ont/fma/fma21470	1.0
http://snomed.info/id/244615009	http://purl.org/sig/ont/fma/fma34951	0.92965388
http://snomed.info/id/244616005	http://purl.org/sig/ont/fma/fma38406	1.0
http://snomed.info/id/244619003	http://purl.org/sig/ont/fma/fma39996	0.90135813
http://snomed.info/id/244621008	http://purl.org/sig/ont/fma/fma40002	0.94586492
http://snomed.info/id/244622001	http://purl.org/sig/ont/fma/fma40006	0.93435186
http://snomed.info/id/244623006	http://purl.org/sig/ont/fma/fma42301	0.92195082
http://snomed.info/id/244625004	http://purl.org/sig/ont/fma/fma42771	0.91395229
http://snomed.info/id/244626003	http://purl.org/sig/ont/fma/fma42298	0.90325725
http://snomed.info/id/244627007	http://purl.org/sig/ont/fma/fma73153	0.93462873
http://snomed.info/id/244628002	http://purl.org/sig/ont/fma/fma321446	0.90242815
http://snomed.info/id/244629005	http://purl.org/sig/ont/fma/fma321446	0.95719361
http://snomed.info/id/244630000	http://purl.org/sig/ont/fma/fma321446	0.92402548
http://snomed.info/id/244631001	http://purl.org/sig/ont/fma/fma265178	0.94063932
http://snomed.info/id/244633003	http://purl.org/sig/ont/fma/fma43518	0.95282531
http://snomed.info/id/244635005	http://purl.org/sig/ont/fma/fma43235	0.95582002
http://snomed.info/id/244640002	http://purl.org/sig/ont/fma/fma44611	0.91129541
http://snomed.info/id/244641003	http://purl.org/sig/ont/fma/fma76856	0.91389489
http://snomed.info/id/244642005	http://purl.org/sig/ont/fma/fma321689	0.91384977
http://snomed.info/id/244643000	http://purl.org/sig/ont/fma/fma76856	0.94460458
http://snomed.info/id/244644006	http://purl.org/sig/ont/fma/fma322820	0.96292555
http://snomed.info/id/244647004	http://purl.org/sig/ont/fma/fma44046	0.90772337
http://snomed.info/id/244649001	http://purl.org/sig/ont/fma/fma44080	1.0
http://snomed.info/id/244650001	http://purl.org/sig/ont/fma/fma44089	0.9336704
http://snomed.info/id/244651002	http://purl.org/sig/ont/fma/fma318356	0.94072247
http://snomed.info/id/244652009	http://purl.org/sig/ont/fma/fma44508	0.90852028
http://snomed.info/id/244654005	http://purl.org/sig/ont/fma/fma52746	0.92124063
http://snomed.info/id/244656007	http://purl.org/sig/ont/fma/fma225553	0.91185558
http://snomed.info/id/244657003	http://purl.org/sig/ont/fma/fma86333	0.92959201
http://snomed.info/id/244658008	http://purl.org/sig/ont/fma/fma7638	0.94839817
http://snomed.info/id/244659000	http://purl.org/sig/ont/fma/fma7749	0.95230323
http://snomed.info/id/244660005	http://purl.org/sig/ont/fma/fma7776	0.94111085
http://snomed.info/id/244661009	http://purl.org/sig/ont/fma/fma8147	0.94825518
http://snomed.info/id/244662002	http://purl.org/sig/ont/fma/fma7830	0.94795483
http://snomed.info/id/244663007	http://purl.org/sig/ont/fma/fma8120	0.95403856
http://snomed.info/id/244664001	http://purl.org/sig/ont/fma/fma8337	0.95393765
http://snomed.info/id/244665000	http://purl.org/sig/ont/fma/fma8418	0.95468807
http://snomed.info/id/244666004	http://purl.org/sig/ont/fma/fma8499	0.96356237
http://snomed.info/id/244667008	http://purl.org/sig/ont/fma/fma8515	0.96341503
http://snomed.info/id/244670007	http://purl.org/sig/ont/fma/fma321904	0.92027283
http://snomed.info/id/24467006	http://purl.org/sig/ont/fma/fma322880	1.0
http://snomed.info/id/244672004	http://purl.org/sig/ont/fma/fma322435	0.95357472
http://snomed.info/id/244673009	http://purl.org/sig/ont/fma/fma322433	0.96164978
http://snomed.info/id/244674003	http://purl.org/sig/ont/fma/fma322434	0.95399499
http://snomed.info/id/244675002	http://purl.org/sig/ont/fma/fma45096	0.93664151
http://snomed.info/id/244682003	http://purl.org/sig/ont/fma/fma57731	0.91192579
http://snomed.info/id/244684002	http://purl.org/sig/ont/fma/fma259729	0.90521234
http://snomed.info/id/244686000	http://purl.org/sig/ont/fma/fma53171	1.0
http://snomed.info/id/244702009	http://purl.org/sig/ont/fma/fma32841	0.96509367
http://snomed.info/id/244704005	http://purl.org/sig/ont/fma/fma7603	0.95139599
http://snomed.info/id/244705006	http://purl.org/sig/ont/fma/fma7703	0.95049
http://snomed.info/id/244706007	http://purl.org/sig/ont/fma/fma7741	0.95085031
http://snomed.info/id/244707003	http://purl.org/sig/ont/fma/fma7768	0.95320255
http://snomed.info/id/244708008	http://purl.org/sig/ont/fma/fma7795	0.94720399
http://snomed.info/id/244709000	http://purl.org/sig/ont/fma/fma7822	0.94960552
http://snomed.info/id/244710005	http://purl.org/sig/ont/fma/fma7849	0.95216799
http://snomed.info/id/244711009	http://purl.org/sig/ont/fma/fma8139	0.955571
http://snomed.info/id/244712002	http://purl.org/sig/ont/fma/fma8356	0.95244831
http://snomed.info/id/244713007	http://purl.org/sig/ont/fma/fma8437	0.95308053
http://snomed.info/id/244714001	http://purl.org/sig/ont/fma/fma8502	0.96541214
http://snomed.info/id/244715000	http://purl.org/sig/ont/fma/fma8518	0.96271968
http://snomed.info/id/244716004	http://purl.org/sig/ont/fma/fma312068	0.91956788
http://snomed.info/id/244724009	http://purl.org/sig/ont/fma/fma71440	1.0
http://snomed.info/id/244725005	http://purl.org/sig/ont/fma/fma73754	0.95018148
http://snomed.info/id/244726006	http://purl.org/sig/ont/fma/fma46779	0.92497629
http://snomed.info/id/244728007	http://purl.org/sig/ont/fma/fma314235	0.93125999
http://snomed.info/id/244729004	http://purl.org/sig/ont/fma/fma320386	0.93963563
http://snomed.info/id/244731008	http://purl.org/sig/ont/fma/fma314217	0.92268538
http://snomed.info/id/244737007	http://purl.org/sig/ont/fma/fma314247	0.9611674
http://snomed.info/id/244738002	http://purl.org/sig/ont/fma/fma314241	0.96022648
http://snomed.info/id/244740007	http://purl.org/sig/ont/fma/fma314253	0.94816214
http://snomed.info/id/24474001	http://purl.org/sig/ont/fma/fma77294	1.0
http://snomed.info/id/244741006	http://purl.org/sig/ont/fma/fma314259	0.94835222
http://snomed.info/id/244742004	http://purl.org/sig/ont/fma/fma46831	0.93336207
http://snomed.info/id/244744003	http://purl.org/sig/ont/fma/fma314289	0.90554076
http://snomed.info/id/244746001	http://purl.org/sig/ont/fma/fma314265	0.94589525
http://snomed.info/id/244747005	http://purl.org/sig/ont/fma/fma46834	0.91358203
http://snomed.info/id/244749008	http://purl.org/sig/ont/fma/fma46841	0.92311877
http://snomed.info/id/244754004	http://purl.org/sig/ont/fma/fma45757	0.93282199
http://snomed.info/id/244755003	http://purl.org/sig/ont/fma/fma46838	0.92237699
http://snomed.info/id/244757006	http://purl.org/sig/ont/fma/fma48967	0.91134781
http://snomed.info/id/244758001	http://purl.org/sig/ont/fma/fma46854	0.95289618
http://snomed.info/id/244759009	http://purl.org/sig/ont/fma/fma318522	0.92119253
http://snomed.info/id/244760004	http://purl.org/sig/ont/fma/fma318528	0.93150914
http://snomed.info/id/244761000	http://purl.org/sig/ont/fma/fma318534	0.92394251
http://snomed.info/id/244762007	http://purl.org/sig/ont/fma/fma48967	0.95472592
http://snomed.info/id/244764008	http://purl.org/sig/ont/fma/fma318540	0.94214737
http://snomed.info/id/244765009	http://purl.org/sig/ont/fma/fma318546	0.94304627
http://snomed.info/id/244766005	http://purl.org/sig/ont/fma/fma318552	0.93085194
http://snomed.info/id/244769003	http://purl.org/sig/ont/fma/fma71437	0.91493642
http://snomed.info/id/244770002	http://purl.org/sig/ont/fma/fma323229	0.93708456
http://snomed.info/id/244771003	http://purl.org/sig/ont/fma/fma314329	0.92123711
http://snomed.info/id/244772005	http://purl.org/sig/ont/fma/fma314335	0.92490542
http://snomed.info/id/244774006	http://purl.org/sig/ont/fma/fma318618	0.94753069
http://snomed.info/id/244775007	http://purl.org/sig/ont/fma/fma318624	0.93593317
http://snomed.info/id/244776008	http://purl.org/sig/ont/fma/fma312408	0.91135252
http://snomed.info/id/244779001	http://purl.org/sig/ont/fma/fma318714	0.90256679
http://snomed.info/id/244782006	http://purl.org/sig/ont/fma/fma281454	0.94552737
http://snomed.info/id/244783001	http://purl.org/sig/ont/fma/fma46697	0.9064402
http://snomed.info/id/244784007	http://purl.org/sig/ont/fma/fma46690	0.9321574
http://snomed.info/id/244785008	http://purl.org/sig/ont/fma/fma46723	0.93099707
http://snomed.info/id/244786009	http://purl.org/sig/ont/fma/fma314377	0.9167214
http://snomed.info/id/244787000	http://purl.org/sig/ont/fma/fma46700	0.90455008
http://snomed.info/id/244788005	http://purl.org/sig/ont/fma/fma46701	0.90801549
http://snomed.info/id/244790006	http://purl.org/sig/ont/fma/fma314383	0.92715377
http://snomed.info/id/244791005	http://purl.org/sig/ont/fma/fma314389	0.9261356
http://snomed.info/id/244792003	http://purl.org/sig/ont/fma/fma314395	0.92903405
http://snomed.info/id/244793008	http://purl.org/sig/ont/fma/fma314401	0.93520749
http://snomed.info/id/244794002	http://purl.org/sig/ont/fma/fma289907	0.91939837
http://snomed.info/id/244795001	http://purl.org/sig/ont/fma/fma314341	0.93145353
http://snomed.info/id/244797009	http://purl.org/sig/ont/fma/fma46733	0.94407654
http://snomed.info/id/244799007	http://purl.org/sig/ont/fma/fma86791	0.94689417
http://snomed.info/id/244801005	http://purl.org/sig/ont/fma/fma46684	1.0
http://snomed.info/id/244805001	http://purl.org/sig/ont/fma/fma46658	0.90197521
http://snomed.info/id/244806000	http://purl.org/sig/ont/fma/fma46664	0.91729975
http://snomed.info/id/244807009	http://purl.org/sig/ont/fma/fma46665	0.90521973
http://snomed.info/id/244808004	http://purl.org/sig/ont/fma/fma55225	0.95792913
http://snomed.info/id/244810002	http://purl.org/sig/ont/fma/fma55226	0.9289993
http://snomed.info/id/244816008	http://purl.org/sig/ont/fma/fma46582	0.9304502
http://snomed.info/id/244817004	http://purl.org/sig/ont/fma/fma46603	0.93855971
http://snomed.info/id/244822004	http://purl.org/sig/ont/fma/fma64822	0.95386517
http://snomed.info/id/244824003	http://purl.org/sig/ont/fma/fma46290	0.94640505
http://snomed.info/id/244826001	http://purl.org/sig/ont/fma/fma9625	0.90193141
http://snomed.info/id/244828000	http://purl.org/sig/ont/fma/fma46325	0.92183155
http://snomed.info/id/244829008	http://purl.org/sig/ont/fma/fma13338	0.95496905
http://snomed.info/id/244830003	http://purl.org/sig/ont/fma/fma13341	0.90041959
http://snomed.info/id/24483006	http://purl.org/sig/ont/fma/fma322630	0.94781333
http://snomed.info/id/244831004	http://purl.org/sig/ont/fma/fma13343	0.91552871
http://snomed.info/id/244833001	http://purl.org/sig/ont/fma/fma13342	0.90770584
http://snomed.info/id/244837000	http://purl.org/sig/ont/fma/fma46308	0.91856259
http://snomed.info/id/244847002	http://purl.org/sig/ont/fma/fma32582	0.95635808
http://snomed.info/id/244848007	http://purl.org/sig/ont/fma/fma264245	0.90360564
http://snomed.info/id/244851000	http://purl.org/sig/ont/fma/fma22681	0.92312574
http://snomed.info/id/244852007	http://purl.org/sig/ont/fma/fma71302	0.91612387
http://snomed.info/id/244854008	http://purl.org/sig/ont/fma/fma77177	0.93031192
http://snomed.info/id/244855009	http://purl.org/sig/ont/fma/fma22702	0.93121475
http://snomed.info/id/244856005	http://purl.org/sig/ont/fma/fma22703	0.93725395
http://snomed.info/id/244857001	http://purl.org/sig/ont/fma/fma22704	0.92529756
http://snomed.info/id/244858006	http://purl.org/sig/ont/fma/fma77178	0.92268652
http://snomed.info/id/244859003	http://purl.org/sig/ont/fma/fma85294	0.93606091
http://snomed.info/id/244860008	http://purl.org/sig/ont/fma/fma22711	0.91792738
http://snomed.info/id/244861007	http://purl.org/sig/ont/fma/fma22714	0.92637837
http://snomed.info/id/244863005	http://purl.org/sig/ont/fma/fma22765	0.92069906
http://snomed.info/id/244867006	http://purl.org/sig/ont/fma/fma22823	0.9104625
http://snomed.info/id/244868001	http://purl.org/sig/ont/fma/fma22828	0.93402022
http://snomed.info/id/244869009	http://purl.org/sig/ont/fma/fma22829	0.9100343
http://snomed.info/id/244870005	http://purl.org/sig/ont/fma/fma22830	0.90934092
http://snomed.info/id/244871009	http://purl.org/sig/ont/fma/fma22827	0.9212845
http://snomed.info/id/244872002	http://purl.org/sig/ont/fma/fma23081	0.93671709
http://snomed.info/id/244875000	http://purl.org/sig/ont/fma/fma22841	0.95970696
http://snomed.info/id/244878003	http://purl.org/sig/ont/fma/fma10477	0.95395911
http://snomed.info/id/244879006	http://purl.org/sig/ont/fma/fma86411	0.96024024
http://snomed.info/id/244880009	http://purl.org/sig/ont/fma/fma86412	0.96270603
http://snomed.info/id/244881008	http://purl.org/sig/ont/fma/fma86413	0.95373923
http://snomed.info/id/244882001	http://purl.org/sig/ont/fma/fma86414	0.96392411
http://snomed.info/id/244883006	http://purl.org/sig/ont/fma/fma86415	0.95959365
http://snomed.info/id/244884000	http://purl.org/sig/ont/fma/fma86416	0.95639604
http://snomed.info/id/244885004	http://purl.org/sig/ont/fma/fma86417	0.95749998
http://snomed.info/id/244886003	http://purl.org/sig/ont/fma/fma86418	0.96261138
http://snomed.info/id/244887007	http://purl.org/sig/ont/fma/fma86419	0.95731729
http://snomed.info/id/244888002	http://purl.org/sig/ont/fma/fma86420	0.96198386
http://snomed.info/id/244889005	http://purl.org/sig/ont/fma/fma86421	0.9664169
http://snomed.info/id/244890001	http://purl.org/sig/ont/fma/fma10478	0.95388502
http://snomed.info/id/24489005	http://purl.org/sig/ont/fma/fma16091	1.0
http://snomed.info/id/244891002	http://purl.org/sig/ont/fma/fma86422	0.9577744
http://snomed.info/id/244892009	http://purl.org/sig/ont/fma/fma86423	0.95889258
http://snomed.info/id/244893004	http://purl.org/sig/ont/fma/fma86424	0.9517163
http://snomed.info/id/244894005	http://purl.org/sig/ont/fma/fma86425	0.95884085
http://snomed.info/id/244895006	http://purl.org/sig/ont/fma/fma86426	0.95596379
http://snomed.info/id/244896007	http://purl.org/sig/ont/fma/fma86427	0.95289582
http://snomed.info/id/244897003	http://purl.org/sig/ont/fma/fma86428	0.95495546
http://snomed.info/id/244898008	http://purl.org/sig/ont/fma/fma86429	0.96084952
http://snomed.info/id/244899000	http://purl.org/sig/ont/fma/fma86430	0.95650697
http://snomed.info/id/244900005	http://purl.org/sig/ont/fma/fma86431	0.95966887
http://snomed.info/id/244901009	http://purl.org/sig/ont/fma/fma86432	0.96585351
http://snomed.info/id/244903007	http://purl.org/sig/ont/fma/fma71135	0.95970595
http://snomed.info/id/244904001	http://purl.org/sig/ont/fma/fma9812	0.96750546
http://snomed.info/id/244905000	http://purl.org/sig/ont/fma/fma71139	0.96060908
http://snomed.info/id/244906004	http://purl.org/sig/ont/fma/fma71142	0.96498799
http://snomed.info/id/244907008	http://purl.org/sig/ont/fma/fma71145	0.95849717
http://snomed.info/id/244908003	http://purl.org/sig/ont/fma/fma71148	0.96019667
http://snomed.info/id/244909006	http://purl.org/sig/ont/fma/fma71151	0.95995057
http://snomed.info/id/244910001	http://purl.org/sig/ont/fma/fma71154	0.96452242
http://snomed.info/id/244911002	http://purl.org/sig/ont/fma/fma71157	0.96310347
http://snomed.info/id/244912009	http://purl.org/sig/ont/fma/fma71160	0.96337146
http://snomed.info/id/244913004	http://purl.org/sig/ont/fma/fma71163	0.97121233
http://snomed.info/id/244914005	http://purl.org/sig/ont/fma/fma9759	0.95289725
http://snomed.info/id/244921005	http://purl.org/sig/ont/fma/fma82353	0.91765666
http://snomed.info/id/244922003	http://purl.org/sig/ont/fma/fma82354	0.92440104
http://snomed.info/id/244923008	http://purl.org/sig/ont/fma/fma82355	0.92084938
http://snomed.info/id/244924002	http://purl.org/sig/ont/fma/fma82356	0.91685814
http://snomed.info/id/244925001	http://purl.org/sig/ont/fma/fma82357	0.92858857
http://snomed.info/id/244926000	http://purl.org/sig/ont/fma/fma82358	0.92881513
http://snomed.info/id/244927009	http://purl.org/sig/ont/fma/fma82359	0.92299908
http://snomed.info/id/244928004	http://purl.org/sig/ont/fma/fma82360	0.929649
http://snomed.info/id/244929007	http://purl.org/sig/ont/fma/fma82361	0.91771114
http://snomed.info/id/244930002	http://purl.org/sig/ont/fma/fma82362	0.90503824
http://snomed.info/id/244931003	http://purl.org/sig/ont/fma/fma82363	0.93205017
http://snomed.info/id/244932005	http://purl.org/sig/ont/fma/fma82364	0.91824579
http://snomed.info/id/244934006	http://purl.org/sig/ont/fma/fma13400	0.91057265
http://snomed.info/id/244939001	http://purl.org/sig/ont/fma/fma323462	1.0
http://snomed.info/id/244940004	http://purl.org/sig/ont/fma/fma13332	1.0
http://snomed.info/id/244941000	http://purl.org/sig/ont/fma/fma13334	1.0
http://snomed.info/id/244942007	http://purl.org/sig/ont/fma/fma13333	1.0
http://snomed.info/id/244946005	http://purl.org/sig/ont/fma/fma297546	0.90240353
http://snomed.info/id/244949003	http://purl.org/sig/ont/fma/fma297556	0.9267531
http://snomed.info/id/244951004	http://purl.org/sig/ont/fma/fma259197	0.92154509
http://snomed.info/id/244954007	http://purl.org/sig/ont/fma/fma22350	0.91835111
http://snomed.info/id/244956009	http://purl.org/sig/ont/fma/fma22310	0.90425998
http://snomed.info/id/244957000	http://purl.org/sig/ont/fma/fma64856	0.90665883
http://snomed.info/id/244958005	http://purl.org/sig/ont/fma/fma297890	0.94115019
http://snomed.info/id/244962004	http://purl.org/sig/ont/fma/fma297896	0.93311512
http://snomed.info/id/244964003	http://purl.org/sig/ont/fma/fma297902	0.93809998
http://snomed.info/id/244965002	http://purl.org/sig/ont/fma/fma297908	0.96307147
http://snomed.info/id/244967005	http://purl.org/sig/ont/fma/fma9623	0.9077118
http://snomed.info/id/244971008	http://purl.org/sig/ont/fma/fma297914	0.93838048
http://snomed.info/id/244972001	http://purl.org/sig/ont/fma/fma297932	0.92600679
http://snomed.info/id/244975004	http://purl.org/sig/ont/fma/fma297926	0.93226743
http://snomed.info/id/244976003	http://purl.org/sig/ont/fma/fma297920	0.93714416
http://snomed.info/id/244978002	http://purl.org/sig/ont/fma/fma297540	0.90933204
http://snomed.info/id/244979005	http://purl.org/sig/ont/fma/fma297540	0.91829866
http://snomed.info/id/244980008	http://purl.org/sig/ont/fma/fma297578	0.93291289
http://snomed.info/id/244982000	http://purl.org/sig/ont/fma/fma297580	0.93451333
http://snomed.info/id/244985003	http://purl.org/sig/ont/fma/fma297608	0.90916181
http://snomed.info/id/244987006	http://purl.org/sig/ont/fma/fma38453	0.91315502
http://snomed.info/id/244989009	http://purl.org/sig/ont/fma/fma297618	0.93975526
http://snomed.info/id/244990000	http://purl.org/sig/ont/fma/fma297620	0.93587464
http://snomed.info/id/244991001	http://purl.org/sig/ont/fma/fma297626	0.93890196
http://snomed.info/id/244992008	http://purl.org/sig/ont/fma/fma297636	0.90365922
http://snomed.info/id/244993003	http://purl.org/sig/ont/fma/fma297638	0.93110603
http://snomed.info/id/244995005	http://purl.org/sig/ont/fma/fma297646	0.94743896
http://snomed.info/id/244996006	http://purl.org/sig/ont/fma/fma297648	0.93644971
http://snomed.info/id/244997002	http://purl.org/sig/ont/fma/fma42380	0.95811856
http://snomed.info/id/244998007	http://purl.org/sig/ont/fma/fma37404	0.91911572
http://snomed.info/id/244999004	http://purl.org/sig/ont/fma/fma37405	0.904015
http://snomed.info/id/245000004	http://purl.org/sig/ont/fma/fma37406	0.91474158
http://snomed.info/id/245001000	http://purl.org/sig/ont/fma/fma37407	0.91713005
http://snomed.info/id/245002007	http://purl.org/sig/ont/fma/fma297674	0.92082232
http://snomed.info/id/245012000	http://purl.org/sig/ont/fma/fma9622	0.9177562
http://snomed.info/id/245013005	http://purl.org/sig/ont/fma/fma22470	0.92416716
http://snomed.info/id/245014004	http://purl.org/sig/ont/fma/fma22424	0.91479552
http://snomed.info/id/245016002	http://purl.org/sig/ont/fma/fma22439	0.90600514
http://snomed.info/id/245017006	http://purl.org/sig/ont/fma/fma297964	0.90985036
http://snomed.info/id/245018001	http://purl.org/sig/ont/fma/fma64922	0.9312672
http://snomed.info/id/245020003	http://purl.org/sig/ont/fma/fma22321	0.93745947
http://snomed.info/id/245021004	http://purl.org/sig/ont/fma/fma22319	0.921233
http://snomed.info/id/245024007	http://purl.org/sig/ont/fma/fma19083	0.96093273
http://snomed.info/id/245025008	http://purl.org/sig/ont/fma/fma297560	0.9235732
http://snomed.info/id/245026009	http://purl.org/sig/ont/fma/fma297560	0.90929139
http://snomed.info/id/245027000	http://purl.org/sig/ont/fma/fma22472	0.91425228
http://snomed.info/id/245028005	http://purl.org/sig/ont/fma/fma22473	0.91097456
http://snomed.info/id/245029002	http://purl.org/sig/ont/fma/fma22474	0.91267478
http://snomed.info/id/245030007	http://purl.org/sig/ont/fma/fma65004	0.91284192
http://snomed.info/id/245031006	http://purl.org/sig/ont/fma/fma65008	0.90344548
http://snomed.info/id/245032004	http://purl.org/sig/ont/fma/fma311645	0.92934632
http://snomed.info/id/245048003	http://purl.org/sig/ont/fma/fma318738	0.90605396
http://snomed.info/id/245049006	http://purl.org/sig/ont/fma/fma318738	0.93610793
http://snomed.info/id/245050006	http://purl.org/sig/ont/fma/fma17723	0.92287433
http://snomed.info/id/245051005	http://purl.org/sig/ont/fma/fma54008	1.0
http://snomed.info/id/245052003	http://purl.org/sig/ont/fma/fma54053	1.0
http://snomed.info/id/245054002	http://purl.org/sig/ont/fma/fma54068	1.0
http://snomed.info/id/245055001	http://purl.org/sig/ont/fma/fma54038	1.0
http://snomed.info/id/245056000	http://purl.org/sig/ont/fma/fma47545	1.0
http://snomed.info/id/245057009	http://purl.org/sig/ont/fma/fma47500	0.90406054
http://snomed.info/id/245062005	http://purl.org/sig/ont/fma/fma48025	1.0
http://snomed.info/id/245063000	http://purl.org/sig/ont/fma/fma48040	1.0
http://snomed.info/id/245066008	http://purl.org/sig/ont/fma/fma48085	1.0
http://snomed.info/id/245068009	http://purl.org/sig/ont/fma/fma47890	1.0
http://snomed.info/id/245069001	http://purl.org/sig/ont/fma/fma47905	1.0
http://snomed.info/id/245070000	http://purl.org/sig/ont/fma/fma47920	1.0
http://snomed.info/id/24507007	http://purl.org/sig/ont/fma/fma16549	1.0
http://snomed.info/id/245074009	http://purl.org/sig/ont/fma/fma47995	1.0
http://snomed.info/id/245075005	http://purl.org/sig/ont/fma/fma45816	1.0
http://snomed.info/id/245076006	http://purl.org/sig/ont/fma/fma47860	1.0
http://snomed.info/id/245077002	http://purl.org/sig/ont/fma/fma47875	1.0
http://snomed.info/id/245082009	http://purl.org/sig/ont/fma/fma48354	1.0
http://snomed.info/id/245083004	http://purl.org/sig/ont/fma/fma48339	1.0
http://snomed.info/id/245084005	http://purl.org/sig/ont/fma/fma48324	1.0
http://snomed.info/id/245085006	http://purl.org/sig/ont/fma/fma48399	1.0
http://snomed.info/id/245086007	http://purl.org/sig/ont/fma/fma48384	1.0
http://snomed.info/id/245087003	http://purl.org/sig/ont/fma/fma48369	1.0
http://snomed.info/id/245088008	http://purl.org/sig/ont/fma/fma48444	1.0
http://snomed.info/id/245089000	http://purl.org/sig/ont/fma/fma48429	1.0
http://snomed.info/id/245090009	http://purl.org/sig/ont/fma/fma48489	1.0
http://snomed.info/id/245091008	http://purl.org/sig/ont/fma/fma48459	1.0
http://snomed.info/id/245094000	http://purl.org/sig/ont/fma/fma49310	1.0
http://snomed.info/id/245095004	http://purl.org/sig/ont/fma/fma48144	1.0
http://snomed.info/id/245096003	http://purl.org/sig/ont/fma/fma48159	1.0
http://snomed.info/id/245100002	http://purl.org/sig/ont/fma/fma37018	0.91258472
http://snomed.info/id/245102005	http://purl.org/sig/ont/fma/fma38153	1.0
http://snomed.info/id/245103000	http://purl.org/sig/ont/fma/fma63224	1.0
http://snomed.info/id/245104006	http://purl.org/sig/ont/fma/fma38436	1.0
http://snomed.info/id/245106008	http://purl.org/sig/ont/fma/fma42167	0.91581494
http://snomed.info/id/245108009	http://purl.org/sig/ont/fma/fma38549	1.0
http://snomed.info/id/245109001	http://purl.org/sig/ont/fma/fma63248	0.90817875
http://snomed.info/id/245110006	http://purl.org/sig/ont/fma/fma38594	1.0
http://snomed.info/id/245111005	http://purl.org/sig/ont/fma/fma38606	1.0
http://snomed.info/id/245121002	http://purl.org/sig/ont/fma/fma322795	0.90104616
http://snomed.info/id/245123004	http://purl.org/sig/ont/fma/fma40689	1.0
http://snomed.info/id/245124005	http://purl.org/sig/ont/fma/fma40704	1.0
http://snomed.info/id/245125006	http://purl.org/sig/ont/fma/fma40719	1.0
http://snomed.info/id/245126007	http://purl.org/sig/ont/fma/fma40734	1.0
http://snomed.info/id/245133007	http://purl.org/sig/ont/fma/fma38721	1.0
http://snomed.info/id/245136004	http://purl.org/sig/ont/fma/fma40769	1.0
http://snomed.info/id/245137008	http://purl.org/sig/ont/fma/fma40809	1.0
http://snomed.info/id/245139006	http://purl.org/sig/ont/fma/fma40824	1.0
http://snomed.info/id/245140008	http://purl.org/sig/ont/fma/fma42172	0.93110049
http://snomed.info/id/245141007	http://purl.org/sig/ont/fma/fma39266	1.0
http://snomed.info/id/245142000	http://purl.org/sig/ont/fma/fma39282	1.0
http://snomed.info/id/245144004	http://purl.org/sig/ont/fma/fma39314	1.0
http://snomed.info/id/245145003	http://purl.org/sig/ont/fma/fma39346	0.91909564
http://snomed.info/id/245147006	http://purl.org/sig/ont/fma/fma39394	1.0
http://snomed.info/id/245148001	http://purl.org/sig/ont/fma/fma39500	0.98858738
http://snomed.info/id/245149009	http://purl.org/sig/ont/fma/fma39516	0.98935169
http://snomed.info/id/245150009	http://purl.org/sig/ont/fma/fma39532	0.99089086
http://snomed.info/id/245152001	http://purl.org/sig/ont/fma/fma39548	0.99122673
http://snomed.info/id/245153006	http://purl.org/sig/ont/fma/fma39410	1.0
http://snomed.info/id/245154000	http://purl.org/sig/ont/fma/fma39564	1.0
http://snomed.info/id/245155004	http://purl.org/sig/ont/fma/fma39580	1.0
http://snomed.info/id/245156003	http://purl.org/sig/ont/fma/fma39596	1.0
http://snomed.info/id/245157007	http://purl.org/sig/ont/fma/fma39612	1.0
http://snomed.info/id/245158002	http://purl.org/sig/ont/fma/fma39426	0.92867392
http://snomed.info/id/245159005	http://purl.org/sig/ont/fma/fma39628	0.98396492
http://snomed.info/id/245160000	http://purl.org/sig/ont/fma/fma39644	0.98286581
http://snomed.info/id/245161001	http://purl.org/sig/ont/fma/fma39660	0.98246944
http://snomed.info/id/245168007	http://purl.org/sig/ont/fma/fma323241	0.94466907
http://snomed.info/id/245172006	http://purl.org/sig/ont/fma/fma22300	1.0
http://snomed.info/id/245173001	http://purl.org/sig/ont/fma/fma48234	1.0
http://snomed.info/id/245176009	http://purl.org/sig/ont/fma/fma301241	1.0
http://snomed.info/id/245177000	http://purl.org/sig/ont/fma/fma301219	0.95406985
http://snomed.info/id/245178005	http://purl.org/sig/ont/fma/fma311798	0.94357938
http://snomed.info/id/245179002	http://purl.org/sig/ont/fma/fma301205	0.93790323
http://snomed.info/id/245180004	http://purl.org/sig/ont/fma/fma46885	1.0
http://snomed.info/id/245181000	http://purl.org/sig/ont/fma/fma51936	0.9215284
http://snomed.info/id/245182007	http://purl.org/sig/ont/fma/fma46960	1.0
http://snomed.info/id/245183002	http://purl.org/sig/ont/fma/fma46990	1.0
http://snomed.info/id/245185009	http://purl.org/sig/ont/fma/fma312073	0.91486114
http://snomed.info/id/245186005	http://purl.org/sig/ont/fma/fma304033	0.90434682
http://snomed.info/id/245187001	http://purl.org/sig/ont/fma/fma46945	0.91391176
http://snomed.info/id/245191006	http://purl.org/sig/ont/fma/fma49390	0.96902364
http://snomed.info/id/245192004	http://purl.org/sig/ont/fma/fma49391	0.96417147
http://snomed.info/id/245193009	http://purl.org/sig/ont/fma/fma49392	0.96579224
http://snomed.info/id/245198000	http://purl.org/sig/ont/fma/fma47140	1.0
http://snomed.info/id/245199008	http://purl.org/sig/ont/fma/fma47155	1.0
http://snomed.info/id/245201005	http://purl.org/sig/ont/fma/fma46006	0.90002942
http://snomed.info/id/245202003	http://purl.org/sig/ont/fma/fma47185	1.0
http://snomed.info/id/245209007	http://purl.org/sig/ont/fma/fma65020	0.90105367
http://snomed.info/id/245211003	http://purl.org/sig/ont/fma/fma51156	1.0
http://snomed.info/id/245212005	http://purl.org/sig/ont/fma/fma47170	0.93374103
http://snomed.info/id/245213000	http://purl.org/sig/ont/fma/fma47215	1.0
http://snomed.info/id/245214006	http://purl.org/sig/ont/fma/fma72230	1.0
http://snomed.info/id/245216008	http://purl.org/sig/ont/fma/fma223255	1.0
http://snomed.info/id/245217004	http://purl.org/sig/ont/fma/fma48804	0.99009562
http://snomed.info/id/245218009	http://purl.org/sig/ont/fma/fma48819	1.0
http://snomed.info/id/245219001	http://purl.org/sig/ont/fma/fma48834	1.0
http://snomed.info/id/245220007	http://purl.org/sig/ont/fma/fma48849	1.0
http://snomed.info/id/245221006	http://purl.org/sig/ont/fma/fma47275	1.0
http://snomed.info/id/245222004	http://purl.org/sig/ont/fma/fma47290	1.0
http://snomed.info/id/245223009	http://purl.org/sig/ont/fma/fma321674	0.97383219
http://snomed.info/id/245224003	http://purl.org/sig/ont/fma/fma223256	0.92840517
http://snomed.info/id/245225002	http://purl.org/sig/ont/fma/fma48864	0.99810266
http://snomed.info/id/245226001	http://purl.org/sig/ont/fma/fma48879	0.99806064
http://snomed.info/id/245227005	http://purl.org/sig/ont/fma/fma48894	1.0
http://snomed.info/id/245228000	http://purl.org/sig/ont/fma/fma48909	1.0
http://snomed.info/id/245229008	http://purl.org/sig/ont/fma/fma223257	0.93216258
http://snomed.info/id/245230003	http://purl.org/sig/ont/fma/fma48924	0.97747076
http://snomed.info/id/245231004	http://purl.org/sig/ont/fma/fma48939	0.97928303
http://snomed.info/id/245232006	http://purl.org/sig/ont/fma/fma48954	0.97660226
http://snomed.info/id/245236009	http://purl.org/sig/ont/fma/fma65020	0.94040489
http://snomed.info/id/245237000	http://purl.org/sig/ont/fma/fma323394	0.90740502
http://snomed.info/id/245238005	http://purl.org/sig/ont/fma/fma42549	0.90950364
http://snomed.info/id/245239002	http://purl.org/sig/ont/fma/fma42550	0.90773028
http://snomed.info/id/245240000	http://purl.org/sig/ont/fma/fma42551	0.9118222
http://snomed.info/id/245243003	http://purl.org/sig/ont/fma/fma48417	0.90704346
http://snomed.info/id/245245005	http://purl.org/sig/ont/fma/fma322827	0.95626646
http://snomed.info/id/245250004	http://purl.org/sig/ont/fma/fma57807	0.93842673
http://snomed.info/id/245252007	http://purl.org/sig/ont/fma/fma45206	0.92498481
http://snomed.info/id/245253002	http://purl.org/sig/ont/fma/fma323419	1.0
http://snomed.info/id/245256005	http://purl.org/sig/ont/fma/fma70776	1.0
http://snomed.info/id/245257001	http://purl.org/sig/ont/fma/fma78571	1.0
http://snomed.info/id/245258006	http://purl.org/sig/ont/fma/fma71720	1.0
http://snomed.info/id/245259003	http://purl.org/sig/ont/fma/fma71721	1.0
http://snomed.info/id/245260008	http://purl.org/sig/ont/fma/fma232838	1.0
http://snomed.info/id/245261007	http://purl.org/sig/ont/fma/fma232854	0.90276724
http://snomed.info/id/245262000	http://purl.org/sig/ont/fma/fma232854	0.91265029
http://snomed.info/id/245263005	http://purl.org/sig/ont/fma/fma232854	0.9258408
http://snomed.info/id/245264004	http://purl.org/sig/ont/fma/fma323424	0.98780912
http://snomed.info/id/245265003	http://purl.org/sig/ont/fma/fma323947	1.0
http://snomed.info/id/245266002	http://purl.org/sig/ont/fma/fma71711	1.0
http://snomed.info/id/245267006	http://purl.org/sig/ont/fma/fma228925	1.0
http://snomed.info/id/245268001	http://purl.org/sig/ont/fma/fma224576	1.0
http://snomed.info/id/245269009	http://purl.org/sig/ont/fma/fma71741	1.0
http://snomed.info/id/245270005	http://purl.org/sig/ont/fma/fma71749	1.0
http://snomed.info/id/24527008	http://purl.org/sig/ont/fma/fma322457	0.94101274
http://snomed.info/id/245271009	http://purl.org/sig/ont/fma/fma323948	1.0
http://snomed.info/id/245273007	http://purl.org/sig/ont/fma/fma323950	1.0
http://snomed.info/id/245274001	http://purl.org/sig/ont/fma/fma44312	0.94220352
http://snomed.info/id/245275000	http://purl.org/sig/ont/fma/fma233430	1.0
http://snomed.info/id/245276004	http://purl.org/sig/ont/fma/fma276755	1.0
http://snomed.info/id/245277008	http://purl.org/sig/ont/fma/fma233426	1.0
http://snomed.info/id/245278003	http://purl.org/sig/ont/fma/fma233422	1.0
http://snomed.info/id/245279006	http://purl.org/sig/ont/fma/fma323951	1.0
http://snomed.info/id/245280009	http://purl.org/sig/ont/fma/fma277033	0.9028672
http://snomed.info/id/24528003	http://purl.org/sig/ont/fma/fma9205	1.0
http://snomed.info/id/245281008	http://purl.org/sig/ont/fma/fma71761	1.0
http://snomed.info/id/245283006	http://purl.org/sig/ont/fma/fma71766	1.0
http://snomed.info/id/245284000	http://purl.org/sig/ont/fma/fma278485	1.0
http://snomed.info/id/245285004	http://purl.org/sig/ont/fma/fma277033	0.97493184
http://snomed.info/id/245286003	http://purl.org/sig/ont/fma/fma71787	1.0
http://snomed.info/id/245287007	http://purl.org/sig/ont/fma/fma75276	1.0
http://snomed.info/id/245288002	http://purl.org/sig/ont/fma/fma278134	1.0
http://snomed.info/id/245289005	http://purl.org/sig/ont/fma/fma71793	1.0
http://snomed.info/id/245290001	http://purl.org/sig/ont/fma/fma71801	1.0
http://snomed.info/id/245291002	http://purl.org/sig/ont/fma/fma71813	1.0
http://snomed.info/id/245292009	http://purl.org/sig/ont/fma/fma71841	1.0
http://snomed.info/id/245293004	http://purl.org/sig/ont/fma/fma323954	1.0
http://snomed.info/id/245294005	http://purl.org/sig/ont/fma/fma71817	1.0
http://snomed.info/id/245295006	http://purl.org/sig/ont/fma/fma71819	1.0
http://snomed.info/id/245296007	http://purl.org/sig/ont/fma/fma265359	0.92109686
http://snomed.info/id/245297003	http://purl.org/sig/ont/fma/fma71822	1.0
http://snomed.info/id/245298008	http://purl.org/sig/ont/fma/fma71820	1.0
http://snomed.info/id/245299000	http://purl.org/sig/ont/fma/fma71831	1.0
http://snomed.info/id/245300008	http://purl.org/sig/ont/fma/fma71825	1.0
http://snomed.info/id/245302000	http://purl.org/sig/ont/fma/fma71826	1.0
http://snomed.info/id/245303005	http://purl.org/sig/ont/fma/fma71828	1.0
http://snomed.info/id/245304004	http://purl.org/sig/ont/fma/fma71823	1.0
http://snomed.info/id/245305003	http://purl.org/sig/ont/fma/fma71833	1.0
http://snomed.info/id/245306002	http://purl.org/sig/ont/fma/fma71834	1.0
http://snomed.info/id/245307006	http://purl.org/sig/ont/fma/fma84598	0.90459794
http://snomed.info/id/245308001	http://purl.org/sig/ont/fma/fma323956	1.0
http://snomed.info/id/245310004	http://purl.org/sig/ont/fma/fma71830	1.0
http://snomed.info/id/245312007	http://purl.org/sig/ont/fma/fma71844	1.0
http://snomed.info/id/245313002	http://purl.org/sig/ont/fma/fma71845	1.0
http://snomed.info/id/245314008	http://purl.org/sig/ont/fma/fma71846	1.0
http://snomed.info/id/245315009	http://purl.org/sig/ont/fma/fma71847	1.0
http://snomed.info/id/245316005	http://purl.org/sig/ont/fma/fma71849	1.0
http://snomed.info/id/245317001	http://purl.org/sig/ont/fma/fma71850	1.0
http://snomed.info/id/245320009	http://purl.org/sig/ont/fma/fma232854	0.91513371
http://snomed.info/id/245321008	http://purl.org/sig/ont/fma/fma323420	1.0
http://snomed.info/id/245322001	http://purl.org/sig/ont/fma/fma323422	1.0
http://snomed.info/id/245323006	http://purl.org/sig/ont/fma/fma323421	1.0
http://snomed.info/id/245324000	http://purl.org/sig/ont/fma/fma323424	1.0
http://snomed.info/id/245326003	http://purl.org/sig/ont/fma/fma61214	0.90720111
http://snomed.info/id/245328002	http://purl.org/sig/ont/fma/fma224576	0.93290818
http://snomed.info/id/245332008	http://purl.org/sig/ont/fma/fma323949	0.94377333
http://snomed.info/id/245333003	http://purl.org/sig/ont/fma/fma44312	0.9094038
http://snomed.info/id/245334009	http://purl.org/sig/ont/fma/fma234498	0.9339729
http://snomed.info/id/245341003	http://purl.org/sig/ont/fma/fma5950	1.0
http://snomed.info/id/245342005	http://purl.org/sig/ont/fma/fma301826	0.93322825
http://snomed.info/id/245347004	http://purl.org/sig/ont/fma/fma281418	0.9307999
http://snomed.info/id/245348009	http://purl.org/sig/ont/fma/fma12794	0.921969
http://snomed.info/id/245349001	http://purl.org/sig/ont/fma/fma278185	0.93842655
http://snomed.info/id/245350001	http://purl.org/sig/ont/fma/fma17705	0.90614587
http://snomed.info/id/24535006	http://purl.org/sig/ont/fma/fma26014	0.94948298
http://snomed.info/id/245351002	http://purl.org/sig/ont/fma/fma323954	0.95078409
http://snomed.info/id/245353004	http://purl.org/sig/ont/fma/fma12806	1.0
http://snomed.info/id/245354005	http://purl.org/sig/ont/fma/fma265359	0.94631147
http://snomed.info/id/245357003	http://purl.org/sig/ont/fma/fma16654	1.0
http://snomed.info/id/245359000	http://purl.org/sig/ont/fma/fma265359	0.91856259
http://snomed.info/id/245360005	http://purl.org/sig/ont/fma/fma16647	0.90240377
http://snomed.info/id/245361009	http://purl.org/sig/ont/fma/fma16649	0.90418577
http://snomed.info/id/245363007	http://purl.org/sig/ont/fma/fma16658	0.90684372
http://snomed.info/id/245364001	http://purl.org/sig/ont/fma/fma16659	0.90902448
http://snomed.info/id/245366004	http://purl.org/sig/ont/fma/fma84597	0.97427595
http://snomed.info/id/245368003	http://purl.org/sig/ont/fma/fma16656	0.93736923
http://snomed.info/id/245371006	http://purl.org/sig/ont/fma/fma44297	0.93952137
http://snomed.info/id/245372004	http://purl.org/sig/ont/fma/fma44301	0.94065791
http://snomed.info/id/245373009	http://purl.org/sig/ont/fma/fma44302	0.90594608
http://snomed.info/id/245374003	http://purl.org/sig/ont/fma/fma5844	0.9096961
http://snomed.info/id/245378000	http://purl.org/sig/ont/fma/fma13361	1.0
http://snomed.info/id/245387009	http://purl.org/sig/ont/fma/fma323426	1.0
http://snomed.info/id/245388004	http://purl.org/sig/ont/fma/fma323427	1.0
http://snomed.info/id/245392006	http://purl.org/sig/ont/fma/fma14537	0.90936774
http://snomed.info/id/245393001	http://purl.org/sig/ont/fma/fma79878	1.0
http://snomed.info/id/245394007	http://purl.org/sig/ont/fma/fma17895	0.90332353
http://snomed.info/id/245398005	http://purl.org/sig/ont/fma/fma14539	0.91614187
http://snomed.info/id/245400009	http://purl.org/sig/ont/fma/fma14670	0.93260592
http://snomed.info/id/245402001	http://purl.org/sig/ont/fma/fma15766	0.90623528
http://snomed.info/id/245432009	http://purl.org/sig/ont/fma/fma15721	0.94805723
http://snomed.info/id/245434005	http://purl.org/sig/ont/fma/fma17717	0.90252721
http://snomed.info/id/245437003	http://purl.org/sig/ont/fma/fma66304	1.0
http://snomed.info/id/245446009	http://purl.org/sig/ont/fma/fma15714	0.91445112
http://snomed.info/id/245448005	http://purl.org/sig/ont/fma/fma15720	0.93329346
http://snomed.info/id/245456008	http://purl.org/sig/ont/fma/fma14643	0.94755298
http://snomed.info/id/245459001	http://purl.org/sig/ont/fma/fma14548	0.90077537
http://snomed.info/id/245465001	http://purl.org/sig/ont/fma/fma275958	0.93503016
http://snomed.info/id/245468004	http://purl.org/sig/ont/fma/fma321004	0.93437058
http://snomed.info/id/245496005	http://purl.org/sig/ont/fma/fma323110	0.91235816
http://snomed.info/id/245501006	http://purl.org/sig/ont/fma/fma24763	1.0
http://snomed.info/id/245502004	http://purl.org/sig/ont/fma/fma55130	0.95365739
http://snomed.info/id/245506001	http://purl.org/sig/ont/fma/fma55244	0.90664202
http://snomed.info/id/245531000	http://purl.org/sig/ont/fma/fma323433	1.0
http://snomed.info/id/245539003	http://purl.org/sig/ont/fma/fma55532	0.90175748
http://snomed.info/id/245540001	http://purl.org/sig/ont/fma/fma55558	1.0
http://snomed.info/id/245542009	http://purl.org/sig/ont/fma/fma55559	1.0
http://snomed.info/id/245543004	http://purl.org/sig/ont/fma/fma75150	1.0
http://snomed.info/id/245594006	http://purl.org/sig/ont/fma/fma323013	0.94880933
http://snomed.info/id/24571007	http://purl.org/sig/ont/fma/fma32844	1.0
http://snomed.info/id/245719000	http://purl.org/sig/ont/fma/fma56489	1.0
http://snomed.info/id/24572000	http://purl.org/sig/ont/fma/fma16164	1.0
http://snomed.info/id/245722003	http://purl.org/sig/ont/fma/fma56492	1.0
http://snomed.info/id/245725001	http://purl.org/sig/ont/fma/fma56495	1.0
http://snomed.info/id/245728004	http://purl.org/sig/ont/fma/fma55626	0.90087777
http://snomed.info/id/245730002	http://purl.org/sig/ont/fma/fma56724	0.92504948
http://snomed.info/id/245731003	http://purl.org/sig/ont/fma/fma56725	0.92672557
http://snomed.info/id/245735007	http://purl.org/sig/ont/fma/fma56726	0.93941164
http://snomed.info/id/245736008	http://purl.org/sig/ont/fma/fma56727	0.93861985
http://snomed.info/id/245769008	http://purl.org/sig/ont/fma/fma77187	0.92995751
http://snomed.info/id/245770009	http://purl.org/sig/ont/fma/fma289354	0.94835663
http://snomed.info/id/24577006	http://purl.org/sig/ont/fma/fma323014	1.0
http://snomed.info/id/245771008	http://purl.org/sig/ont/fma/fma289354	0.91676056
http://snomed.info/id/245775004	http://purl.org/sig/ont/fma/fma56665	1.0
http://snomed.info/id/245776003	http://purl.org/sig/ont/fma/fma59817	0.93556857
http://snomed.info/id/245777007	http://purl.org/sig/ont/fma/fma59818	0.92835897
http://snomed.info/id/245778002	http://purl.org/sig/ont/fma/fma55023	0.91952461
http://snomed.info/id/245784004	http://purl.org/sig/ont/fma/fma60043	0.92170173
http://snomed.info/id/245792008	http://purl.org/sig/ont/fma/fma323006	0.94708067
http://snomed.info/id/245801001	http://purl.org/sig/ont/fma/fma323450	0.96982366
http://snomed.info/id/245802008	http://purl.org/sig/ont/fma/fma302944	0.92433429
http://snomed.info/id/245804009	http://purl.org/sig/ont/fma/fma323449	0.94107085
http://snomed.info/id/245809004	http://purl.org/sig/ont/fma/fma323455	0.94709247
http://snomed.info/id/245816003	http://purl.org/sig/ont/fma/fma323456	0.90410042
http://snomed.info/id/245817007	http://purl.org/sig/ont/fma/fma323457	0.90921849
http://snomed.info/id/245818002	http://purl.org/sig/ont/fma/fma323458	0.93763494
http://snomed.info/id/245819005	http://purl.org/sig/ont/fma/fma323459	0.9002533
http://snomed.info/id/245822007	http://purl.org/sig/ont/fma/fma323460	1.0
http://snomed.info/id/245825009	http://purl.org/sig/ont/fma/fma323461	0.92632329
http://snomed.info/id/245831007	http://purl.org/sig/ont/fma/fma74871	0.90863359
http://snomed.info/id/245832000	http://purl.org/sig/ont/fma/fma281288	0.93120557
http://snomed.info/id/245833005	http://purl.org/sig/ont/fma/fma74871	0.9170261
http://snomed.info/id/245835003	http://purl.org/sig/ont/fma/fma74871	0.97399366
http://snomed.info/id/245836002	http://purl.org/sig/ont/fma/fma74872	0.9351331
http://snomed.info/id/245841005	http://purl.org/sig/ont/fma/fma59783	1.0
http://snomed.info/id/245842003	http://purl.org/sig/ont/fma/fma59784	1.0
http://snomed.info/id/24585002	http://purl.org/sig/ont/fma/fma65290	1.0
http://snomed.info/id/245861004	http://purl.org/sig/ont/fma/fma24951	0.90521985
http://snomed.info/id/245863001	http://purl.org/sig/ont/fma/fma24953	1.0
http://snomed.info/id/245864007	http://purl.org/sig/ont/fma/fma24954	1.0
http://snomed.info/id/245865008	http://purl.org/sig/ont/fma/fma24956	1.0
http://snomed.info/id/245866009	http://purl.org/sig/ont/fma/fma24957	1.0
http://snomed.info/id/245868005	http://purl.org/sig/ont/fma/fma24958	1.0
http://snomed.info/id/245869002	http://purl.org/sig/ont/fma/fma13682	1.0
http://snomed.info/id/245870001	http://purl.org/sig/ont/fma/fma13683	1.0
http://snomed.info/id/245871002	http://purl.org/sig/ont/fma/fma13684	1.0
http://snomed.info/id/245872009	http://purl.org/sig/ont/fma/fma13685	1.0
http://snomed.info/id/245873004	http://purl.org/sig/ont/fma/fma13686	1.0
http://snomed.info/id/245874005	http://purl.org/sig/ont/fma/fma13687	1.0
http://snomed.info/id/245875006	http://purl.org/sig/ont/fma/fma13688	1.0
http://snomed.info/id/245876007	http://purl.org/sig/ont/fma/fma13689	1.0
http://snomed.info/id/245877003	http://purl.org/sig/ont/fma/fma13690	1.0
http://snomed.info/id/245878008	http://purl.org/sig/ont/fma/fma13691	1.0
http://snomed.info/id/245879000	http://purl.org/sig/ont/fma/fma13692	1.0
http://snomed.info/id/245880002	http://purl.org/sig/ont/fma/fma16044	1.0
http://snomed.info/id/245881003	http://purl.org/sig/ont/fma/fma16045	1.0
http://snomed.info/id/245883000	http://purl.org/sig/ont/fma/fma16046	1.0
http://snomed.info/id/245884006	http://purl.org/sig/ont/fma/fma16047	1.0
http://snomed.info/id/245886008	http://purl.org/sig/ont/fma/fma24951	0.90072906
http://snomed.info/id/245889001	http://purl.org/sig/ont/fma/fma27276	0.93446392
http://snomed.info/id/245890005	http://purl.org/sig/ont/fma/fma27275	0.92402089
http://snomed.info/id/245891009	http://purl.org/sig/ont/fma/fma27275	0.96835494
http://snomed.info/id/245892002	http://purl.org/sig/ont/fma/fma27278	0.96702957
http://snomed.info/id/245893007	http://purl.org/sig/ont/fma/fma27277	0.97034281
http://snomed.info/id/245894001	http://purl.org/sig/ont/fma/fma27279	0.97350812
http://snomed.info/id/245895000	http://purl.org/sig/ont/fma/fma27280	0.97547507
http://snomed.info/id/245896004	http://purl.org/sig/ont/fma/fma13721	0.97066271
http://snomed.info/id/245897008	http://purl.org/sig/ont/fma/fma13722	0.96790844
http://snomed.info/id/245898003	http://purl.org/sig/ont/fma/fma13723	0.97065121
http://snomed.info/id/245899006	http://purl.org/sig/ont/fma/fma13724	0.96845061
http://snomed.info/id/245900001	http://purl.org/sig/ont/fma/fma13725	0.96626878
http://snomed.info/id/245901002	http://purl.org/sig/ont/fma/fma13726	0.96744698
http://snomed.info/id/245902009	http://purl.org/sig/ont/fma/fma13727	0.96622169
http://snomed.info/id/245903004	http://purl.org/sig/ont/fma/fma13728	0.96165776
http://snomed.info/id/245904005	http://purl.org/sig/ont/fma/fma13729	0.94768512
http://snomed.info/id/245905006	http://purl.org/sig/ont/fma/fma13730	0.95042527
http://snomed.info/id/245906007	http://purl.org/sig/ont/fma/fma13731	0.95143098
http://snomed.info/id/245907003	http://purl.org/sig/ont/fma/fma16058	0.9676488
http://snomed.info/id/245908008	http://purl.org/sig/ont/fma/fma16059	0.96903419
http://snomed.info/id/245909000	http://purl.org/sig/ont/fma/fma16061	0.9720394
http://snomed.info/id/245910005	http://purl.org/sig/ont/fma/fma16060	0.97689563
http://snomed.info/id/245912002	http://purl.org/sig/ont/fma/fma27276	0.94106936
http://snomed.info/id/245913007	http://purl.org/sig/ont/fma/fma27276	0.94694328
http://snomed.info/id/245914001	http://purl.org/sig/ont/fma/fma13720	0.94204044
http://snomed.info/id/245915000	http://purl.org/sig/ont/fma/fma13733	0.94136578
http://snomed.info/id/245916004	http://purl.org/sig/ont/fma/fma31893	0.90364414
http://snomed.info/id/245918003	http://purl.org/sig/ont/fma/fma31893	0.91199315
http://snomed.info/id/245923003	http://purl.org/sig/ont/fma/fma27485	0.97416735
http://snomed.info/id/245924009	http://purl.org/sig/ont/fma/fma31894	0.91126305
http://snomed.info/id/245928007	http://purl.org/sig/ont/fma/fma44684	1.0
http://snomed.info/id/245934000	http://purl.org/sig/ont/fma/fma44614	0.91362178
http://snomed.info/id/245935004	http://purl.org/sig/ont/fma/fma44600	0.94203889
http://snomed.info/id/245938002	http://purl.org/sig/ont/fma/fma44635	0.94602209
http://snomed.info/id/245947005	http://purl.org/sig/ont/fma/fma322565	0.93814689
http://snomed.info/id/245948000	http://purl.org/sig/ont/fma/fma322635	0.93326676
http://snomed.info/id/245949008	http://purl.org/sig/ont/fma/fma322636	0.93387198
http://snomed.info/id/245951007	http://purl.org/sig/ont/fma/fma13708	1.0
http://snomed.info/id/245952000	http://purl.org/sig/ont/fma/fma13709	1.0
http://snomed.info/id/245953005	http://purl.org/sig/ont/fma/fma13710	1.0
http://snomed.info/id/245954004	http://purl.org/sig/ont/fma/fma13711	1.0
http://snomed.info/id/245955003	http://purl.org/sig/ont/fma/fma13712	1.0
http://snomed.info/id/245956002	http://purl.org/sig/ont/fma/fma13713	1.0
http://snomed.info/id/245957006	http://purl.org/sig/ont/fma/fma13714	1.0
http://snomed.info/id/245958001	http://purl.org/sig/ont/fma/fma13715	1.0
http://snomed.info/id/245959009	http://purl.org/sig/ont/fma/fma13716	1.0
http://snomed.info/id/245960004	http://purl.org/sig/ont/fma/fma13717	1.0
http://snomed.info/id/245961000	http://purl.org/sig/ont/fma/fma13718	1.0
http://snomed.info/id/245962007	http://purl.org/sig/ont/fma/fma16054	1.0
http://snomed.info/id/245963002	http://purl.org/sig/ont/fma/fma16055	1.0
http://snomed.info/id/245964008	http://purl.org/sig/ont/fma/fma16056	1.0
http://snomed.info/id/245965009	http://purl.org/sig/ont/fma/fma16057	1.0
http://snomed.info/id/245966005	http://purl.org/sig/ont/fma/fma25555	0.9614352
http://snomed.info/id/245968006	http://purl.org/sig/ont/fma/fma27281	0.9667142
http://snomed.info/id/245969003	http://purl.org/sig/ont/fma/fma27282	0.96571934
http://snomed.info/id/245970002	http://purl.org/sig/ont/fma/fma27283	0.96903032
http://snomed.info/id/245972005	http://purl.org/sig/ont/fma/fma27284	0.96944034
http://snomed.info/id/245973000	http://purl.org/sig/ont/fma/fma13695	0.92857265
http://snomed.info/id/245974006	http://purl.org/sig/ont/fma/fma13696	0.93187428
http://snomed.info/id/245975007	http://purl.org/sig/ont/fma/fma13697	0.93311071
http://snomed.info/id/245976008	http://purl.org/sig/ont/fma/fma13698	0.91817135
http://snomed.info/id/245977004	http://purl.org/sig/ont/fma/fma13699	0.92461234
http://snomed.info/id/245978009	http://purl.org/sig/ont/fma/fma13700	0.92712581
http://snomed.info/id/245979001	http://purl.org/sig/ont/fma/fma13701	0.93941116
http://snomed.info/id/245980003	http://purl.org/sig/ont/fma/fma13702	0.92881864
http://snomed.info/id/245981004	http://purl.org/sig/ont/fma/fma13703	0.90901548
http://snomed.info/id/245982006	http://purl.org/sig/ont/fma/fma13704	0.90415162
http://snomed.info/id/245984007	http://purl.org/sig/ont/fma/fma13705	0.91273749
http://snomed.info/id/245985008	http://purl.org/sig/ont/fma/fma16049	0.92348289
http://snomed.info/id/245986009	http://purl.org/sig/ont/fma/fma16050	0.92541981
http://snomed.info/id/245987000	http://purl.org/sig/ont/fma/fma16051	0.92389071
http://snomed.info/id/245988005	http://purl.org/sig/ont/fma/fma16052	0.93906415
http://snomed.info/id/245989002	http://purl.org/sig/ont/fma/fma25555	0.95503926
http://snomed.info/id/245990006	http://purl.org/sig/ont/fma/fma25555	0.95309377
http://snomed.info/id/245991005	http://purl.org/sig/ont/fma/fma13694	0.90504491
http://snomed.info/id/245992003	http://purl.org/sig/ont/fma/fma13735	0.95062512
http://snomed.info/id/245998004	http://purl.org/sig/ont/fma/fma32528	1.0
http://snomed.info/id/246001	http://purl.org/sig/ont/fma/fma54614	1.0
http://snomed.info/id/246011001	http://purl.org/sig/ont/fma/fma22847	0.92500865
http://snomed.info/id/246021009	http://purl.org/sig/ont/fma/fma22844	0.92126822
http://snomed.info/id/246180009	http://purl.org/sig/ont/fma/fma15616	1.0
http://snomed.info/id/246279002	http://purl.org/sig/ont/fma/fma15617	1.0
http://snomed.info/id/24628006	http://purl.org/sig/ont/fma/fma323041	0.91876823
http://snomed.info/id/24635003	http://purl.org/sig/ont/fma/fma35489	1.0
http://snomed.info/id/246377003	http://purl.org/sig/ont/fma/fma15619	1.0
http://snomed.info/id/24639009	http://purl.org/sig/ont/fma/fma77578	1.0
http://snomed.info/id/246473003	http://purl.org/sig/ont/fma/fma15618	1.0
http://snomed.info/id/246555003	http://purl.org/sig/ont/fma/fma15620	1.0
http://snomed.info/id/246805003	http://purl.org/sig/ont/fma/fma20502	0.91746491
http://snomed.info/id/246901006	http://purl.org/sig/ont/fma/fma20515	0.92827636
http://snomed.info/id/247005	http://purl.org/sig/ont/fma/fma323079	1.0
http://snomed.info/id/247357002	http://purl.org/sig/ont/fma/fma16005	0.91531438
http://snomed.info/id/247520007	http://purl.org/sig/ont/fma/fma16013	0.91097754
http://snomed.info/id/24765004	http://purl.org/sig/ont/fma/fma12920	0.92576331
http://snomed.info/id/24783007	http://purl.org/sig/ont/fma/fma55112	1.0
http://snomed.info/id/24785000	http://purl.org/sig/ont/fma/fma317899	0.95302403
http://snomed.info/id/24796008	http://purl.org/sig/ont/fma/fma22709	1.0
http://snomed.info/id/2484000	http://purl.org/sig/ont/fma/fma322810	0.98675931
http://snomed.info/id/248547004	http://purl.org/sig/ont/fma/fma15398	1.0
http://snomed.info/id/24865005	http://purl.org/sig/ont/fma/fma3764	1.0
http://snomed.info/id/248700006	http://purl.org/sig/ont/fma/fma322628	0.94030184
http://snomed.info/id/248792009	http://purl.org/sig/ont/fma/fma14349	1.0
http://snomed.info/id/248889002	http://purl.org/sig/ont/fma/fma14343	1.0
http://snomed.info/id/24889003	http://purl.org/sig/ont/fma/fma12802	1.0
http://snomed.info/id/2489005	http://purl.org/sig/ont/fma/fma49146	1.0
http://snomed.info/id/24924006	http://purl.org/sig/ont/fma/fma9613	1.0
http://snomed.info/id/24937009	http://purl.org/sig/ont/fma/fma49037	1.0
http://snomed.info/id/24941008	http://purl.org/sig/ont/fma/fma18658	1.0
http://snomed.info/id/24946003	http://purl.org/sig/ont/fma/fma72493	0.9246015
http://snomed.info/id/24949005	http://purl.org/sig/ont/fma/fma9868	1.0
http://snomed.info/id/24960001	http://purl.org/sig/ont/fma/fma42800	1.0
http://snomed.info/id/249708006	http://purl.org/sig/ont/fma/fma276799	0.93633956
http://snomed.info/id/24973002	http://purl.org/sig/ont/fma/fma20188	1.0
http://snomed.info/id/24981001	http://purl.org/sig/ont/fma/fma21536	1.0
http://snomed.info/id/24996002	http://purl.org/sig/ont/fma/fma14283	0.98022878
http://snomed.info/id/250172001	http://purl.org/sig/ont/fma/fma19816	0.9561609
http://snomed.info/id/250355001	http://purl.org/sig/ont/fma/fma15909	0.90017486
http://snomed.info/id/2504000	http://purl.org/sig/ont/fma/fma21540	1.0
http://snomed.info/id/25043001	http://purl.org/sig/ont/fma/fma18809	0.95036966
http://snomed.info/id/250930003	http://purl.org/sig/ont/fma/fma15906	1.0
http://snomed.info/id/251028007	http://purl.org/sig/ont/fma/fma15907	1.0
http://snomed.info/id/25144009	http://purl.org/sig/ont/fma/fma7399	1.0
http://snomed.info/id/25155009	http://purl.org/sig/ont/fma/fma322997	0.91023034
http://snomed.info/id/251597001	http://purl.org/sig/ont/fma/fma19578	1.0
http://snomed.info/id/251695000	http://purl.org/sig/ont/fma/fma19579	1.0
http://snomed.info/id/25181008	http://purl.org/sig/ont/fma/fma24245	1.0
http://snomed.info/id/25182001	http://purl.org/sig/ont/fma/fma19669	0.97269636
http://snomed.info/id/25189005	http://purl.org/sig/ont/fma/fma9366	0.90294296
http://snomed.info/id/252078006	http://purl.org/sig/ont/fma/fma19446	0.96587181
http://snomed.info/id/252166005	http://purl.org/sig/ont/fma/fma19388	0.9498449
http://snomed.info/id/25221002	http://purl.org/sig/ont/fma/fma62434	1.0
http://snomed.info/id/252260007	http://purl.org/sig/ont/fma/fma19462	0.94963062
http://snomed.info/id/25230005	http://purl.org/sig/ont/fma/fma54841	1.0
http://snomed.info/id/252333002	http://purl.org/sig/ont/fma/fma19460	0.92340332
http://snomed.info/id/25237008	http://purl.org/sig/ont/fma/fma59986	0.95165277
http://snomed.info/id/25238003	http://purl.org/sig/ont/fma/fma5865	1.0
http://snomed.info/id/252406002	http://purl.org/sig/ont/fma/fma19452	0.96212494
http://snomed.info/id/25247006	http://purl.org/sig/ont/fma/fma61219	1.0
http://snomed.info/id/25248001	http://purl.org/sig/ont/fma/fma12845	0.93570262
http://snomed.info/id/252667002	http://purl.org/sig/ont/fma/fma72925	0.90014571
http://snomed.info/id/25270003	http://purl.org/sig/ont/fma/fma19617	1.0
http://snomed.info/id/25281000	http://purl.org/sig/ont/fma/fma70942	0.9188773
http://snomed.info/id/25308007	http://purl.org/sig/ont/fma/fma15571	1.0
http://snomed.info/id/253245001	http://purl.org/sig/ont/fma/fma322318	0.94550687
http://snomed.info/id/25366009	http://purl.org/sig/ont/fma/fma322687	1.0
http://snomed.info/id/253705006	http://purl.org/sig/ont/fma/fma18121	0.93951344
http://snomed.info/id/25373004	http://purl.org/sig/ont/fma/fma7250	1.0
http://snomed.info/id/25375006	http://purl.org/sig/ont/fma/fma55142	1.0
http://snomed.info/id/2539000	http://purl.org/sig/ont/fma/fma14832	1.0
http://snomed.info/id/254115004	http://purl.org/sig/ont/fma/fma86487	0.90328562
http://snomed.info/id/254271007	http://purl.org/sig/ont/fma/fma323041	0.98169571
http://snomed.info/id/2543001	http://purl.org/sig/ont/fma/fma322709	1.0
http://snomed.info/id/254367006	http://purl.org/sig/ont/fma/fma323042	0.96051085
http://snomed.info/id/25447008	http://purl.org/sig/ont/fma/fma5947	1.0
http://snomed.info/id/254584004	http://purl.org/sig/ont/fma/fma18115	0.90828931
http://snomed.info/id/2550002	http://purl.org/sig/ont/fma/fma40390	0.98980772
http://snomed.info/id/25509000	http://purl.org/sig/ont/fma/fma40865	1.0
http://snomed.info/id/25516004	http://purl.org/sig/ont/fma/fma52871	1.0
http://snomed.info/id/25518003	http://purl.org/sig/ont/fma/fma45072	0.94787979
http://snomed.info/id/25527002	http://purl.org/sig/ont/fma/fma4944	1.0
http://snomed.info/id/25541006	http://purl.org/sig/ont/fma/fma38515	1.0
http://snomed.info/id/25561000	http://purl.org/sig/ont/fma/fma72477	1.0
http://snomed.info/id/25564008	http://purl.org/sig/ont/fma/fma17633	0.91537464
http://snomed.info/id/25577004	http://purl.org/sig/ont/fma/fma53641	1.0
http://snomed.info/id/25593008	http://purl.org/sig/ont/fma/fma22543	1.0
http://snomed.info/id/25614005	http://purl.org/sig/ont/fma/fma60884	0.91031092
http://snomed.info/id/25640004	http://purl.org/sig/ont/fma/fma15904	1.0
http://snomed.info/id/256423008	http://purl.org/sig/ont/fma/fma322868	0.96109271
http://snomed.info/id/256662005	http://purl.org/sig/ont/fma/fma20276	1.0
http://snomed.info/id/256663000	http://purl.org/sig/ont/fma/fma21546	0.92569703
http://snomed.info/id/256664006	http://purl.org/sig/ont/fma/fma19941	1.0
http://snomed.info/id/256665007	http://purl.org/sig/ont/fma/fma13902	0.91223812
http://snomed.info/id/256668009	http://purl.org/sig/ont/fma/fma30316	0.92257601
http://snomed.info/id/256671001	http://purl.org/sig/ont/fma/fma297642	0.95987958
http://snomed.info/id/256672008	http://purl.org/sig/ont/fma/fma297554	0.9405089
http://snomed.info/id/25683005	http://purl.org/sig/ont/fma/fma61237	1.0
http://snomed.info/id/256870002	http://purl.org/sig/ont/fma/fma7208	0.9285084
http://snomed.info/id/256871003	http://purl.org/sig/ont/fma/fma7208	0.9414115
http://snomed.info/id/256877004	http://purl.org/sig/ont/fma/fma7208	0.91624987
http://snomed.info/id/256880003	http://purl.org/sig/ont/fma/fma323025	0.94516736
http://snomed.info/id/256885008	http://purl.org/sig/ont/fma/fma55670	1.0
http://snomed.info/id/256893008	http://purl.org/sig/ont/fma/fma54319	0.93629074
http://snomed.info/id/256924005	http://purl.org/sig/ont/fma/fma54240	0.91160357
http://snomed.info/id/256925006	http://purl.org/sig/ont/fma/fma59652	1.0
http://snomed.info/id/25727004	http://purl.org/sig/ont/fma/fma14805	1.0
http://snomed.info/id/25735001	http://purl.org/sig/ont/fma/fma323075	0.95395547
http://snomed.info/id/25758003	http://purl.org/sig/ont/fma/fma59556	1.0
http://snomed.info/id/25763004	http://purl.org/sig/ont/fma/fma37837	0.97058451
http://snomed.info/id/2577006	http://purl.org/sig/ont/fma/fma43882	1.0
http://snomed.info/id/25794004	http://purl.org/sig/ont/fma/fma13342	1.0
http://snomed.info/id/258043001	http://purl.org/sig/ont/fma/fma18620	0.9146831
http://snomed.info/id/25805003	http://purl.org/sig/ont/fma/fma58497	0.90286994
http://snomed.info/id/258132006	http://purl.org/sig/ont/fma/fma323217	0.95337009
http://snomed.info/id/25834009	http://purl.org/sig/ont/fma/fma77504	0.96689868
http://snomed.info/id/258409003	http://purl.org/sig/ont/fma/fma18630	0.96979481
http://snomed.info/id/258425008	http://purl.org/sig/ont/fma/fma77669	0.91552794
http://snomed.info/id/258491008	http://purl.org/sig/ont/fma/fma18662	0.90720636
http://snomed.info/id/25866004	http://purl.org/sig/ont/fma/fma74891	1.0
http://snomed.info/id/258665002	http://purl.org/sig/ont/fma/fma18634	0.93037224
http://snomed.info/id/25872004	http://purl.org/sig/ont/fma/fma37457	1.0
http://snomed.info/id/25879008	http://purl.org/sig/ont/fma/fma79301	0.90821701
http://snomed.info/id/25885001	http://purl.org/sig/ont/fma/fma77381	1.0
http://snomed.info/id/259073003	http://purl.org/sig/ont/fma/fma18697	0.93490243
http://snomed.info/id/25908000	http://purl.org/sig/ont/fma/fma256524	0.95656359
http://snomed.info/id/2592007	http://purl.org/sig/ont/fma/fma268870	0.93909377
http://snomed.info/id/259261007	http://purl.org/sig/ont/fma/fma323048	0.9387089
http://snomed.info/id/25930004	http://purl.org/sig/ont/fma/fma59799	1.0
http://snomed.info/id/259306002	http://purl.org/sig/ont/fma/fma18706	0.91562843
http://snomed.info/id/259343000	http://purl.org/sig/ont/fma/fma14347	1.0
http://snomed.info/id/259368003	http://purl.org/sig/ont/fma/fma14342	1.0
http://snomed.info/id/25943004	http://purl.org/sig/ont/fma/fma9478	1.0
http://snomed.info/id/25949000	http://purl.org/sig/ont/fma/fma72437	1.0
http://snomed.info/id/25968002	http://purl.org/sig/ont/fma/fma61037	1.0
http://snomed.info/id/259850007	http://purl.org/sig/ont/fma/fma19133	0.91307694
http://snomed.info/id/25987008	http://purl.org/sig/ont/fma/fma322650	0.9795
http://snomed.info/id/25990002	http://purl.org/sig/ont/fma/fma15575	1.0
http://snomed.info/id/25991003	http://purl.org/sig/ont/fma/fma72248	1.0
http://snomed.info/id/259945002	http://purl.org/sig/ont/fma/fma19137	0.93881571
http://snomed.info/id/259982006	http://purl.org/sig/ont/fma/fma19099	0.92129457
http://snomed.info/id/2600000	http://purl.org/sig/ont/fma/fma38481	0.91858572
http://snomed.info/id/260038005	http://purl.org/sig/ont/fma/fma19100	0.93267208
http://snomed.info/id/26013005	http://purl.org/sig/ont/fma/fma62059	0.91576618
http://snomed.info/id/260539007	http://purl.org/sig/ont/fma/fma16552	0.95544469
http://snomed.info/id/260725009	http://purl.org/sig/ont/fma/fma16518	0.93917578
http://snomed.info/id/26074009	http://purl.org/sig/ont/fma/fma322865	0.94980294
http://snomed.info/id/260927008	http://purl.org/sig/ont/fma/fma16551	0.95322317
http://snomed.info/id/261022006	http://purl.org/sig/ont/fma/fma76981	0.95334196
http://snomed.info/id/261061003	http://purl.org/sig/ont/fma/fma26660	0.92884797
http://snomed.info/id/261078007	http://purl.org/sig/ont/fma/fma321912	0.95161009
http://snomed.info/id/261093006	http://purl.org/sig/ont/fma/fma7199	0.92130703
http://snomed.info/id/261103000	http://purl.org/sig/ont/fma/fma7207	0.95385033
http://snomed.info/id/261142000	http://purl.org/sig/ont/fma/fma14650	0.98372465
http://snomed.info/id/261286003	http://purl.org/sig/ont/fma/fma14651	0.92404014
http://snomed.info/id/261346008	http://purl.org/sig/ont/fma/fma14652	0.92629617
http://snomed.info/id/261399002	http://purl.org/sig/ont/fma/fma87217	0.91478217
http://snomed.info/id/261400009	http://purl.org/sig/ont/fma/fma20686	0.94775176
http://snomed.info/id/26140008	http://purl.org/sig/ont/fma/fma55022	0.93134028
http://snomed.info/id/261402001	http://purl.org/sig/ont/fma/fma4068	1.0
http://snomed.info/id/261403006	http://purl.org/sig/ont/fma/fma3969	1.0
http://snomed.info/id/261408002	http://purl.org/sig/ont/fma/fma259050	0.91468865
http://snomed.info/id/261433004	http://purl.org/sig/ont/fma/fma77100	0.93157071
http://snomed.info/id/261528001	http://purl.org/sig/ont/fma/fma77102	0.93182462
http://snomed.info/id/26193009	http://purl.org/sig/ont/fma/fma72243	1.0
http://snomed.info/id/2620004	http://purl.org/sig/ont/fma/fma13500	0.900958
http://snomed.info/id/262018003	http://purl.org/sig/ont/fma/fma15820	1.0
http://snomed.info/id/26204002	http://purl.org/sig/ont/fma/fma21162	1.0
http://snomed.info/id/262115003	http://purl.org/sig/ont/fma/fma16553	0.90445423
http://snomed.info/id/262209009	http://purl.org/sig/ont/fma/fma14079	0.93919146
http://snomed.info/id/26230003	http://purl.org/sig/ont/fma/fma77636	1.0
http://snomed.info/id/262307008	http://purl.org/sig/ont/fma/fma14080	1.0
http://snomed.info/id/26273007	http://purl.org/sig/ont/fma/fma58708	1.0
http://snomed.info/id/26279006	http://purl.org/sig/ont/fma/fma44204	0.96109796
http://snomed.info/id/26293004	http://purl.org/sig/ont/fma/fma21603	0.93056297
http://snomed.info/id/26296007	http://purl.org/sig/ont/fma/fma46697	0.94897789
http://snomed.info/id/263002	http://purl.org/sig/ont/fma/fma5860	1.0
http://snomed.info/id/26324000	http://purl.org/sig/ont/fma/fma8666	1.0
http://snomed.info/id/26331001	http://purl.org/sig/ont/fma/fma76826	1.0
http://snomed.info/id/263340007	http://purl.org/sig/ont/fma/fma58295	0.93684202
http://snomed.info/id/263344003	http://purl.org/sig/ont/fma/fma59365	0.92582476
http://snomed.info/id/263345002	http://purl.org/sig/ont/fma/fma59588	1.0
http://snomed.info/id/263346001	http://purl.org/sig/ont/fma/fma59589	1.0
http://snomed.info/id/263349008	http://purl.org/sig/ont/fma/fma58245	0.95347244
http://snomed.info/id/263352000	http://purl.org/sig/ont/fma/fma52749	0.92130709
http://snomed.info/id/263355003	http://purl.org/sig/ont/fma/fma19971	1.0
http://snomed.info/id/263356002	http://purl.org/sig/ont/fma/fma20074	1.0
http://snomed.info/id/263358001	http://purl.org/sig/ont/fma/fma7575	0.90134579
http://snomed.info/id/263359009	http://purl.org/sig/ont/fma/fma7576	0.90191317
http://snomed.info/id/263377004	http://purl.org/sig/ont/fma/fma52590	0.95239156
http://snomed.info/id/263378009	http://purl.org/sig/ont/fma/fma18247	0.95471495
http://snomed.info/id/263380003	http://purl.org/sig/ont/fma/fma38887	0.93678302
http://snomed.info/id/263383001	http://purl.org/sig/ont/fma/fma44046	0.92878002
http://snomed.info/id/263402008	http://purl.org/sig/ont/fma/fma23903	0.91343176
http://snomed.info/id/263403003	http://purl.org/sig/ont/fma/fma40914	0.93326753
http://snomed.info/id/263404009	http://purl.org/sig/ont/fma/fma41160	0.92953694
http://snomed.info/id/263405005	http://purl.org/sig/ont/fma/fma41406	0.92760563
http://snomed.info/id/263406006	http://purl.org/sig/ont/fma/fma41652	0.92310005
http://snomed.info/id/263407002	http://purl.org/sig/ont/fma/fma40923	0.93712407
http://snomed.info/id/263408007	http://purl.org/sig/ont/fma/fma41169	0.94279093
http://snomed.info/id/263409004	http://purl.org/sig/ont/fma/fma41415	0.93485904
http://snomed.info/id/263410009	http://purl.org/sig/ont/fma/fma41661	0.93322414
http://snomed.info/id/263412001	http://purl.org/sig/ont/fma/fma37499	1.0
http://snomed.info/id/263413006	http://purl.org/sig/ont/fma/fma37511	1.0
http://snomed.info/id/263414000	http://purl.org/sig/ont/fma/fma37523	1.0
http://snomed.info/id/263415004	http://purl.org/sig/ont/fma/fma37535	1.0
http://snomed.info/id/263416003	http://purl.org/sig/ont/fma/fma37557	1.0
http://snomed.info/id/263417007	http://purl.org/sig/ont/fma/fma37569	1.0
http://snomed.info/id/263418002	http://purl.org/sig/ont/fma/fma37581	1.0
http://snomed.info/id/263419005	http://purl.org/sig/ont/fma/fma37593	1.0
http://snomed.info/id/263424008	http://purl.org/sig/ont/fma/fma37615	1.0
http://snomed.info/id/263425009	http://purl.org/sig/ont/fma/fma37627	1.0
http://snomed.info/id/263426005	http://purl.org/sig/ont/fma/fma37639	1.0
http://snomed.info/id/263427001	http://purl.org/sig/ont/fma/fma37651	1.0
http://snomed.info/id/263428006	http://purl.org/sig/ont/fma/fma37502	1.0
http://snomed.info/id/263429003	http://purl.org/sig/ont/fma/fma37514	1.0
http://snomed.info/id/263430008	http://purl.org/sig/ont/fma/fma37526	1.0
http://snomed.info/id/263431007	http://purl.org/sig/ont/fma/fma37538	1.0
http://snomed.info/id/263432000	http://purl.org/sig/ont/fma/fma37560	1.0
http://snomed.info/id/263433005	http://purl.org/sig/ont/fma/fma37572	1.0
http://snomed.info/id/263434004	http://purl.org/sig/ont/fma/fma37584	1.0
http://snomed.info/id/263435003	http://purl.org/sig/ont/fma/fma37596	1.0
http://snomed.info/id/263441005	http://purl.org/sig/ont/fma/fma37618	1.0
http://snomed.info/id/263442003	http://purl.org/sig/ont/fma/fma37630	1.0
http://snomed.info/id/263443008	http://purl.org/sig/ont/fma/fma37642	1.0
http://snomed.info/id/263444002	http://purl.org/sig/ont/fma/fma37654	1.0
http://snomed.info/id/263445001	http://purl.org/sig/ont/fma/fma37505	1.0
http://snomed.info/id/263446000	http://purl.org/sig/ont/fma/fma37517	1.0
http://snomed.info/id/263447009	http://purl.org/sig/ont/fma/fma37529	1.0
http://snomed.info/id/263448004	http://purl.org/sig/ont/fma/fma37541	1.0
http://snomed.info/id/263449007	http://purl.org/sig/ont/fma/fma37563	1.0
http://snomed.info/id/263450007	http://purl.org/sig/ont/fma/fma37575	1.0
http://snomed.info/id/263451006	http://purl.org/sig/ont/fma/fma37587	1.0
http://snomed.info/id/263452004	http://purl.org/sig/ont/fma/fma37599	1.0
http://snomed.info/id/263457005	http://purl.org/sig/ont/fma/fma37621	1.0
http://snomed.info/id/263458000	http://purl.org/sig/ont/fma/fma37633	1.0
http://snomed.info/id/263459008	http://purl.org/sig/ont/fma/fma37645	1.0
http://snomed.info/id/263460003	http://purl.org/sig/ont/fma/fma37657	1.0
http://snomed.info/id/263462006	http://purl.org/sig/ont/fma/fma42887	0.90851027
http://snomed.info/id/263470001	http://purl.org/sig/ont/fma/fma42893	0.90881765
http://snomed.info/id/263480002	http://purl.org/sig/ont/fma/fma298571	0.92249221
http://snomed.info/id/26356007	http://purl.org/sig/ont/fma/fma61854	1.0
http://snomed.info/id/26359000	http://purl.org/sig/ont/fma/fma31723	1.0
http://snomed.info/id/263847000	http://purl.org/sig/ont/fma/fma66806	0.92106664
http://snomed.info/id/263963007	http://purl.org/sig/ont/fma/fma14751	0.93721437
http://snomed.info/id/263977005	http://purl.org/sig/ont/fma/fma14543	0.95575076
http://snomed.info/id/263983008	http://purl.org/sig/ont/fma/fma265241	0.95286387
http://snomed.info/id/263989007	http://purl.org/sig/ont/fma/fma7206	0.9601413
http://snomed.info/id/264016003	http://purl.org/sig/ont/fma/fma276990	0.94736588
http://snomed.info/id/264044002	http://purl.org/sig/ont/fma/fma321651	0.90236187
http://snomed.info/id/264070001	http://purl.org/sig/ont/fma/fma62481	0.93450534
http://snomed.info/id/264073004	http://purl.org/sig/ont/fma/fma284558	0.97073728
http://snomed.info/id/264075006	http://purl.org/sig/ont/fma/fma59018	0.96001238
http://snomed.info/id/264085007	http://purl.org/sig/ont/fma/fma19668	0.93962598
http://snomed.info/id/264090005	http://purl.org/sig/ont/fma/fma52753	0.92104656
http://snomed.info/id/264151009	http://purl.org/sig/ont/fma/fma44639	0.96088648
http://snomed.info/id/264181001	http://purl.org/sig/ont/fma/fma242380	0.92849046
http://snomed.info/id/264191007	http://purl.org/sig/ont/fma/fma18252	0.95163625
http://snomed.info/id/264198001	http://purl.org/sig/ont/fma/fma5883	1.0
http://snomed.info/id/264239003	http://purl.org/sig/ont/fma/fma55711	0.90454745
http://snomed.info/id/264241002	http://purl.org/sig/ont/fma/fma284558	0.9432494
http://snomed.info/id/264243004	http://purl.org/sig/ont/fma/fma59017	0.95838565
http://snomed.info/id/264254009	http://purl.org/sig/ont/fma/fma17886	0.95172429
http://snomed.info/id/264257002	http://purl.org/sig/ont/fma/fma323979	0.90292096
http://snomed.info/id/264260009	http://purl.org/sig/ont/fma/fma63957	0.92043555
http://snomed.info/id/264438009	http://purl.org/sig/ont/fma/fma20829	0.98248643
http://snomed.info/id/264439001	http://purl.org/sig/ont/fma/fma44638	0.95517617
http://snomed.info/id/26444007	http://purl.org/sig/ont/fma/fma23217	1.0
http://snomed.info/id/264446005	http://purl.org/sig/ont/fma/fma55109	0.9443832
http://snomed.info/id/264447001	http://purl.org/sig/ont/fma/fma323386	0.92744511
http://snomed.info/id/264453001	http://purl.org/sig/ont/fma/fma323370	0.94067061
http://snomed.info/id/264456009	http://purl.org/sig/ont/fma/fma66248	0.94540209
http://snomed.info/id/264460007	http://purl.org/sig/ont/fma/fma86485	0.96393365
http://snomed.info/id/264468000	http://purl.org/sig/ont/fma/fma322216	0.90667117
http://snomed.info/id/264469008	http://purl.org/sig/ont/fma/fma19669	0.93844473
http://snomed.info/id/264479005	http://purl.org/sig/ont/fma/fma58658	0.94340426
http://snomed.info/id/264497002	http://purl.org/sig/ont/fma/fma321691	1.0
http://snomed.info/id/264509009	http://purl.org/sig/ont/fma/fma59024	0.93223637
http://snomed.info/id/26461005	http://purl.org/sig/ont/fma/fma322664	0.98106128
http://snomed.info/id/264641009	http://purl.org/sig/ont/fma/fma322987	0.95767897
http://snomed.info/id/26486001	http://purl.org/sig/ont/fma/fma323365	0.95832205
http://snomed.info/id/264913008	http://purl.org/sig/ont/fma/fma323242	0.95507747
http://snomed.info/id/264942000	http://purl.org/sig/ont/fma/fma15042	0.97691566
http://snomed.info/id/265028002	http://purl.org/sig/ont/fma/fma15043	0.96695536
http://snomed.info/id/265118008	http://purl.org/sig/ont/fma/fma15044	0.95796448
http://snomed.info/id/26519002	http://purl.org/sig/ont/fma/fma62004	1.0
http://snomed.info/id/265479003	http://purl.org/sig/ont/fma/fma70810	0.90714949
http://snomed.info/id/265576007	http://purl.org/sig/ont/fma/fma14815	0.91659081
http://snomed.info/id/26559004	http://purl.org/sig/ont/fma/fma15572	1.0
http://snomed.info/id/265781000	http://purl.org/sig/ont/fma/fma54237	0.91033089
http://snomed.info/id/265787001	http://purl.org/sig/ont/fma/fma323977	0.91283876
http://snomed.info/id/265790007	http://purl.org/sig/ont/fma/fma82600	0.94010979
http://snomed.info/id/265793009	http://purl.org/sig/ont/fma/fma9707	0.93267041
http://snomed.info/id/265794003	http://purl.org/sig/ont/fma/fma18252	0.95650584
http://snomed.info/id/265801006	http://purl.org/sig/ont/fma/fma80005	0.90707719
http://snomed.info/id/265802004	http://purl.org/sig/ont/fma/fma297582	0.92885661
http://snomed.info/id/265803009	http://purl.org/sig/ont/fma/fma37372	0.93265265
http://snomed.info/id/265804003	http://purl.org/sig/ont/fma/fma37417	0.94402945
http://snomed.info/id/265806001	http://purl.org/sig/ont/fma/fma22471	0.91135615
http://snomed.info/id/265807005	http://purl.org/sig/ont/fma/fma65020	0.90939367
http://snomed.info/id/26583007	http://purl.org/sig/ont/fma/fma58293	1.0
http://snomed.info/id/26584001	http://purl.org/sig/ont/fma/fma4731	1.0
http://snomed.info/id/265856006	http://purl.org/sig/ont/fma/fma14818	0.90752751
http://snomed.info/id/26596008	http://purl.org/sig/ont/fma/fma55314	1.0
http://snomed.info/id/266005	http://purl.org/sig/ont/fma/fma7337	1.0
http://snomed.info/id/26607000	http://purl.org/sig/ont/fma/fma9959	1.0
http://snomed.info/id/266297002	http://purl.org/sig/ont/fma/fma15052	0.9055841
http://snomed.info/id/26641008	http://purl.org/sig/ont/fma/fma76901	1.0
http://snomed.info/id/266461009	http://purl.org/sig/ont/fma/fma322316	0.95474672
http://snomed.info/id/2666009	http://purl.org/sig/ont/fma/fma22830	1.0
http://snomed.info/id/26671000	http://purl.org/sig/ont/fma/fma55631	1.0
http://snomed.info/id/26691007	http://purl.org/sig/ont/fma/fma15909	1.0
http://snomed.info/id/26701009	http://purl.org/sig/ont/fma/fma77581	1.0
http://snomed.info/id/26702002	http://purl.org/sig/ont/fma/fma323258	0.99222809
http://snomed.info/id/26703007	http://purl.org/sig/ont/fma/fma44331	1.0
http://snomed.info/id/267091000	http://purl.org/sig/ont/fma/fma321528	1.0
http://snomed.info/id/267190001	http://purl.org/sig/ont/fma/fma15054	1.0
http://snomed.info/id/2675006	http://purl.org/sig/ont/fma/fma49986	1.0
http://snomed.info/id/267632005	http://purl.org/sig/ont/fma/fma77597	0.91407031
http://snomed.info/id/26788001	http://purl.org/sig/ont/fma/fma43024	1.0
http://snomed.info/id/267901006	http://purl.org/sig/ont/fma/fma322314	0.92978293
http://snomed.info/id/26803003	http://purl.org/sig/ont/fma/fma322633	0.97565585
http://snomed.info/id/26805005	http://purl.org/sig/ont/fma/fma44333	1.0
http://snomed.info/id/268073008	http://purl.org/sig/ont/fma/fma14916	0.92915231
http://snomed.info/id/2681003	http://purl.org/sig/ont/fma/fma21869	1.0
http://snomed.info/id/26818002	http://purl.org/sig/ont/fma/fma22834	1.0
http://snomed.info/id/2682005	http://purl.org/sig/ont/fma/fma15928	1.0
http://snomed.info/id/26839009	http://purl.org/sig/ont/fma/fma322576	0.95028239
http://snomed.info/id/26844002	http://purl.org/sig/ont/fma/fma77579	1.0
http://snomed.info/id/26849007	http://purl.org/sig/ont/fma/fma9141	1.0
http://snomed.info/id/2686008	http://purl.org/sig/ont/fma/fma74509	1.0
http://snomed.info/id/26868005	http://purl.org/sig/ont/fma/fma60878	0.92758441
http://snomed.info/id/26887004	http://purl.org/sig/ont/fma/fma322569	0.96129036
http://snomed.info/id/26907003	http://purl.org/sig/ont/fma/fma52600	1.0
http://snomed.info/id/26910005	http://purl.org/sig/ont/fma/fma76966	0.90624565
http://snomed.info/id/269182005	http://purl.org/sig/ont/fma/fma76900	0.93248183
http://snomed.info/id/26921001	http://purl.org/sig/ont/fma/fma19933	1.0
http://snomed.info/id/26924009	http://purl.org/sig/ont/fma/fma322929	0.94085008
http://snomed.info/id/269263008	http://purl.org/sig/ont/fma/fma76901	0.92941213
http://snomed.info/id/26928007	http://purl.org/sig/ont/fma/fma13364	1.0
http://snomed.info/id/269345005	http://purl.org/sig/ont/fma/fma14675	0.94565058
http://snomed.info/id/269447003	http://purl.org/sig/ont/fma/fma76902	0.97267032
http://snomed.info/id/269522003	http://purl.org/sig/ont/fma/fma76903	0.97877127
http://snomed.info/id/269625005	http://purl.org/sig/ont/fma/fma76898	0.94154012
http://snomed.info/id/26972005	http://purl.org/sig/ont/fma/fma242199	1.0
http://snomed.info/id/269727007	http://purl.org/sig/ont/fma/fma76899	0.93834496
http://snomed.info/id/26980003	http://purl.org/sig/ont/fma/fma19083	1.0
http://snomed.info/id/26991005	http://purl.org/sig/ont/fma/fma16080	1.0
http://snomed.info/id/270023005	http://purl.org/sig/ont/fma/fma17547	0.93003076
http://snomed.info/id/27003007	http://purl.org/sig/ont/fma/fma19674	1.0
http://snomed.info/id/27022003	http://purl.org/sig/ont/fma/fma53601	0.9814477
http://snomed.info/id/270226005	http://purl.org/sig/ont/fma/fma14498	0.93084359
http://snomed.info/id/270327004	http://purl.org/sig/ont/fma/fma14499	0.92268157
http://snomed.info/id/27055008	http://purl.org/sig/ont/fma/fma7240	1.0
http://snomed.info/id/27072001	http://purl.org/sig/ont/fma/fma322774	0.95946187
http://snomed.info/id/27088001	http://purl.org/sig/ont/fma/fma83945	0.95830178
http://snomed.info/id/27098007	http://purl.org/sig/ont/fma/fma323363	1.00000024
http://snomed.info/id/271085007	http://purl.org/sig/ont/fma/fma14500	0.93120313
http://snomed.info/id/27114007	http://purl.org/sig/ont/fma/fma286442	0.98057371
http://snomed.info/id/27118005	http://purl.org/sig/ont/fma/fma40867	1.0
http://snomed.info/id/271187002	http://purl.org/sig/ont/fma/fma14506	0.90911102
http://snomed.info/id/27154009	http://purl.org/sig/ont/fma/fma321998	1.0
http://snomed.info/id/27155005	http://purl.org/sig/ont/fma/fma78463	1.0
http://snomed.info/id/27175001	http://purl.org/sig/ont/fma/fma14758	1.0
http://snomed.info/id/271786003	http://purl.org/sig/ont/fma/fma71453	0.90953058
http://snomed.info/id/2718005	http://purl.org/sig/ont/fma/fma57159	0.95985442
http://snomed.info/id/271942000	http://purl.org/sig/ont/fma/fma17543	1.0
http://snomed.info/id/272005	http://purl.org/sig/ont/fma/fma16126	1.0
http://snomed.info/id/272124008	http://purl.org/sig/ont/fma/fma15815	0.96882254
http://snomed.info/id/27228009	http://purl.org/sig/ont/fma/fma77245	0.91765571
http://snomed.info/id/27232003	http://purl.org/sig/ont/fma/fma18116	0.95509636
http://snomed.info/id/272409008	http://purl.org/sig/ont/fma/fma71452	0.9275921
http://snomed.info/id/272430004	http://purl.org/sig/ont/fma/fma76737	1.0
http://snomed.info/id/272630009	http://purl.org/sig/ont/fma/fma45654	0.90843248
http://snomed.info/id/27263004	http://purl.org/sig/ont/fma/fma42960	1.0
http://snomed.info/id/272633006	http://purl.org/sig/ont/fma/fma76790	0.93792331
http://snomed.info/id/272638002	http://purl.org/sig/ont/fma/fma37319	0.9634915
http://snomed.info/id/272641006	http://purl.org/sig/ont/fma/fma44947	0.96447289
http://snomed.info/id/272644003	http://purl.org/sig/ont/fma/fma44819	0.95786154
http://snomed.info/id/272646001	http://purl.org/sig/ont/fma/fma321955	0.90876251
http://snomed.info/id/272649008	http://purl.org/sig/ont/fma/fma52752	0.92906737
http://snomed.info/id/272654004	http://purl.org/sig/ont/fma/fma321962	0.92988461
http://snomed.info/id/272655003	http://purl.org/sig/ont/fma/fma321963	0.91905159
http://snomed.info/id/272657006	http://purl.org/sig/ont/fma/fma7274	1.0
http://snomed.info/id/272661000	http://purl.org/sig/ont/fma/fma313923	1.0
http://snomed.info/id/272663002	http://purl.org/sig/ont/fma/fma17841	0.94877011
http://snomed.info/id/272671003	http://purl.org/sig/ont/fma/fma57806	0.93303889
http://snomed.info/id/272673000	http://purl.org/sig/ont/fma/fma30317	1.0
http://snomed.info/id/272675007	http://purl.org/sig/ont/fma/fma52741	0.90175498
http://snomed.info/id/272678009	http://purl.org/sig/ont/fma/fma259733	0.90519422
http://snomed.info/id/272683001	http://purl.org/sig/ont/fma/fma259735	0.90304726
http://snomed.info/id/272686009	http://purl.org/sig/ont/fma/fma317481	0.92735535
http://snomed.info/id/272689002	http://purl.org/sig/ont/fma/fma323911	1.0
http://snomed.info/id/272693008	http://purl.org/sig/ont/fma/fma321693	1.0
http://snomed.info/id/272696000	http://purl.org/sig/ont/fma/fma33808	0.91017497
http://snomed.info/id/272699007	http://purl.org/sig/ont/fma/fma40390	0.94344693
http://snomed.info/id/272701007	http://purl.org/sig/ont/fma/fma40296	0.908961
http://snomed.info/id/272704004	http://purl.org/sig/ont/fma/fma226482	1.0
http://snomed.info/id/272705003	http://purl.org/sig/ont/fma/fma226700	1.0
http://snomed.info/id/272707006	http://purl.org/sig/ont/fma/fma226577	1.0
http://snomed.info/id/272708001	http://purl.org/sig/ont/fma/fma23975	1.0
http://snomed.info/id/272711000	http://purl.org/sig/ont/fma/fma7488	0.90256858
http://snomed.info/id/272718006	http://purl.org/sig/ont/fma/fma63957	0.94140887
http://snomed.info/id/272720009	http://purl.org/sig/ont/fma/fma33830	0.9059183
http://snomed.info/id/272723006	http://purl.org/sig/ont/fma/fma300542	0.94851118
http://snomed.info/id/272724000	http://purl.org/sig/ont/fma/fma321551	0.94801497
http://snomed.info/id/27284009	http://purl.org/sig/ont/fma/fma23058	1.0
http://snomed.info/id/27295003	http://purl.org/sig/ont/fma/fma83531	1.0
http://snomed.info/id/27297006	http://purl.org/sig/ont/fma/fma4797	0.92741549
http://snomed.info/id/272998002	http://purl.org/sig/ont/fma/fma14338	1.0
http://snomed.info/id/273000	http://purl.org/sig/ont/fma/fma322875	0.97585207
http://snomed.info/id/273099000	http://purl.org/sig/ont/fma/fma14340	1.0
http://snomed.info/id/273202007	http://purl.org/sig/ont/fma/fma14339	1.0
http://snomed.info/id/273404005	http://purl.org/sig/ont/fma/fma322317	0.9435302
http://snomed.info/id/273506009	http://purl.org/sig/ont/fma/fma272216	0.9594987
http://snomed.info/id/273607005	http://purl.org/sig/ont/fma/fma272214	0.95760912
http://snomed.info/id/273708007	http://purl.org/sig/ont/fma/fma70485	0.91647696
http://snomed.info/id/27376008	http://purl.org/sig/ont/fma/fma323085	1.0
http://snomed.info/id/273810001	http://purl.org/sig/ont/fma/fma70488	0.93111616
http://snomed.info/id/2739003	http://purl.org/sig/ont/fma/fma18111	0.93828952
http://snomed.info/id/27398004	http://purl.org/sig/ont/fma/fma14650	1.0
http://snomed.info/id/27403003	http://purl.org/sig/ont/fma/fma321454	1.0
http://snomed.info/id/274060004	http://purl.org/sig/ont/fma/fma70495	1.0
http://snomed.info/id/2741002	http://purl.org/sig/ont/fma/fma275191	1.0
http://snomed.info/id/274143007	http://purl.org/sig/ont/fma/fma70496	1.0
http://snomed.info/id/27416003	http://purl.org/sig/ont/fma/fma9736	1.0
http://snomed.info/id/274231001	http://purl.org/sig/ont/fma/fma70497	0.98149651
http://snomed.info/id/274329007	http://purl.org/sig/ont/fma/fma70498	1.0
http://snomed.info/id/27442003	http://purl.org/sig/ont/fma/fma234920	0.98244572
http://snomed.info/id/27448004	http://purl.org/sig/ont/fma/fma42551	0.96531957
http://snomed.info/id/274522002	http://purl.org/sig/ont/fma/fma322934	1.0
http://snomed.info/id/27456001	http://purl.org/sig/ont/fma/fma19403	1.0
http://snomed.info/id/2746007	http://purl.org/sig/ont/fma/fma14911	1.0
http://snomed.info/id/274624008	http://purl.org/sig/ont/fma/fma322935	1.0
http://snomed.info/id/274725003	http://purl.org/sig/ont/fma/fma68661	0.92758864
http://snomed.info/id/27474005	http://purl.org/sig/ont/fma/fma321445	1.0
http://snomed.info/id/2748008	http://purl.org/sig/ont/fma/fma7647	1.0
http://snomed.info/id/274822009	http://purl.org/sig/ont/fma/fma272063	0.93100315
http://snomed.info/id/27485007	http://purl.org/sig/ont/fma/fma17561	0.93998879
http://snomed.info/id/274911006	http://purl.org/sig/ont/fma/fma70494	0.93996722
http://snomed.info/id/275005004	http://purl.org/sig/ont/fma/fma272069	0.93995118
http://snomed.info/id/275107009	http://purl.org/sig/ont/fma/fma70503	0.98061484
http://snomed.info/id/275208009	http://purl.org/sig/ont/fma/fma14752	1.0
http://snomed.info/id/275309004	http://purl.org/sig/ont/fma/fma14753	1.0
http://snomed.info/id/27539006	http://purl.org/sig/ont/fma/fma9149	1.0
http://snomed.info/id/275506007	http://purl.org/sig/ont/fma/fma322936	0.9889465
http://snomed.info/id/275606004	http://purl.org/sig/ont/fma/fma272218	1.0
http://snomed.info/id/275708005	http://purl.org/sig/ont/fma/fma322937	0.93397427
http://snomed.info/id/27579002	http://purl.org/sig/ont/fma/fma15844	1.0
http://snomed.info/id/275809009	http://purl.org/sig/ont/fma/fma14336	1.0
http://snomed.info/id/27589003	http://purl.org/sig/ont/fma/fma7365	1.0
http://snomed.info/id/2759004	http://purl.org/sig/ont/fma/fma59154	1.0
http://snomed.info/id/275910003	http://purl.org/sig/ont/fma/fma14335	1.0
http://snomed.info/id/276115001	http://purl.org/sig/ont/fma/fma272201	0.97961998
http://snomed.info/id/27612005	http://purl.org/sig/ont/fma/fma50866	1.0
http://snomed.info/id/276143005	http://purl.org/sig/ont/fma/fma44878	0.90081227
http://snomed.info/id/276144004	http://purl.org/sig/ont/fma/fma81297	0.91429842
http://snomed.info/id/276145003	http://purl.org/sig/ont/fma/fma260668	0.92194211
http://snomed.info/id/276147006	http://purl.org/sig/ont/fma/fma322795	0.92360187
http://snomed.info/id/276151008	http://purl.org/sig/ont/fma/fma49695	0.93544108
http://snomed.info/id/276155004	http://purl.org/sig/ont/fma/fma44311	0.93426639
http://snomed.info/id/276158002	http://purl.org/sig/ont/fma/fma14678	0.93747193
http://snomed.info/id/276160000	http://purl.org/sig/ont/fma/fma71012	0.94167542
http://snomed.info/id/276161001	http://purl.org/sig/ont/fma/fma58280	0.93318361
http://snomed.info/id/276164009	http://purl.org/sig/ont/fma/fma54250	0.91132933
http://snomed.info/id/276166006	http://purl.org/sig/ont/fma/fma323234	0.94234413
http://snomed.info/id/276167002	http://purl.org/sig/ont/fma/fma323236	0.94048315
http://snomed.info/id/276176009	http://purl.org/sig/ont/fma/fma321526	1.0
http://snomed.info/id/276179002	http://purl.org/sig/ont/fma/fma45655	0.94419289
http://snomed.info/id/276193009	http://purl.org/sig/ont/fma/fma321527	1.0
http://snomed.info/id/27622004	http://purl.org/sig/ont/fma/fma49392	0.90436965
http://snomed.info/id/276225002	http://purl.org/sig/ont/fma/fma321901	0.92781943
http://snomed.info/id/276251000	http://purl.org/sig/ont/fma/fma17887	0.94797528
http://snomed.info/id/27630003	http://purl.org/sig/ont/fma/fma31979	0.91370571
http://snomed.info/id/276340002	http://purl.org/sig/ont/fma/fma17888	0.93593293
http://snomed.info/id/27665003	http://purl.org/sig/ont/fma/fma44878	0.94815785
http://snomed.info/id/276831007	http://purl.org/sig/ont/fma/fma59016	1.0
http://snomed.info/id/27690001	http://purl.org/sig/ont/fma/fma10054	1.0
http://snomed.info/id/276956002	http://purl.org/sig/ont/fma/fma15850	1.0
http://snomed.info/id/276957006	http://purl.org/sig/ont/fma/fma54836	0.9417572
http://snomed.info/id/277113001	http://purl.org/sig/ont/fma/fma259278	0.933285
http://snomed.info/id/277129009	http://purl.org/sig/ont/fma/fma321776	0.9414956
http://snomed.info/id/27714004	http://purl.org/sig/ont/fma/fma70108	1.0
http://snomed.info/id/277151001	http://purl.org/sig/ont/fma/fma55130	0.91288036
http://snomed.info/id/27722006	http://purl.org/sig/ont/fma/fma20019	1.0
http://snomed.info/id/27727000	http://purl.org/sig/ont/fma/fma265178	0.9841848
http://snomed.info/id/277323003	http://purl.org/sig/ont/fma/fma65078	0.9281711
http://snomed.info/id/27738000	http://purl.org/sig/ont/fma/fma323380	1.0
http://snomed.info/id/277422007	http://purl.org/sig/ont/fma/fma29755	0.90791357
http://snomed.info/id/277441005	http://purl.org/sig/ont/fma/fma297522	0.94064707
http://snomed.info/id/277442003	http://purl.org/sig/ont/fma/fma297522	0.92590314
http://snomed.info/id/277443008	http://purl.org/sig/ont/fma/fma297524	0.93235654
http://snomed.info/id/277444002	http://purl.org/sig/ont/fma/fma297526	0.93105197
http://snomed.info/id/277445001	http://purl.org/sig/ont/fma/fma297528	0.93111187
http://snomed.info/id/277446000	http://purl.org/sig/ont/fma/fma297530	0.92290002
http://snomed.info/id/277699000	http://purl.org/sig/ont/fma/fma323979	0.90520692
http://snomed.info/id/277712000	http://purl.org/sig/ont/fma/fma321651	0.9857645
http://snomed.info/id/277713005	http://purl.org/sig/ont/fma/fma7218	0.90369254
http://snomed.info/id/277715003	http://purl.org/sig/ont/fma/fma9552	1.0
http://snomed.info/id/277718001	http://purl.org/sig/ont/fma/fma12226	0.9503718
http://snomed.info/id/277726009	http://purl.org/sig/ont/fma/fma12846	0.91707289
http://snomed.info/id/277728005	http://purl.org/sig/ont/fma/fma4707	0.93314588
http://snomed.info/id/277730007	http://purl.org/sig/ont/fma/fma279900	0.9035638
http://snomed.info/id/277741009	http://purl.org/sig/ont/fma/fma322701	0.91894329
http://snomed.info/id/277742002	http://purl.org/sig/ont/fma/fma322702	0.94150805
http://snomed.info/id/277747008	http://purl.org/sig/ont/fma/fma50778	0.94151074
http://snomed.info/id/277765007	http://purl.org/sig/ont/fma/fma14915	0.91416341
http://snomed.info/id/277855007	http://purl.org/sig/ont/fma/fma85274	0.93145865
http://snomed.info/id/277856008	http://purl.org/sig/ont/fma/fma45769	1.0
http://snomed.info/id/277868004	http://purl.org/sig/ont/fma/fma19779	1.0
http://snomed.info/id/27788008	http://purl.org/sig/ont/fma/fma323012	1.0
http://snomed.info/id/277909009	http://purl.org/sig/ont/fma/fma44741	1.0
http://snomed.info/id/277911000	http://purl.org/sig/ont/fma/fma44741	0.92181206
http://snomed.info/id/277944006	http://purl.org/sig/ont/fma/fma9484	0.90425718
http://snomed.info/id/277955006	http://purl.org/sig/ont/fma/fma72263	0.90820038
http://snomed.info/id/277956007	http://purl.org/sig/ont/fma/fma15739	1.0
http://snomed.info/id/277957003	http://purl.org/sig/ont/fma/fma15741	1.0
http://snomed.info/id/277958008	http://purl.org/sig/ont/fma/fma15742	1.0
http://snomed.info/id/277959000	http://purl.org/sig/ont/fma/fma15743	1.0
http://snomed.info/id/277960005	http://purl.org/sig/ont/fma/fma15744	1.0
http://snomed.info/id/277961009	http://purl.org/sig/ont/fma/fma15745	1.0
http://snomed.info/id/277962002	http://purl.org/sig/ont/fma/fma15746	1.0
http://snomed.info/id/277967008	http://purl.org/sig/ont/fma/fma18826	0.9118489
http://snomed.info/id/277968003	http://purl.org/sig/ont/fma/fma18835	0.94834399
http://snomed.info/id/278015009	http://purl.org/sig/ont/fma/fma241733	0.91511631
http://snomed.info/id/27802001	http://purl.org/sig/ont/fma/fma16063	0.94351172
http://snomed.info/id/278029005	http://purl.org/sig/ont/fma/fma14331	0.91496259
http://snomed.info/id/278031001	http://purl.org/sig/ont/fma/fma14332	0.93498933
http://snomed.info/id/27807007	http://purl.org/sig/ont/fma/fma23616	1.0
http://snomed.info/id/278100005	http://purl.org/sig/ont/fma/fma49711	0.93195343
http://snomed.info/id/278101009	http://purl.org/sig/ont/fma/fma79467	1.0
http://snomed.info/id/278108003	http://purl.org/sig/ont/fma/fma51133	0.90671796
http://snomed.info/id/278187006	http://purl.org/sig/ont/fma/fma42167	0.99339837
http://snomed.info/id/278188001	http://purl.org/sig/ont/fma/fma57866	0.94961864
http://snomed.info/id/278191001	http://purl.org/sig/ont/fma/fma15807	0.90504742
http://snomed.info/id/278193003	http://purl.org/sig/ont/fma/fma14346	0.9397825
http://snomed.info/id/278232001	http://purl.org/sig/ont/fma/fma322214	0.948412
http://snomed.info/id/278324007	http://purl.org/sig/ont/fma/fma16666	0.90241116
http://snomed.info/id/278325008	http://purl.org/sig/ont/fma/fma6005	1.0
http://snomed.info/id/278326009	http://purl.org/sig/ont/fma/fma6006	1.0
http://snomed.info/id/278327000	http://purl.org/sig/ont/fma/fma6007	1.0
http://snomed.info/id/278328005	http://purl.org/sig/ont/fma/fma6008	1.0
http://snomed.info/id/27833004	http://purl.org/sig/ont/fma/fma46822	1.0
http://snomed.info/id/278341009	http://purl.org/sig/ont/fma/fma6325	0.91669309
http://snomed.info/id/278351005	http://purl.org/sig/ont/fma/fma6542	0.9128437
http://snomed.info/id/278352003	http://purl.org/sig/ont/fma/fma6543	0.91685343
http://snomed.info/id/278353008	http://purl.org/sig/ont/fma/fma6339	0.90723181
http://snomed.info/id/278367004	http://purl.org/sig/ont/fma/fma31967	0.90912813
http://snomed.info/id/278368009	http://purl.org/sig/ont/fma/fma31957	0.90244633
http://snomed.info/id/278369001	http://purl.org/sig/ont/fma/fma31967	0.9002856
http://snomed.info/id/278370000	http://purl.org/sig/ont/fma/fma7401	0.90378165
http://snomed.info/id/27841004	http://purl.org/sig/ont/fma/fma19039	1.0
http://snomed.info/id/278418000	http://purl.org/sig/ont/fma/fma16668	0.90556324
http://snomed.info/id/27843001	http://purl.org/sig/ont/fma/fma322924	0.90446389
http://snomed.info/id/278502008	http://purl.org/sig/ont/fma/fma16660	0.91272384
http://snomed.info/id/278571002	http://purl.org/sig/ont/fma/fma16662	1.0
http://snomed.info/id/278672000	http://purl.org/sig/ont/fma/fma16663	1.0
http://snomed.info/id/278748001	http://purl.org/sig/ont/fma/fma62420	1.0
http://snomed.info/id/278749009	http://purl.org/sig/ont/fma/fma71166	1.0
http://snomed.info/id/278752001	http://purl.org/sig/ont/fma/fma256623	1.0
http://snomed.info/id/278765005	http://purl.org/sig/ont/fma/fma16661	0.91328228
http://snomed.info/id/278782007	http://purl.org/sig/ont/fma/fma32509	0.90735984
http://snomed.info/id/278783002	http://purl.org/sig/ont/fma/fma268851	0.90573066
http://snomed.info/id/278789003	http://purl.org/sig/ont/fma/fma16428	1.0
http://snomed.info/id/278790007	http://purl.org/sig/ont/fma/fma65360	1.0
http://snomed.info/id/278793009	http://purl.org/sig/ont/fma/fma65217	1.0
http://snomed.info/id/278798000	http://purl.org/sig/ont/fma/fma65219	0.98014295
http://snomed.info/id/278799008	http://purl.org/sig/ont/fma/fma65220	0.97966492
http://snomed.info/id/278800007	http://purl.org/sig/ont/fma/fma65219	0.95195442
http://snomed.info/id/278801006	http://purl.org/sig/ont/fma/fma65220	0.94719571
http://snomed.info/id/278802004	http://purl.org/sig/ont/fma/fma65219	0.98331589
http://snomed.info/id/278803009	http://purl.org/sig/ont/fma/fma65220	0.98377448
http://snomed.info/id/278831000	http://purl.org/sig/ont/fma/fma19927	0.95559329
http://snomed.info/id/278843004	http://purl.org/sig/ont/fma/fma255834	0.90063167
http://snomed.info/id/278867007	http://purl.org/sig/ont/fma/fma18111	0.91556305
http://snomed.info/id/27887005	http://purl.org/sig/ont/fma/fma322532	0.94461751
http://snomed.info/id/278877009	http://purl.org/sig/ont/fma/fma78592	0.9361226
http://snomed.info/id/278878004	http://purl.org/sig/ont/fma/fma289296	0.95702362
http://snomed.info/id/278879007	http://purl.org/sig/ont/fma/fma65279	0.94487655
http://snomed.info/id/278882002	http://purl.org/sig/ont/fma/fma78592	0.92745733
http://snomed.info/id/278884001	http://purl.org/sig/ont/fma/fma65296	0.9335562
http://snomed.info/id/278885000	http://purl.org/sig/ont/fma/fma65244	1.0
http://snomed.info/id/278887008	http://purl.org/sig/ont/fma/fma65293	0.93643254
http://snomed.info/id/278888003	http://purl.org/sig/ont/fma/fma65243	1.0
http://snomed.info/id/278889006	http://purl.org/sig/ont/fma/fma288529	0.92072845
http://snomed.info/id/278890002	http://purl.org/sig/ont/fma/fma288535	0.91938931
http://snomed.info/id/278891003	http://purl.org/sig/ont/fma/fma65220	0.90129352
http://snomed.info/id/278892005	http://purl.org/sig/ont/fma/fma65304	1.0
http://snomed.info/id/278893000	http://purl.org/sig/ont/fma/fma65307	1.0
http://snomed.info/id/2789006	http://purl.org/sig/ont/fma/fma59155	0.93647629
http://snomed.info/id/278911003	http://purl.org/sig/ont/fma/fma65926	0.9392755
http://snomed.info/id/278912005	http://purl.org/sig/ont/fma/fma321744	0.92549258
http://snomed.info/id/278913000	http://purl.org/sig/ont/fma/fma321743	0.92578983
http://snomed.info/id/278915007	http://purl.org/sig/ont/fma/fma257577	0.93892795
http://snomed.info/id/278916008	http://purl.org/sig/ont/fma/fma19653	0.91170305
http://snomed.info/id/278931004	http://purl.org/sig/ont/fma/fma278091	0.92669028
http://snomed.info/id/278941001	http://purl.org/sig/ont/fma/fma59502	0.91896582
http://snomed.info/id/278943003	http://purl.org/sig/ont/fma/fma321942	0.92637372
http://snomed.info/id/278944009	http://purl.org/sig/ont/fma/fma59511	0.92721498
http://snomed.info/id/278954008	http://purl.org/sig/ont/fma/fma52419	0.93234485
http://snomed.info/id/278960008	http://purl.org/sig/ont/fma/fma9564	0.91637748
http://snomed.info/id/278981008	http://purl.org/sig/ont/fma/fma279822	0.91020095
http://snomed.info/id/278982001	http://purl.org/sig/ont/fma/fma323213	0.92897177
http://snomed.info/id/278989005	http://purl.org/sig/ont/fma/fma66245	0.94216526
http://snomed.info/id/278990001	http://purl.org/sig/ont/fma/fma66251	0.95215642
http://snomed.info/id/279011006	http://purl.org/sig/ont/fma/fma58040	0.9200356
http://snomed.info/id/27907006	http://purl.org/sig/ont/fma/fma20005	0.91187125
http://snomed.info/id/279089004	http://purl.org/sig/ont/fma/fma278550	0.90196681
http://snomed.info/id/279092000	http://purl.org/sig/ont/fma/fma66162	1.0
http://snomed.info/id/279094004	http://purl.org/sig/ont/fma/fma265601	0.90288794
http://snomed.info/id/279100001	http://purl.org/sig/ont/fma/fma16642	0.9243418
http://snomed.info/id/279133006	http://purl.org/sig/ont/fma/fma9585	1.0
http://snomed.info/id/279136003	http://purl.org/sig/ont/fma/fma5971	0.93543732
http://snomed.info/id/279137007	http://purl.org/sig/ont/fma/fma12765	1.0
http://snomed.info/id/279138002	http://purl.org/sig/ont/fma/fma5842	1.0
http://snomed.info/id/279141006	http://purl.org/sig/ont/fma/fma61217	1.0
http://snomed.info/id/279142004	http://purl.org/sig/ont/fma/fma61218	1.0
http://snomed.info/id/279143009	http://purl.org/sig/ont/fma/fma61215	1.0
http://snomed.info/id/279144003	http://purl.org/sig/ont/fma/fma224416	0.97003961
http://snomed.info/id/279145002	http://purl.org/sig/ont/fma/fma228927	0.96558976
http://snomed.info/id/279146001	http://purl.org/sig/ont/fma/fma84347	0.90841573
http://snomed.info/id/27915009	http://purl.org/sig/ont/fma/fma63184	0.91628188
http://snomed.info/id/279156002	http://purl.org/sig/ont/fma/fma44227	0.93213421
http://snomed.info/id/279165009	http://purl.org/sig/ont/fma/fma83874	1.0
http://snomed.info/id/279169003	http://purl.org/sig/ont/fma/fma274516	0.91962796
http://snomed.info/id/279172005	http://purl.org/sig/ont/fma/fma273103	1.0
http://snomed.info/id/279173000	http://purl.org/sig/ont/fma/fma274518	0.91462976
http://snomed.info/id/279176008	http://purl.org/sig/ont/fma/fma274520	0.90711582
http://snomed.info/id/279177004	http://purl.org/sig/ont/fma/fma274522	0.92557794
http://snomed.info/id/279178009	http://purl.org/sig/ont/fma/fma274526	0.95042986
http://snomed.info/id/279181004	http://purl.org/sig/ont/fma/fma61913	0.91692847
http://snomed.info/id/279183001	http://purl.org/sig/ont/fma/fma273129	0.93288928
http://snomed.info/id/279184007	http://purl.org/sig/ont/fma/fma274557	0.93909883
http://snomed.info/id/279186009	http://purl.org/sig/ont/fma/fma70713	0.90505964
http://snomed.info/id/279190006	http://purl.org/sig/ont/fma/fma70706	0.91134965
http://snomed.info/id/27919003	http://purl.org/sig/ont/fma/fma52850	1.0
http://snomed.info/id/279194002	http://purl.org/sig/ont/fma/fma62419	1.0
http://snomed.info/id/279195001	http://purl.org/sig/ont/fma/fma62418	1.0
http://snomed.info/id/279196000	http://purl.org/sig/ont/fma/fma256196	1.0
http://snomed.info/id/279197009	http://purl.org/sig/ont/fma/fma80184	1.0
http://snomed.info/id/2792005	http://purl.org/sig/ont/fma/fma56722	1.0
http://snomed.info/id/279203007	http://purl.org/sig/ont/fma/fma275191	0.91625887
http://snomed.info/id/279209006	http://purl.org/sig/ont/fma/fma275048	1.0
http://snomed.info/id/279212009	http://purl.org/sig/ont/fma/fma275054	0.95435178
http://snomed.info/id/279213004	http://purl.org/sig/ont/fma/fma274975	0.94595498
http://snomed.info/id/279215006	http://purl.org/sig/ont/fma/fma72719	1.0
http://snomed.info/id/279218008	http://purl.org/sig/ont/fma/fma72495	0.9379372
http://snomed.info/id/279219000	http://purl.org/sig/ont/fma/fma72515	0.93907017
http://snomed.info/id/279220006	http://purl.org/sig/ont/fma/fma321695	1.0
http://snomed.info/id/279236008	http://purl.org/sig/ont/fma/fma32519	0.93066168
http://snomed.info/id/279258005	http://purl.org/sig/ont/fma/fma242178	0.90036523
http://snomed.info/id/279271008	http://purl.org/sig/ont/fma/fma16651	1.0
http://snomed.info/id/279272001	http://purl.org/sig/ont/fma/fma51313	0.94090313
http://snomed.info/id/279273006	http://purl.org/sig/ont/fma/fma51319	0.9055391
http://snomed.info/id/279274000	http://purl.org/sig/ont/fma/fma51329	0.90686834
http://snomed.info/id/279276003	http://purl.org/sig/ont/fma/fma77589	1.0
http://snomed.info/id/279277007	http://purl.org/sig/ont/fma/fma77590	0.95420098
http://snomed.info/id/279281007	http://purl.org/sig/ont/fma/fma6964	0.92891634
http://snomed.info/id/279284004	http://purl.org/sig/ont/fma/fma5894	0.94550478
http://snomed.info/id/279287006	http://purl.org/sig/ont/fma/fma62407	0.91487873
http://snomed.info/id/279295005	http://purl.org/sig/ont/fma/fma61952	0.94468713
http://snomed.info/id/279296006	http://purl.org/sig/ont/fma/fma61954	0.94594532
http://snomed.info/id/279299004	http://purl.org/sig/ont/fma/fma61854	0.9149847
http://snomed.info/id/279300007	http://purl.org/sig/ont/fma/fma61959	1.0
http://snomed.info/id/279304003	http://purl.org/sig/ont/fma/fma258762	0.96848708
http://snomed.info/id/279307005	http://purl.org/sig/ont/fma/fma86464	0.92217416
http://snomed.info/id/279308000	http://purl.org/sig/ont/fma/fma77693	1.0
http://snomed.info/id/279311004	http://purl.org/sig/ont/fma/fma61945	0.90610993
http://snomed.info/id/279313001	http://purl.org/sig/ont/fma/fma61961	0.91793227
http://snomed.info/id/279317000	http://purl.org/sig/ont/fma/fma321901	1.0
http://snomed.info/id/279318005	http://purl.org/sig/ont/fma/fma77616	0.94178849
http://snomed.info/id/279326002	http://purl.org/sig/ont/fma/fma321901	0.90815163
http://snomed.info/id/279327006	http://purl.org/sig/ont/fma/fma321901	0.91840279
http://snomed.info/id/279328001	http://purl.org/sig/ont/fma/fma74866	0.91497904
http://snomed.info/id/279335009	http://purl.org/sig/ont/fma/fma62048	0.92175651
http://snomed.info/id/279370006	http://purl.org/sig/ont/fma/fma15610	0.90787977
http://snomed.info/id/279380005	http://purl.org/sig/ont/fma/fma83884	1.0
http://snomed.info/id/279403005	http://purl.org/sig/ont/fma/fma15914	0.90062451
http://snomed.info/id/279412007	http://purl.org/sig/ont/fma/fma17855	0.92239541
http://snomed.info/id/279413002	http://purl.org/sig/ont/fma/fma67990	1.0
http://snomed.info/id/279414008	http://purl.org/sig/ont/fma/fma17853	0.9091934
http://snomed.info/id/279415009	http://purl.org/sig/ont/fma/fma67992	1.0
http://snomed.info/id/279416005	http://purl.org/sig/ont/fma/fma63193	1.0
http://snomed.info/id/279419003	http://purl.org/sig/ont/fma/fma15915	0.9019174
http://snomed.info/id/279424000	http://purl.org/sig/ont/fma/fma19113	1.0
http://snomed.info/id/279436006	http://purl.org/sig/ont/fma/fma83945	0.90491754
http://snomed.info/id/279437002	http://purl.org/sig/ont/fma/fma77460	0.93789464
http://snomed.info/id/279448009	http://purl.org/sig/ont/fma/fma16667	0.93018514
http://snomed.info/id/27945007	http://purl.org/sig/ont/fma/fma311256	0.94080269
http://snomed.info/id/279470007	http://purl.org/sig/ont/fma/fma85270	1.0
http://snomed.info/id/279471006	http://purl.org/sig/ont/fma/fma85271	1.0
http://snomed.info/id/279474003	http://purl.org/sig/ont/fma/fma19676	1.0
http://snomed.info/id/279475002	http://purl.org/sig/ont/fma/fma19780	1.0
http://snomed.info/id/279477005	http://purl.org/sig/ont/fma/fma19683	0.9224788
http://snomed.info/id/279506000	http://purl.org/sig/ont/fma/fma322402	0.93268007
http://snomed.info/id/279508004	http://purl.org/sig/ont/fma/fma55131	1.0
http://snomed.info/id/279522004	http://purl.org/sig/ont/fma/fma55282	1.0
http://snomed.info/id/279523009	http://purl.org/sig/ont/fma/fma55283	1.0
http://snomed.info/id/279538005	http://purl.org/sig/ont/fma/fma55351	0.90567219
http://snomed.info/id/279540000	http://purl.org/sig/ont/fma/fma55350	0.90600252
http://snomed.info/id/279543003	http://purl.org/sig/ont/fma/fma55397	0.94848675
http://snomed.info/id/279547002	http://purl.org/sig/ont/fma/fma64157	0.950028
http://snomed.info/id/279550004	http://purl.org/sig/ont/fma/fma54921	0.96096247
http://snomed.info/id/279551000	http://purl.org/sig/ont/fma/fma55135	0.94711238
http://snomed.info/id/279552007	http://purl.org/sig/ont/fma/fma55227	0.91067666
http://snomed.info/id/279553002	http://purl.org/sig/ont/fma/fma55259	0.94332534
http://snomed.info/id/279554008	http://purl.org/sig/ont/fma/fma55138	0.90335155
http://snomed.info/id/279555009	http://purl.org/sig/ont/fma/fma55139	1.0
http://snomed.info/id/279557001	http://purl.org/sig/ont/fma/fma72058	0.96424305
http://snomed.info/id/279558006	http://purl.org/sig/ont/fma/fma55233	0.9521544
http://snomed.info/id/279559003	http://purl.org/sig/ont/fma/fma55237	1.0
http://snomed.info/id/279560008	http://purl.org/sig/ont/fma/fma55238	1.0
http://snomed.info/id/279562000	http://purl.org/sig/ont/fma/fma55230	0.91507113
http://snomed.info/id/279567006	http://purl.org/sig/ont/fma/fma55038	1.0
http://snomed.info/id/279585004	http://purl.org/sig/ont/fma/fma20433	0.91962326
http://snomed.info/id/279586003	http://purl.org/sig/ont/fma/fma77299	0.97013903
http://snomed.info/id/279588002	http://purl.org/sig/ont/fma/fma69248	0.96874654
http://snomed.info/id/279591002	http://purl.org/sig/ont/fma/fma20729	0.91370738
http://snomed.info/id/279601003	http://purl.org/sig/ont/fma/fma19846	1.0
http://snomed.info/id/279604006	http://purl.org/sig/ont/fma/fma19843	0.93048608
http://snomed.info/id/279609001	http://purl.org/sig/ont/fma/fma277585	0.91669214
http://snomed.info/id/279610006	http://purl.org/sig/ont/fma/fma19814	0.90322989
http://snomed.info/id/279613008	http://purl.org/sig/ont/fma/fma19860	0.90194851
http://snomed.info/id/279614002	http://purl.org/sig/ont/fma/fma19825	0.9115783
http://snomed.info/id/279615001	http://purl.org/sig/ont/fma/fma19826	0.90250331
http://snomed.info/id/279616000	http://purl.org/sig/ont/fma/fma76514	0.91112357
http://snomed.info/id/279620001	http://purl.org/sig/ont/fma/fma18255	0.91999733
http://snomed.info/id/279621002	http://purl.org/sig/ont/fma/fma19340	0.90942687
http://snomed.info/id/279626007	http://purl.org/sig/ont/fma/fma18268	0.91868496
http://snomed.info/id/279641007	http://purl.org/sig/ont/fma/fma74057	0.94771904
http://snomed.info/id/279646002	http://purl.org/sig/ont/fma/fma19937	0.92258555
http://snomed.info/id/279652001	http://purl.org/sig/ont/fma/fma77299	0.96398717
http://snomed.info/id/279653006	http://purl.org/sig/ont/fma/fma19937	0.93150228
http://snomed.info/id/279659005	http://purl.org/sig/ont/fma/fma77384	0.92454243
http://snomed.info/id/279662008	http://purl.org/sig/ont/fma/fma78331	0.94811076
http://snomed.info/id/279664009	http://purl.org/sig/ont/fma/fma6637	0.91517103
http://snomed.info/id/279665005	http://purl.org/sig/ont/fma/fma19325	0.94578564
http://snomed.info/id/279674007	http://purl.org/sig/ont/fma/fma19393	1.0
http://snomed.info/id/279679002	http://purl.org/sig/ont/fma/fma74165	0.96382493
http://snomed.info/id/279686005	http://purl.org/sig/ont/fma/fma74196	1.0
http://snomed.info/id/279689003	http://purl.org/sig/ont/fma/fma74119	1.0
http://snomed.info/id/279703006	http://purl.org/sig/ont/fma/fma19594	0.90382892
http://snomed.info/id/279710000	http://purl.org/sig/ont/fma/fma9707	0.917328
http://snomed.info/id/279716006	http://purl.org/sig/ont/fma/fma19651	1.0
http://snomed.info/id/279719004	http://purl.org/sig/ont/fma/fma19636	0.90079105
http://snomed.info/id/279721009	http://purl.org/sig/ont/fma/fma27941	0.91438723
http://snomed.info/id/279723007	http://purl.org/sig/ont/fma/fma27941	0.949687
http://snomed.info/id/279725000	http://purl.org/sig/ont/fma/fma18086	0.96260798
http://snomed.info/id/279726004	http://purl.org/sig/ont/fma/fma60186	1.0
http://snomed.info/id/279730001	http://purl.org/sig/ont/fma/fma77742	1.0
http://snomed.info/id/279731002	http://purl.org/sig/ont/fma/fma77741	1.0
http://snomed.info/id/279750002	http://purl.org/sig/ont/fma/fma61232	0.93783855
http://snomed.info/id/279752005	http://purl.org/sig/ont/fma/fma323424	0.91454542
http://snomed.info/id/279757004	http://purl.org/sig/ont/fma/fma60186	0.90761292
http://snomed.info/id/279759001	http://purl.org/sig/ont/fma/fma322161	1.0
http://snomed.info/id/279763008	http://purl.org/sig/ont/fma/fma44226	0.90185773
http://snomed.info/id/279765001	http://purl.org/sig/ont/fma/fma60216	1.0
http://snomed.info/id/279766000	http://purl.org/sig/ont/fma/fma60210	1.0
http://snomed.info/id/279767009	http://purl.org/sig/ont/fma/fma60204	1.0
http://snomed.info/id/279768004	http://purl.org/sig/ont/fma/fma56958	1.0
http://snomed.info/id/279786001	http://purl.org/sig/ont/fma/fma75675	0.91546685
http://snomed.info/id/279788000	http://purl.org/sig/ont/fma/fma77843	0.94566458
http://snomed.info/id/279791000	http://purl.org/sig/ont/fma/fma75680	0.94668639
http://snomed.info/id/279795009	http://purl.org/sig/ont/fma/fma12795	0.91817343
http://snomed.info/id/279798006	http://purl.org/sig/ont/fma/fma71835	1.0
http://snomed.info/id/279800004	http://purl.org/sig/ont/fma/fma71785	1.0
http://snomed.info/id/279801000	http://purl.org/sig/ont/fma/fma321478	1.0
http://snomed.info/id/279804008	http://purl.org/sig/ont/fma/fma71851	1.0
http://snomed.info/id/279806005	http://purl.org/sig/ont/fma/fma71748	1.0
http://snomed.info/id/279807001	http://purl.org/sig/ont/fma/fma323958	1.0
http://snomed.info/id/279810008	http://purl.org/sig/ont/fma/fma75639	0.94991821
http://snomed.info/id/279811007	http://purl.org/sig/ont/fma/fma77824	0.91634613
http://snomed.info/id/279813005	http://purl.org/sig/ont/fma/fma276770	1.0
http://snomed.info/id/279814004	http://purl.org/sig/ont/fma/fma233091	1.0
http://snomed.info/id/279816002	http://purl.org/sig/ont/fma/fma71769	1.0
http://snomed.info/id/279818001	http://purl.org/sig/ont/fma/fma71730	1.0
http://snomed.info/id/279833009	http://purl.org/sig/ont/fma/fma61122	0.90832794
http://snomed.info/id/279836001	http://purl.org/sig/ont/fma/fma61123	0.92492282
http://snomed.info/id/279840005	http://purl.org/sig/ont/fma/fma79834	0.93733793
http://snomed.info/id/279843007	http://purl.org/sig/ont/fma/fma77833	0.99733186
http://snomed.info/id/279857009	http://purl.org/sig/ont/fma/fma19995	0.92063481
http://snomed.info/id/279858004	http://purl.org/sig/ont/fma/fma9909	0.92968011
http://snomed.info/id/279860002	http://purl.org/sig/ont/fma/fma20175	0.91556108
http://snomed.info/id/279866008	http://purl.org/sig/ont/fma/fma12803	1.0
http://snomed.info/id/279867004	http://purl.org/sig/ont/fma/fma20404	1.0
http://snomed.info/id/279875005	http://purl.org/sig/ont/fma/fma78586	0.92364138
http://snomed.info/id/279879004	http://purl.org/sig/ont/fma/fma18116	0.92329627
http://snomed.info/id/27988004	http://purl.org/sig/ont/fma/fma49879	1.0
http://snomed.info/id/279881002	http://purl.org/sig/ont/fma/fma77055	0.97484547
http://snomed.info/id/279882009	http://purl.org/sig/ont/fma/fma77056	0.97861481
http://snomed.info/id/279887003	http://purl.org/sig/ont/fma/fma322145	1.0
http://snomed.info/id/279888008	http://purl.org/sig/ont/fma/fma19113	1.0
http://snomed.info/id/279900000	http://purl.org/sig/ont/fma/fma19808	0.95413882
http://snomed.info/id/279914000	http://purl.org/sig/ont/fma/fma19815	0.94136328
http://snomed.info/id/279915004	http://purl.org/sig/ont/fma/fma55422	1.0
http://snomed.info/id/279916003	http://purl.org/sig/ont/fma/fma55422	0.91907322
http://snomed.info/id/279923002	http://purl.org/sig/ont/fma/fma321845	1.0
http://snomed.info/id/279929003	http://purl.org/sig/ont/fma/fma71676	0.90208489
http://snomed.info/id/279968005	http://purl.org/sig/ont/fma/fma15821	0.92842805
http://snomed.info/id/279969002	http://purl.org/sig/ont/fma/fma15824	0.90130728
http://snomed.info/id/279971002	http://purl.org/sig/ont/fma/fma16519	0.9592039
http://snomed.info/id/279977003	http://purl.org/sig/ont/fma/fma15040	0.91327477
http://snomed.info/id/279995000	http://purl.org/sig/ont/fma/fma17049	0.92360622
http://snomed.info/id/280012003	http://purl.org/sig/ont/fma/fma32826	0.91753519
http://snomed.info/id/280013008	http://purl.org/sig/ont/fma/fma35512	0.94873744
http://snomed.info/id/280014002	http://purl.org/sig/ont/fma/fma33748	0.90756589
http://snomed.info/id/280016000	http://purl.org/sig/ont/fma/fma32844	0.9662782
http://snomed.info/id/280017009	http://purl.org/sig/ont/fma/fma35474	0.94372916
http://snomed.info/id/280018004	http://purl.org/sig/ont/fma/fma35505	0.94925213
http://snomed.info/id/280028008	http://purl.org/sig/ont/fma/fma32825	0.92258286
http://snomed.info/id/280030005	http://purl.org/sig/ont/fma/fma33748	0.91622978
http://snomed.info/id/280033007	http://purl.org/sig/ont/fma/fma322138	1.0
http://snomed.info/id/280034001	http://purl.org/sig/ont/fma/fma33112	0.92552727
http://snomed.info/id/280038003	http://purl.org/sig/ont/fma/fma32838	0.9230051
http://snomed.info/id/280039006	http://purl.org/sig/ont/fma/fma51542	0.91263509
http://snomed.info/id/280041007	http://purl.org/sig/ont/fma/fma51543	0.92059577
http://snomed.info/id/280042000	http://purl.org/sig/ont/fma/fma322137	0.99999994
http://snomed.info/id/280043005	http://purl.org/sig/ont/fma/fma322136	0.99999982
http://snomed.info/id/280044004	http://purl.org/sig/ont/fma/fma321971	1.0
http://snomed.info/id/280045003	http://purl.org/sig/ont/fma/fma321972	1.0
http://snomed.info/id/280046002	http://purl.org/sig/ont/fma/fma321561	0.99999952
http://snomed.info/id/280047006	http://purl.org/sig/ont/fma/fma322133	1.00000036
http://snomed.info/id/280048001	http://purl.org/sig/ont/fma/fma322134	1.0
http://snomed.info/id/280049009	http://purl.org/sig/ont/fma/fma322135	1.00000024
http://snomed.info/id/280055004	http://purl.org/sig/ont/fma/fma58334	1.0
http://snomed.info/id/280056003	http://purl.org/sig/ont/fma/fma58335	1.0
http://snomed.info/id/280057007	http://purl.org/sig/ont/fma/fma58333	1.0
http://snomed.info/id/280087001	http://purl.org/sig/ont/fma/fma71193	0.966856
http://snomed.info/id/280089003	http://purl.org/sig/ont/fma/fma45116	0.91687804
http://snomed.info/id/280095002	http://purl.org/sig/ont/fma/fma40864	0.90455163
http://snomed.info/id/280096001	http://purl.org/sig/ont/fma/fma40864	0.90852135
http://snomed.info/id/280098000	http://purl.org/sig/ont/fma/fma40865	0.90544903
http://snomed.info/id/280099008	http://purl.org/sig/ont/fma/fma297646	0.90067422
http://snomed.info/id/280100000	http://purl.org/sig/ont/fma/fma45106	0.92509562
http://snomed.info/id/280106006	http://purl.org/sig/ont/fma/fma18485	0.90617615
http://snomed.info/id/280112001	http://purl.org/sig/ont/fma/fma21166	1.0
http://snomed.info/id/280119005	http://purl.org/sig/ont/fma/fma322099	0.94371128
http://snomed.info/id/280120004	http://purl.org/sig/ont/fma/fma322379	0.96212232
http://snomed.info/id/280123002	http://purl.org/sig/ont/fma/fma7213	0.95386893
http://snomed.info/id/280124008	http://purl.org/sig/ont/fma/fma7214	0.93575895
http://snomed.info/id/280127001	http://purl.org/sig/ont/fma/fma12802	0.9099322
http://snomed.info/id/280138001	http://purl.org/sig/ont/fma/fma53250	0.92640901
http://snomed.info/id/280148004	http://purl.org/sig/ont/fma/fma50271	0.97814232
http://snomed.info/id/280155002	http://purl.org/sig/ont/fma/fma322882	0.96628702
http://snomed.info/id/280158000	http://purl.org/sig/ont/fma/fma322291	0.985533
http://snomed.info/id/280161004	http://purl.org/sig/ont/fma/fma52609	1.0
http://snomed.info/id/280164007	http://purl.org/sig/ont/fma/fma71248	0.95096302
http://snomed.info/id/280166009	http://purl.org/sig/ont/fma/fma54572	1.0
http://snomed.info/id/280170001	http://purl.org/sig/ont/fma/fma83462	0.93060964
http://snomed.info/id/280175006	http://purl.org/sig/ont/fma/fma54608	1.0
http://snomed.info/id/280184006	http://purl.org/sig/ont/fma/fma54588	0.91169995
http://snomed.info/id/280185007	http://purl.org/sig/ont/fma/fma52610	1.0
http://snomed.info/id/280186008	http://purl.org/sig/ont/fma/fma53418	1.0
http://snomed.info/id/280191009	http://purl.org/sig/ont/fma/fma53419	1.0
http://snomed.info/id/280206003	http://purl.org/sig/ont/fma/fma52597	0.91481751
http://snomed.info/id/280209005	http://purl.org/sig/ont/fma/fma264800	0.94241655
http://snomed.info/id/280216006	http://purl.org/sig/ont/fma/fma66183	1.0
http://snomed.info/id/280217002	http://purl.org/sig/ont/fma/fma52624	1.0
http://snomed.info/id/280218007	http://purl.org/sig/ont/fma/fma52632	0.9311955
http://snomed.info/id/280219004	http://purl.org/sig/ont/fma/fma52638	0.9315846
http://snomed.info/id/280220005	http://purl.org/sig/ont/fma/fma52668	0.93037456
http://snomed.info/id/280221009	http://purl.org/sig/ont/fma/fma52641	1.0
http://snomed.info/id/280222002	http://purl.org/sig/ont/fma/fma52671	1.0
http://snomed.info/id/280223007	http://purl.org/sig/ont/fma/fma52642	0.93530107
http://snomed.info/id/280225000	http://purl.org/sig/ont/fma/fma52675	0.94537079
http://snomed.info/id/280226004	http://purl.org/sig/ont/fma/fma52679	0.91196275
http://snomed.info/id/280227008	http://purl.org/sig/ont/fma/fma52688	0.90045905
http://snomed.info/id/280228003	http://purl.org/sig/ont/fma/fma52691	1.0
http://snomed.info/id/280229006	http://purl.org/sig/ont/fma/fma52693	0.94032663
http://snomed.info/id/280230001	http://purl.org/sig/ont/fma/fma52714	0.94758356
http://snomed.info/id/280231002	http://purl.org/sig/ont/fma/fma52727	1.0
http://snomed.info/id/280232009	http://purl.org/sig/ont/fma/fma52728	1.0
http://snomed.info/id/280234005	http://purl.org/sig/ont/fma/fma52967	0.93580997
http://snomed.info/id/280235006	http://purl.org/sig/ont/fma/fma52930	1.0
http://snomed.info/id/280238008	http://purl.org/sig/ont/fma/fma52986	0.90235102
http://snomed.info/id/280242006	http://purl.org/sig/ont/fma/fma52970	1.0
http://snomed.info/id/280243001	http://purl.org/sig/ont/fma/fma52967	0.95055789
http://snomed.info/id/280244007	http://purl.org/sig/ont/fma/fma52967	0.97288346
http://snomed.info/id/280245008	http://purl.org/sig/ont/fma/fma53060	1.0
http://snomed.info/id/280246009	http://purl.org/sig/ont/fma/fma53059	0.98499042
http://snomed.info/id/280247000	http://purl.org/sig/ont/fma/fma53061	1.0
http://snomed.info/id/280248005	http://purl.org/sig/ont/fma/fma52999	1.0
http://snomed.info/id/280250002	http://purl.org/sig/ont/fma/fma53056	1.0
http://snomed.info/id/280254006	http://purl.org/sig/ont/fma/fma53189	0.94058806
http://snomed.info/id/280255007	http://purl.org/sig/ont/fma/fma53187	0.93287724
http://snomed.info/id/280257004	http://purl.org/sig/ont/fma/fma53112	1.0
http://snomed.info/id/280258009	http://purl.org/sig/ont/fma/fma53113	1.0
http://snomed.info/id/280259001	http://purl.org/sig/ont/fma/fma53000	0.93546313
http://snomed.info/id/280260006	http://purl.org/sig/ont/fma/fma53218	0.92988616
http://snomed.info/id/280262003	http://purl.org/sig/ont/fma/fma53195	1.0
http://snomed.info/id/280263008	http://purl.org/sig/ont/fma/fma53246	1.0
http://snomed.info/id/280264002	http://purl.org/sig/ont/fma/fma53212	1.0
http://snomed.info/id/280265001	http://purl.org/sig/ont/fma/fma53206	1.0
http://snomed.info/id/280267009	http://purl.org/sig/ont/fma/fma53215	1.0
http://snomed.info/id/280269007	http://purl.org/sig/ont/fma/fma53247	1.0
http://snomed.info/id/280270008	http://purl.org/sig/ont/fma/fma53438	1.0
http://snomed.info/id/280271007	http://purl.org/sig/ont/fma/fma53438	0.93173468
http://snomed.info/id/280273005	http://purl.org/sig/ont/fma/fma67585	0.95388937
http://snomed.info/id/280274004	http://purl.org/sig/ont/fma/fma80925	0.90142751
http://snomed.info/id/280275003	http://purl.org/sig/ont/fma/fma53275	1.0
http://snomed.info/id/280277006	http://purl.org/sig/ont/fma/fma82842	0.91636968
http://snomed.info/id/280278001	http://purl.org/sig/ont/fma/fma53298	1.0
http://snomed.info/id/280280007	http://purl.org/sig/ont/fma/fma53438	0.94098902
http://snomed.info/id/280282004	http://purl.org/sig/ont/fma/fma53310	1.0
http://snomed.info/id/280284003	http://purl.org/sig/ont/fma/fma53396	1.0
http://snomed.info/id/280287005	http://purl.org/sig/ont/fma/fma53470	1.0
http://snomed.info/id/280291000	http://purl.org/sig/ont/fma/fma53486	1.0
http://snomed.info/id/280292007	http://purl.org/sig/ont/fma/fma53489	1.0
http://snomed.info/id/280293002	http://purl.org/sig/ont/fma/fma53490	1.0
http://snomed.info/id/280294008	http://purl.org/sig/ont/fma/fma53487	1.0
http://snomed.info/id/280295009	http://purl.org/sig/ont/fma/fma6231	1.0
http://snomed.info/id/280298006	http://purl.org/sig/ont/fma/fma6234	1.0
http://snomed.info/id/280299003	http://purl.org/sig/ont/fma/fma14468	1.0
http://snomed.info/id/2803000	http://purl.org/sig/ont/fma/fma322797	0.96927202
http://snomed.info/id/280300006	http://purl.org/sig/ont/fma/fma14469	1.0
http://snomed.info/id/280301005	http://purl.org/sig/ont/fma/fma53612	0.90355235
http://snomed.info/id/280302003	http://purl.org/sig/ont/fma/fma65515	0.98350614
http://snomed.info/id/280303008	http://purl.org/sig/ont/fma/fma65514	0.90035152
http://snomed.info/id/280307009	http://purl.org/sig/ont/fma/fma6670	0.98139513
http://snomed.info/id/280308004	http://purl.org/sig/ont/fma/fma6221	1.0
http://snomed.info/id/280309007	http://purl.org/sig/ont/fma/fma6227	0.94519943
http://snomed.info/id/280310002	http://purl.org/sig/ont/fma/fma54399	1.0
http://snomed.info/id/280311003	http://purl.org/sig/ont/fma/fma54400	1.0
http://snomed.info/id/280312005	http://purl.org/sig/ont/fma/fma54402	1.0
http://snomed.info/id/280313000	http://purl.org/sig/ont/fma/fma55152	1.0
http://snomed.info/id/280314006	http://purl.org/sig/ont/fma/fma66184	1.0
http://snomed.info/id/280315007	http://purl.org/sig/ont/fma/fma54404	1.0
http://snomed.info/id/280316008	http://purl.org/sig/ont/fma/fma54405	1.0
http://snomed.info/id/280317004	http://purl.org/sig/ont/fma/fma54406	1.0
http://snomed.info/id/280318009	http://purl.org/sig/ont/fma/fma54407	1.0
http://snomed.info/id/280322004	http://purl.org/sig/ont/fma/fma12135	1.0
http://snomed.info/id/280323009	http://purl.org/sig/ont/fma/fma78591	0.92133105
http://snomed.info/id/280325002	http://purl.org/sig/ont/fma/fma55181	0.98143572
http://snomed.info/id/280326001	http://purl.org/sig/ont/fma/fma6870	0.97354698
http://snomed.info/id/280327005	http://purl.org/sig/ont/fma/fma78600	0.97608298
http://snomed.info/id/280328000	http://purl.org/sig/ont/fma/fma65414	1.0
http://snomed.info/id/280329008	http://purl.org/sig/ont/fma/fma78648	1.0
http://snomed.info/id/280330003	http://purl.org/sig/ont/fma/fma78651	1.0
http://snomed.info/id/280331004	http://purl.org/sig/ont/fma/fma65414	0.95191425
http://snomed.info/id/280332006	http://purl.org/sig/ont/fma/fma78603	0.97706425
http://snomed.info/id/280333001	http://purl.org/sig/ont/fma/fma78657	0.97317892
http://snomed.info/id/280335008	http://purl.org/sig/ont/fma/fma78693	0.9592852
http://snomed.info/id/280338005	http://purl.org/sig/ont/fma/fma78699	0.97134405
http://snomed.info/id/280339002	http://purl.org/sig/ont/fma/fma321562	1.0
http://snomed.info/id/280340000	http://purl.org/sig/ont/fma/fma321563	1.0
http://snomed.info/id/280341001	http://purl.org/sig/ont/fma/fma321568	1.0
http://snomed.info/id/280342008	http://purl.org/sig/ont/fma/fma78685	0.9441424
http://snomed.info/id/280344009	http://purl.org/sig/ont/fma/fma86769	0.94659865
http://snomed.info/id/280346006	http://purl.org/sig/ont/fma/fma16420	1.0
http://snomed.info/id/280347002	http://purl.org/sig/ont/fma/fma16479	0.94824874
http://snomed.info/id/280348007	http://purl.org/sig/ont/fma/fma16488	1.0
http://snomed.info/id/280349004	http://purl.org/sig/ont/fma/fma16429	1.0
http://snomed.info/id/280350004	http://purl.org/sig/ont/fma/fma16480	0.92988127
http://snomed.info/id/280351000	http://purl.org/sig/ont/fma/fma78705	1.0
http://snomed.info/id/280352007	http://purl.org/sig/ont/fma/fma78711	1.0
http://snomed.info/id/280353002	http://purl.org/sig/ont/fma/fma16509	1.0
http://snomed.info/id/280354008	http://purl.org/sig/ont/fma/fma66048	1.0
http://snomed.info/id/280355009	http://purl.org/sig/ont/fma/fma45356	0.92932129
http://snomed.info/id/280362000	http://purl.org/sig/ont/fma/fma5884	0.90842927
http://snomed.info/id/280363005	http://purl.org/sig/ont/fma/fma54502	0.91223061
http://snomed.info/id/280372002	http://purl.org/sig/ont/fma/fma256194	0.92465192
http://snomed.info/id/280386003	http://purl.org/sig/ont/fma/fma55265	1.0
http://snomed.info/id/280388002	http://purl.org/sig/ont/fma/fma322342	1.0
http://snomed.info/id/280402004	http://purl.org/sig/ont/fma/fma66185	1.0
http://snomed.info/id/280411004	http://purl.org/sig/ont/fma/fma54973	0.9014281
http://snomed.info/id/280423005	http://purl.org/sig/ont/fma/fma322548	0.91279638
http://snomed.info/id/280424004	http://purl.org/sig/ont/fma/fma322378	0.95038384
http://snomed.info/id/280425003	http://purl.org/sig/ont/fma/fma323920	1.0
http://snomed.info/id/280440001	http://purl.org/sig/ont/fma/fma312068	0.9339233
http://snomed.info/id/280448008	http://purl.org/sig/ont/fma/fma43612	0.91298187
http://snomed.info/id/280449000	http://purl.org/sig/ont/fma/fma44050	0.91124958
http://snomed.info/id/280480005	http://purl.org/sig/ont/fma/fma277571	0.91261119
http://snomed.info/id/28049001	http://purl.org/sig/ont/fma/fma321526	0.9096747
http://snomed.info/id/28050001	http://purl.org/sig/ont/fma/fma292885	0.91610366
http://snomed.info/id/280502002	http://purl.org/sig/ont/fma/fma6623	1.0
http://snomed.info/id/280503007	http://purl.org/sig/ont/fma/fma6281	0.92063081
http://snomed.info/id/280505000	http://purl.org/sig/ont/fma/fma6282	0.91683114
http://snomed.info/id/280506004	http://purl.org/sig/ont/fma/fma5883	0.90070504
http://snomed.info/id/280507008	http://purl.org/sig/ont/fma/fma6287	0.93770438
http://snomed.info/id/280509006	http://purl.org/sig/ont/fma/fma67533	0.9246828
http://snomed.info/id/280511002	http://purl.org/sig/ont/fma/fma6628	1.0
http://snomed.info/id/280512009	http://purl.org/sig/ont/fma/fma6629	1.0
http://snomed.info/id/280513004	http://purl.org/sig/ont/fma/fma6649	0.93537068
http://snomed.info/id/280514005	http://purl.org/sig/ont/fma/fma6650	0.93059355
http://snomed.info/id/280517003	http://purl.org/sig/ont/fma/fma6653	0.95311177
http://snomed.info/id/280518008	http://purl.org/sig/ont/fma/fma6652	0.94757837
http://snomed.info/id/280519000	http://purl.org/sig/ont/fma/fma6651	0.95322752
http://snomed.info/id/280520006	http://purl.org/sig/ont/fma/fma6654	0.9654032
http://snomed.info/id/280521005	http://purl.org/sig/ont/fma/fma6655	0.96521848
http://snomed.info/id/280522003	http://purl.org/sig/ont/fma/fma78579	1.0
http://snomed.info/id/280523008	http://purl.org/sig/ont/fma/fma6632	0.93680578
http://snomed.info/id/280524002	http://purl.org/sig/ont/fma/fma6634	0.91596454
http://snomed.info/id/280525001	http://purl.org/sig/ont/fma/fma6635	0.92056096
http://snomed.info/id/280526000	http://purl.org/sig/ont/fma/fma6636	0.92534512
http://snomed.info/id/280527009	http://purl.org/sig/ont/fma/fma6638	0.9175297
http://snomed.info/id/280528004	http://purl.org/sig/ont/fma/fma6645	0.92952007
http://snomed.info/id/280529007	http://purl.org/sig/ont/fma/fma6646	0.91881859
http://snomed.info/id/280530002	http://purl.org/sig/ont/fma/fma6647	1.0
http://snomed.info/id/280533000	http://purl.org/sig/ont/fma/fma6261	1.0
http://snomed.info/id/280534006	http://purl.org/sig/ont/fma/fma6263	1.0
http://snomed.info/id/280542007	http://purl.org/sig/ont/fma/fma10427	1.0
http://snomed.info/id/280548006	http://purl.org/sig/ont/fma/fma54071	0.95871836
http://snomed.info/id/280556009	http://purl.org/sig/ont/fma/fma12804	1.0
http://snomed.info/id/280562004	http://purl.org/sig/ont/fma/fma20277	1.0
http://snomed.info/id/28057003	http://purl.org/sig/ont/fma/fma18630	1.0
http://snomed.info/id/280573006	http://purl.org/sig/ont/fma/fma321883	1.0
http://snomed.info/id/280577007	http://purl.org/sig/ont/fma/fma77671	0.90788227
http://snomed.info/id/280578002	http://purl.org/sig/ont/fma/fma323068	0.94322348
http://snomed.info/id/280581007	http://purl.org/sig/ont/fma/fma321883	0.90050822
http://snomed.info/id/280582000	http://purl.org/sig/ont/fma/fma63967	0.932015
http://snomed.info/id/280586002	http://purl.org/sig/ont/fma/fma59164	0.9161604
http://snomed.info/id/280606007	http://purl.org/sig/ont/fma/fma59704	0.9144817
http://snomed.info/id/280612002	http://purl.org/sig/ont/fma/fma58600	0.90598667
http://snomed.info/id/280614001	http://purl.org/sig/ont/fma/fma58640	0.95162666
http://snomed.info/id/280621001	http://purl.org/sig/ont/fma/fma59383	0.900298
http://snomed.info/id/280622008	http://purl.org/sig/ont/fma/fma59384	0.95004022
http://snomed.info/id/280626006	http://purl.org/sig/ont/fma/fma280469	0.91976351
http://snomed.info/id/280628007	http://purl.org/sig/ont/fma/fma58971	0.91042805
http://snomed.info/id/280632001	http://purl.org/sig/ont/fma/fma58910	0.92136693
http://snomed.info/id/280657006	http://purl.org/sig/ont/fma/fma58617	1.0
http://snomed.info/id/280659009	http://purl.org/sig/ont/fma/fma58762	0.90675813
http://snomed.info/id/280665009	http://purl.org/sig/ont/fma/fma322375	1.0
http://snomed.info/id/280668006	http://purl.org/sig/ont/fma/fma322374	1.0
http://snomed.info/id/280674006	http://purl.org/sig/ont/fma/fma59024	0.92063606
http://snomed.info/id/280677004	http://purl.org/sig/ont/fma/fma58689	1.0
http://snomed.info/id/280690006	http://purl.org/sig/ont/fma/fma62414	0.93986911
http://snomed.info/id/280707006	http://purl.org/sig/ont/fma/fma20832	0.98438221
http://snomed.info/id/280712007	http://purl.org/sig/ont/fma/fma321904	0.91369998
http://snomed.info/id/280715009	http://purl.org/sig/ont/fma/fma321904	0.90154147
http://snomed.info/id/280718006	http://purl.org/sig/ont/fma/fma13458	0.92723554
http://snomed.info/id/280719003	http://purl.org/sig/ont/fma/fma30262	0.90404463
http://snomed.info/id/280725004	http://purl.org/sig/ont/fma/fma29996	0.90675491
http://snomed.info/id/280726003	http://purl.org/sig/ont/fma/fma16077	0.90762287
http://snomed.info/id/280729005	http://purl.org/sig/ont/fma/fma16079	0.90311825
http://snomed.info/id/280730000	http://purl.org/sig/ont/fma/fma23894	0.93801397
http://snomed.info/id/280733003	http://purl.org/sig/ont/fma/fma16080	0.90369606
http://snomed.info/id/280739004	http://purl.org/sig/ont/fma/fma29999	0.9201026
http://snomed.info/id/280740002	http://purl.org/sig/ont/fma/fma30016	0.93004596
http://snomed.info/id/28074003	http://purl.org/sig/ont/fma/fma83851	0.98703688
http://snomed.info/id/280741003	http://purl.org/sig/ont/fma/fma30017	0.93140382
http://snomed.info/id/280742005	http://purl.org/sig/ont/fma/fma30018	0.93159211
http://snomed.info/id/280743000	http://purl.org/sig/ont/fma/fma30019	0.9416309
http://snomed.info/id/280744006	http://purl.org/sig/ont/fma/fma30020	0.92807972
http://snomed.info/id/280745007	http://purl.org/sig/ont/fma/fma30021	0.93327254
http://snomed.info/id/280746008	http://purl.org/sig/ont/fma/fma30022	0.93148041
http://snomed.info/id/280747004	http://purl.org/sig/ont/fma/fma30023	0.93618602
http://snomed.info/id/280748009	http://purl.org/sig/ont/fma/fma30024	0.94190574
http://snomed.info/id/280749001	http://purl.org/sig/ont/fma/fma30025	0.93434638
http://snomed.info/id/280750001	http://purl.org/sig/ont/fma/fma30026	0.94893557
http://snomed.info/id/280751002	http://purl.org/sig/ont/fma/fma30027	0.94256186
http://snomed.info/id/280752009	http://purl.org/sig/ont/fma/fma30000	0.93092757
http://snomed.info/id/280753004	http://purl.org/sig/ont/fma/fma30001	0.92271203
http://snomed.info/id/280754005	http://purl.org/sig/ont/fma/fma30002	0.92806375
http://snomed.info/id/280755006	http://purl.org/sig/ont/fma/fma30003	0.91986281
http://snomed.info/id/280756007	http://purl.org/sig/ont/fma/fma32238	0.9310174
http://snomed.info/id/280757003	http://purl.org/sig/ont/fma/fma32239	0.93399572
http://snomed.info/id/280758008	http://purl.org/sig/ont/fma/fma32240	0.93295568
http://snomed.info/id/280759000	http://purl.org/sig/ont/fma/fma32241	0.93963271
http://snomed.info/id/280760005	http://purl.org/sig/ont/fma/fma32242	0.93492121
http://snomed.info/id/280761009	http://purl.org/sig/ont/fma/fma24245	0.9462955
http://snomed.info/id/280762002	http://purl.org/sig/ont/fma/fma9179	0.95784652
http://snomed.info/id/280763007	http://purl.org/sig/ont/fma/fma30271	0.92822981
http://snomed.info/id/280764001	http://purl.org/sig/ont/fma/fma30272	0.93064463
http://snomed.info/id/280765000	http://purl.org/sig/ont/fma/fma30273	0.93994755
http://snomed.info/id/280766004	http://purl.org/sig/ont/fma/fma30274	0.92538434
http://snomed.info/id/280767008	http://purl.org/sig/ont/fma/fma30276	0.92431474
http://snomed.info/id/280768003	http://purl.org/sig/ont/fma/fma30277	0.9326914
http://snomed.info/id/280769006	http://purl.org/sig/ont/fma/fma30278	0.93015814
http://snomed.info/id/280770007	http://purl.org/sig/ont/fma/fma30279	0.93191719
http://snomed.info/id/280771006	http://purl.org/sig/ont/fma/fma30280	0.94397068
http://snomed.info/id/280772004	http://purl.org/sig/ont/fma/fma30281	0.94513136
http://snomed.info/id/280773009	http://purl.org/sig/ont/fma/fma26354	0.95853138
http://snomed.info/id/280774003	http://purl.org/sig/ont/fma/fma26407	0.95283252
http://snomed.info/id/280775002	http://purl.org/sig/ont/fma/fma26457	0.95101577
http://snomed.info/id/280776001	http://purl.org/sig/ont/fma/fma26507	0.94853073
http://snomed.info/id/280777005	http://purl.org/sig/ont/fma/fma32330	0.93408233
http://snomed.info/id/280778000	http://purl.org/sig/ont/fma/fma32331	0.9277547
http://snomed.info/id/280779008	http://purl.org/sig/ont/fma/fma32332	0.93262571
http://snomed.info/id/280780006	http://purl.org/sig/ont/fma/fma32333	0.93479133
http://snomed.info/id/280781005	http://purl.org/sig/ont/fma/fma32334	0.92927301
http://snomed.info/id/280782003	http://purl.org/sig/ont/fma/fma30056	0.90227437
http://snomed.info/id/280783008	http://purl.org/sig/ont/fma/fma30073	0.92344487
http://snomed.info/id/280784002	http://purl.org/sig/ont/fma/fma30074	0.91969395
http://snomed.info/id/280785001	http://purl.org/sig/ont/fma/fma30075	0.91797984
http://snomed.info/id/280786000	http://purl.org/sig/ont/fma/fma30076	0.9316166
http://snomed.info/id/280787009	http://purl.org/sig/ont/fma/fma30077	0.91750747
http://snomed.info/id/280788004	http://purl.org/sig/ont/fma/fma30078	0.9215343
http://snomed.info/id/280789007	http://purl.org/sig/ont/fma/fma30079	0.91940069
http://snomed.info/id/280790003	http://purl.org/sig/ont/fma/fma30080	0.93197966
http://snomed.info/id/280791004	http://purl.org/sig/ont/fma/fma30081	0.92921174
http://snomed.info/id/280792006	http://purl.org/sig/ont/fma/fma30082	0.91906697
http://snomed.info/id/280793001	http://purl.org/sig/ont/fma/fma30083	0.93426049
http://snomed.info/id/280794007	http://purl.org/sig/ont/fma/fma30084	0.93627244
http://snomed.info/id/280795008	http://purl.org/sig/ont/fma/fma30057	0.91783398
http://snomed.info/id/280796009	http://purl.org/sig/ont/fma/fma30058	0.90442455
http://snomed.info/id/280797000	http://purl.org/sig/ont/fma/fma30059	0.90827107
http://snomed.info/id/280799002	http://purl.org/sig/ont/fma/fma32243	0.9188087
http://snomed.info/id/280800003	http://purl.org/sig/ont/fma/fma32244	0.91886693
http://snomed.info/id/280801004	http://purl.org/sig/ont/fma/fma66344	0.913948
http://snomed.info/id/280802006	http://purl.org/sig/ont/fma/fma66345	0.92744511
http://snomed.info/id/280803001	http://purl.org/sig/ont/fma/fma66346	0.92009974
http://snomed.info/id/280804007	http://purl.org/sig/ont/fma/fma26576	0.94332147
http://snomed.info/id/280805008	http://purl.org/sig/ont/fma/fma30111	0.91926789
http://snomed.info/id/280806009	http://purl.org/sig/ont/fma/fma30112	0.90611404
http://snomed.info/id/280807000	http://purl.org/sig/ont/fma/fma30113	0.9106369
http://snomed.info/id/280808005	http://purl.org/sig/ont/fma/fma30114	0.92244434
http://snomed.info/id/280809002	http://purl.org/sig/ont/fma/fma30115	0.91074717
http://snomed.info/id/280810007	http://purl.org/sig/ont/fma/fma30116	0.90874141
http://snomed.info/id/280811006	http://purl.org/sig/ont/fma/fma30117	0.91027629
http://snomed.info/id/280812004	http://purl.org/sig/ont/fma/fma30118	0.92096829
http://snomed.info/id/280813009	http://purl.org/sig/ont/fma/fma30119	0.91875863
http://snomed.info/id/280814003	http://purl.org/sig/ont/fma/fma30120	0.91946489
http://snomed.info/id/280815002	http://purl.org/sig/ont/fma/fma30121	0.93308198
http://snomed.info/id/280817005	http://purl.org/sig/ont/fma/fma30122	0.92830932
http://snomed.info/id/280818000	http://purl.org/sig/ont/fma/fma26585	0.96068794
http://snomed.info/id/280819008	http://purl.org/sig/ont/fma/fma26586	0.95839208
http://snomed.info/id/280820002	http://purl.org/sig/ont/fma/fma15393	0.9331919
http://snomed.info/id/280821003	http://purl.org/sig/ont/fma/fma26587	0.95170379
http://snomed.info/id/280822005	http://purl.org/sig/ont/fma/fma26588	0.95567369
http://snomed.info/id/280823000	http://purl.org/sig/ont/fma/fma32274	0.92189282
http://snomed.info/id/280824006	http://purl.org/sig/ont/fma/fma66187	1.0
http://snomed.info/id/280825007	http://purl.org/sig/ont/fma/fma32275	0.91621667
http://snomed.info/id/280826008	http://purl.org/sig/ont/fma/fma32276	0.91435695
http://snomed.info/id/280827004	http://purl.org/sig/ont/fma/fma32277	0.92084092
http://snomed.info/id/280828009	http://purl.org/sig/ont/fma/fma32278	0.92200512
http://snomed.info/id/280830006	http://purl.org/sig/ont/fma/fma70660	0.92982441
http://snomed.info/id/280836000	http://purl.org/sig/ont/fma/fma322429	0.95333743
http://snomed.info/id/280837009	http://purl.org/sig/ont/fma/fma24233	0.90911102
http://snomed.info/id/280838004	http://purl.org/sig/ont/fma/fma29891	0.91569126
http://snomed.info/id/280840009	http://purl.org/sig/ont/fma/fma26599	0.90182263
http://snomed.info/id/280841008	http://purl.org/sig/ont/fma/fma26600	0.90856922
http://snomed.info/id/280846003	http://purl.org/sig/ont/fma/fma26688	0.91142762
http://snomed.info/id/280847007	http://purl.org/sig/ont/fma/fma26689	0.90241987
http://snomed.info/id/280848002	http://purl.org/sig/ont/fma/fma26690	0.92805505
http://snomed.info/id/280849005	http://purl.org/sig/ont/fma/fma29902	0.9231993
http://snomed.info/id/280850005	http://purl.org/sig/ont/fma/fma26306	0.92324412
http://snomed.info/id/280854001	http://purl.org/sig/ont/fma/fma30552	0.9129079
http://snomed.info/id/280855000	http://purl.org/sig/ont/fma/fma30553	0.90643483
http://snomed.info/id/280856004	http://purl.org/sig/ont/fma/fma30554	0.907112
http://snomed.info/id/280857008	http://purl.org/sig/ont/fma/fma32194	0.91260111
http://snomed.info/id/280858003	http://purl.org/sig/ont/fma/fma79970	0.9050355
http://snomed.info/id/280860001	http://purl.org/sig/ont/fma/fma58486	0.94747972
http://snomed.info/id/280862009	http://purl.org/sig/ont/fma/fma49151	0.93923199
http://snomed.info/id/280863004	http://purl.org/sig/ont/fma/fma321571	0.98159295
http://snomed.info/id/280865006	http://purl.org/sig/ont/fma/fma49167	0.91452545
http://snomed.info/id/280866007	http://purl.org/sig/ont/fma/fma76826	0.92455959
http://snomed.info/id/280868008	http://purl.org/sig/ont/fma/fma312260	1.0
http://snomed.info/id/280869000	http://purl.org/sig/ont/fma/fma58464	1.0
http://snomed.info/id/280870004	http://purl.org/sig/ont/fma/fma58464	0.90046209
http://snomed.info/id/280872007	http://purl.org/sig/ont/fma/fma58467	1.0
http://snomed.info/id/280888007	http://purl.org/sig/ont/fma/fma49154	1.0
http://snomed.info/id/280892000	http://purl.org/sig/ont/fma/fma58582	0.91369325
http://snomed.info/id/280893005	http://purl.org/sig/ont/fma/fma58582	0.91198266
http://snomed.info/id/280894004	http://purl.org/sig/ont/fma/fma58462	0.95249349
http://snomed.info/id/280899009	http://purl.org/sig/ont/fma/fma58437	0.90371066
http://snomed.info/id/280903002	http://purl.org/sig/ont/fma/fma321600	1.0
http://snomed.info/id/280904008	http://purl.org/sig/ont/fma/fma321601	1.0
http://snomed.info/id/280908006	http://purl.org/sig/ont/fma/fma322731	0.96734405
http://snomed.info/id/280910008	http://purl.org/sig/ont/fma/fma322401	1.0
http://snomed.info/id/280911007	http://purl.org/sig/ont/fma/fma54253	0.91639972
http://snomed.info/id/280914004	http://purl.org/sig/ont/fma/fma49897	0.93710399
http://snomed.info/id/280915003	http://purl.org/sig/ont/fma/fma16628	1.0
http://snomed.info/id/280918001	http://purl.org/sig/ont/fma/fma321810	1.0
http://snomed.info/id/280933009	http://purl.org/sig/ont/fma/fma321519	0.94132781
http://snomed.info/id/280999005	http://purl.org/sig/ont/fma/fma12799	1.0
http://snomed.info/id/281000009	http://purl.org/sig/ont/fma/fma59983	0.94543278
http://snomed.info/id/281055007	http://purl.org/sig/ont/fma/fma15391	0.93766004
http://snomed.info/id/281056008	http://purl.org/sig/ont/fma/fma4729	0.93422228
http://snomed.info/id/281057004	http://purl.org/sig/ont/fma/fma321641	0.93803322
http://snomed.info/id/281061005	http://purl.org/sig/ont/fma/fma15399	0.92954522
http://snomed.info/id/281062003	http://purl.org/sig/ont/fma/fma15400	0.95498711
http://snomed.info/id/281063008	http://purl.org/sig/ont/fma/fma18896	0.9255625
http://snomed.info/id/281064002	http://purl.org/sig/ont/fma/fma321548	0.94930482
http://snomed.info/id/281065001	http://purl.org/sig/ont/fma/fma44327	0.92748237
http://snomed.info/id/281066000	http://purl.org/sig/ont/fma/fma44331	0.93275243
http://snomed.info/id/281067009	http://purl.org/sig/ont/fma/fma44332	0.93089086
http://snomed.info/id/281079009	http://purl.org/sig/ont/fma/fma51939	0.91098619
http://snomed.info/id/281081006	http://purl.org/sig/ont/fma/fma51940	0.92512065
http://snomed.info/id/281086001	http://purl.org/sig/ont/fma/fma58371	0.93965071
http://snomed.info/id/281130003	http://purl.org/sig/ont/fma/fma3784	1.0
http://snomed.info/id/281134007	http://purl.org/sig/ont/fma/fma10641	0.93922371
http://snomed.info/id/281137000	http://purl.org/sig/ont/fma/fma50094	0.90443808
http://snomed.info/id/281142008	http://purl.org/sig/ont/fma/fma44877	1.0
http://snomed.info/id/281158006	http://purl.org/sig/ont/fma/fma73750	0.92407852
http://snomed.info/id/2812003	http://purl.org/sig/ont/fma/fma32851	1.0
http://snomed.info/id/281227003	http://purl.org/sig/ont/fma/fma16625	1.0
http://snomed.info/id/281231009	http://purl.org/sig/ont/fma/fma74710	0.9443332
http://snomed.info/id/281237008	http://purl.org/sig/ont/fma/fma74714	0.95076555
http://snomed.info/id/281238003	http://purl.org/sig/ont/fma/fma74717	0.95633864
http://snomed.info/id/281248001	http://purl.org/sig/ont/fma/fma74673	0.981915
http://snomed.info/id/281250009	http://purl.org/sig/ont/fma/fma74675	0.98244858
http://snomed.info/id/28125001	http://purl.org/sig/ont/fma/fma44596	1.0
http://snomed.info/id/281251008	http://purl.org/sig/ont/fma/fma74678	0.98421413
http://snomed.info/id/281320004	http://purl.org/sig/ont/fma/fma16624	1.0
http://snomed.info/id/281345001	http://purl.org/sig/ont/fma/fma86230	0.94585532
http://snomed.info/id/281346000	http://purl.org/sig/ont/fma/fma312612	0.96388054
http://snomed.info/id/281347009	http://purl.org/sig/ont/fma/fma233118	0.93601745
http://snomed.info/id/281348004	http://purl.org/sig/ont/fma/fma321904	0.97977746
http://snomed.info/id/281385007	http://purl.org/sig/ont/fma/fma15903	0.90183455
http://snomed.info/id/281386008	http://purl.org/sig/ont/fma/fma15904	0.95772988
http://snomed.info/id/281412000	http://purl.org/sig/ont/fma/fma277696	0.91169059
http://snomed.info/id/28144008	http://purl.org/sig/ont/fma/fma72641	1.0
http://snomed.info/id/281480001	http://purl.org/sig/ont/fma/fma321557	1.00000012
http://snomed.info/id/281485006	http://purl.org/sig/ont/fma/fma321883	0.94847673
http://snomed.info/id/281487003	http://purl.org/sig/ont/fma/fma62009	0.94569564
http://snomed.info/id/28153001	http://purl.org/sig/ont/fma/fma58237	0.97510558
http://snomed.info/id/281593008	http://purl.org/sig/ont/fma/fma277413	0.91125631
http://snomed.info/id/281606004	http://purl.org/sig/ont/fma/fma37694	0.91359943
http://snomed.info/id/281629007	http://purl.org/sig/ont/fma/fma59379	0.96238273
http://snomed.info/id/281630002	http://purl.org/sig/ont/fma/fma59380	0.95861465
http://snomed.info/id/281640004	http://purl.org/sig/ont/fma/fma322225	1.0
http://snomed.info/id/281641000	http://purl.org/sig/ont/fma/fma322225	0.95040345
http://snomed.info/id/281642007	http://purl.org/sig/ont/fma/fma322225	0.95094192
http://snomed.info/id/281643002	http://purl.org/sig/ont/fma/fma38320	0.90238595
http://snomed.info/id/281644008	http://purl.org/sig/ont/fma/fma322225	0.92209953
http://snomed.info/id/281645009	http://purl.org/sig/ont/fma/fma322574	0.95328796
http://snomed.info/id/281646005	http://purl.org/sig/ont/fma/fma322268	0.95735103
http://snomed.info/id/281676003	http://purl.org/sig/ont/fma/fma16611	1.0
http://snomed.info/id/281680008	http://purl.org/sig/ont/fma/fma322817	0.98274988
http://snomed.info/id/281681007	http://purl.org/sig/ont/fma/fma23012	0.95587069
http://snomed.info/id/281682000	http://purl.org/sig/ont/fma/fma323935	0.95761138
http://snomed.info/id/281683005	http://purl.org/sig/ont/fma/fma322265	0.95892292
http://snomed.info/id/281684004	http://purl.org/sig/ont/fma/fma322796	0.98018432
http://snomed.info/id/281695005	http://purl.org/sig/ont/fma/fma15648	0.93622017
http://snomed.info/id/281708005	http://purl.org/sig/ont/fma/fma24756	0.9315719
http://snomed.info/id/281709002	http://purl.org/sig/ont/fma/fma59349	0.9394874
http://snomed.info/id/281710007	http://purl.org/sig/ont/fma/fma322263	0.95048857
http://snomed.info/id/281711006	http://purl.org/sig/ont/fma/fma61314	0.9194805
http://snomed.info/id/281713009	http://purl.org/sig/ont/fma/fma322262	0.96057987
http://snomed.info/id/281714003	http://purl.org/sig/ont/fma/fma322330	0.94750166
http://snomed.info/id/281715002	http://purl.org/sig/ont/fma/fma59378	0.9418242
http://snomed.info/id/281718000	http://purl.org/sig/ont/fma/fma322360	0.97334385
http://snomed.info/id/281719008	http://purl.org/sig/ont/fma/fma23022	0.94923496
http://snomed.info/id/281720002	http://purl.org/sig/ont/fma/fma322257	0.93106341
http://snomed.info/id/28172001	http://purl.org/sig/ont/fma/fma24093	1.0
http://snomed.info/id/281722005	http://purl.org/sig/ont/fma/fma22985	0.94521528
http://snomed.info/id/281723000	http://purl.org/sig/ont/fma/fma23018	0.92446339
http://snomed.info/id/281724006	http://purl.org/sig/ont/fma/fma322283	0.97206134
http://snomed.info/id/281726008	http://purl.org/sig/ont/fma/fma23018	0.91279978
http://snomed.info/id/281727004	http://purl.org/sig/ont/fma/fma23096	0.97265166
http://snomed.info/id/281730006	http://purl.org/sig/ont/fma/fma22984	0.94683683
http://snomed.info/id/281731005	http://purl.org/sig/ont/fma/fma322291	0.96872813
http://snomed.info/id/281732003	http://purl.org/sig/ont/fma/fma322290	0.96832079
http://snomed.info/id/281733008	http://purl.org/sig/ont/fma/fma37753	0.96378636
http://snomed.info/id/281734002	http://purl.org/sig/ont/fma/fma300592	0.92870486
http://snomed.info/id/281735001	http://purl.org/sig/ont/fma/fma300373	0.94512689
http://snomed.info/id/281736000	http://purl.org/sig/ont/fma/fma322288	0.957753
http://snomed.info/id/281737009	http://purl.org/sig/ont/fma/fma300367	0.96791774
http://snomed.info/id/281738004	http://purl.org/sig/ont/fma/fma317901	0.9674207
http://snomed.info/id/281739007	http://purl.org/sig/ont/fma/fma37754	0.96456033
http://snomed.info/id/281740009	http://purl.org/sig/ont/fma/fma322273	0.96666098
http://snomed.info/id/281741008	http://purl.org/sig/ont/fma/fma322285	1.0
http://snomed.info/id/281742001	http://purl.org/sig/ont/fma/fma322286	0.93011689
http://snomed.info/id/281743006	http://purl.org/sig/ont/fma/fma322227	1.0
http://snomed.info/id/281746003	http://purl.org/sig/ont/fma/fma322279	0.95471334
http://snomed.info/id/281765006	http://purl.org/sig/ont/fma/fma16692	1.0
http://snomed.info/id/281781001	http://purl.org/sig/ont/fma/fma235686	0.94531757
http://snomed.info/id/281782008	http://purl.org/sig/ont/fma/fma236258	0.95641732
http://snomed.info/id/281783003	http://purl.org/sig/ont/fma/fma236337	0.93499136
http://snomed.info/id/28180008	http://purl.org/sig/ont/fma/fma51314	0.92005885
http://snomed.info/id/281847004	http://purl.org/sig/ont/fma/fma16693	1.0
http://snomed.info/id/28186002	http://purl.org/sig/ont/fma/fma62176	1.0
http://snomed.info/id/28190000	http://purl.org/sig/ont/fma/fma22423	1.0
http://snomed.info/id/281905002	http://purl.org/sig/ont/fma/fma259282	0.90382582
http://snomed.info/id/281939003	http://purl.org/sig/ont/fma/fma16695	1.0
http://snomed.info/id/28195005	http://purl.org/sig/ont/fma/fma50983	1.0
http://snomed.info/id/282004003	http://purl.org/sig/ont/fma/fma321884	1.0
http://snomed.info/id/28201002	http://purl.org/sig/ont/fma/fma23919	1.0
http://snomed.info/id/282031000	http://purl.org/sig/ont/fma/fma16697	1.0
http://snomed.info/id/282044005	http://purl.org/sig/ont/fma/fma66318	1.0
http://snomed.info/id/282047003	http://purl.org/sig/ont/fma/fma321572	1.0
http://snomed.info/id/28205006	http://purl.org/sig/ont/fma/fma3793	1.0
http://snomed.info/id/282104000	http://purl.org/sig/ont/fma/fma298611	0.90180904
http://snomed.info/id/282116006	http://purl.org/sig/ont/fma/fma16696	1.0
http://snomed.info/id/282128003	http://purl.org/sig/ont/fma/fma58772	0.96868563
http://snomed.info/id/28221001	http://purl.org/sig/ont/fma/fma44036	1.0
http://snomed.info/id/282217007	http://purl.org/sig/ont/fma/fma16620	0.91454524
http://snomed.info/id/28225005	http://purl.org/sig/ont/fma/fma63182	1.0
http://snomed.info/id/28231008	http://purl.org/sig/ont/fma/fma7202	1.0
http://snomed.info/id/28232001	http://purl.org/sig/ont/fma/fma10027	1.0
http://snomed.info/id/2824005	http://purl.org/sig/ont/fma/fma9262	1.0
http://snomed.info/id/282414002	http://purl.org/sig/ont/fma/fma68443	0.93419075
http://snomed.info/id/282440008	http://purl.org/sig/ont/fma/fma323237	0.91422993
http://snomed.info/id/28246001	http://purl.org/sig/ont/fma/fma46005	0.92515659
http://snomed.info/id/28250008	http://purl.org/sig/ont/fma/fma43027	1.0
http://snomed.info/id/28255003	http://purl.org/sig/ont/fma/fma56656	1.0
http://snomed.info/id/2826007	http://purl.org/sig/ont/fma/fma16167	1.0
http://snomed.info/id/282612007	http://purl.org/sig/ont/fma/fma323375	0.99064577
http://snomed.info/id/28265009	http://purl.org/sig/ont/fma/fma15722	1.0
http://snomed.info/id/28269003	http://purl.org/sig/ont/fma/fma33635	1.0
http://snomed.info/id/28273000	http://purl.org/sig/ont/fma/fma9706	1.0
http://snomed.info/id/28276008	http://purl.org/sig/ont/fma/fma46661	0.93002993
http://snomed.info/id/282814006	http://purl.org/sig/ont/fma/fma52890	0.92902023
http://snomed.info/id/282816008	http://purl.org/sig/ont/fma/fma23373	0.90352196
http://snomed.info/id/282817004	http://purl.org/sig/ont/fma/fma23370	0.92590934
http://snomed.info/id/282823009	http://purl.org/sig/ont/fma/fma40208	0.94542933
http://snomed.info/id/282829008	http://purl.org/sig/ont/fma/fma323926	0.93164617
http://snomed.info/id/282894005	http://purl.org/sig/ont/fma/fma14795	0.93741024
http://snomed.info/id/282995005	http://purl.org/sig/ont/fma/fma14801	0.90003973
http://snomed.info/id/2830005	http://purl.org/sig/ont/fma/fma44791	0.93255442
http://snomed.info/id/283001	http://purl.org/sig/ont/fma/fma14189	1.0
http://snomed.info/id/28306005	http://purl.org/sig/ont/fma/fma52414	1.0
http://snomed.info/id/28313005	http://purl.org/sig/ont/fma/fma322761	0.97789812
http://snomed.info/id/28323001	http://purl.org/sig/ont/fma/fma59159	1.0
http://snomed.info/id/28346004	http://purl.org/sig/ont/fma/fma52901	0.94285643
http://snomed.info/id/28347008	http://purl.org/sig/ont/fma/fma52781	1.0
http://snomed.info/id/28350006	http://purl.org/sig/ont/fma/fma19110	1.0
http://snomed.info/id/283593004	http://purl.org/sig/ont/fma/fma18809	1.0
http://snomed.info/id/283696001	http://purl.org/sig/ont/fma/fma18810	1.0
http://snomed.info/id/283797001	http://purl.org/sig/ont/fma/fma18806	1.0
http://snomed.info/id/283892001	http://purl.org/sig/ont/fma/fma18807	1.0
http://snomed.info/id/28390009	http://purl.org/sig/ont/fma/fma83846	1.0
http://snomed.info/id/283984006	http://purl.org/sig/ont/fma/fma18839	1.0
http://snomed.info/id/28404007	http://purl.org/sig/ont/fma/fma322577	0.93049771
http://snomed.info/id/284057003	http://purl.org/sig/ont/fma/fma18823	1.0
http://snomed.info/id/2841007	http://purl.org/sig/ont/fma/fma14751	1.0
http://snomed.info/id/284114005	http://purl.org/sig/ont/fma/fma21104	0.94174898
http://snomed.info/id/284358004	http://purl.org/sig/ont/fma/fma78450	0.91199994
http://snomed.info/id/284538001	http://purl.org/sig/ont/fma/fma322563	0.95334053
http://snomed.info/id/284539009	http://purl.org/sig/ont/fma/fma59354	0.92355114
http://snomed.info/id/284639000	http://purl.org/sig/ont/fma/fma77160	1.0
http://snomed.info/id/284721002	http://purl.org/sig/ont/fma/fma15394	0.9404164
http://snomed.info/id/28479003	http://purl.org/sig/ont/fma/fma52880	1.0
http://snomed.info/id/2848001	http://purl.org/sig/ont/fma/fma20734	1.0
http://snomed.info/id/28481001	http://purl.org/sig/ont/fma/fma17523	1.0
http://snomed.info/id/284813001	http://purl.org/sig/ont/fma/fma15395	0.92226332
http://snomed.info/id/285019005	http://purl.org/sig/ont/fma/fma15389	0.91076297
http://snomed.info/id/285289006	http://purl.org/sig/ont/fma/fma15410	1.0
http://snomed.info/id/285425001	http://purl.org/sig/ont/fma/fma12779	0.91847068
http://snomed.info/id/285429007	http://purl.org/sig/ont/fma/fma232236	0.92483705
http://snomed.info/id/285463009	http://purl.org/sig/ont/fma/fma15408	1.0
http://snomed.info/id/2855004	http://purl.org/sig/ont/fma/fma22970	1.0
http://snomed.info/id/285564001	http://purl.org/sig/ont/fma/fma15407	1.0
http://snomed.info/id/28559008	http://purl.org/sig/ont/fma/fma14555	1.0
http://snomed.info/id/285632004	http://purl.org/sig/ont/fma/fma15406	1.0
http://snomed.info/id/285718009	http://purl.org/sig/ont/fma/fma18893	1.0
http://snomed.info/id/28573004	http://purl.org/sig/ont/fma/fma50842	0.97006643
http://snomed.info/id/285798008	http://purl.org/sig/ont/fma/fma21242	1.0
http://snomed.info/id/28584006	http://purl.org/sig/ont/fma/fma19137	1.0
http://snomed.info/id/28587004	http://purl.org/sig/ont/fma/fma83464	1.0
http://snomed.info/id/285891005	http://purl.org/sig/ont/fma/fma78212	0.91770476
http://snomed.info/id/28591009	http://purl.org/sig/ont/fma/fma49066	0.94043338
http://snomed.info/id/28595000	http://purl.org/sig/ont/fma/fma45027	0.98309988
http://snomed.info/id/286195007	http://purl.org/sig/ont/fma/fma71907	0.90290648
http://snomed.info/id/286297006	http://purl.org/sig/ont/fma/fma12858	0.9335472
http://snomed.info/id/28635006	http://purl.org/sig/ont/fma/fma23083	1.0
http://snomed.info/id/286399007	http://purl.org/sig/ont/fma/fma15370	0.91262639
http://snomed.info/id/28641004	http://purl.org/sig/ont/fma/fma321924	1.0
http://snomed.info/id/286500002	http://purl.org/sig/ont/fma/fma68068	0.93978715
http://snomed.info/id/286592004	http://purl.org/sig/ont/fma/fma23017	0.96348667
http://snomed.info/id/286596001	http://purl.org/sig/ont/fma/fma4731	0.93631363
http://snomed.info/id/286793006	http://purl.org/sig/ont/fma/fma18902	0.94040096
http://snomed.info/id/286872000	http://purl.org/sig/ont/fma/fma21162	0.93964171
http://snomed.info/id/28688000	http://purl.org/sig/ont/fma/fma72251	1.0
http://snomed.info/id/28693002	http://purl.org/sig/ont/fma/fma13900	0.9027881
http://snomed.info/id/286971006	http://purl.org/sig/ont/fma/fma44318	0.94257683
http://snomed.info/id/28700002	http://purl.org/sig/ont/fma/fma7465	1.0
http://snomed.info/id/28703000	http://purl.org/sig/ont/fma/fma71390	0.924523
http://snomed.info/id/28718004	http://purl.org/sig/ont/fma/fma46781	0.95041603
http://snomed.info/id/28726007	http://purl.org/sig/ont/fma/fma58238	0.97369301
http://snomed.info/id/287274001	http://purl.org/sig/ont/fma/fma322768	0.92722052
http://snomed.info/id/28737008	http://purl.org/sig/ont/fma/fma7247	1.0
http://snomed.info/id/287477006	http://purl.org/sig/ont/fma/fma5863	0.92321855
http://snomed.info/id/28758002	http://purl.org/sig/ont/fma/fma76552	0.92107403
http://snomed.info/id/28764009	http://purl.org/sig/ont/fma/fma7795	1.0
http://snomed.info/id/28777000	http://purl.org/sig/ont/fma/fma55024	1.0
http://snomed.info/id/28839003	http://purl.org/sig/ont/fma/fma33359	0.94720066
http://snomed.info/id/288476004	http://purl.org/sig/ont/fma/fma45061	0.93095934
http://snomed.info/id/288481008	http://purl.org/sig/ont/fma/fma7645	1.0
http://snomed.info/id/288482001	http://purl.org/sig/ont/fma/fma8602	1.0
http://snomed.info/id/288483006	http://purl.org/sig/ont/fma/fma8603	1.0
http://snomed.info/id/288484000	http://purl.org/sig/ont/fma/fma8604	1.0
http://snomed.info/id/288485004	http://purl.org/sig/ont/fma/fma8605	1.0
http://snomed.info/id/288486003	http://purl.org/sig/ont/fma/fma8606	1.0
http://snomed.info/id/288487007	http://purl.org/sig/ont/fma/fma8607	1.0
http://snomed.info/id/288488002	http://purl.org/sig/ont/fma/fma8608	1.0
http://snomed.info/id/288489005	http://purl.org/sig/ont/fma/fma8609	1.0
http://snomed.info/id/288490001	http://purl.org/sig/ont/fma/fma8610	1.0
http://snomed.info/id/288491002	http://purl.org/sig/ont/fma/fma8611	1.0
http://snomed.info/id/288492009	http://purl.org/sig/ont/fma/fma6167	1.0
http://snomed.info/id/288671002	http://purl.org/sig/ont/fma/fma45063	0.91316962
http://snomed.info/id/288774002	http://purl.org/sig/ont/fma/fma322789	0.94946194
http://snomed.info/id/28892005	http://purl.org/sig/ont/fma/fma8958	1.0
http://snomed.info/id/288973002	http://purl.org/sig/ont/fma/fma45072	0.94402725
http://snomed.info/id/289075000	http://purl.org/sig/ont/fma/fma45066	0.97233528
http://snomed.info/id/289268009	http://purl.org/sig/ont/fma/fma45021	0.96564025
http://snomed.info/id/289364009	http://purl.org/sig/ont/fma/fma45022	0.91704178
http://snomed.info/id/289465009	http://purl.org/sig/ont/fma/fma75385	1.0
http://snomed.info/id/28949004	http://purl.org/sig/ont/fma/fma72253	1.0
http://snomed.info/id/28969009	http://purl.org/sig/ont/fma/fma45116	0.94237643
http://snomed.info/id/289767000	http://purl.org/sig/ont/fma/fma16944	0.92516196
http://snomed.info/id/28985004	http://purl.org/sig/ont/fma/fma22320	1.0
http://snomed.info/id/28989005	http://purl.org/sig/ont/fma/fma71907	0.9319526
http://snomed.info/id/28991002	http://purl.org/sig/ont/fma/fma10641	1.0
http://snomed.info/id/28993004	http://purl.org/sig/ont/fma/fma58897	1.0
http://snomed.info/id/29005008	http://purl.org/sig/ont/fma/fma40036	0.9212929
http://snomed.info/id/290052004	http://purl.org/sig/ont/fma/fma30317	0.9394986
http://snomed.info/id/29008005	http://purl.org/sig/ont/fma/fma323369	0.97241884
http://snomed.info/id/29038004	http://purl.org/sig/ont/fma/fma322061	1.0
http://snomed.info/id/2905008	http://purl.org/sig/ont/fma/fma19813	1.0
http://snomed.info/id/290600004	http://purl.org/sig/ont/fma/fma322765	0.94708973
http://snomed.info/id/29067003	http://purl.org/sig/ont/fma/fma16510	1.0
http://snomed.info/id/29079003	http://purl.org/sig/ont/fma/fma75824	0.9769485
http://snomed.info/id/29108008	http://purl.org/sig/ont/fma/fma29711	1.0
http://snomed.info/id/291109005	http://purl.org/sig/ont/fma/fma31723	0.91076064
http://snomed.info/id/29138002	http://purl.org/sig/ont/fma/fma321460	1.0
http://snomed.info/id/291410006	http://purl.org/sig/ont/fma/fma31724	0.90334618
http://snomed.info/id/29168006	http://purl.org/sig/ont/fma/fma20701	1.0
http://snomed.info/id/29180003	http://purl.org/sig/ont/fma/fma16611	0.93005806
http://snomed.info/id/291816008	http://purl.org/sig/ont/fma/fma50227	0.91159731
http://snomed.info/id/291917003	http://purl.org/sig/ont/fma/fma322639	0.9480744
http://snomed.info/id/2920002	http://purl.org/sig/ont/fma/fma53438	0.93414664
http://snomed.info/id/292016007	http://purl.org/sig/ont/fma/fma322638	0.95928174
http://snomed.info/id/2922005	http://purl.org/sig/ont/fma/fma7266	1.0
http://snomed.info/id/292219008	http://purl.org/sig/ont/fma/fma322320	0.95465428
http://snomed.info/id/292524005	http://purl.org/sig/ont/fma/fma42825	0.91537273
http://snomed.info/id/292728005	http://purl.org/sig/ont/fma/fma16902	0.94507086
http://snomed.info/id/29277007	http://purl.org/sig/ont/fma/fma9201	1.0
http://snomed.info/id/29278002	http://purl.org/sig/ont/fma/fma42608	1.0
http://snomed.info/id/292830001	http://purl.org/sig/ont/fma/fma16911	0.93765181
http://snomed.info/id/29283005	http://purl.org/sig/ont/fma/fma26475	1.0
http://snomed.info/id/29299004	http://purl.org/sig/ont/fma/fma18697	1.0
http://snomed.info/id/293033006	http://purl.org/sig/ont/fma/fma16952	0.93430084
http://snomed.info/id/29317000	http://purl.org/sig/ont/fma/fma62165	1.0
http://snomed.info/id/29318005	http://purl.org/sig/ont/fma/fma10637	1.0
http://snomed.info/id/29333002	http://purl.org/sig/ont/fma/fma52764	1.0
http://snomed.info/id/293439002	http://purl.org/sig/ont/fma/fma322950	0.95894516
http://snomed.info/id/29353003	http://purl.org/sig/ont/fma/fma269219	0.97113782
http://snomed.info/id/293642003	http://purl.org/sig/ont/fma/fma322952	0.94430459
http://snomed.info/id/293744005	http://purl.org/sig/ont/fma/fma20738	1.0
http://snomed.info/id/29376000	http://purl.org/sig/ont/fma/fma38450	1.0
http://snomed.info/id/293846002	http://purl.org/sig/ont/fma/fma20739	1.0
http://snomed.info/id/29385000	http://purl.org/sig/ont/fma/fma22828	1.0
http://snomed.info/id/29392005	http://purl.org/sig/ont/fma/fma15629	1.0
http://snomed.info/id/293947007	http://purl.org/sig/ont/fma/fma18845	1.0
http://snomed.info/id/29400008	http://purl.org/sig/ont/fma/fma322654	0.94754118
http://snomed.info/id/294049004	http://purl.org/sig/ont/fma/fma20833	0.90661734
http://snomed.info/id/29413002	http://purl.org/sig/ont/fma/fma7602	0.91979671
http://snomed.info/id/294150001	http://purl.org/sig/ont/fma/fma20903	1.0
http://snomed.info/id/294353006	http://purl.org/sig/ont/fma/fma21254	0.95812541
http://snomed.info/id/29438007	http://purl.org/sig/ont/fma/fma39721	0.94171757
http://snomed.info/id/294454004	http://purl.org/sig/ont/fma/fma44553	0.95391774
http://snomed.info/id/294553007	http://purl.org/sig/ont/fma/fma29712	0.94872034
http://snomed.info/id/29456007	http://purl.org/sig/ont/fma/fma322928	1.0
http://snomed.info/id/294653003	http://purl.org/sig/ont/fma/fma29713	0.95305824
http://snomed.info/id/294756001	http://purl.org/sig/ont/fma/fma77168	0.90925682
http://snomed.info/id/29478000	http://purl.org/sig/ont/fma/fma50271	0.90978479
http://snomed.info/id/294858005	http://purl.org/sig/ont/fma/fma21182	1.0
http://snomed.info/id/294959001	http://purl.org/sig/ont/fma/fma29710	1.0
http://snomed.info/id/295061002	http://purl.org/sig/ont/fma/fma18890	0.95158041
http://snomed.info/id/29514006	http://purl.org/sig/ont/fma/fma13410	1.0
http://snomed.info/id/295162007	http://purl.org/sig/ont/fma/fma18934	1.0
http://snomed.info/id/29526001	http://purl.org/sig/ont/fma/fma10140	1.0
http://snomed.info/id/295263009	http://purl.org/sig/ont/fma/fma18908	1.0
http://snomed.info/id/29534007	http://purl.org/sig/ont/fma/fma58295	1.0
http://snomed.info/id/295366003	http://purl.org/sig/ont/fma/fma18911	1.0
http://snomed.info/id/295467008	http://purl.org/sig/ont/fma/fma18905	1.0
http://snomed.info/id/295569009	http://purl.org/sig/ont/fma/fma18914	1.0
http://snomed.info/id/29562000	http://purl.org/sig/ont/fma/fma7238	1.0
http://snomed.info/id/29565003	http://purl.org/sig/ont/fma/fma13368	1.0
http://snomed.info/id/295670003	http://purl.org/sig/ont/fma/fma18917	1.0
http://snomed.info/id/295774004	http://purl.org/sig/ont/fma/fma323257	0.99999958
http://snomed.info/id/295876006	http://purl.org/sig/ont/fma/fma21377	0.9726162
http://snomed.info/id/29597003	http://purl.org/sig/ont/fma/fma26310	1.0
http://snomed.info/id/295977003	http://purl.org/sig/ont/fma/fma44319	1.0
http://snomed.info/id/29600002	http://purl.org/sig/ont/fma/fma14159	1.0
http://snomed.info/id/29626007	http://purl.org/sig/ont/fma/fma76878	1.0
http://snomed.info/id/29627003	http://purl.org/sig/ont/fma/fma42385	1.0
http://snomed.info/id/29641007	http://purl.org/sig/ont/fma/fma71417	1.0
http://snomed.info/id/29643005	http://purl.org/sig/ont/fma/fma45061	0.96138561
http://snomed.info/id/29660000	http://purl.org/sig/ont/fma/fma14734	1.0
http://snomed.info/id/29693009	http://purl.org/sig/ont/fma/fma13120	1.0
http://snomed.info/id/29697005	http://purl.org/sig/ont/fma/fma323313	0.93451107
http://snomed.info/id/29700009	http://purl.org/sig/ont/fma/fma3953	1.0
http://snomed.info/id/29704000	http://purl.org/sig/ont/fma/fma15574	1.0
http://snomed.info/id/29707007	http://purl.org/sig/ont/fma/fma25046	1.0
http://snomed.info/id/297169002	http://purl.org/sig/ont/fma/fma264908	0.91856021
http://snomed.info/id/297184006	http://purl.org/sig/ont/fma/fma18252	0.92212266
http://snomed.info/id/29745008	http://purl.org/sig/ont/fma/fma67796	1.0
http://snomed.info/id/29762003	http://purl.org/sig/ont/fma/fma323296	0.95941603
http://snomed.info/id/29769007	http://purl.org/sig/ont/fma/fma49660	1.0
http://snomed.info/id/29782004	http://purl.org/sig/ont/fma/fma69385	1.0
http://snomed.info/id/2979003	http://purl.org/sig/ont/fma/fma51751	0.95032054
http://snomed.info/id/29836001	http://purl.org/sig/ont/fma/fma24964	1.0
http://snomed.info/id/29850006	http://purl.org/sig/ont/fma/fma16914	1.0
http://snomed.info/id/29902008	http://purl.org/sig/ont/fma/fma9219	1.0
http://snomed.info/id/29921000	http://purl.org/sig/ont/fma/fma321537	1.0
http://snomed.info/id/299701004	http://purl.org/sig/ont/fma/fma34315	0.90607035
http://snomed.info/id/299706009	http://purl.org/sig/ont/fma/fma318057	0.90902704
http://snomed.info/id/299708005	http://purl.org/sig/ont/fma/fma321956	0.94437987
http://snomed.info/id/299710007	http://purl.org/sig/ont/fma/fma321957	0.9505477
http://snomed.info/id/299711006	http://purl.org/sig/ont/fma/fma321958	0.94489133
http://snomed.info/id/29972009	http://purl.org/sig/ont/fma/fma50941	0.92111194
http://snomed.info/id/299803005	http://purl.org/sig/ont/fma/fma19281	0.91145509
http://snomed.info/id/299898005	http://purl.org/sig/ont/fma/fma19396	0.91083932
http://snomed.info/id/299983007	http://purl.org/sig/ont/fma/fma20421	0.9485271
http://snomed.info/id/299993000	http://purl.org/sig/ont/fma/fma12795	0.9133445
http://snomed.info/id/30000000	http://purl.org/sig/ont/fma/fma43971	1.0
http://snomed.info/id/300054001	http://purl.org/sig/ont/fma/fma288190	0.90773523
http://snomed.info/id/300056004	http://purl.org/sig/ont/fma/fma44793	0.95201695
http://snomed.info/id/300156002	http://purl.org/sig/ont/fma/fma19938	0.96914923
http://snomed.info/id/30024008	http://purl.org/sig/ont/fma/fma66190	1.0
http://snomed.info/id/300256009	http://purl.org/sig/ont/fma/fma19939	0.9517315
http://snomed.info/id/30026005	http://purl.org/sig/ont/fma/fma65279	1.0
http://snomed.info/id/3003007	http://purl.org/sig/ont/fma/fma61952	0.98561567
http://snomed.info/id/300350000	http://purl.org/sig/ont/fma/fma323058	0.9672302
http://snomed.info/id/300443000	http://purl.org/sig/ont/fma/fma45655	0.92640865
http://snomed.info/id/30045001	http://purl.org/sig/ont/fma/fma15857	1.0
http://snomed.info/id/30052004	http://purl.org/sig/ont/fma/fma21490	0.90776771
http://snomed.info/id/300732009	http://purl.org/sig/ont/fma/fma60128	0.90245265
http://snomed.info/id/30076007	http://purl.org/sig/ont/fma/fma55260	1.0
http://snomed.info/id/30079000	http://purl.org/sig/ont/fma/fma224888	0.94934517
http://snomed.info/id/300831006	http://purl.org/sig/ont/fma/fma322878	0.95644969
http://snomed.info/id/300918002	http://purl.org/sig/ont/fma/fma77860	0.92314124
http://snomed.info/id/301000	http://purl.org/sig/ont/fma/fma24506	0.98225969
http://snomed.info/id/30114003	http://purl.org/sig/ont/fma/fma83675	1.0
http://snomed.info/id/30121003	http://purl.org/sig/ont/fma/fma22570	1.0
http://snomed.info/id/301286006	http://purl.org/sig/ont/fma/fma52105	0.95173013
http://snomed.info/id/30130006	http://purl.org/sig/ont/fma/fma61893	1.0
http://snomed.info/id/301374006	http://purl.org/sig/ont/fma/fma52081	0.95200723
http://snomed.info/id/30143006	http://purl.org/sig/ont/fma/fma61905	1.0
http://snomed.info/id/301465008	http://purl.org/sig/ont/fma/fma45306	0.93679023
http://snomed.info/id/301567002	http://purl.org/sig/ont/fma/fma45331	0.93341452
http://snomed.info/id/301669009	http://purl.org/sig/ont/fma/fma45307	0.94067043
http://snomed.info/id/301767004	http://purl.org/sig/ont/fma/fma78423	0.92744809
http://snomed.info/id/30181001	http://purl.org/sig/ont/fma/fma59890	1.0
http://snomed.info/id/301895009	http://purl.org/sig/ont/fma/fma45005	0.91509032
http://snomed.info/id/301931001	http://purl.org/sig/ont/fma/fma75558	0.93041164
http://snomed.info/id/302030000	http://purl.org/sig/ont/fma/fma81120	0.9258461
http://snomed.info/id/30206001	http://purl.org/sig/ont/fma/fma46692	1.0
http://snomed.info/id/30210003	http://purl.org/sig/ont/fma/fma322051	1.0
http://snomed.info/id/302151004	http://purl.org/sig/ont/fma/fma86144	1.0
http://snomed.info/id/302159002	http://purl.org/sig/ont/fma/fma42452	0.90808463
http://snomed.info/id/30216009	http://purl.org/sig/ont/fma/fma83965	0.96507448
http://snomed.info/id/302212002	http://purl.org/sig/ont/fma/fma21847	0.95668232
http://snomed.info/id/302374009	http://purl.org/sig/ont/fma/fma70249	0.95006597
http://snomed.info/id/302451009	http://purl.org/sig/ont/fma/fma77380	0.95664728
http://snomed.info/id/302462009	http://purl.org/sig/ont/fma/fma61255	0.90113831
http://snomed.info/id/302506006	http://purl.org/sig/ont/fma/fma5908	0.91096073
http://snomed.info/id/302508007	http://purl.org/sig/ont/fma/fma14543	0.91091114
http://snomed.info/id/302511008	http://purl.org/sig/ont/fma/fma17886	0.91930968
http://snomed.info/id/302514000	http://purl.org/sig/ont/fma/fma38450	0.90536404
http://snomed.info/id/302518002	http://purl.org/sig/ont/fma/fma33786	0.90475631
http://snomed.info/id/302520004	http://purl.org/sig/ont/fma/fma33764	0.90873188
http://snomed.info/id/302522007	http://purl.org/sig/ont/fma/fma7485	0.93423647
http://snomed.info/id/302523002	http://purl.org/sig/ont/fma/fma265719	0.93322551
http://snomed.info/id/302528006	http://purl.org/sig/ont/fma/fma33742	0.91472918
http://snomed.info/id/302531007	http://purl.org/sig/ont/fma/fma70250	0.92992449
http://snomed.info/id/302539009	http://purl.org/sig/ont/fma/fma61067	0.92948163
http://snomed.info/id/302553009	http://purl.org/sig/ont/fma/fma259280	0.90272564
http://snomed.info/id/302648005	http://purl.org/sig/ont/fma/fma321642	0.93291092
http://snomed.info/id/302655007	http://purl.org/sig/ont/fma/fma44325	1.0
http://snomed.info/id/302668004	http://purl.org/sig/ont/fma/fma44326	1.0
http://snomed.info/id/302677006	http://purl.org/sig/ont/fma/fma44321	0.90625441
http://snomed.info/id/302684003	http://purl.org/sig/ont/fma/fma323260	0.94803447
http://snomed.info/id/302693002	http://purl.org/sig/ont/fma/fma22570	0.93712217
http://snomed.info/id/302704006	http://purl.org/sig/ont/fma/fma44036	0.94124091
http://snomed.info/id/302711005	http://purl.org/sig/ont/fma/fma43903	0.93382472
http://snomed.info/id/302720001	http://purl.org/sig/ont/fma/fma69460	0.91842121
http://snomed.info/id/302723004	http://purl.org/sig/ont/fma/fma77835	0.90206379
http://snomed.info/id/302724005	http://purl.org/sig/ont/fma/fma22506	1.0
http://snomed.info/id/302731009	http://purl.org/sig/ont/fma/fma22535	1.0
http://snomed.info/id/302749009	http://purl.org/sig/ont/fma/fma281591	0.92870158
http://snomed.info/id/302774007	http://purl.org/sig/ont/fma/fma76857	1.0
http://snomed.info/id/30282002	http://purl.org/sig/ont/fma/fma59088	1.0
http://snomed.info/id/302825003	http://purl.org/sig/ont/fma/fma76858	1.0
http://snomed.info/id/30303006	http://purl.org/sig/ont/fma/fma45066	0.9362064
http://snomed.info/id/303049006	http://purl.org/sig/ont/fma/fma59788	0.93337578
http://snomed.info/id/30305004	http://purl.org/sig/ont/fma/fma46664	1.0
http://snomed.info/id/303052003	http://purl.org/sig/ont/fma/fma302761	0.91774333
http://snomed.info/id/303053008	http://purl.org/sig/ont/fma/fma18933	0.9755879
http://snomed.info/id/303054002	http://purl.org/sig/ont/fma/fma29715	1.0
http://snomed.info/id/30308002	http://purl.org/sig/ont/fma/fma321616	1.0
http://snomed.info/id/303139006	http://purl.org/sig/ont/fma/fma12795	0.91533566
http://snomed.info/id/30314009	http://purl.org/sig/ont/fma/fma84206	1.0
http://snomed.info/id/30315005	http://purl.org/sig/ont/fma/fma7200	1.0
http://snomed.info/id/30316006	http://purl.org/sig/ont/fma/fma322319	0.94594222
http://snomed.info/id/30322002	http://purl.org/sig/ont/fma/fma58371	1.0
http://snomed.info/id/303263005	http://purl.org/sig/ont/fma/fma323323	0.94663578
http://snomed.info/id/303332008	http://purl.org/sig/ont/fma/fma56515	0.93632454
http://snomed.info/id/303333003	http://purl.org/sig/ont/fma/fma56514	0.9495191
http://snomed.info/id/303335005	http://purl.org/sig/ont/fma/fma322836	0.92075646
http://snomed.info/id/303354005	http://purl.org/sig/ont/fma/fma44232	0.95214909
http://snomed.info/id/30339000	http://purl.org/sig/ont/fma/fma38459	1.0
http://snomed.info/id/303403006	http://purl.org/sig/ont/fma/fma55416	1.0
http://snomed.info/id/303404000	http://purl.org/sig/ont/fma/fma57050	0.92948478
http://snomed.info/id/303405004	http://purl.org/sig/ont/fma/fma57054	0.93657631
http://snomed.info/id/303419004	http://purl.org/sig/ont/fma/fma10662	0.92887479
http://snomed.info/id/303421009	http://purl.org/sig/ont/fma/fma14323	0.9240905
http://snomed.info/id/303422002	http://purl.org/sig/ont/fma/fma50823	0.92819864
http://snomed.info/id/303423007	http://purl.org/sig/ont/fma/fma4721	0.90743119
http://snomed.info/id/303426004	http://purl.org/sig/ont/fma/fma69264	0.93268657
http://snomed.info/id/303428003	http://purl.org/sig/ont/fma/fma49846	0.9012534
http://snomed.info/id/303429006	http://purl.org/sig/ont/fma/fma78538	0.95658833
http://snomed.info/id/303434005	http://purl.org/sig/ont/fma/fma281101	0.97579259
http://snomed.info/id/303436007	http://purl.org/sig/ont/fma/fma281092	0.9287802
http://snomed.info/id/303448005	http://purl.org/sig/ont/fma/fma44231	0.94729912
http://snomed.info/id/303456008	http://purl.org/sig/ont/fma/fma67687	1.0
http://snomed.info/id/303518005	http://purl.org/sig/ont/fma/fma45654	0.92111242
http://snomed.info/id/303546007	http://purl.org/sig/ont/fma/fma50220	0.91939467
http://snomed.info/id/303549000	http://purl.org/sig/ont/fma/fma7335	0.92468798
http://snomed.info/id/303623000	http://purl.org/sig/ont/fma/fma44307	1.0
http://snomed.info/id/303713004	http://purl.org/sig/ont/fma/fma44308	1.0
http://snomed.info/id/303738009	http://purl.org/sig/ont/fma/fma75002	0.90478021
http://snomed.info/id/303772001	http://purl.org/sig/ont/fma/fma323386	0.9539305
http://snomed.info/id/303773006	http://purl.org/sig/ont/fma/fma323391	0.95082319
http://snomed.info/id/30379009	http://purl.org/sig/ont/fma/fma52594	1.0
http://snomed.info/id/30387005	http://purl.org/sig/ont/fma/fma323333	0.92448294
http://snomed.info/id/303895000	http://purl.org/sig/ont/fma/fma48474	1.0
http://snomed.info/id/3039001	http://purl.org/sig/ont/fma/fma45188	0.90896469
http://snomed.info/id/303959009	http://purl.org/sig/ont/fma/fma265948	0.94199055
http://snomed.info/id/303961000	http://purl.org/sig/ont/fma/fma4727	0.91724497
http://snomed.info/id/303962007	http://purl.org/sig/ont/fma/fma4746	0.93143433
http://snomed.info/id/303963002	http://purl.org/sig/ont/fma/fma14296	0.93615729
http://snomed.info/id/303976008	http://purl.org/sig/ont/fma/fma322225	0.92413628
http://snomed.info/id/303978009	http://purl.org/sig/ont/fma/fma322279	0.93797427
http://snomed.info/id/303979001	http://purl.org/sig/ont/fma/fma300373	0.91473818
http://snomed.info/id/30399003	http://purl.org/sig/ont/fma/fma74520	1.0
http://snomed.info/id/304037003	http://purl.org/sig/ont/fma/fma323988	0.92972398
http://snomed.info/id/304045008	http://purl.org/sig/ont/fma/fma15391	0.90682775
http://snomed.info/id/304056008	http://purl.org/sig/ont/fma/fma9416	0.90686244
http://snomed.info/id/304061005	http://purl.org/sig/ont/fma/fma74711	0.94538254
http://snomed.info/id/304175000	http://purl.org/sig/ont/fma/fma33531	0.90992063
http://snomed.info/id/3042007	http://purl.org/sig/ont/fma/fma323010	0.96256578
http://snomed.info/id/304336002	http://purl.org/sig/ont/fma/fma52872	0.9066993
http://snomed.info/id/304376007	http://purl.org/sig/ont/fma/fma82706	0.97286528
http://snomed.info/id/304377003	http://purl.org/sig/ont/fma/fma15426	0.96606231
http://snomed.info/id/30445009	http://purl.org/sig/ont/fma/fma14708	1.0
http://snomed.info/id/304504005	http://purl.org/sig/ont/fma/fma23027	0.91449648
http://snomed.info/id/304570002	http://purl.org/sig/ont/fma/fma44058	0.95527291
http://snomed.info/id/304624002	http://purl.org/sig/ont/fma/fma45282	0.92576462
http://snomed.info/id/304625001	http://purl.org/sig/ont/fma/fma37800	0.92054015
http://snomed.info/id/304695005	http://purl.org/sig/ont/fma/fma12169	0.90670276
http://snomed.info/id/30474000	http://purl.org/sig/ont/fma/fma53435	1.0
http://snomed.info/id/304907005	http://purl.org/sig/ont/fma/fma42857	0.92970872
http://snomed.info/id/304910003	http://purl.org/sig/ont/fma/fma38869	0.93682277
http://snomed.info/id/304911004	http://purl.org/sig/ont/fma/fma38866	0.9246853
http://snomed.info/id/304912006	http://purl.org/sig/ont/fma/fma32855	1.0
http://snomed.info/id/304919002	http://purl.org/sig/ont/fma/fma318720	0.91493857
http://snomed.info/id/304921007	http://purl.org/sig/ont/fma/fma54485	1.0
http://snomed.info/id/304922000	http://purl.org/sig/ont/fma/fma54478	1.0
http://snomed.info/id/304923005	http://purl.org/sig/ont/fma/fma54098	1.0
http://snomed.info/id/304924004	http://purl.org/sig/ont/fma/fma54113	1.0
http://snomed.info/id/304925003	http://purl.org/sig/ont/fma/fma54143	1.0
http://snomed.info/id/304927006	http://purl.org/sig/ont/fma/fma21485	0.94648606
http://snomed.info/id/304928001	http://purl.org/sig/ont/fma/fma21493	1.0
http://snomed.info/id/304931000	http://purl.org/sig/ont/fma/fma321709	0.92414969
http://snomed.info/id/304932007	http://purl.org/sig/ont/fma/fma321699	0.9589082
http://snomed.info/id/304933002	http://purl.org/sig/ont/fma/fma321699	1.0
http://snomed.info/id/304934008	http://purl.org/sig/ont/fma/fma321700	0.9480443
http://snomed.info/id/304935009	http://purl.org/sig/ont/fma/fma321700	1.0
http://snomed.info/id/304936005	http://purl.org/sig/ont/fma/fma321701	0.94312733
http://snomed.info/id/304937001	http://purl.org/sig/ont/fma/fma321701	1.0
http://snomed.info/id/304938006	http://purl.org/sig/ont/fma/fma321702	0.94562364
http://snomed.info/id/304939003	http://purl.org/sig/ont/fma/fma321702	1.0
http://snomed.info/id/304940001	http://purl.org/sig/ont/fma/fma42818	0.94306183
http://snomed.info/id/304941002	http://purl.org/sig/ont/fma/fma321697	1.0
http://snomed.info/id/304943004	http://purl.org/sig/ont/fma/fma258772	1.0
http://snomed.info/id/304944005	http://purl.org/sig/ont/fma/fma321710	0.93885666
http://snomed.info/id/304945006	http://purl.org/sig/ont/fma/fma321710	1.0
http://snomed.info/id/304946007	http://purl.org/sig/ont/fma/fma321711	0.98856205
http://snomed.info/id/304947003	http://purl.org/sig/ont/fma/fma321711	0.93387306
http://snomed.info/id/304948008	http://purl.org/sig/ont/fma/fma321712	0.91670805
http://snomed.info/id/304949000	http://purl.org/sig/ont/fma/fma321712	1.0
http://snomed.info/id/304950000	http://purl.org/sig/ont/fma/fma321713	1.0
http://snomed.info/id/304951001	http://purl.org/sig/ont/fma/fma321713	0.9241147
http://snomed.info/id/304952008	http://purl.org/sig/ont/fma/fma42818	0.93247855
http://snomed.info/id/304953003	http://purl.org/sig/ont/fma/fma42819	0.93849659
http://snomed.info/id/304954009	http://purl.org/sig/ont/fma/fma321714	0.93496656
http://snomed.info/id/304955005	http://purl.org/sig/ont/fma/fma321714	1.0
http://snomed.info/id/304956006	http://purl.org/sig/ont/fma/fma321703	0.94982278
http://snomed.info/id/304957002	http://purl.org/sig/ont/fma/fma321703	1.0
http://snomed.info/id/304958007	http://purl.org/sig/ont/fma/fma321704	1.0
http://snomed.info/id/304959004	http://purl.org/sig/ont/fma/fma321704	0.94224364
http://snomed.info/id/304960009	http://purl.org/sig/ont/fma/fma321705	0.93362767
http://snomed.info/id/304961008	http://purl.org/sig/ont/fma/fma321705	1.0
http://snomed.info/id/304962001	http://purl.org/sig/ont/fma/fma321706	1.0
http://snomed.info/id/304963006	http://purl.org/sig/ont/fma/fma321706	0.93644637
http://snomed.info/id/304964000	http://purl.org/sig/ont/fma/fma42818	0.97163874
http://snomed.info/id/304965004	http://purl.org/sig/ont/fma/fma321698	1.0
http://snomed.info/id/30501007	http://purl.org/sig/ont/fma/fma46733	1.0
http://snomed.info/id/305021001	http://purl.org/sig/ont/fma/fma57423	1.0
http://snomed.info/id/305027002	http://purl.org/sig/ont/fma/fma50220	0.90899825
http://snomed.info/id/305030009	http://purl.org/sig/ont/fma/fma42323	0.926121
http://snomed.info/id/305031008	http://purl.org/sig/ont/fma/fma42855	0.99175733
http://snomed.info/id/305037007	http://purl.org/sig/ont/fma/fma38890	0.94172555
http://snomed.info/id/305040007	http://purl.org/sig/ont/fma/fma45121	0.93444747
http://snomed.info/id/305041006	http://purl.org/sig/ont/fma/fma40855	0.90497553
http://snomed.info/id/305045002	http://purl.org/sig/ont/fma/fma39435	0.90952325
http://snomed.info/id/305048000	http://purl.org/sig/ont/fma/fma38896	1.0
http://snomed.info/id/305049008	http://purl.org/sig/ont/fma/fma34345	0.91444343
http://snomed.info/id/305050008	http://purl.org/sig/ont/fma/fma33315	1.0
http://snomed.info/id/305051007	http://purl.org/sig/ont/fma/fma33321	1.0
http://snomed.info/id/305054004	http://purl.org/sig/ont/fma/fma51604	0.97560537
http://snomed.info/id/305055003	http://purl.org/sig/ont/fma/fma42855	0.91591668
http://snomed.info/id/305057006	http://purl.org/sig/ont/fma/fma51604	0.92408407
http://snomed.info/id/305059009	http://purl.org/sig/ont/fma/fma51605	1.0
http://snomed.info/id/305061000	http://purl.org/sig/ont/fma/fma51606	0.9879353
http://snomed.info/id/305069003	http://purl.org/sig/ont/fma/fma43640	1.0
http://snomed.info/id/305077004	http://purl.org/sig/ont/fma/fma33925	0.91173786
http://snomed.info/id/305080003	http://purl.org/sig/ont/fma/fma311392	0.9199658
http://snomed.info/id/305081004	http://purl.org/sig/ont/fma/fma51606	0.93399966
http://snomed.info/id/305083001	http://purl.org/sig/ont/fma/fma54237	0.93199831
http://snomed.info/id/305091005	http://purl.org/sig/ont/fma/fma33925	0.93419361
http://snomed.info/id/305092003	http://purl.org/sig/ont/fma/fma58269	0.9170382
http://snomed.info/id/305093008	http://purl.org/sig/ont/fma/fma35451	0.91777194
http://snomed.info/id/305098004	http://purl.org/sig/ont/fma/fma44112	1.0
http://snomed.info/id/305110008	http://purl.org/sig/ont/fma/fma280169	0.9067359
http://snomed.info/id/305172008	http://purl.org/sig/ont/fma/fma224998	0.97021568
http://snomed.info/id/30518006	http://purl.org/sig/ont/fma/fma33311	0.93865073
http://snomed.info/id/305273009	http://purl.org/sig/ont/fma/fma225000	0.96785772
http://snomed.info/id/30528002	http://purl.org/sig/ont/fma/fma44084	1.0
http://snomed.info/id/305373006	http://purl.org/sig/ont/fma/fma225002	0.96391118
http://snomed.info/id/3054007	http://purl.org/sig/ont/fma/fma322651	1.0
http://snomed.info/id/30547004	http://purl.org/sig/ont/fma/fma32852	1.0
http://snomed.info/id/305475000	http://purl.org/sig/ont/fma/fma225004	0.97417623
http://snomed.info/id/305576002	http://purl.org/sig/ont/fma/fma225006	0.97161829
http://snomed.info/id/3056009	http://purl.org/sig/ont/fma/fma62143	1.0
http://snomed.info/id/30567008	http://purl.org/sig/ont/fma/fma16079	1.0
http://snomed.info/id/305677003	http://purl.org/sig/ont/fma/fma224894	0.96051955
http://snomed.info/id/3057000	http://purl.org/sig/ont/fma/fma74941	0.93882972
http://snomed.info/id/305779007	http://purl.org/sig/ont/fma/fma225142	0.97093254
http://snomed.info/id/305880004	http://purl.org/sig/ont/fma/fma225144	0.96789187
http://snomed.info/id/30598005	http://purl.org/sig/ont/fma/fma322773	0.92010552
http://snomed.info/id/305982008	http://purl.org/sig/ont/fma/fma225148	0.96564776
http://snomed.info/id/30608006	http://purl.org/sig/ont/fma/fma9621	0.95437992
http://snomed.info/id/306084000	http://purl.org/sig/ont/fma/fma225150	0.97183079
http://snomed.info/id/306183008	http://purl.org/sig/ont/fma/fma225152	0.97285277
http://snomed.info/id/306283004	http://purl.org/sig/ont/fma/fma225032	0.95893896
http://snomed.info/id/306372006	http://purl.org/sig/ont/fma/fma57487	0.94114733
http://snomed.info/id/306384008	http://purl.org/sig/ont/fma/fma321472	0.96440428
http://snomed.info/id/306485008	http://purl.org/sig/ont/fma/fma321473	0.96245247
http://snomed.info/id/306587002	http://purl.org/sig/ont/fma/fma321474	0.96019083
http://snomed.info/id/306688003	http://purl.org/sig/ont/fma/fma321475	0.966304
http://snomed.info/id/306709004	http://purl.org/sig/ont/fma/fma322216	0.9320876
http://snomed.info/id/306710009	http://purl.org/sig/ont/fma/fma57817	0.99737865
http://snomed.info/id/306713006	http://purl.org/sig/ont/fma/fma33302	0.96181709
http://snomed.info/id/306714000	http://purl.org/sig/ont/fma/fma33303	0.96328598
http://snomed.info/id/306715004	http://purl.org/sig/ont/fma/fma33302	0.92383534
http://snomed.info/id/306716003	http://purl.org/sig/ont/fma/fma33303	0.93100774
http://snomed.info/id/306783000	http://purl.org/sig/ont/fma/fma311372	1.0
http://snomed.info/id/306784006	http://purl.org/sig/ont/fma/fma38146	1.0
http://snomed.info/id/306787004	http://purl.org/sig/ont/fma/fma321476	0.96293217
http://snomed.info/id/306790005	http://purl.org/sig/ont/fma/fma75816	0.98636097
http://snomed.info/id/30679004	http://purl.org/sig/ont/fma/fma14912	0.95131773
http://snomed.info/id/306791009	http://purl.org/sig/ont/fma/fma75817	0.98507309
http://snomed.info/id/306792002	http://purl.org/sig/ont/fma/fma75818	0.98556244
http://snomed.info/id/306800005	http://purl.org/sig/ont/fma/fma78786	0.93517351
http://snomed.info/id/306801009	http://purl.org/sig/ont/fma/fma312068	0.9443258
http://snomed.info/id/306865002	http://purl.org/sig/ont/fma/fma60348	0.91643894
http://snomed.info/id/306880008	http://purl.org/sig/ont/fma/fma321471	0.94265789
http://snomed.info/id/306955007	http://purl.org/sig/ont/fma/fma74722	0.94983631
http://snomed.info/id/307013006	http://purl.org/sig/ont/fma/fma6246	0.93501341
http://snomed.info/id/307029003	http://purl.org/sig/ont/fma/fma297566	0.9703424
http://snomed.info/id/307030008	http://purl.org/sig/ont/fma/fma297946	0.94997281
http://snomed.info/id/307031007	http://purl.org/sig/ont/fma/fma304346	0.96503353
http://snomed.info/id/307032000	http://purl.org/sig/ont/fma/fma45951	0.96164823
http://snomed.info/id/307033005	http://purl.org/sig/ont/fma/fma22473	1.0
http://snomed.info/id/307039009	http://purl.org/sig/ont/fma/fma323388	0.94837409
http://snomed.info/id/307058000	http://purl.org/sig/ont/fma/fma19038	0.95449358
http://snomed.info/id/30712005	http://purl.org/sig/ont/fma/fma323253	0.93805712
http://snomed.info/id/307243004	http://purl.org/sig/ont/fma/fma16063	0.9045738
http://snomed.info/id/307327008	http://purl.org/sig/ont/fma/fma16064	0.92158395
http://snomed.info/id/30733001	http://purl.org/sig/ont/fma/fma18318	1.0
http://snomed.info/id/30737000	http://purl.org/sig/ont/fma/fma74268	1.0
http://snomed.info/id/30740000	http://purl.org/sig/ont/fma/fma322048	1.0
http://snomed.info/id/30741001	http://purl.org/sig/ont/fma/fma37455	1.0
http://snomed.info/id/307412009	http://purl.org/sig/ont/fma/fma77843	1.0
http://snomed.info/id/307419000	http://purl.org/sig/ont/fma/fma16065	0.92627752
http://snomed.info/id/30751000	http://purl.org/sig/ont/fma/fma15971	1.0
http://snomed.info/id/307516005	http://purl.org/sig/ont/fma/fma16066	0.9361335
http://snomed.info/id/307600004	http://purl.org/sig/ont/fma/fma16067	0.90685153
http://snomed.info/id/307682009	http://purl.org/sig/ont/fma/fma16062	0.93620604
http://snomed.info/id/307706000	http://purl.org/sig/ont/fma/fma38158	1.0
http://snomed.info/id/307707009	http://purl.org/sig/ont/fma/fma312408	0.94812685
http://snomed.info/id/307708004	http://purl.org/sig/ont/fma/fma312383	1.0
http://snomed.info/id/30802009	http://purl.org/sig/ont/fma/fma62652	1.0
http://snomed.info/id/30813007	http://purl.org/sig/ont/fma/fma322801	0.90007555
http://snomed.info/id/30817008	http://purl.org/sig/ont/fma/fma62997	1.0
http://snomed.info/id/30838002	http://purl.org/sig/ont/fma/fma19132	0.98179734
http://snomed.info/id/308733003	http://purl.org/sig/ont/fma/fma39676	0.98265958
http://snomed.info/id/308734009	http://purl.org/sig/ont/fma/fma30313	1.0
http://snomed.info/id/30881004	http://purl.org/sig/ont/fma/fma322652	1.0
http://snomed.info/id/308850005	http://purl.org/sig/ont/fma/fma63910	0.95549709
http://snomed.info/id/30890006	http://purl.org/sig/ont/fma/fma264808	0.90047878
http://snomed.info/id/30894002	http://purl.org/sig/ont/fma/fma58755	0.93613124
http://snomed.info/id/309062001	http://purl.org/sig/ont/fma/fma323346	0.91773212
http://snomed.info/id/309117002	http://purl.org/sig/ont/fma/fma321912	0.91456205
http://snomed.info/id/309120005	http://purl.org/sig/ont/fma/fma51541	0.90175772
http://snomed.info/id/309152005	http://purl.org/sig/ont/fma/fma77578	0.90403759
http://snomed.info/id/309235003	http://purl.org/sig/ont/fma/fma323348	0.92770386
http://snomed.info/id/30930005	http://purl.org/sig/ont/fma/fma23617	1.0
http://snomed.info/id/3093003	http://purl.org/sig/ont/fma/fma77252	1.0
http://snomed.info/id/309387002	http://purl.org/sig/ont/fma/fma21540	0.92531192
http://snomed.info/id/309570000	http://purl.org/sig/ont/fma/fma21536	0.93186069
http://snomed.info/id/309666004	http://purl.org/sig/ont/fma/fma21537	0.91133386
http://snomed.info/id/30971004	http://purl.org/sig/ont/fma/fma44840	0.97028702
http://snomed.info/id/309766005	http://purl.org/sig/ont/fma/fma18049	0.91060722
http://snomed.info/id/30980004	http://purl.org/sig/ont/fma/fma42967	1.0
http://snomed.info/id/309861007	http://purl.org/sig/ont/fma/fma322763	0.93950248
http://snomed.info/id/3100007	http://purl.org/sig/ont/fma/fma55625	1.0
http://snomed.info/id/31050000	http://purl.org/sig/ont/fma/fma70646	1.0
http://snomed.info/id/31051001	http://purl.org/sig/ont/fma/fma75684	1.0
http://snomed.info/id/310536002	http://purl.org/sig/ont/fma/fma45655	0.93769675
http://snomed.info/id/310549007	http://purl.org/sig/ont/fma/fma44876	1.0
http://snomed.info/id/310550007	http://purl.org/sig/ont/fma/fma44948	0.90308625
http://snomed.info/id/310551006	http://purl.org/sig/ont/fma/fma44949	0.91154391
http://snomed.info/id/310553009	http://purl.org/sig/ont/fma/fma292885	0.92402923
http://snomed.info/id/31060009	http://purl.org/sig/ont/fma/fma20729	1.0
http://snomed.info/id/31065004	http://purl.org/sig/ont/fma/fma67325	1.0
http://snomed.info/id/310652005	http://purl.org/sig/ont/fma/fma51608	0.93309307
http://snomed.info/id/31071005	http://purl.org/sig/ont/fma/fma9218	1.0
http://snomed.info/id/310797005	http://purl.org/sig/ont/fma/fma321884	0.97155452
http://snomed.info/id/310845006	http://purl.org/sig/ont/fma/fma321658	0.96802068
http://snomed.info/id/310847003	http://purl.org/sig/ont/fma/fma80095	0.92722893
http://snomed.info/id/31094006	http://purl.org/sig/ont/fma/fma7311	1.0
http://snomed.info/id/31101008	http://purl.org/sig/ont/fma/fma7416	1.0
http://snomed.info/id/311020000	http://purl.org/sig/ont/fma/fma6288	0.93818796
http://snomed.info/id/31115005	http://purl.org/sig/ont/fma/fma18148	1.0
http://snomed.info/id/311223006	http://purl.org/sig/ont/fma/fma16901	0.93690747
http://snomed.info/id/311324002	http://purl.org/sig/ont/fma/fma77583	0.93499798
http://snomed.info/id/31145008	http://purl.org/sig/ont/fma/fma49586	1.0
http://snomed.info/id/311454008	http://purl.org/sig/ont/fma/fma322300	1.0
http://snomed.info/id/31151003	http://purl.org/sig/ont/fma/fma27941	0.93736243
http://snomed.info/id/31156008	http://purl.org/sig/ont/fma/fma322164	1.0
http://snomed.info/id/31164002	http://purl.org/sig/ont/fma/fma45057	0.98498476
http://snomed.info/id/31167009	http://purl.org/sig/ont/fma/fma23441	1.0
http://snomed.info/id/311696004	http://purl.org/sig/ont/fma/fma36948	0.95042187
http://snomed.info/id/31171007	http://purl.org/sig/ont/fma/fma44309	1.0
http://snomed.info/id/31172000	http://purl.org/sig/ont/fma/fma53291	1.0
http://snomed.info/id/31173005	http://purl.org/sig/ont/fma/fma53365	1.0
http://snomed.info/id/31180007	http://purl.org/sig/ont/fma/fma322827	1.0
http://snomed.info/id/3118005	http://purl.org/sig/ont/fma/fma7271	1.0
http://snomed.info/id/31185002	http://purl.org/sig/ont/fma/fma322657	1.0
http://snomed.info/id/311967003	http://purl.org/sig/ont/fma/fma322733	0.95328057
http://snomed.info/id/31200000	http://purl.org/sig/ont/fma/fma55511	1.0
http://snomed.info/id/312049005	http://purl.org/sig/ont/fma/fma38340	1.0
http://snomed.info/id/312160004	http://purl.org/sig/ont/fma/fma49986	0.94247097
http://snomed.info/id/312161000	http://purl.org/sig/ont/fma/fma49989	0.93428516
http://snomed.info/id/312162007	http://purl.org/sig/ont/fma/fma49804	0.92689502
http://snomed.info/id/312163002	http://purl.org/sig/ont/fma/fma49795	1.0
http://snomed.info/id/312165009	http://purl.org/sig/ont/fma/fma49771	0.92533863
http://snomed.info/id/312166005	http://purl.org/sig/ont/fma/fma270173	0.95679188
http://snomed.info/id/312167001	http://purl.org/sig/ont/fma/fma50910	0.91266119
http://snomed.info/id/312333002	http://purl.org/sig/ont/fma/fma321490	0.94708598
http://snomed.info/id/312334008	http://purl.org/sig/ont/fma/fma321490	0.9402855
http://snomed.info/id/312335009	http://purl.org/sig/ont/fma/fma4707	0.91329771
http://snomed.info/id/31240006	http://purl.org/sig/ont/fma/fma49561	1.0
http://snomed.info/id/31243008	http://purl.org/sig/ont/fma/fma9628	1.0
http://snomed.info/id/312441003	http://purl.org/sig/ont/fma/fma322745	0.94321191
http://snomed.info/id/312500006	http://purl.org/sig/ont/fma/fma321554	1.0
http://snomed.info/id/312501005	http://purl.org/sig/ont/fma/fma321555	1.0
http://snomed.info/id/312502003	http://purl.org/sig/ont/fma/fma66131	0.98918647
http://snomed.info/id/312503008	http://purl.org/sig/ont/fma/fma322328	0.99064803
http://snomed.info/id/312505001	http://purl.org/sig/ont/fma/fma324004	1.0
http://snomed.info/id/312507009	http://purl.org/sig/ont/fma/fma21246	1.0
http://snomed.info/id/312508004	http://purl.org/sig/ont/fma/fma278560	1.0
http://snomed.info/id/312509007	http://purl.org/sig/ont/fma/fma234920	0.94670361
http://snomed.info/id/312510002	http://purl.org/sig/ont/fma/fma234926	1.0
http://snomed.info/id/312511003	http://purl.org/sig/ont/fma/fma322327	1.0
http://snomed.info/id/312512005	http://purl.org/sig/ont/fma/fma322309	0.96087497
http://snomed.info/id/312513000	http://purl.org/sig/ont/fma/fma323390	0.9435575
http://snomed.info/id/312517004	http://purl.org/sig/ont/fma/fma31894	0.95360976
http://snomed.info/id/312531004	http://purl.org/sig/ont/fma/fma77155	0.96120596
http://snomed.info/id/312532006	http://purl.org/sig/ont/fma/fma44722	0.90616798
http://snomed.info/id/312535008	http://purl.org/sig/ont/fma/fma46688	0.9201358
http://snomed.info/id/312538005	http://purl.org/sig/ont/fma/fma234141	0.91316962
http://snomed.info/id/312541001	http://purl.org/sig/ont/fma/fma22796	0.92822927
http://snomed.info/id/312552007	http://purl.org/sig/ont/fma/fma14825	0.91630518
http://snomed.info/id/312582001	http://purl.org/sig/ont/fma/fma74615	0.93068391
http://snomed.info/id/312589005	http://purl.org/sig/ont/fma/fma321549	0.945391
http://snomed.info/id/312597003	http://purl.org/sig/ont/fma/fma18899	1.0
http://snomed.info/id/31266009	http://purl.org/sig/ont/fma/fma53474	1.0
http://snomed.info/id/312673001	http://purl.org/sig/ont/fma/fma40040	0.96627116
http://snomed.info/id/312675008	http://purl.org/sig/ont/fma/fma43612	0.93308061
http://snomed.info/id/312676009	http://purl.org/sig/ont/fma/fma44050	0.96699744
http://snomed.info/id/312716006	http://purl.org/sig/ont/fma/fma18247	0.9513827
http://snomed.info/id/312741004	http://purl.org/sig/ont/fma/fma76490	0.91456634
http://snomed.info/id/312744007	http://purl.org/sig/ont/fma/fma64689	0.92071944
http://snomed.info/id/312747000	http://purl.org/sig/ont/fma/fma64124	0.91696596
http://snomed.info/id/312749002	http://purl.org/sig/ont/fma/fma44050	0.90012556
http://snomed.info/id/312750002	http://purl.org/sig/ont/fma/fma40204	0.91119671
http://snomed.info/id/312752005	http://purl.org/sig/ont/fma/fma64676	0.91919512
http://snomed.info/id/312767009	http://purl.org/sig/ont/fma/fma24053	0.92855847
http://snomed.info/id/312768004	http://purl.org/sig/ont/fma/fma321958	0.93065172
http://snomed.info/id/312808006	http://purl.org/sig/ont/fma/fma32234	0.90360194
http://snomed.info/id/312809003	http://purl.org/sig/ont/fma/fma32235	0.90020823
http://snomed.info/id/312811007	http://purl.org/sig/ont/fma/fma32236	0.90227264
http://snomed.info/id/312815003	http://purl.org/sig/ont/fma/fma35181	1.0
http://snomed.info/id/312982005	http://purl.org/sig/ont/fma/fma12852	0.92840397
http://snomed.info/id/313054009	http://purl.org/sig/ont/fma/fma32825	1.0
http://snomed.info/id/313055005	http://purl.org/sig/ont/fma/fma33770	1.0
http://snomed.info/id/313056006	http://purl.org/sig/ont/fma/fma33748	1.0
http://snomed.info/id/313057002	http://purl.org/sig/ont/fma/fma33792	0.95218426
http://snomed.info/id/313059004	http://purl.org/sig/ont/fma/fma9025	0.95467377
http://snomed.info/id/313063006	http://purl.org/sig/ont/fma/fma322819	0.95806217
http://snomed.info/id/313074002	http://purl.org/sig/ont/fma/fma4881	0.95304555
http://snomed.info/id/313095007	http://purl.org/sig/ont/fma/fma44744	0.90104252
http://snomed.info/id/313096008	http://purl.org/sig/ont/fma/fma44788	0.96092588
http://snomed.info/id/313097004	http://purl.org/sig/ont/fma/fma44794	0.95835119
http://snomed.info/id/313098009	http://purl.org/sig/ont/fma/fma44799	0.95234209
http://snomed.info/id/313099001	http://purl.org/sig/ont/fma/fma44726	0.94288439
http://snomed.info/id/313126004	http://purl.org/sig/ont/fma/fma76853	0.96502167
http://snomed.info/id/313127008	http://purl.org/sig/ont/fma/fma76852	0.96608382
http://snomed.info/id/313171007	http://purl.org/sig/ont/fma/fma321542	0.93010736
http://snomed.info/id/31318000	http://purl.org/sig/ont/fma/fma46693	1.0
http://snomed.info/id/313269002	http://purl.org/sig/ont/fma/fma76736	0.94107199
http://snomed.info/id/313345004	http://purl.org/sig/ont/fma/fma24050	1.0
http://snomed.info/id/31336000	http://purl.org/sig/ont/fma/fma48986	1.0
http://snomed.info/id/313362009	http://purl.org/sig/ont/fma/fma322923	0.92674029
http://snomed.info/id/3134008	http://purl.org/sig/ont/fma/fma42999	1.0
http://snomed.info/id/31348002	http://purl.org/sig/ont/fma/fma22680	1.0
http://snomed.info/id/313661009	http://purl.org/sig/ont/fma/fma13416	0.94102895
http://snomed.info/id/313762007	http://purl.org/sig/ont/fma/fma4732	1.0
http://snomed.info/id/31386006	http://purl.org/sig/ont/fma/fma323103	0.97140634
http://snomed.info/id/313863005	http://purl.org/sig/ont/fma/fma16375	0.93192554
http://snomed.info/id/31388007	http://purl.org/sig/ont/fma/fma22677	1.0
http://snomed.info/id/313965002	http://purl.org/sig/ont/fma/fma65777	0.9198795
http://snomed.info/id/314061001	http://purl.org/sig/ont/fma/fma65776	0.93618339
http://snomed.info/id/314139009	http://purl.org/sig/ont/fma/fma61823	1.0
http://snomed.info/id/314141005	http://purl.org/sig/ont/fma/fma72969	0.9481501
http://snomed.info/id/314142003	http://purl.org/sig/ont/fma/fma72970	0.93124801
http://snomed.info/id/314144002	http://purl.org/sig/ont/fma/fma74885	0.92729676
http://snomed.info/id/314146000	http://purl.org/sig/ont/fma/fma72973	0.94306636
http://snomed.info/id/314149007	http://purl.org/sig/ont/fma/fma72975	0.95357782
http://snomed.info/id/314150007	http://purl.org/sig/ont/fma/fma72976	0.93615407
http://snomed.info/id/314155002	http://purl.org/sig/ont/fma/fma74890	0.9212873
http://snomed.info/id/314157005	http://purl.org/sig/ont/fma/fma72971	0.94902796
http://snomed.info/id/314158000	http://purl.org/sig/ont/fma/fma256218	0.93294197
http://snomed.info/id/31416000	http://purl.org/sig/ont/fma/fma62331	1.0
http://snomed.info/id/314160003	http://purl.org/sig/ont/fma/fma74892	0.93053168
http://snomed.info/id/314180002	http://purl.org/sig/ont/fma/fma272295	0.95986784
http://snomed.info/id/314181003	http://purl.org/sig/ont/fma/fma279780	0.93936419
http://snomed.info/id/314182005	http://purl.org/sig/ont/fma/fma323337	0.9115625
http://snomed.info/id/314183000	http://purl.org/sig/ont/fma/fma323338	0.9092629
http://snomed.info/id/314216006	http://purl.org/sig/ont/fma/fma322903	0.95253789
http://snomed.info/id/314217002	http://purl.org/sig/ont/fma/fma322901	0.90097439
http://snomed.info/id/314218007	http://purl.org/sig/ont/fma/fma9309	0.93610591
http://snomed.info/id/314219004	http://purl.org/sig/ont/fma/fma68841	0.93504637
http://snomed.info/id/314220005	http://purl.org/sig/ont/fma/fma68832	0.93013602
http://snomed.info/id/314235006	http://purl.org/sig/ont/fma/fma279937	0.91649902
http://snomed.info/id/314238008	http://purl.org/sig/ont/fma/fma52405	0.94523698
http://snomed.info/id/314253000	http://purl.org/sig/ont/fma/fma268155	0.93338412
http://snomed.info/id/314254006	http://purl.org/sig/ont/fma/fma322490	1.0
http://snomed.info/id/314255007	http://purl.org/sig/ont/fma/fma63984	0.91274273
http://snomed.info/id/314256008	http://purl.org/sig/ont/fma/fma322489	1.0
http://snomed.info/id/314259001	http://purl.org/sig/ont/fma/fma71454	0.93537807
http://snomed.info/id/314260006	http://purl.org/sig/ont/fma/fma279816	0.9423672
http://snomed.info/id/31427003	http://purl.org/sig/ont/fma/fma18259	1.0
http://snomed.info/id/314275003	http://purl.org/sig/ont/fma/fma49914	0.91467816
http://snomed.info/id/314276002	http://purl.org/sig/ont/fma/fma49911	0.90878081
http://snomed.info/id/314278001	http://purl.org/sig/ont/fma/fma9416	0.90913719
http://snomed.info/id/314279009	http://purl.org/sig/ont/fma/fma49916	0.91355664
http://snomed.info/id/31428008	http://purl.org/sig/ont/fma/fma77616	1.0
http://snomed.info/id/314281006	http://purl.org/sig/ont/fma/fma49913	0.90001053
http://snomed.info/id/314282004	http://purl.org/sig/ont/fma/fma9417	0.90425235
http://snomed.info/id/314283009	http://purl.org/sig/ont/fma/fma66316	1.0
http://snomed.info/id/314285002	http://purl.org/sig/ont/fma/fma276049	0.90698177
http://snomed.info/id/314286001	http://purl.org/sig/ont/fma/fma49539	1.0
http://snomed.info/id/314287005	http://purl.org/sig/ont/fma/fma49589	1.0
http://snomed.info/id/314288000	http://purl.org/sig/ont/fma/fma49627	1.0
http://snomed.info/id/314289008	http://purl.org/sig/ont/fma/fma49653	1.0
http://snomed.info/id/314290004	http://purl.org/sig/ont/fma/fma49698	1.0
http://snomed.info/id/314291000	http://purl.org/sig/ont/fma/fma49933	1.0
http://snomed.info/id/314293002	http://purl.org/sig/ont/fma/fma70373	1.0
http://snomed.info/id/314299003	http://purl.org/sig/ont/fma/fma66313	1.0
http://snomed.info/id/314300006	http://purl.org/sig/ont/fma/fma49714	1.0
http://snomed.info/id/314301005	http://purl.org/sig/ont/fma/fma49868	0.90176761
http://snomed.info/id/314302003	http://purl.org/sig/ont/fma/fma50081	1.0
http://snomed.info/id/314303008	http://purl.org/sig/ont/fma/fma49872	1.0
http://snomed.info/id/314304002	http://purl.org/sig/ont/fma/fma50031	1.0
http://snomed.info/id/314305001	http://purl.org/sig/ont/fma/fma50586	1.0
http://snomed.info/id/314306000	http://purl.org/sig/ont/fma/fma49552	1.0
http://snomed.info/id/314307009	http://purl.org/sig/ont/fma/fma49553	1.0
http://snomed.info/id/314308004	http://purl.org/sig/ont/fma/fma49554	1.0
http://snomed.info/id/314309007	http://purl.org/sig/ont/fma/fma68840	0.96927649
http://snomed.info/id/314310002	http://purl.org/sig/ont/fma/fma68842	0.96742606
http://snomed.info/id/314311003	http://purl.org/sig/ont/fma/fma8622	0.957555
http://snomed.info/id/314312005	http://purl.org/sig/ont/fma/fma76946	0.93233526
http://snomed.info/id/314320007	http://purl.org/sig/ont/fma/fma70494	0.94320172
http://snomed.info/id/314323009	http://purl.org/sig/ont/fma/fma73204	0.94818568
http://snomed.info/id/314324003	http://purl.org/sig/ont/fma/fma69796	1.0
http://snomed.info/id/314325002	http://purl.org/sig/ont/fma/fma69798	1.0
http://snomed.info/id/314326001	http://purl.org/sig/ont/fma/fma69803	1.0
http://snomed.info/id/314327005	http://purl.org/sig/ont/fma/fma69804	1.0
http://snomed.info/id/314329008	http://purl.org/sig/ont/fma/fma18835	0.96033102
http://snomed.info/id/314331004	http://purl.org/sig/ont/fma/fma322951	0.90848845
http://snomed.info/id/314332006	http://purl.org/sig/ont/fma/fma66319	0.94120264
http://snomed.info/id/314335008	http://purl.org/sig/ont/fma/fma69458	1.0
http://snomed.info/id/31435000	http://purl.org/sig/ont/fma/fma18245	1.0
http://snomed.info/id/314355009	http://purl.org/sig/ont/fma/fma70251	1.0
http://snomed.info/id/314359003	http://purl.org/sig/ont/fma/fma20741	0.90772158
http://snomed.info/id/314362000	http://purl.org/sig/ont/fma/fma43900	0.97109902
http://snomed.info/id/314363005	http://purl.org/sig/ont/fma/fma69784	1.0
http://snomed.info/id/314365003	http://purl.org/sig/ont/fma/fma44593	0.96281582
http://snomed.info/id/314375000	http://purl.org/sig/ont/fma/fma62108	0.92428315
http://snomed.info/id/314394005	http://purl.org/sig/ont/fma/fma322499	0.9100762
http://snomed.info/id/314395006	http://purl.org/sig/ont/fma/fma322330	0.9146778
http://snomed.info/id/314403009	http://purl.org/sig/ont/fma/fma23100	0.94153285
http://snomed.info/id/314406001	http://purl.org/sig/ont/fma/fma322498	0.94505668
http://snomed.info/id/314410003	http://purl.org/sig/ont/fma/fma323399	0.91536874
http://snomed.info/id/314412006	http://purl.org/sig/ont/fma/fma322338	0.96342343
http://snomed.info/id/314413001	http://purl.org/sig/ont/fma/fma60614	0.92582721
http://snomed.info/id/314425003	http://purl.org/sig/ont/fma/fma323313	0.91116768
http://snomed.info/id/314479007	http://purl.org/sig/ont/fma/fma40865	0.91320801
http://snomed.info/id/31456003	http://purl.org/sig/ont/fma/fma54504	1.0
http://snomed.info/id/314619006	http://purl.org/sig/ont/fma/fma322137	0.95309532
http://snomed.info/id/314620000	http://purl.org/sig/ont/fma/fma240707	1.0
http://snomed.info/id/314621001	http://purl.org/sig/ont/fma/fma322132	1.0
http://snomed.info/id/314625005	http://purl.org/sig/ont/fma/fma32838	1.0
http://snomed.info/id/314626006	http://purl.org/sig/ont/fma/fma33112	1.0
http://snomed.info/id/314628007	http://purl.org/sig/ont/fma/fma33726	0.95022506
http://snomed.info/id/314663002	http://purl.org/sig/ont/fma/fma19116	0.93039942
http://snomed.info/id/314715009	http://purl.org/sig/ont/fma/fma29839	0.90667665
http://snomed.info/id/314719003	http://purl.org/sig/ont/fma/fma44596	0.91185379
http://snomed.info/id/314720009	http://purl.org/sig/ont/fma/fma292836	0.9209159
http://snomed.info/id/314721008	http://purl.org/sig/ont/fma/fma37319	0.90030956
http://snomed.info/id/314723006	http://purl.org/sig/ont/fma/fma55035	1.0
http://snomed.info/id/314729005	http://purl.org/sig/ont/fma/fma14622	1.0
http://snomed.info/id/314730000	http://purl.org/sig/ont/fma/fma12796	0.91833085
http://snomed.info/id/314731001	http://purl.org/sig/ont/fma/fma16654	0.91151989
http://snomed.info/id/314732008	http://purl.org/sig/ont/fma/fma71832	1.0
http://snomed.info/id/314733003	http://purl.org/sig/ont/fma/fma30315	0.9276166
http://snomed.info/id/314738007	http://purl.org/sig/ont/fma/fma321658	0.98921156
http://snomed.info/id/314740002	http://purl.org/sig/ont/fma/fma16511	0.94085139
http://snomed.info/id/314749001	http://purl.org/sig/ont/fma/fma20560	0.91109806
http://snomed.info/id/314752009	http://purl.org/sig/ont/fma/fma6639	0.92850882
http://snomed.info/id/31476009	http://purl.org/sig/ont/fma/fma61853	1.0
http://snomed.info/id/314777005	http://purl.org/sig/ont/fma/fma60186	0.94083995
http://snomed.info/id/314778000	http://purl.org/sig/ont/fma/fma60201	0.92234945
http://snomed.info/id/314792006	http://purl.org/sig/ont/fma/fma264813	0.92694783
http://snomed.info/id/314802006	http://purl.org/sig/ont/fma/fma55605	1.0
http://snomed.info/id/314823000	http://purl.org/sig/ont/fma/fma276243	0.92212361
http://snomed.info/id/314855000	http://purl.org/sig/ont/fma/fma78558	0.95914054
http://snomed.info/id/31486005	http://purl.org/sig/ont/fma/fma323234	0.99726224
http://snomed.info/id/314873002	http://purl.org/sig/ont/fma/fma37451	0.91346717
http://snomed.info/id/31488006	http://purl.org/sig/ont/fma/fma49605	1.0
http://snomed.info/id/314890008	http://purl.org/sig/ont/fma/fma234827	0.90162045
http://snomed.info/id/314895003	http://purl.org/sig/ont/fma/fma42818	0.93320322
http://snomed.info/id/314896002	http://purl.org/sig/ont/fma/fma321697	0.9126606
http://snomed.info/id/314897006	http://purl.org/sig/ont/fma/fma42771	0.92814106
http://snomed.info/id/314898001	http://purl.org/sig/ont/fma/fma234827	0.91460484
http://snomed.info/id/314899009	http://purl.org/sig/ont/fma/fma278550	1.0
http://snomed.info/id/314907001	http://purl.org/sig/ont/fma/fma34599	0.96025467
http://snomed.info/id/314915003	http://purl.org/sig/ont/fma/fma51003	0.9251529
http://snomed.info/id/315032005	http://purl.org/sig/ont/fma/fma22958	0.91545939
http://snomed.info/id/315076003	http://purl.org/sig/ont/fma/fma75689	0.93952209
http://snomed.info/id/31510008	http://purl.org/sig/ont/fma/fma18934	0.94946796
http://snomed.info/id/315177009	http://purl.org/sig/ont/fma/fma73983	0.91191608
http://snomed.info/id/315278006	http://purl.org/sig/ont/fma/fma73968	0.90151918
http://snomed.info/id/315573001	http://purl.org/sig/ont/fma/fma256526	0.9173578
http://snomed.info/id/3156006	http://purl.org/sig/ont/fma/fma18865	1.0
http://snomed.info/id/31562005	http://purl.org/sig/ont/fma/fma322870	0.96197402
http://snomed.info/id/31567004	http://purl.org/sig/ont/fma/fma76998	1.0
http://snomed.info/id/315673007	http://purl.org/sig/ont/fma/fma256524	0.92279983
http://snomed.info/id/31575005	http://purl.org/sig/ont/fma/fma51800	1.0
http://snomed.info/id/3159004	http://purl.org/sig/ont/fma/fma10636	1.0
http://snomed.info/id/316079000	http://purl.org/sig/ont/fma/fma76848	0.92669761
http://snomed.info/id/316180000	http://purl.org/sig/ont/fma/fma76849	0.93402779
http://snomed.info/id/316282002	http://purl.org/sig/ont/fma/fma76850	0.91499311
http://snomed.info/id/31631001	http://purl.org/sig/ont/fma/fma24242	1.0
http://snomed.info/id/31634009	http://purl.org/sig/ont/fma/fma8722	0.94019419
http://snomed.info/id/31636006	http://purl.org/sig/ont/fma/fma58078	1.0
http://snomed.info/id/316384003	http://purl.org/sig/ont/fma/fma21503	0.9505409
http://snomed.info/id/31640002	http://purl.org/sig/ont/fma/fma52735	1.0
http://snomed.info/id/31645007	http://purl.org/sig/ont/fma/fma77260	1.0
http://snomed.info/id/31650001	http://purl.org/sig/ont/fma/fma323382	1.0
http://snomed.info/id/31657003	http://purl.org/sig/ont/fma/fma61135	1.0
http://snomed.info/id/316586000	http://purl.org/sig/ont/fma/fma13550	0.91247809
http://snomed.info/id/31660005	http://purl.org/sig/ont/fma/fma286440	0.98116106
http://snomed.info/id/31677005	http://purl.org/sig/ont/fma/fma20741	1.0
http://snomed.info/id/31688004	http://purl.org/sig/ont/fma/fma14344	1.0
http://snomed.info/id/31689007	http://purl.org/sig/ont/fma/fma85254	0.95973575
http://snomed.info/id/3169005	http://purl.org/sig/ont/fma/fma5858	1.0
http://snomed.info/id/31699002	http://purl.org/sig/ont/fma/fma51011	0.90093088
http://snomed.info/id/31701002	http://purl.org/sig/ont/fma/fma74003	1.0
http://snomed.info/id/317078003	http://purl.org/sig/ont/fma/fma77180	0.90651268
http://snomed.info/id/31708008	http://purl.org/sig/ont/fma/fma70279	0.9570632
http://snomed.info/id/317570004	http://purl.org/sig/ont/fma/fma321449	0.9422093
http://snomed.info/id/31764008	http://purl.org/sig/ont/fma/fma9626	1.0
http://snomed.info/id/317665004	http://purl.org/sig/ont/fma/fma11953	1.0
http://snomed.info/id/317766009	http://purl.org/sig/ont/fma/fma11954	1.0
http://snomed.info/id/31808004	http://purl.org/sig/ont/fma/fma277055	0.92935783
http://snomed.info/id/31836009	http://purl.org/sig/ont/fma/fma49038	1.0
http://snomed.info/id/31843003	http://purl.org/sig/ont/fma/fma321517	0.91204101
http://snomed.info/id/318634006	http://purl.org/sig/ont/fma/fma76719	0.91091794
http://snomed.info/id/318832008	http://purl.org/sig/ont/fma/fma70934	0.91169345
http://snomed.info/id/318929009	http://purl.org/sig/ont/fma/fma322848	0.92891562
http://snomed.info/id/319024007	http://purl.org/sig/ont/fma/fma70945	0.92805046
http://snomed.info/id/31903007	http://purl.org/sig/ont/fma/fma50082	0.95405507
http://snomed.info/id/319123004	http://purl.org/sig/ont/fma/fma322851	0.9367063
http://snomed.info/id/31934006	http://purl.org/sig/ont/fma/fma23260	1.0
http://snomed.info/id/3194006	http://purl.org/sig/ont/fma/fma7281	1.0
http://snomed.info/id/319522000	http://purl.org/sig/ont/fma/fma70726	0.96875077
http://snomed.info/id/319720006	http://purl.org/sig/ont/fma/fma70668	0.94073343
http://snomed.info/id/31974000	http://purl.org/sig/ont/fma/fma38179	0.92592067
http://snomed.info/id/31976003	http://purl.org/sig/ont/fma/fma54518	1.0
http://snomed.info/id/319813006	http://purl.org/sig/ont/fma/fma70669	0.94631702
http://snomed.info/id/31995005	http://purl.org/sig/ont/fma/fma15404	1.0
http://snomed.info/id/32019000	http://purl.org/sig/ont/fma/fma19814	1.0
http://snomed.info/id/32032005	http://purl.org/sig/ont/fma/fma59818	1.0
http://snomed.info/id/320401000	http://purl.org/sig/ont/fma/fma323223	0.97005093
http://snomed.info/id/32041000	http://purl.org/sig/ont/fma/fma15622	1.0
http://snomed.info/id/32061006	http://purl.org/sig/ont/fma/fma19683	1.0
http://snomed.info/id/32062004	http://purl.org/sig/ont/fma/fma3939	1.0
http://snomed.info/id/320700003	http://purl.org/sig/ont/fma/fma322824	0.94540268
http://snomed.info/id/320800008	http://purl.org/sig/ont/fma/fma323205	0.95692414
http://snomed.info/id/32085003	http://purl.org/sig/ont/fma/fma35445	1.0
http://snomed.info/id/32087006	http://purl.org/sig/ont/fma/fma59819	1.0
http://snomed.info/id/320991003	http://purl.org/sig/ont/fma/fma322825	0.94594622
http://snomed.info/id/32104003	http://purl.org/sig/ont/fma/fma20374	1.0
http://snomed.info/id/32114007	http://purl.org/sig/ont/fma/fma50802	1.0
http://snomed.info/id/32119002	http://purl.org/sig/ont/fma/fma9196	1.0
http://snomed.info/id/32152008	http://purl.org/sig/ont/fma/fma51332	0.90273094
http://snomed.info/id/32153003	http://purl.org/sig/ont/fma/fma7188	1.0
http://snomed.info/id/321667001	http://purl.org/sig/ont/fma/fma265130	1.0
http://snomed.info/id/32181009	http://purl.org/sig/ont/fma/fma57420	1.0
http://snomed.info/id/32184001	http://purl.org/sig/ont/fma/fma77543	0.91780359
http://snomed.info/id/321862009	http://purl.org/sig/ont/fma/fma322313	0.94160104
http://snomed.info/id/321956000	http://purl.org/sig/ont/fma/fma52125	0.95259976
http://snomed.info/id/32206009	http://purl.org/sig/ont/fma/fma59328	1.0
http://snomed.info/id/32257008	http://purl.org/sig/ont/fma/fma323067	0.903386
http://snomed.info/id/32259006	http://purl.org/sig/ont/fma/fma58865	0.92451775
http://snomed.info/id/32264005	http://purl.org/sig/ont/fma/fma6670	0.9686501
http://snomed.info/id/3227004	http://purl.org/sig/ont/fma/fma4685	1.0
http://snomed.info/id/322841005	http://purl.org/sig/ont/fma/fma76887	0.92302138
http://snomed.info/id/32292000	http://purl.org/sig/ont/fma/fma50000	1.0
http://snomed.info/id/32293005	http://purl.org/sig/ont/fma/fma16902	1.0
http://snomed.info/id/32301002	http://purl.org/sig/ont/fma/fma15876	1.0
http://snomed.info/id/32332001	http://purl.org/sig/ont/fma/fma14643	1.0
http://snomed.info/id/323715001	http://purl.org/sig/ont/fma/fma323356	0.95288992
http://snomed.info/id/32373000	http://purl.org/sig/ont/fma/fma72976	1.0
http://snomed.info/id/32376008	http://purl.org/sig/ont/fma/fma46750	1.0
http://snomed.info/id/32377004	http://purl.org/sig/ont/fma/fma322642	0.93398225
http://snomed.info/id/32383001	http://purl.org/sig/ont/fma/fma22847	0.93113708
http://snomed.info/id/323907009	http://purl.org/sig/ont/fma/fma323358	0.95882636
http://snomed.info/id/32391005	http://purl.org/sig/ont/fma/fma6628	0.90542144
http://snomed.info/id/323998008	http://purl.org/sig/ont/fma/fma84575	0.93083334
http://snomed.info/id/32401001	http://purl.org/sig/ont/fma/fma58245	1.0
http://snomed.info/id/32427001	http://purl.org/sig/ont/fma/fma7237	1.0
http://snomed.info/id/32430008	http://purl.org/sig/ont/fma/fma9946	1.0
http://snomed.info/id/3243006	http://purl.org/sig/ont/fma/fma16664	1.0
http://snomed.info/id/32448004	http://purl.org/sig/ont/fma/fma242205	1.0
http://snomed.info/id/324663003	http://purl.org/sig/ont/fma/fma323327	0.93234986
http://snomed.info/id/324760006	http://purl.org/sig/ont/fma/fma77581	0.92217237
http://snomed.info/id/32479000	http://purl.org/sig/ont/fma/fma27286	0.91226292
http://snomed.info/id/324851005	http://purl.org/sig/ont/fma/fma21538	0.92387438
http://snomed.info/id/324938001	http://purl.org/sig/ont/fma/fma21539	0.93014067
http://snomed.info/id/32494001	http://purl.org/sig/ont/fma/fma322312	1.0
http://snomed.info/id/32503000	http://purl.org/sig/ont/fma/fma9559	1.0
http://snomed.info/id/325032006	http://purl.org/sig/ont/fma/fma323326	0.9607895
http://snomed.info/id/32516000	http://purl.org/sig/ont/fma/fma74897	1.0
http://snomed.info/id/325226009	http://purl.org/sig/ont/fma/fma6272	0.92909604
http://snomed.info/id/32530005	http://purl.org/sig/ont/fma/fma50807	1.0
http://snomed.info/id/325418003	http://purl.org/sig/ont/fma/fma323324	0.93874776
http://snomed.info/id/32551008	http://purl.org/sig/ont/fma/fma34836	1.0
http://snomed.info/id/325518000	http://purl.org/sig/ont/fma/fma323325	0.93533897
http://snomed.info/id/32558002	http://purl.org/sig/ont/fma/fma46638	0.918787
http://snomed.info/id/32570003	http://purl.org/sig/ont/fma/fma49558	1.0
http://snomed.info/id/325714000	http://purl.org/sig/ont/fma/fma77596	0.94282657
http://snomed.info/id/32573001	http://purl.org/sig/ont/fma/fma37373	1.0
http://snomed.info/id/32575008	http://purl.org/sig/ont/fma/fma63816	0.94289088
http://snomed.info/id/325813004	http://purl.org/sig/ont/fma/fma75475	0.90184152
http://snomed.info/id/325911001	http://purl.org/sig/ont/fma/fma75477	0.90847397
http://snomed.info/id/326006007	http://purl.org/sig/ont/fma/fma75476	0.93215859
http://snomed.info/id/32603008	http://purl.org/sig/ont/fma/fma73141	0.90702116
http://snomed.info/id/32610002	http://purl.org/sig/ont/fma/fma321900	1.0
http://snomed.info/id/32611003	http://purl.org/sig/ont/fma/fma15721	1.0
http://snomed.info/id/32622004	http://purl.org/sig/ont/fma/fma14547	1.0
http://snomed.info/id/326291004	http://purl.org/sig/ont/fma/fma5874	0.91587245
http://snomed.info/id/32637000	http://purl.org/sig/ont/fma/fma256184	1.0
http://snomed.info/id/326391001	http://purl.org/sig/ont/fma/fma65627	0.90961629
http://snomed.info/id/32656005	http://purl.org/sig/ont/fma/fma55289	1.0
http://snomed.info/id/32672002	http://purl.org/sig/ont/fma/fma87217	1.0
http://snomed.info/id/326777009	http://purl.org/sig/ont/fma/fma323380	0.95799452
http://snomed.info/id/32679006	http://purl.org/sig/ont/fma/fma69734	1.0
http://snomed.info/id/32696007	http://purl.org/sig/ont/fma/fma24980	0.98384571
http://snomed.info/id/326965006	http://purl.org/sig/ont/fma/fma323382	0.92257494
http://snomed.info/id/327052008	http://purl.org/sig/ont/fma/fma62842	0.90356737
http://snomed.info/id/32713005	http://purl.org/sig/ont/fma/fma14541	1.0
http://snomed.info/id/32731006	http://purl.org/sig/ont/fma/fma32429	1.0
http://snomed.info/id/327343006	http://purl.org/sig/ont/fma/fma12767	0.93721342
http://snomed.info/id/32743007	http://purl.org/sig/ont/fma/fma51797	1.0
http://snomed.info/id/327435000	http://purl.org/sig/ont/fma/fma12768	0.93531311
http://snomed.info/id/32753008	http://purl.org/sig/ont/fma/fma24237	1.0
http://snomed.info/id/327532004	http://purl.org/sig/ont/fma/fma74604	0.90600038
http://snomed.info/id/32764006	http://purl.org/sig/ont/fma/fma66645	1.0
http://snomed.info/id/327730009	http://purl.org/sig/ont/fma/fma323378	0.93671852
http://snomed.info/id/32781002	http://purl.org/sig/ont/fma/fma84575	1.0
http://snomed.info/id/3279003	http://purl.org/sig/ont/fma/fma24239	1.0
http://snomed.info/id/32820005	http://purl.org/sig/ont/fma/fma55626	1.0
http://snomed.info/id/32839000	http://purl.org/sig/ont/fma/fma10005	1.0
http://snomed.info/id/32859001	http://purl.org/sig/ont/fma/fma15391	1.0
http://snomed.info/id/32885002	http://purl.org/sig/ont/fma/fma23227	1.0
http://snomed.info/id/32929005	http://purl.org/sig/ont/fma/fma22585	1.0
http://snomed.info/id/32936006	http://purl.org/sig/ont/fma/fma49695	1.0
http://snomed.info/id/3295003	http://purl.org/sig/ont/fma/fma62184	0.94246525
http://snomed.info/id/32952009	http://purl.org/sig/ont/fma/fma9183	1.0
http://snomed.info/id/32959000	http://purl.org/sig/ont/fma/fma70617	0.91011316
http://snomed.info/id/32967008	http://purl.org/sig/ont/fma/fma78540	1.0
http://snomed.info/id/329735008	http://purl.org/sig/ont/fma/fma15648	0.91053092
http://snomed.info/id/33007003	http://purl.org/sig/ont/fma/fma322571	0.96172267
http://snomed.info/id/3301002	http://purl.org/sig/ont/fma/fma72505	1.0
http://snomed.info/id/330124008	http://purl.org/sig/ont/fma/fma322315	0.94351441
http://snomed.info/id/3302009	http://purl.org/sig/ont/fma/fma14801	1.0
http://snomed.info/id/330217002	http://purl.org/sig/ont/fma/fma52011	1.0
http://snomed.info/id/330318009	http://purl.org/sig/ont/fma/fma52012	1.0
http://snomed.info/id/330518008	http://purl.org/sig/ont/fma/fma63259	0.90073663
http://snomed.info/id/33052000	http://purl.org/sig/ont/fma/fma7286	1.0
http://snomed.info/id/33060004	http://purl.org/sig/ont/fma/fma83943	1.0
http://snomed.info/id/33081004	http://purl.org/sig/ont/fma/fma16090	1.0
http://snomed.info/id/33102007	http://purl.org/sig/ont/fma/fma49608	1.0
http://snomed.info/id/331108004	http://purl.org/sig/ont/fma/fma322424	0.9336018
http://snomed.info/id/331307002	http://purl.org/sig/ont/fma/fma76698	0.9391672
http://snomed.info/id/33138000	http://purl.org/sig/ont/fma/fma257035	0.92332584
http://snomed.info/id/331408006	http://purl.org/sig/ont/fma/fma76697	0.93380439
http://snomed.info/id/3315000	http://purl.org/sig/ont/fma/fma72646	1.0
http://snomed.info/id/331510005	http://purl.org/sig/ont/fma/fma322793	0.93030173
http://snomed.info/id/33154002	http://purl.org/sig/ont/fma/fma13425	1.0
http://snomed.info/id/33180001	http://purl.org/sig/ont/fma/fma55560	1.0
http://snomed.info/id/331813002	http://purl.org/sig/ont/fma/fma32426	0.94310755
http://snomed.info/id/33185006	http://purl.org/sig/ont/fma/fma61908	1.0
http://snomed.info/id/331914007	http://purl.org/sig/ont/fma/fma32428	0.96146733
http://snomed.info/id/332013001	http://purl.org/sig/ont/fma/fma32429	0.95340437
http://snomed.info/id/332111001	http://purl.org/sig/ont/fma/fma32427	0.91116679
http://snomed.info/id/33227007	http://purl.org/sig/ont/fma/fma54568	0.90244114
http://snomed.info/id/33251002	http://purl.org/sig/ont/fma/fma24014	1.0
http://snomed.info/id/332607006	http://purl.org/sig/ont/fma/fma75434	1.0
http://snomed.info/id/33266004	http://purl.org/sig/ont/fma/fma61236	0.93152738
http://snomed.info/id/332709000	http://purl.org/sig/ont/fma/fma32807	0.90112263
http://snomed.info/id/33272004	http://purl.org/sig/ont/fma/fma322888	0.96964538
http://snomed.info/id/33274003	http://purl.org/sig/ont/fma/fma10082	1.0
http://snomed.info/id/332907008	http://purl.org/sig/ont/fma/fma7476	0.90239799
http://snomed.info/id/33293001	http://purl.org/sig/ont/fma/fma66185	0.90373349
http://snomed.info/id/33294007	http://purl.org/sig/ont/fma/fma322662	0.96207678
http://snomed.info/id/33299002	http://purl.org/sig/ont/fma/fma76866	1.0
http://snomed.info/id/33301009	http://purl.org/sig/ont/fma/fma16200	1.0
http://snomed.info/id/333209006	http://purl.org/sig/ont/fma/fma75435	0.93746877
http://snomed.info/id/33333000	http://purl.org/sig/ont/fma/fma53417	1.0
http://snomed.info/id/33338009	http://purl.org/sig/ont/fma/fma19038	1.0
http://snomed.info/id/333403005	http://purl.org/sig/ont/fma/fma321445	0.96106666
http://snomed.info/id/33347001	http://purl.org/sig/ont/fma/fma58970	1.0
http://snomed.info/id/3336003	http://purl.org/sig/ont/fma/fma224787	1.0
http://snomed.info/id/333786001	http://purl.org/sig/ont/fma/fma8961	0.94139224
http://snomed.info/id/333882009	http://purl.org/sig/ont/fma/fma8744	0.90374416
http://snomed.info/id/33392008	http://purl.org/sig/ont/fma/fma70451	1.0
http://snomed.info/id/33407009	http://purl.org/sig/ont/fma/fma61036	1.0
http://snomed.info/id/3341006	http://purl.org/sig/ont/fma/fma7309	1.0
http://snomed.info/id/33415007	http://purl.org/sig/ont/fma/fma57457	1.0
http://snomed.info/id/33416008	http://purl.org/sig/ont/fma/fma70661	1.0
http://snomed.info/id/33432006	http://purl.org/sig/ont/fma/fma4747	1.0
http://snomed.info/id/33437000	http://purl.org/sig/ont/fma/fma14645	1.0
http://snomed.info/id/33487007	http://purl.org/sig/ont/fma/fma292885	0.991036
http://snomed.info/id/33512008	http://purl.org/sig/ont/fma/fma21930	1.0
http://snomed.info/id/33539000	http://purl.org/sig/ont/fma/fma55034	0.92211127
http://snomed.info/id/33540003	http://purl.org/sig/ont/fma/fma45701	1.0
http://snomed.info/id/33587005	http://purl.org/sig/ont/fma/fma323332	0.96220148
http://snomed.info/id/33594008	http://purl.org/sig/ont/fma/fma7411	1.0
http://snomed.info/id/33598006	http://purl.org/sig/ont/fma/fma76643	1.0
http://snomed.info/id/33600000	http://purl.org/sig/ont/fma/fma26028	1.0
http://snomed.info/id/33626005	http://purl.org/sig/ont/fma/fma7219	1.0
http://snomed.info/id/336407002	http://purl.org/sig/ont/fma/fma8960	0.94802952
http://snomed.info/id/33641005	http://purl.org/sig/ont/fma/fma3963	1.0
http://snomed.info/id/33646000	http://purl.org/sig/ont/fma/fma19730	1.0
http://snomed.info/id/336508009	http://purl.org/sig/ont/fma/fma26013	0.9562645
http://snomed.info/id/33657005	http://purl.org/sig/ont/fma/fma15074	1.0
http://snomed.info/id/3366005	http://purl.org/sig/ont/fma/fma7264	1.0
http://snomed.info/id/33696004	http://purl.org/sig/ont/fma/fma321583	0.93212879
http://snomed.info/id/33702004	http://purl.org/sig/ont/fma/fma51009	0.93194282
http://snomed.info/id/33712006	http://purl.org/sig/ont/fma/fma38295	0.96024507
http://snomed.info/id/33718005	http://purl.org/sig/ont/fma/fma76852	1.0
http://snomed.info/id/33723005	http://purl.org/sig/ont/fma/fma72515	1.0
http://snomed.info/id/33728001	http://purl.org/sig/ont/fma/fma69329	1.0
http://snomed.info/id/337318006	http://purl.org/sig/ont/fma/fma50779	0.93366867
http://snomed.info/id/33735009	http://purl.org/sig/ont/fma/fma44271	0.92841166
http://snomed.info/id/33741002	http://purl.org/sig/ont/fma/fma52762	1.0
http://snomed.info/id/33750000	http://purl.org/sig/ont/fma/fma63953	0.916206
http://snomed.info/id/337521007	http://purl.org/sig/ont/fma/fma321520	0.94349462
http://snomed.info/id/33766003	http://purl.org/sig/ont/fma/fma10015	1.0
http://snomed.info/id/33767007	http://purl.org/sig/ont/fma/fma323345	1.0
http://snomed.info/id/33770006	http://purl.org/sig/ont/fma/fma14186	1.0
http://snomed.info/id/3377004	http://purl.org/sig/ont/fma/fma59766	1.0
http://snomed.info/id/337724002	http://purl.org/sig/ont/fma/fma323970	0.91228628
http://snomed.info/id/33790002	http://purl.org/sig/ont/fma/fma230984	1.0
http://snomed.info/id/33795007	http://purl.org/sig/ont/fma/fma14750	1.0
http://snomed.info/id/33805007	http://purl.org/sig/ont/fma/fma15648	0.98321849
http://snomed.info/id/33813008	http://purl.org/sig/ont/fma/fma10006	1.0
http://snomed.info/id/33814002	http://purl.org/sig/ont/fma/fma15945	0.92255408
http://snomed.info/id/33816000	http://purl.org/sig/ont/fma/fma43845	1.0
http://snomed.info/id/33819007	http://purl.org/sig/ont/fma/fma60106	1.0
http://snomed.info/id/33880004	http://purl.org/sig/ont/fma/fma23948	1.0
http://snomed.info/id/33898000	http://purl.org/sig/ont/fma/fma52858	1.0
http://snomed.info/id/33917005	http://purl.org/sig/ont/fma/fma321473	1.0
http://snomed.info/id/33942001	http://purl.org/sig/ont/fma/fma80973	0.90851849
http://snomed.info/id/3395001	http://purl.org/sig/ont/fma/fma50018	1.0
http://snomed.info/id/33961002	http://purl.org/sig/ont/fma/fma6469	1.0
http://snomed.info/id/33971000	http://purl.org/sig/ont/fma/fma23946	1.0
http://snomed.info/id/33972007	http://purl.org/sig/ont/fma/fma323372	1.0
http://snomed.info/id/33986006	http://purl.org/sig/ont/fma/fma55086	1.0
http://snomed.info/id/33992000	http://purl.org/sig/ont/fma/fma323339	0.98031026
http://snomed.info/id/34016008	http://purl.org/sig/ont/fma/fma38110	0.92880321
http://snomed.info/id/34031004	http://purl.org/sig/ont/fma/fma37417	1.0
http://snomed.info/id/340365001	http://purl.org/sig/ont/fma/fma77433	1.0
http://snomed.info/id/34073007	http://purl.org/sig/ont/fma/fma18147	1.0
http://snomed.info/id/34080009	http://purl.org/sig/ont/fma/fma52753	1.0
http://snomed.info/id/34109009	http://purl.org/sig/ont/fma/fma21538	1.0
http://snomed.info/id/34114008	http://purl.org/sig/ont/fma/fma50922	0.94159991
http://snomed.info/id/34132008	http://purl.org/sig/ont/fma/fma76887	0.9768728
http://snomed.info/id/34133003	http://purl.org/sig/ont/fma/fma19580	1.0
http://snomed.info/id/341382008	http://purl.org/sig/ont/fma/fma76719	0.92376077
http://snomed.info/id/341484008	http://purl.org/sig/ont/fma/fma76718	0.92186058
http://snomed.info/id/34154005	http://purl.org/sig/ont/fma/fma15417	0.95990598
http://snomed.info/id/34166004	http://purl.org/sig/ont/fma/fma12252	1.0
http://snomed.info/id/3417007	http://purl.org/sig/ont/fma/fma23081	1.0
http://snomed.info/id/34176001	http://purl.org/sig/ont/fma/fma60959	1.0
http://snomed.info/id/341789002	http://purl.org/sig/ont/fma/fma63191	1.0
http://snomed.info/id/34181005	http://purl.org/sig/ont/fma/fma322055	1.0
http://snomed.info/id/341890001	http://purl.org/sig/ont/fma/fma63192	1.0
http://snomed.info/id/34190003	http://purl.org/sig/ont/fma/fma61078	0.900962
http://snomed.info/id/341994009	http://purl.org/sig/ont/fma/fma323238	0.91206151
http://snomed.info/id/34202007	http://purl.org/sig/ont/fma/fma7236	1.0
http://snomed.info/id/34260002	http://purl.org/sig/ont/fma/fma46104	1.0
http://snomed.info/id/342603008	http://purl.org/sig/ont/fma/fma5884	0.90771145
http://snomed.info/id/34281002	http://purl.org/sig/ont/fma/fma22310	1.0
http://snomed.info/id/34292001	http://purl.org/sig/ont/fma/fma6232	1.0
http://snomed.info/id/34318004	http://purl.org/sig/ont/fma/fma34175	0.93430507
http://snomed.info/id/34352001	http://purl.org/sig/ont/fma/fma43007	1.0
http://snomed.info/id/34357007	http://purl.org/sig/ont/fma/fma19995	1.0
http://snomed.info/id/34380004	http://purl.org/sig/ont/fma/fma61920	1.0
http://snomed.info/id/3438001	http://purl.org/sig/ont/fma/fma52080	0.9855839
http://snomed.info/id/34386005	http://purl.org/sig/ont/fma/fma16557	1.0
http://snomed.info/id/34387001	http://purl.org/sig/ont/fma/fma323308	0.97928947
http://snomed.info/id/34402009	http://purl.org/sig/ont/fma/fma14544	1.0
http://snomed.info/id/34437007	http://purl.org/sig/ont/fma/fma33641	1.0
http://snomed.info/id/3444002	http://purl.org/sig/ont/fma/fma50997	0.95658195
http://snomed.info/id/34467001	http://purl.org/sig/ont/fma/fma52668	1.0
http://snomed.info/id/34497009	http://purl.org/sig/ont/fma/fma74890	1.0
http://snomed.info/id/345000	http://purl.org/sig/ont/fma/fma9484	1.0
http://snomed.info/id/34516001	http://purl.org/sig/ont/fma/fma7208	0.94457394
http://snomed.info/id/34542001	http://purl.org/sig/ont/fma/fma44062	0.97234684
http://snomed.info/id/34573002	http://purl.org/sig/ont/fma/fma50657	0.90732402
http://snomed.info/id/3460003	http://purl.org/sig/ont/fma/fma62141	1.0
http://snomed.info/id/34604003	http://purl.org/sig/ont/fma/fma7360	1.0
http://snomed.info/id/34611004	http://purl.org/sig/ont/fma/fma8661	1.0
http://snomed.info/id/3462006	http://purl.org/sig/ont/fma/fma12213	1.0
http://snomed.info/id/34625003	http://purl.org/sig/ont/fma/fma16641	1.0
http://snomed.info/id/34634008	http://purl.org/sig/ont/fma/fma46855	1.0
http://snomed.info/id/34635009	http://purl.org/sig/ont/fma/fma14735	1.0
http://snomed.info/id/34661008	http://purl.org/sig/ont/fma/fma49754	1.0
http://snomed.info/id/34678004	http://purl.org/sig/ont/fma/fma20560	1.0
http://snomed.info/id/34691003	http://purl.org/sig/ont/fma/fma71426	1.0
http://snomed.info/id/34703003	http://purl.org/sig/ont/fma/fma64070	0.97349483
http://snomed.info/id/34707002	http://purl.org/sig/ont/fma/fma79646	1.0
http://snomed.info/id/34709004	http://purl.org/sig/ont/fma/fma274520	0.98981094
http://snomed.info/id/34747009	http://purl.org/sig/ont/fma/fma39444	1.0
http://snomed.info/id/34775006	http://purl.org/sig/ont/fma/fma44315	1.0
http://snomed.info/id/3478008	http://purl.org/sig/ont/fma/fma22432	0.98627424
http://snomed.info/id/34799006	http://purl.org/sig/ont/fma/fma322704	0.98110127
http://snomed.info/id/34803007	http://purl.org/sig/ont/fma/fma83703	1.0
http://snomed.info/id/34834006	http://purl.org/sig/ont/fma/fma13345	0.96831077
http://snomed.info/id/34841000	http://purl.org/sig/ont/fma/fma55281	1.0
http://snomed.info/id/34855008	http://purl.org/sig/ont/fma/fma9416	0.9461987
http://snomed.info/id/34863009	http://purl.org/sig/ont/fma/fma85538	1.0
http://snomed.info/id/34881007	http://purl.org/sig/ont/fma/fma15954	1.0
http://snomed.info/id/34899004	http://purl.org/sig/ont/fma/fma9404	1.0
http://snomed.info/id/34918007	http://purl.org/sig/ont/fma/fma322816	0.98910683
http://snomed.info/id/34926004	http://purl.org/sig/ont/fma/fma322513	0.9886322
http://snomed.info/id/34932009	http://purl.org/sig/ont/fma/fma42465	0.99392027
http://snomed.info/id/34959001	http://purl.org/sig/ont/fma/fma13507	0.90099585
http://snomed.info/id/34973005	http://purl.org/sig/ont/fma/fma76867	0.95803356
http://snomed.info/id/34986001	http://purl.org/sig/ont/fma/fma14909	1.0
http://snomed.info/id/34988000	http://purl.org/sig/ont/fma/fma10646	1.0
http://snomed.info/id/34990004	http://purl.org/sig/ont/fma/fma14776	1.0
http://snomed.info/id/35054001	http://purl.org/sig/ont/fma/fma12154	1.0
http://snomed.info/id/35116004	http://purl.org/sig/ont/fma/fma23961	1.0
http://snomed.info/id/35119006	http://purl.org/sig/ont/fma/fma29713	1.0
http://snomed.info/id/35120000	http://purl.org/sig/ont/fma/fma8678	1.0
http://snomed.info/id/35155003	http://purl.org/sig/ont/fma/fma52582	1.0
http://snomed.info/id/35169003	http://purl.org/sig/ont/fma/fma39978	0.91710293
http://snomed.info/id/35173000	http://purl.org/sig/ont/fma/fma321466	1.0
http://snomed.info/id/35199007	http://purl.org/sig/ont/fma/fma71225	1.0
http://snomed.info/id/35201009	http://purl.org/sig/ont/fma/fma46757	0.90629017
http://snomed.info/id/35235007	http://purl.org/sig/ont/fma/fma44325	0.9364475
http://snomed.info/id/3524005	http://purl.org/sig/ont/fma/fma323087	1.0
http://snomed.info/id/35259002	http://purl.org/sig/ont/fma/fma32521	1.0
http://snomed.info/id/35278002	http://purl.org/sig/ont/fma/fma16901	1.0
http://snomed.info/id/35305002	http://purl.org/sig/ont/fma/fma61906	1.0
http://snomed.info/id/35306001	http://purl.org/sig/ont/fma/fma42459	0.94363058
http://snomed.info/id/35328001	http://purl.org/sig/ont/fma/fma6632	1.0
http://snomed.info/id/35346007	http://purl.org/sig/ont/fma/fma14647	1.0
http://snomed.info/id/35351001	http://purl.org/sig/ont/fma/fma322839	0.90929532
http://snomed.info/id/35366003	http://purl.org/sig/ont/fma/fma9580	1.0
http://snomed.info/id/35378004	http://purl.org/sig/ont/fma/fma15841	1.0
http://snomed.info/id/35395007	http://purl.org/sig/ont/fma/fma52752	1.0
http://snomed.info/id/3541007	http://purl.org/sig/ont/fma/fma44644	1.0
http://snomed.info/id/35419003	http://purl.org/sig/ont/fma/fma75801	1.0
http://snomed.info/id/35465000	http://purl.org/sig/ont/fma/fma256526	0.9276284
http://snomed.info/id/35475002	http://purl.org/sig/ont/fma/fma23976	1.0
http://snomed.info/id/35483008	http://purl.org/sig/ont/fma/fma10072	1.0
http://snomed.info/id/35485001	http://purl.org/sig/ont/fma/fma31724	1.0
http://snomed.info/id/35523009	http://purl.org/sig/ont/fma/fma70444	1.0
http://snomed.info/id/3553006	http://purl.org/sig/ont/fma/fma55513	1.0
http://snomed.info/id/35532006	http://purl.org/sig/ont/fma/fma321896	0.98183149
http://snomed.info/id/35536009	http://purl.org/sig/ont/fma/fma62202	1.0
http://snomed.info/id/35538005	http://purl.org/sig/ont/fma/fma77669	0.9779585
http://snomed.info/id/35616000	http://purl.org/sig/ont/fma/fma22541	1.0
http://snomed.info/id/35618004	http://purl.org/sig/ont/fma/fma34696	0.94396752
http://snomed.info/id/3563003	http://purl.org/sig/ont/fma/fma15893	1.0
http://snomed.info/id/35664009	http://purl.org/sig/ont/fma/fma77633	1.0
http://snomed.info/id/35665005	http://purl.org/sig/ont/fma/fma53156	1.0
http://snomed.info/id/3572006	http://purl.org/sig/ont/fma/fma11945	1.0
http://snomed.info/id/35721009	http://purl.org/sig/ont/fma/fma44232	1.0
http://snomed.info/id/35739000	http://purl.org/sig/ont/fma/fma38140	0.91348457
http://snomed.info/id/35752005	http://purl.org/sig/ont/fma/fma46308	1.0
http://snomed.info/id/35761005	http://purl.org/sig/ont/fma/fma53445	1.0
http://snomed.info/id/35769007	http://purl.org/sig/ont/fma/fma26112	0.96615702
http://snomed.info/id/3578005	http://purl.org/sig/ont/fma/fma14537	1.0
http://snomed.info/id/35801000	http://purl.org/sig/ont/fma/fma37638	1.0
http://snomed.info/id/35809003	http://purl.org/sig/ont/fma/fma44822	1.0
http://snomed.info/id/35819009	http://purl.org/sig/ont/fma/fma14331	1.0
http://snomed.info/id/3582007	http://purl.org/sig/ont/fma/fma16518	1.0
http://snomed.info/id/35826009	http://purl.org/sig/ont/fma/fma77264	1.0
http://snomed.info/id/3584008	http://purl.org/sig/ont/fma/fma10045	1.0
http://snomed.info/id/35845000	http://purl.org/sig/ont/fma/fma15843	1.0
http://snomed.info/id/35854002	http://purl.org/sig/ont/fma/fma37026	0.92886144
http://snomed.info/id/35900000	http://purl.org/sig/ont/fma/fma19638	1.0
http://snomed.info/id/35901001	http://purl.org/sig/ont/fma/fma22748	1.0
http://snomed.info/id/35925009	http://purl.org/sig/ont/fma/fma75435	1.0
http://snomed.info/id/35927001	http://purl.org/sig/ont/fma/fma70617	0.90061277
http://snomed.info/id/359541001	http://purl.org/sig/ont/fma/fma295874	1.0
http://snomed.info/id/359744007	http://purl.org/sig/ont/fma/fma26662	0.93468422
http://snomed.info/id/35982005	http://purl.org/sig/ont/fma/fma71397	1.0
http://snomed.info/id/359876006	http://purl.org/sig/ont/fma/fma74686	0.97582901
http://snomed.info/id/35989001	http://purl.org/sig/ont/fma/fma49540	1.0
http://snomed.info/id/35990005	http://purl.org/sig/ont/fma/fma49543	1.0
http://snomed.info/id/359923002	http://purl.org/sig/ont/fma/fma74674	0.98268497
http://snomed.info/id/36023006	http://purl.org/sig/ont/fma/fma75481	1.0
http://snomed.info/id/360344003	http://purl.org/sig/ont/fma/fma70471	1.0
http://snomed.info/id/360350008	http://purl.org/sig/ont/fma/fma50798	0.93822569
http://snomed.info/id/360356002	http://purl.org/sig/ont/fma/fma13428	1.0
http://snomed.info/id/360357006	http://purl.org/sig/ont/fma/fma13429	1.0
http://snomed.info/id/360440006	http://purl.org/sig/ont/fma/fma256739	0.91153926
http://snomed.info/id/36044006	http://purl.org/sig/ont/fma/fma58437	0.94352442
http://snomed.info/id/360443008	http://purl.org/sig/ont/fma/fma323286	0.98169351
http://snomed.info/id/360445001	http://purl.org/sig/ont/fma/fma73983	0.92191911
http://snomed.info/id/360451006	http://purl.org/sig/ont/fma/fma62028	0.92545438
http://snomed.info/id/360459008	http://purl.org/sig/ont/fma/fma75511	0.92873871
http://snomed.info/id/360463001	http://purl.org/sig/ont/fma/fma74509	0.93260312
http://snomed.info/id/360464007	http://purl.org/sig/ont/fma/fma84035	1.0
http://snomed.info/id/360471002	http://purl.org/sig/ont/fma/fma242403	0.90464669
http://snomed.info/id/360472009	http://purl.org/sig/ont/fma/fma242405	0.91153157
http://snomed.info/id/360474005	http://purl.org/sig/ont/fma/fma242409	0.91395926
http://snomed.info/id/360477003	http://purl.org/sig/ont/fma/fma72472	1.0
http://snomed.info/id/360478008	http://purl.org/sig/ont/fma/fma83141	0.93040866
http://snomed.info/id/360483000	http://purl.org/sig/ont/fma/fma76742	0.90453345
http://snomed.info/id/360487004	http://purl.org/sig/ont/fma/fma322898	1.0
http://snomed.info/id/360488009	http://purl.org/sig/ont/fma/fma52631	1.0
http://snomed.info/id/360496004	http://purl.org/sig/ont/fma/fma42167	0.94568223
http://snomed.info/id/360499006	http://purl.org/sig/ont/fma/fma10446	1.0
http://snomed.info/id/360503000	http://purl.org/sig/ont/fma/fma50800	0.94366294
http://snomed.info/id/360509001	http://purl.org/sig/ont/fma/fma66617	0.93094325
http://snomed.info/id/360511005	http://purl.org/sig/ont/fma/fma12819	0.9061656
http://snomed.info/id/360513008	http://purl.org/sig/ont/fma/fma322898	0.92019331
http://snomed.info/id/360518004	http://purl.org/sig/ont/fma/fma70358	1.0
http://snomed.info/id/360520001	http://purl.org/sig/ont/fma/fma14184	1.0
http://snomed.info/id/360531009	http://purl.org/sig/ont/fma/fma70345	1.0
http://snomed.info/id/360535000	http://purl.org/sig/ont/fma/fma76259	1.0
http://snomed.info/id/360537008	http://purl.org/sig/ont/fma/fma76269	1.0
http://snomed.info/id/360539006	http://purl.org/sig/ont/fma/fma76264	0.95339322
http://snomed.info/id/360541007	http://purl.org/sig/ont/fma/fma73208	0.92116135
http://snomed.info/id/360543005	http://purl.org/sig/ont/fma/fma22693	1.0
http://snomed.info/id/360544004	http://purl.org/sig/ont/fma/fma17658	0.93465894
http://snomed.info/id/360550009	http://purl.org/sig/ont/fma/fma22738	1.0
http://snomed.info/id/360551008	http://purl.org/sig/ont/fma/fma22799	1.0
http://snomed.info/id/360559005	http://purl.org/sig/ont/fma/fma14670	0.93132842
http://snomed.info/id/360564009	http://purl.org/sig/ont/fma/fma77719	1.0
http://snomed.info/id/360570003	http://purl.org/sig/ont/fma/fma72644	1.0
http://snomed.info/id/360574007	http://purl.org/sig/ont/fma/fma10419	0.95252711
http://snomed.info/id/360582007	http://purl.org/sig/ont/fma/fma86491	0.94798559
http://snomed.info/id/360585009	http://purl.org/sig/ont/fma/fma7209	0.94443715
http://snomed.info/id/360588006	http://purl.org/sig/ont/fma/fma322649	0.96608722
http://snomed.info/id/360596001	http://purl.org/sig/ont/fma/fma71227	0.90114474
http://snomed.info/id/360612005	http://purl.org/sig/ont/fma/fma77883	1.0
http://snomed.info/id/360615007	http://purl.org/sig/ont/fma/fma14322	0.96410155
http://snomed.info/id/360625002	http://purl.org/sig/ont/fma/fma51244	1.0
http://snomed.info/id/360629008	http://purl.org/sig/ont/fma/fma70506	1.0
http://snomed.info/id/360637000	http://purl.org/sig/ont/fma/fma50883	1.0
http://snomed.info/id/36064001	http://purl.org/sig/ont/fma/fma58710	1.0
http://snomed.info/id/360648007	http://purl.org/sig/ont/fma/fma14295	1.0
http://snomed.info/id/360657001	http://purl.org/sig/ont/fma/fma4176	0.91434503
http://snomed.info/id/360662000	http://purl.org/sig/ont/fma/fma12286	0.90947211
http://snomed.info/id/360663005	http://purl.org/sig/ont/fma/fma51728	1.0
http://snomed.info/id/360673007	http://purl.org/sig/ont/fma/fma10641	0.92209631
http://snomed.info/id/360694005	http://purl.org/sig/ont/fma/fma12831	0.95437187
http://snomed.info/id/360695006	http://purl.org/sig/ont/fma/fma12831	0.94425046
http://snomed.info/id/360700004	http://purl.org/sig/ont/fma/fma321718	0.96174067
http://snomed.info/id/360701000	http://purl.org/sig/ont/fma/fma321719	1.0
http://snomed.info/id/36073009	http://purl.org/sig/ont/fma/fma322745	0.96680492
http://snomed.info/id/360755001	http://purl.org/sig/ont/fma/fma82694	0.93695074
http://snomed.info/id/360772008	http://purl.org/sig/ont/fma/fma46297	1.0
http://snomed.info/id/360773003	http://purl.org/sig/ont/fma/fma46335	0.95094234
http://snomed.info/id/360777002	http://purl.org/sig/ont/fma/fma321721	1.0
http://snomed.info/id/360782009	http://purl.org/sig/ont/fma/fma51118	0.91799861
http://snomed.info/id/36080006	http://purl.org/sig/ont/fma/fma58942	1.0
http://snomed.info/id/360818007	http://purl.org/sig/ont/fma/fma322484	0.96886432
http://snomed.info/id/360819004	http://purl.org/sig/ont/fma/fma75397	0.93822241
http://snomed.info/id/36082003	http://purl.org/sig/ont/fma/fma19595	1.0
http://snomed.info/id/360823007	http://purl.org/sig/ont/fma/fma42455	0.92686427
http://snomed.info/id/360825000	http://purl.org/sig/ont/fma/fma25950	0.95862651
http://snomed.info/id/360826004	http://purl.org/sig/ont/fma/fma44284	0.95306855
http://snomed.info/id/360827008	http://purl.org/sig/ont/fma/fma44215	0.95616019
http://snomed.info/id/360828003	http://purl.org/sig/ont/fma/fma44228	0.91863596
http://snomed.info/id/360829006	http://purl.org/sig/ont/fma/fma44214	0.93114775
http://snomed.info/id/360830001	http://purl.org/sig/ont/fma/fma322748	0.90312421
http://snomed.info/id/360832009	http://purl.org/sig/ont/fma/fma322835	0.94916964
http://snomed.info/id/360833004	http://purl.org/sig/ont/fma/fma80357	1.0
http://snomed.info/id/360836007	http://purl.org/sig/ont/fma/fma24060	0.9283222
http://snomed.info/id/360857004	http://purl.org/sig/ont/fma/fma322681	0.90794712
http://snomed.info/id/36086000	http://purl.org/sig/ont/fma/fma16656	1.0
http://snomed.info/id/360877006	http://purl.org/sig/ont/fma/fma297510	0.94369489
http://snomed.info/id/360881006	http://purl.org/sig/ont/fma/fma301855	1.0
http://snomed.info/id/360882004	http://purl.org/sig/ont/fma/fma45881	1.0
http://snomed.info/id/360883009	http://purl.org/sig/ont/fma/fma45950	1.0
http://snomed.info/id/360884003	http://purl.org/sig/ont/fma/fma46012	1.0
http://snomed.info/id/360886001	http://purl.org/sig/ont/fma/fma322236	0.90976655
http://snomed.info/id/360895009	http://purl.org/sig/ont/fma/fma323072	0.9726764
http://snomed.info/id/360896005	http://purl.org/sig/ont/fma/fma18116	0.92550886
http://snomed.info/id/3609007	http://purl.org/sig/ont/fma/fma49644	1.0
http://snomed.info/id/360911000	http://purl.org/sig/ont/fma/fma76850	0.92059541
http://snomed.info/id/360913002	http://purl.org/sig/ont/fma/fma322531	1.0
http://snomed.info/id/360930000	http://purl.org/sig/ont/fma/fma322526	1.0
http://snomed.info/id/360941003	http://purl.org/sig/ont/fma/fma228665	0.9285692
http://snomed.info/id/360948009	http://purl.org/sig/ont/fma/fma272344	0.94356811
http://snomed.info/id/360951002	http://purl.org/sig/ont/fma/fma44853	0.94654995
http://snomed.info/id/360954005	http://purl.org/sig/ont/fma/fma321942	1.0
http://snomed.info/id/360958008	http://purl.org/sig/ont/fma/fma322525	1.0
http://snomed.info/id/360960005	http://purl.org/sig/ont/fma/fma76641	0.92081523
http://snomed.info/id/360961009	http://purl.org/sig/ont/fma/fma72025	0.9094528
http://snomed.info/id/360963007	http://purl.org/sig/ont/fma/fma322524	1.0
http://snomed.info/id/360972004	http://purl.org/sig/ont/fma/fma15949	1.0
http://snomed.info/id/360977005	http://purl.org/sig/ont/fma/fma66131	0.93510735
http://snomed.info/id/360980006	http://purl.org/sig/ont/fma/fma322519	1.0
http://snomed.info/id/360981005	http://purl.org/sig/ont/fma/fma14496	1.0
http://snomed.info/id/360982003	http://purl.org/sig/ont/fma/fma72263	1.0
http://snomed.info/id/36099002	http://purl.org/sig/ont/fma/fma7699	0.91294426
http://snomed.info/id/360991004	http://purl.org/sig/ont/fma/fma6871	0.92831284
http://snomed.info/id/360992006	http://purl.org/sig/ont/fma/fma16663	0.90462327
http://snomed.info/id/360993001	http://purl.org/sig/ont/fma/fma77167	0.90152633
http://snomed.info/id/360995008	http://purl.org/sig/ont/fma/fma42770	1.0
http://snomed.info/id/361006009	http://purl.org/sig/ont/fma/fma42766	0.96934092
http://snomed.info/id/361007000	http://purl.org/sig/ont/fma/fma323340	0.90795052
http://snomed.info/id/361009002	http://purl.org/sig/ont/fma/fma322528	1.0
http://snomed.info/id/361013009	http://purl.org/sig/ont/fma/fma322581	1.0
http://snomed.info/id/361016001	http://purl.org/sig/ont/fma/fma24517	0.97965455
http://snomed.info/id/361018000	http://purl.org/sig/ont/fma/fma322573	0.9055385
http://snomed.info/id/361020002	http://purl.org/sig/ont/fma/fma322570	0.962313
http://snomed.info/id/361021003	http://purl.org/sig/ont/fma/fma322569	0.96097612
http://snomed.info/id/361023000	http://purl.org/sig/ont/fma/fma322571	0.95822942
http://snomed.info/id/361024006	http://purl.org/sig/ont/fma/fma322572	0.94811505
http://snomed.info/id/361025007	http://purl.org/sig/ont/fma/fma288529	0.92503315
http://snomed.info/id/361027004	http://purl.org/sig/ont/fma/fma322575	0.96430176
http://snomed.info/id/361028009	http://purl.org/sig/ont/fma/fma288535	0.93625361
http://snomed.info/id/361029001	http://purl.org/sig/ont/fma/fma322576	0.96184987
http://snomed.info/id/361030006	http://purl.org/sig/ont/fma/fma322577	0.96703714
http://snomed.info/id/36103007	http://purl.org/sig/ont/fma/fma74875	0.906627
http://snomed.info/id/361031005	http://purl.org/sig/ont/fma/fma322578	0.95958281
http://snomed.info/id/361032003	http://purl.org/sig/ont/fma/fma240707	1.0
http://snomed.info/id/361033008	http://purl.org/sig/ont/fma/fma225651	0.96015871
http://snomed.info/id/361035001	http://purl.org/sig/ont/fma/fma10982	0.95366877
http://snomed.info/id/361040009	http://purl.org/sig/ont/fma/fma225643	0.9530372
http://snomed.info/id/361044000	http://purl.org/sig/ont/fma/fma5862	0.90143037
http://snomed.info/id/361046003	http://purl.org/sig/ont/fma/fma75562	0.91911376
http://snomed.info/id/361053007	http://purl.org/sig/ont/fma/fma14383	0.95300567
http://snomed.info/id/361062009	http://purl.org/sig/ont/fma/fma323329	0.91878867
http://snomed.info/id/361081001	http://purl.org/sig/ont/fma/fma67771	1.0
http://snomed.info/id/361099009	http://purl.org/sig/ont/fma/fma260663	0.91876429
http://snomed.info/id/361109000	http://purl.org/sig/ont/fma/fma44310	0.91945058
http://snomed.info/id/36119000	http://purl.org/sig/ont/fma/fma74056	1.0
http://snomed.info/id/361293003	http://purl.org/sig/ont/fma/fma77586	0.92957866
http://snomed.info/id/361295005	http://purl.org/sig/ont/fma/fma259123	0.92959428
http://snomed.info/id/361297002	http://purl.org/sig/ont/fma/fma54699	0.96924943
http://snomed.info/id/361299004	http://purl.org/sig/ont/fma/fma75380	0.94823432
http://snomed.info/id/361308000	http://purl.org/sig/ont/fma/fma8131	0.92724508
http://snomed.info/id/361309008	http://purl.org/sig/ont/fma/fma8348	0.92519844
http://snomed.info/id/361314007	http://purl.org/sig/ont/fma/fma322110	0.92766303
http://snomed.info/id/361318005	http://purl.org/sig/ont/fma/fma58102	0.92483038
http://snomed.info/id/361323005	http://purl.org/sig/ont/fma/fma16908	0.92911214
http://snomed.info/id/361325003	http://purl.org/sig/ont/fma/fma321956	0.90355289
http://snomed.info/id/361326002	http://purl.org/sig/ont/fma/fma84897	0.91064453
http://snomed.info/id/361332007	http://purl.org/sig/ont/fma/fma272290	0.91183555
http://snomed.info/id/361337001	http://purl.org/sig/ont/fma/fma17640	0.93913603
http://snomed.info/id/361338006	http://purl.org/sig/ont/fma/fma7143	0.9370212
http://snomed.info/id/361351001	http://purl.org/sig/ont/fma/fma228653	0.90600145
http://snomed.info/id/361353003	http://purl.org/sig/ont/fma/fma55510	0.93344694
http://snomed.info/id/361359004	http://purl.org/sig/ont/fma/fma70728	0.94051296
http://snomed.info/id/361363006	http://purl.org/sig/ont/fma/fma57860	0.9578253
http://snomed.info/id/361364000	http://purl.org/sig/ont/fma/fma7318	0.94404328
http://snomed.info/id/361367007	http://purl.org/sig/ont/fma/fma85518	0.91863787
http://snomed.info/id/361374002	http://purl.org/sig/ont/fma/fma20168	0.93572694
http://snomed.info/id/361384001	http://purl.org/sig/ont/fma/fma26572	0.9112649
http://snomed.info/id/361385000	http://purl.org/sig/ont/fma/fma18656	0.93379545
http://snomed.info/id/361391003	http://purl.org/sig/ont/fma/fma321752	0.92784572
http://snomed.info/id/361392005	http://purl.org/sig/ont/fma/fma78591	0.90518594
http://snomed.info/id/361393000	http://purl.org/sig/ont/fma/fma78592	0.91008127
http://snomed.info/id/361394006	http://purl.org/sig/ont/fma/fma16479	0.94136649
http://snomed.info/id/361395007	http://purl.org/sig/ont/fma/fma80177	0.93000197
http://snomed.info/id/36141000	http://purl.org/sig/ont/fma/fma224068	0.96573627
http://snomed.info/id/361483008	http://purl.org/sig/ont/fma/fma61975	1.0
http://snomed.info/id/36149003	http://purl.org/sig/ont/fma/fma21384	0.94821399
http://snomed.info/id/361538005	http://purl.org/sig/ont/fma/fma62372	1.0
http://snomed.info/id/361552007	http://purl.org/sig/ont/fma/fma77719	0.95332795
http://snomed.info/id/361559003	http://purl.org/sig/ont/fma/fma256739	0.91107565
http://snomed.info/id/361561007	http://purl.org/sig/ont/fma/fma275020	0.91347086
http://snomed.info/id/361567006	http://purl.org/sig/ont/fma/fma73983	0.95079261
http://snomed.info/id/361568001	http://purl.org/sig/ont/fma/fma72461	0.99255306
http://snomed.info/id/36157000	http://purl.org/sig/ont/fma/fma9988	1.0
http://snomed.info/id/361570005	http://purl.org/sig/ont/fma/fma73983	0.93180591
http://snomed.info/id/361572002	http://purl.org/sig/ont/fma/fma72503	0.90462208
http://snomed.info/id/361576004	http://purl.org/sig/ont/fma/fma321930	0.92682666
http://snomed.info/id/361586003	http://purl.org/sig/ont/fma/fma77050	1.0
http://snomed.info/id/36159002	http://purl.org/sig/ont/fma/fma62394	1.0
http://snomed.info/id/361599000	http://purl.org/sig/ont/fma/fma72621	0.92851639
http://snomed.info/id/361602005	http://purl.org/sig/ont/fma/fma76263	1.0
http://snomed.info/id/361603000	http://purl.org/sig/ont/fma/fma10652	1.0
http://snomed.info/id/361604006	http://purl.org/sig/ont/fma/fma10653	1.0
http://snomed.info/id/361605007	http://purl.org/sig/ont/fma/fma10654	1.0
http://snomed.info/id/361606008	http://purl.org/sig/ont/fma/fma10655	1.0
http://snomed.info/id/361607004	http://purl.org/sig/ont/fma/fma10656	1.0
http://snomed.info/id/361608009	http://purl.org/sig/ont/fma/fma10657	1.0
http://snomed.info/id/361609001	http://purl.org/sig/ont/fma/fma10649	1.0
http://snomed.info/id/361610006	http://purl.org/sig/ont/fma/fma10650	1.0
http://snomed.info/id/361611005	http://purl.org/sig/ont/fma/fma12293	0.96848446
http://snomed.info/id/361612003	http://purl.org/sig/ont/fma/fma12294	0.96833503
http://snomed.info/id/361613008	http://purl.org/sig/ont/fma/fma4176	0.93705457
http://snomed.info/id/361614002	http://purl.org/sig/ont/fma/fma12286	1.0
http://snomed.info/id/361615001	http://purl.org/sig/ont/fma/fma12287	1.0
http://snomed.info/id/361616000	http://purl.org/sig/ont/fma/fma12288	1.0
http://snomed.info/id/361617009	http://purl.org/sig/ont/fma/fma12289	1.0
http://snomed.info/id/361618004	http://purl.org/sig/ont/fma/fma12290	1.0
http://snomed.info/id/361619007	http://purl.org/sig/ont/fma/fma12291	1.0
http://snomed.info/id/361620001	http://purl.org/sig/ont/fma/fma12292	1.0
http://snomed.info/id/361621002	http://purl.org/sig/ont/fma/fma12293	1.0
http://snomed.info/id/361622009	http://purl.org/sig/ont/fma/fma12294	1.0
http://snomed.info/id/361623004	http://purl.org/sig/ont/fma/fma71536	1.0
http://snomed.info/id/361624005	http://purl.org/sig/ont/fma/fma71562	0.93703687
http://snomed.info/id/361625006	http://purl.org/sig/ont/fma/fma44630	0.9400633
http://snomed.info/id/361626007	http://purl.org/sig/ont/fma/fma4742	1.0
http://snomed.info/id/361627003	http://purl.org/sig/ont/fma/fma4741	1.0
http://snomed.info/id/361628008	http://purl.org/sig/ont/fma/fma4740	1.0
http://snomed.info/id/361629000	http://purl.org/sig/ont/fma/fma4733	1.0
http://snomed.info/id/361630005	http://purl.org/sig/ont/fma/fma4734	1.0
http://snomed.info/id/361631009	http://purl.org/sig/ont/fma/fma4735	1.0
http://snomed.info/id/361632002	http://purl.org/sig/ont/fma/fma4739	1.0
http://snomed.info/id/361633007	http://purl.org/sig/ont/fma/fma4736	1.0
http://snomed.info/id/361634001	http://purl.org/sig/ont/fma/fma71206	1.0
http://snomed.info/id/361635000	http://purl.org/sig/ont/fma/fma71203	1.0
http://snomed.info/id/361636004	http://purl.org/sig/ont/fma/fma4738	1.0
http://snomed.info/id/361637008	http://purl.org/sig/ont/fma/fma4737	1.0
http://snomed.info/id/361638003	http://purl.org/sig/ont/fma/fma4844	1.0
http://snomed.info/id/361639006	http://purl.org/sig/ont/fma/fma4951	1.0
http://snomed.info/id/361640008	http://purl.org/sig/ont/fma/fma4837	0.98276442
http://snomed.info/id/361641007	http://purl.org/sig/ont/fma/fma4942	0.98450667
http://snomed.info/id/361643005	http://purl.org/sig/ont/fma/fma4799	1.0
http://snomed.info/id/361644004	http://purl.org/sig/ont/fma/fma4800	1.0
http://snomed.info/id/361645003	http://purl.org/sig/ont/fma/fma4880	1.0
http://snomed.info/id/361646002	http://purl.org/sig/ont/fma/fma4879	1.0
http://snomed.info/id/361647006	http://purl.org/sig/ont/fma/fma4878	1.0
http://snomed.info/id/361648001	http://purl.org/sig/ont/fma/fma4859	1.0
http://snomed.info/id/361649009	http://purl.org/sig/ont/fma/fma4860	1.0
http://snomed.info/id/361650009	http://purl.org/sig/ont/fma/fma4872	1.0
http://snomed.info/id/361651008	http://purl.org/sig/ont/fma/fma4873	1.0
http://snomed.info/id/361652001	http://purl.org/sig/ont/fma/fma4874	1.0
http://snomed.info/id/361653006	http://purl.org/sig/ont/fma/fma4875	1.0
http://snomed.info/id/361654000	http://purl.org/sig/ont/fma/fma4876	1.0
http://snomed.info/id/361655004	http://purl.org/sig/ont/fma/fma4949	1.0
http://snomed.info/id/361656003	http://purl.org/sig/ont/fma/fma4962	1.0
http://snomed.info/id/361657007	http://purl.org/sig/ont/fma/fma4969	1.0
http://snomed.info/id/361658002	http://purl.org/sig/ont/fma/fma4976	1.0
http://snomed.info/id/361659005	http://purl.org/sig/ont/fma/fma4983	1.0
http://snomed.info/id/361660000	http://purl.org/sig/ont/fma/fma4990	1.0
http://snomed.info/id/361661001	http://purl.org/sig/ont/fma/fma4997	1.0
http://snomed.info/id/361662008	http://purl.org/sig/ont/fma/fma5004	1.0
http://snomed.info/id/361663003	http://purl.org/sig/ont/fma/fma70175	1.0
http://snomed.info/id/361664009	http://purl.org/sig/ont/fma/fma20813	1.0
http://snomed.info/id/361666006	http://purl.org/sig/ont/fma/fma4950	1.0
http://snomed.info/id/361667002	http://purl.org/sig/ont/fma/fma4843	1.0
http://snomed.info/id/361674007	http://purl.org/sig/ont/fma/fma82357	0.90159661
http://snomed.info/id/361675008	http://purl.org/sig/ont/fma/fma82358	0.90558428
http://snomed.info/id/361677000	http://purl.org/sig/ont/fma/fma82359	0.90155309
http://snomed.info/id/361678005	http://purl.org/sig/ont/fma/fma82360	0.91137987
http://snomed.info/id/361681000	http://purl.org/sig/ont/fma/fma82363	0.90982562
http://snomed.info/id/361683002	http://purl.org/sig/ont/fma/fma322751	0.92553395
http://snomed.info/id/361688006	http://purl.org/sig/ont/fma/fma10651	1.0
http://snomed.info/id/361697005	http://purl.org/sig/ont/fma/fma59160	0.9323073
http://snomed.info/id/361702001	http://purl.org/sig/ont/fma/fma53667	0.92045891
http://snomed.info/id/361705004	http://purl.org/sig/ont/fma/fma23022	0.90448511
http://snomed.info/id/361706003	http://purl.org/sig/ont/fma/fma322741	0.94559693
http://snomed.info/id/361707007	http://purl.org/sig/ont/fma/fma264902	0.96661997
http://snomed.info/id/361708002	http://purl.org/sig/ont/fma/fma78531	0.91673857
http://snomed.info/id/361709005	http://purl.org/sig/ont/fma/fma323935	0.93614924
http://snomed.info/id/361710000	http://purl.org/sig/ont/fma/fma23013	0.9505592
http://snomed.info/id/361711001	http://purl.org/sig/ont/fma/fma322574	0.91487092
http://snomed.info/id/361712008	http://purl.org/sig/ont/fma/fma38320	0.95105904
http://snomed.info/id/361715005	http://purl.org/sig/ont/fma/fma321496	0.94964677
http://snomed.info/id/361716006	http://purl.org/sig/ont/fma/fma321497	0.92506886
http://snomed.info/id/361719004	http://purl.org/sig/ont/fma/fma67779	0.93665487
http://snomed.info/id/361733004	http://purl.org/sig/ont/fma/fma55426	0.9139955
http://snomed.info/id/361737003	http://purl.org/sig/ont/fma/fma54724	0.91638398
http://snomed.info/id/361738008	http://purl.org/sig/ont/fma/fma57768	0.91674435
http://snomed.info/id/361739000	http://purl.org/sig/ont/fma/fma53661	0.94360334
http://snomed.info/id/361740003	http://purl.org/sig/ont/fma/fma52836	0.90115875
http://snomed.info/id/361743001	http://purl.org/sig/ont/fma/fma7485	0.9167549
http://snomed.info/id/361744007	http://purl.org/sig/ont/fma/fma7708	0.92236578
http://snomed.info/id/361745008	http://purl.org/sig/ont/fma/fma276660	0.90008229
http://snomed.info/id/361748005	http://purl.org/sig/ont/fma/fma13897	0.91872787
http://snomed.info/id/361750002	http://purl.org/sig/ont/fma/fma13899	0.91925281
http://snomed.info/id/361756008	http://purl.org/sig/ont/fma/fma13501	0.91049635
http://snomed.info/id/361767009	http://purl.org/sig/ont/fma/fma16034	0.90162778
http://snomed.info/id/361768004	http://purl.org/sig/ont/fma/fma16035	0.90116227
http://snomed.info/id/361769007	http://purl.org/sig/ont/fma/fma16036	0.91587913
http://snomed.info/id/361774004	http://purl.org/sig/ont/fma/fma322638	0.92482787
http://snomed.info/id/361778001	http://purl.org/sig/ont/fma/fma39725	0.91353631
http://snomed.info/id/361782004	http://purl.org/sig/ont/fma/fma321958	0.90612078
http://snomed.info/id/361783009	http://purl.org/sig/ont/fma/fma40905	0.93386871
http://snomed.info/id/361784003	http://purl.org/sig/ont/fma/fma40932	0.93469244
http://snomed.info/id/361785002	http://purl.org/sig/ont/fma/fma75817	0.94764084
http://snomed.info/id/361786001	http://purl.org/sig/ont/fma/fma41178	0.92580527
http://snomed.info/id/361787005	http://purl.org/sig/ont/fma/fma41397	0.92751867
http://snomed.info/id/361788000	http://purl.org/sig/ont/fma/fma41424	0.92585683
http://snomed.info/id/361789008	http://purl.org/sig/ont/fma/fma41643	0.9146226
http://snomed.info/id/361790004	http://purl.org/sig/ont/fma/fma41670	0.92069113
http://snomed.info/id/361791000	http://purl.org/sig/ont/fma/fma51519	0.90974051
http://snomed.info/id/361794008	http://purl.org/sig/ont/fma/fma35451	0.94246203
http://snomed.info/id/361795009	http://purl.org/sig/ont/fma/fma35502	0.90477395
http://snomed.info/id/361800004	http://purl.org/sig/ont/fma/fma51805	0.91330582
http://snomed.info/id/361801000	http://purl.org/sig/ont/fma/fma51845	0.92261475
http://snomed.info/id/361802007	http://purl.org/sig/ont/fma/fma51806	0.92233181
http://snomed.info/id/361803002	http://purl.org/sig/ont/fma/fma51856	0.92908216
http://snomed.info/id/361804008	http://purl.org/sig/ont/fma/fma51807	0.91801399
http://snomed.info/id/36181007	http://purl.org/sig/ont/fma/fma61857	1.0
http://snomed.info/id/361812000	http://purl.org/sig/ont/fma/fma314277	0.93608242
http://snomed.info/id/361813005	http://purl.org/sig/ont/fma/fma46781	0.91670781
http://snomed.info/id/361815003	http://purl.org/sig/ont/fma/fma46730	0.92802137
http://snomed.info/id/361816002	http://purl.org/sig/ont/fma/fma297604	0.92688847
http://snomed.info/id/361817006	http://purl.org/sig/ont/fma/fma297610	0.90918964
http://snomed.info/id/361818001	http://purl.org/sig/ont/fma/fma297614	0.94542712
http://snomed.info/id/361819009	http://purl.org/sig/ont/fma/fma297634	0.92500997
http://snomed.info/id/361820003	http://purl.org/sig/ont/fma/fma297644	0.94471794
http://snomed.info/id/361822006	http://purl.org/sig/ont/fma/fma51062	0.93934149
http://snomed.info/id/361823001	http://purl.org/sig/ont/fma/fma22543	0.90831828
http://snomed.info/id/361824007	http://purl.org/sig/ont/fma/fma298000	0.93994951
http://snomed.info/id/361826009	http://purl.org/sig/ont/fma/fma22593	0.92429751
http://snomed.info/id/36183005	http://purl.org/sig/ont/fma/fma21501	1.0
http://snomed.info/id/361861003	http://purl.org/sig/ont/fma/fma25709	0.95966971
http://snomed.info/id/361862005	http://purl.org/sig/ont/fma/fma43606	0.9002139
http://snomed.info/id/361885006	http://purl.org/sig/ont/fma/fma228665	0.92770112
http://snomed.info/id/361896003	http://purl.org/sig/ont/fma/fma45005	0.90917653
http://snomed.info/id/361897007	http://purl.org/sig/ont/fma/fma12163	0.93639463
http://snomed.info/id/361900000	http://purl.org/sig/ont/fma/fma65078	0.95388222
http://snomed.info/id/361901001	http://purl.org/sig/ont/fma/fma21479	0.93347168
http://snomed.info/id/361905005	http://purl.org/sig/ont/fma/fma76863	0.9448083
http://snomed.info/id/361906006	http://purl.org/sig/ont/fma/fma76866	0.9051435
http://snomed.info/id/361907002	http://purl.org/sig/ont/fma/fma19926	0.95538199
http://snomed.info/id/361915004	http://purl.org/sig/ont/fma/fma19725	0.94510567
http://snomed.info/id/361916003	http://purl.org/sig/ont/fma/fma19132	0.9512552
http://snomed.info/id/361917007	http://purl.org/sig/ont/fma/fma19110	0.90723157
http://snomed.info/id/361925009	http://purl.org/sig/ont/fma/fma53139	0.93411463
http://snomed.info/id/361938001	http://purl.org/sig/ont/fma/fma55054	0.92332834
http://snomed.info/id/361941005	http://purl.org/sig/ont/fma/fma321584	0.95257443
http://snomed.info/id/361943008	http://purl.org/sig/ont/fma/fma64134	0.94714904
http://snomed.info/id/361950007	http://purl.org/sig/ont/fma/fma55458	0.91905814
http://snomed.info/id/361951006	http://purl.org/sig/ont/fma/fma55459	0.90414965
http://snomed.info/id/361962006	http://purl.org/sig/ont/fma/fma279913	0.90948069
http://snomed.info/id/361967000	http://purl.org/sig/ont/fma/fma7309	0.90011579
http://snomed.info/id/361969002	http://purl.org/sig/ont/fma/fma321962	0.90091896
http://snomed.info/id/361976007	http://purl.org/sig/ont/fma/fma321962	0.90926445
http://snomed.info/id/361989001	http://purl.org/sig/ont/fma/fma321963	0.9063043
http://snomed.info/id/361997008	http://purl.org/sig/ont/fma/fma21454	0.92890841
http://snomed.info/id/362000000	http://purl.org/sig/ont/fma/fma27310	0.9497869
http://snomed.info/id/362001001	http://purl.org/sig/ont/fma/fma27311	0.93181574
http://snomed.info/id/362002008	http://purl.org/sig/ont/fma/fma52329	0.92000377
http://snomed.info/id/362003003	http://purl.org/sig/ont/fma/fma9732	0.96377629
http://snomed.info/id/362016003	http://purl.org/sig/ont/fma/fma7108	0.93112868
http://snomed.info/id/362017007	http://purl.org/sig/ont/fma/fma63909	0.95044261
http://snomed.info/id/362018002	http://purl.org/sig/ont/fma/fma49346	0.93647593
http://snomed.info/id/362021000	http://purl.org/sig/ont/fma/fma322884	0.95125788
http://snomed.info/id/362024008	http://purl.org/sig/ont/fma/fma85254	0.91531348
http://snomed.info/id/362026005	http://purl.org/sig/ont/fma/fma85253	0.93548477
http://snomed.info/id/362031007	http://purl.org/sig/ont/fma/fma74419	0.95068443
http://snomed.info/id/362033005	http://purl.org/sig/ont/fma/fma3794	0.94798648
http://snomed.info/id/362036002	http://purl.org/sig/ont/fma/fma74923	0.9092564
http://snomed.info/id/362039009	http://purl.org/sig/ont/fma/fma268161	0.9325608
http://snomed.info/id/362040006	http://purl.org/sig/ont/fma/fma322007	0.91961306
http://snomed.info/id/362041005	http://purl.org/sig/ont/fma/fma50103	0.9323445
http://snomed.info/id/362042003	http://purl.org/sig/ont/fma/fma50104	0.95145875
http://snomed.info/id/362043008	http://purl.org/sig/ont/fma/fma50105	0.92539138
http://snomed.info/id/362044002	http://purl.org/sig/ont/fma/fma10635	0.93047976
http://snomed.info/id/362045001	http://purl.org/sig/ont/fma/fma3947	0.93606031
http://snomed.info/id/362046000	http://purl.org/sig/ont/fma/fma321834	0.90430552
http://snomed.info/id/362047009	http://purl.org/sig/ont/fma/fma50454	0.90079063
http://snomed.info/id/362048004	http://purl.org/sig/ont/fma/fma76602	0.90019906
http://snomed.info/id/36205006	http://purl.org/sig/ont/fma/fma75805	1.0
http://snomed.info/id/362053009	http://purl.org/sig/ont/fma/fma77381	0.92204839
http://snomed.info/id/362057005	http://purl.org/sig/ont/fma/fma69734	0.90028965
http://snomed.info/id/362066009	http://purl.org/sig/ont/fma/fma72265	0.90492737
http://snomed.info/id/362067000	http://purl.org/sig/ont/fma/fma72266	0.90010828
http://snomed.info/id/362069002	http://purl.org/sig/ont/fma/fma321549	0.90370393
http://snomed.info/id/362071002	http://purl.org/sig/ont/fma/fma21185	0.92518592
http://snomed.info/id/362072009	http://purl.org/sig/ont/fma/fma44333	0.91809672
http://snomed.info/id/362073004	http://purl.org/sig/ont/fma/fma44348	0.91338158
http://snomed.info/id/36208008	http://purl.org/sig/ont/fma/fma15408	0.95108467
http://snomed.info/id/362087004	http://purl.org/sig/ont/fma/fma281717	0.92150617
http://snomed.info/id/362088009	http://purl.org/sig/ont/fma/fma59834	0.94470555
http://snomed.info/id/362089001	http://purl.org/sig/ont/fma/fma59835	0.93761617
http://snomed.info/id/362090005	http://purl.org/sig/ont/fma/fma54644	0.90940589
http://snomed.info/id/362098003	http://purl.org/sig/ont/fma/fma54823	0.94548625
http://snomed.info/id/362099006	http://purl.org/sig/ont/fma/fma54825	0.93099231
http://snomed.info/id/362106009	http://purl.org/sig/ont/fma/fma57493	0.90970749
http://snomed.info/id/362110007	http://purl.org/sig/ont/fma/fma55631	0.91767859
http://snomed.info/id/362111006	http://purl.org/sig/ont/fma/fma55633	0.92995149
http://snomed.info/id/362115002	http://purl.org/sig/ont/fma/fma55638	0.9268012
http://snomed.info/id/362128009	http://purl.org/sig/ont/fma/fma63035	0.91087914
http://snomed.info/id/362132003	http://purl.org/sig/ont/fma/fma14909	0.90480411
http://snomed.info/id/362135001	http://purl.org/sig/ont/fma/fma17399	0.94572192
http://snomed.info/id/362136000	http://purl.org/sig/ont/fma/fma17403	0.93662137
http://snomed.info/id/36214001	http://purl.org/sig/ont/fma/fma75639	1.0
http://snomed.info/id/362145004	http://purl.org/sig/ont/fma/fma83558	0.9172408
http://snomed.info/id/362159006	http://purl.org/sig/ont/fma/fma14987	0.91739571
http://snomed.info/id/362160001	http://purl.org/sig/ont/fma/fma17362	0.9251349
http://snomed.info/id/362171000	http://purl.org/sig/ont/fma/fma15708	0.90124434
http://snomed.info/id/362174008	http://purl.org/sig/ont/fma/fma322046	0.92346686
http://snomed.info/id/362176005	http://purl.org/sig/ont/fma/fma320440	0.90110123
http://snomed.info/id/362177001	http://purl.org/sig/ont/fma/fma59789	0.92943627
http://snomed.info/id/362193005	http://purl.org/sig/ont/fma/fma15766	0.93432945
http://snomed.info/id/362196002	http://purl.org/sig/ont/fma/fma17966	0.93655175
http://snomed.info/id/362197006	http://purl.org/sig/ont/fma/fma17954	0.95299011
http://snomed.info/id/362199009	http://purl.org/sig/ont/fma/fma71892	0.9282859
http://snomed.info/id/362201006	http://purl.org/sig/ont/fma/fma17556	0.92720157
http://snomed.info/id/362207005	http://purl.org/sig/ont/fma/fma45643	0.95635474
http://snomed.info/id/362208000	http://purl.org/sig/ont/fma/fma7204	0.92079234
http://snomed.info/id/362209008	http://purl.org/sig/ont/fma/fma17885	0.90557462
http://snomed.info/id/362211004	http://purl.org/sig/ont/fma/fma15581	0.90508562
http://snomed.info/id/362217000	http://purl.org/sig/ont/fma/fma15624	0.92382002
http://snomed.info/id/362219002	http://purl.org/sig/ont/fma/fma83599	0.92602295
http://snomed.info/id/362221007	http://purl.org/sig/ont/fma/fma17658	0.93051964
http://snomed.info/id/362225003	http://purl.org/sig/ont/fma/fma17840	0.94259351
http://snomed.info/id/362237001	http://purl.org/sig/ont/fma/fma20367	0.9108153
http://snomed.info/id/362242009	http://purl.org/sig/ont/fma/fma269225	0.93920332
http://snomed.info/id/362243004	http://purl.org/sig/ont/fma/fma322810	0.93047541
http://snomed.info/id/362259004	http://purl.org/sig/ont/fma/fma18613	0.90309715
http://snomed.info/id/362264000	http://purl.org/sig/ont/fma/fma45642	0.96184349
http://snomed.info/id/362265004	http://purl.org/sig/ont/fma/fma45655	0.96273237
http://snomed.info/id/362272003	http://purl.org/sig/ont/fma/fma19630	0.93541241
http://snomed.info/id/362279007	http://purl.org/sig/ont/fma/fma19812	0.91046685
http://snomed.info/id/362283007	http://purl.org/sig/ont/fma/fma322076	0.94932413
http://snomed.info/id/362284001	http://purl.org/sig/ont/fma/fma74056	0.93927133
http://snomed.info/id/362295007	http://purl.org/sig/ont/fma/fma80331	0.9303298
http://snomed.info/id/362304000	http://purl.org/sig/ont/fma/fma83981	0.91467524
http://snomed.info/id/362305004	http://purl.org/sig/ont/fma/fma78443	0.93269032
http://snomed.info/id/362306003	http://purl.org/sig/ont/fma/fma78443	0.95549011
http://snomed.info/id/362307007	http://purl.org/sig/ont/fma/fma83975	0.94987309
http://snomed.info/id/362325000	http://purl.org/sig/ont/fma/fma72634	0.90698528
http://snomed.info/id/362345008	http://purl.org/sig/ont/fma/fma61905	0.92143226
http://snomed.info/id/362352005	http://purl.org/sig/ont/fma/fma74886	0.94080615
http://snomed.info/id/362354006	http://purl.org/sig/ont/fma/fma86464	0.9358893
http://snomed.info/id/362362003	http://purl.org/sig/ont/fma/fma61953	0.91871935
http://snomed.info/id/362368004	http://purl.org/sig/ont/fma/fma76746	0.91138929
http://snomed.info/id/362376002	http://purl.org/sig/ont/fma/fma322077	0.93248695
http://snomed.info/id/362381006	http://purl.org/sig/ont/fma/fma62327	0.93385273
http://snomed.info/id/362391000	http://purl.org/sig/ont/fma/fma272298	0.91920495
http://snomed.info/id/362392007	http://purl.org/sig/ont/fma/fma62441	0.93488729
http://snomed.info/id/362394008	http://purl.org/sig/ont/fma/fma77868	0.92566341
http://snomed.info/id/362397001	http://purl.org/sig/ont/fma/fma83846	0.91270405
http://snomed.info/id/362398006	http://purl.org/sig/ont/fma/fma83675	0.90535682
http://snomed.info/id/362403007	http://purl.org/sig/ont/fma/fma68876	0.90277749
http://snomed.info/id/362417003	http://purl.org/sig/ont/fma/fma272298	0.94579595
http://snomed.info/id/362418008	http://purl.org/sig/ont/fma/fma272298	0.90542829
http://snomed.info/id/362425001	http://purl.org/sig/ont/fma/fma75255	0.93499261
http://snomed.info/id/362444008	http://purl.org/sig/ont/fma/fma322150	0.92428184
http://snomed.info/id/362461006	http://purl.org/sig/ont/fma/fma53267	0.93724167
http://snomed.info/id/362466001	http://purl.org/sig/ont/fma/fma80283	0.93911767
http://snomed.info/id/362468000	http://purl.org/sig/ont/fma/fma6226	0.94716638
http://snomed.info/id/362474000	http://purl.org/sig/ont/fma/fma55142	0.94982749
http://snomed.info/id/362475004	http://purl.org/sig/ont/fma/fma65273	0.93421799
http://snomed.info/id/362476003	http://purl.org/sig/ont/fma/fma65214	0.92296404
http://snomed.info/id/362485003	http://purl.org/sig/ont/fma/fma5890	0.92553985
http://snomed.info/id/362486002	http://purl.org/sig/ont/fma/fma322438	0.95455748
http://snomed.info/id/362487006	http://purl.org/sig/ont/fma/fma322437	0.94303638
http://snomed.info/id/362489009	http://purl.org/sig/ont/fma/fma322436	0.91779393
http://snomed.info/id/362490000	http://purl.org/sig/ont/fma/fma322439	0.93707442
http://snomed.info/id/362491001	http://purl.org/sig/ont/fma/fma80133	0.90034401
http://snomed.info/id/362492008	http://purl.org/sig/ont/fma/fma77570	0.9205662
http://snomed.info/id/362493003	http://purl.org/sig/ont/fma/fma6639	0.93607891
http://snomed.info/id/362494009	http://purl.org/sig/ont/fma/fma6630	0.90505075
http://snomed.info/id/362495005	http://purl.org/sig/ont/fma/fma6641	0.93507785
http://snomed.info/id/362502000	http://purl.org/sig/ont/fma/fma12514	0.90547508
http://snomed.info/id/362507006	http://purl.org/sig/ont/fma/fma322153	0.96500891
http://snomed.info/id/36251007	http://purl.org/sig/ont/fma/fma16629	1.0
http://snomed.info/id/362517001	http://purl.org/sig/ont/fma/fma58671	0.94568795
http://snomed.info/id/362518006	http://purl.org/sig/ont/fma/fma58634	0.94248062
http://snomed.info/id/362533003	http://purl.org/sig/ont/fma/fma59407	0.92351162
http://snomed.info/id/362539004	http://purl.org/sig/ont/fma/fma322664	0.91595012
http://snomed.info/id/36256002	http://purl.org/sig/ont/fma/fma23920	1.0
http://snomed.info/id/362567008	http://purl.org/sig/ont/fma/fma61246	0.93801147
http://snomed.info/id/362574003	http://purl.org/sig/ont/fma/fma75706	0.93635267
http://snomed.info/id/362578000	http://purl.org/sig/ont/fma/fma61269	0.92608762
http://snomed.info/id/362579008	http://purl.org/sig/ont/fma/fma61272	0.93324161
http://snomed.info/id/362586000	http://purl.org/sig/ont/fma/fma50095	0.93737519
http://snomed.info/id/362598005	http://purl.org/sig/ont/fma/fma234867	0.93737757
http://snomed.info/id/362599002	http://purl.org/sig/ont/fma/fma234906	0.93755734
http://snomed.info/id/362601000	http://purl.org/sig/ont/fma/fma278540	0.96105152
http://snomed.info/id/362602007	http://purl.org/sig/ont/fma/fma322163	0.96390605
http://snomed.info/id/362603002	http://purl.org/sig/ont/fma/fma322164	0.95444393
http://snomed.info/id/362607001	http://purl.org/sig/ont/fma/fma256745	0.91031092
http://snomed.info/id/362706000	http://purl.org/sig/ont/fma/fma16521	0.95310044
http://snomed.info/id/362710002	http://purl.org/sig/ont/fma/fma14650	0.94914442
http://snomed.info/id/362711003	http://purl.org/sig/ont/fma/fma9580	0.96496201
http://snomed.info/id/362712005	http://purl.org/sig/ont/fma/fma9715	0.96209174
http://snomed.info/id/362719001	http://purl.org/sig/ont/fma/fma19734	0.95865989
http://snomed.info/id/362721006	http://purl.org/sig/ont/fma/fma20994	0.92577797
http://snomed.info/id/362726001	http://purl.org/sig/ont/fma/fma322182	0.91149694
http://snomed.info/id/362779006	http://purl.org/sig/ont/fma/fma322186	0.95299947
http://snomed.info/id/36278009	http://purl.org/sig/ont/fma/fma323236	1.0
http://snomed.info/id/36284007	http://purl.org/sig/ont/fma/fma77842	0.94792551
http://snomed.info/id/362880003	http://purl.org/sig/ont/fma/fma61109	0.90282619
http://snomed.info/id/362881004	http://purl.org/sig/ont/fma/fma6028	1.0
http://snomed.info/id/362884007	http://purl.org/sig/ont/fma/fma86294	1.0
http://snomed.info/id/362893008	http://purl.org/sig/ont/fma/fma13889	1.0
http://snomed.info/id/362895001	http://purl.org/sig/ont/fma/fma9607	1.0
http://snomed.info/id/362896000	http://purl.org/sig/ont/fma/fma13890	0.97960109
http://snomed.info/id/362898004	http://purl.org/sig/ont/fma/fma321962	1.0
http://snomed.info/id/362899007	http://purl.org/sig/ont/fma/fma321963	1.0
http://snomed.info/id/362901003	http://purl.org/sig/ont/fma/fma323960	0.92654741
http://snomed.info/id/362902005	http://purl.org/sig/ont/fma/fma323960	0.92234254
http://snomed.info/id/362914002	http://purl.org/sig/ont/fma/fma32672	0.92236
http://snomed.info/id/362917009	http://purl.org/sig/ont/fma/fma19386	1.0
http://snomed.info/id/362918004	http://purl.org/sig/ont/fma/fma19234	1.0
http://snomed.info/id/362919007	http://purl.org/sig/ont/fma/fma46621	1.0
http://snomed.info/id/362920001	http://purl.org/sig/ont/fma/fma46622	1.0
http://snomed.info/id/362921002	http://purl.org/sig/ont/fma/fma46623	1.0
http://snomed.info/id/362922009	http://purl.org/sig/ont/fma/fma21930	0.93066448
http://snomed.info/id/362923004	http://purl.org/sig/ont/fma/fma48996	1.0
http://snomed.info/id/362924005	http://purl.org/sig/ont/fma/fma46841	1.0
http://snomed.info/id/362925006	http://purl.org/sig/ont/fma/fma13370	1.0
http://snomed.info/id/362926007	http://purl.org/sig/ont/fma/fma46588	1.0
http://snomed.info/id/362927003	http://purl.org/sig/ont/fma/fma46770	1.0
http://snomed.info/id/362928008	http://purl.org/sig/ont/fma/fma37670	1.0
http://snomed.info/id/362937008	http://purl.org/sig/ont/fma/fma7085	1.0
http://snomed.info/id/362938003	http://purl.org/sig/ont/fma/fma9596	1.0
http://snomed.info/id/36316002	http://purl.org/sig/ont/fma/fma75489	0.90907484
http://snomed.info/id/36330007	http://purl.org/sig/ont/fma/fma226700	1.0
http://snomed.info/id/363520000	http://purl.org/sig/ont/fma/fma44055	1.0
http://snomed.info/id/363529004	http://purl.org/sig/ont/fma/fma276049	0.94516516
http://snomed.info/id/363535004	http://purl.org/sig/ont/fma/fma71660	0.92523468
http://snomed.info/id/363541006	http://purl.org/sig/ont/fma/fma322559	0.95604074
http://snomed.info/id/363544003	http://purl.org/sig/ont/fma/fma322559	1.0
http://snomed.info/id/363545002	http://purl.org/sig/ont/fma/fma322559	0.92316359
http://snomed.info/id/363546001	http://purl.org/sig/ont/fma/fma322559	0.96602964
http://snomed.info/id/363578009	http://purl.org/sig/ont/fma/fma22958	0.95688093
http://snomed.info/id/36364006	http://purl.org/sig/ont/fma/fma75477	1.0
http://snomed.info/id/363655008	http://purl.org/sig/ont/fma/fma322512	1.0
http://snomed.info/id/36371001	http://purl.org/sig/ont/fma/fma3756	1.0
http://snomed.info/id/36405008	http://purl.org/sig/ont/fma/fma78443	1.0
http://snomed.info/id/36411006	http://purl.org/sig/ont/fma/fma56844	1.0
http://snomed.info/id/36419008	http://purl.org/sig/ont/fma/fma321640	1.0
http://snomed.info/id/36441008	http://purl.org/sig/ont/fma/fma322813	0.98193741
http://snomed.info/id/36447007	http://purl.org/sig/ont/fma/fma272218	0.90108895
http://snomed.info/id/36451009	http://purl.org/sig/ont/fma/fma77185	0.932895
http://snomed.info/id/36455000	http://purl.org/sig/ont/fma/fma9612	1.0
http://snomed.info/id/36464005	http://purl.org/sig/ont/fma/fma323374	0.94638973
http://snomed.info/id/36481001	http://purl.org/sig/ont/fma/fma44508	0.90011191
http://snomed.info/id/36514000	http://purl.org/sig/ont/fma/fma46562	1.0
http://snomed.info/id/36528006	http://purl.org/sig/ont/fma/fma62404	0.90663922
http://snomed.info/id/36545001	http://purl.org/sig/ont/fma/fma27534	1.0
http://snomed.info/id/36566009	http://purl.org/sig/ont/fma/fma50928	1.0
http://snomed.info/id/36582005	http://purl.org/sig/ont/fma/fma5906	1.0
http://snomed.info/id/36615005	http://purl.org/sig/ont/fma/fma52618	1.0
http://snomed.info/id/36628003	http://purl.org/sig/ont/fma/fma322438	0.99450028
http://snomed.info/id/36634005	http://purl.org/sig/ont/fma/fma42552	0.91439354
http://snomed.info/id/3665003	http://purl.org/sig/ont/fma/fma10430	1.0
http://snomed.info/id/36672000	http://purl.org/sig/ont/fma/fma3884	1.0
http://snomed.info/id/36686001	http://purl.org/sig/ont/fma/fma3731	0.93999285
http://snomed.info/id/36698006	http://purl.org/sig/ont/fma/fma85105	0.9153688
http://snomed.info/id/36724005	http://purl.org/sig/ont/fma/fma54250	1.0
http://snomed.info/id/36733007	http://purl.org/sig/ont/fma/fma6471	1.0
http://snomed.info/id/36743005	http://purl.org/sig/ont/fma/fma52890	1.0
http://snomed.info/id/367574005	http://purl.org/sig/ont/fma/fma323205	1.0
http://snomed.info/id/367578008	http://purl.org/sig/ont/fma/fma323207	0.97112042
http://snomed.info/id/367579000	http://purl.org/sig/ont/fma/fma323210	0.98076773
http://snomed.info/id/367589001	http://purl.org/sig/ont/fma/fma5035	1.0
http://snomed.info/id/367591009	http://purl.org/sig/ont/fma/fma59837	1.0
http://snomed.info/id/367597008	http://purl.org/sig/ont/fma/fma323213	1.0
http://snomed.info/id/367599006	http://purl.org/sig/ont/fma/fma50548	1.0
http://snomed.info/id/367600009	http://purl.org/sig/ont/fma/fma14768	1.0
http://snomed.info/id/367601008	http://purl.org/sig/ont/fma/fma55019	1.0
http://snomed.info/id/367606003	http://purl.org/sig/ont/fma/fma16003	1.0
http://snomed.info/id/367607007	http://purl.org/sig/ont/fma/fma17853	0.93417543
http://snomed.info/id/367609005	http://purl.org/sig/ont/fma/fma20019	1.0
http://snomed.info/id/367613003	http://purl.org/sig/ont/fma/fma323217	1.0
http://snomed.info/id/367614009	http://purl.org/sig/ont/fma/fma58368	0.91764033
http://snomed.info/id/367633004	http://purl.org/sig/ont/fma/fma297544	0.91896403
http://snomed.info/id/36765005	http://purl.org/sig/ont/fma/fma3951	1.0
http://snomed.info/id/367653000	http://purl.org/sig/ont/fma/fma27287	0.90693623
http://snomed.info/id/367655007	http://purl.org/sig/ont/fma/fma322988	1.0
http://snomed.info/id/367660006	http://purl.org/sig/ont/fma/fma77504	0.94067723
http://snomed.info/id/367661005	http://purl.org/sig/ont/fma/fma77504	1.0
http://snomed.info/id/367662003	http://purl.org/sig/ont/fma/fma44550	0.95582533
http://snomed.info/id/367663008	http://purl.org/sig/ont/fma/fma77509	0.92686927
http://snomed.info/id/367665001	http://purl.org/sig/ont/fma/fma21264	1.0
http://snomed.info/id/367666000	http://purl.org/sig/ont/fma/fma44552	1.0
http://snomed.info/id/367668004	http://purl.org/sig/ont/fma/fma322801	0.97527874
http://snomed.info/id/367669007	http://purl.org/sig/ont/fma/fma322803	0.97075409
http://snomed.info/id/367670008	http://purl.org/sig/ont/fma/fma269225	0.94676262
http://snomed.info/id/367671007	http://purl.org/sig/ont/fma/fma322810	0.95750898
http://snomed.info/id/367672000	http://purl.org/sig/ont/fma/fma20170	0.93961573
http://snomed.info/id/367673005	http://purl.org/sig/ont/fma/fma23098	0.93108755
http://snomed.info/id/36768007	http://purl.org/sig/ont/fma/fma62078	1.0
http://snomed.info/id/367682004	http://purl.org/sig/ont/fma/fma27972	0.97481102
http://snomed.info/id/367683009	http://purl.org/sig/ont/fma/fma27973	0.96499801
http://snomed.info/id/367685002	http://purl.org/sig/ont/fma/fma21861	0.96317232
http://snomed.info/id/367687005	http://purl.org/sig/ont/fma/fma78789	0.94133121
http://snomed.info/id/367695009	http://purl.org/sig/ont/fma/fma322814	0.9597733
http://snomed.info/id/367698006	http://purl.org/sig/ont/fma/fma323052	0.95517325
http://snomed.info/id/367700002	http://purl.org/sig/ont/fma/fma322816	0.96621311
http://snomed.info/id/367708009	http://purl.org/sig/ont/fma/fma14345	1.0
http://snomed.info/id/367709001	http://purl.org/sig/ont/fma/fma14341	1.0
http://snomed.info/id/367710006	http://purl.org/sig/ont/fma/fma77293	0.94574773
http://snomed.info/id/367711005	http://purl.org/sig/ont/fma/fma77294	0.94229364
http://snomed.info/id/367713008	http://purl.org/sig/ont/fma/fma323111	0.95101506
http://snomed.info/id/367718004	http://purl.org/sig/ont/fma/fma323055	0.96093059
http://snomed.info/id/367719007	http://purl.org/sig/ont/fma/fma7211	0.91214311
http://snomed.info/id/367723004	http://purl.org/sig/ont/fma/fma18256	0.96780926
http://snomed.info/id/367724005	http://purl.org/sig/ont/fma/fma18257	0.95023584
http://snomed.info/id/367726007	http://purl.org/sig/ont/fma/fma19654	0.92733562
http://snomed.info/id/367732002	http://purl.org/sig/ont/fma/fma21354	0.96989185
http://snomed.info/id/367733007	http://purl.org/sig/ont/fma/fma21354	1.0
http://snomed.info/id/367734001	http://purl.org/sig/ont/fma/fma77510	0.99434835
http://snomed.info/id/367735000	http://purl.org/sig/ont/fma/fma21384	1.0
http://snomed.info/id/367736004	http://purl.org/sig/ont/fma/fma19645	1.0
http://snomed.info/id/367744004	http://purl.org/sig/ont/fma/fma77237	0.92035842
http://snomed.info/id/367747006	http://purl.org/sig/ont/fma/fma322835	0.92464077
http://snomed.info/id/367753006	http://purl.org/sig/ont/fma/fma27686	0.94581676
http://snomed.info/id/367759005	http://purl.org/sig/ont/fma/fma322869	0.95891219
http://snomed.info/id/367762008	http://purl.org/sig/ont/fma/fma75478	0.90404058
http://snomed.info/id/367764009	http://purl.org/sig/ont/fma/fma21868	0.94624549
http://snomed.info/id/367765005	http://purl.org/sig/ont/fma/fma21867	0.96150887
http://snomed.info/id/367768007	http://purl.org/sig/ont/fma/fma66241	1.0
http://snomed.info/id/367769004	http://purl.org/sig/ont/fma/fma3994	1.0
http://snomed.info/id/367770003	http://purl.org/sig/ont/fma/fma3964	0.92300075
http://snomed.info/id/367772006	http://purl.org/sig/ont/fma/fma10647	1.0
http://snomed.info/id/367773001	http://purl.org/sig/ont/fma/fma281880	0.9323526
http://snomed.info/id/367774007	http://purl.org/sig/ont/fma/fma70367	0.91106224
http://snomed.info/id/367775008	http://purl.org/sig/ont/fma/fma76318	0.9318558
http://snomed.info/id/367776009	http://purl.org/sig/ont/fma/fma76309	0.91210824
http://snomed.info/id/367777000	http://purl.org/sig/ont/fma/fma76312	0.91668034
http://snomed.info/id/367778005	http://purl.org/sig/ont/fma/fma3963	0.94248182
http://snomed.info/id/367779002	http://purl.org/sig/ont/fma/fma9066	0.92152965
http://snomed.info/id/367781000	http://purl.org/sig/ont/fma/fma322766	0.94143206
http://snomed.info/id/367783002	http://purl.org/sig/ont/fma/fma9063	0.91430688
http://snomed.info/id/367784008	http://purl.org/sig/ont/fma/fma8958	0.94228858
http://snomed.info/id/367785009	http://purl.org/sig/ont/fma/fma12163	0.90020984
http://snomed.info/id/367788006	http://purl.org/sig/ont/fma/fma7489	1.0
http://snomed.info/id/367844005	http://purl.org/sig/ont/fma/fma24931	0.96122879
http://snomed.info/id/367846007	http://purl.org/sig/ont/fma/fma10459	0.90560114
http://snomed.info/id/367847003	http://purl.org/sig/ont/fma/fma13497	0.92215812
http://snomed.info/id/367848008	http://purl.org/sig/ont/fma/fma13510	0.92434555
http://snomed.info/id/367849000	http://purl.org/sig/ont/fma/fma13511	0.93182182
http://snomed.info/id/367850000	http://purl.org/sig/ont/fma/fma24929	0.90588701
http://snomed.info/id/367851001	http://purl.org/sig/ont/fma/fma13513	0.91753423
http://snomed.info/id/367852008	http://purl.org/sig/ont/fma/fma24931	0.92251998
http://snomed.info/id/367853003	http://purl.org/sig/ont/fma/fma13515	0.92561823
http://snomed.info/id/367854009	http://purl.org/sig/ont/fma/fma13516	0.926965
http://snomed.info/id/367855005	http://purl.org/sig/ont/fma/fma13517	0.91775751
http://snomed.info/id/367856006	http://purl.org/sig/ont/fma/fma13518	0.93179923
http://snomed.info/id/367857002	http://purl.org/sig/ont/fma/fma13519	0.90460771
http://snomed.info/id/367858007	http://purl.org/sig/ont/fma/fma10456	0.95168686
http://snomed.info/id/367873008	http://purl.org/sig/ont/fma/fma323308	0.93888342
http://snomed.info/id/367874002	http://purl.org/sig/ont/fma/fma323309	0.92615914
http://snomed.info/id/367896008	http://purl.org/sig/ont/fma/fma323263	0.98452073
http://snomed.info/id/367903008	http://purl.org/sig/ont/fma/fma76873	0.94555759
http://snomed.info/id/367904002	http://purl.org/sig/ont/fma/fma323363	0.93894976
http://snomed.info/id/367905001	http://purl.org/sig/ont/fma/fma323271	1.0
http://snomed.info/id/367906000	http://purl.org/sig/ont/fma/fma7632	1.0
http://snomed.info/id/367907009	http://purl.org/sig/ont/fma/fma7640	1.0
http://snomed.info/id/367908004	http://purl.org/sig/ont/fma/fma7751	1.0
http://snomed.info/id/367909007	http://purl.org/sig/ont/fma/fma7778	1.0
http://snomed.info/id/367910002	http://purl.org/sig/ont/fma/fma7805	1.0
http://snomed.info/id/367911003	http://purl.org/sig/ont/fma/fma7832	1.0
http://snomed.info/id/367912005	http://purl.org/sig/ont/fma/fma8122	1.0
http://snomed.info/id/367913000	http://purl.org/sig/ont/fma/fma8339	1.0
http://snomed.info/id/367914006	http://purl.org/sig/ont/fma/fma323364	1.0
http://snomed.info/id/367915007	http://purl.org/sig/ont/fma/fma323365	1.0
http://snomed.info/id/367917004	http://purl.org/sig/ont/fma/fma7601	1.0
http://snomed.info/id/367918009	http://purl.org/sig/ont/fma/fma7622	1.0
http://snomed.info/id/367919001	http://purl.org/sig/ont/fma/fma7699	1.0
http://snomed.info/id/367920007	http://purl.org/sig/ont/fma/fma7755	1.0
http://snomed.info/id/367921006	http://purl.org/sig/ont/fma/fma7782	1.0
http://snomed.info/id/367922004	http://purl.org/sig/ont/fma/fma7809	1.0
http://snomed.info/id/367923009	http://purl.org/sig/ont/fma/fma7836	1.0
http://snomed.info/id/367924003	http://purl.org/sig/ont/fma/fma8126	1.0
http://snomed.info/id/367925002	http://purl.org/sig/ont/fma/fma8343	1.0
http://snomed.info/id/367926001	http://purl.org/sig/ont/fma/fma8424	1.0
http://snomed.info/id/367927005	http://purl.org/sig/ont/fma/fma323367	1.0
http://snomed.info/id/367928000	http://purl.org/sig/ont/fma/fma323369	1.0
http://snomed.info/id/367932006	http://purl.org/sig/ont/fma/fma66092	1.0
http://snomed.info/id/367933001	http://purl.org/sig/ont/fma/fma66093	1.0
http://snomed.info/id/367934007	http://purl.org/sig/ont/fma/fma66095	1.0
http://snomed.info/id/367935008	http://purl.org/sig/ont/fma/fma66096	1.0
http://snomed.info/id/367936009	http://purl.org/sig/ont/fma/fma66097	1.0
http://snomed.info/id/367937000	http://purl.org/sig/ont/fma/fma66098	1.0
http://snomed.info/id/367938005	http://purl.org/sig/ont/fma/fma66099	1.0
http://snomed.info/id/367939002	http://purl.org/sig/ont/fma/fma66100	1.0
http://snomed.info/id/367940000	http://purl.org/sig/ont/fma/fma66101	1.0
http://snomed.info/id/367944009	http://purl.org/sig/ont/fma/fma7607	1.0
http://snomed.info/id/367945005	http://purl.org/sig/ont/fma/fma7629	1.0
http://snomed.info/id/367946006	http://purl.org/sig/ont/fma/fma7760	1.0
http://snomed.info/id/367947002	http://purl.org/sig/ont/fma/fma7787	1.0
http://snomed.info/id/367948007	http://purl.org/sig/ont/fma/fma7814	1.0
http://snomed.info/id/367949004	http://purl.org/sig/ont/fma/fma7841	1.0
http://snomed.info/id/367950004	http://purl.org/sig/ont/fma/fma8131	1.0
http://snomed.info/id/367951000	http://purl.org/sig/ont/fma/fma8348	1.0
http://snomed.info/id/367952007	http://purl.org/sig/ont/fma/fma8429	1.0
http://snomed.info/id/367955009	http://purl.org/sig/ont/fma/fma7608	1.0
http://snomed.info/id/367956005	http://purl.org/sig/ont/fma/fma7630	1.0
http://snomed.info/id/367957001	http://purl.org/sig/ont/fma/fma7711	1.0
http://snomed.info/id/367958006	http://purl.org/sig/ont/fma/fma7761	1.0
http://snomed.info/id/367960008	http://purl.org/sig/ont/fma/fma7815	1.0
http://snomed.info/id/367961007	http://purl.org/sig/ont/fma/fma7842	1.0
http://snomed.info/id/367962000	http://purl.org/sig/ont/fma/fma8132	1.0
http://snomed.info/id/367963005	http://purl.org/sig/ont/fma/fma8349	1.0
http://snomed.info/id/367964004	http://purl.org/sig/ont/fma/fma8430	1.0
http://snomed.info/id/367965003	http://purl.org/sig/ont/fma/fma8520	1.0
http://snomed.info/id/367970005	http://purl.org/sig/ont/fma/fma7714	1.0
http://snomed.info/id/367975000	http://purl.org/sig/ont/fma/fma8135	1.0
http://snomed.info/id/367976004	http://purl.org/sig/ont/fma/fma8352	1.0
http://snomed.info/id/367980009	http://purl.org/sig/ont/fma/fma7602	1.0
http://snomed.info/id/367981008	http://purl.org/sig/ont/fma/fma7623	1.0
http://snomed.info/id/367982001	http://purl.org/sig/ont/fma/fma7700	1.0
http://snomed.info/id/367983006	http://purl.org/sig/ont/fma/fma7757	1.0
http://snomed.info/id/367984000	http://purl.org/sig/ont/fma/fma7784	1.0
http://snomed.info/id/367985004	http://purl.org/sig/ont/fma/fma7811	1.0
http://snomed.info/id/367986003	http://purl.org/sig/ont/fma/fma7838	1.0
http://snomed.info/id/367987007	http://purl.org/sig/ont/fma/fma8128	1.0
http://snomed.info/id/367988002	http://purl.org/sig/ont/fma/fma8345	1.0
http://snomed.info/id/367989005	http://purl.org/sig/ont/fma/fma8426	1.0
http://snomed.info/id/367990001	http://purl.org/sig/ont/fma/fma8501	1.0
http://snomed.info/id/367991002	http://purl.org/sig/ont/fma/fma8517	1.0
http://snomed.info/id/36800007	http://purl.org/sig/ont/fma/fma75821	0.90973437
http://snomed.info/id/368044009	http://purl.org/sig/ont/fma/fma265719	0.91474193
http://snomed.info/id/368050004	http://purl.org/sig/ont/fma/fma82434	0.95042747
http://snomed.info/id/368051000	http://purl.org/sig/ont/fma/fma82433	0.94225311
http://snomed.info/id/368053002	http://purl.org/sig/ont/fma/fma297514	0.93310368
http://snomed.info/id/368054008	http://purl.org/sig/ont/fma/fma9758	0.95874405
http://snomed.info/id/368055009	http://purl.org/sig/ont/fma/fma34687	0.92334419
http://snomed.info/id/368056005	http://purl.org/sig/ont/fma/fma34696	0.91917759
http://snomed.info/id/368057001	http://purl.org/sig/ont/fma/fma34699	0.92066079
http://snomed.info/id/368060008	http://purl.org/sig/ont/fma/fma52326	0.92026299
http://snomed.info/id/368061007	http://purl.org/sig/ont/fma/fma4877	1.0
http://snomed.info/id/368062000	http://purl.org/sig/ont/fma/fma4797	1.0
http://snomed.info/id/368063005	http://purl.org/sig/ont/fma/fma12831	1.0
http://snomed.info/id/368064004	http://purl.org/sig/ont/fma/fma4858	1.0
http://snomed.info/id/368079006	http://purl.org/sig/ont/fma/fma20734	0.94340217
http://snomed.info/id/368090001	http://purl.org/sig/ont/fma/fma77250	0.92480981
http://snomed.info/id/368091002	http://purl.org/sig/ont/fma/fma77264	0.94404399
http://snomed.info/id/368099000	http://purl.org/sig/ont/fma/fma301855	0.91001725
http://snomed.info/id/368101007	http://purl.org/sig/ont/fma/fma321640	0.95337868
http://snomed.info/id/368110004	http://purl.org/sig/ont/fma/fma42465	0.95615029
http://snomed.info/id/368111000	http://purl.org/sig/ont/fma/fma77252	0.90953779
http://snomed.info/id/368112007	http://purl.org/sig/ont/fma/fma322319	0.95615113
http://snomed.info/id/368121008	http://purl.org/sig/ont/fma/fma59516	1.0
http://snomed.info/id/368139004	http://purl.org/sig/ont/fma/fma76879	0.93377286
http://snomed.info/id/368140002	http://purl.org/sig/ont/fma/fma37761	0.95441139
http://snomed.info/id/368145007	http://purl.org/sig/ont/fma/fma23706	1.0
http://snomed.info/id/368146008	http://purl.org/sig/ont/fma/fma39484	1.0
http://snomed.info/id/368147004	http://purl.org/sig/ont/fma/fma38900	0.91003501
http://snomed.info/id/368151002	http://purl.org/sig/ont/fma/fma22706	0.90646672
http://snomed.info/id/368152009	http://purl.org/sig/ont/fma/fma22710	0.91103494
http://snomed.info/id/368153004	http://purl.org/sig/ont/fma/fma77140	0.94416106
http://snomed.info/id/368156007	http://purl.org/sig/ont/fma/fma77144	0.93236393
http://snomed.info/id/368157003	http://purl.org/sig/ont/fma/fma22748	0.93593377
http://snomed.info/id/368166004	http://purl.org/sig/ont/fma/fma26011	1.0
http://snomed.info/id/368167008	http://purl.org/sig/ont/fma/fma26012	1.0
http://snomed.info/id/368168003	http://purl.org/sig/ont/fma/fma26014	1.0
http://snomed.info/id/368169006	http://purl.org/sig/ont/fma/fma26026	1.0
http://snomed.info/id/368172004	http://purl.org/sig/ont/fma/fma25950	1.0
http://snomed.info/id/368173009	http://purl.org/sig/ont/fma/fma25978	1.0
http://snomed.info/id/368175002	http://purl.org/sig/ont/fma/fma304030	0.93142909
http://snomed.info/id/368177005	http://purl.org/sig/ont/fma/fma34990	0.95605969
http://snomed.info/id/368179008	http://purl.org/sig/ont/fma/fma35518	0.9672485
http://snomed.info/id/368181005	http://purl.org/sig/ont/fma/fma36921	0.94361609
http://snomed.info/id/368182003	http://purl.org/sig/ont/fma/fma36924	0.95882624
http://snomed.info/id/368183008	http://purl.org/sig/ont/fma/fma34990	0.90834826
http://snomed.info/id/368186000	http://purl.org/sig/ont/fma/fma304028	0.92072982
http://snomed.info/id/368192006	http://purl.org/sig/ont/fma/fma13454	0.91228956
http://snomed.info/id/368196009	http://purl.org/sig/ont/fma/fma321597	0.96667635
http://snomed.info/id/368197000	http://purl.org/sig/ont/fma/fma33531	0.91185063
http://snomed.info/id/368229002	http://purl.org/sig/ont/fma/fma272344	0.96661097
http://snomed.info/id/368230007	http://purl.org/sig/ont/fma/fma80214	0.90638965
http://snomed.info/id/368232004	http://purl.org/sig/ont/fma/fma77560	0.92663908
http://snomed.info/id/368237005	http://purl.org/sig/ont/fma/fma322787	0.94484925
http://snomed.info/id/368240005	http://purl.org/sig/ont/fma/fma40004	0.93824893
http://snomed.info/id/368242002	http://purl.org/sig/ont/fma/fma71400	1.0
http://snomed.info/id/368243007	http://purl.org/sig/ont/fma/fma71401	1.0
http://snomed.info/id/368244001	http://purl.org/sig/ont/fma/fma71404	1.0
http://snomed.info/id/368245000	http://purl.org/sig/ont/fma/fma71405	1.0
http://snomed.info/id/368246004	http://purl.org/sig/ont/fma/fma71406	1.0
http://snomed.info/id/368247008	http://purl.org/sig/ont/fma/fma42304	1.0
http://snomed.info/id/368248003	http://purl.org/sig/ont/fma/fma42305	1.0
http://snomed.info/id/368249006	http://purl.org/sig/ont/fma/fma73139	1.0
http://snomed.info/id/368250006	http://purl.org/sig/ont/fma/fma71402	1.0
http://snomed.info/id/368251005	http://purl.org/sig/ont/fma/fma71403	1.0
http://snomed.info/id/368252003	http://purl.org/sig/ont/fma/fma42771	0.93130022
http://snomed.info/id/368253008	http://purl.org/sig/ont/fma/fma42772	0.94207644
http://snomed.info/id/368254002	http://purl.org/sig/ont/fma/fma42459	1.0
http://snomed.info/id/368259007	http://purl.org/sig/ont/fma/fma322749	0.94212013
http://snomed.info/id/368260002	http://purl.org/sig/ont/fma/fma322751	0.9403863
http://snomed.info/id/368261003	http://purl.org/sig/ont/fma/fma322750	0.93660587
http://snomed.info/id/368266008	http://purl.org/sig/ont/fma/fma60509	0.9588657
http://snomed.info/id/368267004	http://purl.org/sig/ont/fma/fma60510	0.94878483
http://snomed.info/id/368269001	http://purl.org/sig/ont/fma/fma60511	0.95543575
http://snomed.info/id/368270000	http://purl.org/sig/ont/fma/fma60512	0.94644094
http://snomed.info/id/368277002	http://purl.org/sig/ont/fma/fma60509	0.93301761
http://snomed.info/id/368279004	http://purl.org/sig/ont/fma/fma60510	0.9124338
http://snomed.info/id/368281002	http://purl.org/sig/ont/fma/fma60511	0.91982841
http://snomed.info/id/368283004	http://purl.org/sig/ont/fma/fma60512	0.91057658
http://snomed.info/id/368294000	http://purl.org/sig/ont/fma/fma38642	0.94648367
http://snomed.info/id/368304006	http://purl.org/sig/ont/fma/fma38468	0.94848847
http://snomed.info/id/368312003	http://purl.org/sig/ont/fma/fma322575	0.94082791
http://snomed.info/id/368314002	http://purl.org/sig/ont/fma/fma64022	0.95246416
http://snomed.info/id/368315001	http://purl.org/sig/ont/fma/fma322755	0.95454192
http://snomed.info/id/368316000	http://purl.org/sig/ont/fma/fma322756	0.9555679
http://snomed.info/id/368317009	http://purl.org/sig/ont/fma/fma42549	0.92383367
http://snomed.info/id/368319007	http://purl.org/sig/ont/fma/fma40734	0.90889424
http://snomed.info/id/368320001	http://purl.org/sig/ont/fma/fma322831	0.9636488
http://snomed.info/id/368328008	http://purl.org/sig/ont/fma/fma64023	0.94742155
http://snomed.info/id/368329000	http://purl.org/sig/ont/fma/fma322757	0.94776839
http://snomed.info/id/368330005	http://purl.org/sig/ont/fma/fma322760	0.94668692
http://snomed.info/id/368331009	http://purl.org/sig/ont/fma/fma42550	0.90308338
http://snomed.info/id/368334001	http://purl.org/sig/ont/fma/fma322576	0.91633189
http://snomed.info/id/368345003	http://purl.org/sig/ont/fma/fma42551	0.90844494
http://snomed.info/id/368348001	http://purl.org/sig/ont/fma/fma322577	0.93241662
http://snomed.info/id/368356003	http://purl.org/sig/ont/fma/fma64025	0.93300164
http://snomed.info/id/368357007	http://purl.org/sig/ont/fma/fma322759	0.93354017
http://snomed.info/id/368358002	http://purl.org/sig/ont/fma/fma322762	0.93390489
http://snomed.info/id/368362008	http://purl.org/sig/ont/fma/fma322578	0.91112697
http://snomed.info/id/368364009	http://purl.org/sig/ont/fma/fma323024	0.927356
http://snomed.info/id/368366006	http://purl.org/sig/ont/fma/fma322753	0.92405868
http://snomed.info/id/368367002	http://purl.org/sig/ont/fma/fma322754	0.92474896
http://snomed.info/id/368369004	http://purl.org/sig/ont/fma/fma42196	0.93198508
http://snomed.info/id/368376009	http://purl.org/sig/ont/fma/fma42549	0.91526264
http://snomed.info/id/368385009	http://purl.org/sig/ont/fma/fma60508	0.9545567
http://snomed.info/id/368387001	http://purl.org/sig/ont/fma/fma60508	0.92161232
http://snomed.info/id/368396001	http://purl.org/sig/ont/fma/fma64021	0.927706
http://snomed.info/id/368398000	http://purl.org/sig/ont/fma/fma322735	0.90464759
http://snomed.info/id/368399008	http://purl.org/sig/ont/fma/fma322822	0.92093867
http://snomed.info/id/368400001	http://purl.org/sig/ont/fma/fma322891	0.90901774
http://snomed.info/id/36840001	http://purl.org/sig/ont/fma/fma58239	1.0
http://snomed.info/id/368401002	http://purl.org/sig/ont/fma/fma322955	0.90916532
http://snomed.info/id/368403004	http://purl.org/sig/ont/fma/fma323089	0.90067697
http://snomed.info/id/368406007	http://purl.org/sig/ont/fma/fma323112	0.9050678
http://snomed.info/id/368419006	http://purl.org/sig/ont/fma/fma46115	0.9080866
http://snomed.info/id/368420000	http://purl.org/sig/ont/fma/fma46120	0.9096545
http://snomed.info/id/368422008	http://purl.org/sig/ont/fma/fma297658	0.9193269
http://snomed.info/id/368424009	http://purl.org/sig/ont/fma/fma76641	0.93866384
http://snomed.info/id/368448000	http://purl.org/sig/ont/fma/fma42353	0.92838085
http://snomed.info/id/368451007	http://purl.org/sig/ont/fma/fma321446	0.91902745
http://snomed.info/id/368452000	http://purl.org/sig/ont/fma/fma71409	1.0
http://snomed.info/id/368453005	http://purl.org/sig/ont/fma/fma71410	1.0
http://snomed.info/id/368454004	http://purl.org/sig/ont/fma/fma40202	0.92143565
http://snomed.info/id/368455003	http://purl.org/sig/ont/fma/fma61068	0.95640391
http://snomed.info/id/368456002	http://purl.org/sig/ont/fma/fma61069	0.9301995
http://snomed.info/id/368460004	http://purl.org/sig/ont/fma/fma22824	0.9362843
http://snomed.info/id/36846007	http://purl.org/sig/ont/fma/fma8426	0.91167676
http://snomed.info/id/368470002	http://purl.org/sig/ont/fma/fma22852	1.0
http://snomed.info/id/36847003	http://purl.org/sig/ont/fma/fma55108	1.0
http://snomed.info/id/368474006	http://purl.org/sig/ont/fma/fma321492	0.9710986
http://snomed.info/id/368478009	http://purl.org/sig/ont/fma/fma85105	0.90496171
http://snomed.info/id/368479001	http://purl.org/sig/ont/fma/fma22914	1.0
http://snomed.info/id/368480003	http://purl.org/sig/ont/fma/fma22958	0.94588035
http://snomed.info/id/368481004	http://purl.org/sig/ont/fma/fma22911	1.0
http://snomed.info/id/368482006	http://purl.org/sig/ont/fma/fma22919	1.0
http://snomed.info/id/368483001	http://purl.org/sig/ont/fma/fma22954	0.94509923
http://snomed.info/id/368484007	http://purl.org/sig/ont/fma/fma323340	0.92143053
http://snomed.info/id/368485008	http://purl.org/sig/ont/fma/fma323341	0.9224686
http://snomed.info/id/368486009	http://purl.org/sig/ont/fma/fma44840	0.93402928
http://snomed.info/id/368487000	http://purl.org/sig/ont/fma/fma44853	0.9452945
http://snomed.info/id/368494002	http://purl.org/sig/ont/fma/fma22970	0.94024932
http://snomed.info/id/368498004	http://purl.org/sig/ont/fma/fma323258	0.94073826
http://snomed.info/id/368499007	http://purl.org/sig/ont/fma/fma22950	0.93752259
http://snomed.info/id/368500003	http://purl.org/sig/ont/fma/fma22947	0.91273952
http://snomed.info/id/368501004	http://purl.org/sig/ont/fma/fma22655	1.0
http://snomed.info/id/368502006	http://purl.org/sig/ont/fma/fma22656	1.0
http://snomed.info/id/368503001	http://purl.org/sig/ont/fma/fma22733	1.0
http://snomed.info/id/368504007	http://purl.org/sig/ont/fma/fma22734	1.0
http://snomed.info/id/368505008	http://purl.org/sig/ont/fma/fma22797	1.0
http://snomed.info/id/368506009	http://purl.org/sig/ont/fma/fma22798	1.0
http://snomed.info/id/368507000	http://purl.org/sig/ont/fma/fma22680	0.93925864
http://snomed.info/id/368508005	http://purl.org/sig/ont/fma/fma22684	0.93328583
http://snomed.info/id/368509002	http://purl.org/sig/ont/fma/fma22761	1.0
http://snomed.info/id/368511006	http://purl.org/sig/ont/fma/fma321491	0.90125483
http://snomed.info/id/368513009	http://purl.org/sig/ont/fma/fma321491	0.9041242
http://snomed.info/id/368514003	http://purl.org/sig/ont/fma/fma22820	0.92895323
http://snomed.info/id/368515002	http://purl.org/sig/ont/fma/fma22817	0.93829167
http://snomed.info/id/368516001	http://purl.org/sig/ont/fma/fma22750	0.92916983
http://snomed.info/id/368517005	http://purl.org/sig/ont/fma/fma76421	0.9130156
http://snomed.info/id/368518000	http://purl.org/sig/ont/fma/fma22695	1.0
http://snomed.info/id/368520002	http://purl.org/sig/ont/fma/fma323233	0.97079396
http://snomed.info/id/368523000	http://purl.org/sig/ont/fma/fma63216	0.92557436
http://snomed.info/id/368524006	http://purl.org/sig/ont/fma/fma63217	0.93466437
http://snomed.info/id/368525007	http://purl.org/sig/ont/fma/fma38636	0.90299857
http://snomed.info/id/368527004	http://purl.org/sig/ont/fma/fma77260	0.90491891
http://snomed.info/id/368528009	http://purl.org/sig/ont/fma/fma77261	0.91577929
http://snomed.info/id/368538004	http://purl.org/sig/ont/fma/fma75499	0.90288252
http://snomed.info/id/368539007	http://purl.org/sig/ont/fma/fma310773	0.91743493
http://snomed.info/id/368541008	http://purl.org/sig/ont/fma/fma44874	0.91961455
http://snomed.info/id/368542001	http://purl.org/sig/ont/fma/fma44821	0.92157179
http://snomed.info/id/368543006	http://purl.org/sig/ont/fma/fma44954	0.9151113
http://snomed.info/id/368550005	http://purl.org/sig/ont/fma/fma44313	1.0
http://snomed.info/id/368551009	http://purl.org/sig/ont/fma/fma52100	0.95312876
http://snomed.info/id/368552002	http://purl.org/sig/ont/fma/fma52080	0.95148206
http://snomed.info/id/368564005	http://purl.org/sig/ont/fma/fma59102	0.95094472
http://snomed.info/id/368565006	http://purl.org/sig/ont/fma/fma59555	0.96020561
http://snomed.info/id/368570004	http://purl.org/sig/ont/fma/fma53641	0.94196206
http://snomed.info/id/368571000	http://purl.org/sig/ont/fma/fma78449	0.93390846
http://snomed.info/id/368573002	http://purl.org/sig/ont/fma/fma58239	0.91941679
http://snomed.info/id/368574008	http://purl.org/sig/ont/fma/fma58299	0.9429388
http://snomed.info/id/368576005	http://purl.org/sig/ont/fma/fma58236	0.9448083
http://snomed.info/id/368577001	http://purl.org/sig/ont/fma/fma58605	0.91281933
http://snomed.info/id/368578006	http://purl.org/sig/ont/fma/fma58242	0.92506284
http://snomed.info/id/368579003	http://purl.org/sig/ont/fma/fma59028	0.92189056
http://snomed.info/id/368581001	http://purl.org/sig/ont/fma/fma54444	0.90486646
http://snomed.info/id/368586006	http://purl.org/sig/ont/fma/fma59103	0.93822974
http://snomed.info/id/368587002	http://purl.org/sig/ont/fma/fma59556	0.94762546
http://snomed.info/id/368591007	http://purl.org/sig/ont/fma/fma61021	0.90135735
http://snomed.info/id/368592000	http://purl.org/sig/ont/fma/fma53642	0.92328024
http://snomed.info/id/368593005	http://purl.org/sig/ont/fma/fma78450	0.92925429
http://snomed.info/id/368595003	http://purl.org/sig/ont/fma/fma58240	0.90517533
http://snomed.info/id/368596002	http://purl.org/sig/ont/fma/fma58300	0.92785406
http://snomed.info/id/368598001	http://purl.org/sig/ont/fma/fma58237	0.929609
http://snomed.info/id/368599009	http://purl.org/sig/ont/fma/fma58642	0.9193415
http://snomed.info/id/368600007	http://purl.org/sig/ont/fma/fma58243	0.90641981
http://snomed.info/id/368601006	http://purl.org/sig/ont/fma/fma59029	0.91397494
http://snomed.info/id/368602004	http://purl.org/sig/ont/fma/fma322650	0.95822227
http://snomed.info/id/368603009	http://purl.org/sig/ont/fma/fma322661	0.96717012
http://snomed.info/id/368606001	http://purl.org/sig/ont/fma/fma322649	0.95659494
http://snomed.info/id/368607005	http://purl.org/sig/ont/fma/fma322664	0.96295047
http://snomed.info/id/368608000	http://purl.org/sig/ont/fma/fma322662	0.93454576
http://snomed.info/id/368610003	http://purl.org/sig/ont/fma/fma322665	0.96573246
http://snomed.info/id/368611004	http://purl.org/sig/ont/fma/fma322676	0.96740258
http://snomed.info/id/368612006	http://purl.org/sig/ont/fma/fma322677	0.95745784
http://snomed.info/id/368635009	http://purl.org/sig/ont/fma/fma48980	1.0
http://snomed.info/id/368636005	http://purl.org/sig/ont/fma/fma323070	1.0
http://snomed.info/id/368640001	http://purl.org/sig/ont/fma/fma323071	0.94892639
http://snomed.info/id/368644005	http://purl.org/sig/ont/fma/fma323075	0.90362781
http://snomed.info/id/368648008	http://purl.org/sig/ont/fma/fma323077	0.94096923
http://snomed.info/id/368652008	http://purl.org/sig/ont/fma/fma56790	0.90822285
http://snomed.info/id/368653003	http://purl.org/sig/ont/fma/fma56723	0.90972
http://snomed.info/id/368658007	http://purl.org/sig/ont/fma/fma56735	0.91634816
http://snomed.info/id/368666003	http://purl.org/sig/ont/fma/fma65608	0.94882482
http://snomed.info/id/368679007	http://purl.org/sig/ont/fma/fma323383	0.95187539
http://snomed.info/id/368682002	http://purl.org/sig/ont/fma/fma76876	0.90931946
http://snomed.info/id/368683007	http://purl.org/sig/ont/fma/fma322975	0.93168867
http://snomed.info/id/368692005	http://purl.org/sig/ont/fma/fma286440	0.93884897
http://snomed.info/id/368693000	http://purl.org/sig/ont/fma/fma286442	0.93942636
http://snomed.info/id/368701001	http://purl.org/sig/ont/fma/fma84200	1.0
http://snomed.info/id/368702008	http://purl.org/sig/ont/fma/fma84202	1.0
http://snomed.info/id/368705005	http://purl.org/sig/ont/fma/fma322785	0.94770628
http://snomed.info/id/368719005	http://purl.org/sig/ont/fma/fma59804	0.96069753
http://snomed.info/id/368720004	http://purl.org/sig/ont/fma/fma59805	0.94880164
http://snomed.info/id/368721000	http://purl.org/sig/ont/fma/fma59986	1.0
http://snomed.info/id/368722007	http://purl.org/sig/ont/fma/fma71643	1.0
http://snomed.info/id/368728006	http://purl.org/sig/ont/fma/fma71446	0.9088766
http://snomed.info/id/368729003	http://purl.org/sig/ont/fma/fma54822	0.94991213
http://snomed.info/id/368730008	http://purl.org/sig/ont/fma/fma54820	0.99377561
http://snomed.info/id/368731007	http://purl.org/sig/ont/fma/fma54823	0.91873652
http://snomed.info/id/368732000	http://purl.org/sig/ont/fma/fma54821	0.96922088
http://snomed.info/id/368740006	http://purl.org/sig/ont/fma/fma49546	0.90098238
http://snomed.info/id/368755002	http://purl.org/sig/ont/fma/fma59797	0.94797516
http://snomed.info/id/368756001	http://purl.org/sig/ont/fma/fma59798	0.91795659
http://snomed.info/id/368760003	http://purl.org/sig/ont/fma/fma301853	0.90104383
http://snomed.info/id/368763001	http://purl.org/sig/ont/fma/fma322642	0.96062934
http://snomed.info/id/368766009	http://purl.org/sig/ont/fma/fma322632	0.96612394
http://snomed.info/id/368770001	http://purl.org/sig/ont/fma/fma322634	0.95269173
http://snomed.info/id/368775006	http://purl.org/sig/ont/fma/fma46784	0.92399669
http://snomed.info/id/368776007	http://purl.org/sig/ont/fma/fma46788	0.91782272
http://snomed.info/id/368784006	http://purl.org/sig/ont/fma/fma320407	0.94356316
http://snomed.info/id/368785007	http://purl.org/sig/ont/fma/fma70742	1.0
http://snomed.info/id/368788009	http://purl.org/sig/ont/fma/fma318618	0.90613306
http://snomed.info/id/368790005	http://purl.org/sig/ont/fma/fma318720	0.92876011
http://snomed.info/id/368797008	http://purl.org/sig/ont/fma/fma49962	0.94364893
http://snomed.info/id/368798003	http://purl.org/sig/ont/fma/fma49970	0.95710832
http://snomed.info/id/368799006	http://purl.org/sig/ont/fma/fma49967	0.95131922
http://snomed.info/id/368800005	http://purl.org/sig/ont/fma/fma49962	0.90569323
http://snomed.info/id/368801009	http://purl.org/sig/ont/fma/fma49956	1.0
http://snomed.info/id/368802002	http://purl.org/sig/ont/fma/fma49955	1.0
http://snomed.info/id/368803007	http://purl.org/sig/ont/fma/fma49967	0.91462404
http://snomed.info/id/368804001	http://purl.org/sig/ont/fma/fma50016	1.0
http://snomed.info/id/368816007	http://purl.org/sig/ont/fma/fma77671	0.96683317
http://snomed.info/id/368831003	http://purl.org/sig/ont/fma/fma58487	0.94857419
http://snomed.info/id/368839001	http://purl.org/sig/ont/fma/fma58611	0.92352831
http://snomed.info/id/368854007	http://purl.org/sig/ont/fma/fma58151	0.90761101
http://snomed.info/id/368856009	http://purl.org/sig/ont/fma/fma52763	0.91888636
http://snomed.info/id/368857000	http://purl.org/sig/ont/fma/fma58713	0.91979855
http://snomed.info/id/368858005	http://purl.org/sig/ont/fma/fma58715	0.92831087
http://snomed.info/id/368859002	http://purl.org/sig/ont/fma/fma59328	0.93876678
http://snomed.info/id/368869008	http://purl.org/sig/ont/fma/fma57755	0.93283248
http://snomed.info/id/368870009	http://purl.org/sig/ont/fma/fma59126	0.94317544
http://snomed.info/id/368874000	http://purl.org/sig/ont/fma/fma59493	0.93667853
http://snomed.info/id/368879005	http://purl.org/sig/ont/fma/fma49771	0.9111945
http://snomed.info/id/368881007	http://purl.org/sig/ont/fma/fma321518	0.90253919
http://snomed.info/id/368895005	http://purl.org/sig/ont/fma/fma75769	0.95320541
http://snomed.info/id/368903006	http://purl.org/sig/ont/fma/fma322839	0.98668855
http://snomed.info/id/368904000	http://purl.org/sig/ont/fma/fma322840	0.90379727
http://snomed.info/id/368905004	http://purl.org/sig/ont/fma/fma322841	0.91613364
http://snomed.info/id/368911001	http://purl.org/sig/ont/fma/fma322865	1.0
http://snomed.info/id/368912008	http://purl.org/sig/ont/fma/fma322866	1.0
http://snomed.info/id/368924001	http://purl.org/sig/ont/fma/fma60880	0.93788964
http://snomed.info/id/368925000	http://purl.org/sig/ont/fma/fma60881	0.93222451
http://snomed.info/id/368926004	http://purl.org/sig/ont/fma/fma52761	0.90038186
http://snomed.info/id/368930001	http://purl.org/sig/ont/fma/fma60882	0.92872959
http://snomed.info/id/368932009	http://purl.org/sig/ont/fma/fma52766	0.90231204
http://snomed.info/id/368935006	http://purl.org/sig/ont/fma/fma323082	0.94391066
http://snomed.info/id/368944007	http://purl.org/sig/ont/fma/fma323079	0.94615877
http://snomed.info/id/368946009	http://purl.org/sig/ont/fma/fma323084	0.94892883
http://snomed.info/id/368947000	http://purl.org/sig/ont/fma/fma323085	0.93598372
http://snomed.info/id/368948005	http://purl.org/sig/ont/fma/fma323087	0.92613512
http://snomed.info/id/368950002	http://purl.org/sig/ont/fma/fma321537	0.92207575
http://snomed.info/id/368963008	http://purl.org/sig/ont/fma/fma323090	0.93744957
http://snomed.info/id/368969007	http://purl.org/sig/ont/fma/fma77722	1.0
http://snomed.info/id/368970008	http://purl.org/sig/ont/fma/fma77723	1.0
http://snomed.info/id/368971007	http://purl.org/sig/ont/fma/fma77724	1.0
http://snomed.info/id/369004005	http://purl.org/sig/ont/fma/fma57447	0.94388777
http://snomed.info/id/369006007	http://purl.org/sig/ont/fma/fma259923	0.92734152
http://snomed.info/id/369009000	http://purl.org/sig/ont/fma/fma53368	0.90007043
http://snomed.info/id/369019006	http://purl.org/sig/ont/fma/fma72487	0.92649925
http://snomed.info/id/369022008	http://purl.org/sig/ont/fma/fma323295	0.91365385
http://snomed.info/id/369026006	http://purl.org/sig/ont/fma/fma72504	0.94564039
http://snomed.info/id/369027002	http://purl.org/sig/ont/fma/fma72507	0.92742717
http://snomed.info/id/369034000	http://purl.org/sig/ont/fma/fma83850	0.91836566
http://snomed.info/id/369038002	http://purl.org/sig/ont/fma/fma78491	0.96544313
http://snomed.info/id/369040007	http://purl.org/sig/ont/fma/fma323301	0.95526922
http://snomed.info/id/369050008	http://purl.org/sig/ont/fma/fma72541	0.94731182
http://snomed.info/id/369054004	http://purl.org/sig/ont/fma/fma72543	0.92490214
http://snomed.info/id/369056002	http://purl.org/sig/ont/fma/fma323302	0.95112526
http://snomed.info/id/369057006	http://purl.org/sig/ont/fma/fma73971	0.94341612
http://snomed.info/id/369065009	http://purl.org/sig/ont/fma/fma72617	0.90644044
http://snomed.info/id/369070002	http://purl.org/sig/ont/fma/fma72609	0.90813285
http://snomed.info/id/369072005	http://purl.org/sig/ont/fma/fma77069	0.91686136
http://snomed.info/id/369073000	http://purl.org/sig/ont/fma/fma72603	1.0
http://snomed.info/id/369085008	http://purl.org/sig/ont/fma/fma77632	0.92383993
http://snomed.info/id/369088005	http://purl.org/sig/ont/fma/fma321543	0.93832397
http://snomed.info/id/369090006	http://purl.org/sig/ont/fma/fma72463	0.95472729
http://snomed.info/id/369092003	http://purl.org/sig/ont/fma/fma73959	0.90616679
http://snomed.info/id/369093008	http://purl.org/sig/ont/fma/fma323277	0.91667843
http://snomed.info/id/369094002	http://purl.org/sig/ont/fma/fma83867	0.90802765
http://snomed.info/id/369096000	http://purl.org/sig/ont/fma/fma83866	0.90896344
http://snomed.info/id/369097009	http://purl.org/sig/ont/fma/fma74414	0.90621942
http://snomed.info/id/369103002	http://purl.org/sig/ont/fma/fma74509	0.93392277
http://snomed.info/id/369105009	http://purl.org/sig/ont/fma/fma77627	0.9279741
http://snomed.info/id/369106005	http://purl.org/sig/ont/fma/fma323280	0.94295031
http://snomed.info/id/369107001	http://purl.org/sig/ont/fma/fma321545	0.91135097
http://snomed.info/id/369117006	http://purl.org/sig/ont/fma/fma321546	0.91918689
http://snomed.info/id/36913000	http://purl.org/sig/ont/fma/fma9223	1.0
http://snomed.info/id/369139008	http://purl.org/sig/ont/fma/fma62059	0.92696398
http://snomed.info/id/369145000	http://purl.org/sig/ont/fma/fma323291	0.90236115
http://snomed.info/id/369146004	http://purl.org/sig/ont/fma/fma62061	0.91217929
http://snomed.info/id/369149006	http://purl.org/sig/ont/fma/fma323292	0.9343251
http://snomed.info/id/369153008	http://purl.org/sig/ont/fma/fma323294	0.94889557
http://snomed.info/id/369155001	http://purl.org/sig/ont/fma/fma323254	0.94706362
http://snomed.info/id/369181002	http://purl.org/sig/ont/fma/fma62220	0.90569437
http://snomed.info/id/369186007	http://purl.org/sig/ont/fma/fma62038	0.9547171
http://snomed.info/id/369187003	http://purl.org/sig/ont/fma/fma77525	0.93372983
http://snomed.info/id/369188008	http://purl.org/sig/ont/fma/fma62070	1.0
http://snomed.info/id/369192001	http://purl.org/sig/ont/fma/fma77691	1.0
http://snomed.info/id/369193006	http://purl.org/sig/ont/fma/fma72414	0.96087873
http://snomed.info/id/369200008	http://purl.org/sig/ont/fma/fma256184	0.94292378
http://snomed.info/id/369208001	http://purl.org/sig/ont/fma/fma323289	0.95166314
http://snomed.info/id/369210004	http://purl.org/sig/ont/fma/fma323287	0.94940978
http://snomed.info/id/369212007	http://purl.org/sig/ont/fma/fma323290	0.95968646
http://snomed.info/id/369232008	http://purl.org/sig/ont/fma/fma323372	0.95745796
http://snomed.info/id/369234009	http://purl.org/sig/ont/fma/fma62406	0.90521479
http://snomed.info/id/369243000	http://purl.org/sig/ont/fma/fma72456	0.93998802
http://snomed.info/id/369245007	http://purl.org/sig/ont/fma/fma72450	0.90398979
http://snomed.info/id/369252009	http://purl.org/sig/ont/fma/fma323302	0.92074549
http://snomed.info/id/369263007	http://purl.org/sig/ont/fma/fma72489	0.90339035
http://snomed.info/id/369264001	http://purl.org/sig/ont/fma/fma73995	0.92112243
http://snomed.info/id/369265000	http://purl.org/sig/ont/fma/fma72645	0.94896901
http://snomed.info/id/369267008	http://purl.org/sig/ont/fma/fma83851	0.92435271
http://snomed.info/id/369268003	http://purl.org/sig/ont/fma/fma77455	0.92786998
http://snomed.info/id/369271006	http://purl.org/sig/ont/fma/fma83707	0.91249746
http://snomed.info/id/369272004	http://purl.org/sig/ont/fma/fma83711	1.0
http://snomed.info/id/369273009	http://purl.org/sig/ont/fma/fma78462	1.0
http://snomed.info/id/369274003	http://purl.org/sig/ont/fma/fma78492	1.0
http://snomed.info/id/369275002	http://purl.org/sig/ont/fma/fma242797	0.95532817
http://snomed.info/id/369276001	http://purl.org/sig/ont/fma/fma242807	0.94442832
http://snomed.info/id/369277005	http://purl.org/sig/ont/fma/fma242809	0.95971394
http://snomed.info/id/369278000	http://purl.org/sig/ont/fma/fma242839	0.93456101
http://snomed.info/id/369284002	http://purl.org/sig/ont/fma/fma73950	0.9056561
http://snomed.info/id/369286000	http://purl.org/sig/ont/fma/fma73965	0.93333876
http://snomed.info/id/369289007	http://purl.org/sig/ont/fma/fma72646	0.926682
http://snomed.info/id/369290003	http://purl.org/sig/ont/fma/fma75688	0.93045014
http://snomed.info/id/369291004	http://purl.org/sig/ont/fma/fma84574	0.93285471
http://snomed.info/id/369297000	http://purl.org/sig/ont/fma/fma50170	0.94121242
http://snomed.info/id/369298005	http://purl.org/sig/ont/fma/fma50029	1.0
http://snomed.info/id/369299002	http://purl.org/sig/ont/fma/fma50030	1.0
http://snomed.info/id/369300005	http://purl.org/sig/ont/fma/fma50584	1.0
http://snomed.info/id/369301009	http://purl.org/sig/ont/fma/fma50585	1.0
http://snomed.info/id/369303007	http://purl.org/sig/ont/fma/fma79636	0.92011911
http://snomed.info/id/369304001	http://purl.org/sig/ont/fma/fma322914	1.0
http://snomed.info/id/369306004	http://purl.org/sig/ont/fma/fma322915	1.0
http://snomed.info/id/369307008	http://purl.org/sig/ont/fma/fma50485	1.0
http://snomed.info/id/369308003	http://purl.org/sig/ont/fma/fma50488	1.0
http://snomed.info/id/369309006	http://purl.org/sig/ont/fma/fma322916	1.0
http://snomed.info/id/369310001	http://purl.org/sig/ont/fma/fma50382	1.0
http://snomed.info/id/369311002	http://purl.org/sig/ont/fma/fma50458	1.0
http://snomed.info/id/369312009	http://purl.org/sig/ont/fma/fma322917	1.0
http://snomed.info/id/369313004	http://purl.org/sig/ont/fma/fma322921	1.0
http://snomed.info/id/369314005	http://purl.org/sig/ont/fma/fma322911	0.9006629
http://snomed.info/id/369315006	http://purl.org/sig/ont/fma/fma322918	0.9397341
http://snomed.info/id/369317003	http://purl.org/sig/ont/fma/fma322919	1.0
http://snomed.info/id/369319000	http://purl.org/sig/ont/fma/fma322920	0.91619772
http://snomed.info/id/369320006	http://purl.org/sig/ont/fma/fma49934	0.92917866
http://snomed.info/id/369321005	http://purl.org/sig/ont/fma/fma75970	0.93328112
http://snomed.info/id/369324002	http://purl.org/sig/ont/fma/fma49927	0.92270815
http://snomed.info/id/369329007	http://purl.org/sig/ont/fma/fma49961	0.93093115
http://snomed.info/id/369335007	http://purl.org/sig/ont/fma/fma50329	1.0
http://snomed.info/id/369336008	http://purl.org/sig/ont/fma/fma322910	1.0
http://snomed.info/id/369337004	http://purl.org/sig/ont/fma/fma322911	1.0
http://snomed.info/id/369338009	http://purl.org/sig/ont/fma/fma50330	1.0
http://snomed.info/id/369339001	http://purl.org/sig/ont/fma/fma50337	1.0
http://snomed.info/id/369340004	http://purl.org/sig/ont/fma/fma322912	1.0
http://snomed.info/id/369341000	http://purl.org/sig/ont/fma/fma322913	0.93853569
http://snomed.info/id/369342007	http://purl.org/sig/ont/fma/fma50657	0.93991929
http://snomed.info/id/369343002	http://purl.org/sig/ont/fma/fma50631	1.0
http://snomed.info/id/369344008	http://purl.org/sig/ont/fma/fma50630	1.0
http://snomed.info/id/369345009	http://purl.org/sig/ont/fma/fma50657	0.95144558
http://snomed.info/id/369347001	http://purl.org/sig/ont/fma/fma322928	0.93122751
http://snomed.info/id/369348006	http://purl.org/sig/ont/fma/fma322916	0.94473898
http://snomed.info/id/369349003	http://purl.org/sig/ont/fma/fma322929	1.0
http://snomed.info/id/369350003	http://purl.org/sig/ont/fma/fma50655	1.0
http://snomed.info/id/369351004	http://purl.org/sig/ont/fma/fma50654	0.90399736
http://snomed.info/id/369352006	http://purl.org/sig/ont/fma/fma50082	1.0
http://snomed.info/id/369353001	http://purl.org/sig/ont/fma/fma50083	1.0
http://snomed.info/id/369354007	http://purl.org/sig/ont/fma/fma3958	1.0
http://snomed.info/id/369355008	http://purl.org/sig/ont/fma/fma4066	1.0
http://snomed.info/id/369356009	http://purl.org/sig/ont/fma/fma50560	1.0
http://snomed.info/id/369357000	http://purl.org/sig/ont/fma/fma322924	1.0
http://snomed.info/id/369363009	http://purl.org/sig/ont/fma/fma50839	1.0
http://snomed.info/id/369364003	http://purl.org/sig/ont/fma/fma323251	0.92385185
http://snomed.info/id/369365002	http://purl.org/sig/ont/fma/fma51288	0.95092338
http://snomed.info/id/369367005	http://purl.org/sig/ont/fma/fma51314	1.0
http://snomed.info/id/369368000	http://purl.org/sig/ont/fma/fma51322	1.0
http://snomed.info/id/369369008	http://purl.org/sig/ont/fma/fma50998	1.0
http://snomed.info/id/369370009	http://purl.org/sig/ont/fma/fma323252	1.0
http://snomed.info/id/369371008	http://purl.org/sig/ont/fma/fma51009	0.99805361
http://snomed.info/id/369372001	http://purl.org/sig/ont/fma/fma51017	0.9362011
http://snomed.info/id/369373006	http://purl.org/sig/ont/fma/fma51011	0.97649962
http://snomed.info/id/369374000	http://purl.org/sig/ont/fma/fma323253	1.0
http://snomed.info/id/369375004	http://purl.org/sig/ont/fma/fma51026	1.0
http://snomed.info/id/369376003	http://purl.org/sig/ont/fma/fma51227	1.0
http://snomed.info/id/369377007	http://purl.org/sig/ont/fma/fma51232	1.0
http://snomed.info/id/369378002	http://purl.org/sig/ont/fma/fma51233	1.0
http://snomed.info/id/369379005	http://purl.org/sig/ont/fma/fma51344	0.99489534
http://snomed.info/id/369380008	http://purl.org/sig/ont/fma/fma51335	0.92324764
http://snomed.info/id/369381007	http://purl.org/sig/ont/fma/fma51332	1.0
http://snomed.info/id/369382000	http://purl.org/sig/ont/fma/fma51341	0.9400745
http://snomed.info/id/369383005	http://purl.org/sig/ont/fma/fma323255	1.0
http://snomed.info/id/369384004	http://purl.org/sig/ont/fma/fma51343	0.97246289
http://snomed.info/id/369390000	http://purl.org/sig/ont/fma/fma74515	0.97912842
http://snomed.info/id/369393003	http://purl.org/sig/ont/fma/fma323349	0.9390074
http://snomed.info/id/369395005	http://purl.org/sig/ont/fma/fma52594	0.91476244
http://snomed.info/id/369399004	http://purl.org/sig/ont/fma/fma323319	0.96366256
http://snomed.info/id/369401005	http://purl.org/sig/ont/fma/fma52672	1.0
http://snomed.info/id/369402003	http://purl.org/sig/ont/fma/fma52681	0.95781177
http://snomed.info/id/369403008	http://purl.org/sig/ont/fma/fma52680	0.96062261
http://snomed.info/id/369407009	http://purl.org/sig/ont/fma/fma323350	0.92221147
http://snomed.info/id/369408004	http://purl.org/sig/ont/fma/fma323351	0.93778634
http://snomed.info/id/369409007	http://purl.org/sig/ont/fma/fma272318	0.92307717
http://snomed.info/id/369411003	http://purl.org/sig/ont/fma/fma323332	0.9114663
http://snomed.info/id/369415007	http://purl.org/sig/ont/fma/fma323336	0.93210483
http://snomed.info/id/369418009	http://purl.org/sig/ont/fma/fma323317	0.95358932
http://snomed.info/id/369419001	http://purl.org/sig/ont/fma/fma323318	0.95657378
http://snomed.info/id/369420007	http://purl.org/sig/ont/fma/fma58708	0.90996337
http://snomed.info/id/369424003	http://purl.org/sig/ont/fma/fma272326	0.9308902
http://snomed.info/id/369425002	http://purl.org/sig/ont/fma/fma272320	0.93559957
http://snomed.info/id/369426001	http://purl.org/sig/ont/fma/fma323330	0.93794453
http://snomed.info/id/369431004	http://purl.org/sig/ont/fma/fma65515	0.91580713
http://snomed.info/id/369434007	http://purl.org/sig/ont/fma/fma6670	0.90503901
http://snomed.info/id/369435008	http://purl.org/sig/ont/fma/fma323330	0.92057693
http://snomed.info/id/36947002	http://purl.org/sig/ont/fma/fma49720	1.0
http://snomed.info/id/36973007	http://purl.org/sig/ont/fma/fma86485	0.97943586
http://snomed.info/id/370099000	http://purl.org/sig/ont/fma/fma322502	0.97125101
http://snomed.info/id/370100008	http://purl.org/sig/ont/fma/fma322501	0.97648096
http://snomed.info/id/370101007	http://purl.org/sig/ont/fma/fma322500	0.96878535
http://snomed.info/id/370102000	http://purl.org/sig/ont/fma/fma18663	1.0
http://snomed.info/id/370103005	http://purl.org/sig/ont/fma/fma322504	1.0
http://snomed.info/id/370105003	http://purl.org/sig/ont/fma/fma18664	1.0
http://snomed.info/id/370106002	http://purl.org/sig/ont/fma/fma322505	1.0
http://snomed.info/id/370140002	http://purl.org/sig/ont/fma/fma68413	1.0
http://snomed.info/id/37029000	http://purl.org/sig/ont/fma/fma273671	1.0
http://snomed.info/id/37035000	http://purl.org/sig/ont/fma/fma260761	1.0
http://snomed.info/id/37047006	http://purl.org/sig/ont/fma/fma62056	1.0
http://snomed.info/id/370618005	http://purl.org/sig/ont/fma/fma324033	1.0
http://snomed.info/id/37065005	http://purl.org/sig/ont/fma/fma324034	1.0
http://snomed.info/id/371013005	http://purl.org/sig/ont/fma/fma265353	1.0
http://snomed.info/id/37108007	http://purl.org/sig/ont/fma/fma322319	0.98747039
http://snomed.info/id/37111008	http://purl.org/sig/ont/fma/fma70728	1.0
http://snomed.info/id/371230003	http://purl.org/sig/ont/fma/fma321957	0.91309631
http://snomed.info/id/371282001	http://purl.org/sig/ont/fma/fma75830	0.94018841
http://snomed.info/id/371283006	http://purl.org/sig/ont/fma/fma321958	0.93897617
http://snomed.info/id/371293004	http://purl.org/sig/ont/fma/fma75829	0.94654703
http://snomed.info/id/371294005	http://purl.org/sig/ont/fma/fma75828	0.93558317
http://snomed.info/id/371304004	http://purl.org/sig/ont/fma/fma37754	0.97043431
http://snomed.info/id/371305003	http://purl.org/sig/ont/fma/fma322273	0.96518362
http://snomed.info/id/371309009	http://purl.org/sig/ont/fma/fma300373	0.94570714
http://snomed.info/id/371311000	http://purl.org/sig/ont/fma/fma37753	0.96770936
http://snomed.info/id/37136002	http://purl.org/sig/ont/fma/fma322282	0.95866597
http://snomed.info/id/37144002	http://purl.org/sig/ont/fma/fma53480	1.0
http://snomed.info/id/371504003	http://purl.org/sig/ont/fma/fma39795	1.0
http://snomed.info/id/37181003	http://purl.org/sig/ont/fma/fma72636	1.0
http://snomed.info/id/37198003	http://purl.org/sig/ont/fma/fma5982	1.0
http://snomed.info/id/372073000	http://purl.org/sig/ont/fma/fma61817	1.0
http://snomed.info/id/372074006	http://purl.org/sig/ont/fma/fma74779	0.90200621
http://snomed.info/id/372166008	http://purl.org/sig/ont/fma/fma9706	1.0
http://snomed.info/id/372167004	http://purl.org/sig/ont/fma/fma34996	0.97980875
http://snomed.info/id/372169001	http://purl.org/sig/ont/fma/fma232178	0.96083975
http://snomed.info/id/372170000	http://purl.org/sig/ont/fma/fma26660	0.92884797
http://snomed.info/id/372171001	http://purl.org/sig/ont/fma/fma61823	1.0
http://snomed.info/id/372173003	http://purl.org/sig/ont/fma/fma58295	1.0
http://snomed.info/id/372174009	http://purl.org/sig/ont/fma/fma14543	1.0
http://snomed.info/id/372175005	http://purl.org/sig/ont/fma/fma58238	0.97369301
http://snomed.info/id/372177002	http://purl.org/sig/ont/fma/fma323399	0.92956448
http://snomed.info/id/372181002	http://purl.org/sig/ont/fma/fma52781	1.0
http://snomed.info/id/372182009	http://purl.org/sig/ont/fma/fma21185	1.0
http://snomed.info/id/372183004	http://purl.org/sig/ont/fma/fma14559	1.0
http://snomed.info/id/372190009	http://purl.org/sig/ont/fma/fma7208	0.94457388
http://snomed.info/id/372191008	http://purl.org/sig/ont/fma/fma7207	0.95385033
http://snomed.info/id/372193006	http://purl.org/sig/ont/fma/fma59101	1.0
http://snomed.info/id/372195004	http://purl.org/sig/ont/fma/fma44631	1.0
http://snomed.info/id/372196003	http://purl.org/sig/ont/fma/fma321884	1.0
http://snomed.info/id/372197007	http://purl.org/sig/ont/fma/fma59816	1.0
http://snomed.info/id/372199005	http://purl.org/sig/ont/fma/fma44620	1.0
http://snomed.info/id/372200008	http://purl.org/sig/ont/fma/fma323399	0.99999946
http://snomed.info/id/372201007	http://purl.org/sig/ont/fma/fma57456	1.0
http://snomed.info/id/372202000	http://purl.org/sig/ont/fma/fma14650	1.0
http://snomed.info/id/372203005	http://purl.org/sig/ont/fma/fma59790	1.0
http://snomed.info/id/372204004	http://purl.org/sig/ont/fma/fma23260	0.93709666
http://snomed.info/id/372206002	http://purl.org/sig/ont/fma/fma42324	0.92941916
http://snomed.info/id/372209009	http://purl.org/sig/ont/fma/fma29750	0.9463864
http://snomed.info/id/372210004	http://purl.org/sig/ont/fma/fma31534	0.96032423
http://snomed.info/id/372211000	http://purl.org/sig/ont/fma/fma29749	0.95675313
http://snomed.info/id/372214008	http://purl.org/sig/ont/fma/fma51409	0.93943578
http://snomed.info/id/372215009	http://purl.org/sig/ont/fma/fma9915	0.93741041
http://snomed.info/id/372217001	http://purl.org/sig/ont/fma/fma78262	0.9415766
http://snomed.info/id/372218006	http://purl.org/sig/ont/fma/fma17556	0.94245821
http://snomed.info/id/372220009	http://purl.org/sig/ont/fma/fma29756	0.91064858
http://snomed.info/id/372221008	http://purl.org/sig/ont/fma/fma7311	0.91431004
http://snomed.info/id/372222001	http://purl.org/sig/ont/fma/fma13367	0.9001801
http://snomed.info/id/372223006	http://purl.org/sig/ont/fma/fma39795	0.93201709
http://snomed.info/id/372224000	http://purl.org/sig/ont/fma/fma55426	0.95875996
http://snomed.info/id/372225004	http://purl.org/sig/ont/fma/fma58801	0.95949924
http://snomed.info/id/372226003	http://purl.org/sig/ont/fma/fma279939	0.91736913
http://snomed.info/id/372227007	http://purl.org/sig/ont/fma/fma34035	0.92132878
http://snomed.info/id/372228002	http://purl.org/sig/ont/fma/fma17658	0.95202762
http://snomed.info/id/372230000	http://purl.org/sig/ont/fma/fma39828	0.92489147
http://snomed.info/id/372232008	http://purl.org/sig/ont/fma/fma54128	0.94143611
http://snomed.info/id/372235005	http://purl.org/sig/ont/fma/fma37349	1.0
http://snomed.info/id/372236006	http://purl.org/sig/ont/fma/fma62033	1.0
http://snomed.info/id/372237002	http://purl.org/sig/ont/fma/fma14544	1.0
http://snomed.info/id/372238007	http://purl.org/sig/ont/fma/fma18252	0.95163625
http://snomed.info/id/372239004	http://purl.org/sig/ont/fma/fma14548	1.0
http://snomed.info/id/372242005	http://purl.org/sig/ont/fma/fma58827	1.0
http://snomed.info/id/37248005	http://purl.org/sig/ont/fma/fma43706	1.0
http://snomed.info/id/37252005	http://purl.org/sig/ont/fma/fma45250	0.97404015
http://snomed.info/id/37274004	http://purl.org/sig/ont/fma/fma14775	1.0
http://snomed.info/id/37309007	http://purl.org/sig/ont/fma/fma40001	1.0
http://snomed.info/id/37314006	http://purl.org/sig/ont/fma/fma60509	0.97049868
http://snomed.info/id/373396000	http://purl.org/sig/ont/fma/fma322244	0.97099125
http://snomed.info/id/373397009	http://purl.org/sig/ont/fma/fma322244	0.93174827
http://snomed.info/id/373404009	http://purl.org/sig/ont/fma/fma54158	0.93633014
http://snomed.info/id/37342008	http://purl.org/sig/ont/fma/fma322660	1.0
http://snomed.info/id/373608004	http://purl.org/sig/ont/fma/fma317481	0.92257023
http://snomed.info/id/373649004	http://purl.org/sig/ont/fma/fma53667	0.93530899
http://snomed.info/id/37397003	http://purl.org/sig/ont/fma/fma17757	0.93914384
http://snomed.info/id/37401006	http://purl.org/sig/ont/fma/fma22931	0.94674724
http://snomed.info/id/37414007	http://purl.org/sig/ont/fma/fma13900	0.91482842
http://snomed.info/id/37419002	http://purl.org/sig/ont/fma/fma83609	1.0
http://snomed.info/id/37424004	http://purl.org/sig/ont/fma/fma14654	1.0
http://snomed.info/id/37427006	http://purl.org/sig/ont/fma/fma323260	1.0
http://snomed.info/id/3743007	http://purl.org/sig/ont/fma/fma22674	1.0
http://snomed.info/id/37457002	http://purl.org/sig/ont/fma/fma15059	1.0
http://snomed.info/id/37507008	http://purl.org/sig/ont/fma/fma46690	1.0
http://snomed.info/id/37512009	http://purl.org/sig/ont/fma/fma74628	1.0
http://snomed.info/id/37562004	http://purl.org/sig/ont/fma/fma323315	0.91715115
http://snomed.info/id/37579005	http://purl.org/sig/ont/fma/fma322822	0.94532418
http://snomed.info/id/37609000	http://purl.org/sig/ont/fma/fma52612	1.0
http://snomed.info/id/3761003	http://purl.org/sig/ont/fma/fma10459	0.94624013
http://snomed.info/id/37641006	http://purl.org/sig/ont/fma/fma72507	1.0
http://snomed.info/id/37652000	http://purl.org/sig/ont/fma/fma44239	0.98973346
http://snomed.info/id/37671003	http://purl.org/sig/ont/fma/fma322533	0.94015169
http://snomed.info/id/37684007	http://purl.org/sig/ont/fma/fma52386	1.0
http://snomed.info/id/37720009	http://purl.org/sig/ont/fma/fma272320	0.98723829
http://snomed.info/id/37724000	http://purl.org/sig/ont/fma/fma52868	1.0
http://snomed.info/id/37728002	http://purl.org/sig/ont/fma/fma52832	1.0
http://snomed.info/id/37735005	http://purl.org/sig/ont/fma/fma321475	1.0
http://snomed.info/id/37753004	http://purl.org/sig/ont/fma/fma6880	1.0
http://snomed.info/id/37783008	http://purl.org/sig/ont/fma/fma16579	0.93014258
http://snomed.info/id/37797000	http://purl.org/sig/ont/fma/fma45069	0.94356757
http://snomed.info/id/37858003	http://purl.org/sig/ont/fma/fma42869	1.0
http://snomed.info/id/3788008	http://purl.org/sig/ont/fma/fma7366	1.0
http://snomed.info/id/37899009	http://purl.org/sig/ont/fma/fma50871	1.0
http://snomed.info/id/37908006	http://purl.org/sig/ont/fma/fma77299	1.0
http://snomed.info/id/37977002	http://purl.org/sig/ont/fma/fma55654	1.0
http://snomed.info/id/37979004	http://purl.org/sig/ont/fma/fma257091	0.91732919
http://snomed.info/id/38006005	http://purl.org/sig/ont/fma/fma32919	1.0
http://snomed.info/id/38012000	http://purl.org/sig/ont/fma/fma40297	1.0
http://snomed.info/id/38034003	http://purl.org/sig/ont/fma/fma16519	1.0
http://snomed.info/id/38056000	http://purl.org/sig/ont/fma/fma323317	1.0
http://snomed.info/id/38060002	http://purl.org/sig/ont/fma/fma15625	1.0
http://snomed.info/id/38078007	http://purl.org/sig/ont/fma/fma45220	0.90675342
http://snomed.info/id/38085006	http://purl.org/sig/ont/fma/fma18656	1.0
http://snomed.info/id/38108009	http://purl.org/sig/ont/fma/fma62842	1.0
http://snomed.info/id/38110006	http://purl.org/sig/ont/fma/fma22750	1.0
http://snomed.info/id/38121002	http://purl.org/sig/ont/fma/fma322062	1.0
http://snomed.info/id/38199008	http://purl.org/sig/ont/fma/fma12516	1.0
http://snomed.info/id/38200006	http://purl.org/sig/ont/fma/fma44793	0.91228151
http://snomed.info/id/38223009	http://purl.org/sig/ont/fma/fma72482	0.95557314
http://snomed.info/id/38242008	http://purl.org/sig/ont/fma/fma45655	1.0
http://snomed.info/id/38254008	http://purl.org/sig/ont/fma/fma15633	1.0
http://snomed.info/id/38259003	http://purl.org/sig/ont/fma/fma38518	1.0
http://snomed.info/id/38335005	http://purl.org/sig/ont/fma/fma77790	0.91282219
http://snomed.info/id/38374003	http://purl.org/sig/ont/fma/fma59511	1.0
http://snomed.info/id/3838008	http://purl.org/sig/ont/fma/fma322320	1.0
http://snomed.info/id/38387009	http://purl.org/sig/ont/fma/fma52688	0.95826054
http://snomed.info/id/38389007	http://purl.org/sig/ont/fma/fma62019	1.0
http://snomed.info/id/38390003	http://purl.org/sig/ont/fma/fma54562	0.93887013
http://snomed.info/id/38393001	http://purl.org/sig/ont/fma/fma49739	1.0
http://snomed.info/id/38396009	http://purl.org/sig/ont/fma/fma22852	0.94576746
http://snomed.info/id/38407007	http://purl.org/sig/ont/fma/fma322677	0.98303276
http://snomed.info/id/38411001	http://purl.org/sig/ont/fma/fma37694	1.0
http://snomed.info/id/38412008	http://purl.org/sig/ont/fma/fma58072	1.0
http://snomed.info/id/38440003	http://purl.org/sig/ont/fma/fma49059	1.0
http://snomed.info/id/38454006	http://purl.org/sig/ont/fma/fma16551	1.0
http://snomed.info/id/38464002	http://purl.org/sig/ont/fma/fma14385	1.0
http://snomed.info/id/38525003	http://purl.org/sig/ont/fma/fma60037	0.90609562
http://snomed.info/id/385294005	http://purl.org/sig/ont/fma/fma9597	1.0
http://snomed.info/id/385295006	http://purl.org/sig/ont/fma/fma59791	1.0
http://snomed.info/id/385296007	http://purl.org/sig/ont/fma/fma320442	0.92637318
http://snomed.info/id/38550000	http://purl.org/sig/ont/fma/fma49934	1.0
http://snomed.info/id/38594006	http://purl.org/sig/ont/fma/fma15579	1.0
http://snomed.info/id/386045008	http://purl.org/sig/ont/fma/fma53667	1.0
http://snomed.info/id/38608005	http://purl.org/sig/ont/fma/fma50573	0.92799693
http://snomed.info/id/38624006	http://purl.org/sig/ont/fma/fma33132	0.91539872
http://snomed.info/id/38630006	http://purl.org/sig/ont/fma/fma13386	1.0
http://snomed.info/id/38631005	http://purl.org/sig/ont/fma/fma49912	1.0
http://snomed.info/id/38650005	http://purl.org/sig/ont/fma/fma55226	0.96171314
http://snomed.info/id/38671000	http://purl.org/sig/ont/fma/fma60128	1.0
http://snomed.info/id/38702002	http://purl.org/sig/ont/fma/fma51141	1.0
http://snomed.info/id/38703007	http://purl.org/sig/ont/fma/fma323251	1.0
http://snomed.info/id/38715006	http://purl.org/sig/ont/fma/fma52860	1.0
http://snomed.info/id/38718008	http://purl.org/sig/ont/fma/fma323364	0.95663089
http://snomed.info/id/3877006	http://purl.org/sig/ont/fma/fma67576	1.0
http://snomed.info/id/38773006	http://purl.org/sig/ont/fma/fma77237	0.96084064
http://snomed.info/id/38781007	http://purl.org/sig/ont/fma/fma71222	1.0
http://snomed.info/id/387910009	http://purl.org/sig/ont/fma/fma9602	1.0
http://snomed.info/id/38798007	http://purl.org/sig/ont/fma/fma59045	1.0
http://snomed.info/id/38848004	http://purl.org/sig/ont/fma/fma7206	0.9601413
http://snomed.info/id/38881003	http://purl.org/sig/ont/fma/fma58151	1.0
http://snomed.info/id/38890005	http://purl.org/sig/ont/fma/fma15906	0.91600817
http://snomed.info/id/389072001	http://purl.org/sig/ont/fma/fma23093	0.91731131
http://snomed.info/id/389073006	http://purl.org/sig/ont/fma/fma23022	0.9304778
http://snomed.info/id/389081007	http://purl.org/sig/ont/fma/fma83911	0.91727668
http://snomed.info/id/389114007	http://purl.org/sig/ont/fma/fma83930	0.91551107
http://snomed.info/id/38912002	http://purl.org/sig/ont/fma/fma322845	0.99433541
http://snomed.info/id/38917008	http://purl.org/sig/ont/fma/fma3949	1.0
http://snomed.info/id/38925005	http://purl.org/sig/ont/fma/fma72206	0.94168258
http://snomed.info/id/38934000	http://purl.org/sig/ont/fma/fma54439	1.0
http://snomed.info/id/38991005	http://purl.org/sig/ont/fma/fma4163	1.0
http://snomed.info/id/39019004	http://purl.org/sig/ont/fma/fma50960	0.92866379
http://snomed.info/id/39039000	http://purl.org/sig/ont/fma/fma68805	1.0
http://snomed.info/id/39043001	http://purl.org/sig/ont/fma/fma15821	1.0
http://snomed.info/id/39057004	http://purl.org/sig/ont/fma/fma7246	1.0
http://snomed.info/id/39059001	http://purl.org/sig/ont/fma/fma27648	0.90738481
http://snomed.info/id/39066000	http://purl.org/sig/ont/fma/fma55230	1.0
http://snomed.info/id/39078001	http://purl.org/sig/ont/fma/fma51913	1.0
http://snomed.info/id/3916005	http://purl.org/sig/ont/fma/fma61214	1.0
http://snomed.info/id/39171009	http://purl.org/sig/ont/fma/fma76822	0.9540534
http://snomed.info/id/39206008	http://purl.org/sig/ont/fma/fma76863	1.0
http://snomed.info/id/39219007	http://purl.org/sig/ont/fma/fma318618	0.92639679
http://snomed.info/id/39226007	http://purl.org/sig/ont/fma/fma9290	1.0
http://snomed.info/id/392261001	http://purl.org/sig/ont/fma/fma322514	0.98974556
http://snomed.info/id/392262008	http://purl.org/sig/ont/fma/fma54237	1.0
http://snomed.info/id/392273001	http://purl.org/sig/ont/fma/fma21572	0.94963443
http://snomed.info/id/39229000	http://purl.org/sig/ont/fma/fma322911	0.94146442
http://snomed.info/id/3924000	http://purl.org/sig/ont/fma/fma3964	0.96977317
http://snomed.info/id/392406005	http://purl.org/sig/ont/fma/fma58252	1.0
http://snomed.info/id/392476006	http://purl.org/sig/ont/fma/fma58238	0.92903429
http://snomed.info/id/392565009	http://purl.org/sig/ont/fma/fma22474	1.0
http://snomed.info/id/39297005	http://purl.org/sig/ont/fma/fma51770	0.93930399
http://snomed.info/id/393006	http://purl.org/sig/ont/fma/fma15902	1.0
http://snomed.info/id/39322007	http://purl.org/sig/ont/fma/fma50865	1.0
http://snomed.info/id/39328006	http://purl.org/sig/ont/fma/fma42809	1.0
http://snomed.info/id/39345001	http://purl.org/sig/ont/fma/fma58714	1.0
http://snomed.info/id/3935005	http://purl.org/sig/ont/fma/fma8419	1.0
http://snomed.info/id/3937002	http://purl.org/sig/ont/fma/fma72356	1.0
http://snomed.info/id/39382005	http://purl.org/sig/ont/fma/fma73971	0.99429673
http://snomed.info/id/39414004	http://purl.org/sig/ont/fma/fma323340	0.96597236
http://snomed.info/id/39421004	http://purl.org/sig/ont/fma/fma38494	1.0
http://snomed.info/id/39445000	http://purl.org/sig/ont/fma/fma322318	1.0
http://snomed.info/id/39484005	http://purl.org/sig/ont/fma/fma8678	1.0
http://snomed.info/id/39498002	http://purl.org/sig/ont/fma/fma30439	0.93326771
http://snomed.info/id/39509000	http://purl.org/sig/ont/fma/fma62023	1.0
http://snomed.info/id/395225000	http://purl.org/sig/ont/fma/fma18917	0.95498043
http://snomed.info/id/39563002	http://purl.org/sig/ont/fma/fma22919	0.94273782
http://snomed.info/id/39582006	http://purl.org/sig/ont/fma/fma7406	1.0
http://snomed.info/id/39583001	http://purl.org/sig/ont/fma/fma49465	1.0
http://snomed.info/id/39584007	http://purl.org/sig/ont/fma/fma323084	1.0
http://snomed.info/id/39593008	http://purl.org/sig/ont/fma/fma323277	1.0
http://snomed.info/id/3960005	http://purl.org/sig/ont/fma/fma77626	1.0
http://snomed.info/id/39607008	http://purl.org/sig/ont/fma/fma7195	1.0
http://snomed.info/id/3964001	http://purl.org/sig/ont/fma/fma83874	1.0
http://snomed.info/id/396549006	http://purl.org/sig/ont/fma/fma46494	0.95858496
http://snomed.info/id/3966004	http://purl.org/sig/ont/fma/fma322912	0.93395507
http://snomed.info/id/39687006	http://purl.org/sig/ont/fma/fma322791	0.95680803
http://snomed.info/id/39691001	http://purl.org/sig/ont/fma/fma42993	1.0
http://snomed.info/id/396956009	http://purl.org/sig/ont/fma/fma63957	0.95497811
http://snomed.info/id/39699004	http://purl.org/sig/ont/fma/fma77069	0.95126569
http://snomed.info/id/397113005	http://purl.org/sig/ont/fma/fma20372	1.0
http://snomed.info/id/397114004	http://purl.org/sig/ont/fma/fma20369	1.0
http://snomed.info/id/397115003	http://purl.org/sig/ont/fma/fma20380	1.0
http://snomed.info/id/397116002	http://purl.org/sig/ont/fma/fma20381	1.0
http://snomed.info/id/397156000	http://purl.org/sig/ont/fma/fma278537	1.0
http://snomed.info/id/397157009	http://purl.org/sig/ont/fma/fma278543	0.91177952
http://snomed.info/id/397319000	http://purl.org/sig/ont/fma/fma53672	1.0
http://snomed.info/id/397363009	http://purl.org/sig/ont/fma/fma21185	0.9580757
http://snomed.info/id/397406000	http://purl.org/sig/ont/fma/fma76721	0.96572334
http://snomed.info/id/397407009	http://purl.org/sig/ont/fma/fma14897	1.0
http://snomed.info/id/397408004	http://purl.org/sig/ont/fma/fma14898	1.0
http://snomed.info/id/397409007	http://purl.org/sig/ont/fma/fma14899	1.0
http://snomed.info/id/397410002	http://purl.org/sig/ont/fma/fma14900	1.0
http://snomed.info/id/397411003	http://purl.org/sig/ont/fma/fma14901	1.0
http://snomed.info/id/397425002	http://purl.org/sig/ont/fma/fma14338	0.96094561
http://snomed.info/id/397439002	http://purl.org/sig/ont/fma/fma15405	1.0
http://snomed.info/id/39759006	http://purl.org/sig/ont/fma/fma9178	1.0
http://snomed.info/id/39773002	http://purl.org/sig/ont/fma/fma11307	1.0
http://snomed.info/id/39787002	http://purl.org/sig/ont/fma/fma55138	1.0
http://snomed.info/id/39796002	http://purl.org/sig/ont/fma/fma321471	1.0
http://snomed.info/id/39803005	http://purl.org/sig/ont/fma/fma74877	1.0
http://snomed.info/id/39831001	http://purl.org/sig/ont/fma/fma61119	1.0
http://snomed.info/id/3984002	http://purl.org/sig/ont/fma/fma77504	0.97643477
http://snomed.info/id/39875002	http://purl.org/sig/ont/fma/fma323006	1.0
http://snomed.info/id/39878000	http://purl.org/sig/ont/fma/fma50893	1.0
http://snomed.info/id/3989007	http://purl.org/sig/ont/fma/fma61840	1.0
http://snomed.info/id/39900007	http://purl.org/sig/ont/fma/fma323068	1.0
http://snomed.info/id/39903009	http://purl.org/sig/ont/fma/fma45100	0.91728687
http://snomed.info/id/39915008	http://purl.org/sig/ont/fma/fma25053	1.0
http://snomed.info/id/39959004	http://purl.org/sig/ont/fma/fma44600	0.92005414
http://snomed.info/id/39970006	http://purl.org/sig/ont/fma/fma49909	1.0
http://snomed.info/id/39976000	http://purl.org/sig/ont/fma/fma25116	0.95850641
http://snomed.info/id/399857002	http://purl.org/sig/ont/fma/fma77666	1.0
http://snomed.info/id/399913000	http://purl.org/sig/ont/fma/fma46494	0.92781037
http://snomed.info/id/399916008	http://purl.org/sig/ont/fma/fma59155	0.92939627
http://snomed.info/id/399938005	http://purl.org/sig/ont/fma/fma323401	0.91253525
http://snomed.info/id/399987007	http://purl.org/sig/ont/fma/fma59531	0.95458019
http://snomed.info/id/399988002	http://purl.org/sig/ont/fma/fma322291	0.95534801
http://snomed.info/id/399996007	http://purl.org/sig/ont/fma/fma322565	0.93828207
http://snomed.info/id/400033007	http://purl.org/sig/ont/fma/fma59531	0.9852581
http://snomed.info/id/400041007	http://purl.org/sig/ont/fma/fma323396	0.96120244
http://snomed.info/id/400056003	http://purl.org/sig/ont/fma/fma46494	0.91617137
http://snomed.info/id/400107002	http://purl.org/sig/ont/fma/fma23110	0.91992074
http://snomed.info/id/400112001	http://purl.org/sig/ont/fma/fma322844	0.90443081
http://snomed.info/id/400119005	http://purl.org/sig/ont/fma/fma225311	0.90288371
http://snomed.info/id/400125009	http://purl.org/sig/ont/fma/fma72265	0.93703538
http://snomed.info/id/400199006	http://purl.org/sig/ont/fma/fma53666	0.91958994
http://snomed.info/id/400203006	http://purl.org/sig/ont/fma/fma323396	0.98632646
http://snomed.info/id/40069000	http://purl.org/sig/ont/fma/fma24762	0.95997876
http://snomed.info/id/40092000	http://purl.org/sig/ont/fma/fma14818	1.0
http://snomed.info/id/40133006	http://purl.org/sig/ont/fma/fma14518	1.0
http://snomed.info/id/40146001	http://purl.org/sig/ont/fma/fma61830	1.0
http://snomed.info/id/402006	http://purl.org/sig/ont/fma/fma49699	1.0
http://snomed.info/id/40206004	http://purl.org/sig/ont/fma/fma60510	0.96811104
http://snomed.info/id/40242007	http://purl.org/sig/ont/fma/fma16649	1.0
http://snomed.info/id/40245009	http://purl.org/sig/ont/fma/fma62337	1.0
http://snomed.info/id/40254007	http://purl.org/sig/ont/fma/fma22852	0.91306162
http://snomed.info/id/40265002	http://purl.org/sig/ont/fma/fma11946	1.0
http://snomed.info/id/40268000	http://purl.org/sig/ont/fma/fma72261	1.0
http://snomed.info/id/40284004	http://purl.org/sig/ont/fma/fma37688	1.0
http://snomed.info/id/40300007	http://purl.org/sig/ont/fma/fma18884	1.0
http://snomed.info/id/40321007	http://purl.org/sig/ont/fma/fma17925	0.93307447
http://snomed.info/id/40341002	http://purl.org/sig/ont/fma/fma40129	0.92050558
http://snomed.info/id/40343004	http://purl.org/sig/ont/fma/fma10024	1.0
http://snomed.info/id/40349000	http://purl.org/sig/ont/fma/fma23978	1.0
http://snomed.info/id/40367007	http://purl.org/sig/ont/fma/fma78456	1.0
http://snomed.info/id/40384001	http://purl.org/sig/ont/fma/fma76642	1.0
http://snomed.info/id/40417001	http://purl.org/sig/ont/fma/fma19460	0.94092667
http://snomed.info/id/40420009	http://purl.org/sig/ont/fma/fma8139	1.0
http://snomed.info/id/40460005	http://purl.org/sig/ont/fma/fma52861	0.94044048
http://snomed.info/id/40475002	http://purl.org/sig/ont/fma/fma79691	0.9104929
http://snomed.info/id/40476001	http://purl.org/sig/ont/fma/fma15894	1.0
http://snomed.info/id/40496009	http://purl.org/sig/ont/fma/fma16663	0.94170064
http://snomed.info/id/40508004	http://purl.org/sig/ont/fma/fma323335	0.91907549
http://snomed.info/id/40529008	http://purl.org/sig/ont/fma/fma62172	1.0
http://snomed.info/id/40572002	http://purl.org/sig/ont/fma/fma44687	1.0
http://snomed.info/id/40657007	http://purl.org/sig/ont/fma/fma5975	0.93374002
http://snomed.info/id/40659005	http://purl.org/sig/ont/fma/fma55313	1.0
http://snomed.info/id/4066009	http://purl.org/sig/ont/fma/fma322755	0.97899896
http://snomed.info/id/40676009	http://purl.org/sig/ont/fma/fma9872	1.0
http://snomed.info/id/40678005	http://purl.org/sig/ont/fma/fma75002	1.00000024
http://snomed.info/id/40684008	http://purl.org/sig/ont/fma/fma16659	1.0
http://snomed.info/id/40689003	http://purl.org/sig/ont/fma/fma7210	1.0
http://snomed.info/id/40693009	http://purl.org/sig/ont/fma/fma51227	0.91679597
http://snomed.info/id/40716006	http://purl.org/sig/ont/fma/fma55531	0.92360878
http://snomed.info/id/40717002	http://purl.org/sig/ont/fma/fma40794	0.91036564
http://snomed.info/id/4072009	http://purl.org/sig/ont/fma/fma35498	1.0
http://snomed.info/id/40745008	http://purl.org/sig/ont/fma/fma14923	1.0
http://snomed.info/id/40749002	http://purl.org/sig/ont/fma/fma86487	1.0
http://snomed.info/id/4081003	http://purl.org/sig/ont/fma/fma50826	0.94569433
http://snomed.info/id/40827000	http://purl.org/sig/ont/fma/fma26029	1.0
http://snomed.info/id/40859007	http://purl.org/sig/ont/fma/fma46325	1.0
http://snomed.info/id/40867004	http://purl.org/sig/ont/fma/fma49178	1.0
http://snomed.info/id/40880001	http://purl.org/sig/ont/fma/fma14326	1.0
http://snomed.info/id/4093007	http://purl.org/sig/ont/fma/fma6247	0.9843449
http://snomed.info/id/40934004	http://purl.org/sig/ont/fma/fma48962	1.0
http://snomed.info/id/40941005	http://purl.org/sig/ont/fma/fma55561	1.0
http://snomed.info/id/40958000	http://purl.org/sig/ont/fma/fma5981	1.0
http://snomed.info/id/40966009	http://purl.org/sig/ont/fma/fma22734	0.91919899
http://snomed.info/id/409970008	http://purl.org/sig/ont/fma/fma45654	0.94042099
http://snomed.info/id/409996005	http://purl.org/sig/ont/fma/fma20487	1.0
http://snomed.info/id/409997001	http://purl.org/sig/ont/fma/fma27651	0.93926966
http://snomed.info/id/41026000	http://purl.org/sig/ont/fma/fma29180	0.94020772
http://snomed.info/id/41046005	http://purl.org/sig/ont/fma/fma75427	0.91963834
http://snomed.info/id/410613002	http://purl.org/sig/ont/fma/fma12516	1.0
http://snomed.info/id/410741006	http://purl.org/sig/ont/fma/fma19659	1.0
http://snomed.info/id/410742004	http://purl.org/sig/ont/fma/fma18086	0.91354144
http://snomed.info/id/410744003	http://purl.org/sig/ont/fma/fma303664	0.92515218
http://snomed.info/id/410760004	http://purl.org/sig/ont/fma/fma322216	0.96679497
http://snomed.info/id/410761000	http://purl.org/sig/ont/fma/fma322216	0.92452192
http://snomed.info/id/410766005	http://purl.org/sig/ont/fma/fma45160	1.0
http://snomed.info/id/410767001	http://purl.org/sig/ont/fma/fma45151	1.0
http://snomed.info/id/410768006	http://purl.org/sig/ont/fma/fma45157	1.0
http://snomed.info/id/41077007	http://purl.org/sig/ont/fma/fma6287	1.0
http://snomed.info/id/410773000	http://purl.org/sig/ont/fma/fma45002	0.95811272
http://snomed.info/id/410774006	http://purl.org/sig/ont/fma/fma321912	0.95963615
http://snomed.info/id/410784007	http://purl.org/sig/ont/fma/fma71601	0.91560233
http://snomed.info/id/410787000	http://purl.org/sig/ont/fma/fma323394	0.94767088
http://snomed.info/id/410789002	http://purl.org/sig/ont/fma/fma42549	0.92250299
http://snomed.info/id/410790006	http://purl.org/sig/ont/fma/fma45092	0.91360962
http://snomed.info/id/410791005	http://purl.org/sig/ont/fma/fma42550	0.92558712
http://snomed.info/id/410792003	http://purl.org/sig/ont/fma/fma42551	0.93024725
http://snomed.info/id/410804002	http://purl.org/sig/ont/fma/fma57806	0.95553738
http://snomed.info/id/410805001	http://purl.org/sig/ont/fma/fma57807	0.96614504
http://snomed.info/id/410809007	http://purl.org/sig/ont/fma/fma42433	0.96240658
http://snomed.info/id/410810002	http://purl.org/sig/ont/fma/fma42434	0.96645474
http://snomed.info/id/410815007	http://purl.org/sig/ont/fma/fma64916	1.0
http://snomed.info/id/410816008	http://purl.org/sig/ont/fma/fma64917	1.0
http://snomed.info/id/4111006	http://purl.org/sig/ont/fma/fma74944	1.0
http://snomed.info/id/41111004	http://purl.org/sig/ont/fma/fma44702	0.93840694
http://snomed.info/id/41123005	http://purl.org/sig/ont/fma/fma22471	0.94909281
http://snomed.info/id/41145006	http://purl.org/sig/ont/fma/fma16643	1.0
http://snomed.info/id/41151001	http://purl.org/sig/ont/fma/fma57731	1.0
http://snomed.info/id/41158007	http://purl.org/sig/ont/fma/fma64023	0.97626269
http://snomed.info/id/41178004	http://purl.org/sig/ont/fma/fma21930	0.91052365
http://snomed.info/id/41216001	http://purl.org/sig/ont/fma/fma66806	0.92106682
http://snomed.info/id/41219008	http://purl.org/sig/ont/fma/fma24928	0.9984501
http://snomed.info/id/41224006	http://purl.org/sig/ont/fma/fma7371	1.0
http://snomed.info/id/41244000	http://purl.org/sig/ont/fma/fma323961	0.90910459
http://snomed.info/id/41254001	http://purl.org/sig/ont/fma/fma16625	0.91726905
http://snomed.info/id/41272007	http://purl.org/sig/ont/fma/fma75689	1.0
http://snomed.info/id/41275009	http://purl.org/sig/ont/fma/fma58627	1.0
http://snomed.info/id/41296002	http://purl.org/sig/ont/fma/fma58235	1.0
http://snomed.info/id/41297006	http://purl.org/sig/ont/fma/fma16695	0.93339294
http://snomed.info/id/41310005	http://purl.org/sig/ont/fma/fma322635	0.95455992
http://snomed.info/id/41313007	http://purl.org/sig/ont/fma/fma9757	1.0
http://snomed.info/id/413196009	http://purl.org/sig/ont/fma/fma322423	1.0
http://snomed.info/id/41347005	http://purl.org/sig/ont/fma/fma45039	0.96298522
http://snomed.info/id/41373000	http://purl.org/sig/ont/fma/fma29710	0.93614125
http://snomed.info/id/41376008	http://purl.org/sig/ont/fma/fma70669	1.0
http://snomed.info/id/413991000	http://purl.org/sig/ont/fma/fma321492	0.93577433
http://snomed.info/id/414003	http://purl.org/sig/ont/fma/fma14559	1.0
http://snomed.info/id/414104008	http://purl.org/sig/ont/fma/fma59487	0.9438349
http://snomed.info/id/414107001	http://purl.org/sig/ont/fma/fma317345	0.93041086
http://snomed.info/id/41421000	http://purl.org/sig/ont/fma/fma83605	1.0
http://snomed.info/id/41425009	http://purl.org/sig/ont/fma/fma14583	1.0
http://snomed.info/id/41442003	http://purl.org/sig/ont/fma/fma22436	0.9159463
http://snomed.info/id/414650007	http://purl.org/sig/ont/fma/fma317483	0.94227362
http://snomed.info/id/414723005	http://purl.org/sig/ont/fma/fma50368	0.90520388
http://snomed.info/id/41477003	http://purl.org/sig/ont/fma/fma7710	1.0
http://snomed.info/id/41479000	http://purl.org/sig/ont/fma/fma7374	1.0
http://snomed.info/id/415144009	http://purl.org/sig/ont/fma/fma50590	0.92876089
http://snomed.info/id/415145005	http://purl.org/sig/ont/fma/fma50591	0.94126642
http://snomed.info/id/41519007	http://purl.org/sig/ont/fma/fma19034	1.0
http://snomed.info/id/41534001	http://purl.org/sig/ont/fma/fma62153	0.92065752
http://snomed.info/id/41550009	http://purl.org/sig/ont/fma/fma38271	0.94704914
http://snomed.info/id/415635007	http://purl.org/sig/ont/fma/fma52832	1.0
http://snomed.info/id/415636008	http://purl.org/sig/ont/fma/fma52897	1.0
http://snomed.info/id/415637004	http://purl.org/sig/ont/fma/fma321652	0.9708395
http://snomed.info/id/415639001	http://purl.org/sig/ont/fma/fma54687	1.0
http://snomed.info/id/415640004	http://purl.org/sig/ont/fma/fma54690	1.0
http://snomed.info/id/415646005	http://purl.org/sig/ont/fma/fma70509	0.92612028
http://snomed.info/id/415647001	http://purl.org/sig/ont/fma/fma259735	0.93727964
http://snomed.info/id/415648006	http://purl.org/sig/ont/fma/fma52904	0.9221741
http://snomed.info/id/41575008	http://purl.org/sig/ont/fma/fma46696	1.0
http://snomed.info/id/4158003	http://purl.org/sig/ont/fma/fma6640	1.0
http://snomed.info/id/41596001	http://purl.org/sig/ont/fma/fma18317	1.0
http://snomed.info/id/41601005	http://purl.org/sig/ont/fma/fma7577	1.0
http://snomed.info/id/416060002	http://purl.org/sig/ont/fma/fma55605	0.93875813
http://snomed.info/id/416077002	http://purl.org/sig/ont/fma/fma37754	0.94145077
http://snomed.info/id/416130005	http://purl.org/sig/ont/fma/fma37800	0.93104446
http://snomed.info/id/416164009	http://purl.org/sig/ont/fma/fma272352	1.0
http://snomed.info/id/416177000	http://purl.org/sig/ont/fma/fma322282	0.92425418
http://snomed.info/id/41618009	http://purl.org/sig/ont/fma/fma13554	0.9979794
http://snomed.info/id/416182007	http://purl.org/sig/ont/fma/fma322552	0.91383123
http://snomed.info/id/416231004	http://purl.org/sig/ont/fma/fma322553	0.93692684
http://snomed.info/id/416267006	http://purl.org/sig/ont/fma/fma38301	0.9302249
http://snomed.info/id/416283006	http://purl.org/sig/ont/fma/fma37831	0.92148936
http://snomed.info/id/41631004	http://purl.org/sig/ont/fma/fma76853	1.0
http://snomed.info/id/416345007	http://purl.org/sig/ont/fma/fma300282	0.93631136
http://snomed.info/id/416398005	http://purl.org/sig/ont/fma/fma57858	1.0
http://snomed.info/id/416407007	http://purl.org/sig/ont/fma/fma324012	0.92862618
http://snomed.info/id/416408002	http://purl.org/sig/ont/fma/fma322268	0.91742098
http://snomed.info/id/416433004	http://purl.org/sig/ont/fma/fma322287	0.9363178
http://snomed.info/id/41648007	http://purl.org/sig/ont/fma/fma77615	1.0
http://snomed.info/id/416514007	http://purl.org/sig/ont/fma/fma78531	0.94727498
http://snomed.info/id/416535009	http://purl.org/sig/ont/fma/fma37828	0.90850461
http://snomed.info/id/41657001	http://purl.org/sig/ont/fma/fma58329	1.0
http://snomed.info/id/416599001	http://purl.org/sig/ont/fma/fma42765	1.0
http://snomed.info/id/41666002	http://purl.org/sig/ont/fma/fma45021	0.99415642
http://snomed.info/id/416710001	http://purl.org/sig/ont/fma/fma322290	0.94826663
http://snomed.info/id/416771008	http://purl.org/sig/ont/fma/fma34830	0.92546415
http://snomed.info/id/416788001	http://purl.org/sig/ont/fma/fma322273	0.94242114
http://snomed.info/id/416827001	http://purl.org/sig/ont/fma/fma300373	0.91396856
http://snomed.info/id/416857005	http://purl.org/sig/ont/fma/fma57859	0.95327288
http://snomed.info/id/416912002	http://purl.org/sig/ont/fma/fma57859	1.0
http://snomed.info/id/416927002	http://purl.org/sig/ont/fma/fma322419	0.92065793
http://snomed.info/id/41695006	http://purl.org/sig/ont/fma/fma46494	1.0
http://snomed.info/id/417082000	http://purl.org/sig/ont/fma/fma32505	0.90139991
http://snomed.info/id/417138006	http://purl.org/sig/ont/fma/fma37852	0.9297877
http://snomed.info/id/417173008	http://purl.org/sig/ont/fma/fma269247	0.91168243
http://snomed.info/id/417266007	http://purl.org/sig/ont/fma/fma59527	0.94512141
http://snomed.info/id/41728005	http://purl.org/sig/ont/fma/fma40006	1.0
http://snomed.info/id/417286006	http://purl.org/sig/ont/fma/fma22985	0.91234714
http://snomed.info/id/417352000	http://purl.org/sig/ont/fma/fma23096	0.92763972
http://snomed.info/id/417355003	http://purl.org/sig/ont/fma/fma38304	0.927239
http://snomed.info/id/417366005	http://purl.org/sig/ont/fma/fma322457	0.9175337
http://snomed.info/id/417368006	http://purl.org/sig/ont/fma/fma45282	0.92970949
http://snomed.info/id/417448004	http://purl.org/sig/ont/fma/fma38295	0.92453796
http://snomed.info/id/417458000	http://purl.org/sig/ont/fma/fma57858	0.9634555
http://snomed.info/id/417460003	http://purl.org/sig/ont/fma/fma37834	0.91073614
http://snomed.info/id/417480002	http://purl.org/sig/ont/fma/fma38280	0.92559397
http://snomed.info/id/417501003	http://purl.org/sig/ont/fma/fma23013	0.9328841
http://snomed.info/id/417584008	http://purl.org/sig/ont/fma/fma322293	0.93358213
http://snomed.info/id/417598000	http://purl.org/sig/ont/fma/fma52691	0.93403643
http://snomed.info/id/417599008	http://purl.org/sig/ont/fma/fma37753	0.94460285
http://snomed.info/id/417632006	http://purl.org/sig/ont/fma/fma15075	1.0
http://snomed.info/id/41765007	http://purl.org/sig/ont/fma/fma7419	1.0
http://snomed.info/id/41767004	http://purl.org/sig/ont/fma/fma19259	1.0
http://snomed.info/id/41776006	http://purl.org/sig/ont/fma/fma58611	1.0
http://snomed.info/id/41779004	http://purl.org/sig/ont/fma/fma14751	0.9210825
http://snomed.info/id/41782009	http://purl.org/sig/ont/fma/fma77559	1.0
http://snomed.info/id/41794000	http://purl.org/sig/ont/fma/fma58746	1.0
http://snomed.info/id/41801008	http://purl.org/sig/ont/fma/fma49893	1.0
http://snomed.info/id/418079008	http://purl.org/sig/ont/fma/fma322454	0.93582404
http://snomed.info/id/41820005	http://purl.org/sig/ont/fma/fma322996	0.90529531
http://snomed.info/id/41821009	http://purl.org/sig/ont/fma/fma25938	1.0
http://snomed.info/id/41828003	http://purl.org/sig/ont/fma/fma52891	1.0
http://snomed.info/id/418337005	http://purl.org/sig/ont/fma/fma323386	1.0
http://snomed.info/id/418380001	http://purl.org/sig/ont/fma/fma322455	0.94857103
http://snomed.info/id/41845008	http://purl.org/sig/ont/fma/fma52750	0.97477633
http://snomed.info/id/418643001	http://purl.org/sig/ont/fma/fma323391	1.0
http://snomed.info/id/41879009	http://purl.org/sig/ont/fma/fma3832	1.0
http://snomed.info/id/41933003	http://purl.org/sig/ont/fma/fma31893	1.0
http://snomed.info/id/41948009	http://purl.org/sig/ont/fma/fma14986	0.91117913
http://snomed.info/id/41949001	http://purl.org/sig/ont/fma/fma45087	1.0
http://snomed.info/id/41950001	http://purl.org/sig/ont/fma/fma322153	1.0
http://snomed.info/id/41951002	http://purl.org/sig/ont/fma/fma62182	0.92946947
http://snomed.info/id/41965000	http://purl.org/sig/ont/fma/fma61975	0.90764821
http://snomed.info/id/41987009	http://purl.org/sig/ont/fma/fma42868	1.0
http://snomed.info/id/419975006	http://purl.org/sig/ont/fma/fma322453	0.93334848
http://snomed.info/id/42000008	http://purl.org/sig/ont/fma/fma7361	1.0
http://snomed.info/id/420329002	http://purl.org/sig/ont/fma/fma63995	0.97664034
http://snomed.info/id/420352003	http://purl.org/sig/ont/fma/fma15381	1.0
http://snomed.info/id/420367004	http://purl.org/sig/ont/fma/fma24044	1.0
http://snomed.info/id/420393006	http://purl.org/sig/ont/fma/fma321646	1.0
http://snomed.info/id/420396003	http://purl.org/sig/ont/fma/fma322450	0.93005121
http://snomed.info/id/420429001	http://purl.org/sig/ont/fma/fma277033	0.93008184
http://snomed.info/id/420455000	http://purl.org/sig/ont/fma/fma59705	1.0
http://snomed.info/id/420465006	http://purl.org/sig/ont/fma/fma10787	1.0
http://snomed.info/id/420479003	http://purl.org/sig/ont/fma/fma321613	0.93286729
http://snomed.info/id/420498001	http://purl.org/sig/ont/fma/fma86340	0.92469841
http://snomed.info/id/420575006	http://purl.org/sig/ont/fma/fma15376	1.0
http://snomed.info/id/420607007	http://purl.org/sig/ont/fma/fma31806	1.0
http://snomed.info/id/420669007	http://purl.org/sig/ont/fma/fma322444	0.91788238
http://snomed.info/id/420730005	http://purl.org/sig/ont/fma/fma321647	1.0
http://snomed.info/id/420769004	http://purl.org/sig/ont/fma/fma7477	1.0
http://snomed.info/id/420800007	http://purl.org/sig/ont/fma/fma44312	1.0
http://snomed.info/id/420853003	http://purl.org/sig/ont/fma/fma322449	0.93629885
http://snomed.info/id/42088004	http://purl.org/sig/ont/fma/fma49026	1.0
http://snomed.info/id/420888003	http://purl.org/sig/ont/fma/fma32509	1.0
http://snomed.info/id/420957001	http://purl.org/sig/ont/fma/fma322452	0.9311713
http://snomed.info/id/42105000	http://purl.org/sig/ont/fma/fma322784	0.93935156
http://snomed.info/id/421060004	http://purl.org/sig/ont/fma/fma13478	1.0
http://snomed.info/id/421082006	http://purl.org/sig/ont/fma/fma86346	0.94783032
http://snomed.info/id/421097009	http://purl.org/sig/ont/fma/fma84203	1.0
http://snomed.info/id/421126009	http://purl.org/sig/ont/fma/fma32508	1.0
http://snomed.info/id/421127000	http://purl.org/sig/ont/fma/fma15378	1.0
http://snomed.info/id/42118008	http://purl.org/sig/ont/fma/fma70374	1.0
http://snomed.info/id/421235005	http://purl.org/sig/ont/fma/fma9611	1.0
http://snomed.info/id/421318008	http://purl.org/sig/ont/fma/fma68663	0.92416793
http://snomed.info/id/421344008	http://purl.org/sig/ont/fma/fma32511	1.0
http://snomed.info/id/42135007	http://purl.org/sig/ont/fma/fma322311	1.0
http://snomed.info/id/421354007	http://purl.org/sig/ont/fma/fma15377	1.0
http://snomed.info/id/421413000	http://purl.org/sig/ont/fma/fma24485	1.0
http://snomed.info/id/421456005	http://purl.org/sig/ont/fma/fma84207	1.0
http://snomed.info/id/421480009	http://purl.org/sig/ont/fma/fma317859	0.90002453
http://snomed.info/id/4215008	http://purl.org/sig/ont/fma/fma7621	1.0
http://snomed.info/id/421596005	http://purl.org/sig/ont/fma/fma32510	1.0
http://snomed.info/id/421611008	http://purl.org/sig/ont/fma/fma15380	1.0
http://snomed.info/id/421652004	http://purl.org/sig/ont/fma/fma59647	0.90895176
http://snomed.info/id/421663001	http://purl.org/sig/ont/fma/fma30317	0.98930001
http://snomed.info/id/421690005	http://purl.org/sig/ont/fma/fma322451	0.93234992
http://snomed.info/id/42171008	http://purl.org/sig/ont/fma/fma7507	1.0
http://snomed.info/id/42174000	http://purl.org/sig/ont/fma/fma46341	0.93492168
http://snomed.info/id/421740001	http://purl.org/sig/ont/fma/fma322448	0.91022772
http://snomed.info/id/421793000	http://purl.org/sig/ont/fma/fma63982	0.97398609
http://snomed.info/id/421814002	http://purl.org/sig/ont/fma/fma59646	0.90968758
http://snomed.info/id/421861001	http://purl.org/sig/ont/fma/fma234498	1.0
http://snomed.info/id/421878005	http://purl.org/sig/ont/fma/fma264902	0.93126869
http://snomed.info/id/421902006	http://purl.org/sig/ont/fma/fma59705	0.93969899
http://snomed.info/id/421909002	http://purl.org/sig/ont/fma/fma15379	1.0
http://snomed.info/id/421911006	http://purl.org/sig/ont/fma/fma22847	1.0
http://snomed.info/id/421988007	http://purl.org/sig/ont/fma/fma323949	1.0
http://snomed.info/id/42199004	http://purl.org/sig/ont/fma/fma9207	1.0
http://snomed.info/id/421995003	http://purl.org/sig/ont/fma/fma322443	0.92576188
http://snomed.info/id/42203004	http://purl.org/sig/ont/fma/fma65275	1.0
http://snomed.info/id/422057008	http://purl.org/sig/ont/fma/fma64002	0.98299038
http://snomed.info/id/422125005	http://purl.org/sig/ont/fma/fma322447	0.91153091
http://snomed.info/id/422153005	http://purl.org/sig/ont/fma/fma15382	1.0
http://snomed.info/id/42221001	http://purl.org/sig/ont/fma/fma297902	0.97414279
http://snomed.info/id/422258005	http://purl.org/sig/ont/fma/fma52750	0.97766614
http://snomed.info/id/422308000	http://purl.org/sig/ont/fma/fma15383	1.0
http://snomed.info/id/422333002	http://purl.org/sig/ont/fma/fma86347	0.95117861
http://snomed.info/id/422363006	http://purl.org/sig/ont/fma/fma290176	1.0
http://snomed.info/id/422364000	http://purl.org/sig/ont/fma/fma290176	0.93921024
http://snomed.info/id/422365004	http://purl.org/sig/ont/fma/fma290178	1.0
http://snomed.info/id/422366003	http://purl.org/sig/ont/fma/fma290197	0.90721369
http://snomed.info/id/422371005	http://purl.org/sig/ont/fma/fma321614	1.0
http://snomed.info/id/422372003	http://purl.org/sig/ont/fma/fma321614	0.94633824
http://snomed.info/id/422373008	http://purl.org/sig/ont/fma/fma321613	1.0
http://snomed.info/id/422374002	http://purl.org/sig/ont/fma/fma321613	0.95160902
http://snomed.info/id/422430000	http://purl.org/sig/ont/fma/fma62155	0.90050882
http://snomed.info/id/422442005	http://purl.org/sig/ont/fma/fma76529	1.0
http://snomed.info/id/422445007	http://purl.org/sig/ont/fma/fma77541	0.97290862
http://snomed.info/id/422457003	http://purl.org/sig/ont/fma/fma74636	1.0
http://snomed.info/id/422458008	http://purl.org/sig/ont/fma/fma21242	0.90137422
http://snomed.info/id/422473009	http://purl.org/sig/ont/fma/fma14336	0.93502218
http://snomed.info/id/422475002	http://purl.org/sig/ont/fma/fma15387	1.0
http://snomed.info/id/422519001	http://purl.org/sig/ont/fma/fma61910	1.0
http://snomed.info/id/422559003	http://purl.org/sig/ont/fma/fma50913	1.0
http://snomed.info/id/422564004	http://purl.org/sig/ont/fma/fma50857	1.0
http://snomed.info/id/422567006	http://purl.org/sig/ont/fma/fma50944	0.92951494
http://snomed.info/id/42258001	http://purl.org/sig/ont/fma/fma14749	1.0
http://snomed.info/id/422605007	http://purl.org/sig/ont/fma/fma62026	1.0
http://snomed.info/id/422631009	http://purl.org/sig/ont/fma/fma15396	1.0
http://snomed.info/id/42264008	http://purl.org/sig/ont/fma/fma15883	1.0
http://snomed.info/id/422646002	http://purl.org/sig/ont/fma/fma15427	1.0
http://snomed.info/id/422683002	http://purl.org/sig/ont/fma/fma51236	0.90852505
http://snomed.info/id/422689003	http://purl.org/sig/ont/fma/fma22966	1.0
http://snomed.info/id/422709005	http://purl.org/sig/ont/fma/fma321551	1.0
http://snomed.info/id/422727008	http://purl.org/sig/ont/fma/fma84201	1.0
http://snomed.info/id/42275007	http://purl.org/sig/ont/fma/fma55037	1.0
http://snomed.info/id/422755007	http://purl.org/sig/ont/fma/fma52538	1.0
http://snomed.info/id/422812000	http://purl.org/sig/ont/fma/fma73754	0.95816201
http://snomed.info/id/422818001	http://purl.org/sig/ont/fma/fma51006	0.91390085
http://snomed.info/id/42282006	http://purl.org/sig/ont/fma/fma60879	1.0
http://snomed.info/id/422849006	http://purl.org/sig/ont/fma/fma44355	1.0
http://snomed.info/id/422867004	http://purl.org/sig/ont/fma/fma74038	1.0
http://snomed.info/id/422871001	http://purl.org/sig/ont/fma/fma63259	0.92667949
http://snomed.info/id/422897007	http://purl.org/sig/ont/fma/fma73752	0.94452751
http://snomed.info/id/422905005	http://purl.org/sig/ont/fma/fma78037	0.96359694
http://snomed.info/id/422911008	http://purl.org/sig/ont/fma/fma323942	1.0
http://snomed.info/id/42292003	http://purl.org/sig/ont/fma/fma62313	1.0
http://snomed.info/id/422925009	http://purl.org/sig/ont/fma/fma77969	1.0
http://snomed.info/id/422937006	http://purl.org/sig/ont/fma/fma35692	0.90002114
http://snomed.info/id/422955002	http://purl.org/sig/ont/fma/fma52541	1.0
http://snomed.info/id/42298004	http://purl.org/sig/ont/fma/fma15052	1.0
http://snomed.info/id/422987004	http://purl.org/sig/ont/fma/fma14293	1.0
http://snomed.info/id/423019002	http://purl.org/sig/ont/fma/fma321553	1.0
http://snomed.info/id/423097004	http://purl.org/sig/ont/fma/fma44323	1.0
http://snomed.info/id/423140003	http://purl.org/sig/ont/fma/fma78208	1.0
http://snomed.info/id/423152005	http://purl.org/sig/ont/fma/fma21378	1.0
http://snomed.info/id/423153000	http://purl.org/sig/ont/fma/fma51022	1.0
http://snomed.info/id/423186001	http://purl.org/sig/ont/fma/fma51312	1.0
http://snomed.info/id/42320003	http://purl.org/sig/ont/fma/fma19388	1.0
http://snomed.info/id/42321004	http://purl.org/sig/ont/fma/fma15389	1.0
http://snomed.info/id/423213006	http://purl.org/sig/ont/fma/fma256693	1.0
http://snomed.info/id/423227001	http://purl.org/sig/ont/fma/fma18920	1.0
http://snomed.info/id/423256001	http://purl.org/sig/ont/fma/fma22953	1.0
http://snomed.info/id/423313009	http://purl.org/sig/ont/fma/fma37371	1.0
http://snomed.info/id/423339007	http://purl.org/sig/ont/fma/fma50833	0.92030048
http://snomed.info/id/423345004	http://purl.org/sig/ont/fma/fma50996	1.0
http://snomed.info/id/423365006	http://purl.org/sig/ont/fma/fma51328	1.0
http://snomed.info/id/423367003	http://purl.org/sig/ont/fma/fma61913	1.0
http://snomed.info/id/423404006	http://purl.org/sig/ont/fma/fma51892	1.0
http://snomed.info/id/423415001	http://purl.org/sig/ont/fma/fma321553	0.97366703
http://snomed.info/id/423469004	http://purl.org/sig/ont/fma/fma51802	1.0
http://snomed.info/id/423500004	http://purl.org/sig/ont/fma/fma57857	1.0
http://snomed.info/id/423512000	http://purl.org/sig/ont/fma/fma37371	0.90598786
http://snomed.info/id/42352003	http://purl.org/sig/ont/fma/fma323302	1.0
http://snomed.info/id/423522006	http://purl.org/sig/ont/fma/fma82708	0.91793543
http://snomed.info/id/423539008	http://purl.org/sig/ont/fma/fma50952	1.0
http://snomed.info/id/423541009	http://purl.org/sig/ont/fma/fma38478	0.94061917
http://snomed.info/id/423563000	http://purl.org/sig/ont/fma/fma61909	1.0
http://snomed.info/id/423604004	http://purl.org/sig/ont/fma/fma234141	0.91383272
http://snomed.info/id/423616005	http://purl.org/sig/ont/fma/fma51798	1.0
http://snomed.info/id/423721001	http://purl.org/sig/ont/fma/fma15430	1.0
http://snomed.info/id/423747005	http://purl.org/sig/ont/fma/fma75266	1.0
http://snomed.info/id/423806000	http://purl.org/sig/ont/fma/fma51876	1.0
http://snomed.info/id/42384005	http://purl.org/sig/ont/fma/fma50503	0.93028259
http://snomed.info/id/423898008	http://purl.org/sig/ont/fma/fma45084	1.0
http://snomed.info/id/423910001	http://purl.org/sig/ont/fma/fma50907	1.0
http://snomed.info/id/423914005	http://purl.org/sig/ont/fma/fma58459	0.91881973
http://snomed.info/id/423918008	http://purl.org/sig/ont/fma/fma62424	1.0
http://snomed.info/id/423932005	http://purl.org/sig/ont/fma/fma52551	1.0
http://snomed.info/id/423935007	http://purl.org/sig/ont/fma/fma13422	0.91764957
http://snomed.info/id/423951004	http://purl.org/sig/ont/fma/fma42163	0.90326756
http://snomed.info/id/423957000	http://purl.org/sig/ont/fma/fma77033	1.0
http://snomed.info/id/423985003	http://purl.org/sig/ont/fma/fma322582	0.94834399
http://snomed.info/id/42400003	http://purl.org/sig/ont/fma/fma7333	1.0
http://snomed.info/id/424062008	http://purl.org/sig/ont/fma/fma62149	0.9416737
http://snomed.info/id/424070003	http://purl.org/sig/ont/fma/fma45195	0.9794175
http://snomed.info/id/424073001	http://purl.org/sig/ont/fma/fma15392	1.0
http://snomed.info/id/42408005	http://purl.org/sig/ont/fma/fma8677	1.0
http://snomed.info/id/42413009	http://purl.org/sig/ont/fma/fma72239	0.90571862
http://snomed.info/id/424149007	http://purl.org/sig/ont/fma/fma77035	1.0
http://snomed.info/id/424161004	http://purl.org/sig/ont/fma/fma20278	0.94937062
http://snomed.info/id/424168005	http://purl.org/sig/ont/fma/fma21362	1.0
http://snomed.info/id/42420002	http://purl.org/sig/ont/fma/fma10645	1.0
http://snomed.info/id/42424006	http://purl.org/sig/ont/fma/fma224886	0.95215684
http://snomed.info/id/424249002	http://purl.org/sig/ont/fma/fma62828	1.0
http://snomed.info/id/424336009	http://purl.org/sig/ont/fma/fma18899	0.92814726
http://snomed.info/id/424343003	http://purl.org/sig/ont/fma/fma323941	1.0
http://snomed.info/id/424381008	http://purl.org/sig/ont/fma/fma62504	1.0
http://snomed.info/id/424400007	http://purl.org/sig/ont/fma/fma77034	1.0
http://snomed.info/id/424420008	http://purl.org/sig/ont/fma/fma74632	0.93261844
http://snomed.info/id/424436005	http://purl.org/sig/ont/fma/fma76879	0.90112221
http://snomed.info/id/424502002	http://purl.org/sig/ont/fma/fma321552	1.0
http://snomed.info/id/424576003	http://purl.org/sig/ont/fma/fma22961	1.0
http://snomed.info/id/424598007	http://purl.org/sig/ont/fma/fma74635	1.0
http://snomed.info/id/424630009	http://purl.org/sig/ont/fma/fma22930	1.0
http://snomed.info/id/424634000	http://purl.org/sig/ont/fma/fma321648	1.0
http://snomed.info/id/4247003	http://purl.org/sig/ont/fma/fma23899	1.0
http://snomed.info/id/42472007	http://purl.org/sig/ont/fma/fma16647	1.0
http://snomed.info/id/424733003	http://purl.org/sig/ont/fma/fma14317	1.0
http://snomed.info/id/424735005	http://purl.org/sig/ont/fma/fma62221	1.0
http://snomed.info/id/424834002	http://purl.org/sig/ont/fma/fma51798	0.93153173
http://snomed.info/id/424857008	http://purl.org/sig/ont/fma/fma300544	0.93754888
http://snomed.info/id/42487002	http://purl.org/sig/ont/fma/fma26348	1.0
http://snomed.info/id/424873002	http://purl.org/sig/ont/fma/fma59155	0.94557768
http://snomed.info/id/424881001	http://purl.org/sig/ont/fma/fma62169	0.95674509
http://snomed.info/id/424897006	http://purl.org/sig/ont/fma/fma78207	1.0
http://snomed.info/id/424922006	http://purl.org/sig/ont/fma/fma50931	1.0
http://snomed.info/id/42494004	http://purl.org/sig/ont/fma/fma50657	0.93095958
http://snomed.info/id/424972008	http://purl.org/sig/ont/fma/fma45033	0.90603322
http://snomed.info/id/425000005	http://purl.org/sig/ont/fma/fma22832	1.0
http://snomed.info/id/42502008	http://purl.org/sig/ont/fma/fma77027	0.97511572
http://snomed.info/id/425046005	http://purl.org/sig/ont/fma/fma19668	0.95700204
http://snomed.info/id/425069008	http://purl.org/sig/ont/fma/fma78041	0.95367926
http://snomed.info/id/425088001	http://purl.org/sig/ont/fma/fma71209	1.0
http://snomed.info/id/425137001	http://purl.org/sig/ont/fma/fma321551	0.98011124
http://snomed.info/id/425172003	http://purl.org/sig/ont/fma/fma18889	1.0
http://snomed.info/id/425175001	http://purl.org/sig/ont/fma/fma62223	1.0
http://snomed.info/id/425220002	http://purl.org/sig/ont/fma/fma44330	1.0
http://snomed.info/id/425243006	http://purl.org/sig/ont/fma/fma62155	0.97626817
http://snomed.info/id/425257008	http://purl.org/sig/ont/fma/fma316914	0.93136996
http://snomed.info/id/425308008	http://purl.org/sig/ont/fma/fma62024	1.0
http://snomed.info/id/425321001	http://purl.org/sig/ont/fma/fma82709	0.92647648
http://snomed.info/id/425328007	http://purl.org/sig/ont/fma/fma22937	1.0
http://snomed.info/id/425335004	http://purl.org/sig/ont/fma/fma21240	1.0
http://snomed.info/id/425444002	http://purl.org/sig/ont/fma/fma52487	0.94278252
http://snomed.info/id/42575006	http://purl.org/sig/ont/fma/fma54721	1.0
http://snomed.info/id/42578008	http://purl.org/sig/ont/fma/fma51915	1.0
http://snomed.info/id/4258007	http://purl.org/sig/ont/fma/fma44332	1.0
http://snomed.info/id/42586008	http://purl.org/sig/ont/fma/fma63184	0.90582997
http://snomed.info/id/426113009	http://purl.org/sig/ont/fma/fma75445	0.94974875
http://snomed.info/id/42650002	http://purl.org/sig/ont/fma/fma60116	1.0
http://snomed.info/id/426596009	http://purl.org/sig/ont/fma/fma259777	1.0
http://snomed.info/id/42677006	http://purl.org/sig/ont/fma/fma58287	1.0
http://snomed.info/id/426884007	http://purl.org/sig/ont/fma/fma236777	1.0
http://snomed.info/id/42695009	http://purl.org/sig/ont/fma/fma258745	0.94393182
http://snomed.info/id/427087007	http://purl.org/sig/ont/fma/fma24493	1.0
http://snomed.info/id/427217006	http://purl.org/sig/ont/fma/fma22755	0.90977639
http://snomed.info/id/427256000	http://purl.org/sig/ont/fma/fma49992	1.0
http://snomed.info/id/427319007	http://purl.org/sig/ont/fma/fma79785	0.96575749
http://snomed.info/id/427437007	http://purl.org/sig/ont/fma/fma321491	0.9666599
http://snomed.info/id/427580000	http://purl.org/sig/ont/fma/fma259793	1.0
http://snomed.info/id/4276000	http://purl.org/sig/ont/fma/fma26501	1.0
http://snomed.info/id/42762008	http://purl.org/sig/ont/fma/fma71393	1.0
http://snomed.info/id/42764009	http://purl.org/sig/ont/fma/fma70497	0.94976974
http://snomed.info/id/427667007	http://purl.org/sig/ont/fma/fma61889	1.0
http://snomed.info/id/42824004	http://purl.org/sig/ont/fma/fma43761	1.0
http://snomed.info/id/42859004	http://purl.org/sig/ont/fma/fma9595	1.0
http://snomed.info/id/42865004	http://purl.org/sig/ont/fma/fma44595	0.93781787
http://snomed.info/id/42874002	http://purl.org/sig/ont/fma/fma75255	1.0
http://snomed.info/id/42881009	http://purl.org/sig/ont/fma/fma14810	1.0
http://snomed.info/id/42913000	http://purl.org/sig/ont/fma/fma42803	1.0
http://snomed.info/id/42914006	http://purl.org/sig/ont/fma/fma323055	1.0
http://snomed.info/id/42932006	http://purl.org/sig/ont/fma/fma61944	1.0
http://snomed.info/id/42967006	http://purl.org/sig/ont/fma/fma62319	1.0
http://snomed.info/id/42978003	http://purl.org/sig/ont/fma/fma17302	1.0
http://snomed.info/id/42981008	http://purl.org/sig/ont/fma/fma62061	1.0
http://snomed.info/id/42983006	http://purl.org/sig/ont/fma/fma58309	1.0
http://snomed.info/id/429886008	http://purl.org/sig/ont/fma/fma323491	0.95548528
http://snomed.info/id/43023001	http://purl.org/sig/ont/fma/fma66617	0.90010649
http://snomed.info/id/43045000	http://purl.org/sig/ont/fma/fma77672	1.0
http://snomed.info/id/43051005	http://purl.org/sig/ont/fma/fma322712	0.97341406
http://snomed.info/id/43067004	http://purl.org/sig/ont/fma/fma46494	0.96842992
http://snomed.info/id/43070000	http://purl.org/sig/ont/fma/fma75480	1.0
http://snomed.info/id/43081002	http://purl.org/sig/ont/fma/fma23022	0.95259464
http://snomed.info/id/43104006	http://purl.org/sig/ont/fma/fma46700	1.0
http://snomed.info/id/43119007	http://purl.org/sig/ont/fma/fma50084	1.0
http://snomed.info/id/43120001	http://purl.org/sig/ont/fma/fma34944	1.0
http://snomed.info/id/43146002	http://purl.org/sig/ont/fma/fma323289	1.0
http://snomed.info/id/43148001	http://purl.org/sig/ont/fma/fma322572	0.90034109
http://snomed.info/id/431490008	http://purl.org/sig/ont/fma/fma321720	1.0
http://snomed.info/id/43168007	http://purl.org/sig/ont/fma/fma20020	1.0
http://snomed.info/id/4317002	http://purl.org/sig/ont/fma/fma77179	1.0
http://snomed.info/id/43250004	http://purl.org/sig/ont/fma/fma4943	1.0
http://snomed.info/id/43279006	http://purl.org/sig/ont/fma/fma6872	1.0
http://snomed.info/id/43286003	http://purl.org/sig/ont/fma/fma50016	0.9477967
http://snomed.info/id/43291002	http://purl.org/sig/ont/fma/fma52246	1.0
http://snomed.info/id/43298008	http://purl.org/sig/ont/fma/fma19972	1.0
http://snomed.info/id/43330000	http://purl.org/sig/ont/fma/fma45015	0.93783993
http://snomed.info/id/43380006	http://purl.org/sig/ont/fma/fma18839	0.93054163
http://snomed.info/id/43407007	http://purl.org/sig/ont/fma/fma42550	0.92374426
http://snomed.info/id/43438008	http://purl.org/sig/ont/fma/fma22535	0.9217732
http://snomed.info/id/43439000	http://purl.org/sig/ont/fma/fma53056	1.0
http://snomed.info/id/43466000	http://purl.org/sig/ont/fma/fma74634	1.0
http://snomed.info/id/43487005	http://purl.org/sig/ont/fma/fma323964	0.9751333
http://snomed.info/id/43501006	http://purl.org/sig/ont/fma/fma321941	1.0
http://snomed.info/id/43502004	http://purl.org/sig/ont/fma/fma45012	0.93184471
http://snomed.info/id/43511004	http://purl.org/sig/ont/fma/fma77033	0.92553306
http://snomed.info/id/43542009	http://purl.org/sig/ont/fma/fma65535	1.0
http://snomed.info/id/43545006	http://purl.org/sig/ont/fma/fma55448	1.0
http://snomed.info/id/43558007	http://purl.org/sig/ont/fma/fma39988	1.0
http://snomed.info/id/43563006	http://purl.org/sig/ont/fma/fma323342	0.98812062
http://snomed.info/id/4360006	http://purl.org/sig/ont/fma/fma277107	0.91085815
http://snomed.info/id/43671000	http://purl.org/sig/ont/fma/fma75476	1.0
http://snomed.info/id/43672007	http://purl.org/sig/ont/fma/fma39145	1.0
http://snomed.info/id/43693005	http://purl.org/sig/ont/fma/fma14996	1.0
http://snomed.info/id/43737004	http://purl.org/sig/ont/fma/fma45033	0.94824034
http://snomed.info/id/4375003	http://purl.org/sig/ont/fma/fma323071	1.0
http://snomed.info/id/43764003	http://purl.org/sig/ont/fma/fma323261	0.94203418
http://snomed.info/id/4377006	http://purl.org/sig/ont/fma/fma62166	1.0
http://snomed.info/id/43796006	http://purl.org/sig/ont/fma/fma76746	0.94986445
http://snomed.info/id/43825009	http://purl.org/sig/ont/fma/fma322578	0.9218809
http://snomed.info/id/43845001	http://purl.org/sig/ont/fma/fma58526	1.0
http://snomed.info/id/43851006	http://purl.org/sig/ont/fma/fma7508	1.0
http://snomed.info/id/43863001	http://purl.org/sig/ont/fma/fma49916	1.0
http://snomed.info/id/43870001	http://purl.org/sig/ont/fma/fma60512	0.96394986
http://snomed.info/id/43899006	http://purl.org/sig/ont/fma/fma77155	1.0
http://snomed.info/id/43903004	http://purl.org/sig/ont/fma/fma15825	1.0
http://snomed.info/id/43926006	http://purl.org/sig/ont/fma/fma78493	1.0
http://snomed.info/id/43933006	http://purl.org/sig/ont/fma/fma46730	1.0
http://snomed.info/id/43937007	http://purl.org/sig/ont/fma/fma29839	0.95388734
http://snomed.info/id/4394008	http://purl.org/sig/ont/fma/fma61269	1.0
http://snomed.info/id/43951007	http://purl.org/sig/ont/fma/fma58715	1.0
http://snomed.info/id/43973000	http://purl.org/sig/ont/fma/fma32937	1.0
http://snomed.info/id/43981004	http://purl.org/sig/ont/fma/fma7214	1.0
http://snomed.info/id/43991005	http://purl.org/sig/ont/fma/fma322882	0.99750698
http://snomed.info/id/44024001	http://purl.org/sig/ont/fma/fma3860	1.0
http://snomed.info/id/44029006	http://purl.org/sig/ont/fma/fma7310	1.0
http://snomed.info/id/44091000	http://purl.org/sig/ont/fma/fma10034	1.0
http://snomed.info/id/44146006	http://purl.org/sig/ont/fma/fma322847	0.94735634
http://snomed.info/id/441501004	http://purl.org/sig/ont/fma/fma49054	1.0
http://snomed.info/id/441514003	http://purl.org/sig/ont/fma/fma49055	1.0
http://snomed.info/id/441653003	http://purl.org/sig/ont/fma/fma59866	1.0
http://snomed.info/id/441663006	http://purl.org/sig/ont/fma/fma59867	1.0
http://snomed.info/id/441664000	http://purl.org/sig/ont/fma/fma49056	1.0
http://snomed.info/id/44178003	http://purl.org/sig/ont/fma/fma59798	1.0
http://snomed.info/id/44202005	http://purl.org/sig/ont/fma/fma37664	1.0
http://snomed.info/id/442068004	http://purl.org/sig/ont/fma/fma49057	1.0
http://snomed.info/id/442100006	http://purl.org/sig/ont/fma/fma321754	1.0
http://snomed.info/id/442129008	http://purl.org/sig/ont/fma/fma61261	0.94566047
http://snomed.info/id/44222009	http://purl.org/sig/ont/fma/fma22829	1.0
http://snomed.info/id/442274007	http://purl.org/sig/ont/fma/fma321753	1.0
http://snomed.info/id/442396004	http://purl.org/sig/ont/fma/fma61260	0.92031872
http://snomed.info/id/44249009	http://purl.org/sig/ont/fma/fma46753	1.0
http://snomed.info/id/44285009	http://purl.org/sig/ont/fma/fma24931	0.96682477
http://snomed.info/id/4430002	http://purl.org/sig/ont/fma/fma54752	1.0
http://snomed.info/id/44310009	http://purl.org/sig/ont/fma/fma50382	0.92866611
http://snomed.info/id/443113009	http://purl.org/sig/ont/fma/fma3840	1.0
http://snomed.info/id/44314000	http://purl.org/sig/ont/fma/fma30627	0.90207505
http://snomed.info/id/443281009	http://purl.org/sig/ont/fma/fma3768	0.90542126
http://snomed.info/id/44334004	http://purl.org/sig/ont/fma/fma9960	1.0
http://snomed.info/id/44335003	http://purl.org/sig/ont/fma/fma46691	1.0
http://snomed.info/id/44351006	http://purl.org/sig/ont/fma/fma322666	1.0
http://snomed.info/id/44365008	http://purl.org/sig/ont/fma/fma14944	1.0
http://snomed.info/id/44367000	http://purl.org/sig/ont/fma/fma8663	1.0
http://snomed.info/id/44375006	http://purl.org/sig/ont/fma/fma72633	1.0
http://snomed.info/id/44392002	http://purl.org/sig/ont/fma/fma16183	1.0
http://snomed.info/id/44419009	http://purl.org/sig/ont/fma/fma322572	0.95546615
http://snomed.info/id/44466008	http://purl.org/sig/ont/fma/fma44582	1.0
http://snomed.info/id/44467004	http://purl.org/sig/ont/fma/fma323327	0.97061187
http://snomed.info/id/44487003	http://purl.org/sig/ont/fma/fma74998	1.0
http://snomed.info/id/44528007	http://purl.org/sig/ont/fma/fma61891	1.0
http://snomed.info/id/44544003	http://purl.org/sig/ont/fma/fma46316	1.0
http://snomed.info/id/44557006	http://purl.org/sig/ont/fma/fma7054	1.0
http://snomed.info/id/44561000	http://purl.org/sig/ont/fma/fma70367	1.0
http://snomed.info/id/44571003	http://purl.org/sig/ont/fma/fma76823	1.0
http://snomed.info/id/44587000	http://purl.org/sig/ont/fma/fma9257	1.0
http://snomed.info/id/44597009	http://purl.org/sig/ont/fma/fma274522	0.9903149
http://snomed.info/id/446003	http://purl.org/sig/ont/fma/fma43581	0.95171577
http://snomed.info/id/44612009	http://purl.org/sig/ont/fma/fma7547	1.0
http://snomed.info/id/44614005	http://purl.org/sig/ont/fma/fma323263	0.96283948
http://snomed.info/id/44625001	http://purl.org/sig/ont/fma/fma82581	0.92340571
http://snomed.info/id/44650003	http://purl.org/sig/ont/fma/fma71408	1.0
http://snomed.info/id/44670009	http://purl.org/sig/ont/fma/fma321544	1.0
http://snomed.info/id/44682000	http://purl.org/sig/ont/fma/fma323307	0.9104538
http://snomed.info/id/44714003	http://purl.org/sig/ont/fma/fma7370	1.0
http://snomed.info/id/44718000	http://purl.org/sig/ont/fma/fma242157	1.0
http://snomed.info/id/44735001	http://purl.org/sig/ont/fma/fma14664	1.0
http://snomed.info/id/44755000	http://purl.org/sig/ont/fma/fma321457	1.0
http://snomed.info/id/44788007	http://purl.org/sig/ont/fma/fma74278	1.0
http://snomed.info/id/44830000	http://purl.org/sig/ont/fma/fma43926	1.0
http://snomed.info/id/44848009	http://purl.org/sig/ont/fma/fma23759	1.0
http://snomed.info/id/44853004	http://purl.org/sig/ont/fma/fma322632	0.93098867
http://snomed.info/id/44859000	http://purl.org/sig/ont/fma/fma58581	1.0
http://snomed.info/id/44862002	http://purl.org/sig/ont/fma/fma323390	1.0
http://snomed.info/id/44864001	http://purl.org/sig/ont/fma/fma58517	0.91835064
http://snomed.info/id/44866004	http://purl.org/sig/ont/fma/fma46777	1.0
http://snomed.info/id/44867008	http://purl.org/sig/ont/fma/fma82584	0.92041749
http://snomed.info/id/44888004	http://purl.org/sig/ont/fma/fma321943	1.0
http://snomed.info/id/44894007	http://purl.org/sig/ont/fma/fma50488	0.92491341
http://snomed.info/id/44909008	http://purl.org/sig/ont/fma/fma6258	1.0
http://snomed.info/id/44914007	http://purl.org/sig/ont/fma/fma44311	0.98507369
http://snomed.info/id/44928001	http://purl.org/sig/ont/fma/fma61921	1.0
http://snomed.info/id/44929009	http://purl.org/sig/ont/fma/fma44948	0.93342501
http://snomed.info/id/44935009	http://purl.org/sig/ont/fma/fma55304	1.0
http://snomed.info/id/44947003	http://purl.org/sig/ont/fma/fma71302	0.9676832
http://snomed.info/id/44980005	http://purl.org/sig/ont/fma/fma14651	1.0
http://snomed.info/id/44981009	http://purl.org/sig/ont/fma/fma19626	1.0
http://snomed.info/id/44984001	http://purl.org/sig/ont/fma/fma22796	1.0
http://snomed.info/id/44985000	http://purl.org/sig/ont/fma/fma256530	1.0
http://snomed.info/id/44989006	http://purl.org/sig/ont/fma/fma59809	1.0
http://snomed.info/id/45013007	http://purl.org/sig/ont/fma/fma302191	1.0
http://snomed.info/id/45040007	http://purl.org/sig/ont/fma/fma58600	1.0
http://snomed.info/id/450430009	http://purl.org/sig/ont/fma/fma76623	1.0
http://snomed.info/id/450693000	http://purl.org/sig/ont/fma/fma321765	0.95906252
http://snomed.info/id/450722007	http://purl.org/sig/ont/fma/fma322020	1.0
http://snomed.info/id/450723002	http://purl.org/sig/ont/fma/fma322020	0.93730664
http://snomed.info/id/450725009	http://purl.org/sig/ont/fma/fma45177	0.92912549
http://snomed.info/id/45078009	http://purl.org/sig/ont/fma/fma322231	0.95167136
http://snomed.info/id/45208001	http://purl.org/sig/ont/fma/fma55636	1.0
http://snomed.info/id/4524000	http://purl.org/sig/ont/fma/fma61917	1.0
http://snomed.info/id/45242005	http://purl.org/sig/ont/fma/fma50518	1.0
http://snomed.info/id/45272004	http://purl.org/sig/ont/fma/fma5907	1.0
http://snomed.info/id/45287009	http://purl.org/sig/ont/fma/fma13402	1.0
http://snomed.info/id/45289007	http://purl.org/sig/ont/fma/fma59790	1.0
http://snomed.info/id/45324002	http://purl.org/sig/ont/fma/fma7253	1.0
http://snomed.info/id/45329007	http://purl.org/sig/ont/fma/fma76876	0.94720805
http://snomed.info/id/45341000	http://purl.org/sig/ont/fma/fma8615	1.0
http://snomed.info/id/45343002	http://purl.org/sig/ont/fma/fma256194	1.0
http://snomed.info/id/4537002	http://purl.org/sig/ont/fma/fma62079	1.0
http://snomed.info/id/45398007	http://purl.org/sig/ont/fma/fma32890	1.0
http://snomed.info/id/45408004	http://purl.org/sig/ont/fma/fma72617	0.96778142
http://snomed.info/id/45461007	http://purl.org/sig/ont/fma/fma10051	1.0
http://snomed.info/id/45480009	http://purl.org/sig/ont/fma/fma63235	0.96573085
http://snomed.info/id/45531002	http://purl.org/sig/ont/fma/fma19653	0.94472575
http://snomed.info/id/45591000	http://purl.org/sig/ont/fma/fma322676	0.97337675
http://snomed.info/id/45592007	http://purl.org/sig/ont/fma/fma62183	0.90905786
http://snomed.info/id/45593002	http://purl.org/sig/ont/fma/fma72307	0.94809252
http://snomed.info/id/45599003	http://purl.org/sig/ont/fma/fma322748	0.94923443
http://snomed.info/id/45631007	http://purl.org/sig/ont/fma/fma22730	1.0
http://snomed.info/id/45653009	http://purl.org/sig/ont/fma/fma7334	1.0
http://snomed.info/id/4566004	http://purl.org/sig/ont/fma/fma83966	1.0
http://snomed.info/id/45675006	http://purl.org/sig/ont/fma/fma10000	1.0
http://snomed.info/id/45679000	http://purl.org/sig/ont/fma/fma16620	0.90762371
http://snomed.info/id/45683000	http://purl.org/sig/ont/fma/fma49641	1.0
http://snomed.info/id/45684006	http://purl.org/sig/ont/fma/fma19035	1.0
http://snomed.info/id/457008	http://purl.org/sig/ont/fma/fma44600	0.90706259
http://snomed.info/id/457281000124109	http://purl.org/sig/ont/fma/fma58079	1.0
http://snomed.info/id/457291000124107	http://purl.org/sig/ont/fma/fma58077	1.0
http://snomed.info/id/45750000	http://purl.org/sig/ont/fma/fma322812	0.93564981
http://snomed.info/id/4578000	http://purl.org/sig/ont/fma/fma37797	0.95185524
http://snomed.info/id/4583008	http://purl.org/sig/ont/fma/fma77180	0.94624609
http://snomed.info/id/45836004	http://purl.org/sig/ont/fma/fma7400	1.0
http://snomed.info/id/45875008	http://purl.org/sig/ont/fma/fma275544	0.91785014
http://snomed.info/id/45876009	http://purl.org/sig/ont/fma/fma322066	1.0
http://snomed.info/id/45879002	http://purl.org/sig/ont/fma/fma35463	1.0
http://snomed.info/id/458791000124101	http://purl.org/sig/ont/fma/fma48998	1.0
http://snomed.info/id/4588004	http://purl.org/sig/ont/fma/fma65218	1.0
http://snomed.info/id/458801000124100	http://purl.org/sig/ont/fma/fma48997	1.0
http://snomed.info/id/45892004	http://purl.org/sig/ont/fma/fma74274	0.96650714
http://snomed.info/id/458971000124100	http://purl.org/sig/ont/fma/fma23256	1.0
http://snomed.info/id/458981000124102	http://purl.org/sig/ont/fma/fma23255	1.0
http://snomed.info/id/459071000124105	http://purl.org/sig/ont/fma/fma52102	0.9451583
http://snomed.info/id/459081000124108	http://purl.org/sig/ont/fma/fma52101	0.94003481
http://snomed.info/id/459331000124105	http://purl.org/sig/ont/fma/fma323345	0.93996602
http://snomed.info/id/45949005	http://purl.org/sig/ont/fma/fma49771	0.95674413
http://snomed.info/id/45950005	http://purl.org/sig/ont/fma/fma58688	1.0
http://snomed.info/id/45980000	http://purl.org/sig/ont/fma/fma300612	0.95555574
http://snomed.info/id/45981001	http://purl.org/sig/ont/fma/fma300373	0.90555185
http://snomed.info/id/46005001	http://purl.org/sig/ont/fma/fma286146	1.0
http://snomed.info/id/46027005	http://purl.org/sig/ont/fma/fma14333	1.0
http://snomed.info/id/46030003	http://purl.org/sig/ont/fma/fma7234	1.0
http://snomed.info/id/4603002	http://purl.org/sig/ont/fma/fma32888	1.0
http://snomed.info/id/46055009	http://purl.org/sig/ont/fma/fma61229	1.0
http://snomed.info/id/46067006	http://purl.org/sig/ont/fma/fma72432	1.0
http://snomed.info/id/46086003	http://purl.org/sig/ont/fma/fma59585	1.0
http://snomed.info/id/461002	http://purl.org/sig/ont/fma/fma72635	1.0
http://snomed.info/id/46105003	http://purl.org/sig/ont/fma/fma55457	1.0
http://snomed.info/id/46119003	http://purl.org/sig/ont/fma/fma49828	1.0
http://snomed.info/id/46148009	http://purl.org/sig/ont/fma/fma7380	1.0
http://snomed.info/id/46157003	http://purl.org/sig/ont/fma/fma16620	1.0
http://snomed.info/id/46163007	http://purl.org/sig/ont/fma/fma46281	0.98799616
http://snomed.info/id/4621004	http://purl.org/sig/ont/fma/fma23393	1.0
http://snomed.info/id/4624007	http://purl.org/sig/ont/fma/fma323378	1.0
http://snomed.info/id/462561000124108	http://purl.org/sig/ont/fma/fma50583	0.91025782
http://snomed.info/id/46267004	http://purl.org/sig/ont/fma/fma22797	0.95025742
http://snomed.info/id/46294000	http://purl.org/sig/ont/fma/fma75684	0.90873057
http://snomed.info/id/46312003	http://purl.org/sig/ont/fma/fma61038	1.0
http://snomed.info/id/46315001	http://purl.org/sig/ont/fma/fma5862	1.0
http://snomed.info/id/46353006	http://purl.org/sig/ont/fma/fma59835	0.95243436
http://snomed.info/id/46389003	http://purl.org/sig/ont/fma/fma22706	1.0
http://snomed.info/id/4639008	http://purl.org/sig/ont/fma/fma86294	0.91908044
http://snomed.info/id/46410005	http://purl.org/sig/ont/fma/fma9958	1.0
http://snomed.info/id/46427002	http://purl.org/sig/ont/fma/fma49474	1.0
http://snomed.info/id/46454004	http://purl.org/sig/ont/fma/fma7592	1.0
http://snomed.info/id/46482006	http://purl.org/sig/ont/fma/fma8662	1.0
http://snomed.info/id/4651005	http://purl.org/sig/ont/fma/fma19631	1.0
http://snomed.info/id/46563004	http://purl.org/sig/ont/fma/fma74654	1.0
http://snomed.info/id/46584009	http://purl.org/sig/ont/fma/fma14296	1.0
http://snomed.info/id/46607005	http://purl.org/sig/ont/fma/fma57456	1.0
http://snomed.info/id/46620008	http://purl.org/sig/ont/fma/fma69329	1.0
http://snomed.info/id/46632007	http://purl.org/sig/ont/fma/fma12162	1.0
http://snomed.info/id/46636005	http://purl.org/sig/ont/fma/fma77302	0.90777683
http://snomed.info/id/466551000124105	http://purl.org/sig/ont/fma/fma13306	1.0
http://snomed.info/id/46686004	http://purl.org/sig/ont/fma/fma50800	1.0
http://snomed.info/id/46688003	http://purl.org/sig/ont/fma/fma323222	0.91770208
http://snomed.info/id/46704009	http://purl.org/sig/ont/fma/fma3938	1.0
http://snomed.info/id/46715004	http://purl.org/sig/ont/fma/fma55031	0.91988581
http://snomed.info/id/46807008	http://purl.org/sig/ont/fma/fma7241	1.0
http://snomed.info/id/468291000124101	http://purl.org/sig/ont/fma/fma231395	1.0
http://snomed.info/id/468301000124100	http://purl.org/sig/ont/fma/fma231393	1.0
http://snomed.info/id/46844008	http://purl.org/sig/ont/fma/fma32946	1.0
http://snomed.info/id/46926004	http://purl.org/sig/ont/fma/fma59863	1.0
http://snomed.info/id/46929006	http://purl.org/sig/ont/fma/fma15849	1.0
http://snomed.info/id/46967009	http://purl.org/sig/ont/fma/fma77261	1.0
http://snomed.info/id/46971007	http://purl.org/sig/ont/fma/fma42998	1.0
http://snomed.info/id/47001001	http://purl.org/sig/ont/fma/fma322957	0.99445963
http://snomed.info/id/47022007	http://purl.org/sig/ont/fma/fma62036	1.0
http://snomed.info/id/47046000	http://purl.org/sig/ont/fma/fma17233	1.0
http://snomed.info/id/47057005	http://purl.org/sig/ont/fma/fma7603	1.0
http://snomed.info/id/47067000	http://purl.org/sig/ont/fma/fma49567	1.0
http://snomed.info/id/471000	http://purl.org/sig/ont/fma/fma22593	1.0
http://snomed.info/id/47109002	http://purl.org/sig/ont/fma/fma275964	1.0
http://snomed.info/id/47155000	http://purl.org/sig/ont/fma/fma58685	1.0
http://snomed.info/id/47160001	http://purl.org/sig/ont/fma/fma50910	1.0
http://snomed.info/id/47170004	http://purl.org/sig/ont/fma/fma61953	1.0
http://snomed.info/id/47173002	http://purl.org/sig/ont/fma/fma7478	1.0
http://snomed.info/id/4718009	http://purl.org/sig/ont/fma/fma50796	0.9310233
http://snomed.info/id/47182008	http://purl.org/sig/ont/fma/fma20886	1.0
http://snomed.info/id/47221007	http://purl.org/sig/ont/fma/fma323052	1.0
http://snomed.info/id/47224004	http://purl.org/sig/ont/fma/fma37840	0.97137135
http://snomed.info/id/47239003	http://purl.org/sig/ont/fma/fma322735	0.92793095
http://snomed.info/id/47246007	http://purl.org/sig/ont/fma/fma322823	1.0
http://snomed.info/id/472907004	http://purl.org/sig/ont/fma/fma62102	1.0
http://snomed.info/id/472908009	http://purl.org/sig/ont/fma/fma58066	0.91877335
http://snomed.info/id/472910006	http://purl.org/sig/ont/fma/fma67779	0.93922275
http://snomed.info/id/472911005	http://purl.org/sig/ont/fma/fma67779	0.90621644
http://snomed.info/id/472912003	http://purl.org/sig/ont/fma/fma62102	0.94754195
http://snomed.info/id/472913008	http://purl.org/sig/ont/fma/fma67791	0.93996495
http://snomed.info/id/472914002	http://purl.org/sig/ont/fma/fma74455	0.92183053
http://snomed.info/id/47325000	http://purl.org/sig/ont/fma/fma69236	1.0
http://snomed.info/id/473448003	http://purl.org/sig/ont/fma/fma66464	0.90589404
http://snomed.info/id/47346009	http://purl.org/sig/ont/fma/fma50938	1.0
http://snomed.info/id/47361005	http://purl.org/sig/ont/fma/fma54505	1.0
http://snomed.info/id/47395009	http://purl.org/sig/ont/fma/fma75503	0.93972814
http://snomed.info/id/4743003	http://purl.org/sig/ont/fma/fma21500	1.0
http://snomed.info/id/47467005	http://purl.org/sig/ont/fma/fma46340	0.92799252
http://snomed.info/id/47471008	http://purl.org/sig/ont/fma/fma44227	1.0
http://snomed.info/id/47480008	http://purl.org/sig/ont/fma/fma52846	1.0
http://snomed.info/id/47489009	http://purl.org/sig/ont/fma/fma15044	1.0
http://snomed.info/id/47498007	http://purl.org/sig/ont/fma/fma14757	1.0
http://snomed.info/id/47536006	http://purl.org/sig/ont/fma/fma76520	1.0
http://snomed.info/id/47538007	http://purl.org/sig/ont/fma/fma58827	1.0
http://snomed.info/id/47554005	http://purl.org/sig/ont/fma/fma15043	1.0
http://snomed.info/id/47570007	http://purl.org/sig/ont/fma/fma8502	1.0
http://snomed.info/id/47576001	http://purl.org/sig/ont/fma/fma16138	1.0
http://snomed.info/id/4759003	http://purl.org/sig/ont/fma/fma22319	1.0
http://snomed.info/id/47606005	http://purl.org/sig/ont/fma/fma16552	1.0
http://snomed.info/id/47612000	http://purl.org/sig/ont/fma/fma77272	0.92822266
http://snomed.info/id/47629002	http://purl.org/sig/ont/fma/fma4060	1.0
http://snomed.info/id/47636001	http://purl.org/sig/ont/fma/fma77735	0.94249183
http://snomed.info/id/47640005	http://purl.org/sig/ont/fma/fma72593	1.0
http://snomed.info/id/47658004	http://purl.org/sig/ont/fma/fma66610	1.0
http://snomed.info/id/4768001	http://purl.org/sig/ont/fma/fma21866	1.0
http://snomed.info/id/47697007	http://purl.org/sig/ont/fma/fma50794	0.94354165
http://snomed.info/id/47720007	http://purl.org/sig/ont/fma/fma63059	1.0
http://snomed.info/id/47727005	http://purl.org/sig/ont/fma/fma323330	0.97906965
http://snomed.info/id/47728000	http://purl.org/sig/ont/fma/fma33786	0.93377292
http://snomed.info/id/4774001	http://purl.org/sig/ont/fma/fma291236	0.95942181
http://snomed.info/id/47742008	http://purl.org/sig/ont/fma/fma14538	1.0
http://snomed.info/id/47744009	http://purl.org/sig/ont/fma/fma60066	1.0
http://snomed.info/id/4775000	http://purl.org/sig/ont/fma/fma62199	1.0
http://snomed.info/id/47781008	http://purl.org/sig/ont/fma/fma64036	1.0
http://snomed.info/id/47785004	http://purl.org/sig/ont/fma/fma49477	1.0
http://snomed.info/id/47822008	http://purl.org/sig/ont/fma/fma7646	1.0
http://snomed.info/id/47824009	http://purl.org/sig/ont/fma/fma50030	0.92845225
http://snomed.info/id/47831008	http://purl.org/sig/ont/fma/fma44392	1.0
http://snomed.info/id/47856002	http://purl.org/sig/ont/fma/fma19794	1.0
http://snomed.info/id/47866005	http://purl.org/sig/ont/fma/fma322816	0.965132
http://snomed.info/id/47869003	http://purl.org/sig/ont/fma/fma49036	1.0
http://snomed.info/id/47870002	http://purl.org/sig/ont/fma/fma323259	0.94991791
http://snomed.info/id/47876008	http://purl.org/sig/ont/fma/fma72973	1.0
http://snomed.info/id/47879001	http://purl.org/sig/ont/fma/fma15892	1.0
http://snomed.info/id/47881004	http://purl.org/sig/ont/fma/fma6643	1.0
http://snomed.info/id/47921002	http://purl.org/sig/ont/fma/fma38206	0.92522508
http://snomed.info/id/47945003	http://purl.org/sig/ont/fma/fma50944	0.91581106
http://snomed.info/id/47947006	http://purl.org/sig/ont/fma/fma74515	0.94031918
http://snomed.info/id/47954000	http://purl.org/sig/ont/fma/fma20738	0.9497748
http://snomed.info/id/47960000	http://purl.org/sig/ont/fma/fma322389	0.91084182
http://snomed.info/id/47975008	http://purl.org/sig/ont/fma/fma54645	1.0
http://snomed.info/id/47984008	http://purl.org/sig/ont/fma/fma38202	0.98042089
http://snomed.info/id/47985009	http://purl.org/sig/ont/fma/fma12792	1.0
http://snomed.info/id/48004006	http://purl.org/sig/ont/fma/fma20173	1.0
http://snomed.info/id/48014002	http://purl.org/sig/ont/fma/fma78531	0.96621698
http://snomed.info/id/48017009	http://purl.org/sig/ont/fma/fma46647	0.93957925
http://snomed.info/id/48021002	http://purl.org/sig/ont/fma/fma10049	1.0
http://snomed.info/id/48025006	http://purl.org/sig/ont/fma/fma15811	1.0
http://snomed.info/id/48027003	http://purl.org/sig/ont/fma/fma322627	0.98173565
http://snomed.info/id/48048001	http://purl.org/sig/ont/fma/fma45045	0.92670512
http://snomed.info/id/48065005	http://purl.org/sig/ont/fma/fma59803	1.0
http://snomed.info/id/48081000	http://purl.org/sig/ont/fma/fma20175	1.0
http://snomed.info/id/48098000	http://purl.org/sig/ont/fma/fma19795	1.0
http://snomed.info/id/4810005	http://purl.org/sig/ont/fma/fma29712	1.0
http://snomed.info/id/48147009	http://purl.org/sig/ont/fma/fma19235	1.0
http://snomed.info/id/48164007	http://purl.org/sig/ont/fma/fma53250	1.0
http://snomed.info/id/48239000	http://purl.org/sig/ont/fma/fma14652	1.0
http://snomed.info/id/48259001	http://purl.org/sig/ont/fma/fma31894	1.0
http://snomed.info/id/48288000	http://purl.org/sig/ont/fma/fma323329	0.99218154
http://snomed.info/id/48316008	http://purl.org/sig/ont/fma/fma20417	1.0
http://snomed.info/id/48338005	http://purl.org/sig/ont/fma/fma14550	1.0
http://snomed.info/id/48345005	http://purl.org/sig/ont/fma/fma4720	1.0
http://snomed.info/id/48356005	http://purl.org/sig/ont/fma/fma72431	0.90757853
http://snomed.info/id/48363005	http://purl.org/sig/ont/fma/fma55633	1.0
http://snomed.info/id/48368001	http://purl.org/sig/ont/fma/fma323334	0.93467087
http://snomed.info/id/48405002	http://purl.org/sig/ont/fma/fma10038	1.0
http://snomed.info/id/48419002	http://purl.org/sig/ont/fma/fma49962	0.96609843
http://snomed.info/id/48454009	http://purl.org/sig/ont/fma/fma32916	1.0
http://snomed.info/id/48456006	http://purl.org/sig/ont/fma/fma73983	0.95942646
http://snomed.info/id/48459004	http://purl.org/sig/ont/fma/fma74886	1.0
http://snomed.info/id/48461008	http://purl.org/sig/ont/fma/fma10032	1.0
http://snomed.info/id/48462001	http://purl.org/sig/ont/fma/fma50978	1.0
http://snomed.info/id/48467007	http://purl.org/sig/ont/fma/fma74434	0.96035588
http://snomed.info/id/48477009	http://purl.org/sig/ont/fma/fma59816	1.0
http://snomed.info/id/485005	http://purl.org/sig/ont/fma/fma14546	1.0
http://snomed.info/id/48521005	http://purl.org/sig/ont/fma/fma15809	1.0
http://snomed.info/id/48536008	http://purl.org/sig/ont/fma/fma15820	0.92450339
http://snomed.info/id/48557000	http://purl.org/sig/ont/fma/fma21539	1.0
http://snomed.info/id/48563009	http://purl.org/sig/ont/fma/fma6636	1.0
http://snomed.info/id/48568000	http://purl.org/sig/ont/fma/fma322918	1.0
http://snomed.info/id/48579005	http://purl.org/sig/ont/fma/fma50826	0.91008216
http://snomed.info/id/48598007	http://purl.org/sig/ont/fma/fma32526	1.0
http://snomed.info/id/48622008	http://purl.org/sig/ont/fma/fma19731	1.0
http://snomed.info/id/48623003	http://purl.org/sig/ont/fma/fma321465	1.0
http://snomed.info/id/48624009	http://purl.org/sig/ont/fma/fma322913	1.0
http://snomed.info/id/48628007	http://purl.org/sig/ont/fma/fma52504	1.0
http://snomed.info/id/4866005	http://purl.org/sig/ont/fma/fma46620	1.0
http://snomed.info/id/4871003	http://purl.org/sig/ont/fma/fma312367	0.95116466
http://snomed.info/id/48712007	http://purl.org/sig/ont/fma/fma43904	1.0
http://snomed.info/id/48781005	http://purl.org/sig/ont/fma/fma15813	1.0
http://snomed.info/id/48800003	http://purl.org/sig/ont/fma/fma60984	1.0
http://snomed.info/id/4881004	http://purl.org/sig/ont/fma/fma50836	0.93953532
http://snomed.info/id/48852002	http://purl.org/sig/ont/fma/fma53107	1.0
http://snomed.info/id/48856004	http://purl.org/sig/ont/fma/fma322575	0.94512725
http://snomed.info/id/48876005	http://purl.org/sig/ont/fma/fma7622	0.90954256
http://snomed.info/id/48879003	http://purl.org/sig/ont/fma/fma73944	1.0
http://snomed.info/id/4888005	http://purl.org/sig/ont/fma/fma272201	0.95361549
http://snomed.info/id/48907001	http://purl.org/sig/ont/fma/fma6283	1.0
http://snomed.info/id/48913005	http://purl.org/sig/ont/fma/fma21279	0.90266681
http://snomed.info/id/48918001	http://purl.org/sig/ont/fma/fma61222	1.0
http://snomed.info/id/48928005	http://purl.org/sig/ont/fma/fma23962	1.0
http://snomed.info/id/48955001	http://purl.org/sig/ont/fma/fma9242	1.0
http://snomed.info/id/48960002	http://purl.org/sig/ont/fma/fma16166	1.0
http://snomed.info/id/48977002	http://purl.org/sig/ont/fma/fma56735	1.0
http://snomed.info/id/48979004	http://purl.org/sig/ont/fma/fma24981	0.98257989
http://snomed.info/id/48987003	http://purl.org/sig/ont/fma/fma321472	1.0
http://snomed.info/id/4905007	http://purl.org/sig/ont/fma/fma6648	1.0
http://snomed.info/id/4906008	http://purl.org/sig/ont/fma/fma55711	1.0
http://snomed.info/id/49082002	http://purl.org/sig/ont/fma/fma4714	1.0
http://snomed.info/id/49090002	http://purl.org/sig/ont/fma/fma321463	1.0
http://snomed.info/id/49091003	http://purl.org/sig/ont/fma/fma51998	0.91918802
http://snomed.info/id/49094006	http://purl.org/sig/ont/fma/fma322824	1.0
http://snomed.info/id/49129006	http://purl.org/sig/ont/fma/fma71441	1.0
http://snomed.info/id/49131002	http://purl.org/sig/ont/fma/fma83707	1.0
http://snomed.info/id/49147000	http://purl.org/sig/ont/fma/fma46802	1.0
http://snomed.info/id/49152005	http://purl.org/sig/ont/fma/fma76873	1.0
http://snomed.info/id/49175003	http://purl.org/sig/ont/fma/fma269219	0.92570347
http://snomed.info/id/49178001	http://purl.org/sig/ont/fma/fma22702	1.0
http://snomed.info/id/49200000	http://purl.org/sig/ont/fma/fma59332	1.0
http://snomed.info/id/49243008	http://purl.org/sig/ont/fma/fma62324	1.0
http://snomed.info/id/49246000	http://purl.org/sig/ont/fma/fma77574	0.92744088
http://snomed.info/id/49253009	http://purl.org/sig/ont/fma/fma15399	1.0
http://snomed.info/id/49256001	http://purl.org/sig/ont/fma/fma44660	1.0
http://snomed.info/id/49287004	http://purl.org/sig/ont/fma/fma50833	0.90635288
http://snomed.info/id/49310007	http://purl.org/sig/ont/fma/fma27311	1.0
http://snomed.info/id/49390008	http://purl.org/sig/ont/fma/fma44620	1.0
http://snomed.info/id/49394004	http://purl.org/sig/ont/fma/fma12793	1.0
http://snomed.info/id/49400002	http://purl.org/sig/ont/fma/fma13897	0.93302327
http://snomed.info/id/49405007	http://purl.org/sig/ont/fma/fma58749	1.0
http://snomed.info/id/49412003	http://purl.org/sig/ont/fma/fma6635	1.0
http://snomed.info/id/4942000	http://purl.org/sig/ont/fma/fma44310	0.98401016
http://snomed.info/id/49460000	http://purl.org/sig/ont/fma/fma55021	1.0
http://snomed.info/id/49475008	http://purl.org/sig/ont/fma/fma54825	1.0
http://snomed.info/id/49521004	http://purl.org/sig/ont/fma/fma53644	1.0
http://snomed.info/id/49533009	http://purl.org/sig/ont/fma/fma55458	0.95099056
http://snomed.info/id/49536001	http://purl.org/sig/ont/fma/fma52693	1.0
http://snomed.info/id/4954000	http://purl.org/sig/ont/fma/fma23618	1.0
http://snomed.info/id/49574009	http://purl.org/sig/ont/fma/fma258825	0.95865542
http://snomed.info/id/49611000	http://purl.org/sig/ont/fma/fma77642	1.0
http://snomed.info/id/49625004	http://purl.org/sig/ont/fma/fma40004	1.0
http://snomed.info/id/49664001	http://purl.org/sig/ont/fma/fma14826	1.0
http://snomed.info/id/49668003	http://purl.org/sig/ont/fma/fma71191	0.91475427
http://snomed.info/id/49670007	http://purl.org/sig/ont/fma/fma48983	0.90468431
http://snomed.info/id/49679008	http://purl.org/sig/ont/fma/fma76877	1.0
http://snomed.info/id/49684002	http://purl.org/sig/ont/fma/fma7601	0.92600989
http://snomed.info/id/49720000	http://purl.org/sig/ont/fma/fma44508	1.0
http://snomed.info/id/49738002	http://purl.org/sig/ont/fma/fma311056	0.93637198
http://snomed.info/id/49741006	http://purl.org/sig/ont/fma/fma6964	1.0
http://snomed.info/id/49792003	http://purl.org/sig/ont/fma/fma53243	1.0
http://snomed.info/id/49812005	http://purl.org/sig/ont/fma/fma45282	0.94986916
http://snomed.info/id/49848007	http://purl.org/sig/ont/fma/fma9558	1.0
http://snomed.info/id/49852007	http://purl.org/sig/ont/fma/fma22963	1.0
http://snomed.info/id/49855009	http://purl.org/sig/ont/fma/fma322815	0.93344748
http://snomed.info/id/49865003	http://purl.org/sig/ont/fma/fma32943	1.0
http://snomed.info/id/49901009	http://purl.org/sig/ont/fma/fma10090	1.0
http://snomed.info/id/49927009	http://purl.org/sig/ont/fma/fma18930	1.0
http://snomed.info/id/49931003	http://purl.org/sig/ont/fma/fma38462	1.0
http://snomed.info/id/49957000	http://purl.org/sig/ont/fma/fma19937	1.0
http://snomed.info/id/49959002	http://purl.org/sig/ont/fma/fma9978	1.0
http://snomed.info/id/49967005	http://purl.org/sig/ont/fma/fma13079	1.0
http://snomed.info/id/49996006	http://purl.org/sig/ont/fma/fma322575	0.958022
http://snomed.info/id/50018008	http://purl.org/sig/ont/fma/fma50040	1.0
http://snomed.info/id/50019000	http://purl.org/sig/ont/fma/fma49654	1.0
http://snomed.info/id/50024002	http://purl.org/sig/ont/fma/fma39992	1.0
http://snomed.info/id/50038009	http://purl.org/sig/ont/fma/fma24927	0.95346314
http://snomed.info/id/50057000	http://purl.org/sig/ont/fma/fma272344	0.93546152
http://snomed.info/id/50059002	http://purl.org/sig/ont/fma/fma22711	1.0
http://snomed.info/id/50060007	http://purl.org/sig/ont/fma/fma9188	1.0
http://snomed.info/id/50092008	http://purl.org/sig/ont/fma/fma22470	0.96240222
http://snomed.info/id/501000202103	http://purl.org/sig/ont/fma/fma12611	1.0
http://snomed.info/id/50145006	http://purl.org/sig/ont/fma/fma322789	0.98175353
http://snomed.info/id/50152008	http://purl.org/sig/ont/fma/fma50799	1.0
http://snomed.info/id/50174002	http://purl.org/sig/ont/fma/fma322628	1.0
http://snomed.info/id/50176000	http://purl.org/sig/ont/fma/fma297632	0.93811917
http://snomed.info/id/50184001	http://purl.org/sig/ont/fma/fma33773	1.0
http://snomed.info/id/50193000	http://purl.org/sig/ont/fma/fma16648	1.0
http://snomed.info/id/50200003	http://purl.org/sig/ont/fma/fma22775	1.0
http://snomed.info/id/50210007	http://purl.org/sig/ont/fma/fma42797	1.0
http://snomed.info/id/50230006	http://purl.org/sig/ont/fma/fma6191	1.0
http://snomed.info/id/50241008	http://purl.org/sig/ont/fma/fma7838	0.90336388
http://snomed.info/id/50245004	http://purl.org/sig/ont/fma/fma322182	1.0
http://snomed.info/id/50246003	http://purl.org/sig/ont/fma/fma75547	1.0
http://snomed.info/id/50276005	http://purl.org/sig/ont/fma/fma322573	0.93239248
http://snomed.info/id/50291007	http://purl.org/sig/ont/fma/fma10550	0.90738523
http://snomed.info/id/50292000	http://purl.org/sig/ont/fma/fma10420	1.0
http://snomed.info/id/50302009	http://purl.org/sig/ont/fma/fma322709	0.97283071
http://snomed.info/id/50310005	http://purl.org/sig/ont/fma/fma9151	1.0
http://snomed.info/id/50329004	http://purl.org/sig/ont/fma/fma59514	1.0
http://snomed.info/id/50340007	http://purl.org/sig/ont/fma/fma22357	1.0
http://snomed.info/id/50354004	http://purl.org/sig/ont/fma/fma16635	0.90190649
http://snomed.info/id/50372005	http://purl.org/sig/ont/fma/fma323356	0.9901402
http://snomed.info/id/50395001	http://purl.org/sig/ont/fma/fma50544	1.0
http://snomed.info/id/50403003	http://purl.org/sig/ont/fma/fma15581	1.0
http://snomed.info/id/50408007	http://purl.org/sig/ont/fma/fma50873	1.0
http://snomed.info/id/50409004	http://purl.org/sig/ont/fma/fma13401	1.0
http://snomed.info/id/50460003	http://purl.org/sig/ont/fma/fma56515	1.0
http://snomed.info/id/5046008	http://purl.org/sig/ont/fma/fma75397	1.0
http://snomed.info/id/50468005	http://purl.org/sig/ont/fma/fma17693	1.0
http://snomed.info/id/50478008	http://purl.org/sig/ont/fma/fma57077	1.0
http://snomed.info/id/50481003	http://purl.org/sig/ont/fma/fma19976	0.93843287
http://snomed.info/id/50515001	http://purl.org/sig/ont/fma/fma322429	1.0
http://snomed.info/id/50534001	http://purl.org/sig/ont/fma/fma77570	1.0
http://snomed.info/id/50545003	http://purl.org/sig/ont/fma/fma321145	1.0
http://snomed.info/id/50546002	http://purl.org/sig/ont/fma/fma58306	1.0
http://snomed.info/id/50600006	http://purl.org/sig/ont/fma/fma323346	0.993581
http://snomed.info/id/50624003	http://purl.org/sig/ont/fma/fma53488	1.0
http://snomed.info/id/50651000	http://purl.org/sig/ont/fma/fma50925	1.0
http://snomed.info/id/50678003	http://purl.org/sig/ont/fma/fma71608	0.92444128
http://snomed.info/id/5068003	http://purl.org/sig/ont/fma/fma45078	0.90229827
http://snomed.info/id/50692009	http://purl.org/sig/ont/fma/fma322819	1.0
http://snomed.info/id/50703002	http://purl.org/sig/ont/fma/fma14703	1.0
http://snomed.info/id/50719009	http://purl.org/sig/ont/fma/fma16487	0.95639253
http://snomed.info/id/50755001	http://purl.org/sig/ont/fma/fma13385	1.0
http://snomed.info/id/50773003	http://purl.org/sig/ont/fma/fma77267	1.0
http://snomed.info/id/50783004	http://purl.org/sig/ont/fma/fma40002	1.0
http://snomed.info/id/50837003	http://purl.org/sig/ont/fma/fma7433	1.0
http://snomed.info/id/50840003	http://purl.org/sig/ont/fma/fma20420	1.0
http://snomed.info/id/50858009	http://purl.org/sig/ont/fma/fma15903	1.0
http://snomed.info/id/50862003	http://purl.org/sig/ont/fma/fma75706	1.0
http://snomed.info/id/50892007	http://purl.org/sig/ont/fma/fma14820	1.0
http://snomed.info/id/50906002	http://purl.org/sig/ont/fma/fma322795	0.98513979
http://snomed.info/id/50919003	http://purl.org/sig/ont/fma/fma43010	1.0
http://snomed.info/id/50938007	http://purl.org/sig/ont/fma/fma322765	0.9615494
http://snomed.info/id/50939004	http://purl.org/sig/ont/fma/fma23903	1.0
http://snomed.info/id/50950001	http://purl.org/sig/ont/fma/fma58279	1.0
http://snomed.info/id/50972004	http://purl.org/sig/ont/fma/fma62393	1.0
http://snomed.info/id/51015002	http://purl.org/sig/ont/fma/fma24930	0.99812621
http://snomed.info/id/51027004	http://purl.org/sig/ont/fma/fma322767	0.9424457
http://snomed.info/id/51033008	http://purl.org/sig/ont/fma/fma52638	1.0
http://snomed.info/id/511000202101	http://purl.org/sig/ont/fma/fma14626	0.95311797
http://snomed.info/id/51102009	http://purl.org/sig/ont/fma/fma77536	1.0
http://snomed.info/id/51120000	http://purl.org/sig/ont/fma/fma51116	0.91946626
http://snomed.info/id/51136003	http://purl.org/sig/ont/fma/fma52851	1.0
http://snomed.info/id/5115006	http://purl.org/sig/ont/fma/fma50851	1.0
http://snomed.info/id/51159009	http://purl.org/sig/ont/fma/fma32550	1.0
http://snomed.info/id/51170002	http://purl.org/sig/ont/fma/fma85353	0.91973788
http://snomed.info/id/51171003	http://purl.org/sig/ont/fma/fma62320	1.0
http://snomed.info/id/51193008	http://purl.org/sig/ont/fma/fma44269	1.0
http://snomed.info/id/51204001	http://purl.org/sig/ont/fma/fma53120	1.0
http://snomed.info/id/51215006	http://purl.org/sig/ont/fma/fma322642	0.98420084
http://snomed.info/id/51237004	http://purl.org/sig/ont/fma/fma7428	1.0
http://snomed.info/id/51249003	http://purl.org/sig/ont/fma/fma49913	1.0
http://snomed.info/id/5128004	http://purl.org/sig/ont/fma/fma58838	1.0
http://snomed.info/id/51283005	http://purl.org/sig/ont/fma/fma52746	1.0
http://snomed.info/id/51299004	http://purl.org/sig/ont/fma/fma30639	0.95764399
http://snomed.info/id/51301006	http://purl.org/sig/ont/fma/fma322763	0.97085053
http://snomed.info/id/51307005	http://purl.org/sig/ont/fma/fma55349	1.0
http://snomed.info/id/51309008	http://purl.org/sig/ont/fma/fma9175	1.0
http://snomed.info/id/51332007	http://purl.org/sig/ont/fma/fma321883	0.94393653
http://snomed.info/id/51342009	http://purl.org/sig/ont/fma/fma322040	1.0
http://snomed.info/id/51345006	http://purl.org/sig/ont/fma/fma50095	1.0
http://snomed.info/id/51354009	http://purl.org/sig/ont/fma/fma59331	1.0
http://snomed.info/id/51360009	http://purl.org/sig/ont/fma/fma322565	0.96451229
http://snomed.info/id/51367007	http://purl.org/sig/ont/fma/fma73758	0.95381165
http://snomed.info/id/51377009	http://purl.org/sig/ont/fma/fma322667	0.9624123
http://snomed.info/id/51416005	http://purl.org/sig/ont/fma/fma50454	0.9010067
http://snomed.info/id/51429005	http://purl.org/sig/ont/fma/fma83981	0.95266426
http://snomed.info/id/51457003	http://purl.org/sig/ont/fma/fma281591	1.0
http://snomed.info/id/51461009	http://purl.org/sig/ont/fma/fma63615	1.0
http://snomed.info/id/51463007	http://purl.org/sig/ont/fma/fma322948	1.0
http://snomed.info/id/51479008	http://purl.org/sig/ont/fma/fma60534	0.95767778
http://snomed.info/id/51532006	http://purl.org/sig/ont/fma/fma294630	1.0
http://snomed.info/id/51540000	http://purl.org/sig/ont/fma/fma322046	0.9958868
http://snomed.info/id/51636004	http://purl.org/sig/ont/fma/fma24971	1.0
http://snomed.info/id/51659005	http://purl.org/sig/ont/fma/fma49956	0.93024403
http://snomed.info/id/51669004	http://purl.org/sig/ont/fma/fma37876	0.98058134
http://snomed.info/id/51672006	http://purl.org/sig/ont/fma/fma322309	0.92731351
http://snomed.info/id/51681000	http://purl.org/sig/ont/fma/fma68842	0.92518765
http://snomed.info/id/51691006	http://purl.org/sig/ont/fma/fma50573	1.0
http://snomed.info/id/51703006	http://purl.org/sig/ont/fma/fma54128	0.96028286
http://snomed.info/id/51710000	http://purl.org/sig/ont/fma/fma71413	1.0
http://snomed.info/id/51722002	http://purl.org/sig/ont/fma/fma19825	1.0
http://snomed.info/id/51761005	http://purl.org/sig/ont/fma/fma27686	0.98326999
http://snomed.info/id/51762003	http://purl.org/sig/ont/fma/fma323254	1.0
http://snomed.info/id/51788000	http://purl.org/sig/ont/fma/fma50083	0.93113852
http://snomed.info/id/51807001	http://purl.org/sig/ont/fma/fma15077	1.0
http://snomed.info/id/51815003	http://purl.org/sig/ont/fma/fma3902	1.0
http://snomed.info/id/51829002	http://purl.org/sig/ont/fma/fma23530	1.0
http://snomed.info/id/51842002	http://purl.org/sig/ont/fma/fma45337	1.0
http://snomed.info/id/51861003	http://purl.org/sig/ont/fma/fma42550	0.96137786
http://snomed.info/id/51911008	http://purl.org/sig/ont/fma/fma32913	1.0
http://snomed.info/id/51914000	http://purl.org/sig/ont/fma/fma26445	1.0
http://snomed.info/id/51926005	http://purl.org/sig/ont/fma/fma16013	1.0
http://snomed.info/id/5194009	http://purl.org/sig/ont/fma/fma58871	1.0
http://snomed.info/id/5195005	http://purl.org/sig/ont/fma/fma3945	1.0
http://snomed.info/id/52007002	http://purl.org/sig/ont/fma/fma322821	1.0
http://snomed.info/id/52010009	http://purl.org/sig/ont/fma/fma14989	1.0
http://snomed.info/id/52014000	http://purl.org/sig/ont/fma/fma60508	0.9034943
http://snomed.info/id/52034004	http://purl.org/sig/ont/fma/fma37852	0.96490955
http://snomed.info/id/52041005	http://purl.org/sig/ont/fma/fma54565	1.0
http://snomed.info/id/52045001	http://purl.org/sig/ont/fma/fma55022	0.90428603
http://snomed.info/id/52093007	http://purl.org/sig/ont/fma/fma61969	1.0
http://snomed.info/id/52109002	http://purl.org/sig/ont/fma/fma14835	1.0
http://snomed.info/id/52120002	http://purl.org/sig/ont/fma/fma10060	1.0
http://snomed.info/id/5213007	http://purl.org/sig/ont/fma/fma51102	1.0
http://snomed.info/id/52181001	http://purl.org/sig/ont/fma/fma23712	1.0
http://snomed.info/id/52187002	http://purl.org/sig/ont/fma/fma62342	1.0
http://snomed.info/id/52206001	http://purl.org/sig/ont/fma/fma75747	1.0
http://snomed.info/id/52216009	http://purl.org/sig/ont/fma/fma16168	1.0
http://snomed.info/id/52218005	http://purl.org/sig/ont/fma/fma322738	0.92695171
http://snomed.info/id/52239003	http://purl.org/sig/ont/fma/fma322184	1.0
http://snomed.info/id/52241002	http://purl.org/sig/ont/fma/fma19914	1.0
http://snomed.info/id/52255005	http://purl.org/sig/ont/fma/fma6578	1.0
http://snomed.info/id/5228007	http://purl.org/sig/ont/fma/fma67292	1.0
http://snomed.info/id/5229004	http://purl.org/sig/ont/fma/fma14662	1.0
http://snomed.info/id/52312008	http://purl.org/sig/ont/fma/fma322756	0.98010403
http://snomed.info/id/52320005	http://purl.org/sig/ont/fma/fma43903	1.0
http://snomed.info/id/52345008	http://purl.org/sig/ont/fma/fma55132	1.0
http://snomed.info/id/52349002	http://purl.org/sig/ont/fma/fma45198	1.0
http://snomed.info/id/52359001	http://purl.org/sig/ont/fma/fma22947	1.0
http://snomed.info/id/52363008	http://purl.org/sig/ont/fma/fma12779	0.94138879
http://snomed.info/id/52374004	http://purl.org/sig/ont/fma/fma52740	1.0
http://snomed.info/id/52378001	http://purl.org/sig/ont/fma/fma58253	1.0
http://snomed.info/id/52396005	http://purl.org/sig/ont/fma/fma24931	0.99811751
http://snomed.info/id/52410001	http://purl.org/sig/ont/fma/fma46291	1.0
http://snomed.info/id/52433000	http://purl.org/sig/ont/fma/fma3897	1.0
http://snomed.info/id/52435007	http://purl.org/sig/ont/fma/fma322553	0.91897422
http://snomed.info/id/52460007	http://purl.org/sig/ont/fma/fma13424	1.0
http://snomed.info/id/52498007	http://purl.org/sig/ont/fma/fma323025	1.0
http://snomed.info/id/52509009	http://purl.org/sig/ont/fma/fma7487	1.0
http://snomed.info/id/52554005	http://purl.org/sig/ont/fma/fma44297	1.0
http://snomed.info/id/52586000	http://purl.org/sig/ont/fma/fma49483	1.0
http://snomed.info/id/52595008	http://purl.org/sig/ont/fma/fma22321	1.0
http://snomed.info/id/5261000	http://purl.org/sig/ont/fma/fma10455	0.97224569
http://snomed.info/id/52658004	http://purl.org/sig/ont/fma/fma323336	0.97638184
http://snomed.info/id/52662005	http://purl.org/sig/ont/fma/fma49000	0.94743705
http://snomed.info/id/52664006	http://purl.org/sig/ont/fma/fma321584	1.0
http://snomed.info/id/52678007	http://purl.org/sig/ont/fma/fma61083	0.92060143
http://snomed.info/id/52687003	http://purl.org/sig/ont/fma/fma33132	0.92359471
http://snomed.info/id/52688008	http://purl.org/sig/ont/fma/fma15693	0.9669975
http://snomed.info/id/52718009	http://purl.org/sig/ont/fma/fma72972	1.0
http://snomed.info/id/5272005	http://purl.org/sig/ont/fma/fma269279	0.98247498
http://snomed.info/id/52737000	http://purl.org/sig/ont/fma/fma19614	1.0
http://snomed.info/id/52738005	http://purl.org/sig/ont/fma/fma55300	1.0
http://snomed.info/id/52768001	http://purl.org/sig/ont/fma/fma323086	1.0
http://snomed.info/id/528006	http://purl.org/sig/ont/fma/fma7321	1.0
http://snomed.info/id/52876008	http://purl.org/sig/ont/fma/fma322552	0.93009675
http://snomed.info/id/52884007	http://purl.org/sig/ont/fma/fma54592	1.0
http://snomed.info/id/52894002	http://purl.org/sig/ont/fma/fma72504	1.0
http://snomed.info/id/52900002	http://purl.org/sig/ont/fma/fma13454	1.0
http://snomed.info/id/52924005	http://purl.org/sig/ont/fma/fma38469	0.9177748
http://snomed.info/id/52927003	http://purl.org/sig/ont/fma/fma49006	1.0
http://snomed.info/id/52943005	http://purl.org/sig/ont/fma/fma83700	1.0
http://snomed.info/id/52944004	http://purl.org/sig/ont/fma/fma42609	1.0
http://snomed.info/id/52953006	http://purl.org/sig/ont/fma/fma323256	0.96942568
http://snomed.info/id/5296000	http://purl.org/sig/ont/fma/fma12789	1.0
http://snomed.info/id/52970003	http://purl.org/sig/ont/fma/fma77510	0.9264307
http://snomed.info/id/52982007	http://purl.org/sig/ont/fma/fma323443	0.9152208
http://snomed.info/id/53030001	http://purl.org/sig/ont/fma/fma44689	0.98149264
http://snomed.info/id/53033004	http://purl.org/sig/ont/fma/fma57080	1.0
http://snomed.info/id/53065001	http://purl.org/sig/ont/fma/fma45654	0.94042069
http://snomed.info/id/53074004	http://purl.org/sig/ont/fma/fma276990	0.93190342
http://snomed.info/id/53075003	http://purl.org/sig/ont/fma/fma32627	1.0
http://snomed.info/id/53079009	http://purl.org/sig/ont/fma/fma44260	0.99694908
http://snomed.info/id/53100006	http://purl.org/sig/ont/fma/fma49973	1.0
http://snomed.info/id/53118009	http://purl.org/sig/ont/fma/fma83701	1.0
http://snomed.info/id/53120007	http://purl.org/sig/ont/fma/fma7183	1.0
http://snomed.info/id/53123009	http://purl.org/sig/ont/fma/fma46695	1.0
http://snomed.info/id/53134007	http://purl.org/sig/ont/fma/fma21860	1.0
http://snomed.info/id/53135008	http://purl.org/sig/ont/fma/fma322664	0.93204677
http://snomed.info/id/53170005	http://purl.org/sig/ont/fma/fma59555	1.0
http://snomed.info/id/53214002	http://purl.org/sig/ont/fma/fma14910	1.0
http://snomed.info/id/53224005	http://purl.org/sig/ont/fma/fma6639	1.0
http://snomed.info/id/53238003	http://purl.org/sig/ont/fma/fma62046	1.0
http://snomed.info/id/53240008	http://purl.org/sig/ont/fma/fma37448	1.0
http://snomed.info/id/5324007	http://purl.org/sig/ont/fma/fma15604	1.0
http://snomed.info/id/53245003	http://purl.org/sig/ont/fma/fma19939	1.0
http://snomed.info/id/53265005	http://purl.org/sig/ont/fma/fma7260	1.0
http://snomed.info/id/53269004	http://purl.org/sig/ont/fma/fma37704	1.0
http://snomed.info/id/53292004	http://purl.org/sig/ont/fma/fma16989	1.0
http://snomed.info/id/53293009	http://purl.org/sig/ont/fma/fma71399	1.0
http://snomed.info/id/53299008	http://purl.org/sig/ont/fma/fma257123	0.92588651
http://snomed.info/id/53335003	http://purl.org/sig/ont/fma/fma13517	0.93986833
http://snomed.info/id/53351006	http://purl.org/sig/ont/fma/fma62469	1.0
http://snomed.info/id/5336001	http://purl.org/sig/ont/fma/fma61860	1.0
http://snomed.info/id/53389001	http://purl.org/sig/ont/fma/fma19640	1.0
http://snomed.info/id/53394001	http://purl.org/sig/ont/fma/fma24013	1.0
http://snomed.info/id/53420003	http://purl.org/sig/ont/fma/fma15687	1.0
http://snomed.info/id/53434003	http://purl.org/sig/ont/fma/fma56514	1.0
http://snomed.info/id/53451005	http://purl.org/sig/ont/fma/fma51062	0.98335391
http://snomed.info/id/53464006	http://purl.org/sig/ont/fma/fma242201	1.0
http://snomed.info/id/53520000	http://purl.org/sig/ont/fma/fma5866	1.0
http://snomed.info/id/53549008	http://purl.org/sig/ont/fma/fma49868	1.0
http://snomed.info/id/53569003	http://purl.org/sig/ont/fma/fma322769	0.97590345
http://snomed.info/id/53595001	http://purl.org/sig/ont/fma/fma71210	0.92501217
http://snomed.info/id/53649003	http://purl.org/sig/ont/fma/fma9063	1.0
http://snomed.info/id/53655008	http://purl.org/sig/ont/fma/fma3840	1.0
http://snomed.info/id/5366008	http://purl.org/sig/ont/fma/fma275020	0.96984076
http://snomed.info/id/53674000	http://purl.org/sig/ont/fma/fma57083	1.0
http://snomed.info/id/53717005	http://purl.org/sig/ont/fma/fma68836	0.91341025
http://snomed.info/id/53727004	http://purl.org/sig/ont/fma/fma74279	1.0
http://snomed.info/id/53750005	http://purl.org/sig/ont/fma/fma63977	0.90155417
http://snomed.info/id/53752002	http://purl.org/sig/ont/fma/fma62373	0.94830328
http://snomed.info/id/53755000	http://purl.org/sig/ont/fma/fma14913	1.0
http://snomed.info/id/53757008	http://purl.org/sig/ont/fma/fma9324	0.94280756
http://snomed.info/id/53799009	http://purl.org/sig/ont/fma/fma77736	0.90211469
http://snomed.info/id/53824000	http://purl.org/sig/ont/fma/fma55459	0.95377123
http://snomed.info/id/53884002	http://purl.org/sig/ont/fma/fma24492	1.0
http://snomed.info/id/53892006	http://purl.org/sig/ont/fma/fma6642	0.90782851
http://snomed.info/id/53894007	http://purl.org/sig/ont/fma/fma71437	0.9474203
http://snomed.info/id/53911004	http://purl.org/sig/ont/fma/fma15053	0.93923461
http://snomed.info/id/53935009	http://purl.org/sig/ont/fma/fma17752	0.93474066
http://snomed.info/id/5394000	http://purl.org/sig/ont/fma/fma16666	1.0
http://snomed.info/id/53967007	http://purl.org/sig/ont/fma/fma9756	1.0
http://snomed.info/id/53978004	http://purl.org/sig/ont/fma/fma23373	1.0
http://snomed.info/id/53983007	http://purl.org/sig/ont/fma/fma16083	1.0
http://snomed.info/id/53995007	http://purl.org/sig/ont/fma/fma44699	1.0
http://snomed.info/id/54011007	http://purl.org/sig/ont/fma/fma44285	1.0
http://snomed.info/id/54018001	http://purl.org/sig/ont/fma/fma17640	1.0
http://snomed.info/id/54030007	http://purl.org/sig/ont/fma/fma322687	0.91829717
http://snomed.info/id/5403001	http://purl.org/sig/ont/fma/fma321474	1.0
http://snomed.info/id/54143005	http://purl.org/sig/ont/fma/fma15865	1.0
http://snomed.info/id/54226001	http://purl.org/sig/ont/fma/fma323383	1.0
http://snomed.info/id/54242008	http://purl.org/sig/ont/fma/fma5035	1.0
http://snomed.info/id/54247002	http://purl.org/sig/ont/fma/fma3736	1.0
http://snomed.info/id/54268001	http://purl.org/sig/ont/fma/fma277235	1.0
http://snomed.info/id/5427004	http://purl.org/sig/ont/fma/fma70645	1.0
http://snomed.info/id/54277008	http://purl.org/sig/ont/fma/fma26507	1.0
http://snomed.info/id/54306002	http://purl.org/sig/ont/fma/fma8356	1.0
http://snomed.info/id/54333003	http://purl.org/sig/ont/fma/fma32630	1.0
http://snomed.info/id/54349001	http://purl.org/sig/ont/fma/fma71398	1.0
http://snomed.info/id/54369006	http://purl.org/sig/ont/fma/fma59365	1.0
http://snomed.info/id/54409005	http://purl.org/sig/ont/fma/fma50109	1.0
http://snomed.info/id/54440003	http://purl.org/sig/ont/fma/fma269259	0.95534927
http://snomed.info/id/54444007	http://purl.org/sig/ont/fma/fma15578	1.0
http://snomed.info/id/54458009	http://purl.org/sig/ont/fma/fma61116	1.0
http://snomed.info/id/54468004	http://purl.org/sig/ont/fma/fma12828	0.9682523
http://snomed.info/id/54479009	http://purl.org/sig/ont/fma/fma70781	0.90662831
http://snomed.info/id/54510003	http://purl.org/sig/ont/fma/fma52765	1.0
http://snomed.info/id/54525003	http://purl.org/sig/ont/fma/fma310996	0.90869981
http://snomed.info/id/54580005	http://purl.org/sig/ont/fma/fma9931	1.0
http://snomed.info/id/5458003	http://purl.org/sig/ont/fma/fma20870	1.0
http://snomed.info/id/54584001	http://purl.org/sig/ont/fma/fma53187	1.0
http://snomed.info/id/54589006	http://purl.org/sig/ont/fma/fma50779	1.0
http://snomed.info/id/5459006	http://purl.org/sig/ont/fma/fma14576	1.0
http://snomed.info/id/54608005	http://purl.org/sig/ont/fma/fma36924	0.99245882
http://snomed.info/id/54611006	http://purl.org/sig/ont/fma/fma9954	1.0
http://snomed.info/id/54658003	http://purl.org/sig/ont/fma/fma14935	1.0
http://snomed.info/id/54683003	http://purl.org/sig/ont/fma/fma34035	0.92713666
http://snomed.info/id/54714005	http://purl.org/sig/ont/fma/fma321545	1.0
http://snomed.info/id/54728004	http://purl.org/sig/ont/fma/fma61954	0.98807096
http://snomed.info/id/54735007	http://purl.org/sig/ont/fma/fma31534	0.95650375
http://snomed.info/id/54754007	http://purl.org/sig/ont/fma/fma19577	1.0
http://snomed.info/id/54785003	http://purl.org/sig/ont/fma/fma71166	1.0
http://snomed.info/id/54805005	http://purl.org/sig/ont/fma/fma19037	1.0
http://snomed.info/id/54806006	http://purl.org/sig/ont/fma/fma321528	0.92002255
http://snomed.info/id/54834004	http://purl.org/sig/ont/fma/fma50522	1.0
http://snomed.info/id/54863001	http://purl.org/sig/ont/fma/fma32931	1.0
http://snomed.info/id/54881003	http://purl.org/sig/ont/fma/fma45121	0.93813556
http://snomed.info/id/54892002	http://purl.org/sig/ont/fma/fma19636	1.0
http://snomed.info/id/54895000	http://purl.org/sig/ont/fma/fma14340	0.93603015
http://snomed.info/id/54907003	http://purl.org/sig/ont/fma/fma275960	0.93980706
http://snomed.info/id/5491007	http://purl.org/sig/ont/fma/fma46788	0.96431279
http://snomed.info/id/54927002	http://purl.org/sig/ont/fma/fma49701	1.0
http://snomed.info/id/54944003	http://purl.org/sig/ont/fma/fma50762	1.0
http://snomed.info/id/54947005	http://purl.org/sig/ont/fma/fma9983	1.0
http://snomed.info/id/54971003	http://purl.org/sig/ont/fma/fma43581	1.0
http://snomed.info/id/5498001	http://purl.org/sig/ont/fma/fma74057	1.0
http://snomed.info/id/55026002	http://purl.org/sig/ont/fma/fma15849	1.0
http://snomed.info/id/55073008	http://purl.org/sig/ont/fma/fma323301	1.0
http://snomed.info/id/55078004	http://purl.org/sig/ont/fma/fma25048	1.0
http://snomed.info/id/55085000	http://purl.org/sig/ont/fma/fma38202	0.91782284
http://snomed.info/id/55139000	http://purl.org/sig/ont/fma/fma5890	1.0
http://snomed.info/id/55143001	http://purl.org/sig/ont/fma/fma58273	1.0
http://snomed.info/id/55155007	http://purl.org/sig/ont/fma/fma51306	1.0
http://snomed.info/id/55188000	http://purl.org/sig/ont/fma/fma14339	0.9372552
http://snomed.info/id/55190004	http://purl.org/sig/ont/fma/fma45887	1.0
http://snomed.info/id/55196005	http://purl.org/sig/ont/fma/fma44489	1.0
http://snomed.info/id/55214000	http://purl.org/sig/ont/fma/fma7410	1.0
http://snomed.info/id/55219005	http://purl.org/sig/ont/fma/fma8639	0.90412456
http://snomed.info/id/55233005	http://purl.org/sig/ont/fma/fma77632	1.0
http://snomed.info/id/55250007	http://purl.org/sig/ont/fma/fma49917	1.0
http://snomed.info/id/55293007	http://purl.org/sig/ont/fma/fma35495	1.0
http://snomed.info/id/55301004	http://purl.org/sig/ont/fma/fma32841	1.0
http://snomed.info/id/55318000	http://purl.org/sig/ont/fma/fma322634	0.90188062
http://snomed.info/id/55367003	http://purl.org/sig/ont/fma/fma18911	0.93483192
http://snomed.info/id/5538001	http://purl.org/sig/ont/fma/fma71108	1.0
http://snomed.info/id/55387002	http://purl.org/sig/ont/fma/fma260734	0.94596988
http://snomed.info/id/55393005	http://purl.org/sig/ont/fma/fma77705	1.0
http://snomed.info/id/55398001	http://purl.org/sig/ont/fma/fma42791	1.0
http://snomed.info/id/55418004	http://purl.org/sig/ont/fma/fma61028	1.0
http://snomed.info/id/55433007	http://purl.org/sig/ont/fma/fma21354	0.95237261
http://snomed.info/id/5544002	http://purl.org/sig/ont/fma/fma14946	1.0
http://snomed.info/id/55492004	http://purl.org/sig/ont/fma/fma16084	1.0
http://snomed.info/id/55499008	http://purl.org/sig/ont/fma/fma32853	1.0
http://snomed.info/id/55512000	http://purl.org/sig/ont/fma/fma22318	1.0
http://snomed.info/id/55524007	http://purl.org/sig/ont/fma/fma10456	0.99769074
http://snomed.info/id/55572008	http://purl.org/sig/ont/fma/fma322041	1.0
http://snomed.info/id/55578007	http://purl.org/sig/ont/fma/fma34951	1.0
http://snomed.info/id/55601007	http://purl.org/sig/ont/fma/fma49849	1.0
http://snomed.info/id/55606002	http://purl.org/sig/ont/fma/fma9263	1.0
http://snomed.info/id/55609009	http://purl.org/sig/ont/fma/fma55033	1.0
http://snomed.info/id/55610004	http://purl.org/sig/ont/fma/fma71395	1.0
http://snomed.info/id/55665000	http://purl.org/sig/ont/fma/fma322185	1.0
http://snomed.info/id/55678000	http://purl.org/sig/ont/fma/fma11948	1.0
http://snomed.info/id/55690003	http://purl.org/sig/ont/fma/fma76719	1.0
http://snomed.info/id/5574005	http://purl.org/sig/ont/fma/fma7849	1.0
http://snomed.info/id/5580002	http://purl.org/sig/ont/fma/fma37075	1.0
http://snomed.info/id/55839002	http://purl.org/sig/ont/fma/fma55301	1.0
http://snomed.info/id/55844009	http://purl.org/sig/ont/fma/fma74887	0.91967869
http://snomed.info/id/55863005	http://purl.org/sig/ont/fma/fma44710	0.97345781
http://snomed.info/id/55873007	http://purl.org/sig/ont/fma/fma322683	1.0
http://snomed.info/id/55881008	http://purl.org/sig/ont/fma/fma60995	1.0
http://snomed.info/id/55927009	http://purl.org/sig/ont/fma/fma32426	1.0
http://snomed.info/id/5597008	http://purl.org/sig/ont/fma/fma58302	1.0
http://snomed.info/id/56030005	http://purl.org/sig/ont/fma/fma43905	0.96535438
http://snomed.info/id/56044004	http://purl.org/sig/ont/fma/fma58435	1.0
http://snomed.info/id/56052001	http://purl.org/sig/ont/fma/fma50868	1.0
http://snomed.info/id/56069004	http://purl.org/sig/ont/fma/fma69234	1.0
http://snomed.info/id/56092004	http://purl.org/sig/ont/fma/fma15078	1.0
http://snomed.info/id/56094003	http://purl.org/sig/ont/fma/fma9166	1.0
http://snomed.info/id/56099008	http://purl.org/sig/ont/fma/fma323319	1.0
http://snomed.info/id/56101001	http://purl.org/sig/ont/fma/fma77196	0.92440772
http://snomed.info/id/56103003	http://purl.org/sig/ont/fma/fma71407	1.0
http://snomed.info/id/56178008	http://purl.org/sig/ont/fma/fma44534	0.91804332
http://snomed.info/id/56184006	http://purl.org/sig/ont/fma/fma322771	0.97259218
http://snomed.info/id/56190005	http://purl.org/sig/ont/fma/fma58292	1.0
http://snomed.info/id/56193007	http://purl.org/sig/ont/fma/fma50864	1.0
http://snomed.info/id/56213003	http://purl.org/sig/ont/fma/fma38304	1.0
http://snomed.info/id/5627008	http://purl.org/sig/ont/fma/fma27310	1.0
http://snomed.info/id/56284003	http://purl.org/sig/ont/fma/fma36921	0.98336703
http://snomed.info/id/56296005	http://purl.org/sig/ont/fma/fma76735	0.94202793
http://snomed.info/id/56323009	http://purl.org/sig/ont/fma/fma22823	1.0
http://snomed.info/id/56329008	http://purl.org/sig/ont/fma/fma13889	1.0
http://snomed.info/id/56341001	http://purl.org/sig/ont/fma/fma50993	1.0
http://snomed.info/id/56369009	http://purl.org/sig/ont/fma/fma68068	1.0
http://snomed.info/id/56375000	http://purl.org/sig/ont/fma/fma19240	1.0
http://snomed.info/id/56399000	http://purl.org/sig/ont/fma/fma38866	0.98605716
http://snomed.info/id/56400007	http://purl.org/sig/ont/fma/fma14334	1.0
http://snomed.info/id/5643001	http://purl.org/sig/ont/fma/fma17093	1.0
http://snomed.info/id/56439003	http://purl.org/sig/ont/fma/fma21525	0.90380746
http://snomed.info/id/56447003	http://purl.org/sig/ont/fma/fma20000	1.0
http://snomed.info/id/56459004	http://purl.org/sig/ont/fma/fma9664	1.0
http://snomed.info/id/56508003	http://purl.org/sig/ont/fma/fma19975	0.93756074
http://snomed.info/id/56514005	http://purl.org/sig/ont/fma/fma7135	1.0
http://snomed.info/id/56554007	http://purl.org/sig/ont/fma/fma297890	0.91135198
http://snomed.info/id/56628007	http://purl.org/sig/ont/fma/fma76886	0.92256796
http://snomed.info/id/56658001	http://purl.org/sig/ont/fma/fma74892	1.0
http://snomed.info/id/56679001	http://purl.org/sig/ont/fma/fma14661	1.0
http://snomed.info/id/56693008	http://purl.org/sig/ont/fma/fma52105	0.99084175
http://snomed.info/id/56707006	http://purl.org/sig/ont/fma/fma58971	1.0
http://snomed.info/id/56725004	http://purl.org/sig/ont/fma/fma77572	1.0
http://snomed.info/id/56732008	http://purl.org/sig/ont/fma/fma14668	1.0
http://snomed.info/id/56734009	http://purl.org/sig/ont/fma/fma14926	1.0
http://snomed.info/id/56738007	http://purl.org/sig/ont/fma/fma20867	1.0
http://snomed.info/id/56753004	http://purl.org/sig/ont/fma/fma46779	1.0
http://snomed.info/id/56818000	http://purl.org/sig/ont/fma/fma42353	1.0
http://snomed.info/id/56820002	http://purl.org/sig/ont/fma/fma323399	0.93212771
http://snomed.info/id/56832003	http://purl.org/sig/ont/fma/fma84574	1.0
http://snomed.info/id/56849005	http://purl.org/sig/ont/fma/fma44327	1.0
http://snomed.info/id/56873002	http://purl.org/sig/ont/fma/fma7485	0.96779513
http://snomed.info/id/56884009	http://purl.org/sig/ont/fma/fma61896	1.0
http://snomed.info/id/56912000	http://purl.org/sig/ont/fma/fma50805	1.0
http://snomed.info/id/56969001	http://purl.org/sig/ont/fma/fma77280	1.0
http://snomed.info/id/5697001	http://purl.org/sig/ont/fma/fma38642	0.97486377
http://snomed.info/id/56971001	http://purl.org/sig/ont/fma/fma322812	1.0
http://snomed.info/id/57008001	http://purl.org/sig/ont/fma/fma4729	1.0
http://snomed.info/id/57021008	http://purl.org/sig/ont/fma/fma46665	1.0
http://snomed.info/id/57034009	http://purl.org/sig/ont/fma/fma3768	1.0
http://snomed.info/id/57050001	http://purl.org/sig/ont/fma/fma50998	0.95691055
http://snomed.info/id/57062002	http://purl.org/sig/ont/fma/fma46854	0.99329811
http://snomed.info/id/57074003	http://purl.org/sig/ont/fma/fma5889	0.91897541
http://snomed.info/id/57081005	http://purl.org/sig/ont/fma/fma52100	0.98751611
http://snomed.info/id/5709001	http://purl.org/sig/ont/fma/fma22827	1.0
http://snomed.info/id/57098005	http://purl.org/sig/ont/fma/fma77582	0.91362959
http://snomed.info/id/57117003	http://purl.org/sig/ont/fma/fma18652	1.0
http://snomed.info/id/57121005	http://purl.org/sig/ont/fma/fma8636	1.0
http://snomed.info/id/57132005	http://purl.org/sig/ont/fma/fma59017	1.0
http://snomed.info/id/57213007	http://purl.org/sig/ont/fma/fma323280	0.97762305
http://snomed.info/id/57225005	http://purl.org/sig/ont/fma/fma62059	1.0
http://snomed.info/id/57240007	http://purl.org/sig/ont/fma/fma18060	1.0
http://snomed.info/id/5727003	http://purl.org/sig/ont/fma/fma61230	1.0
http://snomed.info/id/57283001	http://purl.org/sig/ont/fma/fma323368	0.96776962
http://snomed.info/id/57300004	http://purl.org/sig/ont/fma/fma17232	1.0
http://snomed.info/id/57314004	http://purl.org/sig/ont/fma/fma46727	1.0
http://snomed.info/id/57369001	http://purl.org/sig/ont/fma/fma19238	1.0
http://snomed.info/id/57374009	http://purl.org/sig/ont/fma/fma16141	1.0
http://snomed.info/id/57381002	http://purl.org/sig/ont/fma/fma322686	1.0
http://snomed.info/id/57383004	http://purl.org/sig/ont/fma/fma9486	1.0
http://snomed.info/id/57396003	http://purl.org/sig/ont/fma/fma3895	1.0
http://snomed.info/id/5742000	http://purl.org/sig/ont/fma/fma300367	0.97529334
http://snomed.info/id/57421003	http://purl.org/sig/ont/fma/fma53491	1.0
http://snomed.info/id/57445004	http://purl.org/sig/ont/fma/fma323009	0.95926195
http://snomed.info/id/57446003	http://purl.org/sig/ont/fma/fma15035	1.0
http://snomed.info/id/57478006	http://purl.org/sig/ont/fma/fma74508	1.0
http://snomed.info/id/57481001	http://purl.org/sig/ont/fma/fma76736	1.0
http://snomed.info/id/57483003	http://purl.org/sig/ont/fma/fma8743	1.0
http://snomed.info/id/57498001	http://purl.org/sig/ont/fma/fma280481	0.92753905
http://snomed.info/id/57516003	http://purl.org/sig/ont/fma/fma49040	1.0
http://snomed.info/id/57531007	http://purl.org/sig/ont/fma/fma66094	1.0
http://snomed.info/id/57559008	http://purl.org/sig/ont/fma/fma322869	1.0
http://snomed.info/id/57627008	http://purl.org/sig/ont/fma/fma15822	1.0
http://snomed.info/id/57651003	http://purl.org/sig/ont/fma/fma77177	1.0
http://snomed.info/id/57661005	http://purl.org/sig/ont/fma/fma15815	1.0
http://snomed.info/id/57665001	http://purl.org/sig/ont/fma/fma24930	0.95719528
http://snomed.info/id/57666000	http://purl.org/sig/ont/fma/fma14334	0.91126961
http://snomed.info/id/57671007	http://purl.org/sig/ont/fma/fma19234	1.0
http://snomed.info/id/57699003	http://purl.org/sig/ont/fma/fma234827	1.0
http://snomed.info/id/57726007	http://purl.org/sig/ont/fma/fma322649	0.90821153
http://snomed.info/id/57733007	http://purl.org/sig/ont/fma/fma22433	0.98420167
http://snomed.info/id/57760000	http://purl.org/sig/ont/fma/fma15649	1.0
http://snomed.info/id/57766006	http://purl.org/sig/ont/fma/fma63130	1.0
http://snomed.info/id/57775008	http://purl.org/sig/ont/fma/fma14991	1.0
http://snomed.info/id/57793009	http://purl.org/sig/ont/fma/fma7243	1.0
http://snomed.info/id/5780004	http://purl.org/sig/ont/fma/fma74055	1.0
http://snomed.info/id/57814007	http://purl.org/sig/ont/fma/fma19732	1.0
http://snomed.info/id/57823005	http://purl.org/sig/ont/fma/fma322904	0.9190172
http://snomed.info/id/57832007	http://purl.org/sig/ont/fma/fma77380	1.0
http://snomed.info/id/57850000	http://purl.org/sig/ont/fma/fma50737	1.0
http://snomed.info/id/57901005	http://purl.org/sig/ont/fma/fma59983	1.0
http://snomed.info/id/57930003	http://purl.org/sig/ont/fma/fma322290	0.92131907
http://snomed.info/id/57941001	http://purl.org/sig/ont/fma/fma323279	1.0
http://snomed.info/id/57967006	http://purl.org/sig/ont/fma/fma18826	1.0
http://snomed.info/id/57972002	http://purl.org/sig/ont/fma/fma15723	1.0
http://snomed.info/id/57975000	http://purl.org/sig/ont/fma/fma49940	1.0
http://snomed.info/id/5798000	http://purl.org/sig/ont/fma/fma13295	1.0
http://snomed.info/id/58080009	http://purl.org/sig/ont/fma/fma5890	0.93604225
http://snomed.info/id/58095006	http://purl.org/sig/ont/fma/fma7108	1.0
http://snomed.info/id/58110004	http://purl.org/sig/ont/fma/fma321467	1.0
http://snomed.info/id/58130000	http://purl.org/sig/ont/fma/fma232854	1.0
http://snomed.info/id/5815008	http://purl.org/sig/ont/fma/fma49035	1.0
http://snomed.info/id/58162002	http://purl.org/sig/ont/fma/fma13387	1.0
http://snomed.info/id/58176001	http://purl.org/sig/ont/fma/fma55353	1.0
http://snomed.info/id/58198005	http://purl.org/sig/ont/fma/fma61139	1.0
http://snomed.info/id/58199002	http://purl.org/sig/ont/fma/fma50956	1.0
http://snomed.info/id/58201000	http://purl.org/sig/ont/fma/fma70947	0.96040565
http://snomed.info/id/58226009	http://purl.org/sig/ont/fma/fma38131	0.96375138
http://snomed.info/id/58229002	http://purl.org/sig/ont/fma/fma322915	0.9310714
http://snomed.info/id/58235002	http://purl.org/sig/ont/fma/fma8679	1.0
http://snomed.info/id/5825003	http://purl.org/sig/ont/fma/fma58365	1.0
http://snomed.info/id/58255001	http://purl.org/sig/ont/fma/fma44695	0.93392777
http://snomed.info/id/58260002	http://purl.org/sig/ont/fma/fma9179	1.0
http://snomed.info/id/58267004	http://purl.org/sig/ont/fma/fma52731	1.0
http://snomed.info/id/58280001	http://purl.org/sig/ont/fma/fma321647	0.95106328
http://snomed.info/id/58285006	http://purl.org/sig/ont/fma/fma19100	1.0
http://snomed.info/id/58317009	http://purl.org/sig/ont/fma/fma14817	1.0
http://snomed.info/id/58344004	http://purl.org/sig/ont/fma/fma60119	1.0
http://snomed.info/id/58353006	http://purl.org/sig/ont/fma/fma70934	1.0
http://snomed.info/id/58379002	http://purl.org/sig/ont/fma/fma4062	1.0
http://snomed.info/id/58383002	http://purl.org/sig/ont/fma/fma23947	1.0
http://snomed.info/id/58389003	http://purl.org/sig/ont/fma/fma322230	0.95676774
http://snomed.info/id/58403004	http://purl.org/sig/ont/fma/fma12169	0.95026463
http://snomed.info/id/58443009	http://purl.org/sig/ont/fma/fma58303	1.0
http://snomed.info/id/58465009	http://purl.org/sig/ont/fma/fma43518	1.0
http://snomed.info/id/5847003	http://purl.org/sig/ont/fma/fma26495	1.0
http://snomed.info/id/58471003	http://purl.org/sig/ont/fma/fma15627	1.0
http://snomed.info/id/58487000	http://purl.org/sig/ont/fma/fma58040	1.0
http://snomed.info/id/58508005	http://purl.org/sig/ont/fma/fma6873	1.0
http://snomed.info/id/58510007	http://purl.org/sig/ont/fma/fma32925	1.0
http://snomed.info/id/5854009	http://purl.org/sig/ont/fma/fma57451	0.90352207
http://snomed.info/id/58552002	http://purl.org/sig/ont/fma/fma19843	1.0
http://snomed.info/id/58592000	http://purl.org/sig/ont/fma/fma322964	1.0
http://snomed.info/id/58615008	http://purl.org/sig/ont/fma/fma50791	0.9381541
http://snomed.info/id/58619002	http://purl.org/sig/ont/fma/fma76865	1.0
http://snomed.info/id/58641002	http://purl.org/sig/ont/fma/fma49041	1.0
http://snomed.info/id/58659004	http://purl.org/sig/ont/fma/fma18911	0.9533847
http://snomed.info/id/58666003	http://purl.org/sig/ont/fma/fma44307	0.90764028
http://snomed.info/id/58675001	http://purl.org/sig/ont/fma/fma45661	1.0
http://snomed.info/id/5868002	http://purl.org/sig/ont/fma/fma15932	1.0
http://snomed.info/id/58696008	http://purl.org/sig/ont/fma/fma37319	1.0
http://snomed.info/id/587004	http://purl.org/sig/ont/fma/fma322781	0.97144485
http://snomed.info/id/5872003	http://purl.org/sig/ont/fma/fma323221	0.91816187
http://snomed.info/id/58733005	http://purl.org/sig/ont/fma/fma62062	0.90030015
http://snomed.info/id/58742003	http://purl.org/sig/ont/fma/fma45096	1.0
http://snomed.info/id/58743008	http://purl.org/sig/ont/fma/fma54820	0.94535393
http://snomed.info/id/5881009	http://purl.org/sig/ont/fma/fma76641	1.0
http://snomed.info/id/58820006	http://purl.org/sig/ont/fma/fma13896	0.90425092
http://snomed.info/id/58836008	http://purl.org/sig/ont/fma/fma16015	1.0
http://snomed.info/id/589001	http://purl.org/sig/ont/fma/fma7133	1.0
http://snomed.info/id/58930001	http://purl.org/sig/ont/fma/fma38247	0.95513928
http://snomed.info/id/58931002	http://purl.org/sig/ont/fma/fma6282	1.0
http://snomed.info/id/58947000	http://purl.org/sig/ont/fma/fma23390	1.0
http://snomed.info/id/59002009	http://purl.org/sig/ont/fma/fma70722	1.0
http://snomed.info/id/59005006	http://purl.org/sig/ont/fma/fma6655	0.92543507
http://snomed.info/id/59011009	http://purl.org/sig/ont/fma/fma50542	1.0
http://snomed.info/id/59024009	http://purl.org/sig/ont/fma/fma61898	1.0
http://snomed.info/id/59059009	http://purl.org/sig/ont/fma/fma54660	1.0
http://snomed.info/id/59143007	http://purl.org/sig/ont/fma/fma7836	0.90557712
http://snomed.info/id/59144001	http://purl.org/sig/ont/fma/fma72975	1.0
http://snomed.info/id/59150006	http://purl.org/sig/ont/fma/fma14936	1.0
http://snomed.info/id/59152003	http://purl.org/sig/ont/fma/fma323233	1.0
http://snomed.info/id/59155001	http://purl.org/sig/ont/fma/fma75473	1.0
http://snomed.info/id/59157009	http://purl.org/sig/ont/fma/fma49491	1.0
http://snomed.info/id/59188008	http://purl.org/sig/ont/fma/fma82434	0.98244184
http://snomed.info/id/59191008	http://purl.org/sig/ont/fma/fma50790	0.91448152
http://snomed.info/id/5923009	http://purl.org/sig/ont/fma/fma321470	1.0
http://snomed.info/id/59237002	http://purl.org/sig/ont/fma/fma52598	1.0
http://snomed.info/id/5928000	http://purl.org/sig/ont/fma/fma4707	1.0
http://snomed.info/id/59310001	http://purl.org/sig/ont/fma/fma53267	1.0
http://snomed.info/id/59326000	http://purl.org/sig/ont/fma/fma61945	1.0
http://snomed.info/id/59348006	http://purl.org/sig/ont/fma/fma8637	1.0
http://snomed.info/id/59354007	http://purl.org/sig/ont/fma/fma322548	0.95578414
http://snomed.info/id/59362004	http://purl.org/sig/ont/fma/fma58793	1.0
http://snomed.info/id/59373006	http://purl.org/sig/ont/fma/fma10663	1.0
http://snomed.info/id/59391001	http://purl.org/sig/ont/fma/fma50858	0.93144202
http://snomed.info/id/59417004	http://purl.org/sig/ont/fma/fma52775	1.0
http://snomed.info/id/5942008	http://purl.org/sig/ont/fma/fma49028	1.0
http://snomed.info/id/5943003	http://purl.org/sig/ont/fma/fma52434	0.94156474
http://snomed.info/id/59438005	http://purl.org/sig/ont/fma/fma3862	1.0
http://snomed.info/id/5944009	http://purl.org/sig/ont/fma/fma55025	1.0
http://snomed.info/id/59441001	http://purl.org/sig/ont/fma/fma5034	1.0
http://snomed.info/id/59463005	http://purl.org/sig/ont/fma/fma16132	1.0
http://snomed.info/id/59473007	http://purl.org/sig/ont/fma/fma54510	1.0
http://snomed.info/id/5948007	http://purl.org/sig/ont/fma/fma322777	0.9748202
http://snomed.info/id/59498008	http://purl.org/sig/ont/fma/fma52769	1.0
http://snomed.info/id/595000	http://purl.org/sig/ont/fma/fma59110	1.0
http://snomed.info/id/59503006	http://purl.org/sig/ont/fma/fma61224	1.0
http://snomed.info/id/5951000	http://purl.org/sig/ont/fma/fma24941	1.0
http://snomed.info/id/59513003	http://purl.org/sig/ont/fma/fma55181	0.94448727
http://snomed.info/id/59555007	http://purl.org/sig/ont/fma/fma322760	0.97674733
http://snomed.info/id/59579009	http://purl.org/sig/ont/fma/fma14318	0.93218946
http://snomed.info/id/59581006	http://purl.org/sig/ont/fma/fma60998	1.0
http://snomed.info/id/59609004	http://purl.org/sig/ont/fma/fma9396	1.0
http://snomed.info/id/59641005	http://purl.org/sig/ont/fma/fma302942	0.96041501
http://snomed.info/id/59650007	http://purl.org/sig/ont/fma/fma72648	0.90524584
http://snomed.info/id/59691009	http://purl.org/sig/ont/fma/fma7431	1.0
http://snomed.info/id/59713001	http://purl.org/sig/ont/fma/fma37076	1.0
http://snomed.info/id/59744005	http://purl.org/sig/ont/fma/fma52932	1.0
http://snomed.info/id/59749000	http://purl.org/sig/ont/fma/fma49927	1.0
http://snomed.info/id/59752008	http://purl.org/sig/ont/fma/fma77461	1.0
http://snomed.info/id/59757002	http://purl.org/sig/ont/fma/fma19099	1.0
http://snomed.info/id/59767007	http://purl.org/sig/ont/fma/fma19826	0.94973177
http://snomed.info/id/59781009	http://purl.org/sig/ont/fma/fma56721	1.0
http://snomed.info/id/5979006	http://purl.org/sig/ont/fma/fma49970	1.0
http://snomed.info/id/59791003	http://purl.org/sig/ont/fma/fma44853	0.97340351
http://snomed.info/id/59820001	http://purl.org/sig/ont/fma/fma63183	1.0
http://snomed.info/id/59830005	http://purl.org/sig/ont/fma/fma43902	1.0
http://snomed.info/id/59831009	http://purl.org/sig/ont/fma/fma22539	1.0
http://snomed.info/id/59907000	http://purl.org/sig/ont/fma/fma8338	1.0
http://snomed.info/id/59908005	http://purl.org/sig/ont/fma/fma37380	0.93823677
http://snomed.info/id/59920002	http://purl.org/sig/ont/fma/fma50087	1.0
http://snomed.info/id/59950005	http://purl.org/sig/ont/fma/fma52242	1.0
http://snomed.info/id/59952002	http://purl.org/sig/ont/fma/fma58342	0.92118025
http://snomed.info/id/59966007	http://purl.org/sig/ont/fma/fma321612	0.93060791
http://snomed.info/id/60003005	http://purl.org/sig/ont/fma/fma322787	0.97913355
http://snomed.info/id/60005003	http://purl.org/sig/ont/fma/fma9627	1.0
http://snomed.info/id/6001004	http://purl.org/sig/ont/fma/fma15569	1.0
http://snomed.info/id/60028002	http://purl.org/sig/ont/fma/fma18896	1.0
http://snomed.info/id/60035005	http://purl.org/sig/ont/fma/fma37522	1.0
http://snomed.info/id/60039004	http://purl.org/sig/ont/fma/fma14506	1.0
http://snomed.info/id/6006009	http://purl.org/sig/ont/fma/fma14945	1.0
http://snomed.info/id/60075002	http://purl.org/sig/ont/fma/fma9395	1.0
http://snomed.info/id/6009002	http://purl.org/sig/ont/fma/fma77100	1.0
http://snomed.info/id/60105000	http://purl.org/sig/ont/fma/fma77208	1.0
http://snomed.info/id/60114005	http://purl.org/sig/ont/fma/fma37380	1.0
http://snomed.info/id/60120006	http://purl.org/sig/ont/fma/fma46120	1.0
http://snomed.info/id/60152006	http://purl.org/sig/ont/fma/fma14675	1.0
http://snomed.info/id/60154007	http://purl.org/sig/ont/fma/fma322776	0.97267073
http://snomed.info/id/60176003	http://purl.org/sig/ont/fma/fma50028	1.0
http://snomed.info/id/60184004	http://purl.org/sig/ont/fma/fma14548	1.0
http://snomed.info/id/60226006	http://purl.org/sig/ont/fma/fma64024	0.97441101
http://snomed.info/id/60227002	http://purl.org/sig/ont/fma/fma16644	1.0
http://snomed.info/id/60272005	http://purl.org/sig/ont/fma/fma16487	1.0
http://snomed.info/id/60274006	http://purl.org/sig/ont/fma/fma10067	1.0
http://snomed.info/id/60297009	http://purl.org/sig/ont/fma/fma15628	0.91551048
http://snomed.info/id/60319009	http://purl.org/sig/ont/fma/fma18247	1.0
http://snomed.info/id/60325008	http://purl.org/sig/ont/fma/fma19926	1.0
http://snomed.info/id/60361003	http://purl.org/sig/ont/fma/fma17931	1.0
http://snomed.info/id/60367004	http://purl.org/sig/ont/fma/fma52680	0.91799712
http://snomed.info/id/60377002	http://purl.org/sig/ont/fma/fma20981	0.93984753
http://snomed.info/id/60396003	http://purl.org/sig/ont/fma/fma275054	1.0
http://snomed.info/id/60405008	http://purl.org/sig/ont/fma/fma19583	1.0
http://snomed.info/id/60413009	http://purl.org/sig/ont/fma/fma7480	1.0
http://snomed.info/id/60428009	http://purl.org/sig/ont/fma/fma38274	0.96815699
http://snomed.info/id/60433008	http://purl.org/sig/ont/fma/fma44771	0.92934555
http://snomed.info/id/60494004	http://purl.org/sig/ont/fma/fma46619	0.95277643
http://snomed.info/id/6050005	http://purl.org/sig/ont/fma/fma51779	1.0
http://snomed.info/id/60561004	http://purl.org/sig/ont/fma/fma44595	0.95316482
http://snomed.info/id/60593007	http://purl.org/sig/ont/fma/fma44517	0.97543442
http://snomed.info/id/60613003	http://purl.org/sig/ont/fma/fma322668	1.0
http://snomed.info/id/60615005	http://purl.org/sig/ont/fma/fma16952	1.0
http://snomed.info/id/60618007	http://purl.org/sig/ont/fma/fma37418	1.0
http://snomed.info/id/60623007	http://purl.org/sig/ont/fma/fma45201	1.0
http://snomed.info/id/60678001	http://purl.org/sig/ont/fma/fma323291	1.0
http://snomed.info/id/60692007	http://purl.org/sig/ont/fma/fma54823	0.99411058
http://snomed.info/id/60720001	http://purl.org/sig/ont/fma/fma64828	1.0
http://snomed.info/id/6073002	http://purl.org/sig/ont/fma/fma9878	0.93590671
http://snomed.info/id/60734001	http://purl.org/sig/ont/fma/fma21376	1.0
http://snomed.info/id/6074008	http://purl.org/sig/ont/fma/fma57050	0.97202462
http://snomed.info/id/60766006	http://purl.org/sig/ont/fma/fma55397	1.0
http://snomed.info/id/60771004	http://purl.org/sig/ont/fma/fma22540	1.0
http://snomed.info/id/60778005	http://purl.org/sig/ont/fma/fma323381	1.0
http://snomed.info/id/60791006	http://purl.org/sig/ont/fma/fma322439	0.99561864
http://snomed.info/id/608002	http://purl.org/sig/ont/fma/fma59377	0.90550935
http://snomed.info/id/60894006	http://purl.org/sig/ont/fma/fma55516	1.0
http://snomed.info/id/60911003	http://purl.org/sig/ont/fma/fma52737	1.0
http://snomed.info/id/609390000	http://purl.org/sig/ont/fma/fma5903	1.0
http://snomed.info/id/609391001	http://purl.org/sig/ont/fma/fma5903	0.90476769
http://snomed.info/id/609392008	http://purl.org/sig/ont/fma/fma5903	0.90840834
http://snomed.info/id/60944009	http://purl.org/sig/ont/fma/fma45643	0.914244
http://snomed.info/id/609596005	http://purl.org/sig/ont/fma/fma44696	1.0
http://snomed.info/id/609597001	http://purl.org/sig/ont/fma/fma44686	1.0
http://snomed.info/id/609598006	http://purl.org/sig/ont/fma/fma45246	1.0
http://snomed.info/id/609602008	http://purl.org/sig/ont/fma/fma44688	0.94931728
http://snomed.info/id/609603003	http://purl.org/sig/ont/fma/fma44688	0.91442275
http://snomed.info/id/609604009	http://purl.org/sig/ont/fma/fma44688	0.96021152
http://snomed.info/id/609606006	http://purl.org/sig/ont/fma/fma52570	1.0
http://snomed.info/id/609607002	http://purl.org/sig/ont/fma/fma52571	1.0
http://snomed.info/id/609608007	http://purl.org/sig/ont/fma/fma53400	1.0
http://snomed.info/id/60962000	http://purl.org/sig/ont/fma/fma57459	1.0
http://snomed.info/id/609628006	http://purl.org/sig/ont/fma/fma44678	1.0
http://snomed.info/id/609629003	http://purl.org/sig/ont/fma/fma321777	0.93990868
http://snomed.info/id/60965003	http://purl.org/sig/ont/fma/fma16652	0.94812107
http://snomed.info/id/60995006	http://purl.org/sig/ont/fma/fma19239	1.0
http://snomed.info/id/60996007	http://purl.org/sig/ont/fma/fma12768	1.0
http://snomed.info/id/61001002	http://purl.org/sig/ont/fma/fma62888	0.98088032
http://snomed.info/id/61032001	http://purl.org/sig/ont/fma/fma16082	1.0
http://snomed.info/id/61038002	http://purl.org/sig/ont/fma/fma16066	0.9557122
http://snomed.info/id/6104005	http://purl.org/sig/ont/fma/fma65280	1.0
http://snomed.info/id/61042004	http://purl.org/sig/ont/fma/fma76903	0.92626137
http://snomed.info/id/61046001	http://purl.org/sig/ont/fma/fma22681	1.0
http://snomed.info/id/6105006	http://purl.org/sig/ont/fma/fma9923	1.0
http://snomed.info/id/61066005	http://purl.org/sig/ont/fma/fma63203	0.9556309
http://snomed.info/id/61067001	http://purl.org/sig/ont/fma/fma9870	1.0
http://snomed.info/id/61069003	http://purl.org/sig/ont/fma/fma42551	0.93279505
http://snomed.info/id/6110005	http://purl.org/sig/ont/fma/fma323350	0.9930684
http://snomed.info/id/61105009	http://purl.org/sig/ont/fma/fma7757	0.90958822
http://snomed.info/id/61106005	http://purl.org/sig/ont/fma/fma18660	1.0
http://snomed.info/id/61122006	http://purl.org/sig/ont/fma/fma72451	1.0
http://snomed.info/id/61134003	http://purl.org/sig/ont/fma/fma22714	1.0
http://snomed.info/id/61231001	http://purl.org/sig/ont/fma/fma49583	1.0
http://snomed.info/id/61248009	http://purl.org/sig/ont/fma/fma37793	0.95359987
http://snomed.info/id/61325001	http://purl.org/sig/ont/fma/fma322184	0.92968655
http://snomed.info/id/61344008	http://purl.org/sig/ont/fma/fma54644	1.0
http://snomed.info/id/61352006	http://purl.org/sig/ont/fma/fma51061	1.0
http://snomed.info/id/61396006	http://purl.org/sig/ont/fma/fma24969	1.0
http://snomed.info/id/61442008	http://purl.org/sig/ont/fma/fma70105	1.0
http://snomed.info/id/61482001	http://purl.org/sig/ont/fma/fma37614	1.0
http://snomed.info/id/61492009	http://purl.org/sig/ont/fma/fma12798	1.0
http://snomed.info/id/61495006	http://purl.org/sig/ont/fma/fma19091	0.97242576
http://snomed.info/id/61506003	http://purl.org/sig/ont/fma/fma16196	1.0
http://snomed.info/id/61513003	http://purl.org/sig/ont/fma/fma322313	1.0
http://snomed.info/id/61538008	http://purl.org/sig/ont/fma/fma72242	1.0
http://snomed.info/id/61563008	http://purl.org/sig/ont/fma/fma55130	1.0
http://snomed.info/id/61577006	http://purl.org/sig/ont/fma/fma72455	1.0
http://snomed.info/id/61592007	http://purl.org/sig/ont/fma/fma38468	0.97830695
http://snomed.info/id/61633005	http://purl.org/sig/ont/fma/fma225028	0.94791144
http://snomed.info/id/61647009	http://purl.org/sig/ont/fma/fma14985	1.0
http://snomed.info/id/61654003	http://purl.org/sig/ont/fma/fma49692	1.0
http://snomed.info/id/61685007	http://purl.org/sig/ont/fma/fma7184	1.0
http://snomed.info/id/61720008	http://purl.org/sig/ont/fma/fma3937	1.0
http://snomed.info/id/61729009	http://purl.org/sig/ont/fma/fma42550	0.90836519
http://snomed.info/id/61737001	http://purl.org/sig/ont/fma/fma64022	0.9771961
http://snomed.info/id/61755005	http://purl.org/sig/ont/fma/fma232411	0.91655052
http://snomed.info/id/61763006	http://purl.org/sig/ont/fma/fma59495	1.0
http://snomed.info/id/61787008	http://purl.org/sig/ont/fma/fma321597	1.0
http://snomed.info/id/61840008	http://purl.org/sig/ont/fma/fma7284	1.0
http://snomed.info/id/61886005	http://purl.org/sig/ont/fma/fma58299	0.97894323
http://snomed.info/id/61896001	http://purl.org/sig/ont/fma/fma45262	1.0
http://snomed.info/id/61906009	http://purl.org/sig/ont/fma/fma50012	1.0
http://snomed.info/id/61940009	http://purl.org/sig/ont/fma/fma322316	1.0
http://snomed.info/id/61945004	http://purl.org/sig/ont/fma/fma322679	1.0
http://snomed.info/id/61962009	http://purl.org/sig/ont/fma/fma61993	1.0
http://snomed.info/id/61964005	http://purl.org/sig/ont/fma/fma39080	1.0
http://snomed.info/id/61987002	http://purl.org/sig/ont/fma/fma16027	1.0
http://snomed.info/id/61995003	http://purl.org/sig/ont/fma/fma9240	1.0
http://snomed.info/id/62010007	http://purl.org/sig/ont/fma/fma52254	1.0
http://snomed.info/id/62015002	http://purl.org/sig/ont/fma/fma69460	0.96226776
http://snomed.info/id/62016001	http://purl.org/sig/ont/fma/fma61278	1.0
http://snomed.info/id/62040009	http://purl.org/sig/ont/fma/fma279913	0.96006805
http://snomed.info/id/62075009	http://purl.org/sig/ont/fma/fma18613	1.0
http://snomed.info/id/62159009	http://purl.org/sig/ont/fma/fma72621	0.95157629
http://snomed.info/id/6216007	http://purl.org/sig/ont/fma/fma63191	0.95026332
http://snomed.info/id/62175007	http://purl.org/sig/ont/fma/fma7187	1.0
http://snomed.info/id/62181004	http://purl.org/sig/ont/fma/fma60880	1.0
http://snomed.info/id/62217003	http://purl.org/sig/ont/fma/fma13550	0.9714762
http://snomed.info/id/62223008	http://purl.org/sig/ont/fma/fma49989	1.0
http://snomed.info/id/62284004	http://purl.org/sig/ont/fma/fma62332	1.0
http://snomed.info/id/62290000	http://purl.org/sig/ont/fma/fma54440	1.0
http://snomed.info/id/6229007	http://purl.org/sig/ont/fma/fma52741	1.0
http://snomed.info/id/62378004	http://purl.org/sig/ont/fma/fma5859	1.0
http://snomed.info/id/62380005	http://purl.org/sig/ont/fma/fma52894	1.0
http://snomed.info/id/62397004	http://purl.org/sig/ont/fma/fma5909	1.0
http://snomed.info/id/62406002	http://purl.org/sig/ont/fma/fma77102	1.0
http://snomed.info/id/62413002	http://purl.org/sig/ont/fma/fma34315	0.95405346
http://snomed.info/id/62466004	http://purl.org/sig/ont/fma/fma52770	1.0
http://snomed.info/id/62536009	http://purl.org/sig/ont/fma/fma48967	1.0
http://snomed.info/id/62542008	http://purl.org/sig/ont/fma/fma72548	1.0
http://snomed.info/id/62551000	http://purl.org/sig/ont/fma/fma16035	0.90985686
http://snomed.info/id/62611005	http://purl.org/sig/ont/fma/fma52625	1.0
http://snomed.info/id/6268000	http://purl.org/sig/ont/fma/fma75461	1.0
http://snomed.info/id/62683002	http://purl.org/sig/ont/fma/fma12774	1.0
http://snomed.info/id/62689003	http://purl.org/sig/ont/fma/fma43791	0.96777821
http://snomed.info/id/62701008	http://purl.org/sig/ont/fma/fma56790	0.93525404
http://snomed.info/id/62710000	http://purl.org/sig/ont/fma/fma54813	1.0
http://snomed.info/id/62719004	http://purl.org/sig/ont/fma/fma58604	1.0
http://snomed.info/id/62736007	http://purl.org/sig/ont/fma/fma54442	1.0
http://snomed.info/id/6279005	http://purl.org/sig/ont/fma/fma38320	0.98684937
http://snomed.info/id/62794008	http://purl.org/sig/ont/fma/fma44954	0.97903681
http://snomed.info/id/62802007	http://purl.org/sig/ont/fma/fma274269	0.9314605
http://snomed.info/id/62818001	http://purl.org/sig/ont/fma/fma74627	1.0
http://snomed.info/id/62833009	http://purl.org/sig/ont/fma/fma42788	1.0
http://snomed.info/id/62839008	http://purl.org/sig/ont/fma/fma61151	1.0
http://snomed.info/id/62860002	http://purl.org/sig/ont/fma/fma321527	0.94410169
http://snomed.info/id/62869001	http://purl.org/sig/ont/fma/fma51799	0.92683887
http://snomed.info/id/62872008	http://purl.org/sig/ont/fma/fma61961	1.0
http://snomed.info/id/62876006	http://purl.org/sig/ont/fma/fma314283	0.96358079
http://snomed.info/id/62919005	http://purl.org/sig/ont/fma/fma14472	1.0
http://snomed.info/id/62961004	http://purl.org/sig/ont/fma/fma54360	1.0
http://snomed.info/id/63013001	http://purl.org/sig/ont/fma/fma22967	1.0
http://snomed.info/id/63019002	http://purl.org/sig/ont/fma/fma322775	0.96659428
http://snomed.info/id/63059004	http://purl.org/sig/ont/fma/fma7254	1.0
http://snomed.info/id/63082002	http://purl.org/sig/ont/fma/fma49675	1.0
http://snomed.info/id/63149002	http://purl.org/sig/ont/fma/fma46005	0.95357251
http://snomed.info/id/63151003	http://purl.org/sig/ont/fma/fma322766	0.98261648
http://snomed.info/id/63153000	http://purl.org/sig/ont/fma/fma7422	1.0
http://snomed.info/id/6317000	http://purl.org/sig/ont/fma/fma9327	0.94339556
http://snomed.info/id/63190004	http://purl.org/sig/ont/fma/fma50806	0.93468451
http://snomed.info/id/63207002	http://purl.org/sig/ont/fma/fma76899	1.0
http://snomed.info/id/63209004	http://purl.org/sig/ont/fma/fma38616	1.0
http://snomed.info/id/63215004	http://purl.org/sig/ont/fma/fma7378	1.0
http://snomed.info/id/63217007	http://purl.org/sig/ont/fma/fma15041	1.0
http://snomed.info/id/63231007	http://purl.org/sig/ont/fma/fma52896	1.0
http://snomed.info/id/63239009	http://purl.org/sig/ont/fma/fma7212	1.0
http://snomed.info/id/6325003	http://purl.org/sig/ont/fma/fma46602	1.0
http://snomed.info/id/63252004	http://purl.org/sig/ont/fma/fma42304	0.94059873
http://snomed.info/id/63255002	http://purl.org/sig/ont/fma/fma49961	1.0
http://snomed.info/id/63303001	http://purl.org/sig/ont/fma/fma83599	1.0
http://snomed.info/id/63333008	http://purl.org/sig/ont/fma/fma46658	0.93568712
http://snomed.info/id/63358003	http://purl.org/sig/ont/fma/fma14584	1.0
http://snomed.info/id/63359006	http://purl.org/sig/ont/fma/fma320407	1.0
http://snomed.info/id/63401003	http://purl.org/sig/ont/fma/fma42655	1.0
http://snomed.info/id/63404006	http://purl.org/sig/ont/fma/fma9715	1.0
http://snomed.info/id/63406008	http://purl.org/sig/ont/fma/fma9728	1.0
http://snomed.info/id/63424005	http://purl.org/sig/ont/fma/fma35515	1.0
http://snomed.info/id/63464009	http://purl.org/sig/ont/fma/fma37800	0.95884842
http://snomed.info/id/63473001	http://purl.org/sig/ont/fma/fma20824	1.0
http://snomed.info/id/63492004	http://purl.org/sig/ont/fma/fma6572	1.0
http://snomed.info/id/63507001	http://purl.org/sig/ont/fma/fma18883	1.0
http://snomed.info/id/63528005	http://purl.org/sig/ont/fma/fma46312	1.0
http://snomed.info/id/63572008	http://purl.org/sig/ont/fma/fma23254	1.0
http://snomed.info/id/63587003	http://purl.org/sig/ont/fma/fma321707	0.93049836
http://snomed.info/id/63588008	http://purl.org/sig/ont/fma/fma15651	1.0
http://snomed.info/id/6359004	http://purl.org/sig/ont/fma/fma322848	1.0
http://snomed.info/id/63602000	http://purl.org/sig/ont/fma/fma7417	1.0
http://snomed.info/id/63612007	http://purl.org/sig/ont/fma/fma74250	0.91886598
http://snomed.info/id/63655006	http://purl.org/sig/ont/fma/fma46641	0.94753253
http://snomed.info/id/63660005	http://purl.org/sig/ont/fma/fma321453	1.0
http://snomed.info/id/63677005	http://purl.org/sig/ont/fma/fma20174	1.0
http://snomed.info/id/6371005	http://purl.org/sig/ont/fma/fma233970	0.98047078
http://snomed.info/id/6375001	http://purl.org/sig/ont/fma/fma19681	0.91579032
http://snomed.info/id/63784007	http://purl.org/sig/ont/fma/fma322150	0.97722924
http://snomed.info/id/63790006	http://purl.org/sig/ont/fma/fma9156	1.0
http://snomed.info/id/63796000	http://purl.org/sig/ont/fma/fma27287	0.94722438
http://snomed.info/id/63802003	http://purl.org/sig/ont/fma/fma58713	1.0
http://snomed.info/id/63824003	http://purl.org/sig/ont/fma/fma85528	0.96777129
http://snomed.info/id/63847002	http://purl.org/sig/ont/fma/fma55374	1.0
http://snomed.info/id/63861007	http://purl.org/sig/ont/fma/fma7811	0.9022764
http://snomed.info/id/63899000	http://purl.org/sig/ont/fma/fma318558	0.93423474
http://snomed.info/id/63916007	http://purl.org/sig/ont/fma/fma9150	1.0
http://snomed.info/id/6392005	http://purl.org/sig/ont/fma/fma5863	1.0
http://snomed.info/id/63982000	http://purl.org/sig/ont/fma/fma72400	1.0
http://snomed.info/id/64013008	http://purl.org/sig/ont/fma/fma321519	1.00000012
http://snomed.info/id/64017009	http://purl.org/sig/ont/fma/fma45054	0.98023802
http://snomed.info/id/64033007	http://purl.org/sig/ont/fma/fma7203	1.0
http://snomed.info/id/64038003	http://purl.org/sig/ont/fma/fma5932	1.0
http://snomed.info/id/6404004	http://purl.org/sig/ont/fma/fma13427	1.0
http://snomed.info/id/64047006	http://purl.org/sig/ont/fma/fma322814	0.94854808
http://snomed.info/id/64104009	http://purl.org/sig/ont/fma/fma18641	1.0
http://snomed.info/id/6413002	http://purl.org/sig/ont/fma/fma16667	1.0
http://snomed.info/id/64131007	http://purl.org/sig/ont/fma/fma10951	1.0
http://snomed.info/id/64141005	http://purl.org/sig/ont/fma/fma52492	1.0
http://snomed.info/id/64154003	http://purl.org/sig/ont/fma/fma7420	1.0
http://snomed.info/id/64163001	http://purl.org/sig/ont/fma/fma10468	1.0
http://snomed.info/id/64164007	http://purl.org/sig/ont/fma/fma22806	1.0
http://snomed.info/id/6417001	http://purl.org/sig/ont/fma/fma35451	1.0
http://snomed.info/id/64214009	http://purl.org/sig/ont/fma/fma62178	1.0
http://snomed.info/id/6423006	http://purl.org/sig/ont/fma/fma9629	1.0
http://snomed.info/id/64274004	http://purl.org/sig/ont/fma/fma5884	0.95914584
http://snomed.info/id/64275003	http://purl.org/sig/ont/fma/fma62209	1.0
http://snomed.info/id/64277006	http://purl.org/sig/ont/fma/fma71673	1.0
http://snomed.info/id/64281006	http://purl.org/sig/ont/fma/fma14670	1.0
http://snomed.info/id/64292007	http://purl.org/sig/ont/fma/fma7466	1.0
http://snomed.info/id/64303008	http://purl.org/sig/ont/fma/fma59805	1.0
http://snomed.info/id/64312005	http://purl.org/sig/ont/fma/fma52859	1.0
http://snomed.info/id/64317004	http://purl.org/sig/ont/fma/fma23921	1.0
http://snomed.info/id/64322004	http://purl.org/sig/ont/fma/fma22536	1.0
http://snomed.info/id/64331004	http://purl.org/sig/ont/fma/fma66762	1.0
http://snomed.info/id/64339002	http://purl.org/sig/ont/fma/fma43009	1.0
http://snomed.info/id/64344009	http://purl.org/sig/ont/fma/fma15912	1.0
http://snomed.info/id/64353002	http://purl.org/sig/ont/fma/fma7404	1.0
http://snomed.info/id/64363005	http://purl.org/sig/ont/fma/fma62795	0.93185705
http://snomed.info/id/64391002	http://purl.org/sig/ont/fma/fma60883	1.0
http://snomed.info/id/64393004	http://purl.org/sig/ont/fma/fma32428	1.0
http://snomed.info/id/64395006	http://purl.org/sig/ont/fma/fma49711	1.0
http://snomed.info/id/64424004	http://purl.org/sig/ont/fma/fma54986	1.0
http://snomed.info/id/64453003	http://purl.org/sig/ont/fma/fma13380	1.0
http://snomed.info/id/64468002	http://purl.org/sig/ont/fma/fma68109	1.0
http://snomed.info/id/6448009	http://purl.org/sig/ont/fma/fma6227	1.0
http://snomed.info/id/64496008	http://purl.org/sig/ont/fma/fma37489	1.0
http://snomed.info/id/64523008	http://purl.org/sig/ont/fma/fma76829	1.0
http://snomed.info/id/64529007	http://purl.org/sig/ont/fma/fma44771	1.0
http://snomed.info/id/64554007	http://purl.org/sig/ont/fma/fma42878	1.0
http://snomed.info/id/64556009	http://purl.org/sig/ont/fma/fma16642	1.0
http://snomed.info/id/64568000	http://purl.org/sig/ont/fma/fma45890	1.0
http://snomed.info/id/64605006	http://purl.org/sig/ont/fma/fma35474	0.92977011
http://snomed.info/id/64626006	http://purl.org/sig/ont/fma/fma55222	1.0
http://snomed.info/id/64633006	http://purl.org/sig/ont/fma/fma58006	1.0
http://snomed.info/id/64655003	http://purl.org/sig/ont/fma/fma14659	1.0
http://snomed.info/id/64658001	http://purl.org/sig/ont/fma/fma9759	1.0
http://snomed.info/id/64680003	http://purl.org/sig/ont/fma/fma322926	0.97776973
http://snomed.info/id/64688005	http://purl.org/sig/ont/fma/fma34996	0.95912623
http://snomed.info/id/64691005	http://purl.org/sig/ont/fma/fma16097	1.0
http://snomed.info/id/64720009	http://purl.org/sig/ont/fma/fma7429	1.0
http://snomed.info/id/64733003	http://purl.org/sig/ont/fma/fma322968	0.90907186
http://snomed.info/id/64739004	http://purl.org/sig/ont/fma/fma19386	1.0
http://snomed.info/id/64745007	http://purl.org/sig/ont/fma/fma51239	1.0
http://snomed.info/id/64747004	http://purl.org/sig/ont/fma/fma9732	1.0
http://snomed.info/id/64782003	http://purl.org/sig/ont/fma/fma16087	1.0
http://snomed.info/id/64807000	http://purl.org/sig/ont/fma/fma42875	1.0
http://snomed.info/id/64944001	http://purl.org/sig/ont/fma/fma21354	0.92697275
http://snomed.info/id/64952003	http://purl.org/sig/ont/fma/fma44764	0.98511177
http://snomed.info/id/64977002	http://purl.org/sig/ont/fma/fma17091	1.0
http://snomed.info/id/64997007	http://purl.org/sig/ont/fma/fma68874	1.0
http://snomed.info/id/65000005	http://purl.org/sig/ont/fma/fma75428	1.0
http://snomed.info/id/650002	http://purl.org/sig/ont/fma/fma9986	1.0
http://snomed.info/id/65006004	http://purl.org/sig/ont/fma/fma18087	1.0
http://snomed.info/id/65040004	http://purl.org/sig/ont/fma/fma9965	1.0
http://snomed.info/id/6504002	http://purl.org/sig/ont/fma/fma19999	0.92721879
http://snomed.info/id/65045009	http://purl.org/sig/ont/fma/fma53612	0.93005049
http://snomed.info/id/65048006	http://purl.org/sig/ont/fma/fma55567	1.0
http://snomed.info/id/65067005	http://purl.org/sig/ont/fma/fma322052	1.0
http://snomed.info/id/65109008	http://purl.org/sig/ont/fma/fma8126	0.90315998
http://snomed.info/id/6511003	http://purl.org/sig/ont/fma/fma3906	1.0
http://snomed.info/id/65116009	http://purl.org/sig/ont/fma/fma52411	1.0
http://snomed.info/id/65212004	http://purl.org/sig/ont/fma/fma71559	0.92016929
http://snomed.info/id/65213009	http://purl.org/sig/ont/fma/fma15395	1.0
http://snomed.info/id/65224006	http://purl.org/sig/ont/fma/fma77829	1.0
http://snomed.info/id/65253007	http://purl.org/sig/ont/fma/fma16094	1.0
http://snomed.info/id/65258003	http://purl.org/sig/ont/fma/fma32629	1.0
http://snomed.info/id/65266007	http://purl.org/sig/ont/fma/fma44225	1.0
http://snomed.info/id/65271000	http://purl.org/sig/ont/fma/fma60510	0.92462105
http://snomed.info/id/65272007	http://purl.org/sig/ont/fma/fma54656	1.0
http://snomed.info/id/65289004	http://purl.org/sig/ont/fma/fma57458	1.0
http://snomed.info/id/65326006	http://purl.org/sig/ont/fma/fma323257	0.95543969
http://snomed.info/id/6533001	http://purl.org/sig/ont/fma/fma14552	1.0
http://snomed.info/id/65349008	http://purl.org/sig/ont/fma/fma16646	1.0
http://snomed.info/id/65352000	http://purl.org/sig/ont/fma/fma23902	1.0
http://snomed.info/id/65355003	http://purl.org/sig/ont/fma/fma3941	1.0
http://snomed.info/id/65359009	http://purl.org/sig/ont/fma/fma7398	1.0
http://snomed.info/id/65374006	http://purl.org/sig/ont/fma/fma14957	1.0
http://snomed.info/id/65376008	http://purl.org/sig/ont/fma/fma70491	0.97360903
http://snomed.info/id/6538005	http://purl.org/sig/ont/fma/fma3990	1.0
http://snomed.info/id/65408007	http://purl.org/sig/ont/fma/fma77250	1.0
http://snomed.info/id/65439009	http://purl.org/sig/ont/fma/fma9909	0.98216099
http://snomed.info/id/6544009	http://purl.org/sig/ont/fma/fma16520	1.0
http://snomed.info/id/65469002	http://purl.org/sig/ont/fma/fma20170	0.95546609
http://snomed.info/id/65490005	http://purl.org/sig/ont/fma/fma16485	1.0
http://snomed.info/id/6550004	http://purl.org/sig/ont/fma/fma14573	1.0
http://snomed.info/id/6551000	http://purl.org/sig/ont/fma/fma22762	0.90842205
http://snomed.info/id/6553002	http://purl.org/sig/ont/fma/fma54736	1.0
http://snomed.info/id/65531009	http://purl.org/sig/ont/fma/fma24947	1.0
http://snomed.info/id/65548001	http://purl.org/sig/ont/fma/fma35448	1.0
http://snomed.info/id/65549009	http://purl.org/sig/ont/fma/fma32699	0.9252317
http://snomed.info/id/65566006	http://purl.org/sig/ont/fma/fma323044	0.93853271
http://snomed.info/id/65571004	http://purl.org/sig/ont/fma/fma4744	1.0
http://snomed.info/id/65608004	http://purl.org/sig/ont/fma/fma18305	1.0
http://snomed.info/id/65609007	http://purl.org/sig/ont/fma/fma42872	1.0
http://snomed.info/id/65610002	http://purl.org/sig/ont/fma/fma21467	0.95723194
http://snomed.info/id/65611003	http://purl.org/sig/ont/fma/fma15418	0.95721674
http://snomed.info/id/65618009	http://purl.org/sig/ont/fma/fma42281	1.0
http://snomed.info/id/6566002	http://purl.org/sig/ont/fma/fma242392	0.90176076
http://snomed.info/id/65681008	http://purl.org/sig/ont/fma/fma44233	1.0
http://snomed.info/id/65686003	http://purl.org/sig/ont/fma/fma5835	1.0
http://snomed.info/id/65690001	http://purl.org/sig/ont/fma/fma5953	1.0
http://snomed.info/id/65719009	http://purl.org/sig/ont/fma/fma77597	0.93723261
http://snomed.info/id/6572002	http://purl.org/sig/ont/fma/fma37510	1.0
http://snomed.info/id/65739008	http://purl.org/sig/ont/fma/fma52081	0.98991901
http://snomed.info/id/65743007	http://purl.org/sig/ont/fma/fma75653	1.0
http://snomed.info/id/65750006	http://purl.org/sig/ont/fma/fma293451	1.0
http://snomed.info/id/65780001	http://purl.org/sig/ont/fma/fma272214	1.0
http://snomed.info/id/65784005	http://purl.org/sig/ont/fma/fma322158	0.98316026
http://snomed.info/id/65820005	http://purl.org/sig/ont/fma/fma54441	1.0
http://snomed.info/id/65836007	http://purl.org/sig/ont/fma/fma44659	1.0
http://snomed.info/id/65857004	http://purl.org/sig/ont/fma/fma322063	1.0
http://snomed.info/id/65901007	http://purl.org/sig/ont/fma/fma44067	0.96909994
http://snomed.info/id/65917001	http://purl.org/sig/ont/fma/fma77444	0.90825987
http://snomed.info/id/65930000	http://purl.org/sig/ont/fma/fma46825	1.0
http://snomed.info/id/6598008	http://purl.org/sig/ont/fma/fma53218	1.0
http://snomed.info/id/65985001	http://purl.org/sig/ont/fma/fma13077	1.0
http://snomed.info/id/66000000	http://purl.org/sig/ont/fma/fma323076	0.93999898
http://snomed.info/id/660006	http://purl.org/sig/ont/fma/fma7471	1.0
http://snomed.info/id/66005005	http://purl.org/sig/ont/fma/fma9932	1.0
http://snomed.info/id/66008007	http://purl.org/sig/ont/fma/fma76902	0.92602426
http://snomed.info/id/66012001	http://purl.org/sig/ont/fma/fma19575	1.0
http://snomed.info/id/66019005	http://purl.org/sig/ont/fma/fma7182	1.0
http://snomed.info/id/66030008	http://purl.org/sig/ont/fma/fma55259	1.0
http://snomed.info/id/66031007	http://purl.org/sig/ont/fma/fma53475	1.0
http://snomed.info/id/66036002	http://purl.org/sig/ont/fma/fma17231	1.0
http://snomed.info/id/66040006	http://purl.org/sig/ont/fma/fma42844	0.95900273
http://snomed.info/id/66041005	http://purl.org/sig/ont/fma/fma49039	1.0
http://snomed.info/id/66051006	http://purl.org/sig/ont/fma/fma14579	1.0
http://snomed.info/id/6606008	http://purl.org/sig/ont/fma/fma44214	0.98456049
http://snomed.info/id/66117005	http://purl.org/sig/ont/fma/fma3936	0.96026689
http://snomed.info/id/66129001	http://purl.org/sig/ont/fma/fma18908	0.93608361
http://snomed.info/id/66138004	http://purl.org/sig/ont/fma/fma46622	1.0
http://snomed.info/id/66145004	http://purl.org/sig/ont/fma/fma9625	1.0
http://snomed.info/id/66150005	http://purl.org/sig/ont/fma/fma55233	1.0
http://snomed.info/id/66155000	http://purl.org/sig/ont/fma/fma57866	1.0
http://snomed.info/id/66171000	http://purl.org/sig/ont/fma/fma72516	1.0
http://snomed.info/id/6620001	http://purl.org/sig/ont/fma/fma77857	0.91036099
http://snomed.info/id/66220008	http://purl.org/sig/ont/fma/fma77724	0.95470601
http://snomed.info/id/6623004	http://purl.org/sig/ont/fma/fma9717	0.90460855
http://snomed.info/id/66247003	http://purl.org/sig/ont/fma/fma15908	1.0
http://snomed.info/id/66268002	http://purl.org/sig/ont/fma/fma59936	1.0
http://snomed.info/id/66272003	http://purl.org/sig/ont/fma/fma58368	1.0
http://snomed.info/id/66275001	http://purl.org/sig/ont/fma/fma72308	0.9448126
http://snomed.info/id/66286004	http://purl.org/sig/ont/fma/fma33808	0.93154299
http://snomed.info/id/66288003	http://purl.org/sig/ont/fma/fma61431	0.95951456
http://snomed.info/id/66311001	http://purl.org/sig/ont/fma/fma50017	1.0
http://snomed.info/id/6633007	http://purl.org/sig/ont/fma/fma50584	0.95334983
http://snomed.info/id/66333004	http://purl.org/sig/ont/fma/fma322878	1.0
http://snomed.info/id/66336007	http://purl.org/sig/ont/fma/fma322675	1.0
http://snomed.info/id/66340003	http://purl.org/sig/ont/fma/fma7595	1.0
http://snomed.info/id/66355007	http://purl.org/sig/ont/fma/fma323317	0.9417761
http://snomed.info/id/66372000	http://purl.org/sig/ont/fma/fma53066	1.0
http://snomed.info/id/66388000	http://purl.org/sig/ont/fma/fma23359	1.0
http://snomed.info/id/66407008	http://purl.org/sig/ont/fma/fma62406	1.0
http://snomed.info/id/66418008	http://purl.org/sig/ont/fma/fma322941	0.96724534
http://snomed.info/id/66420006	http://purl.org/sig/ont/fma/fma60508	0.9101274
http://snomed.info/id/6643005	http://purl.org/sig/ont/fma/fma50029	0.95008528
http://snomed.info/id/66436008	http://purl.org/sig/ont/fma/fma59792	1.0
http://snomed.info/id/66439001	http://purl.org/sig/ont/fma/fma14709	1.0
http://snomed.info/id/66457000	http://purl.org/sig/ont/fma/fma19999	0.93029463
http://snomed.info/id/6649009	http://purl.org/sig/ont/fma/fma20423	1.0
http://snomed.info/id/6651008	http://purl.org/sig/ont/fma/fma72519	1.0
http://snomed.info/id/66559000	http://purl.org/sig/ont/fma/fma14771	1.0
http://snomed.info/id/66599002	http://purl.org/sig/ont/fma/fma45195	0.94640368
http://snomed.info/id/66617006	http://purl.org/sig/ont/fma/fma55135	1.0
http://snomed.info/id/66624007	http://purl.org/sig/ont/fma/fma60508	0.9713732
http://snomed.info/id/66643007	http://purl.org/sig/ont/fma/fma10462	0.94722873
http://snomed.info/id/66667004	http://purl.org/sig/ont/fma/fma37064	1.0
http://snomed.info/id/66736009	http://purl.org/sig/ont/fma/fma322831	0.98270237
http://snomed.info/id/66754008	http://purl.org/sig/ont/fma/fma14542	1.0
http://snomed.info/id/66785004	http://purl.org/sig/ont/fma/fma8518	1.0
http://snomed.info/id/66823003	http://purl.org/sig/ont/fma/fma7703	1.0
http://snomed.info/id/66828007	http://purl.org/sig/ont/fma/fma14064	0.94300717
http://snomed.info/id/66834000	http://purl.org/sig/ont/fma/fma322757	0.97672927
http://snomed.info/id/66840007	http://purl.org/sig/ont/fma/fma70722	0.92873865
http://snomed.info/id/6684008	http://purl.org/sig/ont/fma/fma66210	1.0
http://snomed.info/id/66928008	http://purl.org/sig/ont/fma/fma37682	1.0
http://snomed.info/id/66934001	http://purl.org/sig/ont/fma/fma59380	0.97538704
http://snomed.info/id/66938003	http://purl.org/sig/ont/fma/fma54651	1.0
http://snomed.info/id/66949009	http://purl.org/sig/ont/fma/fma22662	0.90304053
http://snomed.info/id/66965005	http://purl.org/sig/ont/fma/fma13416	1.0
http://snomed.info/id/66968007	http://purl.org/sig/ont/fma/fma33764	0.92932034
http://snomed.info/id/66977000	http://purl.org/sig/ont/fma/fma46841	1.0
http://snomed.info/id/66997005	http://purl.org/sig/ont/fma/fma9599	1.0
http://snomed.info/id/67040000	http://purl.org/sig/ont/fma/fma48968	1.0
http://snomed.info/id/67046006	http://purl.org/sig/ont/fma/fma58658	1.0
http://snomed.info/id/67082001	http://purl.org/sig/ont/fma/fma49506	1.0
http://snomed.info/id/67094005	http://purl.org/sig/ont/fma/fma32439	1.0
http://snomed.info/id/67109009	http://purl.org/sig/ont/fma/fma15076	1.0
http://snomed.info/id/6711001	http://purl.org/sig/ont/fma/fma16088	1.0
http://snomed.info/id/67111000	http://purl.org/sig/ont/fma/fma76637	1.0
http://snomed.info/id/67115009	http://purl.org/sig/ont/fma/fma27686	0.92861629
http://snomed.info/id/67117001	http://purl.org/sig/ont/fma/fma49143	1.0
http://snomed.info/id/67128002	http://purl.org/sig/ont/fma/fma76944	0.93654084
http://snomed.info/id/67145007	http://purl.org/sig/ont/fma/fma42303	0.93381262
http://snomed.info/id/67169006	http://purl.org/sig/ont/fma/fma42983	1.0
http://snomed.info/id/67177005	http://purl.org/sig/ont/fma/fma16137	1.0
http://snomed.info/id/67183008	http://purl.org/sig/ont/fma/fma52836	0.91798729
http://snomed.info/id/67186000	http://purl.org/sig/ont/fma/fma16076	1.0
http://snomed.info/id/6720005	http://purl.org/sig/ont/fma/fma52196	0.91828865
http://snomed.info/id/67211007	http://purl.org/sig/ont/fma/fma44058	1.0
http://snomed.info/id/67240005	http://purl.org/sig/ont/fma/fma37369	0.97419828
http://snomed.info/id/67243007	http://purl.org/sig/ont/fma/fma323307	0.93496501
http://snomed.info/id/67252003	http://purl.org/sig/ont/fma/fma68967	0.91169631
http://snomed.info/id/67257009	http://purl.org/sig/ont/fma/fma7600	1.0
http://snomed.info/id/67260002	http://purl.org/sig/ont/fma/fma72489	0.93118101
http://snomed.info/id/67262005	http://purl.org/sig/ont/fma/fma19934	1.0
http://snomed.info/id/67268009	http://purl.org/sig/ont/fma/fma18049	1.0
http://snomed.info/id/67269001	http://purl.org/sig/ont/fma/fma322279	0.96175659
http://snomed.info/id/67288008	http://purl.org/sig/ont/fma/fma77723	0.94970274
http://snomed.info/id/67290009	http://purl.org/sig/ont/fma/fma70660	1.0
http://snomed.info/id/67300002	http://purl.org/sig/ont/fma/fma18149	1.0
http://snomed.info/id/67318004	http://purl.org/sig/ont/fma/fma55227	1.0
http://snomed.info/id/67327003	http://purl.org/sig/ont/fma/fma7822	1.0
http://snomed.info/id/67376009	http://purl.org/sig/ont/fma/fma37025	1.0
http://snomed.info/id/6739000	http://purl.org/sig/ont/fma/fma53228	1.0
http://snomed.info/id/67411009	http://purl.org/sig/ont/fma/fma51757	0.95119441
http://snomed.info/id/67413007	http://purl.org/sig/ont/fma/fma322658	1.0
http://snomed.info/id/6742006	http://purl.org/sig/ont/fma/fma50330	0.90493035
http://snomed.info/id/67452000	http://purl.org/sig/ont/fma/fma19333	1.0
http://snomed.info/id/67453005	http://purl.org/sig/ont/fma/fma9708	0.97211832
http://snomed.info/id/67456002	http://purl.org/sig/ont/fma/fma43956	1.0
http://snomed.info/id/67459009	http://purl.org/sig/ont/fma/fma16034	0.91791278
http://snomed.info/id/67462007	http://purl.org/sig/ont/fma/fma322772	0.97957551
http://snomed.info/id/67468006	http://purl.org/sig/ont/fma/fma323111	1.0
http://snomed.info/id/67479001	http://purl.org/sig/ont/fma/fma24782	1.0
http://snomed.info/id/67521003	http://purl.org/sig/ont/fma/fma52681	0.90757138
http://snomed.info/id/67548002	http://purl.org/sig/ont/fma/fma59013	1.0
http://snomed.info/id/67581001	http://purl.org/sig/ont/fma/fma55391	1.0
http://snomed.info/id/67597006	http://purl.org/sig/ont/fma/fma323070	0.94524962
http://snomed.info/id/67601006	http://purl.org/sig/ont/fma/fma242203	1.0
http://snomed.info/id/67660009	http://purl.org/sig/ont/fma/fma44257	1.0
http://snomed.info/id/67674002	http://purl.org/sig/ont/fma/fma70380	1.0
http://snomed.info/id/67701001	http://purl.org/sig/ont/fma/fma72615	1.0
http://snomed.info/id/67703003	http://purl.org/sig/ont/fma/fma8962	0.92776299
http://snomed.info/id/67755002	http://purl.org/sig/ont/fma/fma44254	1.0
http://snomed.info/id/67762006	http://purl.org/sig/ont/fma/fma322921	0.9349165
http://snomed.info/id/67779000	http://purl.org/sig/ont/fma/fma323306	0.92846626
http://snomed.info/id/67788009	http://purl.org/sig/ont/fma/fma75715	1.0
http://snomed.info/id/67796004	http://purl.org/sig/ont/fma/fma323285	1.0
http://snomed.info/id/67833000	http://purl.org/sig/ont/fma/fma49033	1.0
http://snomed.info/id/6787005	http://purl.org/sig/ont/fma/fma42172	0.9053731
http://snomed.info/id/67892008	http://purl.org/sig/ont/fma/fma72414	1.0
http://snomed.info/id/67898007	http://purl.org/sig/ont/fma/fma256541	1.0
http://snomed.info/id/67925000	http://purl.org/sig/ont/fma/fma44598	0.93403995
http://snomed.info/id/67937003	http://purl.org/sig/ont/fma/fma22654	1.0
http://snomed.info/id/67941004	http://purl.org/sig/ont/fma/fma5959	1.0
http://snomed.info/id/67960006	http://purl.org/sig/ont/fma/fma323341	0.96333557
http://snomed.info/id/6799003	http://purl.org/sig/ont/fma/fma74960	1.0
http://snomed.info/id/68010000	http://purl.org/sig/ont/fma/fma44580	1.0
http://snomed.info/id/68032009	http://purl.org/sig/ont/fma/fma13338	1.0
http://snomed.info/id/6805009	http://purl.org/sig/ont/fma/fma15850	0.92188686
http://snomed.info/id/68053000	http://purl.org/sig/ont/fma/fma43894	1.0
http://snomed.info/id/68055007	http://purl.org/sig/ont/fma/fma60538	0.96845955
http://snomed.info/id/68059001	http://purl.org/sig/ont/fma/fma3815	1.0
http://snomed.info/id/68064002	http://purl.org/sig/ont/fma/fma62327	1.0
http://snomed.info/id/68133001	http://purl.org/sig/ont/fma/fma49967	1.0
http://snomed.info/id/68137000	http://purl.org/sig/ont/fma/fma321646	0.91252518
http://snomed.info/id/68157001	http://purl.org/sig/ont/fma/fma12828	0.92316133
http://snomed.info/id/68171009	http://purl.org/sig/ont/fma/fma276805	1.0
http://snomed.info/id/68179006	http://purl.org/sig/ont/fma/fma16096	1.0
http://snomed.info/id/68180009	http://purl.org/sig/ont/fma/fma15390	1.0
http://snomed.info/id/6820003	http://purl.org/sig/ont/fma/fma45306	1.0
http://snomed.info/id/68209001	http://purl.org/sig/ont/fma/fma7239	1.0
http://snomed.info/id/68219007	http://purl.org/sig/ont/fma/fma62088	1.0
http://snomed.info/id/68230005	http://purl.org/sig/ont/fma/fma264245	0.93139803
http://snomed.info/id/68288006	http://purl.org/sig/ont/fma/fma15624	1.0
http://snomed.info/id/68300000	http://purl.org/sig/ont/fma/fma7218	1.0
http://snomed.info/id/68305005	http://purl.org/sig/ont/fma/fma21537	1.0
http://snomed.info/id/68317007	http://purl.org/sig/ont/fma/fma69248	1.0
http://snomed.info/id/68330008	http://purl.org/sig/ont/fma/fma12851	1.0
http://snomed.info/id/6834003	http://purl.org/sig/ont/fma/fma71221	1.0
http://snomed.info/id/68351006	http://purl.org/sig/ont/fma/fma50981	1.0
http://snomed.info/id/68418001	http://purl.org/sig/ont/fma/fma9981	1.0
http://snomed.info/id/68426009	http://purl.org/sig/ont/fma/fma54375	1.0
http://snomed.info/id/68438000	http://purl.org/sig/ont/fma/fma321520	1.0
http://snomed.info/id/68440005	http://purl.org/sig/ont/fma/fma23901	1.0
http://snomed.info/id/68443007	http://purl.org/sig/ont/fma/fma15407	0.95532823
http://snomed.info/id/68465007	http://purl.org/sig/ont/fma/fma72487	1.0
http://snomed.info/id/68502009	http://purl.org/sig/ont/fma/fma14984	1.0
http://snomed.info/id/68560004	http://purl.org/sig/ont/fma/fma14560	1.0
http://snomed.info/id/68594002	http://purl.org/sig/ont/fma/fma15632	1.0
http://snomed.info/id/68598004	http://purl.org/sig/ont/fma/fma59534	0.93589795
http://snomed.info/id/6864006	http://purl.org/sig/ont/fma/fma55399	1.0
http://snomed.info/id/6866008	http://purl.org/sig/ont/fma/fma62048	1.0
http://snomed.info/id/68668000	http://purl.org/sig/ont/fma/fma75405	0.92537135
http://snomed.info/id/68677007	http://purl.org/sig/ont/fma/fma74604	1.0
http://snomed.info/id/68698007	http://purl.org/sig/ont/fma/fma63883	0.96240073
http://snomed.info/id/68703001	http://purl.org/sig/ont/fma/fma58298	0.91980577
http://snomed.info/id/68705008	http://purl.org/sig/ont/fma/fma13329	1.0
http://snomed.info/id/68735001	http://purl.org/sig/ont/fma/fma77500	1.0
http://snomed.info/id/68745004	http://purl.org/sig/ont/fma/fma52489	1.0
http://snomed.info/id/68751009	http://purl.org/sig/ont/fma/fma54682	1.0
http://snomed.info/id/68756004	http://purl.org/sig/ont/fma/fma19594	1.0
http://snomed.info/id/68763004	http://purl.org/sig/ont/fma/fma76645	0.90597761
http://snomed.info/id/68786006	http://purl.org/sig/ont/fma/fma77110	1.0
http://snomed.info/id/68787002	http://purl.org/sig/ont/fma/fma3866	1.0
http://snomed.info/id/68809009	http://purl.org/sig/ont/fma/fma6965	1.0
http://snomed.info/id/68818006	http://purl.org/sig/ont/fma/fma13895	1.0
http://snomed.info/id/68847004	http://purl.org/sig/ont/fma/fma83975	1.0
http://snomed.info/id/68876001	http://purl.org/sig/ont/fma/fma55472	1.0
http://snomed.info/id/68881005	http://purl.org/sig/ont/fma/fma16622	1.0
http://snomed.info/id/68899002	http://purl.org/sig/ont/fma/fma10001	1.0
http://snomed.info/id/68906001	http://purl.org/sig/ont/fma/fma44348	1.0
http://snomed.info/id/68907005	http://purl.org/sig/ont/fma/fma49602	0.97961283
http://snomed.info/id/68915008	http://purl.org/sig/ont/fma/fma61232	1.0
http://snomed.info/id/68930004	http://purl.org/sig/ont/fma/fma49742	1.0
http://snomed.info/id/68954009	http://purl.org/sig/ont/fma/fma322793	1.0
http://snomed.info/id/68958007	http://purl.org/sig/ont/fma/fma24520	0.90909004
http://snomed.info/id/69030007	http://purl.org/sig/ont/fma/fma17010	1.0
http://snomed.info/id/69034003	http://purl.org/sig/ont/fma/fma32934	1.0
http://snomed.info/id/69070000	http://purl.org/sig/ont/fma/fma71446	1.0
http://snomed.info/id/69105007	http://purl.org/sig/ont/fma/fma3939	0.9261291
http://snomed.info/id/69113008	http://purl.org/sig/ont/fma/fma21847	0.98998797
http://snomed.info/id/69177000	http://purl.org/sig/ont/fma/fma7585	1.0
http://snomed.info/id/692007	http://purl.org/sig/ont/fma/fma17004	1.0
http://snomed.info/id/6921000	http://purl.org/sig/ont/fma/fma7185	1.0
http://snomed.info/id/69327007	http://purl.org/sig/ont/fma/fma3960	1.0
http://snomed.info/id/69374003	http://purl.org/sig/ont/fma/fma7252	1.0
http://snomed.info/id/69421009	http://purl.org/sig/ont/fma/fma75832	0.95918065
http://snomed.info/id/6944002	http://purl.org/sig/ont/fma/fma44552	0.93872595
http://snomed.info/id/69465001	http://purl.org/sig/ont/fma/fma16562	1.0
http://snomed.info/id/69472000	http://purl.org/sig/ont/fma/fma299863	1.0
http://snomed.info/id/69475003	http://purl.org/sig/ont/fma/fma19630	1.0
http://snomed.info/id/69514007	http://purl.org/sig/ont/fma/fma56808	0.93849319
http://snomed.info/id/69517000	http://purl.org/sig/ont/fma/fma54822	0.90473646
http://snomed.info/id/69551001	http://purl.org/sig/ont/fma/fma50170	1.0
http://snomed.info/id/69581009	http://purl.org/sig/ont/fma/fma52239	1.0
http://snomed.info/id/69585000	http://purl.org/sig/ont/fma/fma66090	1.0
http://snomed.info/id/69596008	http://purl.org/sig/ont/fma/fma46811	1.0
http://snomed.info/id/69615002	http://purl.org/sig/ont/fma/fma19938	1.0
http://snomed.info/id/69656004	http://purl.org/sig/ont/fma/fma15713	1.0
http://snomed.info/id/69659006	http://purl.org/sig/ont/fma/fma15914	1.0
http://snomed.info/id/69677001	http://purl.org/sig/ont/fma/fma10023	1.0
http://snomed.info/id/69691007	http://purl.org/sig/ont/fma/fma276805	0.92104727
http://snomed.info/id/69692000	http://purl.org/sig/ont/fma/fma74028	1.0
http://snomed.info/id/69695003	http://purl.org/sig/ont/fma/fma7148	1.0
http://snomed.info/id/69722003	http://purl.org/sig/ont/fma/fma24246	1.0
http://snomed.info/id/69733000	http://purl.org/sig/ont/fma/fma14060	1.0
http://snomed.info/id/69735007	http://purl.org/sig/ont/fma/fma70441	1.0
http://snomed.info/id/6975006	http://purl.org/sig/ont/fma/fma322876	0.96745998
http://snomed.info/id/69786002	http://purl.org/sig/ont/fma/fma56659	1.0
http://snomed.info/id/69789009	http://purl.org/sig/ont/fma/fma13516	0.95191109
http://snomed.info/id/6981003	http://purl.org/sig/ont/fma/fma62350	1.0
http://snomed.info/id/69822007	http://purl.org/sig/ont/fma/fma42298	1.0
http://snomed.info/id/69826005	http://purl.org/sig/ont/fma/fma64922	0.91345024
http://snomed.info/id/69831007	http://purl.org/sig/ont/fma/fma234906	0.91911626
http://snomed.info/id/69833005	http://purl.org/sig/ont/fma/fma70249	1.0
http://snomed.info/id/698348000	http://purl.org/sig/ont/fma/fma321838	0.90603691
http://snomed.info/id/69838001	http://purl.org/sig/ont/fma/fma53643	1.0
http://snomed.info/id/69842003	http://purl.org/sig/ont/fma/fma15810	1.0
http://snomed.info/id/69854003	http://purl.org/sig/ont/fma/fma63252	1.0
http://snomed.info/id/69856001	http://purl.org/sig/ont/fma/fma24060	1.0
http://snomed.info/id/69857005	http://purl.org/sig/ont/fma/fma323288	1.0
http://snomed.info/id/698967008	http://purl.org/sig/ont/fma/fma67165	1.0
http://snomed.info/id/69898003	http://purl.org/sig/ont/fma/fma37693	1.0
http://snomed.info/id/69912002	http://purl.org/sig/ont/fma/fma321518	1.0
http://snomed.info/id/69930009	http://purl.org/sig/ont/fma/fma10419	1.0
http://snomed.info/id/69946001	http://purl.org/sig/ont/fma/fma45325	1.0
http://snomed.info/id/69950008	http://purl.org/sig/ont/fma/fma13080	1.0
http://snomed.info/id/69952000	http://purl.org/sig/ont/fma/fma322655	1.0
http://snomed.info/id/699597000	http://purl.org/sig/ont/fma/fma21013	0.95113724
http://snomed.info/id/699603002	http://purl.org/sig/ont/fma/fma259123	0.91887158
http://snomed.info/id/699609003	http://purl.org/sig/ont/fma/fma321763	0.92956996
http://snomed.info/id/699698002	http://purl.org/sig/ont/fma/fma264908	0.94652885
http://snomed.info/id/69970002	http://purl.org/sig/ont/fma/fma25943	1.0
http://snomed.info/id/699804005	http://purl.org/sig/ont/fma/fma16917	0.9123168
http://snomed.info/id/699819006	http://purl.org/sig/ont/fma/fma322279	0.94872534
http://snomed.info/id/69987000	http://purl.org/sig/ont/fma/fma49663	1.0
http://snomed.info/id/699885008	http://purl.org/sig/ont/fma/fma55678	1.0
http://snomed.info/id/699886009	http://purl.org/sig/ont/fma/fma45654	0.97358149
http://snomed.info/id/699890006	http://purl.org/sig/ont/fma/fma321767	0.93647152
http://snomed.info/id/699892003	http://purl.org/sig/ont/fma/fma23018	0.93210179
http://snomed.info/id/699893008	http://purl.org/sig/ont/fma/fma23018	0.92852336
http://snomed.info/id/699896000	http://purl.org/sig/ont/fma/fma38259	0.93547314
http://snomed.info/id/699897009	http://purl.org/sig/ont/fma/fma323240	0.93108529
http://snomed.info/id/699900002	http://purl.org/sig/ont/fma/fma63873	0.92843658
http://snomed.info/id/699904006	http://purl.org/sig/ont/fma/fma61529	0.92121917
http://snomed.info/id/699907004	http://purl.org/sig/ont/fma/fma322335	0.94136363
http://snomed.info/id/699922009	http://purl.org/sig/ont/fma/fma323240	0.9457497
http://snomed.info/id/699924005	http://purl.org/sig/ont/fma/fma323240	0.9177227
http://snomed.info/id/699927003	http://purl.org/sig/ont/fma/fma321766	0.92988586
http://snomed.info/id/699930005	http://purl.org/sig/ont/fma/fma300592	0.92094386
http://snomed.info/id/699931009	http://purl.org/sig/ont/fma/fma321764	0.94250792
http://snomed.info/id/699932002	http://purl.org/sig/ont/fma/fma317827	0.93194109
http://snomed.info/id/699933007	http://purl.org/sig/ont/fma/fma317821	0.95752347
http://snomed.info/id/699940008	http://purl.org/sig/ont/fma/fma317899	0.90253562
http://snomed.info/id/699956003	http://purl.org/sig/ont/fma/fma297582	0.94955647
http://snomed.info/id/699957007	http://purl.org/sig/ont/fma/fma51062	0.95528913
http://snomed.info/id/699959005	http://purl.org/sig/ont/fma/fma38152	0.93236309
http://snomed.info/id/699960000	http://purl.org/sig/ont/fma/fma63220	1.0
http://snomed.info/id/699978005	http://purl.org/sig/ont/fma/fma55259	0.96855491
http://snomed.info/id/699981000	http://purl.org/sig/ont/fma/fma38521	0.95771438
http://snomed.info/id/699982007	http://purl.org/sig/ont/fma/fma38481	0.96091849
http://snomed.info/id/699983002	http://purl.org/sig/ont/fma/fma9622	0.93897706
http://snomed.info/id/699984008	http://purl.org/sig/ont/fma/fma81022	0.93026167
http://snomed.info/id/699985009	http://purl.org/sig/ont/fma/fma297952	0.93907207
http://snomed.info/id/699986005	http://purl.org/sig/ont/fma/fma46946	1.0
http://snomed.info/id/699987001	http://purl.org/sig/ont/fma/fma46947	1.0
http://snomed.info/id/699988006	http://purl.org/sig/ont/fma/fma22357	0.95858943
http://snomed.info/id/699989003	http://purl.org/sig/ont/fma/fma46931	1.0
http://snomed.info/id/699990007	http://purl.org/sig/ont/fma/fma46932	1.0
http://snomed.info/id/699991006	http://purl.org/sig/ont/fma/fma297566	0.94830781
http://snomed.info/id/699992004	http://purl.org/sig/ont/fma/fma304039	1.0
http://snomed.info/id/699993009	http://purl.org/sig/ont/fma/fma304045	1.0
http://snomed.info/id/699994003	http://purl.org/sig/ont/fma/fma304033	1.0
http://snomed.info/id/699996001	http://purl.org/sig/ont/fma/fma37688	0.94407213
http://snomed.info/id/699997005	http://purl.org/sig/ont/fma/fma312068	0.93561137
http://snomed.info/id/700004002	http://purl.org/sig/ont/fma/fma38869	0.96233386
http://snomed.info/id/700005001	http://purl.org/sig/ont/fma/fma38866	0.91895306
http://snomed.info/id/700008004	http://purl.org/sig/ont/fma/fma64126	0.91795373
http://snomed.info/id/700016008	http://purl.org/sig/ont/fma/fma289698	1.0
http://snomed.info/id/700017004	http://purl.org/sig/ont/fma/fma289698	0.92166358
http://snomed.info/id/700022004	http://purl.org/sig/ont/fma/fma9621	0.9409678
http://snomed.info/id/700026001	http://purl.org/sig/ont/fma/fma32550	0.95504606
http://snomed.info/id/700027005	http://purl.org/sig/ont/fma/fma37078	1.0
http://snomed.info/id/700028000	http://purl.org/sig/ont/fma/fma9627	0.95328277
http://snomed.info/id/700030003	http://purl.org/sig/ont/fma/fma297540	0.94404453
http://snomed.info/id/70007007	http://purl.org/sig/ont/fma/fma67947	1.0
http://snomed.info/id/70021009	http://purl.org/sig/ont/fma/fma44326	0.93766755
http://snomed.info/id/70023007	http://purl.org/sig/ont/fma/fma55101	1.0
http://snomed.info/id/70064002	http://purl.org/sig/ont/fma/fma83711	0.90048027
http://snomed.info/id/70074004	http://purl.org/sig/ont/fma/fma7395	1.0
http://snomed.info/id/70081006	http://purl.org/sig/ont/fma/fma9324	0.91705364
http://snomed.info/id/70103008	http://purl.org/sig/ont/fma/fma38338	0.98245734
http://snomed.info/id/70105001	http://purl.org/sig/ont/fma/fma61941	1.0
http://snomed.info/id/70116008	http://purl.org/sig/ont/fma/fma51916	1.0
http://snomed.info/id/70138005	http://purl.org/sig/ont/fma/fma52312	1.0
http://snomed.info/id/70146006	http://purl.org/sig/ont/fma/fma61844	1.0
http://snomed.info/id/70162000	http://purl.org/sig/ont/fma/fma9326	0.9277609
http://snomed.info/id/70180009	http://purl.org/sig/ont/fma/fma16556	1.0
http://snomed.info/id/70192009	http://purl.org/sig/ont/fma/fma14950	1.0
http://snomed.info/id/70215001	http://purl.org/sig/ont/fma/fma61946	1.0
http://snomed.info/id/70227003	http://purl.org/sig/ont/fma/fma323328	0.99315798
http://snomed.info/id/70235000	http://purl.org/sig/ont/fma/fma323294	0.98590487
http://snomed.info/id/70238003	http://purl.org/sig/ont/fma/fma9564	1.0
http://snomed.info/id/70239006	http://purl.org/sig/ont/fma/fma44066	0.97391582
http://snomed.info/id/70278005	http://purl.org/sig/ont/fma/fma58910	1.0
http://snomed.info/id/70291006	http://purl.org/sig/ont/fma/fma63909	1.0
http://snomed.info/id/70311008	http://purl.org/sig/ont/fma/fma6797	1.0
http://snomed.info/id/70327001	http://purl.org/sig/ont/fma/fma322186	0.95299959
http://snomed.info/id/70361004	http://purl.org/sig/ont/fma/fma322845	0.92403322
http://snomed.info/id/70373004	http://purl.org/sig/ont/fma/fma32901	1.0
http://snomed.info/id/70382005	http://purl.org/sig/ont/fma/fma50583	1.0
http://snomed.info/id/70467004	http://purl.org/sig/ont/fma/fma15864	1.0
http://snomed.info/id/70552000	http://purl.org/sig/ont/fma/fma14922	1.0
http://snomed.info/id/70559009	http://purl.org/sig/ont/fma/fma38268	0.98286474
http://snomed.info/id/70567001	http://purl.org/sig/ont/fma/fma46900	1.0
http://snomed.info/id/70617003	http://purl.org/sig/ont/fma/fma49955	0.94229686
http://snomed.info/id/70633000	http://purl.org/sig/ont/fma/fma322676	0.92296588
http://snomed.info/id/70658005	http://purl.org/sig/ont/fma/fma9258	1.0
http://snomed.info/id/70662004	http://purl.org/sig/ont/fma/fma50874	1.0
http://snomed.info/id/7067009	http://purl.org/sig/ont/fma/fma14811	1.0
http://snomed.info/id/70687006	http://purl.org/sig/ont/fma/fma75368	1.0
http://snomed.info/id/70692008	http://purl.org/sig/ont/fma/fma10095	1.0
http://snomed.info/id/70707000	http://purl.org/sig/ont/fma/fma57390	0.90665585
http://snomed.info/id/70745004	http://purl.org/sig/ont/fma/fma323255	0.9253363
http://snomed.info/id/70762009	http://purl.org/sig/ont/fma/fma12166	0.94195479
http://snomed.info/id/70770004	http://purl.org/sig/ont/fma/fma22442	1.0
http://snomed.info/id/70791007	http://purl.org/sig/ont/fma/fma321490	0.97539622
http://snomed.info/id/708080005	http://purl.org/sig/ont/fma/fma49266	0.91744316
http://snomed.info/id/70812007	http://purl.org/sig/ont/fma/fma51329	1.0
http://snomed.info/id/7083009	http://purl.org/sig/ont/fma/fma23933	1.0
http://snomed.info/id/70840002	http://purl.org/sig/ont/fma/fma26366	1.0
http://snomed.info/id/70887009	http://purl.org/sig/ont/fma/fma38301	0.95706159
http://snomed.info/id/7091000	http://purl.org/sig/ont/fma/fma62200	1.0
http://snomed.info/id/70925003	http://purl.org/sig/ont/fma/fma259759	0.94791913
http://snomed.info/id/709293002	http://purl.org/sig/ont/fma/fma54437	1.0
http://snomed.info/id/70949000	http://purl.org/sig/ont/fma/fma51309	0.92404342
http://snomed.info/id/709520006	http://purl.org/sig/ont/fma/fma86464	1.0
http://snomed.info/id/709530002	http://purl.org/sig/ont/fma/fma23914	1.0
http://snomed.info/id/70957002	http://purl.org/sig/ont/fma/fma15708	1.0
http://snomed.info/id/70965004	http://purl.org/sig/ont/fma/fma77679	0.90286237
http://snomed.info/id/71004006	http://purl.org/sig/ont/fma/fma32864	1.0
http://snomed.info/id/71013008	http://purl.org/sig/ont/fma/fma60058	1.0
http://snomed.info/id/71030005	http://purl.org/sig/ont/fma/fma49599	1.0
http://snomed.info/id/71046002	http://purl.org/sig/ont/fma/fma62154	0.94377458
http://snomed.info/id/71049009	http://purl.org/sig/ont/fma/fma72266	0.90313673
http://snomed.info/id/71051008	http://purl.org/sig/ont/fma/fma63192	0.9486959
http://snomed.info/id/71065005	http://purl.org/sig/ont/fma/fma23949	1.0
http://snomed.info/id/710863003	http://purl.org/sig/ont/fma/fma14155	1.0
http://snomed.info/id/710868007	http://purl.org/sig/ont/fma/fma264969	0.90750152
http://snomed.info/id/71097005	http://purl.org/sig/ont/fma/fma59859	1.0
http://snomed.info/id/71098000	http://purl.org/sig/ont/fma/fma55562	1.0
http://snomed.info/id/711190000	http://purl.org/sig/ont/fma/fma75427	0.95207429
http://snomed.info/id/711192008	http://purl.org/sig/ont/fma/fma34634	1.0
http://snomed.info/id/711193003	http://purl.org/sig/ont/fma/fma33937	1.0
http://snomed.info/id/711194009	http://purl.org/sig/ont/fma/fma33268	1.0
http://snomed.info/id/711195005	http://purl.org/sig/ont/fma/fma34080	1.0
http://snomed.info/id/711196006	http://purl.org/sig/ont/fma/fma32798	1.0
http://snomed.info/id/711197002	http://purl.org/sig/ont/fma/fma33940	1.0
http://snomed.info/id/711198007	http://purl.org/sig/ont/fma/fma321971	0.91728497
http://snomed.info/id/711199004	http://purl.org/sig/ont/fma/fma322137	0.91559637
http://snomed.info/id/711201002	http://purl.org/sig/ont/fma/fma322435	0.95537192
http://snomed.info/id/711206007	http://purl.org/sig/ont/fma/fma34214	1.0
http://snomed.info/id/711211009	http://purl.org/sig/ont/fma/fma32792	1.0
http://snomed.info/id/711212002	http://purl.org/sig/ont/fma/fma34074	1.0
http://snomed.info/id/711213007	http://purl.org/sig/ont/fma/fma33262	1.0
http://snomed.info/id/711214001	http://purl.org/sig/ont/fma/fma33934	1.0
http://snomed.info/id/711215000	http://purl.org/sig/ont/fma/fma34354	1.0
http://snomed.info/id/711216004	http://purl.org/sig/ont/fma/fma34360	1.0
http://snomed.info/id/711218003	http://purl.org/sig/ont/fma/fma34220	1.0
http://snomed.info/id/711219006	http://purl.org/sig/ont/fma/fma34357	1.0
http://snomed.info/id/71133005	http://purl.org/sig/ont/fma/fma13365	1.0
http://snomed.info/id/71148004	http://purl.org/sig/ont/fma/fma76898	1.0
http://snomed.info/id/711493005	http://purl.org/sig/ont/fma/fma14156	1.0
http://snomed.info/id/711494004	http://purl.org/sig/ont/fma/fma18224	1.0
http://snomed.info/id/711496002	http://purl.org/sig/ont/fma/fma18225	1.0
http://snomed.info/id/711512001	http://purl.org/sig/ont/fma/fma264969	0.90089548
http://snomed.info/id/711513006	http://purl.org/sig/ont/fma/fma18211	1.0
http://snomed.info/id/711516003	http://purl.org/sig/ont/fma/fma66284	0.9500919
http://snomed.info/id/711517007	http://purl.org/sig/ont/fma/fma3956	0.90588063
http://snomed.info/id/711522007	http://purl.org/sig/ont/fma/fma50028	0.91727287
http://snomed.info/id/711568005	http://purl.org/sig/ont/fma/fma23018	0.95512968
http://snomed.info/id/711569002	http://purl.org/sig/ont/fma/fma321764	0.97501564
http://snomed.info/id/711631002	http://purl.org/sig/ont/fma/fma59027	1.0
http://snomed.info/id/711632009	http://purl.org/sig/ont/fma/fma59026	1.0
http://snomed.info/id/71224001	http://purl.org/sig/ont/fma/fma49757	0.94108212
http://snomed.info/id/71249002	http://purl.org/sig/ont/fma/fma46834	1.0
http://snomed.info/id/71252005	http://purl.org/sig/ont/fma/fma77056	0.94330531
http://snomed.info/id/71295009	http://purl.org/sig/ont/fma/fma16517	1.0
http://snomed.info/id/71310002	http://purl.org/sig/ont/fma/fma44076	1.0
http://snomed.info/id/713317004	http://purl.org/sig/ont/fma/fma14179	1.0
http://snomed.info/id/713321006	http://purl.org/sig/ont/fma/fma15093	0.97322637
http://snomed.info/id/713322004	http://purl.org/sig/ont/fma/fma15092	1.0
http://snomed.info/id/713323009	http://purl.org/sig/ont/fma/fma74435	0.93515259
http://snomed.info/id/71341001	http://purl.org/sig/ont/fma/fma32811	0.94701833
http://snomed.info/id/71373007	http://purl.org/sig/ont/fma/fma59504	1.0
http://snomed.info/id/71377008	http://purl.org/sig/ont/fma/fma67807	0.94105619
http://snomed.info/id/713857008	http://purl.org/sig/ont/fma/fma45121	0.93294948
http://snomed.info/id/714292002	http://purl.org/sig/ont/fma/fma46689	1.0
http://snomed.info/id/714293007	http://purl.org/sig/ont/fma/fma281456	0.94559866
http://snomed.info/id/714300003	http://purl.org/sig/ont/fma/fma314316	0.90170628
http://snomed.info/id/714301004	http://purl.org/sig/ont/fma/fma46850	1.0
http://snomed.info/id/714303001	http://purl.org/sig/ont/fma/fma46849	1.0
http://snomed.info/id/714318000	http://purl.org/sig/ont/fma/fma64917	0.95258301
http://snomed.info/id/714325007	http://purl.org/sig/ont/fma/fma15060	1.0
http://snomed.info/id/714334002	http://purl.org/sig/ont/fma/fma42368	0.90395635
http://snomed.info/id/714344000	http://purl.org/sig/ont/fma/fma85216	0.90076488
http://snomed.info/id/714365006	http://purl.org/sig/ont/fma/fma71297	0.9088127
http://snomed.info/id/714377001	http://purl.org/sig/ont/fma/fma37456	1.0
http://snomed.info/id/714379003	http://purl.org/sig/ont/fma/fma65020	1.0
http://snomed.info/id/714380000	http://purl.org/sig/ont/fma/fma65020	0.96613461
http://snomed.info/id/71439003	http://purl.org/sig/ont/fma/fma19729	1.0
http://snomed.info/id/714454000	http://purl.org/sig/ont/fma/fma42379	0.92807633
http://snomed.info/id/714465005	http://purl.org/sig/ont/fma/fma64822	0.9148258
http://snomed.info/id/714469004	http://purl.org/sig/ont/fma/fma64829	1.0
http://snomed.info/id/714470003	http://purl.org/sig/ont/fma/fma64829	0.90630841
http://snomed.info/id/714486005	http://purl.org/sig/ont/fma/fma312383	0.91278356
http://snomed.info/id/714489003	http://purl.org/sig/ont/fma/fma281369	0.90938026
http://snomed.info/id/714490007	http://purl.org/sig/ont/fma/fma281369	0.90888989
http://snomed.info/id/71452008	http://purl.org/sig/ont/fma/fma50935	1.0
http://snomed.info/id/714639004	http://purl.org/sig/ont/fma/fma70660	0.94430554
http://snomed.info/id/714646008	http://purl.org/sig/ont/fma/fma59056	1.0
http://snomed.info/id/714647004	http://purl.org/sig/ont/fma/fma59056	0.92786407
http://snomed.info/id/714648009	http://purl.org/sig/ont/fma/fma320425	1.0
http://snomed.info/id/714649001	http://purl.org/sig/ont/fma/fma59056	0.91084832
http://snomed.info/id/714652009	http://purl.org/sig/ont/fma/fma59191	1.0
http://snomed.info/id/714653004	http://purl.org/sig/ont/fma/fma59195	0.92320704
http://snomed.info/id/714654005	http://purl.org/sig/ont/fma/fma59191	1.0
http://snomed.info/id/71469005	http://purl.org/sig/ont/fma/fma19607	1.0
http://snomed.info/id/714753005	http://purl.org/sig/ont/fma/fma321481	0.94776314
http://snomed.info/id/714763002	http://purl.org/sig/ont/fma/fma34781	0.9150269
http://snomed.info/id/71484001	http://purl.org/sig/ont/fma/fma26360	1.0
http://snomed.info/id/7149004	http://purl.org/sig/ont/fma/fma7594	1.0
http://snomed.info/id/71497004	http://purl.org/sig/ont/fma/fma49058	1.0
http://snomed.info/id/715019009	http://purl.org/sig/ont/fma/fma50227	0.92126817
http://snomed.info/id/7154008	http://purl.org/sig/ont/fma/fma52611	1.0
http://snomed.info/id/71552006	http://purl.org/sig/ont/fma/fma44821	0.97597343
http://snomed.info/id/71553001	http://purl.org/sig/ont/fma/fma19673	1.0
http://snomed.info/id/71585003	http://purl.org/sig/ont/fma/fma13110	1.0
http://snomed.info/id/71592008	http://purl.org/sig/ont/fma/fma10009	1.0
http://snomed.info/id/7160008	http://purl.org/sig/ont/fma/fma33795	1.0
http://snomed.info/id/71616004	http://purl.org/sig/ont/fma/fma312068	0.90789533
http://snomed.info/id/71631008	http://purl.org/sig/ont/fma/fma7249	1.0
http://snomed.info/id/71641006	http://purl.org/sig/ont/fma/fma20509	1.0
http://snomed.info/id/71662007	http://purl.org/sig/ont/fma/fma72594	1.0
http://snomed.info/id/71664008	http://purl.org/sig/ont/fma/fma322955	0.92783576
http://snomed.info/id/71683001	http://purl.org/sig/ont/fma/fma15034	1.0
http://snomed.info/id/71689002	http://purl.org/sig/ont/fma/fma78449	1.0
http://snomed.info/id/716891004	http://purl.org/sig/ont/fma/fma302539	1.0
http://snomed.info/id/716908000	http://purl.org/sig/ont/fma/fma302542	0.91661137
http://snomed.info/id/716925003	http://purl.org/sig/ont/fma/fma302546	1.0
http://snomed.info/id/716942009	http://purl.org/sig/ont/fma/fma302539	0.92349792
http://snomed.info/id/716976000	http://purl.org/sig/ont/fma/fma302546	0.90169334
http://snomed.info/id/717025007	http://purl.org/sig/ont/fma/fma74238	1.0
http://snomed.info/id/717027004	http://purl.org/sig/ont/fma/fma19733	1.0
http://snomed.info/id/717028009	http://purl.org/sig/ont/fma/fma19778	1.0
http://snomed.info/id/717029001	http://purl.org/sig/ont/fma/fma297938	0.90276605
http://snomed.info/id/71704004	http://purl.org/sig/ont/fma/fma24929	0.99810171
http://snomed.info/id/71705003	http://purl.org/sig/ont/fma/fma49546	1.0
http://snomed.info/id/71710004	http://purl.org/sig/ont/fma/fma5888	0.94486326
http://snomed.info/id/7173007	http://purl.org/sig/ont/fma/fma52590	1.0
http://snomed.info/id/71732008	http://purl.org/sig/ont/fma/fma53103	1.0
http://snomed.info/id/71737002	http://purl.org/sig/ont/fma/fma9969	1.0
http://snomed.info/id/71754005	http://purl.org/sig/ont/fma/fma49993	1.0
http://snomed.info/id/71758008	http://purl.org/sig/ont/fma/fma71587	0.94198805
http://snomed.info/id/717762003	http://purl.org/sig/ont/fma/fma58867	0.99237716
http://snomed.info/id/717798006	http://purl.org/sig/ont/fma/fma33895	0.90056902
http://snomed.info/id/71800003	http://purl.org/sig/ont/fma/fma33338	0.9500851
http://snomed.info/id/71822005	http://purl.org/sig/ont/fma/fma43000	1.0
http://snomed.info/id/71834002	http://purl.org/sig/ont/fma/fma75451	1.0
http://snomed.info/id/71852002	http://purl.org/sig/ont/fma/fma38181	0.92357504
http://snomed.info/id/71854001	http://purl.org/sig/ont/fma/fma14543	1.0
http://snomed.info/id/71875009	http://purl.org/sig/ont/fma/fma22440	1.0
http://snomed.info/id/71888007	http://purl.org/sig/ont/fma/fma60511	0.9697746
http://snomed.info/id/71899009	http://purl.org/sig/ont/fma/fma51322	0.91116709
http://snomed.info/id/71915003	http://purl.org/sig/ont/fma/fma49628	1.0
http://snomed.info/id/7192009	http://purl.org/sig/ont/fma/fma323072	0.91095603
http://snomed.info/id/719357006	http://purl.org/sig/ont/fma/fma60330	0.93012339
http://snomed.info/id/719358001	http://purl.org/sig/ont/fma/fma60329	0.94075572
http://snomed.info/id/719459008	http://purl.org/sig/ont/fma/fma25565	0.92036188
http://snomed.info/id/719460003	http://purl.org/sig/ont/fma/fma225527	0.98309821
http://snomed.info/id/719461004	http://purl.org/sig/ont/fma/fma225525	0.98203427
http://snomed.info/id/719462006	http://purl.org/sig/ont/fma/fma225856	0.98109305
http://snomed.info/id/719463001	http://purl.org/sig/ont/fma/fma225854	0.9816851
http://snomed.info/id/719464007	http://purl.org/sig/ont/fma/fma225860	0.97964567
http://snomed.info/id/719465008	http://purl.org/sig/ont/fma/fma225858	0.97745663
http://snomed.info/id/719489001	http://purl.org/sig/ont/fma/fma24486	1.0
http://snomed.info/id/719490005	http://purl.org/sig/ont/fma/fma24487	1.0
http://snomed.info/id/719492002	http://purl.org/sig/ont/fma/fma225535	0.98517644
http://snomed.info/id/719494001	http://purl.org/sig/ont/fma/fma35476	0.91539824
http://snomed.info/id/719496004	http://purl.org/sig/ont/fma/fma225535	0.90691859
http://snomed.info/id/719497008	http://purl.org/sig/ont/fma/fma33133	0.9376837
http://snomed.info/id/719498003	http://purl.org/sig/ont/fma/fma33134	0.93214941
http://snomed.info/id/719537008	http://purl.org/sig/ont/fma/fma16598	0.97925484
http://snomed.info/id/719538003	http://purl.org/sig/ont/fma/fma16599	0.97215116
http://snomed.info/id/719545003	http://purl.org/sig/ont/fma/fma33941	1.0
http://snomed.info/id/719546002	http://purl.org/sig/ont/fma/fma33942	1.0
http://snomed.info/id/719549009	http://purl.org/sig/ont/fma/fma35452	1.0
http://snomed.info/id/719550009	http://purl.org/sig/ont/fma/fma35453	1.0
http://snomed.info/id/71955001	http://purl.org/sig/ont/fma/fma55510	1.0
http://snomed.info/id/719611003	http://purl.org/sig/ont/fma/fma225856	0.93036509
http://snomed.info/id/719612005	http://purl.org/sig/ont/fma/fma225854	0.94534904
http://snomed.info/id/719613000	http://purl.org/sig/ont/fma/fma34222	1.0
http://snomed.info/id/719614006	http://purl.org/sig/ont/fma/fma34221	1.0
http://snomed.info/id/719615007	http://purl.org/sig/ont/fma/fma225856	0.93973017
http://snomed.info/id/719616008	http://purl.org/sig/ont/fma/fma225854	0.95176041
http://snomed.info/id/719618009	http://purl.org/sig/ont/fma/fma23629	0.90719283
http://snomed.info/id/719619001	http://purl.org/sig/ont/fma/fma33753	1.0
http://snomed.info/id/719620007	http://purl.org/sig/ont/fma/fma33752	1.0
http://snomed.info/id/719621006	http://purl.org/sig/ont/fma/fma33766	0.93821847
http://snomed.info/id/719622004	http://purl.org/sig/ont/fma/fma33765	0.94138032
http://snomed.info/id/719623009	http://purl.org/sig/ont/fma/fma71895	0.927764
http://snomed.info/id/719624003	http://purl.org/sig/ont/fma/fma71894	0.94008172
http://snomed.info/id/719626001	http://purl.org/sig/ont/fma/fma281866	0.91264915
http://snomed.info/id/719627005	http://purl.org/sig/ont/fma/fma13396	0.97354978
http://snomed.info/id/719628000	http://purl.org/sig/ont/fma/fma13395	0.97118556
http://snomed.info/id/719629008	http://purl.org/sig/ont/fma/fma23262	1.0
http://snomed.info/id/719630003	http://purl.org/sig/ont/fma/fma23261	1.0
http://snomed.info/id/719631004	http://purl.org/sig/ont/fma/fma23224	1.0
http://snomed.info/id/719632006	http://purl.org/sig/ont/fma/fma23223	1.0
http://snomed.info/id/719633001	http://purl.org/sig/ont/fma/fma63598	0.9479003
http://snomed.info/id/719634007	http://purl.org/sig/ont/fma/fma63597	0.94233751
http://snomed.info/id/71969001	http://purl.org/sig/ont/fma/fma75479	1.0
http://snomed.info/id/719798002	http://purl.org/sig/ont/fma/fma23104	0.96307826
http://snomed.info/id/719799005	http://purl.org/sig/ont/fma/fma23103	0.95903534
http://snomed.info/id/719804000	http://purl.org/sig/ont/fma/fma15576	1.0
http://snomed.info/id/719805004	http://purl.org/sig/ont/fma/fma15577	1.0
http://snomed.info/id/71983004	http://purl.org/sig/ont/fma/fma9942	1.0
http://snomed.info/id/719881006	http://purl.org/sig/ont/fma/fma52915	0.95968634
http://snomed.info/id/719882004	http://purl.org/sig/ont/fma/fma52916	0.96395373
http://snomed.info/id/719883009	http://purl.org/sig/ont/fma/fma52919	0.96099412
http://snomed.info/id/719884003	http://purl.org/sig/ont/fma/fma52920	0.9610272
http://snomed.info/id/71996003	http://purl.org/sig/ont/fma/fma16085	1.0
http://snomed.info/id/72005009	http://purl.org/sig/ont/fma/fma50050	0.94908684
http://snomed.info/id/72008006	http://purl.org/sig/ont/fma/fma32625	1.0
http://snomed.info/id/72017006	http://purl.org/sig/ont/fma/fma59018	1.0
http://snomed.info/id/72021004	http://purl.org/sig/ont/fma/fma49472	1.0
http://snomed.info/id/72031006	http://purl.org/sig/ont/fma/fma14928	1.0
http://snomed.info/id/720399003	http://purl.org/sig/ont/fma/fma23105	0.9626801
http://snomed.info/id/720402002	http://purl.org/sig/ont/fma/fma23106	0.96241516
http://snomed.info/id/720431003	http://purl.org/sig/ont/fma/fma73269	0.91253716
http://snomed.info/id/720439001	http://purl.org/sig/ont/fma/fma73270	0.90926176
http://snomed.info/id/720472001	http://purl.org/sig/ont/fma/fma46008	0.93661296
http://snomed.info/id/720613005	http://purl.org/sig/ont/fma/fma225525	0.9456948
http://snomed.info/id/720614004	http://purl.org/sig/ont/fma/fma225527	0.92564452
http://snomed.info/id/720616002	http://purl.org/sig/ont/fma/fma225521	0.98835486
http://snomed.info/id/720617006	http://purl.org/sig/ont/fma/fma225523	0.98983467
http://snomed.info/id/720624007	http://purl.org/sig/ont/fma/fma222973	0.90326899
http://snomed.info/id/720625008	http://purl.org/sig/ont/fma/fma46007	0.94370008
http://snomed.info/id/720641009	http://purl.org/sig/ont/fma/fma231317	0.92802644
http://snomed.info/id/720642002	http://purl.org/sig/ont/fma/fma231319	0.91007322
http://snomed.info/id/720647008	http://purl.org/sig/ont/fma/fma322435	1.0
http://snomed.info/id/720648003	http://purl.org/sig/ont/fma/fma322433	1.0
http://snomed.info/id/720650006	http://purl.org/sig/ont/fma/fma322434	1.0
http://snomed.info/id/720659007	http://purl.org/sig/ont/fma/fma43253	0.92593253
http://snomed.info/id/720660002	http://purl.org/sig/ont/fma/fma51819	0.90634084
http://snomed.info/id/720661003	http://purl.org/sig/ont/fma/fma43254	0.91638529
http://snomed.info/id/72067004	http://purl.org/sig/ont/fma/fma72503	0.99287337
http://snomed.info/id/720985009	http://purl.org/sig/ont/fma/fma24776	0.93876743
http://snomed.info/id/721026002	http://purl.org/sig/ont/fma/fma70739	0.93155348
http://snomed.info/id/721027006	http://purl.org/sig/ont/fma/fma70740	0.92392057
http://snomed.info/id/721028001	http://purl.org/sig/ont/fma/fma50105	0.97331363
http://snomed.info/id/721033002	http://purl.org/sig/ont/fma/fma50104	0.9745608
http://snomed.info/id/721035009	http://purl.org/sig/ont/fma/fma18809	0.9653185
http://snomed.info/id/721045006	http://purl.org/sig/ont/fma/fma52917	1.0
http://snomed.info/id/721046007	http://purl.org/sig/ont/fma/fma52918	1.0
http://snomed.info/id/721065004	http://purl.org/sig/ont/fma/fma54444	0.92683089
http://snomed.info/id/721066003	http://purl.org/sig/ont/fma/fma54443	0.91644847
http://snomed.info/id/721067007	http://purl.org/sig/ont/fma/fma59197	0.97120458
http://snomed.info/id/721068002	http://purl.org/sig/ont/fma/fma59198	0.97435355
http://snomed.info/id/72107004	http://purl.org/sig/ont/fma/fma4838	0.93753672
http://snomed.info/id/721077009	http://purl.org/sig/ont/fma/fma18810	0.96960402
http://snomed.info/id/721080005	http://purl.org/sig/ont/fma/fma44334	0.97759032
http://snomed.info/id/721081009	http://purl.org/sig/ont/fma/fma21380	0.96946335
http://snomed.info/id/72111005	http://purl.org/sig/ont/fma/fma38485	1.0
http://snomed.info/id/721121009	http://purl.org/sig/ont/fma/fma40810	0.94146228
http://snomed.info/id/721122002	http://purl.org/sig/ont/fma/fma297810	0.93423021
http://snomed.info/id/721125000	http://purl.org/sig/ont/fma/fma40770	0.95440394
http://snomed.info/id/721126004	http://purl.org/sig/ont/fma/fma40771	0.94959557
http://snomed.info/id/721127008	http://purl.org/sig/ont/fma/fma40770	0.90100801
http://snomed.info/id/721128003	http://purl.org/sig/ont/fma/fma40771	0.91306037
http://snomed.info/id/72118004	http://purl.org/sig/ont/fma/fma49689	1.0
http://snomed.info/id/72139006	http://purl.org/sig/ont/fma/fma68095	1.0
http://snomed.info/id/72175008	http://purl.org/sig/ont/fma/fma74885	1.0
http://snomed.info/id/72184008	http://purl.org/sig/ont/fma/fma7576	1.0
http://snomed.info/id/721897003	http://purl.org/sig/ont/fma/fma49042	0.9476456
http://snomed.info/id/721899000	http://purl.org/sig/ont/fma/fma58636	1.0
http://snomed.info/id/721900005	http://purl.org/sig/ont/fma/fma58635	1.0
http://snomed.info/id/721945009	http://purl.org/sig/ont/fma/fma58638	0.98270559
http://snomed.info/id/721947001	http://purl.org/sig/ont/fma/fma58639	0.9778282
http://snomed.info/id/721959002	http://purl.org/sig/ont/fma/fma58828	0.98660159
http://snomed.info/id/721960007	http://purl.org/sig/ont/fma/fma58829	0.97817433
http://snomed.info/id/721986002	http://purl.org/sig/ont/fma/fma58082	0.98942012
http://snomed.info/id/721987006	http://purl.org/sig/ont/fma/fma58081	0.98813111
http://snomed.info/id/721992008	http://purl.org/sig/ont/fma/fma59029	1.0
http://snomed.info/id/721993003	http://purl.org/sig/ont/fma/fma59028	1.0
http://snomed.info/id/722001009	http://purl.org/sig/ont/fma/fma70248	0.9140805
http://snomed.info/id/722016007	http://purl.org/sig/ont/fma/fma58883	0.96027243
http://snomed.info/id/722017003	http://purl.org/sig/ont/fma/fma58882	0.97172546
http://snomed.info/id/722040004	http://purl.org/sig/ont/fma/fma321513	0.98460877
http://snomed.info/id/722041000	http://purl.org/sig/ont/fma/fma321512	0.98578656
http://snomed.info/id/722049003	http://purl.org/sig/ont/fma/fma58866	0.99151576
http://snomed.info/id/72205001	http://purl.org/sig/ont/fma/fma301849	0.93931746
http://snomed.info/id/72207009	http://purl.org/sig/ont/fma/fma323335	0.93632352
http://snomed.info/id/722083005	http://purl.org/sig/ont/fma/fma49951	0.90675521
http://snomed.info/id/722084004	http://purl.org/sig/ont/fma/fma49869	0.91159058
http://snomed.info/id/722093003	http://purl.org/sig/ont/fma/fma63972	0.90049028
http://snomed.info/id/722094009	http://purl.org/sig/ont/fma/fma63971	0.91050887
http://snomed.info/id/722141002	http://purl.org/sig/ont/fma/fma49951	0.91412205
http://snomed.info/id/722142009	http://purl.org/sig/ont/fma/fma49950	0.91169071
http://snomed.info/id/722151001	http://purl.org/sig/ont/fma/fma24498	0.91774774
http://snomed.info/id/722152008	http://purl.org/sig/ont/fma/fma24497	0.91655648
http://snomed.info/id/722157002	http://purl.org/sig/ont/fma/fma12173	1.0
http://snomed.info/id/722158007	http://purl.org/sig/ont/fma/fma12172	1.0
http://snomed.info/id/72217004	http://purl.org/sig/ont/fma/fma72634	1.0
http://snomed.info/id/722194006	http://purl.org/sig/ont/fma/fma33786	0.90324199
http://snomed.info/id/72226001	http://purl.org/sig/ont/fma/fma22430	1.0
http://snomed.info/id/72228000	http://purl.org/sig/ont/fma/fma75817	0.98603272
http://snomed.info/id/72231004	http://purl.org/sig/ont/fma/fma76900	1.0
http://snomed.info/id/722418002	http://purl.org/sig/ont/fma/fma286456	0.97805047
http://snomed.info/id/722419005	http://purl.org/sig/ont/fma/fma286454	0.970945
http://snomed.info/id/722420004	http://purl.org/sig/ont/fma/fma225535	0.90532982
http://snomed.info/id/72260008	http://purl.org/sig/ont/fma/fma5904	1.0
http://snomed.info/id/72264004	http://purl.org/sig/ont/fma/fma32867	1.0
http://snomed.info/id/72268001	http://purl.org/sig/ont/fma/fma35496	1.0
http://snomed.info/id/7227003	http://purl.org/sig/ont/fma/fma323338	0.94696581
http://snomed.info/id/722723001	http://purl.org/sig/ont/fma/fma22112	1.0
http://snomed.info/id/722724007	http://purl.org/sig/ont/fma/fma22111	1.0
http://snomed.info/id/722729002	http://purl.org/sig/ont/fma/fma44633	0.95172346
http://snomed.info/id/722730007	http://purl.org/sig/ont/fma/fma44632	0.96533525
http://snomed.info/id/722735002	http://purl.org/sig/ont/fma/fma51411	0.95990843
http://snomed.info/id/722736001	http://purl.org/sig/ont/fma/fma51410	0.96237266
http://snomed.info/id/722738000	http://purl.org/sig/ont/fma/fma225531	1.0
http://snomed.info/id/722739008	http://purl.org/sig/ont/fma/fma225529	1.0
http://snomed.info/id/722743007	http://purl.org/sig/ont/fma/fma58798	1.0
http://snomed.info/id/722744001	http://purl.org/sig/ont/fma/fma58799	1.0
http://snomed.info/id/722752003	http://purl.org/sig/ont/fma/fma45199	0.91292202
http://snomed.info/id/722753008	http://purl.org/sig/ont/fma/fma45200	0.91287601
http://snomed.info/id/72276004	http://purl.org/sig/ont/fma/fma76871	0.93455207
http://snomed.info/id/722775005	http://purl.org/sig/ont/fma/fma35517	0.97632998
http://snomed.info/id/722776006	http://purl.org/sig/ont/fma/fma35516	0.97939652
http://snomed.info/id/722779004	http://purl.org/sig/ont/fma/fma44629	0.96814215
http://snomed.info/id/722780001	http://purl.org/sig/ont/fma/fma44628	0.97042441
http://snomed.info/id/722787003	http://purl.org/sig/ont/fma/fma42448	0.97858888
http://snomed.info/id/722788008	http://purl.org/sig/ont/fma/fma42447	0.97728789
http://snomed.info/id/72289005	http://purl.org/sig/ont/fma/fma37580	1.0
http://snomed.info/id/72291002	http://purl.org/sig/ont/fma/fma21546	0.9697054
http://snomed.info/id/72303005	http://purl.org/sig/ont/fma/fma49816	1.0
http://snomed.info/id/723031008	http://purl.org/sig/ont/fma/fma32863	1.0
http://snomed.info/id/723032001	http://purl.org/sig/ont/fma/fma32862	1.0
http://snomed.info/id/723044003	http://purl.org/sig/ont/fma/fma22556	1.0
http://snomed.info/id/723045002	http://purl.org/sig/ont/fma/fma22557	1.0
http://snomed.info/id/72318006	http://purl.org/sig/ont/fma/fma15931	1.0
http://snomed.info/id/723246008	http://purl.org/sig/ont/fma/fma44623	0.95751715
http://snomed.info/id/723247004	http://purl.org/sig/ont/fma/fma44622	0.97086555
http://snomed.info/id/723270007	http://purl.org/sig/ont/fma/fma44616	0.97024053
http://snomed.info/id/723271006	http://purl.org/sig/ont/fma/fma44615	0.9739216
http://snomed.info/id/723274003	http://purl.org/sig/ont/fma/fma44619	0.9692055
http://snomed.info/id/723275002	http://purl.org/sig/ont/fma/fma44618	0.97408623
http://snomed.info/id/723295008	http://purl.org/sig/ont/fma/fma51042	1.0
http://snomed.info/id/723296009	http://purl.org/sig/ont/fma/fma51043	1.0
http://snomed.info/id/72331001	http://purl.org/sig/ont/fma/fma322268	0.93603766
http://snomed.info/id/723374000	http://purl.org/sig/ont/fma/fma45244	0.95529836
http://snomed.info/id/723375004	http://purl.org/sig/ont/fma/fma45245	0.95289278
http://snomed.info/id/723388001	http://purl.org/sig/ont/fma/fma44633	0.90821224
http://snomed.info/id/723389009	http://purl.org/sig/ont/fma/fma44622	0.90207821
http://snomed.info/id/7234001	http://purl.org/sig/ont/fma/fma50998	0.93897176
http://snomed.info/id/72343000	http://purl.org/sig/ont/fma/fma6239	1.0
http://snomed.info/id/723435008	http://purl.org/sig/ont/fma/fma45203	1.0
http://snomed.info/id/723436009	http://purl.org/sig/ont/fma/fma45202	1.0
http://snomed.info/id/72345007	http://purl.org/sig/ont/fma/fma58242	1.0
http://snomed.info/id/723491002	http://purl.org/sig/ont/fma/fma44086	0.92552209
http://snomed.info/id/723492009	http://purl.org/sig/ont/fma/fma44081	0.93756014
http://snomed.info/id/723550002	http://purl.org/sig/ont/fma/fma24500	0.92576826
http://snomed.info/id/723614000	http://purl.org/sig/ont/fma/fma23445	1.0
http://snomed.info/id/723615004	http://purl.org/sig/ont/fma/fma23446	1.0
http://snomed.info/id/723628006	http://purl.org/sig/ont/fma/fma50503	0.90666121
http://snomed.info/id/72372004	http://purl.org/sig/ont/fma/fma20992	1.0
http://snomed.info/id/723724004	http://purl.org/sig/ont/fma/fma60336	0.95344841
http://snomed.info/id/723730004	http://purl.org/sig/ont/fma/fma60335	0.95393753
http://snomed.info/id/723802005	http://purl.org/sig/ont/fma/fma37321	1.0
http://snomed.info/id/723834001	http://purl.org/sig/ont/fma/fma37320	1.0
http://snomed.info/id/723836004	http://purl.org/sig/ont/fma/fma280305	0.98478484
http://snomed.info/id/723837008	http://purl.org/sig/ont/fma/fma280307	0.98153251
http://snomed.info/id/723838003	http://purl.org/sig/ont/fma/fma32842	0.91896737
http://snomed.info/id/723839006	http://purl.org/sig/ont/fma/fma32843	0.90523475
http://snomed.info/id/723961002	http://purl.org/sig/ont/fma/fma22692	1.0
http://snomed.info/id/723962009	http://purl.org/sig/ont/fma/fma22691	1.0
http://snomed.info/id/723971000	http://purl.org/sig/ont/fma/fma37829	0.944915
http://snomed.info/id/723972007	http://purl.org/sig/ont/fma/fma37830	0.94723374
http://snomed.info/id/723996002	http://purl.org/sig/ont/fma/fma293500	1.0
http://snomed.info/id/724017004	http://purl.org/sig/ont/fma/fma74718	0.94913101
http://snomed.info/id/724018009	http://purl.org/sig/ont/fma/fma74719	0.94904059
http://snomed.info/id/724019001	http://purl.org/sig/ont/fma/fma74715	0.94867545
http://snomed.info/id/724020007	http://purl.org/sig/ont/fma/fma74716	0.94973469
http://snomed.info/id/724043003	http://purl.org/sig/ont/fma/fma44080	0.94242585
http://snomed.info/id/724083006	http://purl.org/sig/ont/fma/fma50499	0.97765499
http://snomed.info/id/724084000	http://purl.org/sig/ont/fma/fma50500	0.96962857
http://snomed.info/id/724196009	http://purl.org/sig/ont/fma/fma61672	0.98585474
http://snomed.info/id/724197000	http://purl.org/sig/ont/fma/fma61671	0.98592395
http://snomed.info/id/7242000	http://purl.org/sig/ont/fma/fma14993	1.0
http://snomed.info/id/724221004	http://purl.org/sig/ont/fma/fma264792	0.96745527
http://snomed.info/id/724223001	http://purl.org/sig/ont/fma/fma264793	0.95875317
http://snomed.info/id/724230007	http://purl.org/sig/ont/fma/fma225820	0.98553234
http://snomed.info/id/724231006	http://purl.org/sig/ont/fma/fma225822	0.98586172
http://snomed.info/id/724345003	http://purl.org/sig/ont/fma/fma35465	1.0
http://snomed.info/id/724346002	http://purl.org/sig/ont/fma/fma35464	1.0
http://snomed.info/id/724348001	http://purl.org/sig/ont/fma/fma23443	1.0
http://snomed.info/id/724379002	http://purl.org/sig/ont/fma/fma50878	1.0
http://snomed.info/id/724380004	http://purl.org/sig/ont/fma/fma50875	1.0
http://snomed.info/id/72468004	http://purl.org/sig/ont/fma/fma50986	1.0
http://snomed.info/id/72473005	http://purl.org/sig/ont/fma/fma59384	1.0
http://snomed.info/id/72481006	http://purl.org/sig/ont/fma/fma7383	1.0
http://snomed.info/id/72493002	http://purl.org/sig/ont/fma/fma46014	1.0
http://snomed.info/id/72504003	http://purl.org/sig/ont/fma/fma18868	1.0
http://snomed.info/id/725107003	http://purl.org/sig/ont/fma/fma42558	0.90369093
http://snomed.info/id/725108008	http://purl.org/sig/ont/fma/fma42557	0.9331612
http://snomed.info/id/725143009	http://purl.org/sig/ont/fma/fma57967	1.0
http://snomed.info/id/725144003	http://purl.org/sig/ont/fma/fma57967	0.94843197
http://snomed.info/id/72525003	http://purl.org/sig/ont/fma/fma42821	0.9406538
http://snomed.info/id/725302004	http://purl.org/sig/ont/fma/fma74961	0.91765344
http://snomed.info/id/725338006	http://purl.org/sig/ont/fma/fma49053	1.0
http://snomed.info/id/725339003	http://purl.org/sig/ont/fma/fma49052	1.0
http://snomed.info/id/725399001	http://purl.org/sig/ont/fma/fma42556	0.91505831
http://snomed.info/id/725400008	http://purl.org/sig/ont/fma/fma42555	0.93385023
http://snomed.info/id/72542009	http://purl.org/sig/ont/fma/fma322887	0.97043914
http://snomed.info/id/725486000	http://purl.org/sig/ont/fma/fma38484	0.92835838
http://snomed.info/id/725487009	http://purl.org/sig/ont/fma/fma38680	0.93202013
http://snomed.info/id/725502003	http://purl.org/sig/ont/fma/fma14668	1.0
http://snomed.info/id/72562001	http://purl.org/sig/ont/fma/fma74414	1.0
http://snomed.info/id/72573008	http://purl.org/sig/ont/fma/fma32546	1.0
http://snomed.info/id/72579007	http://purl.org/sig/ont/fma/fma13427	1.0
http://snomed.info/id/726002000	http://purl.org/sig/ont/fma/fma37802	1.0
http://snomed.info/id/726003005	http://purl.org/sig/ont/fma/fma37801	1.0
http://snomed.info/id/726025004	http://purl.org/sig/ont/fma/fma14938	0.9112457
http://snomed.info/id/726035005	http://purl.org/sig/ont/fma/fma14945	0.91038084
http://snomed.info/id/726047004	http://purl.org/sig/ont/fma/fma42554	0.92100781
http://snomed.info/id/726048009	http://purl.org/sig/ont/fma/fma42553	0.94283605
http://snomed.info/id/726070007	http://purl.org/sig/ont/fma/fma17922	0.91773635
http://snomed.info/id/726090003	http://purl.org/sig/ont/fma/fma14914	0.90439999
http://snomed.info/id/726093001	http://purl.org/sig/ont/fma/fma63529	0.93482274
http://snomed.info/id/72626008	http://purl.org/sig/ont/fma/fma19808	1.0
http://snomed.info/id/72650005	http://purl.org/sig/ont/fma/fma322682	1.0
http://snomed.info/id/726560003	http://purl.org/sig/ont/fma/fma312278	0.96325475
http://snomed.info/id/726561004	http://purl.org/sig/ont/fma/fma312276	0.9691484
http://snomed.info/id/726562006	http://purl.org/sig/ont/fma/fma56428	1.0
http://snomed.info/id/726563001	http://purl.org/sig/ont/fma/fma56427	1.0
http://snomed.info/id/72665006	http://purl.org/sig/ont/fma/fma7708	1.0
http://snomed.info/id/726665001	http://purl.org/sig/ont/fma/fma74435	1.0
http://snomed.info/id/726666000	http://purl.org/sig/ont/fma/fma74435	0.91223204
http://snomed.info/id/726671007	http://purl.org/sig/ont/fma/fma311056	0.91606945
http://snomed.info/id/726805002	http://purl.org/sig/ont/fma/fma321571	0.94433182
http://snomed.info/id/726808000	http://purl.org/sig/ont/fma/fma78558	0.93191856
http://snomed.info/id/726834008	http://purl.org/sig/ont/fma/fma51102	0.92510241
http://snomed.info/id/72684009	http://purl.org/sig/ont/fma/fma70495	0.91487539
http://snomed.info/id/726856006	http://purl.org/sig/ont/fma/fma83607	0.90943354
http://snomed.info/id/726861008	http://purl.org/sig/ont/fma/fma293444	0.93556952
http://snomed.info/id/726871005	http://purl.org/sig/ont/fma/fma44519	0.92258078
http://snomed.info/id/726879007	http://purl.org/sig/ont/fma/fma15037	0.90621048
http://snomed.info/id/726880005	http://purl.org/sig/ont/fma/fma27971	0.96316338
http://snomed.info/id/726887008	http://purl.org/sig/ont/fma/fma71814	0.92778277
http://snomed.info/id/726897004	http://purl.org/sig/ont/fma/fma69225	0.92171806
http://snomed.info/id/726902003	http://purl.org/sig/ont/fma/fma70716	0.95457095
http://snomed.info/id/726903008	http://purl.org/sig/ont/fma/fma76851	0.95480734
http://snomed.info/id/726912005	http://purl.org/sig/ont/fma/fma59056	0.91804379
http://snomed.info/id/726918009	http://purl.org/sig/ont/fma/fma14283	0.93810278
http://snomed.info/id/726920007	http://purl.org/sig/ont/fma/fma37837	0.92844564
http://snomed.info/id/726929008	http://purl.org/sig/ont/fma/fma15844	0.91168272
http://snomed.info/id/726937000	http://purl.org/sig/ont/fma/fma52414	0.92572951
http://snomed.info/id/72694004	http://purl.org/sig/ont/fma/fma50803	0.94872302
http://snomed.info/id/726951000	http://purl.org/sig/ont/fma/fma14912	0.92449272
http://snomed.info/id/726953002	http://purl.org/sig/ont/fma/fma15971	0.91104376
http://snomed.info/id/726964004	http://purl.org/sig/ont/fma/fma6670	0.92112935
http://snomed.info/id/726969009	http://purl.org/sig/ont/fma/fma55626	0.95799166
http://snomed.info/id/726981008	http://purl.org/sig/ont/fma/fma322513	0.94316757
http://snomed.info/id/726992009	http://purl.org/sig/ont/fma/fma324034	0.93559349
http://snomed.info/id/727013008	http://purl.org/sig/ont/fma/fma21577	0.91618842
http://snomed.info/id/727018004	http://purl.org/sig/ont/fma/fma58746	0.91826081
http://snomed.info/id/727028008	http://purl.org/sig/ont/fma/fma39145	0.91326696
http://snomed.info/id/727030005	http://purl.org/sig/ont/fma/fma46753	0.90650344
http://snomed.info/id/727032002	http://purl.org/sig/ont/fma/fma14664	0.94787484
http://snomed.info/id/727033007	http://purl.org/sig/ont/fma/fma63235	0.94233811
http://snomed.info/id/727044004	http://purl.org/sig/ont/fma/fma62036	0.90232676
http://snomed.info/id/727045003	http://purl.org/sig/ont/fma/fma17233	0.91898918
http://snomed.info/id/727047006	http://purl.org/sig/ont/fma/fma37840	0.92103243
http://snomed.info/id/727048001	http://purl.org/sig/ont/fma/fma69236	0.92769051
http://snomed.info/id/727052001	http://purl.org/sig/ont/fma/fma7646	0.9278698
http://snomed.info/id/727057007	http://purl.org/sig/ont/fma/fma74434	0.92222071
http://snomed.info/id/727062008	http://purl.org/sig/ont/fma/fma58749	0.91602939
http://snomed.info/id/727063003	http://purl.org/sig/ont/fma/fma258825	0.91062599
http://snomed.info/id/727069004	http://purl.org/sig/ont/fma/fma16648	0.91834211
http://snomed.info/id/727070003	http://purl.org/sig/ont/fma/fma52679	0.94193333
http://snomed.info/id/727076009	http://purl.org/sig/ont/fma/fma83981	0.91612679
http://snomed.info/id/727081000	http://purl.org/sig/ont/fma/fma14989	0.91317534
http://snomed.info/id/727084008	http://purl.org/sig/ont/fma/fma15693	0.92529643
http://snomed.info/id/727086005	http://purl.org/sig/ont/fma/fma63530	0.90190226
http://snomed.info/id/727088006	http://purl.org/sig/ont/fma/fma15687	0.90103596
http://snomed.info/id/72709006	http://purl.org/sig/ont/fma/fma38559	1.0
http://snomed.info/id/727091006	http://purl.org/sig/ont/fma/fma17069	0.93428606
http://snomed.info/id/727095002	http://purl.org/sig/ont/fma/fma68505	0.93096536
http://snomed.info/id/727100000	http://purl.org/sig/ont/fma/fma260734	0.91717213
http://snomed.info/id/727104009	http://purl.org/sig/ont/fma/fma69234	0.9117735
http://snomed.info/id/727106006	http://purl.org/sig/ont/fma/fma17962	0.90777659
http://snomed.info/id/727111008	http://purl.org/sig/ont/fma/fma17232	0.93888021
http://snomed.info/id/727113006	http://purl.org/sig/ont/fma/fma15035	0.91423887
http://snomed.info/id/727125009	http://purl.org/sig/ont/fma/fma54660	0.94071484
http://snomed.info/id/727127001	http://purl.org/sig/ont/fma/fma68504	0.92216802
http://snomed.info/id/727128006	http://purl.org/sig/ont/fma/fma55181	0.9038384
http://snomed.info/id/727131007	http://purl.org/sig/ont/fma/fma16644	0.90132314
http://snomed.info/id/727133005	http://purl.org/sig/ont/fma/fma63203	0.92131507
http://snomed.info/id/727142003	http://purl.org/sig/ont/fma/fma16027	0.92391425
http://snomed.info/id/72715006	http://purl.org/sig/ont/fma/fma322625	0.98135614
http://snomed.info/id/727157005	http://purl.org/sig/ont/fma/fma234390	0.913261
http://snomed.info/id/727163001	http://purl.org/sig/ont/fma/fma63457	0.90977532
http://snomed.info/id/727164007	http://purl.org/sig/ont/fma/fma75428	0.93028629
http://snomed.info/id/727165008	http://purl.org/sig/ont/fma/fma322052	0.92262363
http://snomed.info/id/727167000	http://purl.org/sig/ont/fma/fma70491	0.91772461
http://snomed.info/id/727169002	http://purl.org/sig/ont/fma/fma87153	0.91597915
http://snomed.info/id/727171002	http://purl.org/sig/ont/fma/fma63236	0.9041031
http://snomed.info/id/72719000	http://purl.org/sig/ont/fma/fma71115	1.0
http://snomed.info/id/727195000	http://purl.org/sig/ont/fma/fma51329	0.94305807
http://snomed.info/id/72720006	http://purl.org/sig/ont/fma/fma18260	1.0
http://snomed.info/id/727203006	http://purl.org/sig/ont/fma/fma52691	0.94923323
http://snomed.info/id/727206003	http://purl.org/sig/ont/fma/fma15931	0.91545284
http://snomed.info/id/727223007	http://purl.org/sig/ont/fma/fma14772	0.94132483
http://snomed.info/id/727228003	http://purl.org/sig/ont/fma/fma323425	0.91064411
http://snomed.info/id/727238008	http://purl.org/sig/ont/fma/fma51101	0.924254
http://snomed.info/id/727240003	http://purl.org/sig/ont/fma/fma15709	0.90793955
http://snomed.info/id/727244007	http://purl.org/sig/ont/fma/fma37450	0.90747368
http://snomed.info/id/727250002	http://purl.org/sig/ont/fma/fma53313	0.91038322
http://snomed.info/id/727261005	http://purl.org/sig/ont/fma/fma63202	0.93555933
http://snomed.info/id/727263008	http://purl.org/sig/ont/fma/fma50797	0.95187664
http://snomed.info/id/727265001	http://purl.org/sig/ont/fma/fma77273	0.95427132
http://snomed.info/id/727266000	http://purl.org/sig/ont/fma/fma78654	0.90104157
http://snomed.info/id/727273005	http://purl.org/sig/ont/fma/fma17958	0.95737624
http://snomed.info/id/727274004	http://purl.org/sig/ont/fma/fma14988	0.92510122
http://snomed.info/id/727278001	http://purl.org/sig/ont/fma/fma70717	0.94186908
http://snomed.info/id/727284003	http://purl.org/sig/ont/fma/fma68096	0.94220132
http://snomed.info/id/727288000	http://purl.org/sig/ont/fma/fma17850	0.95769662
http://snomed.info/id/727300006	http://purl.org/sig/ont/fma/fma80817	0.9033168
http://snomed.info/id/727306000	http://purl.org/sig/ont/fma/fma14990	0.90624398
http://snomed.info/id/727312005	http://purl.org/sig/ont/fma/fma322441	0.93676716
http://snomed.info/id/727338005	http://purl.org/sig/ont/fma/fma54319	0.90458119
http://snomed.info/id/727339002	http://purl.org/sig/ont/fma/fma323935	0.95431256
http://snomed.info/id/727340000	http://purl.org/sig/ont/fma/fma323936	0.96936339
http://snomed.info/id/727352007	http://purl.org/sig/ont/fma/fma322610	0.92286766
http://snomed.info/id/727356005	http://purl.org/sig/ont/fma/fma268676	0.93354553
http://snomed.info/id/727365003	http://purl.org/sig/ont/fma/fma4742	0.93238354
http://snomed.info/id/727396007	http://purl.org/sig/ont/fma/fma44793	0.95698816
http://snomed.info/id/727400007	http://purl.org/sig/ont/fma/fma318576	0.91198915
http://snomed.info/id/727401006	http://purl.org/sig/ont/fma/fma323406	0.95201886
http://snomed.info/id/727412006	http://purl.org/sig/ont/fma/fma321650	0.95034617
http://snomed.info/id/727433002	http://purl.org/sig/ont/fma/fma269061	0.91109043
http://snomed.info/id/727450000	http://purl.org/sig/ont/fma/fma80283	0.91839826
http://snomed.info/id/727452008	http://purl.org/sig/ont/fma/fma54674	0.90969253
http://snomed.info/id/727454009	http://purl.org/sig/ont/fma/fma54671	0.93669581
http://snomed.info/id/727459004	http://purl.org/sig/ont/fma/fma57070	0.92452288
http://snomed.info/id/727461008	http://purl.org/sig/ont/fma/fma17398	0.91560256
http://snomed.info/id/727462001	http://purl.org/sig/ont/fma/fma17402	0.90574205
http://snomed.info/id/727463006	http://purl.org/sig/ont/fma/fma17399	0.95988649
http://snomed.info/id/727464000	http://purl.org/sig/ont/fma/fma17403	0.95133692
http://snomed.info/id/72747001	http://purl.org/sig/ont/fma/fma46119	1.0
http://snomed.info/id/727479007	http://purl.org/sig/ont/fma/fma45717	0.93850082
http://snomed.info/id/727481009	http://purl.org/sig/ont/fma/fma277008	0.90281564
http://snomed.info/id/727485000	http://purl.org/sig/ont/fma/fma276903	0.94027877
http://snomed.info/id/727491003	http://purl.org/sig/ont/fma/fma323415	0.91404372
http://snomed.info/id/727503007	http://purl.org/sig/ont/fma/fma46930	0.90824449
http://snomed.info/id/727526000	http://purl.org/sig/ont/fma/fma65848	0.90838903
http://snomed.info/id/727527009	http://purl.org/sig/ont/fma/fma65868	0.9169811
http://snomed.info/id/727528004	http://purl.org/sig/ont/fma/fma65897	0.92900211
http://snomed.info/id/72753001	http://purl.org/sig/ont/fma/fma322214	1.0
http://snomed.info/id/727556009	http://purl.org/sig/ont/fma/fma37319	0.92198694
http://snomed.info/id/727563009	http://purl.org/sig/ont/fma/fma291308	0.91934586
http://snomed.info/id/727564003	http://purl.org/sig/ont/fma/fma37319	0.91815341
http://snomed.info/id/727581007	http://purl.org/sig/ont/fma/fma321777	0.9032861
http://snomed.info/id/727582000	http://purl.org/sig/ont/fma/fma44741	0.90823644
http://snomed.info/id/727583005	http://purl.org/sig/ont/fma/fma44741	0.95387584
http://snomed.info/id/727585003	http://purl.org/sig/ont/fma/fma79017	0.93823725
http://snomed.info/id/727586002	http://purl.org/sig/ont/fma/fma79024	0.93838489
http://snomed.info/id/727587006	http://purl.org/sig/ont/fma/fma79031	0.94239056
http://snomed.info/id/727588001	http://purl.org/sig/ont/fma/fma44804	0.91581684
http://snomed.info/id/727590000	http://purl.org/sig/ont/fma/fma44745	0.96588606
http://snomed.info/id/727591001	http://purl.org/sig/ont/fma/fma44748	0.96696395
http://snomed.info/id/727592008	http://purl.org/sig/ont/fma/fma44751	0.96987522
http://snomed.info/id/727593003	http://purl.org/sig/ont/fma/fma44726	0.96604657
http://snomed.info/id/727607003	http://purl.org/sig/ont/fma/fma3794	0.91256672
http://snomed.info/id/727618003	http://purl.org/sig/ont/fma/fma322370	0.94426978
http://snomed.info/id/727619006	http://purl.org/sig/ont/fma/fma322356	0.90619946
http://snomed.info/id/727624009	http://purl.org/sig/ont/fma/fma322366	0.95502073
http://snomed.info/id/727625005	http://purl.org/sig/ont/fma/fma322365	0.96109664
http://snomed.info/id/727627002	http://purl.org/sig/ont/fma/fma38251	0.95394921
http://snomed.info/id/727628007	http://purl.org/sig/ont/fma/fma38256	0.91067559
http://snomed.info/id/727629004	http://purl.org/sig/ont/fma/fma38159	0.95525938
http://snomed.info/id/727630009	http://purl.org/sig/ont/fma/fma38168	0.95367318
http://snomed.info/id/727631008	http://purl.org/sig/ont/fma/fma38165	0.94949389
http://snomed.info/id/727632001	http://purl.org/sig/ont/fma/fma37843	0.94620186
http://snomed.info/id/727633006	http://purl.org/sig/ont/fma/fma37870	0.93931216
http://snomed.info/id/727634000	http://purl.org/sig/ont/fma/fma38134	0.94162625
http://snomed.info/id/727635004	http://purl.org/sig/ont/fma/fma70406	0.93683481
http://snomed.info/id/727636003	http://purl.org/sig/ont/fma/fma38137	0.92518294
http://snomed.info/id/727637007	http://purl.org/sig/ont/fma/fma38140	0.91873497
http://snomed.info/id/727638002	http://purl.org/sig/ont/fma/fma322338	0.95289856
http://snomed.info/id/727639005	http://purl.org/sig/ont/fma/fma60403	0.97547144
http://snomed.info/id/727640007	http://purl.org/sig/ont/fma/fma60404	0.96814495
http://snomed.info/id/727641006	http://purl.org/sig/ont/fma/fma60405	0.97294813
http://snomed.info/id/727642004	http://purl.org/sig/ont/fma/fma60406	0.95941138
http://snomed.info/id/727643009	http://purl.org/sig/ont/fma/fma60402	0.96085191
http://snomed.info/id/727645002	http://purl.org/sig/ont/fma/fma60611	0.96590936
http://snomed.info/id/727646001	http://purl.org/sig/ont/fma/fma60612	0.96424937
http://snomed.info/id/727647005	http://purl.org/sig/ont/fma/fma60613	0.9667027
http://snomed.info/id/727652000	http://purl.org/sig/ont/fma/fma37450	0.90397608
http://snomed.info/id/727661000	http://purl.org/sig/ont/fma/fma48432	0.91628557
http://snomed.info/id/727662007	http://purl.org/sig/ont/fma/fma61653	0.90315503
http://snomed.info/id/727663002	http://purl.org/sig/ont/fma/fma34983	0.91015643
http://snomed.info/id/727664008	http://purl.org/sig/ont/fma/fma300331	0.9223423
http://snomed.info/id/727667001	http://purl.org/sig/ont/fma/fma322826	0.94518143
http://snomed.info/id/727669003	http://purl.org/sig/ont/fma/fma45183	0.94304967
http://snomed.info/id/727681004	http://purl.org/sig/ont/fma/fma23981	0.94303024
http://snomed.info/id/727683001	http://purl.org/sig/ont/fma/fma225034	0.90250176
http://snomed.info/id/727685008	http://purl.org/sig/ont/fma/fma24059	0.94726521
http://snomed.info/id/727693008	http://purl.org/sig/ont/fma/fma323498	0.90631896
http://snomed.info/id/727697009	http://purl.org/sig/ont/fma/fma40302	0.9061076
http://snomed.info/id/727701007	http://purl.org/sig/ont/fma/fma41224	0.94253826
http://snomed.info/id/727709009	http://purl.org/sig/ont/fma/fma40304	0.90866023
http://snomed.info/id/727713002	http://purl.org/sig/ont/fma/fma82513	0.91362518
http://snomed.info/id/727759000	http://purl.org/sig/ont/fma/fma24951	0.9186098
http://snomed.info/id/727760005	http://purl.org/sig/ont/fma/fma27276	0.93230933
http://snomed.info/id/727761009	http://purl.org/sig/ont/fma/fma25555	0.93814623
http://snomed.info/id/727764001	http://purl.org/sig/ont/fma/fma10454	0.90351033
http://snomed.info/id/727766004	http://purl.org/sig/ont/fma/fma13720	0.93513083
http://snomed.info/id/727767008	http://purl.org/sig/ont/fma/fma13694	0.90190291
http://snomed.info/id/727770007	http://purl.org/sig/ont/fma/fma27484	0.92297107
http://snomed.info/id/727772004	http://purl.org/sig/ont/fma/fma13733	0.93766081
http://snomed.info/id/727790003	http://purl.org/sig/ont/fma/fma321710	0.91040879
http://snomed.info/id/727794007	http://purl.org/sig/ont/fma/fma321703	0.91921037
http://snomed.info/id/727798005	http://purl.org/sig/ont/fma/fma321699	0.9301331
http://snomed.info/id/727799002	http://purl.org/sig/ont/fma/fma321700	0.90777451
http://snomed.info/id/727800003	http://purl.org/sig/ont/fma/fma321701	0.90265036
http://snomed.info/id/727802006	http://purl.org/sig/ont/fma/fma19116	0.91411746
http://snomed.info/id/727803001	http://purl.org/sig/ont/fma/fma44624	0.94689816
http://snomed.info/id/727804007	http://purl.org/sig/ont/fma/fma44625	0.94175148
http://snomed.info/id/727805008	http://purl.org/sig/ont/fma/fma44638	0.95011723
http://snomed.info/id/727806009	http://purl.org/sig/ont/fma/fma44639	0.94275242
http://snomed.info/id/727836000	http://purl.org/sig/ont/fma/fma322263	0.91620123
http://snomed.info/id/727840009	http://purl.org/sig/ont/fma/fma323938	0.95114142
http://snomed.info/id/727841008	http://purl.org/sig/ont/fma/fma324007	0.9335593
http://snomed.info/id/727843006	http://purl.org/sig/ont/fma/fma322330	0.95427644
http://snomed.info/id/727847007	http://purl.org/sig/ont/fma/fma322360	0.95723403
http://snomed.info/id/727848002	http://purl.org/sig/ont/fma/fma322360	0.90350795
http://snomed.info/id/727849005	http://purl.org/sig/ont/fma/fma322360	0.92610013
http://snomed.info/id/727850005	http://purl.org/sig/ont/fma/fma322359	0.95384794
http://snomed.info/id/727851009	http://purl.org/sig/ont/fma/fma322358	0.9494077
http://snomed.info/id/727853007	http://purl.org/sig/ont/fma/fma50047	0.94012392
http://snomed.info/id/727854001	http://purl.org/sig/ont/fma/fma322283	0.95471126
http://snomed.info/id/727859006	http://purl.org/sig/ont/fma/fma322351	0.96858674
http://snomed.info/id/727860001	http://purl.org/sig/ont/fma/fma323935	0.93721229
http://snomed.info/id/727861002	http://purl.org/sig/ont/fma/fma322350	0.96365207
http://snomed.info/id/727862009	http://purl.org/sig/ont/fma/fma322363	0.95572913
http://snomed.info/id/727865006	http://purl.org/sig/ont/fma/fma322348	0.96030748
http://snomed.info/id/727866007	http://purl.org/sig/ont/fma/fma322347	0.95193458
http://snomed.info/id/727868008	http://purl.org/sig/ont/fma/fma322346	0.95448828
http://snomed.info/id/727869000	http://purl.org/sig/ont/fma/fma322345	0.9589321
http://snomed.info/id/727870004	http://purl.org/sig/ont/fma/fma38262	0.94918394
http://snomed.info/id/727871000	http://purl.org/sig/ont/fma/fma322344	0.9540779
http://snomed.info/id/727872007	http://purl.org/sig/ont/fma/fma322343	0.95617312
http://snomed.info/id/727873002	http://purl.org/sig/ont/fma/fma38259	0.95089322
http://snomed.info/id/727875009	http://purl.org/sig/ont/fma/fma300367	0.91294217
http://snomed.info/id/727877001	http://purl.org/sig/ont/fma/fma38289	0.92902637
http://snomed.info/id/727878006	http://purl.org/sig/ont/fma/fma38292	0.92278981
http://snomed.info/id/727882008	http://purl.org/sig/ont/fma/fma322400	0.92560333
http://snomed.info/id/727883003	http://purl.org/sig/ont/fma/fma322399	0.92305553
http://snomed.info/id/727886006	http://purl.org/sig/ont/fma/fma323024	0.93199319
http://snomed.info/id/727887002	http://purl.org/sig/ont/fma/fma324010	0.91639084
http://snomed.info/id/727888007	http://purl.org/sig/ont/fma/fma322396	0.96184331
http://snomed.info/id/727889004	http://purl.org/sig/ont/fma/fma322395	0.9560737
http://snomed.info/id/727891007	http://purl.org/sig/ont/fma/fma322394	0.95727926
http://snomed.info/id/727892000	http://purl.org/sig/ont/fma/fma322392	0.96048671
http://snomed.info/id/727893005	http://purl.org/sig/ont/fma/fma322391	0.95454293
http://snomed.info/id/727894004	http://purl.org/sig/ont/fma/fma322393	0.95640022
http://snomed.info/id/727895003	http://purl.org/sig/ont/fma/fma322390	0.9626857
http://snomed.info/id/727899009	http://purl.org/sig/ont/fma/fma324013	0.90163565
http://snomed.info/id/727906005	http://purl.org/sig/ont/fma/fma60386	0.95956218
http://snomed.info/id/727907001	http://purl.org/sig/ont/fma/fma60533	0.94863087
http://snomed.info/id/727908006	http://purl.org/sig/ont/fma/fma49918	0.92636776
http://snomed.info/id/727915003	http://purl.org/sig/ont/fma/fma323489	0.93892407
http://snomed.info/id/72792008	http://purl.org/sig/ont/fma/fma61819	1.0
http://snomed.info/id/727926009	http://purl.org/sig/ont/fma/fma20734	0.9126066
http://snomed.info/id/727927000	http://purl.org/sig/ont/fma/fma69797	0.9487499
http://snomed.info/id/72793003	http://purl.org/sig/ont/fma/fma14929	1.0
http://snomed.info/id/727931006	http://purl.org/sig/ont/fma/fma323487	0.93436211
http://snomed.info/id/727934003	http://purl.org/sig/ont/fma/fma70259	0.90079951
http://snomed.info/id/727937005	http://purl.org/sig/ont/fma/fma77155	0.90451038
http://snomed.info/id/727941009	http://purl.org/sig/ont/fma/fma241727	0.90157586
http://snomed.info/id/727942002	http://purl.org/sig/ont/fma/fma44644	0.90428305
http://snomed.info/id/72795005	http://purl.org/sig/ont/fma/fma40399	0.98571658
http://snomed.info/id/727959007	http://purl.org/sig/ont/fma/fma323486	0.920542
http://snomed.info/id/727984005	http://purl.org/sig/ont/fma/fma53471	0.91068649
http://snomed.info/id/727993006	http://purl.org/sig/ont/fma/fma291332	0.90240151
http://snomed.info/id/728005009	http://purl.org/sig/ont/fma/fma321727	0.91452581
http://snomed.info/id/728017006	http://purl.org/sig/ont/fma/fma58338	0.92917109
http://snomed.info/id/728045000	http://purl.org/sig/ont/fma/fma21469	0.9130109
http://snomed.info/id/728048003	http://purl.org/sig/ont/fma/fma38406	0.94347131
http://snomed.info/id/728050006	http://purl.org/sig/ont/fma/fma322815	0.91208988
http://snomed.info/id/728071001	http://purl.org/sig/ont/fma/fma53171	0.92924702
http://snomed.info/id/728077002	http://purl.org/sig/ont/fma/fma71440	0.9526642
http://snomed.info/id/728081002	http://purl.org/sig/ont/fma/fma32582	0.9010129
http://snomed.info/id/728083004	http://purl.org/sig/ont/fma/fma323462	0.92421299
http://snomed.info/id/728084005	http://purl.org/sig/ont/fma/fma13332	0.90794778
http://snomed.info/id/728092001	http://purl.org/sig/ont/fma/fma319005	0.92150104
http://snomed.info/id/728095004	http://purl.org/sig/ont/fma/fma320675	0.90321201
http://snomed.info/id/728108009	http://purl.org/sig/ont/fma/fma47905	0.9028964
http://snomed.info/id/728121002	http://purl.org/sig/ont/fma/fma48354	0.91359669
http://snomed.info/id/728122009	http://purl.org/sig/ont/fma/fma48339	0.91595328
http://snomed.info/id/728124005	http://purl.org/sig/ont/fma/fma48399	0.91372854
http://snomed.info/id/728129000	http://purl.org/sig/ont/fma/fma48489	0.92346758
http://snomed.info/id/728134001	http://purl.org/sig/ont/fma/fma48144	0.91033494
http://snomed.info/id/728141007	http://purl.org/sig/ont/fma/fma38153	0.93732309
http://snomed.info/id/728142000	http://purl.org/sig/ont/fma/fma63225	0.90268677
http://snomed.info/id/728146002	http://purl.org/sig/ont/fma/fma63213	0.90973854
http://snomed.info/id/728147006	http://purl.org/sig/ont/fma/fma63253	0.92150581
http://snomed.info/id/728160000	http://purl.org/sig/ont/fma/fma51116	0.91446656
http://snomed.info/id/728166006	http://purl.org/sig/ont/fma/fma38721	0.90884089
http://snomed.info/id/728168007	http://purl.org/sig/ont/fma/fma40769	0.91928279
http://snomed.info/id/728172006	http://purl.org/sig/ont/fma/fma39266	0.90277529
http://snomed.info/id/728177000	http://purl.org/sig/ont/fma/fma39394	0.90595233
http://snomed.info/id/728178005	http://purl.org/sig/ont/fma/fma39500	0.93817812
http://snomed.info/id/728179002	http://purl.org/sig/ont/fma/fma39516	0.93935883
http://snomed.info/id/728180004	http://purl.org/sig/ont/fma/fma39532	0.9416042
http://snomed.info/id/728181000	http://purl.org/sig/ont/fma/fma39548	0.94882953
http://snomed.info/id/728183002	http://purl.org/sig/ont/fma/fma39564	0.93037325
http://snomed.info/id/728184008	http://purl.org/sig/ont/fma/fma39580	0.9463098
http://snomed.info/id/728185009	http://purl.org/sig/ont/fma/fma39596	0.93531531
http://snomed.info/id/728186005	http://purl.org/sig/ont/fma/fma39612	0.95156205
http://snomed.info/id/728188006	http://purl.org/sig/ont/fma/fma39628	0.90496874
http://snomed.info/id/728189003	http://purl.org/sig/ont/fma/fma39644	0.91704255
http://snomed.info/id/728190007	http://purl.org/sig/ont/fma/fma39660	0.91382653
http://snomed.info/id/728194003	http://purl.org/sig/ont/fma/fma48234	0.92489612
http://snomed.info/id/728196001	http://purl.org/sig/ont/fma/fma301241	0.93500918
http://snomed.info/id/728197005	http://purl.org/sig/ont/fma/fma301219	0.90467763
http://snomed.info/id/728198000	http://purl.org/sig/ont/fma/fma311798	0.90342796
http://snomed.info/id/728200006	http://purl.org/sig/ont/fma/fma310972	0.92945546
http://snomed.info/id/728203008	http://purl.org/sig/ont/fma/fma310996	0.93984675
http://snomed.info/id/728208004	http://purl.org/sig/ont/fma/fma49390	0.93896616
http://snomed.info/id/728209007	http://purl.org/sig/ont/fma/fma49391	0.93400067
http://snomed.info/id/728210002	http://purl.org/sig/ont/fma/fma49392	0.93457758
http://snomed.info/id/728216008	http://purl.org/sig/ont/fma/fma311020	0.91584003
http://snomed.info/id/728218009	http://purl.org/sig/ont/fma/fma311627	0.92181659
http://snomed.info/id/728227005	http://purl.org/sig/ont/fma/fma47215	0.91053635
http://snomed.info/id/728230003	http://purl.org/sig/ont/fma/fma223255	0.91019154
http://snomed.info/id/728231004	http://purl.org/sig/ont/fma/fma48804	0.94034559
http://snomed.info/id/728232006	http://purl.org/sig/ont/fma/fma48819	0.94980747
http://snomed.info/id/728233001	http://purl.org/sig/ont/fma/fma48834	0.95192689
http://snomed.info/id/728234007	http://purl.org/sig/ont/fma/fma48849	0.9557724
http://snomed.info/id/728237000	http://purl.org/sig/ont/fma/fma321674	0.9067328
http://snomed.info/id/728239002	http://purl.org/sig/ont/fma/fma48864	0.92985988
http://snomed.info/id/728240000	http://purl.org/sig/ont/fma/fma48879	0.94537878
http://snomed.info/id/728241001	http://purl.org/sig/ont/fma/fma48894	0.93801749
http://snomed.info/id/728242008	http://purl.org/sig/ont/fma/fma48909	0.95166886
http://snomed.info/id/728244009	http://purl.org/sig/ont/fma/fma48924	0.9020279
http://snomed.info/id/728245005	http://purl.org/sig/ont/fma/fma48939	0.91619664
http://snomed.info/id/728246006	http://purl.org/sig/ont/fma/fma48954	0.91114318
http://snomed.info/id/728250004	http://purl.org/sig/ont/fma/fma65020	0.92618752
http://snomed.info/id/728257001	http://purl.org/sig/ont/fma/fma323419	0.95705891
http://snomed.info/id/728261007	http://purl.org/sig/ont/fma/fma323424	0.94721329
http://snomed.info/id/728274001	http://purl.org/sig/ont/fma/fma16654	0.91173106
http://snomed.info/id/728278003	http://purl.org/sig/ont/fma/fma84597	0.90404314
http://snomed.info/id/728288002	http://purl.org/sig/ont/fma/fma323426	0.93750972
http://snomed.info/id/728289005	http://purl.org/sig/ont/fma/fma323427	0.93391514
http://snomed.info/id/728307006	http://purl.org/sig/ont/fma/fma59530	0.92088771
http://snomed.info/id/728312007	http://purl.org/sig/ont/fma/fma323433	0.93981922
http://snomed.info/id/728313002	http://purl.org/sig/ont/fma/fma55558	0.940974
http://snomed.info/id/728314008	http://purl.org/sig/ont/fma/fma55559	0.93473524
http://snomed.info/id/728421009	http://purl.org/sig/ont/fma/fma323450	0.92026865
http://snomed.info/id/728440003	http://purl.org/sig/ont/fma/fma323460	0.93097097
http://snomed.info/id/728453000	http://purl.org/sig/ont/fma/fma74871	0.93439525
http://snomed.info/id/728464002	http://purl.org/sig/ont/fma/fma13720	0.90344137
http://snomed.info/id/728466000	http://purl.org/sig/ont/fma/fma13720	0.90869075
http://snomed.info/id/728467009	http://purl.org/sig/ont/fma/fma13733	0.90147829
http://snomed.info/id/728469007	http://purl.org/sig/ont/fma/fma27485	0.92195708
http://snomed.info/id/728470008	http://purl.org/sig/ont/fma/fma44684	0.93883216
http://snomed.info/id/728483009	http://purl.org/sig/ont/fma/fma25555	0.92680293
http://snomed.info/id/728484003	http://purl.org/sig/ont/fma/fma25555	0.92888314
http://snomed.info/id/728485002	http://purl.org/sig/ont/fma/fma25555	0.9003846
http://snomed.info/id/728487005	http://purl.org/sig/ont/fma/fma13735	0.90458781
http://snomed.info/id/728488000	http://purl.org/sig/ont/fma/fma32528	0.90135902
http://snomed.info/id/728495009	http://purl.org/sig/ont/fma/fma77181	0.91508961
http://snomed.info/id/728496005	http://purl.org/sig/ont/fma/fma21808	0.93080252
http://snomed.info/id/72850007	http://purl.org/sig/ont/fma/fma314436	0.92066789
http://snomed.info/id/728534008	http://purl.org/sig/ont/fma/fma59365	0.90216464
http://snomed.info/id/728539003	http://purl.org/sig/ont/fma/fma20074	0.95107031
http://snomed.info/id/728565004	http://purl.org/sig/ont/fma/fma41233	0.94760919
http://snomed.info/id/728577009	http://purl.org/sig/ont/fma/fma41305	0.9022826
http://snomed.info/id/728581009	http://purl.org/sig/ont/fma/fma41242	0.95555454
http://snomed.info/id/728583007	http://purl.org/sig/ont/fma/fma41734	0.90567255
http://snomed.info/id/728597004	http://purl.org/sig/ont/fma/fma41251	0.93955064
http://snomed.info/id/728642001	http://purl.org/sig/ont/fma/fma284558	0.92653656
http://snomed.info/id/728658003	http://purl.org/sig/ont/fma/fma44639	0.91006309
http://snomed.info/id/728669000	http://purl.org/sig/ont/fma/fma5883	0.95558786
http://snomed.info/id/72868005	http://purl.org/sig/ont/fma/fma14987	1.0
http://snomed.info/id/728683003	http://purl.org/sig/ont/fma/fma20829	0.96496713
http://snomed.info/id/728684009	http://purl.org/sig/ont/fma/fma44638	0.90932167
http://snomed.info/id/728695003	http://purl.org/sig/ont/fma/fma321714	0.9199155
http://snomed.info/id/72871002	http://purl.org/sig/ont/fma/fma321449	1.00000072
http://snomed.info/id/728731003	http://purl.org/sig/ont/fma/fma323911	0.94209886
http://snomed.info/id/728734006	http://purl.org/sig/ont/fma/fma321693	0.94971985
http://snomed.info/id/728752006	http://purl.org/sig/ont/fma/fma321776	0.90698487
http://snomed.info/id/728758005	http://purl.org/sig/ont/fma/fma297522	0.90973073
http://snomed.info/id/728778002	http://purl.org/sig/ont/fma/fma12226	0.91632622
http://snomed.info/id/728783005	http://purl.org/sig/ont/fma/fma50778	0.90129215
http://snomed.info/id/728789009	http://purl.org/sig/ont/fma/fma44741	0.95151973
http://snomed.info/id/72879000	http://purl.org/sig/ont/fma/fma16217	1.0
http://snomed.info/id/728807002	http://purl.org/sig/ont/fma/fma18835	0.91461802
http://snomed.info/id/728810009	http://purl.org/sig/ont/fma/fma79467	0.95181882
http://snomed.info/id/728814000	http://purl.org/sig/ont/fma/fma42167	0.93567562
http://snomed.info/id/728851006	http://purl.org/sig/ont/fma/fma289296	0.90733111
http://snomed.info/id/728852004	http://purl.org/sig/ont/fma/fma14384	0.9323805
http://snomed.info/id/728854003	http://purl.org/sig/ont/fma/fma65219	0.93512774
http://snomed.info/id/728855002	http://purl.org/sig/ont/fma/fma65220	0.92605901
http://snomed.info/id/728856001	http://purl.org/sig/ont/fma/fma65219	0.90170538
http://snomed.info/id/728858000	http://purl.org/sig/ont/fma/fma65219	0.93974549
http://snomed.info/id/728859008	http://purl.org/sig/ont/fma/fma65220	0.92653483
http://snomed.info/id/728869002	http://purl.org/sig/ont/fma/fma305449	0.92493492
http://snomed.info/id/728873004	http://purl.org/sig/ont/fma/fma65304	0.91674358
http://snomed.info/id/728875006	http://purl.org/sig/ont/fma/fma322638	0.90592545
http://snomed.info/id/728897008	http://purl.org/sig/ont/fma/fma12765	0.91216069
http://snomed.info/id/728898003	http://purl.org/sig/ont/fma/fma277225	0.95461553
http://snomed.info/id/728902009	http://purl.org/sig/ont/fma/fma224416	0.91392297
http://snomed.info/id/728903004	http://purl.org/sig/ont/fma/fma228927	0.91589826
http://snomed.info/id/728921001	http://purl.org/sig/ont/fma/fma77589	0.95069873
http://snomed.info/id/728958001	http://purl.org/sig/ont/fma/fma67992	0.90615195
http://snomed.info/id/728959009	http://purl.org/sig/ont/fma/fma67992	0.9202351
http://snomed.info/id/728965009	http://purl.org/sig/ont/fma/fma76860	0.9167403
http://snomed.info/id/728989002	http://purl.org/sig/ont/fma/fma85270	0.94623381
http://snomed.info/id/728990006	http://purl.org/sig/ont/fma/fma85271	0.94327885
http://snomed.info/id/728992003	http://purl.org/sig/ont/fma/fma19676	0.92457813
http://snomed.info/id/728993008	http://purl.org/sig/ont/fma/fma19780	0.91532874
http://snomed.info/id/729016006	http://purl.org/sig/ont/fma/fma55282	0.9372552
http://snomed.info/id/729017002	http://purl.org/sig/ont/fma/fma55283	0.9350484
http://snomed.info/id/729031002	http://purl.org/sig/ont/fma/fma54921	0.92270917
http://snomed.info/id/729032009	http://purl.org/sig/ont/fma/fma55139	0.94447678
http://snomed.info/id/729034005	http://purl.org/sig/ont/fma/fma72058	0.92846245
http://snomed.info/id/729035006	http://purl.org/sig/ont/fma/fma55233	0.90963793
http://snomed.info/id/729036007	http://purl.org/sig/ont/fma/fma55238	0.95650005
http://snomed.info/id/729061005	http://purl.org/sig/ont/fma/fma19937	0.92394698
http://snomed.info/id/729062003	http://purl.org/sig/ont/fma/fma77299	0.9428581
http://snomed.info/id/729075003	http://purl.org/sig/ont/fma/fma19505	0.90229028
http://snomed.info/id/729081006	http://purl.org/sig/ont/fma/fma74196	0.91949952
http://snomed.info/id/729090004	http://purl.org/sig/ont/fma/fma19651	0.95612365
http://snomed.info/id/729092007	http://purl.org/sig/ont/fma/fma27941	0.92289227
http://snomed.info/id/729095009	http://purl.org/sig/ont/fma/fma77741	0.91262162
http://snomed.info/id/729115007	http://purl.org/sig/ont/fma/fma322161	0.92798764
http://snomed.info/id/729118009	http://purl.org/sig/ont/fma/fma322161	0.90085167
http://snomed.info/id/729119001	http://purl.org/sig/ont/fma/fma56958	0.95264709
http://snomed.info/id/729149004	http://purl.org/sig/ont/fma/fma77833	0.92599303
http://snomed.info/id/729166002	http://purl.org/sig/ont/fma/fma77055	0.9495284
http://snomed.info/id/729167006	http://purl.org/sig/ont/fma/fma77056	0.92728889
http://snomed.info/id/729170005	http://purl.org/sig/ont/fma/fma322145	0.9374817
http://snomed.info/id/729183006	http://purl.org/sig/ont/fma/fma55422	0.92241281
http://snomed.info/id/729210006	http://purl.org/sig/ont/fma/fma35474	0.90288216
http://snomed.info/id/729213008	http://purl.org/sig/ont/fma/fma322138	0.95105326
http://snomed.info/id/729219007	http://purl.org/sig/ont/fma/fma322137	0.95651805
http://snomed.info/id/729220001	http://purl.org/sig/ont/fma/fma322136	0.95772952
http://snomed.info/id/729221002	http://purl.org/sig/ont/fma/fma321971	0.961941
http://snomed.info/id/729222009	http://purl.org/sig/ont/fma/fma321972	0.96698147
http://snomed.info/id/729223004	http://purl.org/sig/ont/fma/fma321561	0.96102703
http://snomed.info/id/729224005	http://purl.org/sig/ont/fma/fma322133	0.950679
http://snomed.info/id/729225006	http://purl.org/sig/ont/fma/fma322134	0.961963
http://snomed.info/id/729226007	http://purl.org/sig/ont/fma/fma322135	0.95534062
http://snomed.info/id/729246002	http://purl.org/sig/ont/fma/fma71193	0.90204191
http://snomed.info/id/729249009	http://purl.org/sig/ont/fma/fma21166	0.93128377
http://snomed.info/id/729251008	http://purl.org/sig/ont/fma/fma300337	0.94560379
http://snomed.info/id/729255004	http://purl.org/sig/ont/fma/fma80331	0.90938926
http://snomed.info/id/729263003	http://purl.org/sig/ont/fma/fma52610	0.92157477
http://snomed.info/id/729276009	http://purl.org/sig/ont/fma/fma52691	0.94252193
http://snomed.info/id/729286005	http://purl.org/sig/ont/fma/fma52967	0.92428958
http://snomed.info/id/729287001	http://purl.org/sig/ont/fma/fma80507	0.9272837
http://snomed.info/id/729288006	http://purl.org/sig/ont/fma/fma53059	0.94088793
http://snomed.info/id/729289003	http://purl.org/sig/ont/fma/fma53061	0.95076829
http://snomed.info/id/729292004	http://purl.org/sig/ont/fma/fma53059	0.90032804
http://snomed.info/id/729295002	http://purl.org/sig/ont/fma/fma53112	0.93161225
http://snomed.info/id/729296001	http://purl.org/sig/ont/fma/fma53113	0.93833792
http://snomed.info/id/729299008	http://purl.org/sig/ont/fma/fma53212	0.93288857
http://snomed.info/id/729304009	http://purl.org/sig/ont/fma/fma82560	0.906241
http://snomed.info/id/729308007	http://purl.org/sig/ont/fma/fma53275	0.90796953
http://snomed.info/id/729313006	http://purl.org/sig/ont/fma/fma53323	0.90677828
http://snomed.info/id/729318002	http://purl.org/sig/ont/fma/fma80979	0.92814565
http://snomed.info/id/729319005	http://purl.org/sig/ont/fma/fma80982	0.91203809
http://snomed.info/id/729321000	http://purl.org/sig/ont/fma/fma80596	0.90569216
http://snomed.info/id/729323002	http://purl.org/sig/ont/fma/fma65515	0.90822363
http://snomed.info/id/729324008	http://purl.org/sig/ont/fma/fma6670	0.90920949
http://snomed.info/id/729325009	http://purl.org/sig/ont/fma/fma80593	0.92788464
http://snomed.info/id/729327001	http://purl.org/sig/ont/fma/fma54400	0.93915421
http://snomed.info/id/729331007	http://purl.org/sig/ont/fma/fma54405	0.91071486
http://snomed.info/id/729332000	http://purl.org/sig/ont/fma/fma54406	0.924505
http://snomed.info/id/729333005	http://purl.org/sig/ont/fma/fma80788	0.9054597
http://snomed.info/id/729337006	http://purl.org/sig/ont/fma/fma55181	0.93125761
http://snomed.info/id/729338001	http://purl.org/sig/ont/fma/fma6870	0.93568391
http://snomed.info/id/729339009	http://purl.org/sig/ont/fma/fma55161	0.93301213
http://snomed.info/id/729340006	http://purl.org/sig/ont/fma/fma65414	0.94284511
http://snomed.info/id/729342003	http://purl.org/sig/ont/fma/fma78651	0.95777714
http://snomed.info/id/729343008	http://purl.org/sig/ont/fma/fma65414	0.90284777
http://snomed.info/id/729344002	http://purl.org/sig/ont/fma/fma78658	0.92544174
http://snomed.info/id/729345001	http://purl.org/sig/ont/fma/fma78657	0.92284238
http://snomed.info/id/729347009	http://purl.org/sig/ont/fma/fma78693	0.92499018
http://snomed.info/id/729350007	http://purl.org/sig/ont/fma/fma78699	0.96049917
http://snomed.info/id/729351006	http://purl.org/sig/ont/fma/fma321562	0.94985908
http://snomed.info/id/729352004	http://purl.org/sig/ont/fma/fma321563	0.96354264
http://snomed.info/id/729353009	http://purl.org/sig/ont/fma/fma321568	0.94687229
http://snomed.info/id/729354003	http://purl.org/sig/ont/fma/fma78685	0.91455913
http://snomed.info/id/729355002	http://purl.org/sig/ont/fma/fma16420	0.91478103
http://snomed.info/id/729357005	http://purl.org/sig/ont/fma/fma16488	0.96584016
http://snomed.info/id/729360003	http://purl.org/sig/ont/fma/fma78705	0.96127599
http://snomed.info/id/729361004	http://purl.org/sig/ont/fma/fma81171	0.96518588
http://snomed.info/id/729362006	http://purl.org/sig/ont/fma/fma16509	0.94886744
http://snomed.info/id/729363001	http://purl.org/sig/ont/fma/fma78783	0.91587126
http://snomed.info/id/729374005	http://purl.org/sig/ont/fma/fma55265	0.95661134
http://snomed.info/id/729392002	http://purl.org/sig/ont/fma/fma322378	0.93266124
http://snomed.info/id/729406005	http://purl.org/sig/ont/fma/fma6628	0.91509742
http://snomed.info/id/729407001	http://purl.org/sig/ont/fma/fma6629	0.92176896
http://snomed.info/id/729408006	http://purl.org/sig/ont/fma/fma6649	0.90862715
http://snomed.info/id/729409003	http://purl.org/sig/ont/fma/fma6650	0.90758246
http://snomed.info/id/729411007	http://purl.org/sig/ont/fma/fma6653	0.91154009
http://snomed.info/id/729412000	http://purl.org/sig/ont/fma/fma6652	0.91144067
http://snomed.info/id/729413005	http://purl.org/sig/ont/fma/fma6651	0.91222966
http://snomed.info/id/729414004	http://purl.org/sig/ont/fma/fma6654	0.9193086
http://snomed.info/id/729415003	http://purl.org/sig/ont/fma/fma6655	0.92119431
http://snomed.info/id/729416002	http://purl.org/sig/ont/fma/fma78579	0.93313414
http://snomed.info/id/729417006	http://purl.org/sig/ont/fma/fma6647	0.92446959
http://snomed.info/id/729428005	http://purl.org/sig/ont/fma/fma269983	0.90663999
http://snomed.info/id/729436001	http://purl.org/sig/ont/fma/fma77182	0.92194086
http://snomed.info/id/729491008	http://purl.org/sig/ont/fma/fma20832	0.95897537
http://snomed.info/id/7295002	http://purl.org/sig/ont/fma/fma9623	0.92552465
http://snomed.info/id/729505006	http://purl.org/sig/ont/fma/fma62415	0.9058305
http://snomed.info/id/729510005	http://purl.org/sig/ont/fma/fma58520	0.91579324
http://snomed.info/id/729514001	http://purl.org/sig/ont/fma/fma49154	0.92519355
http://snomed.info/id/729518003	http://purl.org/sig/ont/fma/fma321600	0.90515471
http://snomed.info/id/729521001	http://purl.org/sig/ont/fma/fma322401	0.90610462
http://snomed.info/id/729525005	http://purl.org/sig/ont/fma/fma321810	0.95274454
http://snomed.info/id/729570002	http://purl.org/sig/ont/fma/fma321572	0.92809951
http://snomed.info/id/729583001	http://purl.org/sig/ont/fma/fma81410	0.9150635
http://snomed.info/id/729584007	http://purl.org/sig/ont/fma/fma81411	0.92177004
http://snomed.info/id/729585008	http://purl.org/sig/ont/fma/fma81412	0.92153287
http://snomed.info/id/729586009	http://purl.org/sig/ont/fma/fma81413	0.91895431
http://snomed.info/id/729587000	http://purl.org/sig/ont/fma/fma81414	0.90910453
http://snomed.info/id/729588005	http://purl.org/sig/ont/fma/fma81415	0.92655635
http://snomed.info/id/729589002	http://purl.org/sig/ont/fma/fma81416	0.91603082
http://snomed.info/id/729590006	http://purl.org/sig/ont/fma/fma81417	0.92947507
http://snomed.info/id/729591005	http://purl.org/sig/ont/fma/fma81418	0.9254722
http://snomed.info/id/729592003	http://purl.org/sig/ont/fma/fma81419	0.91150004
http://snomed.info/id/729593008	http://purl.org/sig/ont/fma/fma81420	0.92298377
http://snomed.info/id/7296001	http://purl.org/sig/ont/fma/fma19927	1.0
http://snomed.info/id/729603007	http://purl.org/sig/ont/fma/fma18252	0.90062654
http://snomed.info/id/729613004	http://purl.org/sig/ont/fma/fma44793	0.91278583
http://snomed.info/id/729620006	http://purl.org/sig/ont/fma/fma18933	0.9278211
http://snomed.info/id/729621005	http://purl.org/sig/ont/fma/fma18933	0.928096
http://snomed.info/id/729635007	http://purl.org/sig/ont/fma/fma78538	0.90572143
http://snomed.info/id/729638009	http://purl.org/sig/ont/fma/fma80005	0.91425121
http://snomed.info/id/729724006	http://purl.org/sig/ont/fma/fma80005	0.90224868
http://snomed.info/id/729733008	http://purl.org/sig/ont/fma/fma82706	0.91508317
http://snomed.info/id/729734002	http://purl.org/sig/ont/fma/fma15426	0.91517943
http://snomed.info/id/729735001	http://purl.org/sig/ont/fma/fma44058	0.90046978
http://snomed.info/id/729748002	http://purl.org/sig/ont/fma/fma54143	0.90018672
http://snomed.info/id/729749005	http://purl.org/sig/ont/fma/fma21493	0.95087206
http://snomed.info/id/729752002	http://purl.org/sig/ont/fma/fma321699	0.92864507
http://snomed.info/id/729753007	http://purl.org/sig/ont/fma/fma321699	0.97215146
http://snomed.info/id/729754001	http://purl.org/sig/ont/fma/fma321700	0.91086435
http://snomed.info/id/729755000	http://purl.org/sig/ont/fma/fma321700	0.96714109
http://snomed.info/id/729756004	http://purl.org/sig/ont/fma/fma321701	0.90758145
http://snomed.info/id/729757008	http://purl.org/sig/ont/fma/fma321701	0.96707326
http://snomed.info/id/729758003	http://purl.org/sig/ont/fma/fma321702	0.90279704
http://snomed.info/id/729759006	http://purl.org/sig/ont/fma/fma321702	0.95857835
http://snomed.info/id/729761002	http://purl.org/sig/ont/fma/fma321697	0.94933414
http://snomed.info/id/729763004	http://purl.org/sig/ont/fma/fma321710	0.90622896
http://snomed.info/id/729764005	http://purl.org/sig/ont/fma/fma321710	0.97290879
http://snomed.info/id/729765006	http://purl.org/sig/ont/fma/fma321711	0.95396757
http://snomed.info/id/729768008	http://purl.org/sig/ont/fma/fma321712	0.96827292
http://snomed.info/id/729769000	http://purl.org/sig/ont/fma/fma321713	0.96302569
http://snomed.info/id/729772007	http://purl.org/sig/ont/fma/fma42819	0.90417582
http://snomed.info/id/729774008	http://purl.org/sig/ont/fma/fma321714	0.95624769
http://snomed.info/id/729775009	http://purl.org/sig/ont/fma/fma321703	0.91609097
http://snomed.info/id/729776005	http://purl.org/sig/ont/fma/fma321703	0.97116113
http://snomed.info/id/729777001	http://purl.org/sig/ont/fma/fma321704	0.96642113
http://snomed.info/id/729778006	http://purl.org/sig/ont/fma/fma321704	0.90167993
http://snomed.info/id/729780000	http://purl.org/sig/ont/fma/fma321705	0.96684176
http://snomed.info/id/729781001	http://purl.org/sig/ont/fma/fma321706	0.95813149
http://snomed.info/id/729783003	http://purl.org/sig/ont/fma/fma42818	0.90835124
http://snomed.info/id/729784009	http://purl.org/sig/ont/fma/fma321698	0.94907677
http://snomed.info/id/729797006	http://purl.org/sig/ont/fma/fma42855	0.94172359
http://snomed.info/id/729805003	http://purl.org/sig/ont/fma/fma38896	0.90287763
http://snomed.info/id/729810004	http://purl.org/sig/ont/fma/fma51604	0.93621457
http://snomed.info/id/729814008	http://purl.org/sig/ont/fma/fma51606	0.95329362
http://snomed.info/id/729819003	http://purl.org/sig/ont/fma/fma51606	0.90646994
http://snomed.info/id/729826003	http://purl.org/sig/ont/fma/fma44112	0.95402807
http://snomed.info/id/729832008	http://purl.org/sig/ont/fma/fma57817	0.96120059
http://snomed.info/id/729834009	http://purl.org/sig/ont/fma/fma297582	0.93545717
http://snomed.info/id/729865000	http://purl.org/sig/ont/fma/fma304233	0.93940336
http://snomed.info/id/729866004	http://purl.org/sig/ont/fma/fma45944	0.92627835
http://snomed.info/id/729867008	http://purl.org/sig/ont/fma/fma297952	0.92525172
http://snomed.info/id/729868003	http://purl.org/sig/ont/fma/fma45951	0.91419744
http://snomed.info/id/729894007	http://purl.org/sig/ont/fma/fma38158	0.90891296
http://snomed.info/id/729896009	http://purl.org/sig/ont/fma/fma39676	0.92522478
http://snomed.info/id/729897000	http://purl.org/sig/ont/fma/fma279837	0.9032867
http://snomed.info/id/729918005	http://purl.org/sig/ont/fma/fma321658	0.91415173
http://snomed.info/id/729927006	http://purl.org/sig/ont/fma/fma49795	0.94765949
http://snomed.info/id/729936005	http://purl.org/sig/ont/fma/fma324004	0.94523633
http://snomed.info/id/729937001	http://purl.org/sig/ont/fma/fma21246	0.93053192
http://snomed.info/id/729976000	http://purl.org/sig/ont/fma/fma18247	0.9130609
http://snomed.info/id/730007005	http://purl.org/sig/ont/fma/fma33243	0.9190138
http://snomed.info/id/730008000	http://purl.org/sig/ont/fma/fma34319	0.92251289
http://snomed.info/id/730009008	http://purl.org/sig/ont/fma/fma85565	0.93383461
http://snomed.info/id/730010003	http://purl.org/sig/ont/fma/fma34459	0.90947819
http://snomed.info/id/73001007	http://purl.org/sig/ont/fma/fma44716	1.0
http://snomed.info/id/730014007	http://purl.org/sig/ont/fma/fma44745	0.92792171
http://snomed.info/id/730015008	http://purl.org/sig/ont/fma/fma44748	0.92285258
http://snomed.info/id/730016009	http://purl.org/sig/ont/fma/fma44751	0.925861
http://snomed.info/id/730017000	http://purl.org/sig/ont/fma/fma44726	0.92175657
http://snomed.info/id/730018005	http://purl.org/sig/ont/fma/fma24050	0.91635877
http://snomed.info/id/730053003	http://purl.org/sig/ont/fma/fma268155	0.90345621
http://snomed.info/id/730061008	http://purl.org/sig/ont/fma/fma79351	0.90222663
http://snomed.info/id/730069005	http://purl.org/sig/ont/fma/fma76107	0.90553969
http://snomed.info/id/730070006	http://purl.org/sig/ont/fma/fma75916	0.906183
http://snomed.info/id/730071005	http://purl.org/sig/ont/fma/fma76064	0.90040857
http://snomed.info/id/730073008	http://purl.org/sig/ont/fma/fma49554	0.90735829
http://snomed.info/id/730074002	http://purl.org/sig/ont/fma/fma49553	0.91867971
http://snomed.info/id/730075001	http://purl.org/sig/ont/fma/fma49554	0.93505603
http://snomed.info/id/730078004	http://purl.org/sig/ont/fma/fma69798	0.94740552
http://snomed.info/id/730079007	http://purl.org/sig/ont/fma/fma69797	0.91191405
http://snomed.info/id/730080005	http://purl.org/sig/ont/fma/fma69798	0.91043597
http://snomed.info/id/730081009	http://purl.org/sig/ont/fma/fma20073	0.90507615
http://snomed.info/id/730085000	http://purl.org/sig/ont/fma/fma70244	0.91121352
http://snomed.info/id/730087008	http://purl.org/sig/ont/fma/fma70248	0.90022081
http://snomed.info/id/730090002	http://purl.org/sig/ont/fma/fma268714	0.91971022
http://snomed.info/id/730092005	http://purl.org/sig/ont/fma/fma44593	0.91951996
http://snomed.info/id/730111001	http://purl.org/sig/ont/fma/fma322137	0.91891688
http://snomed.info/id/730112008	http://purl.org/sig/ont/fma/fma321971	0.93023735
http://snomed.info/id/730113003	http://purl.org/sig/ont/fma/fma322132	0.94483376
http://snomed.info/id/730114009	http://purl.org/sig/ont/fma/fma32838	0.90271306
http://snomed.info/id/730123007	http://purl.org/sig/ont/fma/fma55035	0.9052422
http://snomed.info/id/730154006	http://purl.org/sig/ont/fma/fma34599	0.93088543
http://snomed.info/id/730156008	http://purl.org/sig/ont/fma/fma295874	0.92878556
http://snomed.info/id/730158009	http://purl.org/sig/ont/fma/fma70471	0.93199342
http://snomed.info/id/730172000	http://purl.org/sig/ont/fma/fma323286	0.90777004
http://snomed.info/id/730180007	http://purl.org/sig/ont/fma/fma323281	0.92539096
http://snomed.info/id/730230008	http://purl.org/sig/ont/fma/fma321718	0.92220497
http://snomed.info/id/730233005	http://purl.org/sig/ont/fma/fma46297	0.91169375
http://snomed.info/id/730234004	http://purl.org/sig/ont/fma/fma46335	0.91762394
http://snomed.info/id/73025004	http://purl.org/sig/ont/fma/fma323309	0.97793174
http://snomed.info/id/73026003	http://purl.org/sig/ont/fma/fma45009	0.90087014
http://snomed.info/id/730266009	http://purl.org/sig/ont/fma/fma25950	0.92773318
http://snomed.info/id/730267000	http://purl.org/sig/ont/fma/fma44285	0.90348053
http://snomed.info/id/730268005	http://purl.org/sig/ont/fma/fma44215	0.90844125
http://snomed.info/id/730272009	http://purl.org/sig/ont/fma/fma19133	0.91377407
http://snomed.info/id/730273004	http://purl.org/sig/ont/fma/fma80357	0.91326761
http://snomed.info/id/730279000	http://purl.org/sig/ont/fma/fma301855	0.94917697
http://snomed.info/id/730287004	http://purl.org/sig/ont/fma/fma323072	0.9272449
http://snomed.info/id/730322005	http://purl.org/sig/ont/fma/fma272344	0.92520279
http://snomed.info/id/730324006	http://purl.org/sig/ont/fma/fma44853	0.93261099
http://snomed.info/id/730345004	http://purl.org/sig/ont/fma/fma42766	0.92372155
http://snomed.info/id/730350005	http://purl.org/sig/ont/fma/fma288529	0.90770775
http://snomed.info/id/730351009	http://purl.org/sig/ont/fma/fma288535	0.91083026
http://snomed.info/id/730352002	http://purl.org/sig/ont/fma/fma322138	0.9109441
http://snomed.info/id/73036006	http://purl.org/sig/ont/fma/fma54502	1.0
http://snomed.info/id/730446002	http://purl.org/sig/ont/fma/fma61975	0.93111724
http://snomed.info/id/73048009	http://purl.org/sig/ont/fma/fma22299	1.0
http://snomed.info/id/73050001	http://purl.org/sig/ont/fma/fma322889	0.97530472
http://snomed.info/id/730501000	http://purl.org/sig/ont/fma/fma72461	0.91483694
http://snomed.info/id/730507001	http://purl.org/sig/ont/fma/fma76263	0.91446209
http://snomed.info/id/730508006	http://purl.org/sig/ont/fma/fma10652	0.90231198
http://snomed.info/id/730509003	http://purl.org/sig/ont/fma/fma3994	0.9280985
http://snomed.info/id/730510008	http://purl.org/sig/ont/fma/fma10654	0.90951061
http://snomed.info/id/73051002	http://purl.org/sig/ont/fma/fma18662	1.0
http://snomed.info/id/730511007	http://purl.org/sig/ont/fma/fma12287	0.92463768
http://snomed.info/id/730512000	http://purl.org/sig/ont/fma/fma10656	0.90591031
http://snomed.info/id/730513005	http://purl.org/sig/ont/fma/fma12289	0.92621595
http://snomed.info/id/730514004	http://purl.org/sig/ont/fma/fma10649	0.94347727
http://snomed.info/id/730515003	http://purl.org/sig/ont/fma/fma10650	0.95452553
http://snomed.info/id/730516002	http://purl.org/sig/ont/fma/fma12293	0.91779476
http://snomed.info/id/730517006	http://purl.org/sig/ont/fma/fma12294	0.92753452
http://snomed.info/id/730519009	http://purl.org/sig/ont/fma/fma12286	0.94384408
http://snomed.info/id/730520003	http://purl.org/sig/ont/fma/fma12287	0.95334637
http://snomed.info/id/730521004	http://purl.org/sig/ont/fma/fma12288	0.93776977
http://snomed.info/id/730522006	http://purl.org/sig/ont/fma/fma12289	0.94560236
http://snomed.info/id/730523001	http://purl.org/sig/ont/fma/fma12290	0.93700057
http://snomed.info/id/730524007	http://purl.org/sig/ont/fma/fma12291	0.94917047
http://snomed.info/id/730525008	http://purl.org/sig/ont/fma/fma12292	0.94583374
http://snomed.info/id/730526009	http://purl.org/sig/ont/fma/fma12293	0.94757324
http://snomed.info/id/730527000	http://purl.org/sig/ont/fma/fma12294	0.95641536
http://snomed.info/id/730528005	http://purl.org/sig/ont/fma/fma71536	0.9029032
http://snomed.info/id/730529002	http://purl.org/sig/ont/fma/fma4742	0.94896394
http://snomed.info/id/730530007	http://purl.org/sig/ont/fma/fma4741	0.94253552
http://snomed.info/id/730531006	http://purl.org/sig/ont/fma/fma4740	0.94853586
http://snomed.info/id/730532004	http://purl.org/sig/ont/fma/fma4733	0.94460189
http://snomed.info/id/730533009	http://purl.org/sig/ont/fma/fma4734	0.94465429
http://snomed.info/id/730534003	http://purl.org/sig/ont/fma/fma4735	0.95546752
http://snomed.info/id/730535002	http://purl.org/sig/ont/fma/fma4739	0.94546252
http://snomed.info/id/730536001	http://purl.org/sig/ont/fma/fma4736	0.93958217
http://snomed.info/id/730537005	http://purl.org/sig/ont/fma/fma71206	0.9618926
http://snomed.info/id/730538000	http://purl.org/sig/ont/fma/fma71203	0.95274812
http://snomed.info/id/730539008	http://purl.org/sig/ont/fma/fma4738	0.95238781
http://snomed.info/id/730540005	http://purl.org/sig/ont/fma/fma4737	0.9540652
http://snomed.info/id/730541009	http://purl.org/sig/ont/fma/fma14443	0.91678143
http://snomed.info/id/730542002	http://purl.org/sig/ont/fma/fma4880	0.96047735
http://snomed.info/id/730543007	http://purl.org/sig/ont/fma/fma4879	0.95231324
http://snomed.info/id/730544001	http://purl.org/sig/ont/fma/fma4878	0.9675858
http://snomed.info/id/730545000	http://purl.org/sig/ont/fma/fma4859	0.96817726
http://snomed.info/id/730546004	http://purl.org/sig/ont/fma/fma4860	0.96487194
http://snomed.info/id/730547008	http://purl.org/sig/ont/fma/fma4872	0.96695799
http://snomed.info/id/730548003	http://purl.org/sig/ont/fma/fma4873	0.96353936
http://snomed.info/id/730549006	http://purl.org/sig/ont/fma/fma4874	0.95509219
http://snomed.info/id/730550006	http://purl.org/sig/ont/fma/fma4875	0.95730627
http://snomed.info/id/730551005	http://purl.org/sig/ont/fma/fma4876	0.95567662
http://snomed.info/id/730552003	http://purl.org/sig/ont/fma/fma70137	0.9564029
http://snomed.info/id/730553008	http://purl.org/sig/ont/fma/fma77336	0.94562864
http://snomed.info/id/730557009	http://purl.org/sig/ont/fma/fma10651	0.9507944
http://snomed.info/id/73056007	http://purl.org/sig/ont/fma/fma321496	1.0
http://snomed.info/id/730572008	http://purl.org/sig/ont/fma/fma68413	0.95254475
http://snomed.info/id/730573003	http://purl.org/sig/ont/fma/fma324033	0.92767167
http://snomed.info/id/73058008	http://purl.org/sig/ont/fma/fma321940	0.992199
http://snomed.info/id/730592001	http://purl.org/sig/ont/fma/fma54158	0.90963882
http://snomed.info/id/730603005	http://purl.org/sig/ont/fma/fma18917	0.92810833
http://snomed.info/id/730612007	http://purl.org/sig/ont/fma/fma63957	0.90203333
http://snomed.info/id/730624000	http://purl.org/sig/ont/fma/fma77666	0.91107821
http://snomed.info/id/730635005	http://purl.org/sig/ont/fma/fma42433	0.91840202
http://snomed.info/id/730636006	http://purl.org/sig/ont/fma/fma42434	0.92235672
http://snomed.info/id/730671006	http://purl.org/sig/ont/fma/fma52487	0.90267462
http://snomed.info/id/730716004	http://purl.org/sig/ont/fma/fma259753	0.92046458
http://snomed.info/id/730728007	http://purl.org/sig/ont/fma/fma259403	0.90353233
http://snomed.info/id/730754004	http://purl.org/sig/ont/fma/fma321491	0.91136569
http://snomed.info/id/730808004	http://purl.org/sig/ont/fma/fma70718	0.95531803
http://snomed.info/id/730811003	http://purl.org/sig/ont/fma/fma224787	0.93396646
http://snomed.info/id/730815007	http://purl.org/sig/ont/fma/fma323416	0.94817907
http://snomed.info/id/730824003	http://purl.org/sig/ont/fma/fma78540	0.90922248
http://snomed.info/id/730827005	http://purl.org/sig/ont/fma/fma83609	0.90531093
http://snomed.info/id/730828000	http://purl.org/sig/ont/fma/fma83605	0.95126879
http://snomed.info/id/730838005	http://purl.org/sig/ont/fma/fma224852	0.91284746
http://snomed.info/id/730845005	http://purl.org/sig/ont/fma/fma72613	0.91893673
http://snomed.info/id/730858006	http://purl.org/sig/ont/fma/fma297890	0.90261436
http://snomed.info/id/730860008	http://purl.org/sig/ont/fma/fma324008	0.95657587
http://snomed.info/id/730861007	http://purl.org/sig/ont/fma/fma69722	0.91800988
http://snomed.info/id/730866002	http://purl.org/sig/ont/fma/fma79878	0.92660171
http://snomed.info/id/730876004	http://purl.org/sig/ont/fma/fma24953	0.92083752
http://snomed.info/id/730877008	http://purl.org/sig/ont/fma/fma24954	0.91744488
http://snomed.info/id/730878003	http://purl.org/sig/ont/fma/fma24956	0.9069379
http://snomed.info/id/730879006	http://purl.org/sig/ont/fma/fma24957	0.91007793
http://snomed.info/id/730880009	http://purl.org/sig/ont/fma/fma24958	0.92670089
http://snomed.info/id/730881008	http://purl.org/sig/ont/fma/fma13682	0.90058696
http://snomed.info/id/730882001	http://purl.org/sig/ont/fma/fma13683	0.92222267
http://snomed.info/id/730883006	http://purl.org/sig/ont/fma/fma13684	0.92002177
http://snomed.info/id/730884000	http://purl.org/sig/ont/fma/fma13685	0.91049421
http://snomed.info/id/730885004	http://purl.org/sig/ont/fma/fma13686	0.93077284
http://snomed.info/id/730886003	http://purl.org/sig/ont/fma/fma13687	0.93564308
http://snomed.info/id/730887007	http://purl.org/sig/ont/fma/fma13688	0.93852156
http://snomed.info/id/730888002	http://purl.org/sig/ont/fma/fma13689	0.93442434
http://snomed.info/id/730889005	http://purl.org/sig/ont/fma/fma13690	0.91295844
http://snomed.info/id/730890001	http://purl.org/sig/ont/fma/fma13691	0.9100489
http://snomed.info/id/730891002	http://purl.org/sig/ont/fma/fma13692	0.91682696
http://snomed.info/id/730892009	http://purl.org/sig/ont/fma/fma16044	0.9121505
http://snomed.info/id/730893004	http://purl.org/sig/ont/fma/fma16045	0.91219586
http://snomed.info/id/730894005	http://purl.org/sig/ont/fma/fma16046	0.91599649
http://snomed.info/id/730895006	http://purl.org/sig/ont/fma/fma16047	0.92751586
http://snomed.info/id/730897003	http://purl.org/sig/ont/fma/fma27275	0.94655305
http://snomed.info/id/730898008	http://purl.org/sig/ont/fma/fma27278	0.94395858
http://snomed.info/id/730899000	http://purl.org/sig/ont/fma/fma27277	0.94436812
http://snomed.info/id/730900005	http://purl.org/sig/ont/fma/fma27279	0.94557214
http://snomed.info/id/730901009	http://purl.org/sig/ont/fma/fma27280	0.95031118
http://snomed.info/id/730902002	http://purl.org/sig/ont/fma/fma13721	0.94794136
http://snomed.info/id/730903007	http://purl.org/sig/ont/fma/fma13722	0.95550174
http://snomed.info/id/730904001	http://purl.org/sig/ont/fma/fma13723	0.95861447
http://snomed.info/id/730905000	http://purl.org/sig/ont/fma/fma13724	0.9576447
http://snomed.info/id/730906004	http://purl.org/sig/ont/fma/fma13725	0.95740461
http://snomed.info/id/730907008	http://purl.org/sig/ont/fma/fma13726	0.95831829
http://snomed.info/id/730908003	http://purl.org/sig/ont/fma/fma13727	0.95499235
http://snomed.info/id/730909006	http://purl.org/sig/ont/fma/fma13728	0.9529016
http://snomed.info/id/730910001	http://purl.org/sig/ont/fma/fma13729	0.94749272
http://snomed.info/id/730911002	http://purl.org/sig/ont/fma/fma13730	0.95441639
http://snomed.info/id/730912009	http://purl.org/sig/ont/fma/fma13731	0.95141762
http://snomed.info/id/730913004	http://purl.org/sig/ont/fma/fma16058	0.94118106
http://snomed.info/id/730914005	http://purl.org/sig/ont/fma/fma16059	0.94253582
http://snomed.info/id/730915006	http://purl.org/sig/ont/fma/fma16061	0.9473756
http://snomed.info/id/730916007	http://purl.org/sig/ont/fma/fma16060	0.9540711
http://snomed.info/id/730918008	http://purl.org/sig/ont/fma/fma27281	0.92993701
http://snomed.info/id/730919000	http://purl.org/sig/ont/fma/fma27282	0.93261188
http://snomed.info/id/730920006	http://purl.org/sig/ont/fma/fma27283	0.92545182
http://snomed.info/id/730922003	http://purl.org/sig/ont/fma/fma27284	0.9252432
http://snomed.info/id/730924002	http://purl.org/sig/ont/fma/fma13696	0.90102178
http://snomed.info/id/730925001	http://purl.org/sig/ont/fma/fma13697	0.902897
http://snomed.info/id/730928004	http://purl.org/sig/ont/fma/fma13700	0.90354818
http://snomed.info/id/730929007	http://purl.org/sig/ont/fma/fma13701	0.91712475
http://snomed.info/id/730930002	http://purl.org/sig/ont/fma/fma13702	0.90287203
http://snomed.info/id/730937004	http://purl.org/sig/ont/fma/fma16052	0.90906
http://snomed.info/id/731031007	http://purl.org/sig/ont/fma/fma77050	0.9462142
http://snomed.info/id/731042003	http://purl.org/sig/ont/fma/fma86230	0.95864975
http://snomed.info/id/731050007	http://purl.org/sig/ont/fma/fma6246	0.93316126
http://snomed.info/id/731052004	http://purl.org/sig/ont/fma/fma30275	0.92438745
http://snomed.info/id/731074005	http://purl.org/sig/ont/fma/fma51306	0.91738737
http://snomed.info/id/731093007	http://purl.org/sig/ont/fma/fma15767	0.94908643
http://snomed.info/id/731095000	http://purl.org/sig/ont/fma/fma22848	0.91299528
http://snomed.info/id/731102006	http://purl.org/sig/ont/fma/fma322611	0.94183117
http://snomed.info/id/731108005	http://purl.org/sig/ont/fma/fma72266	0.93969798
http://snomed.info/id/731116001	http://purl.org/sig/ont/fma/fma322337	0.95231509
http://snomed.info/id/731120002	http://purl.org/sig/ont/fma/fma322868	0.91686964
http://snomed.info/id/731125007	http://purl.org/sig/ont/fma/fma59016	0.95062619
http://snomed.info/id/731129001	http://purl.org/sig/ont/fma/fma312612	0.93411559
http://snomed.info/id/731131005	http://purl.org/sig/ont/fma/fma273103	0.91338027
http://snomed.info/id/731133008	http://purl.org/sig/ont/fma/fma275048	0.93326724
http://snomed.info/id/731141008	http://purl.org/sig/ont/fma/fma300939	0.91795045
http://snomed.info/id/731146003	http://purl.org/sig/ont/fma/fma322375	0.93672895
http://snomed.info/id/731147007	http://purl.org/sig/ont/fma/fma322374	0.92969036
http://snomed.info/id/731153007	http://purl.org/sig/ont/fma/fma86230	0.91152883
http://snomed.info/id/731154001	http://purl.org/sig/ont/fma/fma312612	0.94537163
http://snomed.info/id/731157008	http://purl.org/sig/ont/fma/fma235686	0.91734499
http://snomed.info/id/731158003	http://purl.org/sig/ont/fma/fma235664	0.93087691
http://snomed.info/id/731159006	http://purl.org/sig/ont/fma/fma236337	0.91023231
http://snomed.info/id/731170004	http://purl.org/sig/ont/fma/fma234926	0.94315583
http://snomed.info/id/73117003	http://purl.org/sig/ont/fma/fma52736	1.0
http://snomed.info/id/731172007	http://purl.org/sig/ont/fma/fma322309	0.91303432
http://snomed.info/id/731175009	http://purl.org/sig/ont/fma/fma322490	0.93192399
http://snomed.info/id/731176005	http://purl.org/sig/ont/fma/fma322489	0.94106215
http://snomed.info/id/731184009	http://purl.org/sig/ont/fma/fma278550	0.95053959
http://snomed.info/id/731192000	http://purl.org/sig/ont/fma/fma14322	0.9221499
http://snomed.info/id/731194004	http://purl.org/sig/ont/fma/fma77960	0.94206309
http://snomed.info/id/731197006	http://purl.org/sig/ont/fma/fma82694	0.90525275
http://snomed.info/id/731228001	http://purl.org/sig/ont/fma/fma322525	0.9532432
http://snomed.info/id/731229009	http://purl.org/sig/ont/fma/fma322524	0.96435571
http://snomed.info/id/731230004	http://purl.org/sig/ont/fma/fma322519	0.94977283
http://snomed.info/id/731232007	http://purl.org/sig/ont/fma/fma322528	0.94223011
http://snomed.info/id/731234008	http://purl.org/sig/ont/fma/fma322581	0.93999702
http://snomed.info/id/731236005	http://purl.org/sig/ont/fma/fma225651	0.90363652
http://snomed.info/id/73124002	http://purl.org/sig/ont/fma/fma7401	0.91897207
http://snomed.info/id/731246007	http://purl.org/sig/ont/fma/fma322559	0.95129484
http://snomed.info/id/731253003	http://purl.org/sig/ont/fma/fma322502	0.93066132
http://snomed.info/id/731254009	http://purl.org/sig/ont/fma/fma322501	0.93742651
http://snomed.info/id/731255005	http://purl.org/sig/ont/fma/fma322500	0.92851043
http://snomed.info/id/731263006	http://purl.org/sig/ont/fma/fma14897	0.9483279
http://snomed.info/id/731264000	http://purl.org/sig/ont/fma/fma14898	0.9488461
http://snomed.info/id/731265004	http://purl.org/sig/ont/fma/fma14899	0.9429968
http://snomed.info/id/731266003	http://purl.org/sig/ont/fma/fma14900	0.95078009
http://snomed.info/id/731271005	http://purl.org/sig/ont/fma/fma322291	0.93400723
http://snomed.info/id/731281009	http://purl.org/sig/ont/fma/fma45205	0.92506075
http://snomed.info/id/731282002	http://purl.org/sig/ont/fma/fma20185	0.90637982
http://snomed.info/id/731285000	http://purl.org/sig/ont/fma/fma57806	0.90980417
http://snomed.info/id/731286004	http://purl.org/sig/ont/fma/fma57807	0.923455
http://snomed.info/id/731287008	http://purl.org/sig/ont/fma/fma321652	0.91434509
http://snomed.info/id/731293000	http://purl.org/sig/ont/fma/fma70509	0.90220571
http://snomed.info/id/731299001	http://purl.org/sig/ont/fma/fma10787	0.95708108
http://snomed.info/id/731320005	http://purl.org/sig/ont/fma/fma82683	0.92176092
http://snomed.info/id/731323007	http://purl.org/sig/ont/fma/fma50913	0.94411629
http://snomed.info/id/731325000	http://purl.org/sig/ont/fma/fma77913	0.9287681
http://snomed.info/id/731327008	http://purl.org/sig/ont/fma/fma14330	0.93191242
http://snomed.info/id/731334005	http://purl.org/sig/ont/fma/fma52538	0.9361887
http://snomed.info/id/731342006	http://purl.org/sig/ont/fma/fma78037	0.92926109
http://snomed.info/id/731343001	http://purl.org/sig/ont/fma/fma323942	0.93911886
http://snomed.info/id/731346009	http://purl.org/sig/ont/fma/fma52541	0.93493479
http://snomed.info/id/731347000	http://purl.org/sig/ont/fma/fma78129	0.93811047
http://snomed.info/id/731355007	http://purl.org/sig/ont/fma/fma80494	0.92758083
http://snomed.info/id/731369007	http://purl.org/sig/ont/fma/fma316906	0.93627894
http://snomed.info/id/731370008	http://purl.org/sig/ont/fma/fma77894	0.92227244
http://snomed.info/id/731375003	http://purl.org/sig/ont/fma/fma51798	0.90303808
http://snomed.info/id/731376002	http://purl.org/sig/ont/fma/fma50907	0.94509357
http://snomed.info/id/731380007	http://purl.org/sig/ont/fma/fma77033	0.94349045
http://snomed.info/id/73138009	http://purl.org/sig/ont/fma/fma9210	1.0
http://snomed.info/id/731381006	http://purl.org/sig/ont/fma/fma62149	0.90512043
http://snomed.info/id/731382004	http://purl.org/sig/ont/fma/fma82688	0.93585229
http://snomed.info/id/731388000	http://purl.org/sig/ont/fma/fma323941	0.94720668
http://snomed.info/id/731394008	http://purl.org/sig/ont/fma/fma77885	0.93383074
http://snomed.info/id/731397001	http://purl.org/sig/ont/fma/fma77886	0.92239237
http://snomed.info/id/731406004	http://purl.org/sig/ont/fma/fma77890	0.93400234
http://snomed.info/id/731409006	http://purl.org/sig/ont/fma/fma78041	0.91342551
http://snomed.info/id/731411002	http://purl.org/sig/ont/fma/fma18884	0.90805864
http://snomed.info/id/731417003	http://purl.org/sig/ont/fma/fma21241	0.91741312
http://snomed.info/id/731428004	http://purl.org/sig/ont/fma/fma323491	0.93140042
http://snomed.info/id/731443002	http://purl.org/sig/ont/fma/fma76623	0.95324147
http://snomed.info/id/731451004	http://purl.org/sig/ont/fma/fma78358	0.90334404
http://snomed.info/id/731452006	http://purl.org/sig/ont/fma/fma44688	0.90057647
http://snomed.info/id/731454007	http://purl.org/sig/ont/fma/fma44688	0.90834445
http://snomed.info/id/731463009	http://purl.org/sig/ont/fma/fma321777	0.90733373
http://snomed.info/id/73148006	http://purl.org/sig/ont/fma/fma61162	0.91926622
http://snomed.info/id/731482000	http://purl.org/sig/ont/fma/fma323988	0.90165603
http://snomed.info/id/731500008	http://purl.org/sig/ont/fma/fma38152	0.90898883
http://snomed.info/id/731501007	http://purl.org/sig/ont/fma/fma55259	0.92169297
http://snomed.info/id/731507006	http://purl.org/sig/ont/fma/fma304039	0.95242846
http://snomed.info/id/731508001	http://purl.org/sig/ont/fma/fma304045	0.94980437
http://snomed.info/id/731509009	http://purl.org/sig/ont/fma/fma304033	0.94174206
http://snomed.info/id/731511000	http://purl.org/sig/ont/fma/fma38869	0.91474026
http://snomed.info/id/731515009	http://purl.org/sig/ont/fma/fma298599	0.91381949
http://snomed.info/id/731527007	http://purl.org/sig/ont/fma/fma34634	0.95473319
http://snomed.info/id/731528002	http://purl.org/sig/ont/fma/fma33937	0.94739777
http://snomed.info/id/731529005	http://purl.org/sig/ont/fma/fma33268	0.94392639
http://snomed.info/id/731530000	http://purl.org/sig/ont/fma/fma34080	0.9568277
http://snomed.info/id/731531001	http://purl.org/sig/ont/fma/fma32798	0.96090871
http://snomed.info/id/731532008	http://purl.org/sig/ont/fma/fma33940	0.95116466
http://snomed.info/id/731536006	http://purl.org/sig/ont/fma/fma322435	0.92232567
http://snomed.info/id/731538007	http://purl.org/sig/ont/fma/fma34214	0.95568734
http://snomed.info/id/731539004	http://purl.org/sig/ont/fma/fma32792	0.95804161
http://snomed.info/id/731540002	http://purl.org/sig/ont/fma/fma34074	0.95391297
http://snomed.info/id/731541003	http://purl.org/sig/ont/fma/fma33262	0.94324356
http://snomed.info/id/731542005	http://purl.org/sig/ont/fma/fma33934	0.94930989
http://snomed.info/id/731543000	http://purl.org/sig/ont/fma/fma34354	0.94511932
http://snomed.info/id/731544006	http://purl.org/sig/ont/fma/fma34360	0.93842393
http://snomed.info/id/731545007	http://purl.org/sig/ont/fma/fma34220	0.95492136
http://snomed.info/id/731546008	http://purl.org/sig/ont/fma/fma34357	0.93634135
http://snomed.info/id/731547004	http://purl.org/sig/ont/fma/fma14156	0.91608942
http://snomed.info/id/731548009	http://purl.org/sig/ont/fma/fma18224	0.90578192
http://snomed.info/id/731549001	http://purl.org/sig/ont/fma/fma18225	0.92229688
http://snomed.info/id/731573009	http://purl.org/sig/ont/fma/fma59027	0.92517292
http://snomed.info/id/731574003	http://purl.org/sig/ont/fma/fma59026	0.90400344
http://snomed.info/id/731622006	http://purl.org/sig/ont/fma/fma15093	0.93308264
http://snomed.info/id/731623001	http://purl.org/sig/ont/fma/fma15092	0.91258299
http://snomed.info/id/731658004	http://purl.org/sig/ont/fma/fma25070	0.90893275
http://snomed.info/id/731660002	http://purl.org/sig/ont/fma/fma42837	0.9196108
http://snomed.info/id/73166001	http://purl.org/sig/ont/fma/fma3795	1.0
http://snomed.info/id/731666008	http://purl.org/sig/ont/fma/fma33362	0.91001898
http://snomed.info/id/731673003	http://purl.org/sig/ont/fma/fma25116	0.92416704
http://snomed.info/id/731674009	http://purl.org/sig/ont/fma/fma46494	0.90670401
http://snomed.info/id/731677002	http://purl.org/sig/ont/fma/fma323259	0.92375553
http://snomed.info/id/731681002	http://purl.org/sig/ont/fma/fma23903	0.93444961
http://snomed.info/id/731684005	http://purl.org/sig/ont/fma/fma31534	0.92403406
http://snomed.info/id/731686007	http://purl.org/sig/ont/fma/fma32568	0.92351937
http://snomed.info/id/731691008	http://purl.org/sig/ont/fma/fma34996	0.92859644
http://snomed.info/id/731693006	http://purl.org/sig/ont/fma/fma36642	0.93067449
http://snomed.info/id/731694000	http://purl.org/sig/ont/fma/fma42844	0.92740238
http://snomed.info/id/731696003	http://purl.org/sig/ont/fma/fma44094	0.92304623
http://snomed.info/id/731697007	http://purl.org/sig/ont/fma/fma36502	0.91495758
http://snomed.info/id/731698002	http://purl.org/sig/ont/fma/fma32811	0.92230397
http://snomed.info/id/731702003	http://purl.org/sig/ont/fma/fma27271	0.9219591
http://snomed.info/id/731708004	http://purl.org/sig/ont/fma/fma322156	0.90441978
http://snomed.info/id/731710002	http://purl.org/sig/ont/fma/fma36362	0.9183144
http://snomed.info/id/731724003	http://purl.org/sig/ont/fma/fma322264	0.93046904
http://snomed.info/id/731725002	http://purl.org/sig/ont/fma/fma27644	0.93921942
http://snomed.info/id/731732006	http://purl.org/sig/ont/fma/fma322291	0.95763904
http://snomed.info/id/731743003	http://purl.org/sig/ont/fma/fma74673	0.96002853
http://snomed.info/id/731744009	http://purl.org/sig/ont/fma/fma74675	0.95399159
http://snomed.info/id/731745005	http://purl.org/sig/ont/fma/fma74678	0.95513636
http://snomed.info/id/731769009	http://purl.org/sig/ont/fma/fma281101	0.91745394
http://snomed.info/id/731770005	http://purl.org/sig/ont/fma/fma281092	0.90620309
http://snomed.info/id/731771009	http://purl.org/sig/ont/fma/fma312602	0.90411133
http://snomed.info/id/731787007	http://purl.org/sig/ont/fma/fma42857	0.90689534
http://snomed.info/id/731795006	http://purl.org/sig/ont/fma/fma33303	0.91569531
http://snomed.info/id/731796007	http://purl.org/sig/ont/fma/fma41151	0.94831401
http://snomed.info/id/731809000	http://purl.org/sig/ont/fma/fma321884	0.91114956
http://snomed.info/id/731810005	http://purl.org/sig/ont/fma/fma270173	0.9324314
http://snomed.info/id/731812002	http://purl.org/sig/ont/fma/fma322328	0.93704796
http://snomed.info/id/731821001	http://purl.org/sig/ont/fma/fma40040	0.91882157
http://snomed.info/id/731824009	http://purl.org/sig/ont/fma/fma44050	0.91924173
http://snomed.info/id/731828007	http://purl.org/sig/ont/fma/fma42823	0.92299891
http://snomed.info/id/731831008	http://purl.org/sig/ont/fma/fma44050	0.91366369
http://snomed.info/id/731841006	http://purl.org/sig/ont/fma/fma74686	0.92582732
http://snomed.info/id/731842004	http://purl.org/sig/ont/fma/fma74674	0.93467844
http://snomed.info/id/731848000	http://purl.org/sig/ont/fma/fma322484	0.93355179
http://snomed.info/id/731853005	http://purl.org/sig/ont/fma/fma24517	0.91825515
http://snomed.info/id/731865009	http://purl.org/sig/ont/fma/fma322514	0.94565105
http://snomed.info/id/731869003	http://purl.org/sig/ont/fma/fma322565	0.93254143
http://snomed.info/id/731877004	http://purl.org/sig/ont/fma/fma37754	0.92462319
http://snomed.info/id/731880003	http://purl.org/sig/ont/fma/fma322282	0.9093017
http://snomed.info/id/731881004	http://purl.org/sig/ont/fma/fma322552	0.90701377
http://snomed.info/id/731882006	http://purl.org/sig/ont/fma/fma322553	0.92214441
http://snomed.info/id/731883001	http://purl.org/sig/ont/fma/fma38301	0.9184252
http://snomed.info/id/731884007	http://purl.org/sig/ont/fma/fma37831	0.91423517
http://snomed.info/id/731885008	http://purl.org/sig/ont/fma/fma322288	0.92009324
http://snomed.info/id/731886009	http://purl.org/sig/ont/fma/fma324012	0.91445309
http://snomed.info/id/731887000	http://purl.org/sig/ont/fma/fma322548	0.9081952
http://snomed.info/id/731888005	http://purl.org/sig/ont/fma/fma300367	0.93222129
http://snomed.info/id/731889002	http://purl.org/sig/ont/fma/fma78531	0.92979431
http://snomed.info/id/731891005	http://purl.org/sig/ont/fma/fma322290	0.93069744
http://snomed.info/id/731892003	http://purl.org/sig/ont/fma/fma34830	0.91718727
http://snomed.info/id/731893008	http://purl.org/sig/ont/fma/fma322273	0.93290788
http://snomed.info/id/731896000	http://purl.org/sig/ont/fma/fma322419	0.91261601
http://snomed.info/id/731898004	http://purl.org/sig/ont/fma/fma322625	0.92255151
http://snomed.info/id/731900002	http://purl.org/sig/ont/fma/fma22985	0.90758735
http://snomed.info/id/731901003	http://purl.org/sig/ont/fma/fma264902	0.92829257
http://snomed.info/id/731902005	http://purl.org/sig/ont/fma/fma38304	0.91047704
http://snomed.info/id/731903000	http://purl.org/sig/ont/fma/fma322457	0.9144634
http://snomed.info/id/731904006	http://purl.org/sig/ont/fma/fma45282	0.91350675
http://snomed.info/id/731908009	http://purl.org/sig/ont/fma/fma38280	0.92040527
http://snomed.info/id/731909001	http://purl.org/sig/ont/fma/fma23013	0.93926817
http://snomed.info/id/731910006	http://purl.org/sig/ont/fma/fma322293	0.91938096
http://snomed.info/id/731911005	http://purl.org/sig/ont/fma/fma23101	0.92480958
http://snomed.info/id/731913008	http://purl.org/sig/ont/fma/fma322455	0.91492349
http://snomed.info/id/731915001	http://purl.org/sig/ont/fma/fma63995	0.92284775
http://snomed.info/id/731916000	http://purl.org/sig/ont/fma/fma63982	0.94027251
http://snomed.info/id/731917009	http://purl.org/sig/ont/fma/fma264902	0.91129446
http://snomed.info/id/731918004	http://purl.org/sig/ont/fma/fma64002	0.92758644
http://snomed.info/id/731919007	http://purl.org/sig/ont/fma/fma52750	0.90113229
http://snomed.info/id/731926007	http://purl.org/sig/ont/fma/fma322279	0.9026131
http://snomed.info/id/731927003	http://purl.org/sig/ont/fma/fma321767	0.91345185
http://snomed.info/id/731929000	http://purl.org/sig/ont/fma/fma23018	0.90134168
http://snomed.info/id/731933007	http://purl.org/sig/ont/fma/fma38259	0.92331976
http://snomed.info/id/731936004	http://purl.org/sig/ont/fma/fma63873	0.92635822
http://snomed.info/id/731957007	http://purl.org/sig/ont/fma/fma71296	0.90344691
http://snomed.info/id/731961001	http://purl.org/sig/ont/fma/fma23018	0.92611086
http://snomed.info/id/731999008	http://purl.org/sig/ont/fma/fma55567	0.95263052
http://snomed.info/id/732001003	http://purl.org/sig/ont/fma/fma322369	0.91906589
http://snomed.info/id/732002005	http://purl.org/sig/ont/fma/fma58794	0.93078369
http://snomed.info/id/732003000	http://purl.org/sig/ont/fma/fma18884	0.90889543
http://snomed.info/id/732006008	http://purl.org/sig/ont/fma/fma321651	0.92450368
http://snomed.info/id/732015001	http://purl.org/sig/ont/fma/fma74165	0.91567355
http://snomed.info/id/732022009	http://purl.org/sig/ont/fma/fma312068	0.90383679
http://snomed.info/id/73203004	http://purl.org/sig/ont/fma/fma76514	0.9340055
http://snomed.info/id/732041007	http://purl.org/sig/ont/fma/fma322254	0.94739705
http://snomed.info/id/732046002	http://purl.org/sig/ont/fma/fma45654	0.90426391
http://snomed.info/id/732085009	http://purl.org/sig/ont/fma/fma321554	0.94005489
http://snomed.info/id/732104009	http://purl.org/sig/ont/fma/fma286431	0.92910039
http://snomed.info/id/732122007	http://purl.org/sig/ont/fma/fma17658	0.92270505
http://snomed.info/id/732128006	http://purl.org/sig/ont/fma/fma10419	0.90517688
http://snomed.info/id/732133005	http://purl.org/sig/ont/fma/fma15949	0.90789461
http://snomed.info/id/732148004	http://purl.org/sig/ont/fma/fma14338	0.90706515
http://snomed.info/id/732149007	http://purl.org/sig/ont/fma/fma15405	0.94710553
http://snomed.info/id/73216004	http://purl.org/sig/ont/fma/fma322758	0.97614509
http://snomed.info/id/732161004	http://purl.org/sig/ont/fma/fma322423	0.93916929
http://snomed.info/id/732165008	http://purl.org/sig/ont/fma/fma42765	0.93918079
http://snomed.info/id/732181003	http://purl.org/sig/ont/fma/fma297582	0.91546452
http://snomed.info/id/732182005	http://purl.org/sig/ont/fma/fma51062	0.90831602
http://snomed.info/id/732183000	http://purl.org/sig/ont/fma/fma297644	0.91820401
http://snomed.info/id/732184006	http://purl.org/sig/ont/fma/fma297614	0.92422432
http://snomed.info/id/732185007	http://purl.org/sig/ont/fma/fma81022	0.90228486
http://snomed.info/id/732186008	http://purl.org/sig/ont/fma/fma297952	0.92456782
http://snomed.info/id/732187004	http://purl.org/sig/ont/fma/fma297946	0.92428946
http://snomed.info/id/732188009	http://purl.org/sig/ont/fma/fma297566	0.91269797
http://snomed.info/id/732190005	http://purl.org/sig/ont/fma/fma297584	0.9164921
http://snomed.info/id/732197008	http://purl.org/sig/ont/fma/fma297532	0.90581924
http://snomed.info/id/732198003	http://purl.org/sig/ont/fma/fma297530	0.91949552
http://snomed.info/id/732199006	http://purl.org/sig/ont/fma/fma297528	0.91761625
http://snomed.info/id/73220000	http://purl.org/sig/ont/fma/fma7476	1.0
http://snomed.info/id/732200009	http://purl.org/sig/ont/fma/fma297510	0.91640538
http://snomed.info/id/73239005	http://purl.org/sig/ont/fma/fma14519	1.0
http://snomed.info/id/732940005	http://purl.org/sig/ont/fma/fma70739	0.90201026
http://snomed.info/id/73296000	http://purl.org/sig/ont/fma/fma54533	1.0
http://snomed.info/id/733114008	http://purl.org/sig/ont/fma/fma321640	0.9210211
http://snomed.info/id/73343007	http://purl.org/sig/ont/fma/fma44587	1.0
http://snomed.info/id/733474006	http://purl.org/sig/ont/fma/fma9580	1.0
http://snomed.info/id/73400003	http://purl.org/sig/ont/fma/fma11949	1.0
http://snomed.info/id/73401004	http://purl.org/sig/ont/fma/fma61021	0.95267254
http://snomed.info/id/734052000	http://purl.org/sig/ont/fma/fma57814	1.0
http://snomed.info/id/734053005	http://purl.org/sig/ont/fma/fma57797	0.93142986
http://snomed.info/id/734084007	http://purl.org/sig/ont/fma/fma321640	0.95385689
http://snomed.info/id/734085008	http://purl.org/sig/ont/fma/fma321640	0.9096306
http://snomed.info/id/734088005	http://purl.org/sig/ont/fma/fma44699	0.92486835
http://snomed.info/id/734143007	http://purl.org/sig/ont/fma/fma60326	1.0
http://snomed.info/id/734144001	http://purl.org/sig/ont/fma/fma60325	1.0
http://snomed.info/id/734208001	http://purl.org/sig/ont/fma/fma233767	0.98387927
http://snomed.info/id/734210004	http://purl.org/sig/ont/fma/fma233765	0.9800005
http://snomed.info/id/734356009	http://purl.org/sig/ont/fma/fma46544	0.9846797
http://snomed.info/id/734362004	http://purl.org/sig/ont/fma/fma37321	0.94317997
http://snomed.info/id/734363009	http://purl.org/sig/ont/fma/fma37320	0.94144869
http://snomed.info/id/734364003	http://purl.org/sig/ont/fma/fma37321	0.93869042
http://snomed.info/id/734365002	http://purl.org/sig/ont/fma/fma37320	0.93955618
http://snomed.info/id/734366001	http://purl.org/sig/ont/fma/fma45358	1.0
http://snomed.info/id/734367005	http://purl.org/sig/ont/fma/fma45357	1.0
http://snomed.info/id/734368000	http://purl.org/sig/ont/fma/fma37070	1.0
http://snomed.info/id/734369008	http://purl.org/sig/ont/fma/fma37068	1.0
http://snomed.info/id/734370009	http://purl.org/sig/ont/fma/fma37067	1.0
http://snomed.info/id/734371008	http://purl.org/sig/ont/fma/fma37071	1.0
http://snomed.info/id/734376003	http://purl.org/sig/ont/fma/fma74676	0.90330893
http://snomed.info/id/734378002	http://purl.org/sig/ont/fma/fma74677	0.91193151
http://snomed.info/id/734385003	http://purl.org/sig/ont/fma/fma16494	1.0
http://snomed.info/id/734386002	http://purl.org/sig/ont/fma/fma16493	1.0
http://snomed.info/id/734394009	http://purl.org/sig/ont/fma/fma50086	1.0
http://snomed.info/id/734395005	http://purl.org/sig/ont/fma/fma50085	1.0
http://snomed.info/id/734398007	http://purl.org/sig/ont/fma/fma66083	1.0
http://snomed.info/id/734399004	http://purl.org/sig/ont/fma/fma66084	1.0
http://snomed.info/id/734400006	http://purl.org/sig/ont/fma/fma45264	1.0
http://snomed.info/id/7344002	http://purl.org/sig/ont/fma/fma61904	1.0
http://snomed.info/id/734401005	http://purl.org/sig/ont/fma/fma45263	1.0
http://snomed.info/id/734402003	http://purl.org/sig/ont/fma/fma22251	0.93164116
http://snomed.info/id/734403008	http://purl.org/sig/ont/fma/fma22250	0.94494098
http://snomed.info/id/734404002	http://purl.org/sig/ont/fma/fma16498	0.98350096
http://snomed.info/id/734405001	http://purl.org/sig/ont/fma/fma16497	0.98597217
http://snomed.info/id/734410002	http://purl.org/sig/ont/fma/fma45363	0.90765804
http://snomed.info/id/734411003	http://purl.org/sig/ont/fma/fma45364	0.90669948
http://snomed.info/id/734413000	http://purl.org/sig/ont/fma/fma16499	1.0
http://snomed.info/id/734414006	http://purl.org/sig/ont/fma/fma16500	1.0
http://snomed.info/id/734416008	http://purl.org/sig/ont/fma/fma50888	1.0
http://snomed.info/id/734418009	http://purl.org/sig/ont/fma/fma50889	1.0
http://snomed.info/id/734423009	http://purl.org/sig/ont/fma/fma20674	0.93697959
http://snomed.info/id/734424003	http://purl.org/sig/ont/fma/fma20675	0.9527725
http://snomed.info/id/734428000	http://purl.org/sig/ont/fma/fma37073	1.0
http://snomed.info/id/734429008	http://purl.org/sig/ont/fma/fma37074	1.0
http://snomed.info/id/734430003	http://purl.org/sig/ont/fma/fma50884	1.0
http://snomed.info/id/734431004	http://purl.org/sig/ont/fma/fma50885	1.0
http://snomed.info/id/734432006	http://purl.org/sig/ont/fma/fma45424	1.0
http://snomed.info/id/734433001	http://purl.org/sig/ont/fma/fma45425	1.0
http://snomed.info/id/734479006	http://purl.org/sig/ont/fma/fma50562	1.0
http://snomed.info/id/734480009	http://purl.org/sig/ont/fma/fma50561	1.0
http://snomed.info/id/734483006	http://purl.org/sig/ont/fma/fma50575	0.95045763
http://snomed.info/id/734484000	http://purl.org/sig/ont/fma/fma50574	0.93314868
http://snomed.info/id/734490001	http://purl.org/sig/ont/fma/fma291258	0.92415994
http://snomed.info/id/734491002	http://purl.org/sig/ont/fma/fma291256	0.94347179
http://snomed.info/id/7345001	http://purl.org/sig/ont/fma/fma76551	1.0
http://snomed.info/id/73451009	http://purl.org/sig/ont/fma/fma23442	1.0
http://snomed.info/id/734526004	http://purl.org/sig/ont/fma/fma21864	1.0
http://snomed.info/id/734527008	http://purl.org/sig/ont/fma/fma21863	1.0
http://snomed.info/id/734528003	http://purl.org/sig/ont/fma/fma50892	1.0
http://snomed.info/id/734529006	http://purl.org/sig/ont/fma/fma50894	1.0
http://snomed.info/id/734745006	http://purl.org/sig/ont/fma/fma18810	0.91491026
http://snomed.info/id/734746007	http://purl.org/sig/ont/fma/fma18809	0.90893459
http://snomed.info/id/734747003	http://purl.org/sig/ont/fma/fma4763	1.0
http://snomed.info/id/734748008	http://purl.org/sig/ont/fma/fma4755	1.0
http://snomed.info/id/734766003	http://purl.org/sig/ont/fma/fma70260	0.90456229
http://snomed.info/id/734767007	http://purl.org/sig/ont/fma/fma70261	0.92356551
http://snomed.info/id/73485005	http://purl.org/sig/ont/fma/fma301855	0.94187111
http://snomed.info/id/734854000	http://purl.org/sig/ont/fma/fma74679	0.91416979
http://snomed.info/id/734855004	http://purl.org/sig/ont/fma/fma74680	0.91810566
http://snomed.info/id/734882007	http://purl.org/sig/ont/fma/fma65335	1.0
http://snomed.info/id/734883002	http://purl.org/sig/ont/fma/fma65336	1.0
http://snomed.info/id/734888006	http://purl.org/sig/ont/fma/fma22110	0.9538421
http://snomed.info/id/734889003	http://purl.org/sig/ont/fma/fma22109	0.96500885
http://snomed.info/id/734981001	http://purl.org/sig/ont/fma/fma16492	1.0
http://snomed.info/id/734982008	http://purl.org/sig/ont/fma/fma16491	1.0
http://snomed.info/id/735036007	http://purl.org/sig/ont/fma/fma53002	1.0
http://snomed.info/id/735037003	http://purl.org/sig/ont/fma/fma53001	1.0
http://snomed.info/id/73508007	http://purl.org/sig/ont/fma/fma22532	1.0
http://snomed.info/id/735083009	http://purl.org/sig/ont/fma/fma321497	0.95715147
http://snomed.info/id/735084003	http://purl.org/sig/ont/fma/fma321496	0.95979446
http://snomed.info/id/73516003	http://purl.org/sig/ont/fma/fma61907	1.0
http://snomed.info/id/735177008	http://purl.org/sig/ont/fma/fma52830	1.0
http://snomed.info/id/735178003	http://purl.org/sig/ont/fma/fma52829	1.0
http://snomed.info/id/735180009	http://purl.org/sig/ont/fma/fma19946	0.94813806
http://snomed.info/id/735181008	http://purl.org/sig/ont/fma/fma19863	0.9560948
http://snomed.info/id/735187007	http://purl.org/sig/ont/fma/fma49823	1.0
http://snomed.info/id/735188002	http://purl.org/sig/ont/fma/fma49822	1.0
http://snomed.info/id/735253006	http://purl.org/sig/ont/fma/fma51041	1.0
http://snomed.info/id/735255004	http://purl.org/sig/ont/fma/fma321548	0.9308973
http://snomed.info/id/735376007	http://purl.org/sig/ont/fma/fma223695	1.0
http://snomed.info/id/735379000	http://purl.org/sig/ont/fma/fma223693	1.0
http://snomed.info/id/73580002	http://purl.org/sig/ont/fma/fma4713	1.0
http://snomed.info/id/736187001	http://purl.org/sig/ont/fma/fma69513	0.94261259
http://snomed.info/id/73619004	http://purl.org/sig/ont/fma/fma10073	1.0
http://snomed.info/id/7362006	http://purl.org/sig/ont/fma/fma86230	1.0
http://snomed.info/id/73624001	http://purl.org/sig/ont/fma/fma322578	0.9477033
http://snomed.info/id/73634005	http://purl.org/sig/ont/fma/fma14764	1.0
http://snomed.info/id/73641004	http://purl.org/sig/ont/fma/fma7270	1.0
http://snomed.info/id/736418007	http://purl.org/sig/ont/fma/fma67936	1.0
http://snomed.info/id/736419004	http://purl.org/sig/ont/fma/fma62382	1.0
http://snomed.info/id/73653000	http://purl.org/sig/ont/fma/fma70945	1.0
http://snomed.info/id/736623000	http://purl.org/sig/ont/fma/fma65153	0.99354774
http://snomed.info/id/736637009	http://purl.org/sig/ont/fma/fma7396	1.0
http://snomed.info/id/736638004	http://purl.org/sig/ont/fma/fma7395	1.0
http://snomed.info/id/736667003	http://purl.org/sig/ont/fma/fma64017	1.0
http://snomed.info/id/736779005	http://purl.org/sig/ont/fma/fma52840	0.98712629
http://snomed.info/id/736780008	http://purl.org/sig/ont/fma/fma52838	0.98754817
http://snomed.info/id/736840006	http://purl.org/sig/ont/fma/fma43897	0.96687299
http://snomed.info/id/736841005	http://purl.org/sig/ont/fma/fma43896	0.96808898
http://snomed.info/id/736850007	http://purl.org/sig/ont/fma/fma64017	0.90487415
http://snomed.info/id/736851006	http://purl.org/sig/ont/fma/fma74721	0.94743764
http://snomed.info/id/736864007	http://purl.org/sig/ont/fma/fma43923	1.0
http://snomed.info/id/736865008	http://purl.org/sig/ont/fma/fma43922	1.0
http://snomed.info/id/736982006	http://purl.org/sig/ont/fma/fma16564	1.0
http://snomed.info/id/736983001	http://purl.org/sig/ont/fma/fma259284	0.90676326
http://snomed.info/id/737052006	http://purl.org/sig/ont/fma/fma44627	0.979159
http://snomed.info/id/737053001	http://purl.org/sig/ont/fma/fma44626	0.97976238
http://snomed.info/id/737123005	http://purl.org/sig/ont/fma/fma44643	0.97573197
http://snomed.info/id/737124004	http://purl.org/sig/ont/fma/fma44642	0.97461748
http://snomed.info/id/737151001	http://purl.org/sig/ont/fma/fma42991	0.99290574
http://snomed.info/id/737152008	http://purl.org/sig/ont/fma/fma42992	0.99210805
http://snomed.info/id/737364008	http://purl.org/sig/ont/fma/fma44641	0.97882044
http://snomed.info/id/737370002	http://purl.org/sig/ont/fma/fma44640	0.97695267
http://snomed.info/id/737403003	http://purl.org/sig/ont/fma/fma61679	0.98760355
http://snomed.info/id/737404009	http://purl.org/sig/ont/fma/fma61678	0.98762482
http://snomed.info/id/737405005	http://purl.org/sig/ont/fma/fma51476	1.0
http://snomed.info/id/737406006	http://purl.org/sig/ont/fma/fma51475	1.0
http://snomed.info/id/737447009	http://purl.org/sig/ont/fma/fma24509	0.98476893
http://snomed.info/id/737448004	http://purl.org/sig/ont/fma/fma24510	0.98506147
http://snomed.info/id/737449007	http://purl.org/sig/ont/fma/fma32861	1.0
http://snomed.info/id/737450007	http://purl.org/sig/ont/fma/fma32860	1.0
http://snomed.info/id/737453009	http://purl.org/sig/ont/fma/fma45940	1.0
http://snomed.info/id/737454003	http://purl.org/sig/ont/fma/fma45941	1.0
http://snomed.info/id/737460003	http://purl.org/sig/ont/fma/fma23444	1.0
http://snomed.info/id/737464007	http://purl.org/sig/ont/fma/fma44124	0.9113465
http://snomed.info/id/737467000	http://purl.org/sig/ont/fma/fma44123	0.9182899
http://snomed.info/id/737475006	http://purl.org/sig/ont/fma/fma30816	0.90156507
http://snomed.info/id/737490005	http://purl.org/sig/ont/fma/fma38888	0.90119958
http://snomed.info/id/737533007	http://purl.org/sig/ont/fma/fma51937	0.91739762
http://snomed.info/id/737534001	http://purl.org/sig/ont/fma/fma51938	0.92187518
http://snomed.info/id/737554000	http://purl.org/sig/ont/fma/fma300549	0.97528219
http://snomed.info/id/737555004	http://purl.org/sig/ont/fma/fma300547	0.97758007
http://snomed.info/id/737603008	http://purl.org/sig/ont/fma/fma44052	0.97144419
http://snomed.info/id/737604002	http://purl.org/sig/ont/fma/fma44051	0.97039473
http://snomed.info/id/737605001	http://purl.org/sig/ont/fma/fma43795	0.96259576
http://snomed.info/id/737606000	http://purl.org/sig/ont/fma/fma43796	0.95760643
http://snomed.info/id/73769004	http://purl.org/sig/ont/fma/fma22841	1.0
http://snomed.info/id/7378008	http://purl.org/sig/ont/fma/fma62152	1.0
http://snomed.info/id/737835006	http://purl.org/sig/ont/fma/fma35082	1.0
http://snomed.info/id/737836007	http://purl.org/sig/ont/fma/fma35081	1.0
http://snomed.info/id/737837003	http://purl.org/sig/ont/fma/fma43796	1.0
http://snomed.info/id/737838008	http://purl.org/sig/ont/fma/fma43795	1.0
http://snomed.info/id/737851003	http://purl.org/sig/ont/fma/fma323394	0.91758287
http://snomed.info/id/737852005	http://purl.org/sig/ont/fma/fma75409	1.0
http://snomed.info/id/737853000	http://purl.org/sig/ont/fma/fma75408	1.0
http://snomed.info/id/73799008	http://purl.org/sig/ont/fma/fma75468	0.92357773
http://snomed.info/id/737999002	http://purl.org/sig/ont/fma/fma43582	0.95280147
http://snomed.info/id/738000008	http://purl.org/sig/ont/fma/fma43583	0.94448537
http://snomed.info/id/73800007	http://purl.org/sig/ont/fma/fma15040	1.0
http://snomed.info/id/73810003	http://purl.org/sig/ont/fma/fma14347	0.94340873
http://snomed.info/id/73824004	http://purl.org/sig/ont/fma/fma49669	1.0
http://snomed.info/id/73839003	http://purl.org/sig/ont/fma/fma51997	1.0
http://snomed.info/id/73881009	http://purl.org/sig/ont/fma/fma9224	1.0
http://snomed.info/id/73897004	http://purl.org/sig/ont/fma/fma59349	0.95024693
http://snomed.info/id/739020002	http://purl.org/sig/ont/fma/fma224500	1.0
http://snomed.info/id/739021003	http://purl.org/sig/ont/fma/fma224498	1.0
http://snomed.info/id/73903008	http://purl.org/sig/ont/fma/fma27271	0.97040075
http://snomed.info/id/739124009	http://purl.org/sig/ont/fma/fma6980	1.0
http://snomed.info/id/739125005	http://purl.org/sig/ont/fma/fma6979	1.0
http://snomed.info/id/73913000	http://purl.org/sig/ont/fma/fma35480	1.0
http://snomed.info/id/73930003	http://purl.org/sig/ont/fma/fma82353	1.0
http://snomed.info/id/73931004	http://purl.org/sig/ont/fma/fma82705	0.90376449
http://snomed.info/id/73939002	http://purl.org/sig/ont/fma/fma322270	0.91801113
http://snomed.info/id/73954008	http://purl.org/sig/ont/fma/fma322908	1.0
http://snomed.info/id/73958006	http://purl.org/sig/ont/fma/fma38122	0.95612955
http://snomed.info/id/73959003	http://purl.org/sig/ont/fma/fma13898	0.90746033
http://snomed.info/id/73961007	http://purl.org/sig/ont/fma/fma15665	1.0
http://snomed.info/id/74031005	http://purl.org/sig/ont/fma/fma9487	1.0
http://snomed.info/id/74033008	http://purl.org/sig/ont/fma/fma15610	1.0
http://snomed.info/id/7404008	http://purl.org/sig/ont/fma/fma61123	1.0
http://snomed.info/id/74063004	http://purl.org/sig/ont/fma/fma16129	1.0
http://snomed.info/id/74156002	http://purl.org/sig/ont/fma/fma43925	1.0
http://snomed.info/id/74160004	http://purl.org/sig/ont/fma/fma23029	0.90932339
http://snomed.info/id/74163002	http://purl.org/sig/ont/fma/fma293446	0.93330109
http://snomed.info/id/74200005	http://purl.org/sig/ont/fma/fma49846	1.0
http://snomed.info/id/74203007	http://purl.org/sig/ont/fma/fma61234	1.0
http://snomed.info/id/74214005	http://purl.org/sig/ont/fma/fma72463	1.0
http://snomed.info/id/74240004	http://purl.org/sig/ont/fma/fma18607	1.0
http://snomed.info/id/74241000	http://purl.org/sig/ont/fma/fma55110	1.0
http://snomed.info/id/74298007	http://purl.org/sig/ont/fma/fma72970	1.0
http://snomed.info/id/74308000	http://purl.org/sig/ont/fma/fma19387	1.0
http://snomed.info/id/74318005	http://purl.org/sig/ont/fma/fma51099	1.0
http://snomed.info/id/74334008	http://purl.org/sig/ont/fma/fma62470	1.0
http://snomed.info/id/74335009	http://purl.org/sig/ont/fma/fma33636	1.0
http://snomed.info/id/74336005	http://purl.org/sig/ont/fma/fma322016	0.95238715
http://snomed.info/id/74340001	http://purl.org/sig/ont/fma/fma52433	0.93136168
http://snomed.info/id/7435002	http://purl.org/sig/ont/fma/fma55422	1.0
http://snomed.info/id/74366003	http://purl.org/sig/ont/fma/fma321469	1.0
http://snomed.info/id/74380005	http://purl.org/sig/ont/fma/fma5923	0.91280591
http://snomed.info/id/74386004	http://purl.org/sig/ont/fma/fma52745	1.0
http://snomed.info/id/74436006	http://purl.org/sig/ont/fma/fma38177	0.98320609
http://snomed.info/id/74475002	http://purl.org/sig/ont/fma/fma18256	1.0
http://snomed.info/id/744848003	http://purl.org/sig/ont/fma/fma50195	0.91511792
http://snomed.info/id/74493001	http://purl.org/sig/ont/fma/fma61903	1.0
http://snomed.info/id/74502003	http://purl.org/sig/ont/fma/fma8961	1.0
http://snomed.info/id/74528000	http://purl.org/sig/ont/fma/fma61859	1.0
http://snomed.info/id/74552007	http://purl.org/sig/ont/fma/fma9504	1.0
http://snomed.info/id/74553002	http://purl.org/sig/ont/fma/fma322751	0.97449213
http://snomed.info/id/74611005	http://purl.org/sig/ont/fma/fma15719	1.0
http://snomed.info/id/746225004	http://purl.org/sig/ont/fma/fma232564	0.91064197
http://snomed.info/id/74636004	http://purl.org/sig/ont/fma/fma77585	1.0
http://snomed.info/id/74655004	http://purl.org/sig/ont/fma/fma40866	0.92639673
http://snomed.info/id/74657007	http://purl.org/sig/ont/fma/fma54828	1.0
http://snomed.info/id/74662008	http://purl.org/sig/ont/fma/fma58684	1.0
http://snomed.info/id/74676009	http://purl.org/sig/ont/fma/fma19822	1.0
http://snomed.info/id/74680004	http://purl.org/sig/ont/fma/fma14329	1.0
http://snomed.info/id/74712008	http://purl.org/sig/ont/fma/fma83739	1.0
http://snomed.info/id/74734005	http://purl.org/sig/ont/fma/fma272288	0.92347819
http://snomed.info/id/74742006	http://purl.org/sig/ont/fma/fma322814	0.98861337
http://snomed.info/id/74757004	http://purl.org/sig/ont/fma/fma300282	0.96099913
http://snomed.info/id/74761005	http://purl.org/sig/ont/fma/fma55452	1.0
http://snomed.info/id/7480001	http://purl.org/sig/ont/fma/fma51048	1.0
http://snomed.info/id/74806005	http://purl.org/sig/ont/fma/fma7504	1.0
http://snomed.info/id/74855001	http://purl.org/sig/ont/fma/fma40749	0.92699772
http://snomed.info/id/74858004	http://purl.org/sig/ont/fma/fma37072	1.0
http://snomed.info/id/74861003	http://purl.org/sig/ont/fma/fma17670	0.94068283
http://snomed.info/id/74862005	http://purl.org/sig/ont/fma/fma58103	1.0
http://snomed.info/id/74872008	http://purl.org/sig/ont/fma/fma52734	1.0
http://snomed.info/id/74896003	http://purl.org/sig/ont/fma/fma7338	1.0
http://snomed.info/id/74901001	http://purl.org/sig/ont/fma/fma32900	1.0
http://snomed.info/id/74932000	http://purl.org/sig/ont/fma/fma7363	1.0
http://snomed.info/id/74938001	http://purl.org/sig/ont/fma/fma61947	1.0
http://snomed.info/id/7494000	http://purl.org/sig/ont/fma/fma77615	0.91666961
http://snomed.info/id/74968005	http://purl.org/sig/ont/fma/fma61874	1.0
http://snomed.info/id/74977003	http://purl.org/sig/ont/fma/fma43252	1.0
http://snomed.info/id/74980002	http://purl.org/sig/ont/fma/fma44611	1.0
http://snomed.info/id/7498002	http://purl.org/sig/ont/fma/fma44245	0.92947304
http://snomed.info/id/75002003	http://purl.org/sig/ont/fma/fma16075	1.0
http://snomed.info/id/75033001	http://purl.org/sig/ont/fma/fma12908	0.91767746
http://snomed.info/id/75042008	http://purl.org/sig/ont/fma/fma9591	1.0
http://snomed.info/id/7507003	http://purl.org/sig/ont/fma/fma76857	0.90393585
http://snomed.info/id/75089005	http://purl.org/sig/ont/fma/fma72596	1.0
http://snomed.info/id/75093004	http://purl.org/sig/ont/fma/fma23096	0.96936923
http://snomed.info/id/75095006	http://purl.org/sig/ont/fma/fma13899	0.94604671
http://snomed.info/id/75129005	http://purl.org/sig/ont/fma/fma35512	0.91650909
http://snomed.info/id/75144006	http://purl.org/sig/ont/fma/fma37828	0.93813688
http://snomed.info/id/75168003	http://purl.org/sig/ont/fma/fma4728	1.0
http://snomed.info/id/75207001	http://purl.org/sig/ont/fma/fma321542	1.0
http://snomed.info/id/75220003	http://purl.org/sig/ont/fma/fma46769	1.0
http://snomed.info/id/75222006	http://purl.org/sig/ont/fma/fma10648	1.0
http://snomed.info/id/7524009	http://purl.org/sig/ont/fma/fma77433	0.92843151
http://snomed.info/id/75245000	http://purl.org/sig/ont/fma/fma7396	1.0
http://snomed.info/id/75267004	http://purl.org/sig/ont/fma/fma322928	0.96981704
http://snomed.info/id/75279004	http://purl.org/sig/ont/fma/fma9707	0.94295067
http://snomed.info/id/75297007	http://purl.org/sig/ont/fma/fma22317	1.0
http://snomed.info/id/75346002	http://purl.org/sig/ont/fma/fma16198	1.0
http://snomed.info/id/75357007	http://purl.org/sig/ont/fma/fma46591	0.96578908
http://snomed.info/id/75358002	http://purl.org/sig/ont/fma/fma17544	1.0
http://snomed.info/id/75383002	http://purl.org/sig/ont/fma/fma26011	0.95828158
http://snomed.info/id/75415000	http://purl.org/sig/ont/fma/fma12253	1.0
http://snomed.info/id/75435004	http://purl.org/sig/ont/fma/fma9182	1.0
http://snomed.info/id/75472005	http://purl.org/sig/ont/fma/fma11181	1.0
http://snomed.info/id/75481004	http://purl.org/sig/ont/fma/fma59704	1.0
http://snomed.info/id/75487000	http://purl.org/sig/ont/fma/fma44697	1.0
http://snomed.info/id/75488005	http://purl.org/sig/ont/fma/fma51904	1.0
http://snomed.info/id/75522005	http://purl.org/sig/ont/fma/fma10662	1.0
http://snomed.info/id/75531005	http://purl.org/sig/ont/fma/fma321489	0.97096431
http://snomed.info/id/7554004	http://purl.org/sig/ont/fma/fma46107	1.0
http://snomed.info/id/75551009	http://purl.org/sig/ont/fma/fma74867	1.0
http://snomed.info/id/75573002	http://purl.org/sig/ont/fma/fma323977	0.95882273
http://snomed.info/id/75595003	http://purl.org/sig/ont/fma/fma43712	1.0
http://snomed.info/id/75606001	http://purl.org/sig/ont/fma/fma59812	1.0
http://snomed.info/id/75609008	http://purl.org/sig/ont/fma/fma14582	1.0
http://snomed.info/id/75628001	http://purl.org/sig/ont/fma/fma55623	1.0
http://snomed.info/id/75662001	http://purl.org/sig/ont/fma/fma55588	0.92708069
http://snomed.info/id/7569003	http://purl.org/sig/ont/fma/fma9666	1.0
http://snomed.info/id/75699001	http://purl.org/sig/ont/fma/fma19082	1.0
http://snomed.info/id/75703003	http://purl.org/sig/ont/fma/fma54253	1.0
http://snomed.info/id/75718002	http://purl.org/sig/ont/fma/fma66312	0.9290117
http://snomed.info/id/75740006	http://purl.org/sig/ont/fma/fma62317	1.0
http://snomed.info/id/75772009	http://purl.org/sig/ont/fma/fma34781	0.9543066
http://snomed.info/id/75776007	http://purl.org/sig/ont/fma/fma54319	0.97683483
http://snomed.info/id/75847001	http://purl.org/sig/ont/fma/fma75348	1.0
http://snomed.info/id/758623002	http://purl.org/sig/ont/fma/fma58973	0.95646101
http://snomed.info/id/758624008	http://purl.org/sig/ont/fma/fma58972	0.97633785
http://snomed.info/id/758629003	http://purl.org/sig/ont/fma/fma58642	0.92818928
http://snomed.info/id/758630008	http://purl.org/sig/ont/fma/fma58641	0.91993767
http://snomed.info/id/758631007	http://purl.org/sig/ont/fma/fma58297	0.96302497
http://snomed.info/id/758632000	http://purl.org/sig/ont/fma/fma58296	0.96412438
http://snomed.info/id/758633005	http://purl.org/sig/ont/fma/fma223078	1.0
http://snomed.info/id/758634004	http://purl.org/sig/ont/fma/fma223076	1.0
http://snomed.info/id/758642003	http://purl.org/sig/ont/fma/fma23392	1.0
http://snomed.info/id/758643008	http://purl.org/sig/ont/fma/fma23391	1.0
http://snomed.info/id/758646000	http://purl.org/sig/ont/fma/fma281872	0.96694165
http://snomed.info/id/758647009	http://purl.org/sig/ont/fma/fma281870	0.9710803
http://snomed.info/id/758648004	http://purl.org/sig/ont/fma/fma225822	0.9493807
http://snomed.info/id/758649007	http://purl.org/sig/ont/fma/fma225820	0.9577955
http://snomed.info/id/758650007	http://purl.org/sig/ont/fma/fma33744	0.93266255
http://snomed.info/id/758651006	http://purl.org/sig/ont/fma/fma33743	0.94059986
http://snomed.info/id/758654003	http://purl.org/sig/ont/fma/fma44707	0.93554205
http://snomed.info/id/758655002	http://purl.org/sig/ont/fma/fma44706	0.9438014
http://snomed.info/id/758656001	http://purl.org/sig/ont/fma/fma311281	0.90760732
http://snomed.info/id/758657005	http://purl.org/sig/ont/fma/fma311279	0.9055028
http://snomed.info/id/758658000	http://purl.org/sig/ont/fma/fma35450	1.0
http://snomed.info/id/758659008	http://purl.org/sig/ont/fma/fma35449	1.0
http://snomed.info/id/758660003	http://purl.org/sig/ont/fma/fma33788	0.92427301
http://snomed.info/id/758661004	http://purl.org/sig/ont/fma/fma33787	0.93344229
http://snomed.info/id/758671002	http://purl.org/sig/ont/fma/fma61365	0.93073207
http://snomed.info/id/758672009	http://purl.org/sig/ont/fma/fma61364	0.90884322
http://snomed.info/id/758677003	http://purl.org/sig/ont/fma/fma42454	1.0
http://snomed.info/id/758678008	http://purl.org/sig/ont/fma/fma42453	1.0
http://snomed.info/id/758682005	http://purl.org/sig/ont/fma/fma41426	0.93856281
http://snomed.info/id/758684006	http://purl.org/sig/ont/fma/fma41425	0.93979245
http://snomed.info/id/758687004	http://purl.org/sig/ont/fma/fma281856	0.95458776
http://snomed.info/id/758688009	http://purl.org/sig/ont/fma/fma281854	0.96020061
http://snomed.info/id/758689001	http://purl.org/sig/ont/fma/fma281868	0.96994698
http://snomed.info/id/75880008	http://purl.org/sig/ont/fma/fma22671	1.0
http://snomed.info/id/75902001	http://purl.org/sig/ont/fma/fma71671	0.90028024
http://snomed.info/id/75912008	http://purl.org/sig/ont/fma/fma281360	0.925951
http://snomed.info/id/75913003	http://purl.org/sig/ont/fma/fma52760	1.0
http://snomed.info/id/75915005	http://purl.org/sig/ont/fma/fma37667	1.0
http://snomed.info/id/75973005	http://purl.org/sig/ont/fma/fma322979	0.9687379
http://snomed.info/id/75998006	http://purl.org/sig/ont/fma/fma6871	0.96581537
http://snomed.info/id/76015000	http://purl.org/sig/ont/fma/fma14769	1.0
http://snomed.info/id/76016004	http://purl.org/sig/ont/fma/fma52771	1.0
http://snomed.info/id/76031008	http://purl.org/sig/ont/fma/fma10094	1.0
http://snomed.info/id/76042004	http://purl.org/sig/ont/fma/fma318618	0.90480298
http://snomed.info/id/76045002	http://purl.org/sig/ont/fma/fma51288	0.91488844
http://snomed.info/id/76059009	http://purl.org/sig/ont/fma/fma55563	1.0
http://snomed.info/id/76064008	http://purl.org/sig/ont/fma/fma33786	0.90952909
http://snomed.info/id/76072005	http://purl.org/sig/ont/fma/fma322731	0.98165482
http://snomed.info/id/76086009	http://purl.org/sig/ont/fma/fma49221	0.907094
http://snomed.info/id/76100004	http://purl.org/sig/ont/fma/fma32899	1.0
http://snomed.info/id/7610001	http://purl.org/sig/ont/fma/fma71176	0.91304696
http://snomed.info/id/76117006	http://purl.org/sig/ont/fma/fma49879	1.0
http://snomed.info/id/76125008	http://purl.org/sig/ont/fma/fma322076	1.0
http://snomed.info/id/76130007	http://purl.org/sig/ont/fma/fma26413	1.0
http://snomed.info/id/76137005	http://purl.org/sig/ont/fma/fma21499	1.0
http://snomed.info/id/76138000	http://purl.org/sig/ont/fma/fma76439	1.0
http://snomed.info/id/76140005	http://purl.org/sig/ont/fma/fma63967	1.0
http://snomed.info/id/76147008	http://purl.org/sig/ont/fma/fma274262	0.94345635
http://snomed.info/id/76162005	http://purl.org/sig/ont/fma/fma322677	0.91275734
http://snomed.info/id/761823008	http://purl.org/sig/ont/fma/fma281866	0.97309142
http://snomed.info/id/761825001	http://purl.org/sig/ont/fma/fma42895	0.91064614
http://snomed.info/id/761826000	http://purl.org/sig/ont/fma/fma42894	0.90542787
http://snomed.info/id/761917002	http://purl.org/sig/ont/fma/fma311376	1.0
http://snomed.info/id/761918007	http://purl.org/sig/ont/fma/fma311374	1.0
http://snomed.info/id/761919004	http://purl.org/sig/ont/fma/fma39771	0.93738198
http://snomed.info/id/761920005	http://purl.org/sig/ont/fma/fma32834	0.94440734
http://snomed.info/id/761924001	http://purl.org/sig/ont/fma/fma225820	0.96034342
http://snomed.info/id/761925000	http://purl.org/sig/ont/fma/fma321596	1.0
http://snomed.info/id/761926004	http://purl.org/sig/ont/fma/fma321595	1.0
http://snomed.info/id/761930001	http://purl.org/sig/ont/fma/fma32857	1.0
http://snomed.info/id/761932009	http://purl.org/sig/ont/fma/fma32856	1.0
http://snomed.info/id/761939000	http://purl.org/sig/ont/fma/fma32846	1.0
http://snomed.info/id/761940003	http://purl.org/sig/ont/fma/fma32845	1.0
http://snomed.info/id/761946009	http://purl.org/sig/ont/fma/fma35504	0.92612123
http://snomed.info/id/761947000	http://purl.org/sig/ont/fma/fma35503	0.93537021
http://snomed.info/id/761948005	http://purl.org/sig/ont/fma/fma281860	0.97144943
http://snomed.info/id/761949002	http://purl.org/sig/ont/fma/fma281858	0.97297472
http://snomed.info/id/76195004	http://purl.org/sig/ont/fma/fma17744	1.0
http://snomed.info/id/761961005	http://purl.org/sig/ont/fma/fma23481	1.0
http://snomed.info/id/761962003	http://purl.org/sig/ont/fma/fma23480	1.0
http://snomed.info/id/761965001	http://purl.org/sig/ont/fma/fma24777	0.93889844
http://snomed.info/id/761966000	http://purl.org/sig/ont/fma/fma50216	0.92843741
http://snomed.info/id/761967009	http://purl.org/sig/ont/fma/fma74145	0.95016116
http://snomed.info/id/761974004	http://purl.org/sig/ont/fma/fma37851	1.0
http://snomed.info/id/761975003	http://purl.org/sig/ont/fma/fma37850	1.0
http://snomed.info/id/761979009	http://purl.org/sig/ont/fma/fma24507	0.9807806
http://snomed.info/id/762006003	http://purl.org/sig/ont/fma/fma43614	0.9420011
http://snomed.info/id/762008002	http://purl.org/sig/ont/fma/fma318037	0.95584208
http://snomed.info/id/762009005	http://purl.org/sig/ont/fma/fma318035	0.96227944
http://snomed.info/id/762010000	http://purl.org/sig/ont/fma/fma24473	0.97697794
http://snomed.info/id/762011001	http://purl.org/sig/ont/fma/fma24472	0.97356677
http://snomed.info/id/762016006	http://purl.org/sig/ont/fma/fma24465	0.97428668
http://snomed.info/id/762017002	http://purl.org/sig/ont/fma/fma24464	0.97373229
http://snomed.info/id/762027008	http://purl.org/sig/ont/fma/fma24471	0.97541118
http://snomed.info/id/762028003	http://purl.org/sig/ont/fma/fma24470	0.97581196
http://snomed.info/id/762033004	http://purl.org/sig/ont/fma/fma24467	0.9742654
http://snomed.info/id/762035006	http://purl.org/sig/ont/fma/fma24466	0.9769724
http://snomed.info/id/762038008	http://purl.org/sig/ont/fma/fma42889	0.91744161
http://snomed.info/id/762039000	http://purl.org/sig/ont/fma/fma42888	0.91953677
http://snomed.info/id/762041004	http://purl.org/sig/ont/fma/fma227476	0.97429854
http://snomed.info/id/762042006	http://purl.org/sig/ont/fma/fma24468	0.97067291
http://snomed.info/id/762045008	http://purl.org/sig/ont/fma/fma42892	0.90480179
http://snomed.info/id/76207006	http://purl.org/sig/ont/fma/fma322866	0.95684636
http://snomed.info/id/762078001	http://purl.org/sig/ont/fma/fma43614	1.0
http://snomed.info/id/762079009	http://purl.org/sig/ont/fma/fma43613	1.0
http://snomed.info/id/762084003	http://purl.org/sig/ont/fma/fma22445	1.0
http://snomed.info/id/762085002	http://purl.org/sig/ont/fma/fma22444	1.0
http://snomed.info/id/762086001	http://purl.org/sig/ont/fma/fma297700	0.91637897
http://snomed.info/id/762087005	http://purl.org/sig/ont/fma/fma297698	0.93721855
http://snomed.info/id/762091000	http://purl.org/sig/ont/fma/fma38296	0.90671015
http://snomed.info/id/762097001	http://purl.org/sig/ont/fma/fma264802	0.92175877
http://snomed.info/id/762098006	http://purl.org/sig/ont/fma/fma264803	0.92832041
http://snomed.info/id/762099003	http://purl.org/sig/ont/fma/fma38297	0.96493024
http://snomed.info/id/762100006	http://purl.org/sig/ont/fma/fma38296	0.9635663
http://snomed.info/id/762101005	http://purl.org/sig/ont/fma/fma60328	1.0
http://snomed.info/id/762102003	http://purl.org/sig/ont/fma/fma60327	1.0
http://snomed.info/id/762107009	http://purl.org/sig/ont/fma/fma20631	1.0
http://snomed.info/id/762108004	http://purl.org/sig/ont/fma/fma20630	1.0
http://snomed.info/id/762200002	http://purl.org/sig/ont/fma/fma50229	0.90627271
http://snomed.info/id/762201003	http://purl.org/sig/ont/fma/fma50228	0.92329711
http://snomed.info/id/762207004	http://purl.org/sig/ont/fma/fma23106	0.90089929
http://snomed.info/id/762208009	http://purl.org/sig/ont/fma/fma23105	0.92256612
http://snomed.info/id/762213008	http://purl.org/sig/ont/fma/fma62428	0.90426069
http://snomed.info/id/762214002	http://purl.org/sig/ont/fma/fma62427	0.92009401
http://snomed.info/id/76261009	http://purl.org/sig/ont/fma/fma300196	0.9666605
http://snomed.info/id/76264001	http://purl.org/sig/ont/fma/fma76854	1.0
http://snomed.info/id/762718000	http://purl.org/sig/ont/fma/fma23100	0.92951095
http://snomed.info/id/762720002	http://purl.org/sig/ont/fma/fma59349	0.9263041
http://snomed.info/id/762836006	http://purl.org/sig/ont/fma/fma41672	0.99094498
http://snomed.info/id/762837002	http://purl.org/sig/ont/fma/fma41671	0.9903875
http://snomed.info/id/762838007	http://purl.org/sig/ont/fma/fma41663	0.9916572
http://snomed.info/id/762839004	http://purl.org/sig/ont/fma/fma41662	0.99145591
http://snomed.info/id/762840002	http://purl.org/sig/ont/fma/fma41654	0.99060488
http://snomed.info/id/762841003	http://purl.org/sig/ont/fma/fma41653	0.99034327
http://snomed.info/id/762842005	http://purl.org/sig/ont/fma/fma41408	0.98971772
http://snomed.info/id/762843000	http://purl.org/sig/ont/fma/fma41407	0.98942727
http://snomed.info/id/762844006	http://purl.org/sig/ont/fma/fma41417	0.99056399
http://snomed.info/id/762845007	http://purl.org/sig/ont/fma/fma41416	0.99037236
http://snomed.info/id/762846008	http://purl.org/sig/ont/fma/fma41426	0.98986369
http://snomed.info/id/762847004	http://purl.org/sig/ont/fma/fma41425	0.98937994
http://snomed.info/id/762850001	http://purl.org/sig/ont/fma/fma281864	0.96213335
http://snomed.info/id/762853004	http://purl.org/sig/ont/fma/fma281862	0.96626437
http://snomed.info/id/762854005	http://purl.org/sig/ont/fma/fma41162	0.99123567
http://snomed.info/id/762855006	http://purl.org/sig/ont/fma/fma41161	0.99007976
http://snomed.info/id/762856007	http://purl.org/sig/ont/fma/fma41171	0.99231833
http://snomed.info/id/762857003	http://purl.org/sig/ont/fma/fma41170	0.9914397
http://snomed.info/id/762858008	http://purl.org/sig/ont/fma/fma41180	0.99055648
http://snomed.info/id/762859000	http://purl.org/sig/ont/fma/fma41179	0.98930496
http://snomed.info/id/762860005	http://purl.org/sig/ont/fma/fma40916	0.98958021
http://snomed.info/id/762861009	http://purl.org/sig/ont/fma/fma40915	0.99050677
http://snomed.info/id/762862002	http://purl.org/sig/ont/fma/fma40925	0.99038321
http://snomed.info/id/762863007	http://purl.org/sig/ont/fma/fma40924	0.99099952
http://snomed.info/id/762864001	http://purl.org/sig/ont/fma/fma40934	0.99034697
http://snomed.info/id/762865000	http://purl.org/sig/ont/fma/fma40933	0.99048114
http://snomed.info/id/762866004	http://purl.org/sig/ont/fma/fma40410	0.98950696
http://snomed.info/id/762867008	http://purl.org/sig/ont/fma/fma40409	0.98907083
http://snomed.info/id/762868003	http://purl.org/sig/ont/fma/fma40402	0.98934543
http://snomed.info/id/762869006	http://purl.org/sig/ont/fma/fma40401	0.98914021
http://snomed.info/id/762870007	http://purl.org/sig/ont/fma/fma71899	0.90886354
http://snomed.info/id/762871006	http://purl.org/sig/ont/fma/fma71898	0.92528456
http://snomed.info/id/762872004	http://purl.org/sig/ont/fma/fma37066	1.0
http://snomed.info/id/762873009	http://purl.org/sig/ont/fma/fma37065	1.0
http://snomed.info/id/762874003	http://purl.org/sig/ont/fma/fma65326	0.91672903
http://snomed.info/id/762875002	http://purl.org/sig/ont/fma/fma65325	0.91149598
http://snomed.info/id/762876001	http://purl.org/sig/ont/fma/fma50880	1.0
http://snomed.info/id/762877005	http://purl.org/sig/ont/fma/fma50879	1.0
http://snomed.info/id/762880006	http://purl.org/sig/ont/fma/fma53409	1.0
http://snomed.info/id/762881005	http://purl.org/sig/ont/fma/fma53402	1.0
http://snomed.info/id/762886000	http://purl.org/sig/ont/fma/fma45451	1.0
http://snomed.info/id/762887009	http://purl.org/sig/ont/fma/fma45450	1.0
http://snomed.info/id/76290003	http://purl.org/sig/ont/fma/fma16658	1.0
http://snomed.info/id/763157008	http://purl.org/sig/ont/fma/fma18485	0.90791804
http://snomed.info/id/76328004	http://purl.org/sig/ont/fma/fma14319	0.94179839
http://snomed.info/id/76342007	http://purl.org/sig/ont/fma/fma78582	0.9847973
http://snomed.info/id/763434006	http://purl.org/sig/ont/fma/fma297724	0.9390555
http://snomed.info/id/763435007	http://purl.org/sig/ont/fma/fma297722	0.95696193
http://snomed.info/id/763436008	http://purl.org/sig/ont/fma/fma13382	1.0
http://snomed.info/id/763437004	http://purl.org/sig/ont/fma/fma13381	1.0
http://snomed.info/id/763438009	http://purl.org/sig/ont/fma/fma13384	1.0
http://snomed.info/id/763439001	http://purl.org/sig/ont/fma/fma13383	1.0
http://snomed.info/id/763525004	http://purl.org/sig/ont/fma/fma21388	1.0
http://snomed.info/id/763526003	http://purl.org/sig/ont/fma/fma21387	1.0
http://snomed.info/id/76361006	http://purl.org/sig/ont/fma/fma18855	1.0
http://snomed.info/id/76367005	http://purl.org/sig/ont/fma/fma62211	1.0
http://snomed.info/id/763788002	http://purl.org/sig/ont/fma/fma56766	1.0
http://snomed.info/id/763789005	http://purl.org/sig/ont/fma/fma56764	1.0
http://snomed.info/id/763800001	http://purl.org/sig/ont/fma/fma56664	1.0
http://snomed.info/id/763801002	http://purl.org/sig/ont/fma/fma56663	1.0
http://snomed.info/id/763816004	http://purl.org/sig/ont/fma/fma52738	1.0
http://snomed.info/id/763817008	http://purl.org/sig/ont/fma/fma52739	1.0
http://snomed.info/id/763849008	http://purl.org/sig/ont/fma/fma50891	1.0
http://snomed.info/id/763850008	http://purl.org/sig/ont/fma/fma50890	1.0
http://snomed.info/id/763871003	http://purl.org/sig/ont/fma/fma52874	0.93358773
http://snomed.info/id/763872005	http://purl.org/sig/ont/fma/fma52873	0.93205702
http://snomed.info/id/763873000	http://purl.org/sig/ont/fma/fma44602	0.90488172
http://snomed.info/id/763874006	http://purl.org/sig/ont/fma/fma44601	0.91015154
http://snomed.info/id/76394009	http://purl.org/sig/ont/fma/fma16127	1.0
http://snomed.info/id/764112006	http://purl.org/sig/ont/fma/fma57052	0.98092401
http://snomed.info/id/764113001	http://purl.org/sig/ont/fma/fma57051	0.97541118
http://snomed.info/id/764114007	http://purl.org/sig/ont/fma/fma70250	0.94744223
http://snomed.info/id/764115008	http://purl.org/sig/ont/fma/fma70249	0.94521844
http://snomed.info/id/764118005	http://purl.org/sig/ont/fma/fma18888	0.97047526
http://snomed.info/id/764119002	http://purl.org/sig/ont/fma/fma18887	0.96891212
http://snomed.info/id/764155005	http://purl.org/sig/ont/fma/fma15090	1.0
http://snomed.info/id/764156006	http://purl.org/sig/ont/fma/fma66280	1.0
http://snomed.info/id/764158007	http://purl.org/sig/ont/fma/fma66279	1.0
http://snomed.info/id/76424003	http://purl.org/sig/ont/fma/fma55637	1.0
http://snomed.info/id/764262009	http://purl.org/sig/ont/fma/fma50819	0.95503902
http://snomed.info/id/764263004	http://purl.org/sig/ont/fma/fma50818	0.9597429
http://snomed.info/id/76429008	http://purl.org/sig/ont/fma/fma44210	0.94875598
http://snomed.info/id/764405005	http://purl.org/sig/ont/fma/fma25567	0.93238252
http://snomed.info/id/764406006	http://purl.org/sig/ont/fma/fma25568	0.94015723
http://snomed.info/id/764465008	http://purl.org/sig/ont/fma/fma232793	0.90406251
http://snomed.info/id/764467000	http://purl.org/sig/ont/fma/fma297986	0.90876949
http://snomed.info/id/764468005	http://purl.org/sig/ont/fma/fma297984	0.92169809
http://snomed.info/id/764473004	http://purl.org/sig/ont/fma/fma300200	0.96466172
http://snomed.info/id/764474005	http://purl.org/sig/ont/fma/fma300198	0.96901911
http://snomed.info/id/764488009	http://purl.org/sig/ont/fma/fma23379	1.0
http://snomed.info/id/764489001	http://purl.org/sig/ont/fma/fma23378	1.0
http://snomed.info/id/764490005	http://purl.org/sig/ont/fma/fma23358	1.0
http://snomed.info/id/764491009	http://purl.org/sig/ont/fma/fma23357	1.0
http://snomed.info/id/764492002	http://purl.org/sig/ont/fma/fma33270	1.0
http://snomed.info/id/764493007	http://purl.org/sig/ont/fma/fma33269	1.0
http://snomed.info/id/764494001	http://purl.org/sig/ont/fma/fma23361	1.0
http://snomed.info/id/764495000	http://purl.org/sig/ont/fma/fma23360	1.0
http://snomed.info/id/764497008	http://purl.org/sig/ont/fma/fma225525	0.92841214
http://snomed.info/id/764505007	http://purl.org/sig/ont/fma/fma39781	1.0
http://snomed.info/id/764506008	http://purl.org/sig/ont/fma/fma39782	1.0
http://snomed.info/id/764508009	http://purl.org/sig/ont/fma/fma26042	0.90074551
http://snomed.info/id/764511005	http://purl.org/sig/ont/fma/fma318035	0.90656263
http://snomed.info/id/764514002	http://purl.org/sig/ont/fma/fma42885	0.90890384
http://snomed.info/id/764515001	http://purl.org/sig/ont/fma/fma42886	0.91359746
http://snomed.info/id/764532002	http://purl.org/sig/ont/fma/fma312029	0.91199249
http://snomed.info/id/764533007	http://purl.org/sig/ont/fma/fma312027	0.91975003
http://snomed.info/id/764536004	http://purl.org/sig/ont/fma/fma37067	0.92694211
http://snomed.info/id/764537008	http://purl.org/sig/ont/fma/fma37068	0.91705292
http://snomed.info/id/764540008	http://purl.org/sig/ont/fma/fma50212	0.92128408
http://snomed.info/id/76454008	http://purl.org/sig/ont/fma/fma72642	1.0
http://snomed.info/id/764541007	http://purl.org/sig/ont/fma/fma50213	0.90462601
http://snomed.info/id/764543005	http://purl.org/sig/ont/fma/fma225860	0.92672026
http://snomed.info/id/764544004	http://purl.org/sig/ont/fma/fma225858	0.94738209
http://snomed.info/id/764547006	http://purl.org/sig/ont/fma/fma55016	1.0
http://snomed.info/id/764548001	http://purl.org/sig/ont/fma/fma55015	1.0
http://snomed.info/id/76455009	http://purl.org/sig/ont/fma/fma322825	0.98996156
http://snomed.info/id/764554000	http://purl.org/sig/ont/fma/fma51612	0.92228675
http://snomed.info/id/764555004	http://purl.org/sig/ont/fma/fma51611	0.93446314
http://snomed.info/id/764556003	http://purl.org/sig/ont/fma/fma24524	0.96691859
http://snomed.info/id/764557007	http://purl.org/sig/ont/fma/fma24523	0.96901447
http://snomed.info/id/764558002	http://purl.org/sig/ont/fma/fma35447	1.0
http://snomed.info/id/764559005	http://purl.org/sig/ont/fma/fma35446	1.0
http://snomed.info/id/764560000	http://purl.org/sig/ont/fma/fma23106	0.94913208
http://snomed.info/id/764561001	http://purl.org/sig/ont/fma/fma23105	0.95508301
http://snomed.info/id/764570003	http://purl.org/sig/ont/fma/fma51542	0.91635573
http://snomed.info/id/764582007	http://purl.org/sig/ont/fma/fma34082	1.0
http://snomed.info/id/764583002	http://purl.org/sig/ont/fma/fma34081	1.0
http://snomed.info/id/764586005	http://purl.org/sig/ont/fma/fma42432	1.0
http://snomed.info/id/764587001	http://purl.org/sig/ont/fma/fma42431	1.0
http://snomed.info/id/764588006	http://purl.org/sig/ont/fma/fma39091	0.92729867
http://snomed.info/id/764589003	http://purl.org/sig/ont/fma/fma39090	0.94580513
http://snomed.info/id/764590007	http://purl.org/sig/ont/fma/fma79186	0.91893482
http://snomed.info/id/76459003	http://purl.org/sig/ont/fma/fma322713	0.95882738
http://snomed.info/id/764591006	http://purl.org/sig/ont/fma/fma79184	0.93252271
http://snomed.info/id/764593009	http://purl.org/sig/ont/fma/fma48280	0.90004402
http://snomed.info/id/764597005	http://purl.org/sig/ont/fma/fma45098	1.0
http://snomed.info/id/764598000	http://purl.org/sig/ont/fma/fma45097	1.0
http://snomed.info/id/764602003	http://purl.org/sig/ont/fma/fma33939	1.0
http://snomed.info/id/764603008	http://purl.org/sig/ont/fma/fma33938	1.0
http://snomed.info/id/764609007	http://purl.org/sig/ont/fma/fma303738	0.94445783
http://snomed.info/id/764610002	http://purl.org/sig/ont/fma/fma303740	0.94644815
http://snomed.info/id/764631004	http://purl.org/sig/ont/fma/fma51543	0.91904855
http://snomed.info/id/764651000	http://purl.org/sig/ont/fma/fma23379	0.92343837
http://snomed.info/id/764652007	http://purl.org/sig/ont/fma/fma23445	0.91141784
http://snomed.info/id/764654008	http://purl.org/sig/ont/fma/fma50209	0.92109579
http://snomed.info/id/764656005	http://purl.org/sig/ont/fma/fma40735	0.90504575
http://snomed.info/id/764658006	http://purl.org/sig/ont/fma/fma61738	0.92520148
http://snomed.info/id/764659003	http://purl.org/sig/ont/fma/fma43082	0.92786187
http://snomed.info/id/764661007	http://purl.org/sig/ont/fma/fma61726	0.93297178
http://snomed.info/id/764662000	http://purl.org/sig/ont/fma/fma61725	0.93177611
http://snomed.info/id/764668001	http://purl.org/sig/ont/fma/fma16502	1.0
http://snomed.info/id/764699000	http://purl.org/sig/ont/fma/fma49051	1.0
http://snomed.info/id/764700004	http://purl.org/sig/ont/fma/fma49050	1.0
http://snomed.info/id/764702007	http://purl.org/sig/ont/fma/fma61711	0.95897406
http://snomed.info/id/764706005	http://purl.org/sig/ont/fma/fma61710	0.95824701
http://snomed.info/id/764707001	http://purl.org/sig/ont/fma/fma300371	0.9646942
http://snomed.info/id/764708006	http://purl.org/sig/ont/fma/fma300369	0.97131836
http://snomed.info/id/764715003	http://purl.org/sig/ont/fma/fma44048	0.98640937
http://snomed.info/id/764716002	http://purl.org/sig/ont/fma/fma44047	0.98200226
http://snomed.info/id/764719009	http://purl.org/sig/ont/fma/fma44619	0.95005548
http://snomed.info/id/764720003	http://purl.org/sig/ont/fma/fma44612	0.95787162
http://snomed.info/id/764721004	http://purl.org/sig/ont/fma/fma55014	1.0
http://snomed.info/id/764722006	http://purl.org/sig/ont/fma/fma55013	1.0
http://snomed.info/id/76473007	http://purl.org/sig/ont/fma/fma61020	0.9417668
http://snomed.info/id/764740005	http://purl.org/sig/ont/fma/fma32795	1.0
http://snomed.info/id/764741009	http://purl.org/sig/ont/fma/fma32795	0.95912415
http://snomed.info/id/764742002	http://purl.org/sig/ont/fma/fma32797	1.0
http://snomed.info/id/764743007	http://purl.org/sig/ont/fma/fma32796	1.0
http://snomed.info/id/764744001	http://purl.org/sig/ont/fma/fma32800	1.0
http://snomed.info/id/764745000	http://purl.org/sig/ont/fma/fma32799	1.0
http://snomed.info/id/764746004	http://purl.org/sig/ont/fma/fma67094	0.93957108
http://snomed.info/id/764747008	http://purl.org/sig/ont/fma/fma67092	0.93831688
http://snomed.info/id/764748003	http://purl.org/sig/ont/fma/fma24526	0.96628058
http://snomed.info/id/764749006	http://purl.org/sig/ont/fma/fma24525	0.9658007
http://snomed.info/id/764750006	http://purl.org/sig/ont/fma/fma23444	0.90850931
http://snomed.info/id/764751005	http://purl.org/sig/ont/fma/fma23443	0.91029471
http://snomed.info/id/764752003	http://purl.org/sig/ont/fma/fma24522	0.96870738
http://snomed.info/id/764753008	http://purl.org/sig/ont/fma/fma24521	0.97009343
http://snomed.info/id/764764006	http://purl.org/sig/ont/fma/fma50897	1.0
http://snomed.info/id/764765007	http://purl.org/sig/ont/fma/fma50899	1.0
http://snomed.info/id/764767004	http://purl.org/sig/ont/fma/fma16501	1.0
http://snomed.info/id/764781002	http://purl.org/sig/ont/fma/fma44586	1.0
http://snomed.info/id/764782009	http://purl.org/sig/ont/fma/fma44585	1.0
http://snomed.info/id/764800009	http://purl.org/sig/ont/fma/fma60368	1.0
http://snomed.info/id/764801008	http://purl.org/sig/ont/fma/fma60367	1.0
http://snomed.info/id/764813003	http://purl.org/sig/ont/fma/fma34359	1.0
http://snomed.info/id/764814009	http://purl.org/sig/ont/fma/fma34358	1.0
http://snomed.info/id/764835006	http://purl.org/sig/ont/fma/fma13409	1.0
http://snomed.info/id/764836007	http://purl.org/sig/ont/fma/fma13408	1.0
http://snomed.info/id/764848005	http://purl.org/sig/ont/fma/fma42167	0.90002304
http://snomed.info/id/764866000	http://purl.org/sig/ont/fma/fma43562	0.93640476
http://snomed.info/id/764867009	http://purl.org/sig/ont/fma/fma43561	0.9315964
http://snomed.info/id/764986000	http://purl.org/sig/ont/fma/fma49819	1.0
http://snomed.info/id/764987009	http://purl.org/sig/ont/fma/fma49818	1.0
http://snomed.info/id/765044004	http://purl.org/sig/ont/fma/fma69489	0.91690421
http://snomed.info/id/765050009	http://purl.org/sig/ont/fma/fma55627	1.0
http://snomed.info/id/76505004	http://purl.org/sig/ont/fma/fma24938	1.0
http://snomed.info/id/76519004	http://purl.org/sig/ont/fma/fma14943	1.0
http://snomed.info/id/7652006	http://purl.org/sig/ont/fma/fma77302	0.90657234
http://snomed.info/id/76552005	http://purl.org/sig/ont/fma/fma34830	0.95416075
http://snomed.info/id/7657000	http://purl.org/sig/ont/fma/fma70248	1.0
http://snomed.info/id/7658005	http://purl.org/sig/ont/fma/fma37761	0.99081087
http://snomed.info/id/76582004	http://purl.org/sig/ont/fma/fma15972	1.0
http://snomed.info/id/76614000	http://purl.org/sig/ont/fma/fma24929	0.95125407
http://snomed.info/id/76659008	http://purl.org/sig/ont/fma/fma16623	1.0
http://snomed.info/id/76662006	http://purl.org/sig/ont/fma/fma54444	1.0
http://snomed.info/id/76667000	http://purl.org/sig/ont/fma/fma46280	0.98794752
http://snomed.info/id/76704003	http://purl.org/sig/ont/fma/fma44301	1.0
http://snomed.info/id/76707005	http://purl.org/sig/ont/fma/fma38113	0.92875731
http://snomed.info/id/76709008	http://purl.org/sig/ont/fma/fma73140	0.91122758
http://snomed.info/id/76710003	http://purl.org/sig/ont/fma/fma58683	1.0
http://snomed.info/id/767173003	http://purl.org/sig/ont/fma/fma21189	1.0
http://snomed.info/id/767174009	http://purl.org/sig/ont/fma/fma21188	1.0
http://snomed.info/id/76720008	http://purl.org/sig/ont/fma/fma18634	1.0
http://snomed.info/id/76723005	http://purl.org/sig/ont/fma/fma269225	0.97722906
http://snomed.info/id/76726002	http://purl.org/sig/ont/fma/fma17523	1.0
http://snomed.info/id/767352006	http://purl.org/sig/ont/fma/fma14615	1.0
http://snomed.info/id/767353001	http://purl.org/sig/ont/fma/fma14619	1.0
http://snomed.info/id/767367005	http://purl.org/sig/ont/fma/fma30639	0.93064862
http://snomed.info/id/76738006	http://purl.org/sig/ont/fma/fma323229	1.0
http://snomed.info/id/76745006	http://purl.org/sig/ont/fma/fma322782	0.97407466
http://snomed.info/id/76747003	http://purl.org/sig/ont/fma/fma62020	1.0
http://snomed.info/id/767495006	http://purl.org/sig/ont/fma/fma75770	0.98408657
http://snomed.info/id/767496007	http://purl.org/sig/ont/fma/fma75770	0.95100796
http://snomed.info/id/76752008	http://purl.org/sig/ont/fma/fma9601	1.0
http://snomed.info/id/76758007	http://purl.org/sig/ont/fma/fma44590	1.0
http://snomed.info/id/76760009	http://purl.org/sig/ont/fma/fma7505	1.0
http://snomed.info/id/767661004	http://purl.org/sig/ont/fma/fma59105	0.90182316
http://snomed.info/id/767662006	http://purl.org/sig/ont/fma/fma59106	0.92297947
http://snomed.info/id/76837008	http://purl.org/sig/ont/fma/fma59907	1.0
http://snomed.info/id/76838003	http://purl.org/sig/ont/fma/fma14192	1.0
http://snomed.info/id/76845003	http://purl.org/sig/ont/fma/fma14830	1.0
http://snomed.info/id/76853006	http://purl.org/sig/ont/fma/fma24994	1.0
http://snomed.info/id/76878005	http://purl.org/sig/ont/fma/fma277652	1.0
http://snomed.info/id/769060005	http://purl.org/sig/ont/fma/fma44876	1.0
http://snomed.info/id/769111002	http://purl.org/sig/ont/fma/fma55225	1.0
http://snomed.info/id/769149003	http://purl.org/sig/ont/fma/fma14784	1.0
http://snomed.info/id/769150003	http://purl.org/sig/ont/fma/fma14782	1.0
http://snomed.info/id/769151004	http://purl.org/sig/ont/fma/fma14784	0.94347245
http://snomed.info/id/769152006	http://purl.org/sig/ont/fma/fma14782	0.93193048
http://snomed.info/id/76919008	http://purl.org/sig/ont/fma/fma14498	1.0
http://snomed.info/id/76928009	http://purl.org/sig/ont/fma/fma55638	1.0
http://snomed.info/id/7697002	http://purl.org/sig/ont/fma/fma323295	0.97889096
http://snomed.info/id/76986006	http://purl.org/sig/ont/fma/fma32628	1.0
http://snomed.info/id/76989004	http://purl.org/sig/ont/fma/fma74058	1.0
http://snomed.info/id/77011004	http://purl.org/sig/ont/fma/fma58734	1.0
http://snomed.info/id/77049000	http://purl.org/sig/ont/fma/fma19641	1.0
http://snomed.info/id/77052008	http://purl.org/sig/ont/fma/fma42825	1.0
http://snomed.info/id/770586003	http://purl.org/sig/ont/fma/fma63973	0.91317064
http://snomed.info/id/770587007	http://purl.org/sig/ont/fma/fma63972	0.90674287
http://snomed.info/id/770597003	http://purl.org/sig/ont/fma/fma51985	0.90394413
http://snomed.info/id/770598008	http://purl.org/sig/ont/fma/fma51986	0.91340166
http://snomed.info/id/770763008	http://purl.org/sig/ont/fma/fma223311	0.90515566
http://snomed.info/id/770764002	http://purl.org/sig/ont/fma/fma223312	0.91144383
http://snomed.info/id/770769007	http://purl.org/sig/ont/fma/fma58974	1.0
http://snomed.info/id/770770008	http://purl.org/sig/ont/fma/fma58975	1.0
http://snomed.info/id/770805009	http://purl.org/sig/ont/fma/fma60529	0.93456668
http://snomed.info/id/770806005	http://purl.org/sig/ont/fma/fma60533	0.91372585
http://snomed.info/id/770809003	http://purl.org/sig/ont/fma/fma60348	0.93747222
http://snomed.info/id/770810008	http://purl.org/sig/ont/fma/fma60354	0.94346631
http://snomed.info/id/770812000	http://purl.org/sig/ont/fma/fma60123	0.91946441
http://snomed.info/id/770813005	http://purl.org/sig/ont/fma/fma264802	0.96001184
http://snomed.info/id/770814004	http://purl.org/sig/ont/fma/fma264803	0.96184289
http://snomed.info/id/770815003	http://purl.org/sig/ont/fma/fma60355	0.94662762
http://snomed.info/id/770816002	http://purl.org/sig/ont/fma/fma60356	0.95032614
http://snomed.info/id/770817006	http://purl.org/sig/ont/fma/fma60357	0.95153022
http://snomed.info/id/770818001	http://purl.org/sig/ont/fma/fma60358	0.93512392
http://snomed.info/id/770819009	http://purl.org/sig/ont/fma/fma60402	0.92705184
http://snomed.info/id/77082002	http://purl.org/sig/ont/fma/fma18713	1.0
http://snomed.info/id/770821004	http://purl.org/sig/ont/fma/fma60613	0.93462288
http://snomed.info/id/770823001	http://purl.org/sig/ont/fma/fma60611	0.93334103
http://snomed.info/id/770825008	http://purl.org/sig/ont/fma/fma60612	0.94196612
http://snomed.info/id/770828005	http://purl.org/sig/ont/fma/fma77856	1.0
http://snomed.info/id/770831006	http://purl.org/sig/ont/fma/fma54329	1.0
http://snomed.info/id/770832004	http://purl.org/sig/ont/fma/fma54332	1.0
http://snomed.info/id/770833009	http://purl.org/sig/ont/fma/fma54335	1.0
http://snomed.info/id/770834003	http://purl.org/sig/ont/fma/fma54338	1.0
http://snomed.info/id/770835002	http://purl.org/sig/ont/fma/fma54341	1.0
http://snomed.info/id/770836001	http://purl.org/sig/ont/fma/fma54328	1.0
http://snomed.info/id/770841009	http://purl.org/sig/ont/fma/fma60334	1.0
http://snomed.info/id/770842002	http://purl.org/sig/ont/fma/fma60333	1.0
http://snomed.info/id/770843007	http://purl.org/sig/ont/fma/fma54347	1.0
http://snomed.info/id/770844001	http://purl.org/sig/ont/fma/fma54350	1.0
http://snomed.info/id/770845000	http://purl.org/sig/ont/fma/fma54353	1.0
http://snomed.info/id/770850006	http://purl.org/sig/ont/fma/fma60520	0.92638892
http://snomed.info/id/770852003	http://purl.org/sig/ont/fma/fma60519	0.93171763
http://snomed.info/id/770855001	http://purl.org/sig/ont/fma/fma60403	0.94121808
http://snomed.info/id/770856000	http://purl.org/sig/ont/fma/fma60403	0.95532864
http://snomed.info/id/770857009	http://purl.org/sig/ont/fma/fma60809	0.92449635
http://snomed.info/id/770858004	http://purl.org/sig/ont/fma/fma60406	0.93378586
http://snomed.info/id/770859007	http://purl.org/sig/ont/fma/fma60404	0.93677992
http://snomed.info/id/770860002	http://purl.org/sig/ont/fma/fma60404	0.94718164
http://snomed.info/id/770861003	http://purl.org/sig/ont/fma/fma60405	0.94199276
http://snomed.info/id/770862005	http://purl.org/sig/ont/fma/fma60405	0.9549861
http://snomed.info/id/770863000	http://purl.org/sig/ont/fma/fma60402	0.94213563
http://snomed.info/id/770866008	http://purl.org/sig/ont/fma/fma77856	0.93576056
http://snomed.info/id/770868009	http://purl.org/sig/ont/fma/fma60568	0.94664437
http://snomed.info/id/770870000	http://purl.org/sig/ont/fma/fma60566	0.93820322
http://snomed.info/id/770872008	http://purl.org/sig/ont/fma/fma60567	0.9432267
http://snomed.info/id/770878007	http://purl.org/sig/ont/fma/fma58236	0.91138887
http://snomed.info/id/770880001	http://purl.org/sig/ont/fma/fma58237	0.90320468
http://snomed.info/id/77088003	http://purl.org/sig/ont/fma/fma42551	0.94561952
http://snomed.info/id/770882009	http://purl.org/sig/ont/fma/fma60330	1.0
http://snomed.info/id/770883004	http://purl.org/sig/ont/fma/fma60329	1.0
http://snomed.info/id/770884005	http://purl.org/sig/ont/fma/fma60332	1.0
http://snomed.info/id/770885006	http://purl.org/sig/ont/fma/fma60331	1.0
http://snomed.info/id/770910009	http://purl.org/sig/ont/fma/fma67473	1.0
http://snomed.info/id/770911008	http://purl.org/sig/ont/fma/fma67473	0.9133445
http://snomed.info/id/771087006	http://purl.org/sig/ont/fma/fma6220	1.0
http://snomed.info/id/771088001	http://purl.org/sig/ont/fma/fma6219	1.0
http://snomed.info/id/771089009	http://purl.org/sig/ont/fma/fma50882	1.0
http://snomed.info/id/771090000	http://purl.org/sig/ont/fma/fma50881	1.0
http://snomed.info/id/771095005	http://purl.org/sig/ont/fma/fma42376	0.96724921
http://snomed.info/id/771096006	http://purl.org/sig/ont/fma/fma42375	0.96801728
http://snomed.info/id/771097002	http://purl.org/sig/ont/fma/fma60514	0.9166581
http://snomed.info/id/771098007	http://purl.org/sig/ont/fma/fma60513	0.9169991
http://snomed.info/id/771099004	http://purl.org/sig/ont/fma/fma38282	0.9556548
http://snomed.info/id/771100007	http://purl.org/sig/ont/fma/fma38281	0.95468754
http://snomed.info/id/771101006	http://purl.org/sig/ont/fma/fma34832	0.96330094
http://snomed.info/id/771102004	http://purl.org/sig/ont/fma/fma34831	0.96257979
http://snomed.info/id/771152008	http://purl.org/sig/ont/fma/fma59368	1.0
http://snomed.info/id/771153003	http://purl.org/sig/ont/fma/fma59369	1.0
http://snomed.info/id/771157002	http://purl.org/sig/ont/fma/fma58364	0.9124459
http://snomed.info/id/771194006	http://purl.org/sig/ont/fma/fma4762	1.0
http://snomed.info/id/771195007	http://purl.org/sig/ont/fma/fma4754	1.0
http://snomed.info/id/771196008	http://purl.org/sig/ont/fma/fma50903	1.0
http://snomed.info/id/771197004	http://purl.org/sig/ont/fma/fma50901	1.0
http://snomed.info/id/771198009	http://purl.org/sig/ont/fma/fma78024	0.96262026
http://snomed.info/id/771199001	http://purl.org/sig/ont/fma/fma22939	0.94355345
http://snomed.info/id/771202006	http://purl.org/sig/ont/fma/fma4761	1.0
http://snomed.info/id/771203001	http://purl.org/sig/ont/fma/fma4751	1.0
http://snomed.info/id/771204007	http://purl.org/sig/ont/fma/fma50887	1.0
http://snomed.info/id/771205008	http://purl.org/sig/ont/fma/fma50886	1.0
http://snomed.info/id/771248002	http://purl.org/sig/ont/fma/fma38701	1.0
http://snomed.info/id/771249005	http://purl.org/sig/ont/fma/fma38702	1.0
http://snomed.info/id/771251009	http://purl.org/sig/ont/fma/fma50397	0.91112846
http://snomed.info/id/771255000	http://purl.org/sig/ont/fma/fma58271	0.97437853
http://snomed.info/id/771256004	http://purl.org/sig/ont/fma/fma58272	0.97122341
http://snomed.info/id/771320000	http://purl.org/sig/ont/fma/fma37672	1.0
http://snomed.info/id/771321001	http://purl.org/sig/ont/fma/fma37671	1.0
http://snomed.info/id/771326006	http://purl.org/sig/ont/fma/fma45451	0.96061599
http://snomed.info/id/771327002	http://purl.org/sig/ont/fma/fma45450	0.93943965
http://snomed.info/id/77133004	http://purl.org/sig/ont/fma/fma73139	0.90999144
http://snomed.info/id/77134005	http://purl.org/sig/ont/fma/fma49631	1.0
http://snomed.info/id/77141004	http://purl.org/sig/ont/fma/fma52766	1.0
http://snomed.info/id/77142006	http://purl.org/sig/ont/fma/fma45643	1.0
http://snomed.info/id/771481003	http://purl.org/sig/ont/fma/fma59367	0.97601044
http://snomed.info/id/771482005	http://purl.org/sig/ont/fma/fma59366	0.98016649
http://snomed.info/id/771527003	http://purl.org/sig/ont/fma/fma66760	1.0
http://snomed.info/id/77155007	http://purl.org/sig/ont/fma/fma58881	1.0
http://snomed.info/id/77156008	http://purl.org/sig/ont/fma/fma44284	1.0
http://snomed.info/id/77172000	http://purl.org/sig/ont/fma/fma46816	1.0
http://snomed.info/id/772048009	http://purl.org/sig/ont/fma/fma45357	0.92413741
http://snomed.info/id/772049001	http://purl.org/sig/ont/fma/fma45358	0.9294194
http://snomed.info/id/77205005	http://purl.org/sig/ont/fma/fma58762	0.94288951
http://snomed.info/id/772115006	http://purl.org/sig/ont/fma/fma61261	0.90261048
http://snomed.info/id/772175004	http://purl.org/sig/ont/fma/fma61014	0.98499972
http://snomed.info/id/772176003	http://purl.org/sig/ont/fma/fma61015	0.97997433
http://snomed.info/id/772179005	http://purl.org/sig/ont/fma/fma320382	0.96888655
http://snomed.info/id/772180008	http://purl.org/sig/ont/fma/fma320384	0.96850461
http://snomed.info/id/772183005	http://purl.org/sig/ont/fma/fma60991	0.92368054
http://snomed.info/id/772190000	http://purl.org/sig/ont/fma/fma61257	0.92474961
http://snomed.info/id/772192008	http://purl.org/sig/ont/fma/fma61256	0.91893488
http://snomed.info/id/77220004	http://purl.org/sig/ont/fma/fma322836	0.97954142
http://snomed.info/id/772215000	http://purl.org/sig/ont/fma/fma50073	0.92547005
http://snomed.info/id/772216004	http://purl.org/sig/ont/fma/fma50074	0.93759328
http://snomed.info/id/772219006	http://purl.org/sig/ont/fma/fma79633	0.92417103
http://snomed.info/id/77232000	http://purl.org/sig/ont/fma/fma256486	0.94172132
http://snomed.info/id/77268005	http://purl.org/sig/ont/fma/fma16197	1.0
http://snomed.info/id/77273004	http://purl.org/sig/ont/fma/fma9873	0.96075076
http://snomed.info/id/77276007	http://purl.org/sig/ont/fma/fma18835	1.0
http://snomed.info/id/773107004	http://purl.org/sig/ont/fma/fma50311	0.97006494
http://snomed.info/id/773259003	http://purl.org/sig/ont/fma/fma58077	0.98519224
http://snomed.info/id/773260008	http://purl.org/sig/ont/fma/fma58079	0.98627055
http://snomed.info/id/77335001	http://purl.org/sig/ont/fma/fma65075	1.0
http://snomed.info/id/77354001	http://purl.org/sig/ont/fma/fma42806	1.0
http://snomed.info/id/773559004	http://purl.org/sig/ont/fma/fma42559	0.921785
http://snomed.info/id/773560009	http://purl.org/sig/ont/fma/fma42560	0.90456569
http://snomed.info/id/7736000	http://purl.org/sig/ont/fma/fma50657	1.0
http://snomed.info/id/773709006	http://purl.org/sig/ont/fma/fma42387	1.0
http://snomed.info/id/773710001	http://purl.org/sig/ont/fma/fma42386	1.0
http://snomed.info/id/773720006	http://purl.org/sig/ont/fma/fma83321	0.97536498
http://snomed.info/id/773721005	http://purl.org/sig/ont/fma/fma24511	0.97519457
http://snomed.info/id/773777007	http://purl.org/sig/ont/fma/fma48145	0.94149798
http://snomed.info/id/773802008	http://purl.org/sig/ont/fma/fma227476	0.91036236
http://snomed.info/id/773803003	http://purl.org/sig/ont/fma/fma227474	0.91393143
http://snomed.info/id/773805005	http://purl.org/sig/ont/fma/fma227482	0.90337574
http://snomed.info/id/773806006	http://purl.org/sig/ont/fma/fma227472	0.91147518
http://snomed.info/id/773807002	http://purl.org/sig/ont/fma/fma227470	0.92535681
http://snomed.info/id/773809004	http://purl.org/sig/ont/fma/fma24513	0.97790498
http://snomed.info/id/773810009	http://purl.org/sig/ont/fma/fma24515	0.97996551
http://snomed.info/id/773811008	http://purl.org/sig/ont/fma/fma83325	0.97602624
http://snomed.info/id/773840006	http://purl.org/sig/ont/fma/fma46520	0.94489789
http://snomed.info/id/77384009	http://purl.org/sig/ont/fma/fma61132	1.0
http://snomed.info/id/773841005	http://purl.org/sig/ont/fma/fma46519	0.95596552
http://snomed.info/id/773842003	http://purl.org/sig/ont/fma/fma46530	0.9637242
http://snomed.info/id/773843008	http://purl.org/sig/ont/fma/fma16593	0.97373074
http://snomed.info/id/773848004	http://purl.org/sig/ont/fma/fma48146	0.93232691
http://snomed.info/id/773930009	http://purl.org/sig/ont/fma/fma53122	0.98122054
http://snomed.info/id/773931008	http://purl.org/sig/ont/fma/fma53121	0.98183632
http://snomed.info/id/773932001	http://purl.org/sig/ont/fma/fma57618	0.9163878
http://snomed.info/id/773933006	http://purl.org/sig/ont/fma/fma264914	0.91200405
http://snomed.info/id/773936003	http://purl.org/sig/ont/fma/fma53649	0.96692902
http://snomed.info/id/773937007	http://purl.org/sig/ont/fma/fma57770	0.95247018
http://snomed.info/id/773966005	http://purl.org/sig/ont/fma/fma55012	1.0
http://snomed.info/id/773967001	http://purl.org/sig/ont/fma/fma55011	1.0
http://snomed.info/id/773970002	http://purl.org/sig/ont/fma/fma22341	1.0
http://snomed.info/id/773971003	http://purl.org/sig/ont/fma/fma22340	1.0
http://snomed.info/id/773972005	http://purl.org/sig/ont/fma/fma300371	0.96631926
http://snomed.info/id/773973000	http://purl.org/sig/ont/fma/fma300369	0.97574109
http://snomed.info/id/774019004	http://purl.org/sig/ont/fma/fma60522	0.92697638
http://snomed.info/id/774020005	http://purl.org/sig/ont/fma/fma60521	0.93030083
http://snomed.info/id/774029006	http://purl.org/sig/ont/fma/fma51616	0.91435015
http://snomed.info/id/774030001	http://purl.org/sig/ont/fma/fma51615	0.92395884
http://snomed.info/id/774057004	http://purl.org/sig/ont/fma/fma60624	0.92619097
http://snomed.info/id/774058009	http://purl.org/sig/ont/fma/fma60623	0.93585175
http://snomed.info/id/774101005	http://purl.org/sig/ont/fma/fma37791	1.0
http://snomed.info/id/774103008	http://purl.org/sig/ont/fma/fma37792	1.0
http://snomed.info/id/774110002	http://purl.org/sig/ont/fma/fma80472	1.0
http://snomed.info/id/774111003	http://purl.org/sig/ont/fma/fma80471	1.0
http://snomed.info/id/774113000	http://purl.org/sig/ont/fma/fma50221	0.92092538
http://snomed.info/id/774117004	http://purl.org/sig/ont/fma/fma225531	0.92953789
http://snomed.info/id/774118009	http://purl.org/sig/ont/fma/fma225529	0.95180905
http://snomed.info/id/774165003	http://purl.org/sig/ont/fma/fma23296	1.0
http://snomed.info/id/774166002	http://purl.org/sig/ont/fma/fma23295	1.0
http://snomed.info/id/77424005	http://purl.org/sig/ont/fma/fma23489	1.0
http://snomed.info/id/77428008	http://purl.org/sig/ont/fma/fma14766	1.0
http://snomed.info/id/77432002	http://purl.org/sig/ont/fma/fma40202	0.9680329
http://snomed.info/id/77435000	http://purl.org/sig/ont/fma/fma9992	1.0
http://snomed.info/id/77448001	http://purl.org/sig/ont/fma/fma68876	1.0
http://snomed.info/id/77452001	http://purl.org/sig/ont/fma/fma14539	1.0
http://snomed.info/id/77460000	http://purl.org/sig/ont/fma/fma10029	1.0
http://snomed.info/id/7748002	http://purl.org/sig/ont/fma/fma71012	1.0
http://snomed.info/id/77513005	http://purl.org/sig/ont/fma/fma5861	1.0
http://snomed.info/id/77554002	http://purl.org/sig/ont/fma/fma52761	1.0
http://snomed.info/id/7756004	http://purl.org/sig/ont/fma/fma9222	1.0
http://snomed.info/id/77578007	http://purl.org/sig/ont/fma/fma55109	1.0
http://snomed.info/id/7764005	http://purl.org/sig/ont/fma/fma322919	0.92730021
http://snomed.info/id/77656007	http://purl.org/sig/ont/fma/fma17723	0.92562175
http://snomed.info/id/77669006	http://purl.org/sig/ont/fma/fma52434	0.93226659
http://snomed.info/id/77684002	http://purl.org/sig/ont/fma/fma59496	1.0
http://snomed.info/id/77685001	http://purl.org/sig/ont/fma/fma63259	0.96282238
http://snomed.info/id/7769000	http://purl.org/sig/ont/fma/fma11343	1.0
http://snomed.info/id/77723003	http://purl.org/sig/ont/fma/fma322844	0.9942373
http://snomed.info/id/77751007	http://purl.org/sig/ont/fma/fma26010	1.0
http://snomed.info/id/77757006	http://purl.org/sig/ont/fma/fma19816	1.0
http://snomed.info/id/77763002	http://purl.org/sig/ont/fma/fma14942	1.0
http://snomed.info/id/77766005	http://purl.org/sig/ont/fma/fma72543	1.0
http://snomed.info/id/77778009	http://purl.org/sig/ont/fma/fma16626	1.0
http://snomed.info/id/77795001	http://purl.org/sig/ont/fma/fma60881	1.0
http://snomed.info/id/77801005	http://purl.org/sig/ont/fma/fma9236	1.0
http://snomed.info/id/778033007	http://purl.org/sig/ont/fma/fma52835	1.0
http://snomed.info/id/778034001	http://purl.org/sig/ont/fma/fma52834	1.0
http://snomed.info/id/778040008	http://purl.org/sig/ont/fma/fma270185	0.94061673
http://snomed.info/id/77804002	http://purl.org/sig/ont/fma/fma323342	0.91946399
http://snomed.info/id/778041007	http://purl.org/sig/ont/fma/fma270181	0.93718618
http://snomed.info/id/778056003	http://purl.org/sig/ont/fma/fma47202	1.0
http://snomed.info/id/778057007	http://purl.org/sig/ont/fma/fma47201	1.0
http://snomed.info/id/7783003	http://purl.org/sig/ont/fma/fma6284	0.90725929
http://snomed.info/id/77905000	http://purl.org/sig/ont/fma/fma14348	1.0
http://snomed.info/id/77908003	http://purl.org/sig/ont/fma/fma46588	1.0
http://snomed.info/id/77952006	http://purl.org/sig/ont/fma/fma58898	1.0
http://snomed.info/id/77953001	http://purl.org/sig/ont/fma/fma322783	0.96983528
http://snomed.info/id/77954007	http://purl.org/sig/ont/fma/fma65287	1.0
http://snomed.info/id/77979005	http://purl.org/sig/ont/fma/fma16374	0.92864352
http://snomed.info/id/78015006	http://purl.org/sig/ont/fma/fma8960	1.0
http://snomed.info/id/78029007	http://purl.org/sig/ont/fma/fma72971	1.0
http://snomed.info/id/78034006	http://purl.org/sig/ont/fma/fma6272	0.95308626
http://snomed.info/id/78035007	http://purl.org/sig/ont/fma/fma18905	0.91428977
http://snomed.info/id/78066001	http://purl.org/sig/ont/fma/fma62038	1.0
http://snomed.info/id/78076003	http://purl.org/sig/ont/fma/fma58241	0.98496473
http://snomed.info/id/78094009	http://purl.org/sig/ont/fma/fma5894	1.0
http://snomed.info/id/781023003	http://purl.org/sig/ont/fma/fma49390	0.90228844
http://snomed.info/id/781033006	http://purl.org/sig/ont/fma/fma37836	1.0
http://snomed.info/id/781034000	http://purl.org/sig/ont/fma/fma37835	1.0
http://snomed.info/id/781059009	http://purl.org/sig/ont/fma/fma300547	0.90196055
http://snomed.info/id/781060004	http://purl.org/sig/ont/fma/fma300549	0.90370286
http://snomed.info/id/781077004	http://purl.org/sig/ont/fma/fma51061	0.90736902
http://snomed.info/id/781111007	http://purl.org/sig/ont/fma/fma44050	0.9489283
http://snomed.info/id/78132007	http://purl.org/sig/ont/fma/fma25051	1.0
http://snomed.info/id/7820009	http://purl.org/sig/ont/fma/fma62177	1.0
http://snomed.info/id/78204007	http://purl.org/sig/ont/fma/fma321546	0.93990725
http://snomed.info/id/782377009	http://purl.org/sig/ont/fma/fma34729	1.0
http://snomed.info/id/782378004	http://purl.org/sig/ont/fma/fma33777	1.0
http://snomed.info/id/782417001	http://purl.org/sig/ont/fma/fma73153	0.9502545
http://snomed.info/id/782455006	http://purl.org/sig/ont/fma/fma321446	1.0
http://snomed.info/id/782471006	http://purl.org/sig/ont/fma/fma73153	0.93103838
http://snomed.info/id/782534007	http://purl.org/sig/ont/fma/fma286456	0.93669593
http://snomed.info/id/782535008	http://purl.org/sig/ont/fma/fma286454	0.92371768
http://snomed.info/id/782564004	http://purl.org/sig/ont/fma/fma24475	1.0
http://snomed.info/id/782565003	http://purl.org/sig/ont/fma/fma24474	1.0
http://snomed.info/id/78260001	http://purl.org/sig/ont/fma/fma9180	1.0
http://snomed.info/id/782602005	http://purl.org/sig/ont/fma/fma60567	0.93182319
http://snomed.info/id/782606008	http://purl.org/sig/ont/fma/fma60566	0.92423975
http://snomed.info/id/782609001	http://purl.org/sig/ont/fma/fma60568	0.93419349
http://snomed.info/id/782611005	http://purl.org/sig/ont/fma/fma77856	0.91814059
http://snomed.info/id/782662008	http://purl.org/sig/ont/fma/fma15005	0.9218896
http://snomed.info/id/782682007	http://purl.org/sig/ont/fma/fma15019	0.91531575
http://snomed.info/id/782683002	http://purl.org/sig/ont/fma/fma15012	0.92789388
http://snomed.info/id/782685009	http://purl.org/sig/ont/fma/fma15026	0.92701304
http://snomed.info/id/78277001	http://purl.org/sig/ont/fma/fma61825	1.0
http://snomed.info/id/782808006	http://purl.org/sig/ont/fma/fma35118	1.0
http://snomed.info/id/782812000	http://purl.org/sig/ont/fma/fma29179	0.96098489
http://snomed.info/id/782854002	http://purl.org/sig/ont/fma/fma17456	0.94497865
http://snomed.info/id/782856000	http://purl.org/sig/ont/fma/fma17461	0.94964391
http://snomed.info/id/782857009	http://purl.org/sig/ont/fma/fma17456	0.91030651
http://snomed.info/id/782858004	http://purl.org/sig/ont/fma/fma17461	0.91172326
http://snomed.info/id/782859007	http://purl.org/sig/ont/fma/fma17054	0.91453499
http://snomed.info/id/782861003	http://purl.org/sig/ont/fma/fma14998	0.91978598
http://snomed.info/id/782889000	http://purl.org/sig/ont/fma/fma69092	0.9288342
http://snomed.info/id/782890009	http://purl.org/sig/ont/fma/fma69091	0.94500935
http://snomed.info/id/782927001	http://purl.org/sig/ont/fma/fma18636	0.93457758
http://snomed.info/id/782928006	http://purl.org/sig/ont/fma/fma18635	0.93604052
http://snomed.info/id/78293005	http://purl.org/sig/ont/fma/fma15720	1.0
http://snomed.info/id/782954003	http://purl.org/sig/ont/fma/fma9433	1.0
http://snomed.info/id/782955002	http://purl.org/sig/ont/fma/fma9433	0.90228575
http://snomed.info/id/782962006	http://purl.org/sig/ont/fma/fma260138	0.93363678
http://snomed.info/id/782963001	http://purl.org/sig/ont/fma/fma260136	0.9465816
http://snomed.info/id/782966009	http://purl.org/sig/ont/fma/fma9309	0.93110734
http://snomed.info/id/7832008	http://purl.org/sig/ont/fma/fma3789	1.0
http://snomed.info/id/78329004	http://purl.org/sig/ont/fma/fma321468	1.0
http://snomed.info/id/78333006	http://purl.org/sig/ont/fma/fma22315	1.0
http://snomed.info/id/783398001	http://purl.org/sig/ont/fma/fma269588	1.0
http://snomed.info/id/783399009	http://purl.org/sig/ont/fma/fma269586	1.0
http://snomed.info/id/783714001	http://purl.org/sig/ont/fma/fma70470	1.0
http://snomed.info/id/783715000	http://purl.org/sig/ont/fma/fma70433	1.0
http://snomed.info/id/78376008	http://purl.org/sig/ont/fma/fma22542	1.0
http://snomed.info/id/78389002	http://purl.org/sig/ont/fma/fma61027	1.0
http://snomed.info/id/78394002	http://purl.org/sig/ont/fma/fma321459	1.0
http://snomed.info/id/78401001	http://purl.org/sig/ont/fma/fma22954	1.0
http://snomed.info/id/784056003	http://purl.org/sig/ont/fma/fma321557	0.90611154
http://snomed.info/id/78413006	http://purl.org/sig/ont/fma/fma21464	0.9341799
http://snomed.info/id/784259001	http://purl.org/sig/ont/fma/fma20011	1.0
http://snomed.info/id/784260006	http://purl.org/sig/ont/fma/fma20012	1.0
http://snomed.info/id/784261005	http://purl.org/sig/ont/fma/fma260136	0.94962102
http://snomed.info/id/784262003	http://purl.org/sig/ont/fma/fma260138	0.9231599
http://snomed.info/id/784329008	http://purl.org/sig/ont/fma/fma74303	1.0
http://snomed.info/id/784330003	http://purl.org/sig/ont/fma/fma74304	1.0
http://snomed.info/id/78440006	http://purl.org/sig/ont/fma/fma51101	1.0
http://snomed.info/id/78480002	http://purl.org/sig/ont/fma/fma50872	1.0
http://snomed.info/id/78486008	http://purl.org/sig/ont/fma/fma17705	1.0
http://snomed.info/id/78497008	http://purl.org/sig/ont/fma/fma323318	1.0
http://snomed.info/id/78499006	http://purl.org/sig/ont/fma/fma50485	0.93029112
http://snomed.info/id/78509001	http://purl.org/sig/ont/fma/fma12823	1.0
http://snomed.info/id/78519007	http://purl.org/sig/ont/fma/fma323048	1.0
http://snomed.info/id/78539006	http://purl.org/sig/ont/fma/fma61246	1.0
http://snomed.info/id/78540008	http://purl.org/sig/ont/fma/fma15953	1.0
http://snomed.info/id/78562008	http://purl.org/sig/ont/fma/fma15709	1.0
http://snomed.info/id/785662000	http://purl.org/sig/ont/fma/fma54444	0.9123596
http://snomed.info/id/78577000	http://purl.org/sig/ont/fma/fma20686	1.0
http://snomed.info/id/785832009	http://purl.org/sig/ont/fma/fma52623	0.99008638
http://snomed.info/id/785833004	http://purl.org/sig/ont/fma/fma52622	0.99294829
http://snomed.info/id/785887005	http://purl.org/sig/ont/fma/fma58340	0.9686119
http://snomed.info/id/785888000	http://purl.org/sig/ont/fma/fma58339	0.97029668
http://snomed.info/id/786032000	http://purl.org/sig/ont/fma/fma270167	0.92902285
http://snomed.info/id/786033005	http://purl.org/sig/ont/fma/fma270165	0.92993283
http://snomed.info/id/786051006	http://purl.org/sig/ont/fma/fma51885	0.92584527
http://snomed.info/id/786052004	http://purl.org/sig/ont/fma/fma51884	0.93524963
http://snomed.info/id/786064007	http://purl.org/sig/ont/fma/fma272185	0.9748978
http://snomed.info/id/786069002	http://purl.org/sig/ont/fma/fma59410	0.91356361
http://snomed.info/id/786070001	http://purl.org/sig/ont/fma/fma59411	0.91355568
http://snomed.info/id/786072009	http://purl.org/sig/ont/fma/fma223078	0.97521043
http://snomed.info/id/786073004	http://purl.org/sig/ont/fma/fma223076	0.97574764
http://snomed.info/id/78619001	http://purl.org/sig/ont/fma/fma14947	1.0
http://snomed.info/id/786447001	http://purl.org/sig/ont/fma/fma49951	0.93935341
http://snomed.info/id/786448006	http://purl.org/sig/ont/fma/fma49950	0.93683058
http://snomed.info/id/786449003	http://purl.org/sig/ont/fma/fma14751	0.90340227
http://snomed.info/id/786712005	http://purl.org/sig/ont/fma/fma14758	0.91833144
http://snomed.info/id/78679006	http://purl.org/sig/ont/fma/fma19915	1.0
http://snomed.info/id/786841006	http://purl.org/sig/ont/fma/fma78549	0.92403072
http://snomed.info/id/786842004	http://purl.org/sig/ont/fma/fma78548	0.92968589
http://snomed.info/id/78685004	http://purl.org/sig/ont/fma/fma76879	0.96290928
http://snomed.info/id/786858001	http://purl.org/sig/ont/fma/fma323375	0.92512029
http://snomed.info/id/786859009	http://purl.org/sig/ont/fma/fma14331	0.90991104
http://snomed.info/id/786862007	http://purl.org/sig/ont/fma/fma18829	0.90992224
http://snomed.info/id/786863002	http://purl.org/sig/ont/fma/fma18829	0.95733017
http://snomed.info/id/786864008	http://purl.org/sig/ont/fma/fma18896	0.94012719
http://snomed.info/id/786865009	http://purl.org/sig/ont/fma/fma281092	0.98190272
http://snomed.info/id/786888005	http://purl.org/sig/ont/fma/fma59475	1.0
http://snomed.info/id/786889002	http://purl.org/sig/ont/fma/fma59474	1.0
http://snomed.info/id/786890006	http://purl.org/sig/ont/fma/fma49153	0.97346419
http://snomed.info/id/786891005	http://purl.org/sig/ont/fma/fma49152	0.97657287
http://snomed.info/id/786892003	http://purl.org/sig/ont/fma/fma18621	1.0
http://snomed.info/id/786893008	http://purl.org/sig/ont/fma/fma18622	1.0
http://snomed.info/id/787045005	http://purl.org/sig/ont/fma/fma241661	0.9466666
http://snomed.info/id/787046006	http://purl.org/sig/ont/fma/fma241659	0.94541323
http://snomed.info/id/787048007	http://purl.org/sig/ont/fma/fma23725	1.0
http://snomed.info/id/787049004	http://purl.org/sig/ont/fma/fma24445	1.0
http://snomed.info/id/787058006	http://purl.org/sig/ont/fma/fma52893	1.0
http://snomed.info/id/787059003	http://purl.org/sig/ont/fma/fma52892	1.0
http://snomed.info/id/787062000	http://purl.org/sig/ont/fma/fma52864	0.94107503
http://snomed.info/id/787089005	http://purl.org/sig/ont/fma/fma270163	0.9607951
http://snomed.info/id/787090001	http://purl.org/sig/ont/fma/fma270165	0.96543747
http://snomed.info/id/787100008	http://purl.org/sig/ont/fma/fma270167	0.96076691
http://snomed.info/id/787101007	http://purl.org/sig/ont/fma/fma270169	0.96207023
http://snomed.info/id/787116005	http://purl.org/sig/ont/fma/fma60284	0.98658657
http://snomed.info/id/787118006	http://purl.org/sig/ont/fma/fma60324	0.93544984
http://snomed.info/id/787119003	http://purl.org/sig/ont/fma/fma60323	0.95013905
http://snomed.info/id/787123006	http://purl.org/sig/ont/fma/fma74615	0.90511316
http://snomed.info/id/787141003	http://purl.org/sig/ont/fma/fma225860	0.92929739
http://snomed.info/id/787142005	http://purl.org/sig/ont/fma/fma225858	0.94209784
http://snomed.info/id/7872004	http://purl.org/sig/ont/fma/fma12151	1.0
http://snomed.info/id/787203002	http://purl.org/sig/ont/fma/fma45284	1.0
http://snomed.info/id/787204008	http://purl.org/sig/ont/fma/fma45283	1.0
http://snomed.info/id/787207001	http://purl.org/sig/ont/fma/fma23523	1.0
http://snomed.info/id/787208006	http://purl.org/sig/ont/fma/fma23522	1.0
http://snomed.info/id/787216002	http://purl.org/sig/ont/fma/fma74687	1.0
http://snomed.info/id/787219009	http://purl.org/sig/ont/fma/fma74688	1.0
http://snomed.info/id/787220003	http://purl.org/sig/ont/fma/fma74687	0.95116621
http://snomed.info/id/78722006	http://purl.org/sig/ont/fma/fma322851	1.0
http://snomed.info/id/787222006	http://purl.org/sig/ont/fma/fma74688	0.95097464
http://snomed.info/id/787391006	http://purl.org/sig/ont/fma/fma15039	1.0
http://snomed.info/id/787392004	http://purl.org/sig/ont/fma/fma15039	0.91872698
http://snomed.info/id/787419006	http://purl.org/sig/ont/fma/fma268818	1.0
http://snomed.info/id/787420000	http://purl.org/sig/ont/fma/fma268818	0.94136482
http://snomed.info/id/787421001	http://purl.org/sig/ont/fma/fma33833	1.0
http://snomed.info/id/787422008	http://purl.org/sig/ont/fma/fma43055	1.0
http://snomed.info/id/787423003	http://purl.org/sig/ont/fma/fma43056	1.0
http://snomed.info/id/787424009	http://purl.org/sig/ont/fma/fma43057	1.0
http://snomed.info/id/787425005	http://purl.org/sig/ont/fma/fma43058	1.0
http://snomed.info/id/787426006	http://purl.org/sig/ont/fma/fma43059	1.0
http://snomed.info/id/787427002	http://purl.org/sig/ont/fma/fma86373	0.94892853
http://snomed.info/id/787428007	http://purl.org/sig/ont/fma/fma33835	0.95743054
http://snomed.info/id/787429004	http://purl.org/sig/ont/fma/fma33834	0.95379186
http://snomed.info/id/787430009	http://purl.org/sig/ont/fma/fma42901	0.95178187
http://snomed.info/id/78743007	http://purl.org/sig/ont/fma/fma61024	1.0
http://snomed.info/id/787431008	http://purl.org/sig/ont/fma/fma42900	0.9548806
http://snomed.info/id/787432001	http://purl.org/sig/ont/fma/fma34614	0.94948417
http://snomed.info/id/787449008	http://purl.org/sig/ont/fma/fma311895	1.0
http://snomed.info/id/787450008	http://purl.org/sig/ont/fma/fma311895	0.95053202
http://snomed.info/id/787452000	http://purl.org/sig/ont/fma/fma58902	0.98866981
http://snomed.info/id/787453005	http://purl.org/sig/ont/fma/fma58901	0.99201673
http://snomed.info/id/787455003	http://purl.org/sig/ont/fma/fma43069	0.9227432
http://snomed.info/id/787456002	http://purl.org/sig/ont/fma/fma43068	0.92948872
http://snomed.info/id/787457006	http://purl.org/sig/ont/fma/fma43069	0.96113861
http://snomed.info/id/787458001	http://purl.org/sig/ont/fma/fma43068	0.9632237
http://snomed.info/id/787459009	http://purl.org/sig/ont/fma/fma43066	0.96438432
http://snomed.info/id/787460004	http://purl.org/sig/ont/fma/fma86438	0.95972729
http://snomed.info/id/787461000	http://purl.org/sig/ont/fma/fma43065	0.96554959
http://snomed.info/id/787462007	http://purl.org/sig/ont/fma/fma43064	0.96516818
http://snomed.info/id/787463002	http://purl.org/sig/ont/fma/fma43062	0.96353281
http://snomed.info/id/787464008	http://purl.org/sig/ont/fma/fma43063	0.96172392
http://snomed.info/id/787465009	http://purl.org/sig/ont/fma/fma43061	0.95952541
http://snomed.info/id/787466005	http://purl.org/sig/ont/fma/fma43060	0.96336019
http://snomed.info/id/78747008	http://purl.org/sig/ont/fma/fma322570	0.96612179
http://snomed.info/id/787474006	http://purl.org/sig/ont/fma/fma59028	0.91808623
http://snomed.info/id/787476008	http://purl.org/sig/ont/fma/fma59029	0.94906384
http://snomed.info/id/78752003	http://purl.org/sig/ont/fma/fma13341	1.0
http://snomed.info/id/78776006	http://purl.org/sig/ont/fma/fma51003	1.0
http://snomed.info/id/787811002	http://purl.org/sig/ont/fma/fma18829	0.90989482
http://snomed.info/id/787815006	http://purl.org/sig/ont/fma/fma18829	0.91716462
http://snomed.info/id/787816007	http://purl.org/sig/ont/fma/fma14771	0.90740687
http://snomed.info/id/787824002	http://purl.org/sig/ont/fma/fma272185	0.94646358
http://snomed.info/id/787833000	http://purl.org/sig/ont/fma/fma60284	0.93848389
http://snomed.info/id/787841000	http://purl.org/sig/ont/fma/fma29179	0.90068817
http://snomed.info/id/787844008	http://purl.org/sig/ont/fma/fma281092	0.93683624
http://snomed.info/id/787847001	http://purl.org/sig/ont/fma/fma18896	0.91019869
http://snomed.info/id/78791008	http://purl.org/sig/ont/fma/fma9713	1.0
http://snomed.info/id/787933004	http://purl.org/sig/ont/fma/fma44078	0.9529472
http://snomed.info/id/787934005	http://purl.org/sig/ont/fma/fma303728	0.94423324
http://snomed.info/id/787935006	http://purl.org/sig/ont/fma/fma39994	1.0
http://snomed.info/id/787936007	http://purl.org/sig/ont/fma/fma39993	1.0
http://snomed.info/id/787943001	http://purl.org/sig/ont/fma/fma49160	0.94108945
http://snomed.info/id/787944007	http://purl.org/sig/ont/fma/fma49159	0.95405388
http://snomed.info/id/787945008	http://purl.org/sig/ont/fma/fma58723	0.91105527
http://snomed.info/id/787946009	http://purl.org/sig/ont/fma/fma58722	0.91379309
http://snomed.info/id/788052005	http://purl.org/sig/ont/fma/fma58269	0.93248671
http://snomed.info/id/788054006	http://purl.org/sig/ont/fma/fma264804	0.93590117
http://snomed.info/id/788076002	http://purl.org/sig/ont/fma/fma58727	0.90665287
http://snomed.info/id/788080007	http://purl.org/sig/ont/fma/fma58726	0.90266263
http://snomed.info/id/788147002	http://purl.org/sig/ont/fma/fma58774	1.0
http://snomed.info/id/788148007	http://purl.org/sig/ont/fma/fma58773	1.0
http://snomed.info/id/788154008	http://purl.org/sig/ont/fma/fma62769	0.908701
http://snomed.info/id/788157001	http://purl.org/sig/ont/fma/fma62770	0.90847576
http://snomed.info/id/78816006	http://purl.org/sig/ont/fma/fma76641	0.90333045
http://snomed.info/id/788182001	http://purl.org/sig/ont/fma/fma284662	0.90548855
http://snomed.info/id/788183006	http://purl.org/sig/ont/fma/fma70660	0.90320522
http://snomed.info/id/788199000	http://purl.org/sig/ont/fma/fma54322	0.90229809
http://snomed.info/id/788205007	http://purl.org/sig/ont/fma/fma54253	0.91400361
http://snomed.info/id/788214002	http://purl.org/sig/ont/fma/fma54271	0.90059733
http://snomed.info/id/788302008	http://purl.org/sig/ont/fma/fma53100	1.0
http://snomed.info/id/788303003	http://purl.org/sig/ont/fma/fma53075	1.0
http://snomed.info/id/788323002	http://purl.org/sig/ont/fma/fma264801	0.94259244
http://snomed.info/id/788425008	http://purl.org/sig/ont/fma/fma23374	1.0
http://snomed.info/id/788430007	http://purl.org/sig/ont/fma/fma23375	1.0
http://snomed.info/id/78847000	http://purl.org/sig/ont/fma/fma32922	1.0
http://snomed.info/id/788477002	http://purl.org/sig/ont/fma/fma50542	0.90449733
http://snomed.info/id/788494000	http://purl.org/sig/ont/fma/fma67920	1.0
http://snomed.info/id/788495004	http://purl.org/sig/ont/fma/fma67919	1.0
http://snomed.info/id/788534000	http://purl.org/sig/ont/fma/fma264801	0.94928491
http://snomed.info/id/788535004	http://purl.org/sig/ont/fma/fma323336	0.95560837
http://snomed.info/id/788536003	http://purl.org/sig/ont/fma/fma66075	0.95508784
http://snomed.info/id/788550008	http://purl.org/sig/ont/fma/fma73752	0.95377475
http://snomed.info/id/788569003	http://purl.org/sig/ont/fma/fma38312	1.0
http://snomed.info/id/788571003	http://purl.org/sig/ont/fma/fma38316	1.0
http://snomed.info/id/788573000	http://purl.org/sig/ont/fma/fma38315	1.0
http://snomed.info/id/788575007	http://purl.org/sig/ont/fma/fma38313	1.0
http://snomed.info/id/788601009	http://purl.org/sig/ont/fma/fma86465	0.9853012
http://snomed.info/id/788602002	http://purl.org/sig/ont/fma/fma86466	0.98757619
http://snomed.info/id/788605000	http://purl.org/sig/ont/fma/fma260663	0.92827964
http://snomed.info/id/788606004	http://purl.org/sig/ont/fma/fma6027	1.0
http://snomed.info/id/788645009	http://purl.org/sig/ont/fma/fma11343	0.90664726
http://snomed.info/id/788675004	http://purl.org/sig/ont/fma/fma287117	0.90469444
http://snomed.info/id/788678002	http://purl.org/sig/ont/fma/fma291178	0.91201931
http://snomed.info/id/788679005	http://purl.org/sig/ont/fma/fma65868	0.91919994
http://snomed.info/id/788680008	http://purl.org/sig/ont/fma/fma65897	0.91959566
http://snomed.info/id/788681007	http://purl.org/sig/ont/fma/fma288325	0.91940427
http://snomed.info/id/788682000	http://purl.org/sig/ont/fma/fma6176	0.91642499
http://snomed.info/id/788683005	http://purl.org/sig/ont/fma/fma6414	0.93231881
http://snomed.info/id/788684004	http://purl.org/sig/ont/fma/fma288331	0.92768842
http://snomed.info/id/788685003	http://purl.org/sig/ont/fma/fma288333	0.93869734
http://snomed.info/id/788686002	http://purl.org/sig/ont/fma/fma66004	0.94964135
http://snomed.info/id/788687006	http://purl.org/sig/ont/fma/fma66015	0.93818206
http://snomed.info/id/788689009	http://purl.org/sig/ont/fma/fma257565	0.90805835
http://snomed.info/id/788691001	http://purl.org/sig/ont/fma/fma288281	0.92931002
http://snomed.info/id/788692008	http://purl.org/sig/ont/fma/fma288283	0.91448736
http://snomed.info/id/788693003	http://purl.org/sig/ont/fma/fma6171	0.92429906
http://snomed.info/id/788694009	http://purl.org/sig/ont/fma/fma6290	0.9143765
http://snomed.info/id/788695005	http://purl.org/sig/ont/fma/fma288289	0.9176026
http://snomed.info/id/788696006	http://purl.org/sig/ont/fma/fma288291	0.93344945
http://snomed.info/id/788697002	http://purl.org/sig/ont/fma/fma288293	0.92136657
http://snomed.info/id/788698007	http://purl.org/sig/ont/fma/fma288295	0.90685868
http://snomed.info/id/788699004	http://purl.org/sig/ont/fma/fma82004	0.91314745
http://snomed.info/id/788700003	http://purl.org/sig/ont/fma/fma288299	0.90459257
http://snomed.info/id/788701004	http://purl.org/sig/ont/fma/fma82006	0.90864438
http://snomed.info/id/788702006	http://purl.org/sig/ont/fma/fma288303	0.91804999
http://snomed.info/id/788723000	http://purl.org/sig/ont/fma/fma58271	0.95355237
http://snomed.info/id/788724006	http://purl.org/sig/ont/fma/fma58272	0.95437044
http://snomed.info/id/788768008	http://purl.org/sig/ont/fma/fma60624	0.93125618
http://snomed.info/id/788769000	http://purl.org/sig/ont/fma/fma60623	0.94185358
http://snomed.info/id/788783003	http://purl.org/sig/ont/fma/fma60305	0.98014736
http://snomed.info/id/788784009	http://purl.org/sig/ont/fma/fma60305	0.92864931
http://snomed.info/id/788798001	http://purl.org/sig/ont/fma/fma71601	0.90782255
http://snomed.info/id/788804004	http://purl.org/sig/ont/fma/fma300375	0.95594436
http://snomed.info/id/788805003	http://purl.org/sig/ont/fma/fma300377	0.94763106
http://snomed.info/id/788818006	http://purl.org/sig/ont/fma/fma60283	0.97685212
http://snomed.info/id/788819003	http://purl.org/sig/ont/fma/fma60283	0.93241131
http://snomed.info/id/78883009	http://purl.org/sig/ont/fma/fma25047	1.0
http://snomed.info/id/78904004	http://purl.org/sig/ont/fma/fma50060	1.0
http://snomed.info/id/789085006	http://purl.org/sig/ont/fma/fma37835	0.91480857
http://snomed.info/id/789086007	http://purl.org/sig/ont/fma/fma38296	0.92477852
http://snomed.info/id/789087003	http://purl.org/sig/ont/fma/fma38297	0.90050542
http://snomed.info/id/789088008	http://purl.org/sig/ont/fma/fma38302	0.90881389
http://snomed.info/id/789089000	http://purl.org/sig/ont/fma/fma38303	0.91737401
http://snomed.info/id/789092001	http://purl.org/sig/ont/fma/fma38266	0.92886722
http://snomed.info/id/789094000	http://purl.org/sig/ont/fma/fma37722	0.91301799
http://snomed.info/id/789100002	http://purl.org/sig/ont/fma/fma37829	0.91220778
http://snomed.info/id/789101003	http://purl.org/sig/ont/fma/fma37792	0.92210168
http://snomed.info/id/789102005	http://purl.org/sig/ont/fma/fma37791	0.93948478
http://snomed.info/id/789136004	http://purl.org/sig/ont/fma/fma38300	0.94481683
http://snomed.info/id/789137008	http://purl.org/sig/ont/fma/fma38299	0.9523353
http://snomed.info/id/789143005	http://purl.org/sig/ont/fma/fma58440	0.96225286
http://snomed.info/id/7892006	http://purl.org/sig/ont/fma/fma85399	1.0
http://snomed.info/id/789221006	http://purl.org/sig/ont/fma/fma50049	0.9122228
http://snomed.info/id/789222004	http://purl.org/sig/ont/fma/fma50048	0.90373844
http://snomed.info/id/789234007	http://purl.org/sig/ont/fma/fma60364	0.98919314
http://snomed.info/id/789274001	http://purl.org/sig/ont/fma/fma60363	0.99129325
http://snomed.info/id/789275000	http://purl.org/sig/ont/fma/fma60361	0.98863304
http://snomed.info/id/789276004	http://purl.org/sig/ont/fma/fma60362	0.98795724
http://snomed.info/id/78928002	http://purl.org/sig/ont/fma/fma44617	0.9379245
http://snomed.info/id/789292009	http://purl.org/sig/ont/fma/fma60366	0.98956525
http://snomed.info/id/789293004	http://purl.org/sig/ont/fma/fma60365	0.99129081
http://snomed.info/id/789294005	http://purl.org/sig/ont/fma/fma60360	0.98895168
http://snomed.info/id/789295006	http://purl.org/sig/ont/fma/fma60359	0.98999947
http://snomed.info/id/78954005	http://purl.org/sig/ont/fma/fma54243	0.93571556
http://snomed.info/id/789699009	http://purl.org/sig/ont/fma/fma52861	1.0
http://snomed.info/id/789702002	http://purl.org/sig/ont/fma/fma52861	0.93030649
http://snomed.info/id/789720006	http://purl.org/sig/ont/fma/fma322338	0.93154472
http://snomed.info/id/78972004	http://purl.org/sig/ont/fma/fma11950	1.0
http://snomed.info/id/789722003	http://purl.org/sig/ont/fma/fma322338	0.92769462
http://snomed.info/id/79020004	http://purl.org/sig/ont/fma/fma323290	1.0
http://snomed.info/id/79081003	http://purl.org/sig/ont/fma/fma60537	0.96221012
http://snomed.info/id/7911004	http://purl.org/sig/ont/fma/fma72638	0.93768978
http://snomed.info/id/79112004	http://purl.org/sig/ont/fma/fma85216	0.9520582
http://snomed.info/id/79163004	http://purl.org/sig/ont/fma/fma13369	1.0
http://snomed.info/id/79201006	http://purl.org/sig/ont/fma/fma32525	1.0
http://snomed.info/id/79208000	http://purl.org/sig/ont/fma/fma49564	1.0
http://snomed.info/id/79223005	http://purl.org/sig/ont/fma/fma9977	1.0
http://snomed.info/id/7925003	http://purl.org/sig/ont/fma/fma32619	1.0
http://snomed.info/id/79281009	http://purl.org/sig/ont/fma/fma18306	1.0
http://snomed.info/id/792816004	http://purl.org/sig/ont/fma/fma43916	1.0
http://snomed.info/id/792817008	http://purl.org/sig/ont/fma/fma43917	1.0
http://snomed.info/id/792830009	http://purl.org/sig/ont/fma/fma241729	0.96872079
http://snomed.info/id/79283007	http://purl.org/sig/ont/fma/fma59533	0.98588365
http://snomed.info/id/792831008	http://purl.org/sig/ont/fma/fma241731	0.96880591
http://snomed.info/id/79313003	http://purl.org/sig/ont/fma/fma322649	0.97630912
http://snomed.info/id/79335006	http://purl.org/sig/ont/fma/fma26463	1.0
http://snomed.info/id/79349002	http://purl.org/sig/ont/fma/fma19087	1.0
http://snomed.info/id/7936005	http://purl.org/sig/ont/fma/fma58280	0.96647048
http://snomed.info/id/79368004	http://purl.org/sig/ont/fma/fma48996	1.0
http://snomed.info/id/79379009	http://purl.org/sig/ont/fma/fma322952	0.98107147
http://snomed.info/id/79384003	http://purl.org/sig/ont/fma/fma16953	1.0
http://snomed.info/id/79390004	http://purl.org/sig/ont/fma/fma16128	1.0
http://snomed.info/id/79393002	http://purl.org/sig/ont/fma/fma26031	1.0
http://snomed.info/id/79460007	http://purl.org/sig/ont/fma/fma256178	1.0
http://snomed.info/id/79490000	http://purl.org/sig/ont/fma/fma37450	0.96162903
http://snomed.info/id/79495005	http://purl.org/sig/ont/fma/fma62142	1.0
http://snomed.info/id/79502000	http://purl.org/sig/ont/fma/fma322671	0.98062754
http://snomed.info/id/79503005	http://purl.org/sig/ont/fma/fma322917	0.93462181
http://snomed.info/id/79559000	http://purl.org/sig/ont/fma/fma50025	1.0
http://snomed.info/id/79562002	http://purl.org/sig/ont/fma/fma322818	0.99029642
http://snomed.info/id/79582003	http://purl.org/sig/ont/fma/fma49488	1.0
http://snomed.info/id/79629002	http://purl.org/sig/ont/fma/fma45221	0.91097265
http://snomed.info/id/79652003	http://purl.org/sig/ont/fma/fma322156	0.95079875
http://snomed.info/id/79677002	http://purl.org/sig/ont/fma/fma79690	0.9159264
http://snomed.info/id/79683004	http://purl.org/sig/ont/fma/fma75492	1.0
http://snomed.info/id/79684005	http://purl.org/sig/ont/fma/fma44308	0.91001141
http://snomed.info/id/796927000	http://purl.org/sig/ont/fma/fma58439	0.9639262
http://snomed.info/id/79727005	http://purl.org/sig/ont/fma/fma37379	1.0
http://snomed.info/id/79741001	http://purl.org/sig/ont/fma/fma14667	1.0
http://snomed.info/id/79747002	http://purl.org/sig/ont/fma/fma38615	1.0
http://snomed.info/id/79783006	http://purl.org/sig/ont/fma/fma62326	1.0
http://snomed.info/id/79785004	http://purl.org/sig/ont/fma/fma16077	1.0
http://snomed.info/id/798000	http://purl.org/sig/ont/fma/fma50954	0.93368399
http://snomed.info/id/79802009	http://purl.org/sig/ont/fma/fma76441	0.93541533
http://snomed.info/id/79822008	http://purl.org/sig/ont/fma/fma65293	1.0
http://snomed.info/id/7986004	http://purl.org/sig/ont/fma/fma322436	0.94569993
http://snomed.info/id/79868006	http://purl.org/sig/ont/fma/fma274259	0.94650799
http://snomed.info/id/79869003	http://purl.org/sig/ont/fma/fma6641	1.0
http://snomed.info/id/79872005	http://purl.org/sig/ont/fma/fma6226	1.0
http://snomed.info/id/79906008	http://purl.org/sig/ont/fma/fma16496	1.0
http://snomed.info/id/7991003	http://purl.org/sig/ont/fma/fma19642	0.96187454
http://snomed.info/id/79926007	http://purl.org/sig/ont/fma/fma16655	1.0
http://snomed.info/id/79941007	http://purl.org/sig/ont/fma/fma62170	1.0
http://snomed.info/id/79951008	http://purl.org/sig/ont/fma/fma59348	0.90249103
http://snomed.info/id/79956003	http://purl.org/sig/ont/fma/fma74803	0.93082207
http://snomed.info/id/79959005	http://purl.org/sig/ont/fma/fma37384	1.0
http://snomed.info/id/79984008	http://purl.org/sig/ont/fma/fma312068	0.92929971
http://snomed.info/id/79989003	http://purl.org/sig/ont/fma/fma61129	1.0
http://snomed.info/id/80001000	http://purl.org/sig/ont/fma/fma38125	0.95371121
http://snomed.info/id/8001006	http://purl.org/sig/ont/fma/fma54807	1.0
http://snomed.info/id/80049006	http://purl.org/sig/ont/fma/fma61949	1.0
http://snomed.info/id/80052003	http://purl.org/sig/ont/fma/fma32528	0.90633589
http://snomed.info/id/80064006	http://purl.org/sig/ont/fma/fma16033	0.91314083
http://snomed.info/id/80076006	http://purl.org/sig/ont/fma/fma321476	1.0
http://snomed.info/id/80081002	http://purl.org/sig/ont/fma/fma7509	1.0
http://snomed.info/id/80108009	http://purl.org/sig/ont/fma/fma37077	1.0
http://snomed.info/id/80111005	http://purl.org/sig/ont/fma/fma35187	1.0
http://snomed.info/id/80114002	http://purl.org/sig/ont/fma/fma322987	1.0
http://snomed.info/id/8012006	http://purl.org/sig/ont/fma/fma50169	1.0
http://snomed.info/id/80130005	http://purl.org/sig/ont/fma/fma70494	0.90456134
http://snomed.info/id/80134001	http://purl.org/sig/ont/fma/fma75769	1.0
http://snomed.info/id/80144004	http://purl.org/sig/ont/fma/fma51409	0.94713598
http://snomed.info/id/80169004	http://purl.org/sig/ont/fma/fma77752	0.92183095
http://snomed.info/id/8017000	http://purl.org/sig/ont/fma/fma9552	1.0
http://snomed.info/id/80195002	http://purl.org/sig/ont/fma/fma70914	0.90313315
http://snomed.info/id/80203008	http://purl.org/sig/ont/fma/fma20274	1.0
http://snomed.info/id/80209007	http://purl.org/sig/ont/fma/fma322916	0.9315117
http://snomed.info/id/8024004	http://purl.org/sig/ont/fma/fma62220	1.0
http://snomed.info/id/80243003	http://purl.org/sig/ont/fma/fma54437	1.0
http://snomed.info/id/80248007	http://purl.org/sig/ont/fma/fma321497	1.0
http://snomed.info/id/80284000	http://purl.org/sig/ont/fma/fma322936	0.96084362
http://snomed.info/id/80303005	http://purl.org/sig/ont/fma/fma14501	1.0
http://snomed.info/id/80315009	http://purl.org/sig/ont/fma/fma323970	0.96549201
http://snomed.info/id/80316005	http://purl.org/sig/ont/fma/fma49034	1.0
http://snomed.info/id/80320009	http://purl.org/sig/ont/fma/fma45005	0.95062542
http://snomed.info/id/80338007	http://purl.org/sig/ont/fma/fma9733	1.0
http://snomed.info/id/80349001	http://purl.org/sig/ont/fma/fma25052	1.0
http://snomed.info/id/80352009	http://purl.org/sig/ont/fma/fma46810	1.0
http://snomed.info/id/8039003	http://purl.org/sig/ont/fma/fma34990	1.0
http://snomed.info/id/80391004	http://purl.org/sig/ont/fma/fma14080	0.92072725
http://snomed.info/id/8040001	http://purl.org/sig/ont/fma/fma42552	0.96431589
http://snomed.info/id/80401008	http://purl.org/sig/ont/fma/fma83967	1.0
http://snomed.info/id/80417002	http://purl.org/sig/ont/fma/fma23715	1.0
http://snomed.info/id/80434005	http://purl.org/sig/ont/fma/fma321543	1.0
http://snomed.info/id/80435006	http://purl.org/sig/ont/fma/fma49497	1.0
http://snomed.info/id/80455007	http://purl.org/sig/ont/fma/fma15724	0.92287964
http://snomed.info/id/80463008	http://purl.org/sig/ont/fma/fma42812	1.0
http://snomed.info/id/80509008	http://purl.org/sig/ont/fma/fma77602	0.96888286
http://snomed.info/id/80565004	http://purl.org/sig/ont/fma/fma50789	0.93780804
http://snomed.info/id/8057002	http://purl.org/sig/ont/fma/fma61839	1.0
http://snomed.info/id/8059004	http://purl.org/sig/ont/fma/fma15388	1.0
http://snomed.info/id/80607000	http://purl.org/sig/ont/fma/fma71194	1.0
http://snomed.info/id/80622005	http://purl.org/sig/ont/fma/fma50867	1.0
http://snomed.info/id/80666007	http://purl.org/sig/ont/fma/fma73983	0.902493
http://snomed.info/id/8067007	http://purl.org/sig/ont/fma/fma44319	0.92891389
http://snomed.info/id/80673002	http://purl.org/sig/ont/fma/fma54821	0.92671692
http://snomed.info/id/80718008	http://purl.org/sig/ont/fma/fma53307	1.0
http://snomed.info/id/80721005	http://purl.org/sig/ont/fma/fma4877	0.94520277
http://snomed.info/id/80768000	http://purl.org/sig/ont/fma/fma7186	1.0
http://snomed.info/id/80769008	http://purl.org/sig/ont/fma/fma44306	1.0
http://snomed.info/id/8079007	http://purl.org/sig/ont/fma/fma37069	1.0
http://snomed.info/id/80794009	http://purl.org/sig/ont/fma/fma77140	1.0
http://snomed.info/id/80799004	http://purl.org/sig/ont/fma/fma52931	1.0
http://snomed.info/id/808000	http://purl.org/sig/ont/fma/fma4176	1.0
http://snomed.info/id/80867000	http://purl.org/sig/ont/fma/fma16657	1.0
http://snomed.info/id/80877003	http://purl.org/sig/ont/fma/fma46303	0.96343488
http://snomed.info/id/80891009	http://purl.org/sig/ont/fma/fma78568	0.92607898
http://snomed.info/id/80984007	http://purl.org/sig/ont/fma/fma59103	1.0
http://snomed.info/id/8100009	http://purl.org/sig/ont/fma/fma18307	1.0
http://snomed.info/id/81008004	http://purl.org/sig/ont/fma/fma323326	0.99174994
http://snomed.info/id/81012005	http://purl.org/sig/ont/fma/fma24527	0.96135288
http://snomed.info/id/81015007	http://purl.org/sig/ont/fma/fma77525	1.0
http://snomed.info/id/81016008	http://purl.org/sig/ont/fma/fma58634	1.0
http://snomed.info/id/81029008	http://purl.org/sig/ont/fma/fma65214	1.0
http://snomed.info/id/81036009	http://purl.org/sig/ont/fma/fma6646	1.0
http://snomed.info/id/81038005	http://purl.org/sig/ont/fma/fma322810	0.9626931
http://snomed.info/id/81040000	http://purl.org/sig/ont/fma/fma66326	1.0
http://snomed.info/id/81051000	http://purl.org/sig/ont/fma/fma7262	1.0
http://snomed.info/id/81062000	http://purl.org/sig/ont/fma/fma44635	1.0
http://snomed.info/id/81074001	http://purl.org/sig/ont/fma/fma53278	1.0
http://snomed.info/id/81084000	http://purl.org/sig/ont/fma/fma83974	1.0
http://snomed.info/id/81105003	http://purl.org/sig/ont/fma/fma61213	1.0
http://snomed.info/id/81117001	http://purl.org/sig/ont/fma/fma51247	1.0
http://snomed.info/id/8112008	http://purl.org/sig/ont/fma/fma45618	1.0
http://snomed.info/id/81128002	http://purl.org/sig/ont/fma/fma3745	1.0
http://snomed.info/id/81137002	http://purl.org/sig/ont/fma/fma9153	1.0
http://snomed.info/id/81153004	http://purl.org/sig/ont/fma/fma322779	0.97355121
http://snomed.info/id/81163007	http://purl.org/sig/ont/fma/fma44490	0.95057535
http://snomed.info/id/81180006	http://purl.org/sig/ont/fma/fma49590	1.0
http://snomed.info/id/81210008	http://purl.org/sig/ont/fma/fma45036	0.91385013
http://snomed.info/id/81230007	http://purl.org/sig/ont/fma/fma72456	1.0
http://snomed.info/id/81248003	http://purl.org/sig/ont/fma/fma14795	1.0
http://snomed.info/id/81275005	http://purl.org/sig/ont/fma/fma49621	0.9910633
http://snomed.info/id/8128003	http://purl.org/sig/ont/fma/fma3740	1.0
http://snomed.info/id/81298002	http://purl.org/sig/ont/fma/fma59499	1.0
http://snomed.info/id/81309001	http://purl.org/sig/ont/fma/fma13453	1.0
http://snomed.info/id/8133004	http://purl.org/sig/ont/fma/fma51238	1.0
http://snomed.info/id/81347006	http://purl.org/sig/ont/fma/fma61243	1.0
http://snomed.info/id/81354000	http://purl.org/sig/ont/fma/fma19133	1.0
http://snomed.info/id/81390007	http://purl.org/sig/ont/fma/fma9229	1.0
http://snomed.info/id/81400001	http://purl.org/sig/ont/fma/fma65608	1.0
http://snomed.info/id/81440007	http://purl.org/sig/ont/fma/fma38521	1.0
http://snomed.info/id/81447005	http://purl.org/sig/ont/fma/fma65246	1.0
http://snomed.info/id/81468006	http://purl.org/sig/ont/fma/fma61122	1.0
http://snomed.info/id/81482006	http://purl.org/sig/ont/fma/fma13519	0.92976779
http://snomed.info/id/81495001	http://purl.org/sig/ont/fma/fma17721	1.0
http://snomed.info/id/81530006	http://purl.org/sig/ont/fma/fma55350	1.0
http://snomed.info/id/81544000	http://purl.org/sig/ont/fma/fma24283	1.0
http://snomed.info/id/81563004	http://purl.org/sig/ont/fma/fma38116	0.92006975
http://snomed.info/id/8161005	http://purl.org/sig/ont/fma/fma52978	1.0
http://snomed.info/id/816152008	http://purl.org/sig/ont/fma/fma57789	0.91072142
http://snomed.info/id/816153003	http://purl.org/sig/ont/fma/fma57790	0.90601039
http://snomed.info/id/81623005	http://purl.org/sig/ont/fma/fma9734	1.0
http://snomed.info/id/81628001	http://purl.org/sig/ont/fma/fma7755	0.91145903
http://snomed.info/id/81650000	http://purl.org/sig/ont/fma/fma77293	1.0
http://snomed.info/id/8165001	http://purl.org/sig/ont/fma/fma9940	1.0
http://snomed.info/id/81661008	http://purl.org/sig/ont/fma/fma52675	1.0
http://snomed.info/id/81668002	http://purl.org/sig/ont/fma/fma322681	1.0
http://snomed.info/id/81686004	http://purl.org/sig/ont/fma/fma53401	1.0
http://snomed.info/id/81722007	http://purl.org/sig/ont/fma/fma72429	0.92320442
http://snomed.info/id/81737006	http://purl.org/sig/ont/fma/fma20184	1.0
http://snomed.info/id/81797008	http://purl.org/sig/ont/fma/fma7251	1.0
http://snomed.info/id/81802002	http://purl.org/sig/ont/fma/fma37349	1.0
http://snomed.info/id/81831003	http://purl.org/sig/ont/fma/fma59804	1.0
http://snomed.info/id/81842007	http://purl.org/sig/ont/fma/fma16130	1.0
http://snomed.info/id/81871008	http://purl.org/sig/ont/fma/fma72418	1.0
http://snomed.info/id/81883005	http://purl.org/sig/ont/fma/fma83867	1.0
http://snomed.info/id/818991007	http://purl.org/sig/ont/fma/fma277233	1.0
http://snomed.info/id/818994004	http://purl.org/sig/ont/fma/fma19841	1.0
http://snomed.info/id/818996002	http://purl.org/sig/ont/fma/fma70837	0.91310775
http://snomed.info/id/81900009	http://purl.org/sig/ont/fma/fma44356	1.0
http://snomed.info/id/81915005	http://purl.org/sig/ont/fma/fma29350	0.92382616
http://snomed.info/id/81921009	http://purl.org/sig/ont/fma/fma23900	1.0
http://snomed.info/id/81931002	http://purl.org/sig/ont/fma/fma49027	1.0
http://snomed.info/id/81955007	http://purl.org/sig/ont/fma/fma61113	1.0
http://snomed.info/id/81965001	http://purl.org/sig/ont/fma/fma13304	1.0
http://snomed.info/id/81985002	http://purl.org/sig/ont/fma/fma61272	1.0
http://snomed.info/id/81992007	http://purl.org/sig/ont/fma/fma23013	0.95691639
http://snomed.info/id/819982004	http://purl.org/sig/ont/fma/fma70074	0.90155172
http://snomed.info/id/82002001	http://purl.org/sig/ont/fma/fma24948	1.0
http://snomed.info/id/82008002	http://purl.org/sig/ont/fma/fma34782	0.91071457
http://snomed.info/id/82029006	http://purl.org/sig/ont/fma/fma20218	1.0
http://snomed.info/id/82039000	http://purl.org/sig/ont/fma/fma26009	0.93347442
http://snomed.info/id/82095009	http://purl.org/sig/ont/fma/fma58709	1.0
http://snomed.info/id/82097001	http://purl.org/sig/ont/fma/fma44688	1.0
http://snomed.info/id/82102003	http://purl.org/sig/ont/fma/fma76864	1.0
http://snomed.info/id/82115007	http://purl.org/sig/ont/fma/fma22298	1.0
http://snomed.info/id/82139002	http://purl.org/sig/ont/fma/fma59407	1.0
http://snomed.info/id/82182001	http://purl.org/sig/ont/fma/fma46621	1.0
http://snomed.info/id/82200002	http://purl.org/sig/ont/fma/fma6634	1.0
http://snomed.info/id/82210006	http://purl.org/sig/ont/fma/fma23727	1.0
http://snomed.info/id/82221002	http://purl.org/sig/ont/fma/fma63910	1.0
http://snomed.info/id/8225009	http://purl.org/sig/ont/fma/fma9485	1.0
http://snomed.info/id/82263003	http://purl.org/sig/ont/fma/fma10476	1.0
http://snomed.info/id/82266006	http://purl.org/sig/ont/fma/fma6881	1.0
http://snomed.info/id/82298000	http://purl.org/sig/ont/fma/fma46770	1.0
http://snomed.info/id/82333005	http://purl.org/sig/ont/fma/fma39987	1.0
http://snomed.info/id/82360003	http://purl.org/sig/ont/fma/fma19734	1.0
http://snomed.info/id/82365008	http://purl.org/sig/ont/fma/fma5849	1.0
http://snomed.info/id/82407001	http://purl.org/sig/ont/fma/fma7432	1.0
http://snomed.info/id/8242003	http://purl.org/sig/ont/fma/fma68662	0.91300833
http://snomed.info/id/82462005	http://purl.org/sig/ont/fma/fma20367	1.0
http://snomed.info/id/82465007	http://purl.org/sig/ont/fma/fma38481	1.0
http://snomed.info/id/82474009	http://purl.org/sig/ont/fma/fma33640	1.0
http://snomed.info/id/82475005	http://purl.org/sig/ont/fma/fma322229	0.93453449
http://snomed.info/id/82505006	http://purl.org/sig/ont/fma/fma45030	0.97732562
http://snomed.info/id/82509000	http://purl.org/sig/ont/fma/fma51246	1.0
http://snomed.info/id/8251006	http://purl.org/sig/ont/fma/fma60057	1.0
http://snomed.info/id/82517008	http://purl.org/sig/ont/fma/fma19855	1.0
http://snomed.info/id/82521001	http://purl.org/sig/ont/fma/fma322843	1.0
http://snomed.info/id/82553005	http://purl.org/sig/ont/fma/fma36948	0.9931016
http://snomed.info/id/82557006	http://purl.org/sig/ont/fma/fma6579	1.0
http://snomed.info/id/82618008	http://purl.org/sig/ont/fma/fma72267	0.91645896
http://snomed.info/id/82631003	http://purl.org/sig/ont/fma/fma22704	1.0
http://snomed.info/id/8264007	http://purl.org/sig/ont/fma/fma58301	1.0
http://snomed.info/id/82654007	http://purl.org/sig/ont/fma/fma322293	0.95593804
http://snomed.info/id/8266009	http://purl.org/sig/ont/fma/fma14938	1.0
http://snomed.info/id/82665002	http://purl.org/sig/ont/fma/fma323292	1.0
http://snomed.info/id/82680008	http://purl.org/sig/ont/fma/fma85518	1.0
http://snomed.info/id/82683005	http://purl.org/sig/ont/fma/fma72247	1.0
http://snomed.info/id/82687006	http://purl.org/sig/ont/fma/fma71175	0.90256768
http://snomed.info/id/82705008	http://purl.org/sig/ont/fma/fma77691	0.9273966
http://snomed.info/id/827061002	http://purl.org/sig/ont/fma/fma40695	1.0
http://snomed.info/id/827062009	http://purl.org/sig/ont/fma/fma40694	1.0
http://snomed.info/id/82783003	http://purl.org/sig/ont/fma/fma7804	1.0
http://snomed.info/id/82818006	http://purl.org/sig/ont/fma/fma323376	0.94630712
http://snomed.info/id/82841003	http://purl.org/sig/ont/fma/fma19668	0.97593194
http://snomed.info/id/82859000	http://purl.org/sig/ont/fma/fma58637	1.0
http://snomed.info/id/82880006	http://purl.org/sig/ont/fma/fma242176	0.93259001
http://snomed.info/id/82881005	http://purl.org/sig/ont/fma/fma77768	1.0
http://snomed.info/id/82905002	http://purl.org/sig/ont/fma/fma20427	1.0
http://snomed.info/id/8292002	http://purl.org/sig/ont/fma/fma17546	1.0
http://snomed.info/id/82925003	http://purl.org/sig/ont/fma/fma55348	1.0
http://snomed.info/id/82961008	http://purl.org/sig/ont/fma/fma21930	0.90145439
http://snomed.info/id/82965004	http://purl.org/sig/ont/fma/fma13501	0.92117763
http://snomed.info/id/830004	http://purl.org/sig/ont/fma/fma9936	1.0
http://snomed.info/id/830050001	http://purl.org/sig/ont/fma/fma7214	0.96669912
http://snomed.info/id/830051002	http://purl.org/sig/ont/fma/fma7213	0.96400261
http://snomed.info/id/830153001	http://purl.org/sig/ont/fma/fma73965	0.96723628
http://snomed.info/id/83018002	http://purl.org/sig/ont/fma/fma43942	1.0
http://snomed.info/id/83080002	http://purl.org/sig/ont/fma/fma44808	0.94262409
http://snomed.info/id/83142001	http://purl.org/sig/ont/fma/fma72640	1.0
http://snomed.info/id/83186006	http://purl.org/sig/ont/fma/fma15736	1.0
http://snomed.info/id/83193005	http://purl.org/sig/ont/fma/fma322747	0.99428844
http://snomed.info/id/83203009	http://purl.org/sig/ont/fma/fma52253	0.93406725
http://snomed.info/id/83207005	http://purl.org/sig/ont/fma/fma75829	0.90370107
http://snomed.info/id/83229009	http://purl.org/sig/ont/fma/fma22958	0.90491134
http://snomed.info/id/83251001	http://purl.org/sig/ont/fma/fma61824	1.0
http://snomed.info/id/83301008	http://purl.org/sig/ont/fma/fma18309	1.0
http://snomed.info/id/83338008	http://purl.org/sig/ont/fma/fma21870	1.0
http://snomed.info/id/8334002	http://purl.org/sig/ont/fma/fma277696	0.97169983
http://snomed.info/id/83352005	http://purl.org/sig/ont/fma/fma322795	0.94417804
http://snomed.info/id/83361005	http://purl.org/sig/ont/fma/fma322185	0.92526668
http://snomed.info/id/83380007	http://purl.org/sig/ont/fma/fma277652	1.0
http://snomed.info/id/83382004	http://purl.org/sig/ont/fma/fma44594	0.93241453
http://snomed.info/id/83392007	http://purl.org/sig/ont/fma/fma49618	0.92700714
http://snomed.info/id/83394008	http://purl.org/sig/ont/fma/fma60882	1.0
http://snomed.info/id/83419000	http://purl.org/sig/ont/fma/fma21185	1.0
http://snomed.info/id/83433000	http://purl.org/sig/ont/fma/fma274686	0.91137123
http://snomed.info/id/83488001	http://purl.org/sig/ont/fma/fma15767	1.0
http://snomed.info/id/83541003	http://purl.org/sig/ont/fma/fma51344	0.93868744
http://snomed.info/id/83543000	http://purl.org/sig/ont/fma/fma61298	1.0
http://snomed.info/id/83555006	http://purl.org/sig/ont/fma/fma30315	1.0
http://snomed.info/id/8356004	http://purl.org/sig/ont/fma/fma16612	1.0
http://snomed.info/id/83570007	http://purl.org/sig/ont/fma/fma14729	1.0
http://snomed.info/id/83571006	http://purl.org/sig/ont/fma/fma54621	1.0
http://snomed.info/id/836282002	http://purl.org/sig/ont/fma/fma22958	1.0
http://snomed.info/id/836283007	http://purl.org/sig/ont/fma/fma22958	0.95328176
http://snomed.info/id/83648003	http://purl.org/sig/ont/fma/fma268716	0.95751148
http://snomed.info/id/83673003	http://purl.org/sig/ont/fma/fma322891	0.92709327
http://snomed.info/id/8369000	http://purl.org/sig/ont/fma/fma49157	0.9674145
http://snomed.info/id/83708004	http://purl.org/sig/ont/fma/fma322749	0.98642808
http://snomed.info/id/83711003	http://purl.org/sig/ont/fma/fma17717	1.0
http://snomed.info/id/83719001	http://purl.org/sig/ont/fma/fma21861	1.0
http://snomed.info/id/83738005	http://purl.org/sig/ont/fma/fma24946	1.0
http://snomed.info/id/83742008	http://purl.org/sig/ont/fma/fma49804	1.0
http://snomed.info/id/83754008	http://purl.org/sig/ont/fma/fma65296	1.0
http://snomed.info/id/83757001	http://purl.org/sig/ont/fma/fma75470	0.92516953
http://snomed.info/id/83783006	http://purl.org/sig/ont/fma/fma70259	0.9354707
http://snomed.info/id/8387002	http://purl.org/sig/ont/fma/fma10004	1.0
http://snomed.info/id/83921002	http://purl.org/sig/ont/fma/fma5874	0.97161198
http://snomed.info/id/83936004	http://purl.org/sig/ont/fma/fma23889	0.94282705
http://snomed.info/id/83941007	http://purl.org/sig/ont/fma/fma59087	1.0
http://snomed.info/id/83959005	http://purl.org/sig/ont/fma/fma62347	1.0
http://snomed.info/id/83990007	http://purl.org/sig/ont/fma/fma78450	1.0
http://snomed.info/id/83997005	http://purl.org/sig/ont/fma/fma14808	1.0
http://snomed.info/id/84010001	http://purl.org/sig/ont/fma/fma22438	1.0
http://snomed.info/id/84013004	http://purl.org/sig/ont/fma/fma61960	1.0
http://snomed.info/id/84020006	http://purl.org/sig/ont/fma/fma16036	0.92668414
http://snomed.info/id/840703002	http://purl.org/sig/ont/fma/fma59024	0.94537306
http://snomed.info/id/840705009	http://purl.org/sig/ont/fma/fma59029	0.94709939
http://snomed.info/id/840706005	http://purl.org/sig/ont/fma/fma59028	0.9450925
http://snomed.info/id/840725008	http://purl.org/sig/ont/fma/fma17717	0.92408514
http://snomed.info/id/8412003	http://purl.org/sig/ont/fma/fma75316	0.97790021
http://snomed.info/id/84140001	http://purl.org/sig/ont/fma/fma19702	1.0
http://snomed.info/id/84159004	http://purl.org/sig/ont/fma/fma8337	0.90132171
http://snomed.info/id/84167007	http://purl.org/sig/ont/fma/fma321577	0.94670922
http://snomed.info/id/84206009	http://purl.org/sig/ont/fma/fma74419	0.98388249
http://snomed.info/id/84219008	http://purl.org/sig/ont/fma/fma12806	1.0
http://snomed.info/id/84228009	http://purl.org/sig/ont/fma/fma51914	1.0
http://snomed.info/id/84243006	http://purl.org/sig/ont/fma/fma20091	1.0
http://snomed.info/id/84248002	http://purl.org/sig/ont/fma/fma26372	1.0
http://snomed.info/id/84253007	http://purl.org/sig/ont/fma/fma9197	1.0
http://snomed.info/id/84300001	http://purl.org/sig/ont/fma/fma14273	1.0
http://snomed.info/id/84301002	http://purl.org/sig/ont/fma/fma61734	1.0
http://snomed.info/id/84365009	http://purl.org/sig/ont/fma/fma59377	0.95794719
http://snomed.info/id/84371003	http://purl.org/sig/ont/fma/fma55816	1.0
http://snomed.info/id/84383001	http://purl.org/sig/ont/fma/fma323323	1.0
http://snomed.info/id/84389002	http://purl.org/sig/ont/fma/fma14342	0.9552083
http://snomed.info/id/84441005	http://purl.org/sig/ont/fma/fma10138	0.90350276
http://snomed.info/id/84462006	http://purl.org/sig/ont/fma/fma9982	1.0
http://snomed.info/id/84465008	http://purl.org/sig/ont/fma/fma15071	1.0
http://snomed.info/id/84522009	http://purl.org/sig/ont/fma/fma23893	1.0
http://snomed.info/id/84526007	http://purl.org/sig/ont/fma/fma15915	1.0
http://snomed.info/id/84562008	http://purl.org/sig/ont/fma/fma69087	0.92796803
http://snomed.info/id/84569004	http://purl.org/sig/ont/fma/fma18610	1.0
http://snomed.info/id/84573001	http://purl.org/sig/ont/fma/fma55146	1.0
http://snomed.info/id/84578005	http://purl.org/sig/ont/fma/fma50797	1.0
http://snomed.info/id/84582007	http://purl.org/sig/ont/fma/fma12163	1.0
http://snomed.info/id/84585009	http://purl.org/sig/ont/fma/fma321586	0.97995287
http://snomed.info/id/84607009	http://purl.org/sig/ont/fma/fma323240	0.97193635
http://snomed.info/id/8464009	http://purl.org/sig/ont/fma/fma64020	0.93490642
http://snomed.info/id/84654008	http://purl.org/sig/ont/fma/fma9488	1.0
http://snomed.info/id/846574000	http://purl.org/sig/ont/fma/fma322904	0.9051643
http://snomed.info/id/846588001	http://purl.org/sig/ont/fma/fma74923	0.94582111
http://snomed.info/id/846659009	http://purl.org/sig/ont/fma/fma261236	0.92745644
http://snomed.info/id/84667006	http://purl.org/sig/ont/fma/fma9915	0.97007102
http://snomed.info/id/84680009	http://purl.org/sig/ont/fma/fma281880	1.0
http://snomed.info/id/84694005	http://purl.org/sig/ont/fma/fma21491	1.0
http://snomed.info/id/84707001	http://purl.org/sig/ont/fma/fma19396	0.93417823
http://snomed.info/id/84726009	http://purl.org/sig/ont/fma/fma77849	0.90546525
http://snomed.info/id/84734003	http://purl.org/sig/ont/fma/fma322754	0.96935999
http://snomed.info/id/84738000	http://purl.org/sig/ont/fma/fma46594	1.0
http://snomed.info/id/84782009	http://purl.org/sig/ont/fma/fma65239	1.0
http://snomed.info/id/84820005	http://purl.org/sig/ont/fma/fma321912	1.0
http://snomed.info/id/84842006	http://purl.org/sig/ont/fma/fma50839	0.93613154
http://snomed.info/id/84854006	http://purl.org/sig/ont/fma/fma54573	1.0
http://snomed.info/id/84883009	http://purl.org/sig/ont/fma/fma49962	1.0
http://snomed.info/id/84904004	http://purl.org/sig/ont/fma/fma42549	0.97306722
http://snomed.info/id/84911000	http://purl.org/sig/ont/fma/fma18902	1.0
http://snomed.info/id/84959000	http://purl.org/sig/ont/fma/fma6467	1.0
http://snomed.info/id/8496001	http://purl.org/sig/ont/fma/fma32528	0.94111365
http://snomed.info/id/85002005	http://purl.org/sig/ont/fma/fma49011	1.0
http://snomed.info/id/85003000	http://purl.org/sig/ont/fma/fma51799	1.0
http://snomed.info/id/85031009	http://purl.org/sig/ont/fma/fma322780	0.96961504
http://snomed.info/id/85033007	http://purl.org/sig/ont/fma/fma14649	1.0
http://snomed.info/id/85044004	http://purl.org/sig/ont/fma/fma322910	0.93985265
http://snomed.info/id/85050009	http://purl.org/sig/ont/fma/fma31538	0.93922025
http://snomed.info/id/85077000	http://purl.org/sig/ont/fma/fma55624	1.0
http://snomed.info/id/85139009	http://purl.org/sig/ont/fma/fma77273	1.0
http://snomed.info/id/85141005	http://purl.org/sig/ont/fma/fma35497	1.0
http://snomed.info/id/85151006	http://purl.org/sig/ont/fma/fma9714	1.0
http://snomed.info/id/85152004	http://purl.org/sig/ont/fma/fma5850	1.0
http://snomed.info/id/85168005	http://purl.org/sig/ont/fma/fma78654	0.96285558
http://snomed.info/id/85193007	http://purl.org/sig/ont/fma/fma286140	1.0
http://snomed.info/id/85210000	http://purl.org/sig/ont/fma/fma18115	0.91899055
http://snomed.info/id/85212008	http://purl.org/sig/ont/fma/fma37419	1.0
http://snomed.info/id/8523001	http://purl.org/sig/ont/fma/fma10099	1.0
http://snomed.info/id/85234005	http://purl.org/sig/ont/fma/fma3956	1.0
http://snomed.info/id/85235006	http://purl.org/sig/ont/fma/fma4694	1.0
http://snomed.info/id/85245008	http://purl.org/sig/ont/fma/fma256186	1.0
http://snomed.info/id/85259001	http://purl.org/sig/ont/fma/fma18871	1.0
http://snomed.info/id/85338005	http://purl.org/sig/ont/fma/fma46784	0.95801461
http://snomed.info/id/85380009	http://purl.org/sig/ont/fma/fma44302	1.0
http://snomed.info/id/85401006	http://purl.org/sig/ont/fma/fma35505	0.93051052
http://snomed.info/id/85412006	http://purl.org/sig/ont/fma/fma7782	0.90500057
http://snomed.info/id/85421007	http://purl.org/sig/ont/fma/fma322163	1.0
http://snomed.info/id/85439003	http://purl.org/sig/ont/fma/fma12846	1.0
http://snomed.info/id/85449000	http://purl.org/sig/ont/fma/fma26469	1.0
http://snomed.info/id/85458007	http://purl.org/sig/ont/fma/fma14956	1.0
http://snomed.info/id/85499001	http://purl.org/sig/ont/fma/fma63980	1.0
http://snomed.info/id/85528004	http://purl.org/sig/ont/fma/fma68443	1.0
http://snomed.info/id/85546005	http://purl.org/sig/ont/fma/fma62653	1.0
http://snomed.info/id/85562004	http://purl.org/sig/ont/fma/fma9712	1.0
http://snomed.info/id/85575004	http://purl.org/sig/ont/fma/fma23724	1.0
http://snomed.info/id/8560002	http://purl.org/sig/ont/fma/fma26013	1.0
http://snomed.info/id/85625005	http://purl.org/sig/ont/fma/fma32618	1.0
http://snomed.info/id/85629004	http://purl.org/sig/ont/fma/fma22441	1.0
http://snomed.info/id/85647005	http://purl.org/sig/ont/fma/fma52572	1.0
http://snomed.info/id/85655003	http://purl.org/sig/ont/fma/fma43606	0.9513492
http://snomed.info/id/85682006	http://purl.org/sig/ont/fma/fma78491	1.0
http://snomed.info/id/85695001	http://purl.org/sig/ont/fma/fma13902	1.0
http://snomed.info/id/85706002	http://purl.org/sig/ont/fma/fma59797	1.0
http://snomed.info/id/85710004	http://purl.org/sig/ont/fma/fma16592	0.9694913
http://snomed.info/id/85713002	http://purl.org/sig/ont/fma/fma9266	1.0
http://snomed.info/id/85752009	http://purl.org/sig/ont/fma/fma16483	1.0
http://snomed.info/id/85802006	http://purl.org/sig/ont/fma/fma18832	1.0
http://snomed.info/id/85803001	http://purl.org/sig/ont/fma/fma53669	1.0
http://snomed.info/id/85835001	http://purl.org/sig/ont/fma/fma14660	1.0
http://snomed.info/id/85852002	http://purl.org/sig/ont/fma/fma51236	1.0
http://snomed.info/id/85874008	http://purl.org/sig/ont/fma/fma323330	0.90111786
http://snomed.info/id/85950006	http://purl.org/sig/ont/fma/fma63006	1.0
http://snomed.info/id/8595004	http://purl.org/sig/ont/fma/fma63252	1.0
http://snomed.info/id/85966008	http://purl.org/sig/ont/fma/fma58300	0.97345793
http://snomed.info/id/8598002	http://purl.org/sig/ont/fma/fma50869	1.0
http://snomed.info/id/85989000	http://purl.org/sig/ont/fma/fma321461	1.0
http://snomed.info/id/86019002	http://purl.org/sig/ont/fma/fma294647	1.0
http://snomed.info/id/8603005	http://purl.org/sig/ont/fma/fma37454	1.0
http://snomed.info/id/86034008	http://purl.org/sig/ont/fma/fma322437	0.99549192
http://snomed.info/id/8604004	http://purl.org/sig/ont/fma/fma72623	0.94870549
http://snomed.info/id/86048008	http://purl.org/sig/ont/fma/fma26354	1.0
http://snomed.info/id/860599002	http://purl.org/sig/ont/fma/fma70740	0.92442769
http://snomed.info/id/860600004	http://purl.org/sig/ont/fma/fma70739	0.93964052
http://snomed.info/id/86064000	http://purl.org/sig/ont/fma/fma6637	1.0
http://snomed.info/id/860905007	http://purl.org/sig/ont/fma/fma223074	1.0
http://snomed.info/id/860906008	http://purl.org/sig/ont/fma/fma223075	1.0
http://snomed.info/id/860959005	http://purl.org/sig/ont/fma/fma58238	0.90310842
http://snomed.info/id/860962008	http://purl.org/sig/ont/fma/fma58240	0.92153305
http://snomed.info/id/860963003	http://purl.org/sig/ont/fma/fma58239	0.91717654
http://snomed.info/id/86104000	http://purl.org/sig/ont/fma/fma38503	1.0
http://snomed.info/id/86109005	http://purl.org/sig/ont/fma/fma51917	1.0
http://snomed.info/id/86117002	http://purl.org/sig/ont/fma/fma3947	1.0
http://snomed.info/id/86123007	http://purl.org/sig/ont/fma/fma322282	0.90415376
http://snomed.info/id/86130001	http://purl.org/sig/ont/fma/fma22844	1.0
http://snomed.info/id/86136007	http://purl.org/sig/ont/fma/fma72502	1.0
http://snomed.info/id/86153000	http://purl.org/sig/ont/fma/fma60992	1.0
http://snomed.info/id/86172000	http://purl.org/sig/ont/fma/fma38497	1.0
http://snomed.info/id/86178001	http://purl.org/sig/ont/fma/fma323090	1.0
http://snomed.info/id/86197001	http://purl.org/sig/ont/fma/fma9249	1.0
http://snomed.info/id/86230008	http://purl.org/sig/ont/fma/fma67555	1.0
http://snomed.info/id/86244002	http://purl.org/sig/ont/fma/fma18257	1.0
http://snomed.info/id/8629005	http://purl.org/sig/ont/fma/fma49914	1.0
http://snomed.info/id/86312004	http://purl.org/sig/ont/fma/fma39079	1.0
http://snomed.info/id/86364005	http://purl.org/sig/ont/fma/fma13400	1.0
http://snomed.info/id/86366007	http://purl.org/sig/ont/fma/fma21479	0.98169184
http://snomed.info/id/86387002	http://purl.org/sig/ont/fma/fma14988	1.0
http://snomed.info/id/86391007	http://purl.org/sig/ont/fma/fma86266	1.0
http://snomed.info/id/86394004	http://purl.org/sig/ont/fma/fma323370	1.0
http://snomed.info/id/8640002	http://purl.org/sig/ont/fma/fma322923	1.0
http://snomed.info/id/86419007	http://purl.org/sig/ont/fma/fma13354	1.0
http://snomed.info/id/86442000	http://purl.org/sig/ont/fma/fma59904	1.0
http://snomed.info/id/86455004	http://purl.org/sig/ont/fma/fma43898	0.95545501
http://snomed.info/id/86493009	http://purl.org/sig/ont/fma/fma15570	1.0
http://snomed.info/id/86535002	http://purl.org/sig/ont/fma/fma71396	1.0
http://snomed.info/id/86539008	http://purl.org/sig/ont/fma/fma311179	0.95360231
http://snomed.info/id/86546004	http://purl.org/sig/ont/fma/fma45072	0.93429643
http://snomed.info/id/86547008	http://purl.org/sig/ont/fma/fma43915	1.0
http://snomed.info/id/86570000	http://purl.org/sig/ont/fma/fma14750	0.90451312
http://snomed.info/id/86581002	http://purl.org/sig/ont/fma/fma44553	1.0
http://snomed.info/id/86588008	http://purl.org/sig/ont/fma/fma77671	1.0
http://snomed.info/id/865989001	http://purl.org/sig/ont/fma/fma52916	0.94066256
http://snomed.info/id/865990005	http://purl.org/sig/ont/fma/fma52915	0.94510287
http://snomed.info/id/86618006	http://purl.org/sig/ont/fma/fma32902	1.0
http://snomed.info/id/866187006	http://purl.org/sig/ont/fma/fma24761	0.92996705
http://snomed.info/id/866188001	http://purl.org/sig/ont/fma/fma52917	0.94318843
http://snomed.info/id/866189009	http://purl.org/sig/ont/fma/fma52918	0.94241458
http://snomed.info/id/866191001	http://purl.org/sig/ont/fma/fma59712	0.94412988
http://snomed.info/id/866192008	http://purl.org/sig/ont/fma/fma59713	0.93834227
http://snomed.info/id/866238002	http://purl.org/sig/ont/fma/fma72557	0.90530205
http://snomed.info/id/866241006	http://purl.org/sig/ont/fma/fma72556	0.9117887
http://snomed.info/id/86666004	http://purl.org/sig/ont/fma/fma13457	1.0
http://snomed.info/id/86671006	http://purl.org/sig/ont/fma/fma19812	1.0
http://snomed.info/id/86674003	http://purl.org/sig/ont/fma/fma18616	1.0
http://snomed.info/id/86681005	http://purl.org/sig/ont/fma/fma43899	0.92954808
http://snomed.info/id/86682003	http://purl.org/sig/ont/fma/fma323077	1.0
http://snomed.info/id/86690003	http://purl.org/sig/ont/fma/fma65443	1.0
http://snomed.info/id/86722008	http://purl.org/sig/ont/fma/fma44294	0.94616419
http://snomed.info/id/86766005	http://purl.org/sig/ont/fma/fma83727	1.0
http://snomed.info/id/86771003	http://purl.org/sig/ont/fma/fma322424	1.0
http://snomed.info/id/86786009	http://purl.org/sig/ont/fma/fma321502	1.0
http://snomed.info/id/86793008	http://purl.org/sig/ont/fma/fma70717	1.0
http://snomed.info/id/86833001	http://purl.org/sig/ont/fma/fma14992	1.0
http://snomed.info/id/86839002	http://purl.org/sig/ont/fma/fma9363	0.90197057
http://snomed.info/id/86847002	http://purl.org/sig/ont/fma/fma45072	0.97377717
http://snomed.info/id/8688004	http://purl.org/sig/ont/fma/fma62484	1.0
http://snomed.info/id/86911002	http://purl.org/sig/ont/fma/fma38177	0.90750086
http://snomed.info/id/86915006	http://purl.org/sig/ont/fma/fma68413	0.94537795
http://snomed.info/id/86961006	http://purl.org/sig/ont/fma/fma59908	1.0
http://snomed.info/id/87003004	http://purl.org/sig/ont/fma/fma76718	1.0
http://snomed.info/id/870190007	http://purl.org/sig/ont/fma/fma77155	0.90183544
http://snomed.info/id/870204002	http://purl.org/sig/ont/fma/fma16599	0.90011358
http://snomed.info/id/870205001	http://purl.org/sig/ont/fma/fma16598	0.93213004
http://snomed.info/id/870434005	http://purl.org/sig/ont/fma/fma312068	0.90388292
http://snomed.info/id/87046001	http://purl.org/sig/ont/fma/fma32822	1.0
http://snomed.info/id/870508000	http://purl.org/sig/ont/fma/fma50089	0.91179657
http://snomed.info/id/870509008	http://purl.org/sig/ont/fma/fma49963	0.91585129
http://snomed.info/id/870510003	http://purl.org/sig/ont/fma/fma318724	0.94245404
http://snomed.info/id/870511004	http://purl.org/sig/ont/fma/fma318722	0.94749367
http://snomed.info/id/870543004	http://purl.org/sig/ont/fma/fma50542	0.9016422
http://snomed.info/id/870631005	http://purl.org/sig/ont/fma/fma10665	0.91297913
http://snomed.info/id/870718008	http://purl.org/sig/ont/fma/fma59532	0.9885304
http://snomed.info/id/87077004	http://purl.org/sig/ont/fma/fma26316	1.0
http://snomed.info/id/87082006	http://purl.org/sig/ont/fma/fma23082	1.0
http://snomed.info/id/87086009	http://purl.org/sig/ont/fma/fma73986	0.93858194
http://snomed.info/id/87098004	http://purl.org/sig/ont/fma/fma323375	0.95519006
http://snomed.info/id/8710005	http://purl.org/sig/ont/fma/fma59987	0.94253612
http://snomed.info/id/87109003	http://purl.org/sig/ont/fma/fma322654	1.0
http://snomed.info/id/87141009	http://purl.org/sig/ont/fma/fma12526	1.0
http://snomed.info/id/871485008	http://purl.org/sig/ont/fma/fma67532	1.0
http://snomed.info/id/871486009	http://purl.org/sig/ont/fma/fma67532	0.9184804
http://snomed.info/id/871537009	http://purl.org/sig/ont/fma/fma3792	0.91828519
http://snomed.info/id/87160002	http://purl.org/sig/ont/fma/fma71304	0.95450521
http://snomed.info/id/87166008	http://purl.org/sig/ont/fma/fma9710	1.0
http://snomed.info/id/871756001	http://purl.org/sig/ont/fma/fma73751	0.95479226
http://snomed.info/id/87176006	http://purl.org/sig/ont/fma/fma9598	1.0
http://snomed.info/id/87183004	http://purl.org/sig/ont/fma/fma322820	1.0
http://snomed.info/id/871851004	http://purl.org/sig/ont/fma/fma73751	0.93115538
http://snomed.info/id/87187003	http://purl.org/sig/ont/fma/fma321458	1.0
http://snomed.info/id/87195004	http://purl.org/sig/ont/fma/fma19574	1.0
http://snomed.info/id/87201007	http://purl.org/sig/ont/fma/fma321462	1.0
http://snomed.info/id/87216005	http://purl.org/sig/ont/fma/fma50932	1.0
http://snomed.info/id/87218006	http://purl.org/sig/ont/fma/fma39995	1.0
http://snomed.info/id/87237002	http://purl.org/sig/ont/fma/fma53215	0.93232143
http://snomed.info/id/87263007	http://purl.org/sig/ont/fma/fma20903	0.93054688
http://snomed.info/id/87270007	http://purl.org/sig/ont/fma/fma42265	1.0
http://snomed.info/id/87286000	http://purl.org/sig/ont/fma/fma74510	1.0
http://snomed.info/id/87342007	http://purl.org/sig/ont/fma/fma74555	0.95478034
http://snomed.info/id/87408004	http://purl.org/sig/ont/fma/fma273129	1.0
http://snomed.info/id/87461007	http://purl.org/sig/ont/fma/fma42552	0.94260836
http://snomed.info/id/87474001	http://purl.org/sig/ont/fma/fma8656	1.0
http://snomed.info/id/87483006	http://purl.org/sig/ont/fma/fma68096	0.96176374
http://snomed.info/id/87488002	http://purl.org/sig/ont/fma/fma77590	1.0
http://snomed.info/id/87497003	http://purl.org/sig/ont/fma/fma23340	1.0
http://snomed.info/id/87508002	http://purl.org/sig/ont/fma/fma44270	0.94742233
http://snomed.info/id/87516006	http://purl.org/sig/ont/fma/fma322075	1.0
http://snomed.info/id/8752000	http://purl.org/sig/ont/fma/fma49817	1.0
http://snomed.info/id/87563008	http://purl.org/sig/ont/fma/fma62001	1.0
http://snomed.info/id/87583009	http://purl.org/sig/ont/fma/fma225571	0.90407372
http://snomed.info/id/87584003	http://purl.org/sig/ont/fma/fma323973	0.96221262
http://snomed.info/id/87600000	http://purl.org/sig/ont/fma/fma22755	1.0
http://snomed.info/id/87601001	http://purl.org/sig/ont/fma/fma84023	0.91223204
http://snomed.info/id/87626005	http://purl.org/sig/ont/fma/fma59789	1.0
http://snomed.info/id/87644002	http://purl.org/sig/ont/fma/fma18255	1.0
http://snomed.info/id/87685007	http://purl.org/sig/ont/fma/fma323344	1.0
http://snomed.info/id/87720008	http://purl.org/sig/ont/fma/fma298018	0.93433124
http://snomed.info/id/87740001	http://purl.org/sig/ont/fma/fma32821	1.0
http://snomed.info/id/87746007	http://purl.org/sig/ont/fma/fma17547	1.0
http://snomed.info/id/8775007	http://purl.org/sig/ont/fma/fma76697	1.0
http://snomed.info/id/87759004	http://purl.org/sig/ont/fma/fma45654	1.0
http://snomed.info/id/87770006	http://purl.org/sig/ont/fma/fma19726	1.0
http://snomed.info/id/87775001	http://purl.org/sig/ont/fma/fma45103	0.93267435
http://snomed.info/id/87792005	http://purl.org/sig/ont/fma/fma77566	0.92833954
http://snomed.info/id/87818004	http://purl.org/sig/ont/fma/fma53139	1.0
http://snomed.info/id/87857007	http://purl.org/sig/ont/fma/fma50919	1.0
http://snomed.info/id/87861001	http://purl.org/sig/ont/fma/fma40158	0.97014999
http://snomed.info/id/87871004	http://purl.org/sig/ont/fma/fma50792	0.94288665
http://snomed.info/id/87878005	http://purl.org/sig/ont/fma/fma78450	0.91214335
http://snomed.info/id/878800004	http://purl.org/sig/ont/fma/fma58632	0.96289676
http://snomed.info/id/878801000	http://purl.org/sig/ont/fma/fma58631	0.9593069
http://snomed.info/id/878863000	http://purl.org/sig/ont/fma/fma59413	0.93585461
http://snomed.info/id/878864006	http://purl.org/sig/ont/fma/fma59412	0.92599237
http://snomed.info/id/878867004	http://purl.org/sig/ont/fma/fma15696	1.0
http://snomed.info/id/878871001	http://purl.org/sig/ont/fma/fma59408	0.95455801
http://snomed.info/id/878873003	http://purl.org/sig/ont/fma/fma286419	1.0
http://snomed.info/id/87951009	http://purl.org/sig/ont/fma/fma76858	0.90309018
http://snomed.info/id/87953007	http://purl.org/sig/ont/fma/fma17886	0.95172429
http://snomed.info/id/879799008	http://purl.org/sig/ont/fma/fma286425	0.92638242
http://snomed.info/id/879806001	http://purl.org/sig/ont/fma/fma13330	1.0
http://snomed.info/id/879807005	http://purl.org/sig/ont/fma/fma13331	1.0
http://snomed.info/id/879810003	http://purl.org/sig/ont/fma/fma44338	0.95878303
http://snomed.info/id/879811004	http://purl.org/sig/ont/fma/fma44339	0.94690895
http://snomed.info/id/879812006	http://purl.org/sig/ont/fma/fma44328	1.0
http://snomed.info/id/879813001	http://purl.org/sig/ont/fma/fma44329	1.0
http://snomed.info/id/879843004	http://purl.org/sig/ont/fma/fma77662	0.93495327
http://snomed.info/id/879844005	http://purl.org/sig/ont/fma/fma77662	0.91134363
http://snomed.info/id/879848008	http://purl.org/sig/ont/fma/fma42989	0.98248219
http://snomed.info/id/879897004	http://purl.org/sig/ont/fma/fma38907	1.0
http://snomed.info/id/879898009	http://purl.org/sig/ont/fma/fma38908	1.0
http://snomed.info/id/879927005	http://purl.org/sig/ont/fma/fma234145	0.93123633
http://snomed.info/id/879928000	http://purl.org/sig/ont/fma/fma52054	0.96981549
http://snomed.info/id/879929008	http://purl.org/sig/ont/fma/fma52053	0.97138673
http://snomed.info/id/879949004	http://purl.org/sig/ont/fma/fma52108	0.96728718
http://snomed.info/id/879950004	http://purl.org/sig/ont/fma/fma52109	0.96778888
http://snomed.info/id/879971009	http://purl.org/sig/ont/fma/fma52020	0.96952581
http://snomed.info/id/879972002	http://purl.org/sig/ont/fma/fma52021	0.9661954
http://snomed.info/id/879987007	http://purl.org/sig/ont/fma/fma52019	0.95896471
http://snomed.info/id/879988002	http://purl.org/sig/ont/fma/fma52019	0.9101826
http://snomed.info/id/879989005	http://purl.org/sig/ont/fma/fma52052	0.96544343
http://snomed.info/id/879990001	http://purl.org/sig/ont/fma/fma52068	0.92231542
http://snomed.info/id/88004007	http://purl.org/sig/ont/fma/fma12858	1.0
http://snomed.info/id/88010007	http://purl.org/sig/ont/fma/fma72265	0.91783941
http://snomed.info/id/88011006	http://purl.org/sig/ont/fma/fma46794	1.0
http://snomed.info/id/88017005	http://purl.org/sig/ont/fma/fma61852	1.0
http://snomed.info/id/88033008	http://purl.org/sig/ont/fma/fma7261	1.0
http://snomed.info/id/88053007	http://purl.org/sig/ont/fma/fma15568	1.0
http://snomed.info/id/88089004	http://purl.org/sig/ont/fma/fma59378	0.97011781
http://snomed.info/id/88105006	http://purl.org/sig/ont/fma/fma12896	0.92688251
http://snomed.info/id/8814006	http://purl.org/sig/ont/fma/fma16908	1.0
http://snomed.info/id/88182006	http://purl.org/sig/ont/fma/fma26457	1.0
http://snomed.info/id/8820007	http://purl.org/sig/ont/fma/fma10068	1.0
http://snomed.info/id/88210001	http://purl.org/sig/ont/fma/fma9477	1.0
http://snomed.info/id/8821006	http://purl.org/sig/ont/fma/fma43921	1.0
http://snomed.info/id/88216007	http://purl.org/sig/ont/fma/fma323343	0.99126387
http://snomed.info/id/88229007	http://purl.org/sig/ont/fma/fma37385	1.0
http://snomed.info/id/88258005	http://purl.org/sig/ont/fma/fma58243	1.0
http://snomed.info/id/88260007	http://purl.org/sig/ont/fma/fma38244	0.9556073
http://snomed.info/id/8827005	http://purl.org/sig/ont/fma/fma37568	1.0
http://snomed.info/id/88286002	http://purl.org/sig/ont/fma/fma8674	1.0
http://snomed.info/id/88298007	http://purl.org/sig/ont/fma/fma24783	1.0
http://snomed.info/id/88340001	http://purl.org/sig/ont/fma/fma77178	1.0
http://snomed.info/id/88370006	http://purl.org/sig/ont/fma/fma46015	0.98823994
http://snomed.info/id/88384001	http://purl.org/sig/ont/fma/fma15929	1.0
http://snomed.info/id/88388003	http://purl.org/sig/ont/fma/fma9200	1.0
http://snomed.info/id/88390002	http://purl.org/sig/ont/fma/fma16064	0.94757783
http://snomed.info/id/88394006	http://purl.org/sig/ont/fma/fma43008	1.0
http://snomed.info/id/88399001	http://purl.org/sig/ont/fma/fma55064	1.0
http://snomed.info/id/88410004	http://purl.org/sig/ont/fma/fma13119	1.0
http://snomed.info/id/88422001	http://purl.org/sig/ont/fma/fma44377	0.95188469
http://snomed.info/id/88435005	http://purl.org/sig/ont/fma/fma52427	0.95459294
http://snomed.info/id/88438007	http://purl.org/sig/ont/fma/fma15036	1.0
http://snomed.info/id/88442005	http://purl.org/sig/ont/fma/fma86464	1.0
http://snomed.info/id/88449001	http://purl.org/sig/ont/fma/fma257035	0.92753017
http://snomed.info/id/8845005	http://purl.org/sig/ont/fma/fma45051	0.97141814
http://snomed.info/id/88464001	http://purl.org/sig/ont/fma/fma322778	0.97666323
http://snomed.info/id/88465000	http://purl.org/sig/ont/fma/fma46798	1.0
http://snomed.info/id/88481005	http://purl.org/sig/ont/fma/fma59791	1.0
http://snomed.info/id/885000	http://purl.org/sig/ont/fma/fma15656	1.0
http://snomed.info/id/88528000	http://purl.org/sig/ont/fma/fma77832	1.0
http://snomed.info/id/88530003	http://purl.org/sig/ont/fma/fma13379	1.0
http://snomed.info/id/8854008	http://purl.org/sig/ont/fma/fma57442	1.0
http://snomed.info/id/88556005	http://purl.org/sig/ont/fma/fma50028	0.90142983
http://snomed.info/id/88588002	http://purl.org/sig/ont/fma/fma26419	1.0
http://snomed.info/id/88593004	http://purl.org/sig/ont/fma/fma3771	1.0
http://snomed.info/id/88634001	http://purl.org/sig/ont/fma/fma6623	1.0
http://snomed.info/id/88636004	http://purl.org/sig/ont/fma/fma14949	1.0
http://snomed.info/id/88664009	http://purl.org/sig/ont/fma/fma58907	1.0
http://snomed.info/id/88692004	http://purl.org/sig/ont/fma/fma43521	1.0
http://snomed.info/id/88759001	http://purl.org/sig/ont/fma/fma6961	1.0
http://snomed.info/id/88767009	http://purl.org/sig/ont/fma/fma32623	1.0
http://snomed.info/id/88769007	http://purl.org/sig/ont/fma/fma22765	1.0
http://snomed.info/id/88775003	http://purl.org/sig/ont/fma/fma58772	1.0
http://snomed.info/id/88800004	http://purl.org/sig/ont/fma/fma52095	1.0
http://snomed.info/id/88814004	http://purl.org/sig/ont/fma/fma323145	0.90251082
http://snomed.info/id/88826009	http://purl.org/sig/ont/fma/fma10076	1.0
http://snomed.info/id/88843007	http://purl.org/sig/ont/fma/fma70375	1.0
http://snomed.info/id/88869001	http://purl.org/sig/ont/fma/fma24505	0.98056769
http://snomed.info/id/8887007	http://purl.org/sig/ont/fma/fma4723	1.0
http://snomed.info/id/88882009	http://purl.org/sig/ont/fma/fma5731	1.0
http://snomed.info/id/88938001	http://purl.org/sig/ont/fma/fma49015	1.0
http://snomed.info/id/8894005	http://purl.org/sig/ont/fma/fma14920	0.9041298
http://snomed.info/id/88964007	http://purl.org/sig/ont/fma/fma77008	0.94068402
http://snomed.info/id/890255001	http://purl.org/sig/ont/fma/fma39997	1.0
http://snomed.info/id/890257009	http://purl.org/sig/ont/fma/fma303724	0.93551332
http://snomed.info/id/890258004	http://purl.org/sig/ont/fma/fma303732	0.9321205
http://snomed.info/id/890259007	http://purl.org/sig/ont/fma/fma39999	1.0
http://snomed.info/id/890260002	http://purl.org/sig/ont/fma/fma40000	1.0
http://snomed.info/id/890261003	http://purl.org/sig/ont/fma/fma264802	0.91513109
http://snomed.info/id/890262005	http://purl.org/sig/ont/fma/fma264803	0.93131095
http://snomed.info/id/890269001	http://purl.org/sig/ont/fma/fma60367	0.9245308
http://snomed.info/id/890292001	http://purl.org/sig/ont/fma/fma59168	1.0
http://snomed.info/id/890293006	http://purl.org/sig/ont/fma/fma59169	1.0
http://snomed.info/id/890294000	http://purl.org/sig/ont/fma/fma59166	1.0
http://snomed.info/id/890295004	http://purl.org/sig/ont/fma/fma59167	1.0
http://snomed.info/id/890307004	http://purl.org/sig/ont/fma/fma59164	1.0
http://snomed.info/id/890308009	http://purl.org/sig/ont/fma/fma57790	1.0
http://snomed.info/id/890309001	http://purl.org/sig/ont/fma/fma57789	1.0
http://snomed.info/id/890310006	http://purl.org/sig/ont/fma/fma59165	1.0
http://snomed.info/id/890324005	http://purl.org/sig/ont/fma/fma265356	1.0
http://snomed.info/id/89037002	http://purl.org/sig/ont/fma/fma12797	1.0
http://snomed.info/id/8907008	http://purl.org/sig/ont/fma/fma22798	0.92715085
http://snomed.info/id/89081005	http://purl.org/sig/ont/fma/fma61922	1.0
http://snomed.info/id/89093001	http://purl.org/sig/ont/fma/fma3748	1.0
http://snomed.info/id/89110001	http://purl.org/sig/ont/fma/fma47200	1.0
http://snomed.info/id/89146005	http://purl.org/sig/ont/fma/fma76510	1.0
http://snomed.info/id/89172001	http://purl.org/sig/ont/fma/fma16199	1.0
http://snomed.info/id/89202009	http://purl.org/sig/ont/fma/fma77631	1.0
http://snomed.info/id/89221001	http://purl.org/sig/ont/fma/fma42963	1.0
http://snomed.info/id/89241006	http://purl.org/sig/ont/fma/fma22356	1.0
http://snomed.info/id/89262007	http://purl.org/sig/ont/fma/fma38637	0.94242907
http://snomed.info/id/89278009	http://purl.org/sig/ont/fma/fma61834	1.0
http://snomed.info/id/8928004	http://purl.org/sig/ont/fma/fma44226	1.0
http://snomed.info/id/89303002	http://purl.org/sig/ont/fma/fma77560	0.98081923
http://snomed.info/id/8931003	http://purl.org/sig/ont/fma/fma30769	0.9058159
http://snomed.info/id/89340005	http://purl.org/sig/ont/fma/fma11951	1.0
http://snomed.info/id/89342002	http://purl.org/sig/ont/fma/fma322661	0.98459035
http://snomed.info/id/89345000	http://purl.org/sig/ont/fma/fma55406	1.0
http://snomed.info/id/89348003	http://purl.org/sig/ont/fma/fma42305	0.94418496
http://snomed.info/id/89359007	http://purl.org/sig/ont/fma/fma74889	1.0
http://snomed.info/id/89372008	http://purl.org/sig/ont/fma/fma72252	1.0
http://snomed.info/id/894094001	http://purl.org/sig/ont/fma/fma280303	0.97702008
http://snomed.info/id/894095000	http://purl.org/sig/ont/fma/fma280301	0.98057514
http://snomed.info/id/894102006	http://purl.org/sig/ont/fma/fma58237	0.91527218
http://snomed.info/id/894103001	http://purl.org/sig/ont/fma/fma58236	0.92968488
http://snomed.info/id/8942007	http://purl.org/sig/ont/fma/fma26030	1.0
http://snomed.info/id/89471000	http://purl.org/sig/ont/fma/fma50548	1.0
http://snomed.info/id/895007	http://purl.org/sig/ont/fma/fma44614	0.98253638
http://snomed.info/id/895091004	http://purl.org/sig/ont/fma/fma77381	0.90206903
http://snomed.info/id/895092006	http://purl.org/sig/ont/fma/fma77380	0.92135113
http://snomed.info/id/895093001	http://purl.org/sig/ont/fma/fma14769	0.91619629
http://snomed.info/id/895097000	http://purl.org/sig/ont/fma/fma38299	0.90891165
http://snomed.info/id/89524008	http://purl.org/sig/ont/fma/fma301793	0.93290001
http://snomed.info/id/89527001	http://purl.org/sig/ont/fma/fma46583	1.0
http://snomed.info/id/895271003	http://purl.org/sig/ont/fma/fma10464	0.94772911
http://snomed.info/id/895272005	http://purl.org/sig/ont/fma/fma10464	0.92411804
http://snomed.info/id/89534004	http://purl.org/sig/ont/fma/fma78512	0.92639214
http://snomed.info/id/895475009	http://purl.org/sig/ont/fma/fma9714	0.95303619
http://snomed.info/id/895476005	http://purl.org/sig/ont/fma/fma9713	0.95752156
http://snomed.info/id/895715001	http://purl.org/sig/ont/fma/fma65071	1.0
http://snomed.info/id/895716000	http://purl.org/sig/ont/fma/fma65070	1.0
http://snomed.info/id/89590005	http://purl.org/sig/ont/fma/fma53298	1.0
http://snomed.info/id/89591009	http://purl.org/sig/ont/fma/fma16988	1.0
http://snomed.info/id/89602001	http://purl.org/sig/ont/fma/fma46838	1.0
http://snomed.info/id/89644007	http://purl.org/sig/ont/fma/fma53642	1.0
http://snomed.info/id/89658009	http://purl.org/sig/ont/fma/fma15605	1.0
http://snomed.info/id/8966001	http://purl.org/sig/ont/fma/fma54450	1.0
http://snomed.info/id/89685002	http://purl.org/sig/ont/fma/fma49532	1.0
http://snomed.info/id/89690004	http://purl.org/sig/ont/fma/fma56481	1.0
http://snomed.info/id/89699003	http://purl.org/sig/ont/fma/fma77860	1.0
http://snomed.info/id/897079009	http://purl.org/sig/ont/fma/fma224068	0.94080514
http://snomed.info/id/897080007	http://purl.org/sig/ont/fma/fma224068	0.92816383
http://snomed.info/id/897081006	http://purl.org/sig/ont/fma/fma53658	0.92308903
http://snomed.info/id/897082004	http://purl.org/sig/ont/fma/fma322259	0.91404837
http://snomed.info/id/897086001	http://purl.org/sig/ont/fma/fma24767	0.92073375
http://snomed.info/id/897087005	http://purl.org/sig/ont/fma/fma59380	0.92036182
http://snomed.info/id/897091000	http://purl.org/sig/ont/fma/fma224148	0.92364651
http://snomed.info/id/897093002	http://purl.org/sig/ont/fma/fma59379	0.92703342
http://snomed.info/id/897096005	http://purl.org/sig/ont/fma/fma24764	0.93822426
http://snomed.info/id/897098006	http://purl.org/sig/ont/fma/fma59378	0.92695397
http://snomed.info/id/897101005	http://purl.org/sig/ont/fma/fma322261	0.92256719
http://snomed.info/id/897102003	http://purl.org/sig/ont/fma/fma322261	0.91900557
http://snomed.info/id/897103008	http://purl.org/sig/ont/fma/fma322262	0.93232125
http://snomed.info/id/897104002	http://purl.org/sig/ont/fma/fma322262	0.92754573
http://snomed.info/id/897105001	http://purl.org/sig/ont/fma/fma24775	0.93537307
http://snomed.info/id/897106000	http://purl.org/sig/ont/fma/fma61314	0.92639887
http://snomed.info/id/897107009	http://purl.org/sig/ont/fma/fma322563	0.93155468
http://snomed.info/id/897108004	http://purl.org/sig/ont/fma/fma322563	0.93300194
http://snomed.info/id/89714002	http://purl.org/sig/ont/fma/fma70668	1.0
http://snomed.info/id/89718004	http://purl.org/sig/ont/fma/fma302929	1.0
http://snomed.info/id/89728008	http://purl.org/sig/ont/fma/fma55030	1.0
http://snomed.info/id/897660007	http://purl.org/sig/ont/fma/fma259767	0.91219926
http://snomed.info/id/897663009	http://purl.org/sig/ont/fma/fma259765	0.91278243
http://snomed.info/id/89768007	http://purl.org/sig/ont/fma/fma46651	0.94008952
http://snomed.info/id/897718000	http://purl.org/sig/ont/fma/fma52745	0.9013887
http://snomed.info/id/898146009	http://purl.org/sig/ont/fma/fma78548	0.91194266
http://snomed.info/id/89827006	http://purl.org/sig/ont/fma/fma26401	1.0
http://snomed.info/id/89831000	http://purl.org/sig/ont/fma/fma16180	1.0
http://snomed.info/id/89837001	http://purl.org/sig/ont/fma/fma15900	1.0
http://snomed.info/id/89858007	http://purl.org/sig/ont/fma/fma5962	0.90602994
http://snomed.info/id/8988001	http://purl.org/sig/ont/fma/fma276073	0.93724889
http://snomed.info/id/89895007	http://purl.org/sig/ont/fma/fma38469	0.94058514
http://snomed.info/id/89905001	http://purl.org/sig/ont/fma/fma23370	1.0
http://snomed.info/id/8993003	http://purl.org/sig/ont/fma/fma14337	1.0
http://snomed.info/id/89953002	http://purl.org/sig/ont/fma/fma54724	0.98087031
http://snomed.info/id/89971009	http://purl.org/sig/ont/fma/fma22733	0.94850034
http://snomed.info/id/89992009	http://purl.org/sig/ont/fma/fma56658	1.0
http://snomed.info/id/89995006	http://purl.org/sig/ont/fma/fma42965	1.0
http://snomed.info/id/9000002	http://purl.org/sig/ont/fma/fma272298	1.0
http://snomed.info/id/90005007	http://purl.org/sig/ont/fma/fma51905	1.0
http://snomed.info/id/90012003	http://purl.org/sig/ont/fma/fma22533	1.0
http://snomed.info/id/90024005	http://purl.org/sig/ont/fma/fma18808	1.0
http://snomed.info/id/9003000	http://purl.org/sig/ont/fma/fma72974	1.0
http://snomed.info/id/90031009	http://purl.org/sig/ont/fma/fma8121	1.0
http://snomed.info/id/90040008	http://purl.org/sig/ont/fma/fma58758	0.9319402
http://snomed.info/id/90044004	http://purl.org/sig/ont/fma/fma47170	0.94186604
http://snomed.info/id/90132000	http://purl.org/sig/ont/fma/fma14990	1.0
http://snomed.info/id/90140006	http://purl.org/sig/ont/fma/fma68016	0.9371863
http://snomed.info/id/90211001	http://purl.org/sig/ont/fma/fma26394	1.0
http://snomed.info/id/90212008	http://purl.org/sig/ont/fma/fma23479	1.0
http://snomed.info/id/90214009	http://purl.org/sig/ont/fma/fma7831	1.0
http://snomed.info/id/90219004	http://purl.org/sig/ont/fma/fma4706	1.0
http://snomed.info/id/90222002	http://purl.org/sig/ont/fma/fma49767	1.0
http://snomed.info/id/90228003	http://purl.org/sig/ont/fma/fma55023	1.0
http://snomed.info/id/90248005	http://purl.org/sig/ont/fma/fma44518	0.94770449
http://snomed.info/id/90259001	http://purl.org/sig/ont/fma/fma323367	0.96805584
http://snomed.info/id/90264002	http://purl.org/sig/ont/fma/fma45655	0.94419289
http://snomed.info/id/90274004	http://purl.org/sig/ont/fma/fma61035	1.0
http://snomed.info/id/90382001	http://purl.org/sig/ont/fma/fma7377	1.0
http://snomed.info/id/90399000	http://purl.org/sig/ont/fma/fma20502	1.0
http://snomed.info/id/9040008	http://purl.org/sig/ont/fma/fma14545	1.0
http://snomed.info/id/90411004	http://purl.org/sig/ont/fma/fma22770	0.96034759
http://snomed.info/id/90416009	http://purl.org/sig/ont/fma/fma323224	0.91477257
http://snomed.info/id/90418005	http://purl.org/sig/ont/fma/fma45642	1.0
http://snomed.info/id/90431000	http://purl.org/sig/ont/fma/fma24504	0.98190856
http://snomed.info/id/90542007	http://purl.org/sig/ont/fma/fma48971	1.0
http://snomed.info/id/90553001	http://purl.org/sig/ont/fma/fma14323	0.926727
http://snomed.info/id/90556009	http://purl.org/sig/ont/fma/fma77026	0.92379606
http://snomed.info/id/90568000	http://purl.org/sig/ont/fma/fma322441	0.97052526
http://snomed.info/id/90572001	http://purl.org/sig/ont/fma/fma7335	1.0
http://snomed.info/id/90576003	http://purl.org/sig/ont/fma/fma232196	0.92670131
http://snomed.info/id/90577007	http://purl.org/sig/ont/fma/fma19973	1.0
http://snomed.info/id/90586002	http://purl.org/sig/ont/fma/fma70488	1.0
http://snomed.info/id/90588001	http://purl.org/sig/ont/fma/fma13413	1.0
http://snomed.info/id/90597002	http://purl.org/sig/ont/fma/fma77800	0.9149406
http://snomed.info/id/90606007	http://purl.org/sig/ont/fma/fma12767	1.0
http://snomed.info/id/90626006	http://purl.org/sig/ont/fma/fma22848	1.0
http://snomed.info/id/90647005	http://purl.org/sig/ont/fma/fma37383	1.0
http://snomed.info/id/90649008	http://purl.org/sig/ont/fma/fma323292	0.90019411
http://snomed.info/id/90721008	http://purl.org/sig/ont/fma/fma19936	1.0
http://snomed.info/id/9073001	http://purl.org/sig/ont/fma/fma264274	1.0
http://snomed.info/id/90749001	http://purl.org/sig/ont/fma/fma70666	1.0
http://snomed.info/id/90752009	http://purl.org/sig/ont/fma/fma70448	1.0
http://snomed.info/id/90759000	http://purl.org/sig/ont/fma/fma52767	1.0
http://snomed.info/id/90769006	http://purl.org/sig/ont/fma/fma15647	1.0
http://snomed.info/id/90770007	http://purl.org/sig/ont/fma/fma46644	0.94122976
http://snomed.info/id/90771006	http://purl.org/sig/ont/fma/fma14332	1.0
http://snomed.info/id/90772004	http://purl.org/sig/ont/fma/fma274518	0.98674881
http://snomed.info/id/90776001	http://purl.org/sig/ont/fma/fma15403	1.0
http://snomed.info/id/90792006	http://purl.org/sig/ont/fma/fma42772	0.90627509
http://snomed.info/id/90825007	http://purl.org/sig/ont/fma/fma14916	1.0
http://snomed.info/id/90826008	http://purl.org/sig/ont/fma/fma323337	0.95129794
http://snomed.info/id/9086005	http://purl.org/sig/ont/fma/fma14324	1.0
http://snomed.info/id/90894004	http://purl.org/sig/ont/fma/fma42964	1.0
http://snomed.info/id/90895003	http://purl.org/sig/ont/fma/fma4748	1.0
http://snomed.info/id/90916002	http://purl.org/sig/ont/fma/fma52642	1.0
http://snomed.info/id/90928005	http://purl.org/sig/ont/fma/fma224852	1.0
http://snomed.info/id/90940005	http://purl.org/sig/ont/fma/fma23922	1.0
http://snomed.info/id/90946004	http://purl.org/sig/ont/fma/fma8437	1.0
http://snomed.info/id/90949006	http://purl.org/sig/ont/fma/fma7418	1.0
http://snomed.info/id/90962005	http://purl.org/sig/ont/fma/fma66389	1.0
http://snomed.info/id/90981002	http://purl.org/sig/ont/fma/fma72541	1.0
http://snomed.info/id/90986007	http://purl.org/sig/ont/fma/fma27313	1.0
http://snomed.info/id/90988008	http://purl.org/sig/ont/fma/fma14345	0.94274569
http://snomed.info/id/91000009	http://purl.org/sig/ont/fma/fma87217	0.9003737
http://snomed.info/id/91009005	http://purl.org/sig/ont/fma/fma322734	0.93971974
http://snomed.info/id/91030001	http://purl.org/sig/ont/fma/fma322801	0.97842437
http://snomed.info/id/91079009	http://purl.org/sig/ont/fma/fma18829	1.0
http://snomed.info/id/9108007	http://purl.org/sig/ont/fma/fma52426	0.94911236
http://snomed.info/id/91083009	http://purl.org/sig/ont/fma/fma3804	1.0
http://snomed.info/id/91085002	http://purl.org/sig/ont/fma/fma9489	1.0
http://snomed.info/id/91116008	http://purl.org/sig/ont/fma/fma24231	1.0
http://snomed.info/id/91129008	http://purl.org/sig/ont/fma/fma16095	1.0
http://snomed.info/id/91134007	http://purl.org/sig/ont/fma/fma7235	1.0
http://snomed.info/id/91188002	http://purl.org/sig/ont/fma/fma322440	0.93148053
http://snomed.info/id/91189005	http://purl.org/sig/ont/fma/fma55145	1.0
http://snomed.info/id/91192009	http://purl.org/sig/ont/fma/fma18095	1.0
http://snomed.info/id/91204006	http://purl.org/sig/ont/fma/fma4613	1.0
http://snomed.info/id/91207004	http://purl.org/sig/ont/fma/fma9705	1.0
http://snomed.info/id/91229000	http://purl.org/sig/ont/fma/fma7639	1.0
http://snomed.info/id/91238003	http://purl.org/sig/ont/fma/fma34175	0.91439289
http://snomed.info/id/91323002	http://purl.org/sig/ont/fma/fma322656	1.0
http://snomed.info/id/91361004	http://purl.org/sig/ont/fma/fma23628	1.0
http://snomed.info/id/91362006	http://purl.org/sig/ont/fma/fma321930	1.0
http://snomed.info/id/91394001	http://purl.org/sig/ont/fma/fma66170	1.0
http://snomed.info/id/91397008	http://purl.org/sig/ont/fma/fma276105	0.90326172
http://snomed.info/id/91467004	http://purl.org/sig/ont/fma/fma39447	1.0
http://snomed.info/id/91557006	http://purl.org/sig/ont/fma/fma20187	1.0
http://snomed.info/id/91590006	http://purl.org/sig/ont/fma/fma59802	1.0
http://snomed.info/id/91607008	http://purl.org/sig/ont/fma/fma19111	1.0
http://snomed.info/id/91609006	http://purl.org/sig/ont/fma/fma259729	0.95716006
http://snomed.info/id/91622003	http://purl.org/sig/ont/fma/fma52724	1.0
http://snomed.info/id/91642007	http://purl.org/sig/ont/fma/fma44318	1.0
http://snomed.info/id/91659002	http://purl.org/sig/ont/fma/fma12250	1.0
http://snomed.info/id/91664003	http://purl.org/sig/ont/fma/fma52883	1.0
http://snomed.info/id/91671008	http://purl.org/sig/ont/fma/fma46856	1.0
http://snomed.info/id/91674000	http://purl.org/sig/ont/fma/fma75478	1.0
http://snomed.info/id/91686002	http://purl.org/sig/ont/fma/fma265269	0.9266153
http://snomed.info/id/91688001	http://purl.org/sig/ont/fma/fma7143	1.0
http://snomed.info/id/91712004	http://purl.org/sig/ont/fma/fma84013	0.90353209
http://snomed.info/id/91717005	http://purl.org/sig/ont/fma/fma67498	1.0
http://snomed.info/id/91724006	http://purl.org/sig/ont/fma/fma26572	0.90688694
http://snomed.info/id/91725007	http://purl.org/sig/ont/fma/fma9689	1.0
http://snomed.info/id/91730006	http://purl.org/sig/ont/fma/fma10664	1.0
http://snomed.info/id/91731005	http://purl.org/sig/ont/fma/fma10659	1.0
http://snomed.info/id/91732003	http://purl.org/sig/ont/fma/fma79658	1.0
http://snomed.info/id/91733008	http://purl.org/sig/ont/fma/fma66241	0.93848711
http://snomed.info/id/91734002	http://purl.org/sig/ont/fma/fma3994	0.94802356
http://snomed.info/id/91735001	http://purl.org/sig/ont/fma/fma14754	1.0
http://snomed.info/id/91736000	http://purl.org/sig/ont/fma/fma14863	1.0
http://snomed.info/id/91737009	http://purl.org/sig/ont/fma/fma75434	0.92462701
http://snomed.info/id/91741008	http://purl.org/sig/ont/fma/fma322860	1.0
http://snomed.info/id/91742001	http://purl.org/sig/ont/fma/fma322861	1.0
http://snomed.info/id/91743006	http://purl.org/sig/ont/fma/fma322862	1.0
http://snomed.info/id/91744000	http://purl.org/sig/ont/fma/fma7095	1.0
http://snomed.info/id/91748002	http://purl.org/sig/ont/fma/fma20082	0.90263551
http://snomed.info/id/91749005	http://purl.org/sig/ont/fma/fma322900	0.90471768
http://snomed.info/id/91750005	http://purl.org/sig/ont/fma/fma322901	1.0
http://snomed.info/id/91751009	http://purl.org/sig/ont/fma/fma322902	1.0
http://snomed.info/id/91752002	http://purl.org/sig/ont/fma/fma322903	1.0
http://snomed.info/id/91756004	http://purl.org/sig/ont/fma/fma322907	0.90309161
http://snomed.info/id/91760001	http://purl.org/sig/ont/fma/fma322904	0.9625774
http://snomed.info/id/91765006	http://purl.org/sig/ont/fma/fma15626	1.0
http://snomed.info/id/91779003	http://purl.org/sig/ont/fma/fma22810	1.0
http://snomed.info/id/91781001	http://purl.org/sig/ont/fma/fma22811	1.0
http://snomed.info/id/91782008	http://purl.org/sig/ont/fma/fma77144	1.0
http://snomed.info/id/91783003	http://purl.org/sig/ont/fma/fma22820	1.0
http://snomed.info/id/91784009	http://purl.org/sig/ont/fma/fma22817	1.0
http://snomed.info/id/91787002	http://purl.org/sig/ont/fma/fma321491	1.0
http://snomed.info/id/91788007	http://purl.org/sig/ont/fma/fma22761	0.94669908
http://snomed.info/id/91793005	http://purl.org/sig/ont/fma/fma321492	0.93104291
http://snomed.info/id/91797006	http://purl.org/sig/ont/fma/fma22763	1.0
http://snomed.info/id/9188009	http://purl.org/sig/ont/fma/fma13505	0.91403073
http://snomed.info/id/921006	http://purl.org/sig/ont/fma/fma55152	1.0
http://snomed.info/id/9212008	http://purl.org/sig/ont/fma/fma43011	1.0
http://snomed.info/id/9229006	http://purl.org/sig/ont/fma/fma23084	1.0
http://snomed.info/id/9231002	http://purl.org/sig/ont/fma/fma44488	0.92481029
http://snomed.info/id/9242006	http://purl.org/sig/ont/fma/fma14499	1.0
http://snomed.info/id/9261005	http://purl.org/sig/ont/fma/fma45009	0.93397427
http://snomed.info/id/9262003	http://purl.org/sig/ont/fma/fma19725	1.0
http://snomed.info/id/9284003	http://purl.org/sig/ont/fma/fma321004	1.0
http://snomed.info/id/9305001	http://purl.org/sig/ont/fma/fma52541	0.91768849
http://snomed.info/id/9317004	http://purl.org/sig/ont/fma/fma83606	1.0
http://snomed.info/id/9320007	http://purl.org/sig/ont/fma/fma45022	1.0
http://snomed.info/id/9321006	http://purl.org/sig/ont/fma/fma18261	1.0
http://snomed.info/id/9325002	http://purl.org/sig/ont/fma/fma77187	0.96274388
http://snomed.info/id/9332006	http://purl.org/sig/ont/fma/fma57071	1.0
http://snomed.info/id/9348007	http://purl.org/sig/ont/fma/fma38468	0.91654974
http://snomed.info/id/9384000	http://purl.org/sig/ont/fma/fma15370	1.0
http://snomed.info/id/9390001	http://purl.org/sig/ont/fma/fma322314	1.0
http://snomed.info/id/9438006	http://purl.org/sig/ont/fma/fma14218	1.0
http://snomed.info/id/9454009	http://purl.org/sig/ont/fma/fma4725	1.0
http://snomed.info/id/947002	http://purl.org/sig/ont/fma/fma322326	0.92326552
http://snomed.info/id/9481009	http://purl.org/sig/ont/fma/fma272216	1.0
http://snomed.info/id/9490002	http://purl.org/sig/ont/fma/fma9739	1.0
http://snomed.info/id/9498009	http://purl.org/sig/ont/fma/fma33798	1.0
http://snomed.info/id/9512009	http://purl.org/sig/ont/fma/fma44242	0.92426538
http://snomed.info/id/9535007	http://purl.org/sig/ont/fma/fma75254	1.0
http://snomed.info/id/955009	http://purl.org/sig/ont/fma/fma26660	0.92884797
http://snomed.info/id/95955004	http://purl.org/sig/ont/fma/fma7489	0.93589139
http://snomed.info/id/9596006	http://purl.org/sig/ont/fma/fma44877	1.0
http://snomed.info/id/9609000	http://purl.org/sig/ont/fma/fma59580	1.0
http://snomed.info/id/9642004	http://purl.org/sig/ont/fma/fma50778	0.94150901
http://snomed.info/id/9646001	http://purl.org/sig/ont/fma/fma25950	0.94202012
http://snomed.info/id/9659009	http://purl.org/sig/ont/fma/fma14193	1.0
http://snomed.info/id/9668006	http://purl.org/sig/ont/fma/fma49151	1.0
http://snomed.info/id/9677004	http://purl.org/sig/ont/fma/fma42986	1.0
http://snomed.info/id/9684007	http://purl.org/sig/ont/fma/fma20752	0.92275566
http://snomed.info/id/9708001	http://purl.org/sig/ont/fma/fma18097	1.0
http://snomed.info/id/9736006	http://purl.org/sig/ont/fma/fma24940	1.0
http://snomed.info/id/976004	http://purl.org/sig/ont/fma/fma14346	1.0
http://snomed.info/id/9783008	http://purl.org/sig/ont/fma/fma52125	1.0
http://snomed.info/id/9791004	http://purl.org/sig/ont/fma/fma321548	0.90504259
http://snomed.info/id/9825007	http://purl.org/sig/ont/fma/fma32621	1.0
http://snomed.info/id/9837009	http://purl.org/sig/ont/fma/fma70370	1.0
http://snomed.info/id/9841008	http://purl.org/sig/ont/fma/fma22846	1.0
http://snomed.info/id/9846003	http://purl.org/sig/ont/fma/fma7204	1.0
http://snomed.info/id/9847007	http://purl.org/sig/ont/fma/fma15646	1.0
http://snomed.info/id/9849005	http://purl.org/sig/ont/fma/fma77674	1.0
http://snomed.info/id/9870004	http://purl.org/sig/ont/fma/fma78586	0.95683122
http://snomed.info/id/9875009	http://purl.org/sig/ont/fma/fma9607	1.0
http://snomed.info/id/9878006	http://purl.org/sig/ont/fma/fma15410	0.93988001
http://snomed.info/id/9880000	http://purl.org/sig/ont/fma/fma55288	1.0
http://snomed.info/id/9891007	http://purl.org/sig/ont/fma/fma46582	1.0
http://snomed.info/id/9898001	http://purl.org/sig/ont/fma/fma77534	1.0
http://snomed.info/id/9951005	http://purl.org/sig/ont/fma/fma52714	1.0
http://snomed.info/id/996007	http://purl.org/sig/ont/fma/fma49618	1.0
http://snomed.info/id/9994000	http://purl.org/sig/ont/fma/fma9963	1.0
http://snomed.info/id/9999005	http://purl.org/sig/ont/fma/fma14927	1.0
