SrcEntity	TgtEntity	Score
http://snomed.info/id/10020007	http://ncicb.nci.nih.gov/xml/owl/EVS/Thesaurus.owl#C65264	1.0
http://snomed.info/id/10099000	http://ncicb.nci.nih.gov/xml/owl/EVS/Thesaurus.owl#C47578	0.98335165
http://snomed.info/id/1012961000168107	http://ncicb.nci.nih.gov/xml/owl/EVS/Thesaurus.owl#C170127	1.0
http://snomed.info/id/10174003	http://ncicb.nci.nih.gov/xml/owl/EVS/Thesaurus.owl#C773	1.0
http://snomed.info/id/10202007	http://ncicb.nci.nih.gov/xml/owl/EVS/Thesaurus.owl#C121971	0.87234169
http://snomed.info/id/102640000	http://ncicb.nci.nih.gov/xml/owl/EVS/Thesaurus.owl#C166836	1.0
http://snomed.info/id/102646006	http://ncicb.nci.nih.gov/xml/owl/EVS/Thesaurus.owl#C63655	1.0
http://snomed.info/id/102649004	http://ncicb.nci.nih.gov/xml/owl/EVS/Thesaurus.owl#C61782	1.0
http://snomed.info/id/102711007	http://ncicb.nci.nih.gov/xml/owl/EVS/Thesaurus.owl#C61911	1.0
http://snomed.info/id/103024009	http://ncicb.nci.nih.gov/xml/owl/EVS/Thesaurus.owl#C146993	0.87075782
http://snomed.info/id/10313008	http://ncicb.nci.nih.gov/xml/owl/EVS/Thesaurus.owl#C84052	1.0
http://snomed.info/id/10333007	http://ncicb.nci.nih.gov/xml/owl/EVS/Thesaurus.owl#C77344	1.0
http://snomed.info/id/1039008	http://ncicb.nci.nih.gov/xml/owl/EVS/Thesaurus.owl#C195	0.96686673
http://snomed.info/id/10555000	http://ncicb.nci.nih.gov/xml/owl/EVS/Thesaurus.owl#C66607	0.9765839
http://snomed.info/id/10595003	http://ncicb.nci.nih.gov/xml/owl/EVS/Thesaurus.owl#C47696	1.0
http://snomed.info/id/10756001	http://ncicb.nci.nih.gov/xml/owl/EVS/Thesaurus.owl#C537	0.98171926
http://snomed.info/id/10784006	http://ncicb.nci.nih.gov/xml/owl/EVS/Thesaurus.owl#C29710	0.96643674
http://snomed.info/id/108375002	http://ncicb.nci.nih.gov/xml/owl/EVS/Thesaurus.owl#C47583	1.0
http://snomed.info/id/108377005	http://ncicb.nci.nih.gov/xml/owl/EVS/Thesaurus.owl#C65374	1.0
http://snomed.info/id/108379008	http://ncicb.nci.nih.gov/xml/owl/EVS/Thesaurus.owl#C66513	0.98621601
http://snomed.info/id/108383008	http://ncicb.nci.nih.gov/xml/owl/EVS/Thesaurus.owl#C47700	1.0
http://snomed.info/id/108386000	http://ncicb.nci.nih.gov/xml/owl/EVS/Thesaurus.owl#C29416	0.98934567
http://snomed.info/id/108389007	http://ncicb.nci.nih.gov/xml/owl/EVS/Thesaurus.owl#C76932	0.89725971
http://snomed.info/id/108395008	http://ncicb.nci.nih.gov/xml/owl/EVS/Thesaurus.owl#C47717	0.97948855
http://snomed.info/id/108400009	http://ncicb.nci.nih.gov/xml/owl/EVS/Thesaurus.owl#C47764	0.98257405
http://snomed.info/id/108403006	http://ncicb.nci.nih.gov/xml/owl/EVS/Thesaurus.owl#C66602	0.97314918
http://snomed.info/id/108404000	http://ncicb.nci.nih.gov/xml/owl/EVS/Thesaurus.owl#C47755	1.0
http://snomed.info/id/108406003	http://ncicb.nci.nih.gov/xml/owl/EVS/Thesaurus.owl#C47789	0.98716223
http://snomed.info/id/108408002	http://ncicb.nci.nih.gov/xml/owl/EVS/Thesaurus.owl#C61857	0.99165511
http://snomed.info/id/108411001	http://ncicb.nci.nih.gov/xml/owl/EVS/Thesaurus.owl#C61930	0.990197
http://snomed.info/id/108415005	http://ncicb.nci.nih.gov/xml/owl/EVS/Thesaurus.owl#C867	0.98053133
http://snomed.info/id/108417002	http://ncicb.nci.nih.gov/xml/owl/EVS/Thesaurus.owl#C94726	0.84786469
http://snomed.info/id/108418007	http://ncicb.nci.nih.gov/xml/owl/EVS/Thesaurus.owl#C1119	0.98294777
http://snomed.info/id/108419004	http://ncicb.nci.nih.gov/xml/owl/EVS/Thesaurus.owl#C48007	1.0
http://snomed.info/id/108421009	http://ncicb.nci.nih.gov/xml/owl/EVS/Thesaurus.owl#C61735	0.97484612
http://snomed.info/id/108422002	http://ncicb.nci.nih.gov/xml/owl/EVS/Thesaurus.owl#C1153	0.98732191
http://snomed.info/id/108424001	http://ncicb.nci.nih.gov/xml/owl/EVS/Thesaurus.owl#C62031	0.97220749
http://snomed.info/id/108425000	http://ncicb.nci.nih.gov/xml/owl/EVS/Thesaurus.owl#C1353	1.0
http://snomed.info/id/108430001	http://ncicb.nci.nih.gov/xml/owl/EVS/Thesaurus.owl#C29265	0.98514509
http://snomed.info/id/108432009	http://ncicb.nci.nih.gov/xml/owl/EVS/Thesaurus.owl#C1278	0.98834342
http://snomed.info/id/108434005	http://ncicb.nci.nih.gov/xml/owl/EVS/Thesaurus.owl#C29540	1.0
http://snomed.info/id/108435006	http://ncicb.nci.nih.gov/xml/owl/EVS/Thesaurus.owl#C61859	0.98259985
http://snomed.info/id/108436007	http://ncicb.nci.nih.gov/xml/owl/EVS/Thesaurus.owl#C29283	1.0
http://snomed.info/id/108438008	http://ncicb.nci.nih.gov/xml/owl/EVS/Thesaurus.owl#C47672	0.98594248
http://snomed.info/id/108446009	http://ncicb.nci.nih.gov/xml/owl/EVS/Thesaurus.owl#C83966	0.98411733
http://snomed.info/id/108449002	http://ncicb.nci.nih.gov/xml/owl/EVS/Thesaurus.owl#C80999	0.97913998
http://snomed.info/id/108450002	http://ncicb.nci.nih.gov/xml/owl/EVS/Thesaurus.owl#C47709	1.0
http://snomed.info/id/108455007	http://ncicb.nci.nih.gov/xml/owl/EVS/Thesaurus.owl#C77368	0.96401525
http://snomed.info/id/108456008	http://ncicb.nci.nih.gov/xml/owl/EVS/Thesaurus.owl#C66393	1.0
http://snomed.info/id/108458009	http://ncicb.nci.nih.gov/xml/owl/EVS/Thesaurus.owl#C81000	0.98634815
http://snomed.info/id/108459001	http://ncicb.nci.nih.gov/xml/owl/EVS/Thesaurus.owl#C65472	1.0
http://snomed.info/id/108461005	http://ncicb.nci.nih.gov/xml/owl/EVS/Thesaurus.owl#C61976	0.9810921
http://snomed.info/id/108464002	http://ncicb.nci.nih.gov/xml/owl/EVS/Thesaurus.owl#C47762	0.98055422
http://snomed.info/id/108468004	http://ncicb.nci.nih.gov/xml/owl/EVS/Thesaurus.owl#C61886	0.97917438
http://snomed.info/id/108469007	http://ncicb.nci.nih.gov/xml/owl/EVS/Thesaurus.owl#C47665	0.98717391
http://snomed.info/id/108473005	http://ncicb.nci.nih.gov/xml/owl/EVS/Thesaurus.owl#C61931	0.99015945
http://snomed.info/id/108474004	http://ncicb.nci.nih.gov/xml/owl/EVS/Thesaurus.owl#C47710	1.0
http://snomed.info/id/108476002	http://ncicb.nci.nih.gov/xml/owl/EVS/Thesaurus.owl#C29506	0.79962134
http://snomed.info/id/108478001	http://ncicb.nci.nih.gov/xml/owl/EVS/Thesaurus.owl#C60773	0.97047937
http://snomed.info/id/108480007	http://ncicb.nci.nih.gov/xml/owl/EVS/Thesaurus.owl#C61848	0.980106
http://snomed.info/id/108481006	http://ncicb.nci.nih.gov/xml/owl/EVS/Thesaurus.owl#C29263	1.0
http://snomed.info/id/108482004	http://ncicb.nci.nih.gov/xml/owl/EVS/Thesaurus.owl#C26670	1.0
http://snomed.info/id/108489008	http://ncicb.nci.nih.gov/xml/owl/EVS/Thesaurus.owl#C47626	0.76868933
http://snomed.info/id/108492007	http://ncicb.nci.nih.gov/xml/owl/EVS/Thesaurus.owl#C47561	1.0
http://snomed.info/id/108494008	http://ncicb.nci.nih.gov/xml/owl/EVS/Thesaurus.owl#C61961	0.98226374
http://snomed.info/id/108497001	http://ncicb.nci.nih.gov/xml/owl/EVS/Thesaurus.owl#C66874	0.98316199
http://snomed.info/id/108500007	http://ncicb.nci.nih.gov/xml/owl/EVS/Thesaurus.owl#C652	1.0
http://snomed.info/id/108505002	http://ncicb.nci.nih.gov/xml/owl/EVS/Thesaurus.owl#C29508	1.0
http://snomed.info/id/108507005	http://ncicb.nci.nih.gov/xml/owl/EVS/Thesaurus.owl#C29507	0.98770475
http://snomed.info/id/108508000	http://ncicb.nci.nih.gov/xml/owl/EVS/Thesaurus.owl#C47627	0.98239017
http://snomed.info/id/108510003	http://ncicb.nci.nih.gov/xml/owl/EVS/Thesaurus.owl#C47526	0.97878498
http://snomed.info/id/108512006	http://ncicb.nci.nih.gov/xml/owl/EVS/Thesaurus.owl#C1219	0.98650384
http://snomed.info/id/108515008	http://ncicb.nci.nih.gov/xml/owl/EVS/Thesaurus.owl#C47983	1.0
http://snomed.info/id/108518005	http://ncicb.nci.nih.gov/xml/owl/EVS/Thesaurus.owl#C29307	1.0
http://snomed.info/id/108526002	http://ncicb.nci.nih.gov/xml/owl/EVS/Thesaurus.owl#C66879	0.98831224
http://snomed.info/id/108527006	http://ncicb.nci.nih.gov/xml/owl/EVS/Thesaurus.owl#C29840	1.0
http://snomed.info/id/108530004	http://ncicb.nci.nih.gov/xml/owl/EVS/Thesaurus.owl#C87448	0.98342919
http://snomed.info/id/108533002	http://ncicb.nci.nih.gov/xml/owl/EVS/Thesaurus.owl#C47577	0.99130023
http://snomed.info/id/108535009	http://ncicb.nci.nih.gov/xml/owl/EVS/Thesaurus.owl#C29046	0.97992516
http://snomed.info/id/108539003	http://ncicb.nci.nih.gov/xml/owl/EVS/Thesaurus.owl#C61846	0.96811652
http://snomed.info/id/108540001	http://ncicb.nci.nih.gov/xml/owl/EVS/Thesaurus.owl#C47620	1.0
http://snomed.info/id/108542009	http://ncicb.nci.nih.gov/xml/owl/EVS/Thesaurus.owl#C66336	0.98289311
http://snomed.info/id/108544005	http://ncicb.nci.nih.gov/xml/owl/EVS/Thesaurus.owl#C65291	0.98567152
http://snomed.info/id/108547003	http://ncicb.nci.nih.gov/xml/owl/EVS/Thesaurus.owl#C61653	0.98794681
http://snomed.info/id/108551001	http://ncicb.nci.nih.gov/xml/owl/EVS/Thesaurus.owl#C28906	0.98941487
http://snomed.info/id/108553003	http://ncicb.nci.nih.gov/xml/owl/EVS/Thesaurus.owl#C61779	0.97196788
http://snomed.info/id/108559004	http://ncicb.nci.nih.gov/xml/owl/EVS/Thesaurus.owl#C75055	0.97428983
http://snomed.info/id/108560009	http://ncicb.nci.nih.gov/xml/owl/EVS/Thesaurus.owl#C29486	1.0
http://snomed.info/id/108564000	http://ncicb.nci.nih.gov/xml/owl/EVS/Thesaurus.owl#C29411	0.99064851
http://snomed.info/id/108566003	http://ncicb.nci.nih.gov/xml/owl/EVS/Thesaurus.owl#C83967	0.98869246
http://snomed.info/id/108572003	http://ncicb.nci.nih.gov/xml/owl/EVS/Thesaurus.owl#C61645	0.98906541
http://snomed.info/id/108575001	http://ncicb.nci.nih.gov/xml/owl/EVS/Thesaurus.owl#C29159	0.98504603
http://snomed.info/id/108578004	http://ncicb.nci.nih.gov/xml/owl/EVS/Thesaurus.owl#C62074	0.99023414
http://snomed.info/id/108581009	http://ncicb.nci.nih.gov/xml/owl/EVS/Thesaurus.owl#C47781	0.98502356
http://snomed.info/id/108587008	http://ncicb.nci.nih.gov/xml/owl/EVS/Thesaurus.owl#C65284	0.98756504
http://snomed.info/id/108590002	http://ncicb.nci.nih.gov/xml/owl/EVS/Thesaurus.owl#C61759	1.0
http://snomed.info/id/108594006	http://ncicb.nci.nih.gov/xml/owl/EVS/Thesaurus.owl#C47514	1.0
http://snomed.info/id/108597004	http://ncicb.nci.nih.gov/xml/owl/EVS/Thesaurus.owl#C28919	1.0
http://snomed.info/id/108600003	http://ncicb.nci.nih.gov/xml/owl/EVS/Thesaurus.owl#C61527	0.98394799
http://snomed.info/id/108601004	http://ncicb.nci.nih.gov/xml/owl/EVS/Thesaurus.owl#C28837	1.0
http://snomed.info/id/108603001	http://ncicb.nci.nih.gov/xml/owl/EVS/Thesaurus.owl#C29047	0.98441237
http://snomed.info/id/108605008	http://ncicb.nci.nih.gov/xml/owl/EVS/Thesaurus.owl#C29443	0.9749729
http://snomed.info/id/108606009	http://ncicb.nci.nih.gov/xml/owl/EVS/Thesaurus.owl#C61935	1.0
http://snomed.info/id/108608005	http://ncicb.nci.nih.gov/xml/owl/EVS/Thesaurus.owl#C75928	1.0
http://snomed.info/id/108611006	http://ncicb.nci.nih.gov/xml/owl/EVS/Thesaurus.owl#C61893	0.96308541
http://snomed.info/id/108614003	http://ncicb.nci.nih.gov/xml/owl/EVS/Thesaurus.owl#C47785	0.98336798
http://snomed.info/id/108617005	http://ncicb.nci.nih.gov/xml/owl/EVS/Thesaurus.owl#C26667	1.0
http://snomed.info/id/108620002	http://ncicb.nci.nih.gov/xml/owl/EVS/Thesaurus.owl#C47625	1.0
http://snomed.info/id/108622005	http://ncicb.nci.nih.gov/xml/owl/EVS/Thesaurus.owl#C1027	0.98151344
http://snomed.info/id/108627004	http://ncicb.nci.nih.gov/xml/owl/EVS/Thesaurus.owl#C66225	0.98016208
http://snomed.info/id/108629001	http://ncicb.nci.nih.gov/xml/owl/EVS/Thesaurus.owl#C47635	1.0
http://snomed.info/id/108632003	http://ncicb.nci.nih.gov/xml/owl/EVS/Thesaurus.owl#C61767	0.9819811
http://snomed.info/id/108644000	http://ncicb.nci.nih.gov/xml/owl/EVS/Thesaurus.owl#C61643	0.98314792
http://snomed.info/id/108650005	http://ncicb.nci.nih.gov/xml/owl/EVS/Thesaurus.owl#C61764	0.98727131
http://snomed.info/id/108656004	http://ncicb.nci.nih.gov/xml/owl/EVS/Thesaurus.owl#C28920	1.0
http://snomed.info/id/108661002	http://ncicb.nci.nih.gov/xml/owl/EVS/Thesaurus.owl#C29702	0.84982109
http://snomed.info/id/108665006	http://ncicb.nci.nih.gov/xml/owl/EVS/Thesaurus.owl#C1404	0.74727339
http://snomed.info/id/108666007	http://ncicb.nci.nih.gov/xml/owl/EVS/Thesaurus.owl#C29150	0.98300219
http://snomed.info/id/108673002	http://ncicb.nci.nih.gov/xml/owl/EVS/Thesaurus.owl#C1176	0.95318443
http://snomed.info/id/108674008	http://ncicb.nci.nih.gov/xml/owl/EVS/Thesaurus.owl#C66254	1.0
http://snomed.info/id/108681001	http://ncicb.nci.nih.gov/xml/owl/EVS/Thesaurus.owl#C65838	0.9801712
http://snomed.info/id/108682008	http://ncicb.nci.nih.gov/xml/owl/EVS/Thesaurus.owl#C65839	1.0
http://snomed.info/id/108688007	http://ncicb.nci.nih.gov/xml/owl/EVS/Thesaurus.owl#C1600	0.97944915
http://snomed.info/id/108690008	http://ncicb.nci.nih.gov/xml/owl/EVS/Thesaurus.owl#C1428	0.97372073
http://snomed.info/id/108696002	http://ncicb.nci.nih.gov/xml/owl/EVS/Thesaurus.owl#C1662	1.0
http://snomed.info/id/108698001	http://ncicb.nci.nih.gov/xml/owl/EVS/Thesaurus.owl#C1471	0.98294151
http://snomed.info/id/108700005	http://ncicb.nci.nih.gov/xml/owl/EVS/Thesaurus.owl#C29444	0.98913765
http://snomed.info/id/108709006	http://ncicb.nci.nih.gov/xml/owl/EVS/Thesaurus.owl#C1589	0.98009944
http://snomed.info/id/108710001	http://ncicb.nci.nih.gov/xml/owl/EVS/Thesaurus.owl#C65366	1.0
http://snomed.info/id/108713004	http://ncicb.nci.nih.gov/xml/owl/EVS/Thesaurus.owl#C61928	1.0
http://snomed.info/id/108715006	http://ncicb.nci.nih.gov/xml/owl/EVS/Thesaurus.owl#C226	0.98476553
http://snomed.info/id/108754007	http://ncicb.nci.nih.gov/xml/owl/EVS/Thesaurus.owl#C87680	0.98136437
http://snomed.info/id/108755008	http://ncicb.nci.nih.gov/xml/owl/EVS/Thesaurus.owl#C65805	1.0
http://snomed.info/id/108759002	http://ncicb.nci.nih.gov/xml/owl/EVS/Thesaurus.owl#C1282	0.97378522
http://snomed.info/id/108763009	http://ncicb.nci.nih.gov/xml/owl/EVS/Thesaurus.owl#C1094	0.98576683
http://snomed.info/id/108766001	http://ncicb.nci.nih.gov/xml/owl/EVS/Thesaurus.owl#C1599	0.96859163
http://snomed.info/id/108768000	http://ncicb.nci.nih.gov/xml/owl/EVS/Thesaurus.owl#C479	0.97689968
http://snomed.info/id/108771008	http://ncicb.nci.nih.gov/xml/owl/EVS/Thesaurus.owl#C1374	1.0
http://snomed.info/id/108774000	http://ncicb.nci.nih.gov/xml/owl/EVS/Thesaurus.owl#C1607	0.98384655
http://snomed.info/id/108777007	http://ncicb.nci.nih.gov/xml/owl/EVS/Thesaurus.owl#C1527	0.98295033
http://snomed.info/id/108779005	http://ncicb.nci.nih.gov/xml/owl/EVS/Thesaurus.owl#C1413	0.97430742
http://snomed.info/id/108780008	http://ncicb.nci.nih.gov/xml/owl/EVS/Thesaurus.owl#C1748	0.97670889
http://snomed.info/id/108781007	http://ncicb.nci.nih.gov/xml/owl/EVS/Thesaurus.owl#C2828	1.0
http://snomed.info/id/108783005	http://ncicb.nci.nih.gov/xml/owl/EVS/Thesaurus.owl#C62040	0.98295301
http://snomed.info/id/108792008	http://ncicb.nci.nih.gov/xml/owl/EVS/Thesaurus.owl#C1275	0.9804678
http://snomed.info/id/108794009	http://ncicb.nci.nih.gov/xml/owl/EVS/Thesaurus.owl#C1395	1.0
http://snomed.info/id/108800000	http://ncicb.nci.nih.gov/xml/owl/EVS/Thesaurus.owl#C1336	0.96788001
http://snomed.info/id/108806006	http://ncicb.nci.nih.gov/xml/owl/EVS/Thesaurus.owl#C1526	0.98307419
http://snomed.info/id/108811008	http://ncicb.nci.nih.gov/xml/owl/EVS/Thesaurus.owl#C66876	0.98247606
http://snomed.info/id/108812001	http://ncicb.nci.nih.gov/xml/owl/EVS/Thesaurus.owl#C1557	0.84446573
http://snomed.info/id/108816003	http://ncicb.nci.nih.gov/xml/owl/EVS/Thesaurus.owl#C76306	0.97751856
http://snomed.info/id/108817007	http://ncicb.nci.nih.gov/xml/owl/EVS/Thesaurus.owl#C1420	1.0
http://snomed.info/id/108823002	http://ncicb.nci.nih.gov/xml/owl/EVS/Thesaurus.owl#C488	0.98060721
http://snomed.info/id/108827001	http://ncicb.nci.nih.gov/xml/owl/EVS/Thesaurus.owl#C65269	0.98240542
http://snomed.info/id/108831007	http://ncicb.nci.nih.gov/xml/owl/EVS/Thesaurus.owl#C61844	0.98554903
http://snomed.info/id/108834004	http://ncicb.nci.nih.gov/xml/owl/EVS/Thesaurus.owl#C62026	0.9786827
http://snomed.info/id/108836002	http://ncicb.nci.nih.gov/xml/owl/EVS/Thesaurus.owl#C47420	0.97700369
http://snomed.info/id/108838001	http://ncicb.nci.nih.gov/xml/owl/EVS/Thesaurus.owl#C29151	0.981718
http://snomed.info/id/108842003	http://ncicb.nci.nih.gov/xml/owl/EVS/Thesaurus.owl#C47469	1.0
http://snomed.info/id/108843008	http://ncicb.nci.nih.gov/xml/owl/EVS/Thesaurus.owl#C61867	1.0
http://snomed.info/id/108847009	http://ncicb.nci.nih.gov/xml/owl/EVS/Thesaurus.owl#C61744	1.0
http://snomed.info/id/108849007	http://ncicb.nci.nih.gov/xml/owl/EVS/Thesaurus.owl#C66576	1.0
http://snomed.info/id/108852004	http://ncicb.nci.nih.gov/xml/owl/EVS/Thesaurus.owl#C47705	0.98858356
http://snomed.info/id/108859008	http://ncicb.nci.nih.gov/xml/owl/EVS/Thesaurus.owl#C61813	0.97942811
http://snomed.info/id/108861004	http://ncicb.nci.nih.gov/xml/owl/EVS/Thesaurus.owl#C29160	0.9539423
http://snomed.info/id/108869002	http://ncicb.nci.nih.gov/xml/owl/EVS/Thesaurus.owl#C61770	1.0
http://snomed.info/id/108872009	http://ncicb.nci.nih.gov/xml/owl/EVS/Thesaurus.owl#C29139	0.94353467
http://snomed.info/id/108888009	http://ncicb.nci.nih.gov/xml/owl/EVS/Thesaurus.owl#C80949	0.97894979
http://snomed.info/id/108897008	http://ncicb.nci.nih.gov/xml/owl/EVS/Thesaurus.owl#C47395	1.0
http://snomed.info/id/108903004	http://ncicb.nci.nih.gov/xml/owl/EVS/Thesaurus.owl#C28989	0.9719196
http://snomed.info/id/108906007	http://ncicb.nci.nih.gov/xml/owl/EVS/Thesaurus.owl#C29487	0.97870541
http://snomed.info/id/108908008	http://ncicb.nci.nih.gov/xml/owl/EVS/Thesaurus.owl#C47407	0.96380407
http://snomed.info/id/108912002	http://ncicb.nci.nih.gov/xml/owl/EVS/Thesaurus.owl#C29036	0.97655028
http://snomed.info/id/108914001	http://ncicb.nci.nih.gov/xml/owl/EVS/Thesaurus.owl#C985	0.98350102
http://snomed.info/id/108918003	http://ncicb.nci.nih.gov/xml/owl/EVS/Thesaurus.owl#C66337	0.981139
http://snomed.info/id/108920000	http://ncicb.nci.nih.gov/xml/owl/EVS/Thesaurus.owl#C61958	0.98596215
http://snomed.info/id/108921001	http://ncicb.nci.nih.gov/xml/owl/EVS/Thesaurus.owl#C47733	1.0
http://snomed.info/id/108923003	http://ncicb.nci.nih.gov/xml/owl/EVS/Thesaurus.owl#C72959	0.97307533
http://snomed.info/id/108924009	http://ncicb.nci.nih.gov/xml/owl/EVS/Thesaurus.owl#C47426	1.0
http://snomed.info/id/108925005	http://ncicb.nci.nih.gov/xml/owl/EVS/Thesaurus.owl#C48019	0.9819541
http://snomed.info/id/108927002	http://ncicb.nci.nih.gov/xml/owl/EVS/Thesaurus.owl#C29492	1.0
http://snomed.info/id/108929004	http://ncicb.nci.nih.gov/xml/owl/EVS/Thesaurus.owl#C75086	0.96558911
http://snomed.info/id/108930009	http://ncicb.nci.nih.gov/xml/owl/EVS/Thesaurus.owl#C142975	1.0
http://snomed.info/id/108939005	http://ncicb.nci.nih.gov/xml/owl/EVS/Thesaurus.owl#C1431	0.98135364
http://snomed.info/id/108950008	http://ncicb.nci.nih.gov/xml/owl/EVS/Thesaurus.owl#C65361	1.0
http://snomed.info/id/108951007	http://ncicb.nci.nih.gov/xml/owl/EVS/Thesaurus.owl#C47720	1.0
http://snomed.info/id/108964008	http://ncicb.nci.nih.gov/xml/owl/EVS/Thesaurus.owl#C2695	0.98762804
http://snomed.info/id/108971003	http://ncicb.nci.nih.gov/xml/owl/EVS/Thesaurus.owl#C61972	0.98389584
http://snomed.info/id/108976008	http://ncicb.nci.nih.gov/xml/owl/EVS/Thesaurus.owl#C28825	0.97966921
http://snomed.info/id/108977004	http://ncicb.nci.nih.gov/xml/owl/EVS/Thesaurus.owl#C28826	1.0
http://snomed.info/id/108979001	http://ncicb.nci.nih.gov/xml/owl/EVS/Thesaurus.owl#C61686	0.98725706
http://snomed.info/id/108983001	http://ncicb.nci.nih.gov/xml/owl/EVS/Thesaurus.owl#C75769	1.0
http://snomed.info/id/108984007	http://ncicb.nci.nih.gov/xml/owl/EVS/Thesaurus.owl#C1452	0.98757011
http://snomed.info/id/108986009	http://ncicb.nci.nih.gov/xml/owl/EVS/Thesaurus.owl#C1453	0.96596956
http://snomed.info/id/108990006	http://ncicb.nci.nih.gov/xml/owl/EVS/Thesaurus.owl#C90877	1.0
http://snomed.info/id/108995001	http://ncicb.nci.nih.gov/xml/owl/EVS/Thesaurus.owl#C1839	0.97586304
http://snomed.info/id/109003006	http://ncicb.nci.nih.gov/xml/owl/EVS/Thesaurus.owl#C90853	1.0
http://snomed.info/id/109006003	http://ncicb.nci.nih.gov/xml/owl/EVS/Thesaurus.owl#C47765	0.97989178
http://snomed.info/id/109029006	http://ncicb.nci.nih.gov/xml/owl/EVS/Thesaurus.owl#C1518	1.0
http://snomed.info/id/109042006	http://ncicb.nci.nih.gov/xml/owl/EVS/Thesaurus.owl#C71762	0.89199018
http://snomed.info/id/109046009	http://ncicb.nci.nih.gov/xml/owl/EVS/Thesaurus.owl#C61613	1.0
http://snomed.info/id/109047000	http://ncicb.nci.nih.gov/xml/owl/EVS/Thesaurus.owl#C1144	1.0
http://snomed.info/id/109049002	http://ncicb.nci.nih.gov/xml/owl/EVS/Thesaurus.owl#C74270	1.0
http://snomed.info/id/109050002	http://ncicb.nci.nih.gov/xml/owl/EVS/Thesaurus.owl#C77424	1.0
http://snomed.info/id/109057004	http://ncicb.nci.nih.gov/xml/owl/EVS/Thesaurus.owl#C61662	0.98099452
http://snomed.info/id/109064002	http://ncicb.nci.nih.gov/xml/owl/EVS/Thesaurus.owl#C65865	1.0
http://snomed.info/id/109066000	http://ncicb.nci.nih.gov/xml/owl/EVS/Thesaurus.owl#C1819	1.0
http://snomed.info/id/109070008	http://ncicb.nci.nih.gov/xml/owl/EVS/Thesaurus.owl#C1067	1.0
http://snomed.info/id/109072000	http://ncicb.nci.nih.gov/xml/owl/EVS/Thesaurus.owl#C139651	0.96388072
http://snomed.info/id/109074004	http://ncicb.nci.nih.gov/xml/owl/EVS/Thesaurus.owl#C47703	0.98352528
http://snomed.info/id/109075003	http://ncicb.nci.nih.gov/xml/owl/EVS/Thesaurus.owl#C66075	0.97642457
http://snomed.info/id/109077006	http://ncicb.nci.nih.gov/xml/owl/EVS/Thesaurus.owl#C983	0.97059089
http://snomed.info/id/109079009	http://ncicb.nci.nih.gov/xml/owl/EVS/Thesaurus.owl#C29073	0.96527421
http://snomed.info/id/109083009	http://ncicb.nci.nih.gov/xml/owl/EVS/Thesaurus.owl#C29251	1.0
http://snomed.info/id/109098006	http://ncicb.nci.nih.gov/xml/owl/EVS/Thesaurus.owl#C61855	1.0
http://snomed.info/id/109100006	http://ncicb.nci.nih.gov/xml/owl/EVS/Thesaurus.owl#C47538	0.9836964
http://snomed.info/id/109106000	http://ncicb.nci.nih.gov/xml/owl/EVS/Thesaurus.owl#C47758	1.0
http://snomed.info/id/109109007	http://ncicb.nci.nih.gov/xml/owl/EVS/Thesaurus.owl#C61696	0.84610683
http://snomed.info/id/109111003	http://ncicb.nci.nih.gov/xml/owl/EVS/Thesaurus.owl#C47467	0.87784749
http://snomed.info/id/109116008	http://ncicb.nci.nih.gov/xml/owl/EVS/Thesaurus.owl#C1755	0.97118187
http://snomed.info/id/109123009	http://ncicb.nci.nih.gov/xml/owl/EVS/Thesaurus.owl#C61940	0.98624331
http://snomed.info/id/109129008	http://ncicb.nci.nih.gov/xml/owl/EVS/Thesaurus.owl#C1311	0.98111534
http://snomed.info/id/109139002	http://ncicb.nci.nih.gov/xml/owl/EVS/Thesaurus.owl#C47428	0.9864347
http://snomed.info/id/109194005	http://ncicb.nci.nih.gov/xml/owl/EVS/Thesaurus.owl#C78130	1.0
http://snomed.info/id/109196007	http://ncicb.nci.nih.gov/xml/owl/EVS/Thesaurus.owl#C47607	1.0
http://snomed.info/id/109207004	http://ncicb.nci.nih.gov/xml/owl/EVS/Thesaurus.owl#C65238	1.0
http://snomed.info/id/109232002	http://ncicb.nci.nih.gov/xml/owl/EVS/Thesaurus.owl#C81131	1.0
http://snomed.info/id/111039007	http://ncicb.nci.nih.gov/xml/owl/EVS/Thesaurus.owl#C84248	1.0
http://snomed.info/id/111067003	http://ncicb.nci.nih.gov/xml/owl/EVS/Thesaurus.owl#C29883	1.0
http://snomed.info/id/111089004	http://ncicb.nci.nih.gov/xml/owl/EVS/Thesaurus.owl#C29264	1.0
http://snomed.info/id/111099009	http://ncicb.nci.nih.gov/xml/owl/EVS/Thesaurus.owl#C80922	1.0
http://snomed.info/id/111100001	http://ncicb.nci.nih.gov/xml/owl/EVS/Thesaurus.owl#C77036	0.72626948
http://snomed.info/id/111121001	http://ncicb.nci.nih.gov/xml/owl/EVS/Thesaurus.owl#C76415	1.0
http://snomed.info/id/111122008	http://ncicb.nci.nih.gov/xml/owl/EVS/Thesaurus.owl#C82300	1.0
http://snomed.info/id/111127002	http://ncicb.nci.nih.gov/xml/owl/EVS/Thesaurus.owl#C227	0.9824183
http://snomed.info/id/111128007	http://ncicb.nci.nih.gov/xml/owl/EVS/Thesaurus.owl#C29520	0.97785425
http://snomed.info/id/111133006	http://ncicb.nci.nih.gov/xml/owl/EVS/Thesaurus.owl#C81413	1.0
http://snomed.info/id/111134000	http://ncicb.nci.nih.gov/xml/owl/EVS/Thesaurus.owl#C98192	0.80984008
http://snomed.info/id/111135004	http://ncicb.nci.nih.gov/xml/owl/EVS/Thesaurus.owl#C84046	1.0
http://snomed.info/id/111137007	http://ncicb.nci.nih.gov/xml/owl/EVS/Thesaurus.owl#C29148	0.96057034
http://snomed.info/id/111141006	http://ncicb.nci.nih.gov/xml/owl/EVS/Thesaurus.owl#C80564	0.96047747
http://snomed.info/id/111143009	http://ncicb.nci.nih.gov/xml/owl/EVS/Thesaurus.owl#C73899	1.0
http://snomed.info/id/111154004	http://ncicb.nci.nih.gov/xml/owl/EVS/Thesaurus.owl#C47447	0.97173595
http://snomed.info/id/11136004	http://ncicb.nci.nih.gov/xml/owl/EVS/Thesaurus.owl#C75098	1.0
http://snomed.info/id/11170003	http://ncicb.nci.nih.gov/xml/owl/EVS/Thesaurus.owl#C76737	1.0
http://snomed.info/id/111998003	http://ncicb.nci.nih.gov/xml/owl/EVS/Thesaurus.owl#C68329	0.89380926
http://snomed.info/id/11345007	http://ncicb.nci.nih.gov/xml/owl/EVS/Thesaurus.owl#C47768	1.0
http://snomed.info/id/11370007	http://ncicb.nci.nih.gov/xml/owl/EVS/Thesaurus.owl#C76414	1.0
http://snomed.info/id/1137365008	http://ncicb.nci.nih.gov/xml/owl/EVS/Thesaurus.owl#C1829	1.0
http://snomed.info/id/1137368005	http://ncicb.nci.nih.gov/xml/owl/EVS/Thesaurus.owl#C170137	1.0
http://snomed.info/id/1137617003	http://ncicb.nci.nih.gov/xml/owl/EVS/Thesaurus.owl#C1829	0.9826377
http://snomed.info/id/1144477009	http://ncicb.nci.nih.gov/xml/owl/EVS/Thesaurus.owl#C114498	1.0
http://snomed.info/id/1144510001	http://ncicb.nci.nih.gov/xml/owl/EVS/Thesaurus.owl#C114498	0.97024846
http://snomed.info/id/1144610005	http://ncicb.nci.nih.gov/xml/owl/EVS/Thesaurus.owl#C74077	1.0
http://snomed.info/id/1144618003	http://ncicb.nci.nih.gov/xml/owl/EVS/Thesaurus.owl#C169808	0.97385699
http://snomed.info/id/1145150000	http://ncicb.nci.nih.gov/xml/owl/EVS/Thesaurus.owl#C152862	1.0
http://snomed.info/id/1145164000	http://ncicb.nci.nih.gov/xml/owl/EVS/Thesaurus.owl#C152862	0.97618484
http://snomed.info/id/1145347005	http://ncicb.nci.nih.gov/xml/owl/EVS/Thesaurus.owl#C169820	0.99062341
http://snomed.info/id/11473005	http://ncicb.nci.nih.gov/xml/owl/EVS/Thesaurus.owl#C47769	1.0
http://snomed.info/id/1148537007	http://ncicb.nci.nih.gov/xml/owl/EVS/Thesaurus.owl#C88314	1.0
http://snomed.info/id/1148549008	http://ncicb.nci.nih.gov/xml/owl/EVS/Thesaurus.owl#C171761	1.0
http://snomed.info/id/1148656009	http://ncicb.nci.nih.gov/xml/owl/EVS/Thesaurus.owl#C104413	1.0
http://snomed.info/id/1148712004	http://ncicb.nci.nih.gov/xml/owl/EVS/Thesaurus.owl#C152795	1.0
http://snomed.info/id/1149151008	http://ncicb.nci.nih.gov/xml/owl/EVS/Thesaurus.owl#C152902	1.0
http://snomed.info/id/1149274001	http://ncicb.nci.nih.gov/xml/owl/EVS/Thesaurus.owl#C123281	0.97925663
http://snomed.info/id/1149378000	http://ncicb.nci.nih.gov/xml/owl/EVS/Thesaurus.owl#C175065	1.0
http://snomed.info/id/1149379008	http://ncicb.nci.nih.gov/xml/owl/EVS/Thesaurus.owl#C107680	1.0
http://snomed.info/id/1149432009	http://ncicb.nci.nih.gov/xml/owl/EVS/Thesaurus.owl#C73823	1.0
http://snomed.info/id/11504003	http://ncicb.nci.nih.gov/xml/owl/EVS/Thesaurus.owl#C47507	1.0
http://snomed.info/id/11526002	http://ncicb.nci.nih.gov/xml/owl/EVS/Thesaurus.owl#C76513	1.0
http://snomed.info/id/1153617008	http://ncicb.nci.nih.gov/xml/owl/EVS/Thesaurus.owl#C175065	0.96608561
http://snomed.info/id/115535002	http://ncicb.nci.nih.gov/xml/owl/EVS/Thesaurus.owl#C437	1.0
http://snomed.info/id/115544001	http://ncicb.nci.nih.gov/xml/owl/EVS/Thesaurus.owl#C79855	0.98501676
http://snomed.info/id/115557009	http://ncicb.nci.nih.gov/xml/owl/EVS/Thesaurus.owl#C171701	1.0
http://snomed.info/id/1156090004	http://ncicb.nci.nih.gov/xml/owl/EVS/Thesaurus.owl#C166981	1.0
http://snomed.info/id/1156140000	http://ncicb.nci.nih.gov/xml/owl/EVS/Thesaurus.owl#C76590	0.97619581
http://snomed.info/id/115620009	http://ncicb.nci.nih.gov/xml/owl/EVS/Thesaurus.owl#C70941	1.0
http://snomed.info/id/1156223004	http://ncicb.nci.nih.gov/xml/owl/EVS/Thesaurus.owl#C90612	1.0
http://snomed.info/id/1156227003	http://ncicb.nci.nih.gov/xml/owl/EVS/Thesaurus.owl#C166969	1.0
http://snomed.info/id/1156232002	http://ncicb.nci.nih.gov/xml/owl/EVS/Thesaurus.owl#C166882	1.0
http://snomed.info/id/1156916009	http://ncicb.nci.nih.gov/xml/owl/EVS/Thesaurus.owl#C87446	1.0
http://snomed.info/id/116075008	http://ncicb.nci.nih.gov/xml/owl/EVS/Thesaurus.owl#C81353	0.98343313
http://snomed.info/id/116076009	http://ncicb.nci.nih.gov/xml/owl/EVS/Thesaurus.owl#C47581	0.98565751
http://snomed.info/id/116078005	http://ncicb.nci.nih.gov/xml/owl/EVS/Thesaurus.owl#C29027	0.99048793
http://snomed.info/id/116082007	http://ncicb.nci.nih.gov/xml/owl/EVS/Thesaurus.owl#C26661	0.97443408
http://snomed.info/id/116084008	http://ncicb.nci.nih.gov/xml/owl/EVS/Thesaurus.owl#C61523	0.98613501
http://snomed.info/id/116085009	http://ncicb.nci.nih.gov/xml/owl/EVS/Thesaurus.owl#C68299	0.96570694
http://snomed.info/id/116088006	http://ncicb.nci.nih.gov/xml/owl/EVS/Thesaurus.owl#C28824	0.982844
http://snomed.info/id/116089003	http://ncicb.nci.nih.gov/xml/owl/EVS/Thesaurus.owl#C2388	0.95963931
http://snomed.info/id/116090007	http://ncicb.nci.nih.gov/xml/owl/EVS/Thesaurus.owl#C74196	1.0
http://snomed.info/id/116093009	http://ncicb.nci.nih.gov/xml/owl/EVS/Thesaurus.owl#C29303	0.98802894
http://snomed.info/id/116095002	http://ncicb.nci.nih.gov/xml/owl/EVS/Thesaurus.owl#C1832	0.98613584
http://snomed.info/id/116096001	http://ncicb.nci.nih.gov/xml/owl/EVS/Thesaurus.owl#C2583	1.0
http://snomed.info/id/116097005	http://ncicb.nci.nih.gov/xml/owl/EVS/Thesaurus.owl#C29367	1.0
http://snomed.info/id/116098000	http://ncicb.nci.nih.gov/xml/owl/EVS/Thesaurus.owl#C47579	1.0
http://snomed.info/id/116100000	http://ncicb.nci.nih.gov/xml/owl/EVS/Thesaurus.owl#C47786	0.97771657
http://snomed.info/id/116102008	http://ncicb.nci.nih.gov/xml/owl/EVS/Thesaurus.owl#C61774	1.0
http://snomed.info/id/116103003	http://ncicb.nci.nih.gov/xml/owl/EVS/Thesaurus.owl#C87594	0.99149704
http://snomed.info/id/116104009	http://ncicb.nci.nih.gov/xml/owl/EVS/Thesaurus.owl#C29551	0.9641757
http://snomed.info/id/116106006	http://ncicb.nci.nih.gov/xml/owl/EVS/Thesaurus.owl#C66509	1.0
http://snomed.info/id/116112001	http://ncicb.nci.nih.gov/xml/owl/EVS/Thesaurus.owl#C47654	1.0
http://snomed.info/id/116113006	http://ncicb.nci.nih.gov/xml/owl/EVS/Thesaurus.owl#C29305	1.0
http://snomed.info/id/116116003	http://ncicb.nci.nih.gov/xml/owl/EVS/Thesaurus.owl#C61746	0.96615905
http://snomed.info/id/116118002	http://ncicb.nci.nih.gov/xml/owl/EVS/Thesaurus.owl#C47429	0.96009344
http://snomed.info/id/116126005	http://ncicb.nci.nih.gov/xml/owl/EVS/Thesaurus.owl#C76081	1.0
http://snomed.info/id/11622005	http://ncicb.nci.nih.gov/xml/owl/EVS/Thesaurus.owl#C63945	1.0
http://snomed.info/id/116269007	http://ncicb.nci.nih.gov/xml/owl/EVS/Thesaurus.owl#C77138	1.0
http://snomed.info/id/11633008	http://ncicb.nci.nih.gov/xml/owl/EVS/Thesaurus.owl#C47997	1.0
http://snomed.info/id/116344009	http://ncicb.nci.nih.gov/xml/owl/EVS/Thesaurus.owl#C61636	0.8999843
http://snomed.info/id/116345005	http://ncicb.nci.nih.gov/xml/owl/EVS/Thesaurus.owl#C1337	1.0
http://snomed.info/id/116346006	http://ncicb.nci.nih.gov/xml/owl/EVS/Thesaurus.owl#C1635	0.98082572
http://snomed.info/id/116348007	http://ncicb.nci.nih.gov/xml/owl/EVS/Thesaurus.owl#C72738	1.0
http://snomed.info/id/116352007	http://ncicb.nci.nih.gov/xml/owl/EVS/Thesaurus.owl#C48009	1.0
http://snomed.info/id/116508003	http://ncicb.nci.nih.gov/xml/owl/EVS/Thesaurus.owl#C28833	1.0
http://snomed.info/id/116509006	http://ncicb.nci.nih.gov/xml/owl/EVS/Thesaurus.owl#C73100	1.0
http://snomed.info/id/116510001	http://ncicb.nci.nih.gov/xml/owl/EVS/Thesaurus.owl#C61877	1.0
http://snomed.info/id/116515006	http://ncicb.nci.nih.gov/xml/owl/EVS/Thesaurus.owl#C87204	0.96408808
http://snomed.info/id/116516007	http://ncicb.nci.nih.gov/xml/owl/EVS/Thesaurus.owl#C87577	1.0
http://snomed.info/id/116521005	http://ncicb.nci.nih.gov/xml/owl/EVS/Thesaurus.owl#C28932	1.0
http://snomed.info/id/116528004	http://ncicb.nci.nih.gov/xml/owl/EVS/Thesaurus.owl#C28999	1.0
http://snomed.info/id/116529007	http://ncicb.nci.nih.gov/xml/owl/EVS/Thesaurus.owl#C80939	1.0
http://snomed.info/id/116530002	http://ncicb.nci.nih.gov/xml/owl/EVS/Thesaurus.owl#C28907	1.0
http://snomed.info/id/116544008	http://ncicb.nci.nih.gov/xml/owl/EVS/Thesaurus.owl#C1265	1.0
http://snomed.info/id/116546005	http://ncicb.nci.nih.gov/xml/owl/EVS/Thesaurus.owl#C29358	1.0
http://snomed.info/id/116551004	http://ncicb.nci.nih.gov/xml/owl/EVS/Thesaurus.owl#C82275	1.0
http://snomed.info/id/116552006	http://ncicb.nci.nih.gov/xml/owl/EVS/Thesaurus.owl#C81076	1.0
http://snomed.info/id/116573006	http://ncicb.nci.nih.gov/xml/owl/EVS/Thesaurus.owl#C47964	1.0
http://snomed.info/id/116578002	http://ncicb.nci.nih.gov/xml/owl/EVS/Thesaurus.owl#C87230	0.97349977
http://snomed.info/id/116588001	http://ncicb.nci.nih.gov/xml/owl/EVS/Thesaurus.owl#C29054	1.0
http://snomed.info/id/116613007	http://ncicb.nci.nih.gov/xml/owl/EVS/Thesaurus.owl#C1191	1.0
http://snomed.info/id/116655003	http://ncicb.nci.nih.gov/xml/owl/EVS/Thesaurus.owl#C87278	0.98082078
http://snomed.info/id/116657006	http://ncicb.nci.nih.gov/xml/owl/EVS/Thesaurus.owl#C76747	1.0
http://snomed.info/id/116726003	http://ncicb.nci.nih.gov/xml/owl/EVS/Thesaurus.owl#C618	0.98139638
http://snomed.info/id/117004004	http://ncicb.nci.nih.gov/xml/owl/EVS/Thesaurus.owl#C454	0.74125773
http://snomed.info/id/117005003	http://ncicb.nci.nih.gov/xml/owl/EVS/Thesaurus.owl#C61912	0.90891212
http://snomed.info/id/117150003	http://ncicb.nci.nih.gov/xml/owl/EVS/Thesaurus.owl#C90665	1.0
http://snomed.info/id/117182000	http://ncicb.nci.nih.gov/xml/owl/EVS/Thesaurus.owl#C81434	1.0
http://snomed.info/id/117186002	http://ncicb.nci.nih.gov/xml/owl/EVS/Thesaurus.owl#C1163	1.0
http://snomed.info/id/11719000	http://ncicb.nci.nih.gov/xml/owl/EVS/Thesaurus.owl#C83615	0.97073352
http://snomed.info/id/11783005	http://ncicb.nci.nih.gov/xml/owl/EVS/Thesaurus.owl#C29699	0.93991119
http://snomed.info/id/11796006	http://ncicb.nci.nih.gov/xml/owl/EVS/Thesaurus.owl#C66123	0.98341453
http://snomed.info/id/118258004	http://ncicb.nci.nih.gov/xml/owl/EVS/Thesaurus.owl#C166748	0.94202244
http://snomed.info/id/118259007	http://ncicb.nci.nih.gov/xml/owl/EVS/Thesaurus.owl#C2381	0.98860031
http://snomed.info/id/11841005	http://ncicb.nci.nih.gov/xml/owl/EVS/Thesaurus.owl#C65475	0.98181242
http://snomed.info/id/11847009	http://ncicb.nci.nih.gov/xml/owl/EVS/Thesaurus.owl#C680	0.98779112
http://snomed.info/id/1190007	http://ncicb.nci.nih.gov/xml/owl/EVS/Thesaurus.owl#C83930	1.0
http://snomed.info/id/11959009	http://ncicb.nci.nih.gov/xml/owl/EVS/Thesaurus.owl#C61905	0.97619754
http://snomed.info/id/12218006	http://ncicb.nci.nih.gov/xml/owl/EVS/Thesaurus.owl#C398	1.0
http://snomed.info/id/12290003	http://ncicb.nci.nih.gov/xml/owl/EVS/Thesaurus.owl#C29018	1.0
http://snomed.info/id/12315006	http://ncicb.nci.nih.gov/xml/owl/EVS/Thesaurus.owl#C73153	1.0
http://snomed.info/id/123579002	http://ncicb.nci.nih.gov/xml/owl/EVS/Thesaurus.owl#C65289	1.0
http://snomed.info/id/123582007	http://ncicb.nci.nih.gov/xml/owl/EVS/Thesaurus.owl#C77399	0.86634189
http://snomed.info/id/123681008	http://ncicb.nci.nih.gov/xml/owl/EVS/Thesaurus.owl#C37456	1.0
http://snomed.info/id/12391001	http://ncicb.nci.nih.gov/xml/owl/EVS/Thesaurus.owl#C87482	1.0
http://snomed.info/id/123954005	http://ncicb.nci.nih.gov/xml/owl/EVS/Thesaurus.owl#C80509	0.81815302
http://snomed.info/id/12495006	http://ncicb.nci.nih.gov/xml/owl/EVS/Thesaurus.owl#C29241	0.96724284
http://snomed.info/id/12510000	http://ncicb.nci.nih.gov/xml/owl/EVS/Thesaurus.owl#C65603	1.0
http://snomed.info/id/12512008	http://ncicb.nci.nih.gov/xml/owl/EVS/Thesaurus.owl#C29519	0.95811027
http://snomed.info/id/12525000	http://ncicb.nci.nih.gov/xml/owl/EVS/Thesaurus.owl#C98240	1.0
http://snomed.info/id/125577003	http://ncicb.nci.nih.gov/xml/owl/EVS/Thesaurus.owl#C61986	0.9707666
http://snomed.info/id/12559001	http://ncicb.nci.nih.gov/xml/owl/EVS/Thesaurus.owl#C81578	0.98122936
http://snomed.info/id/125691000	http://ncicb.nci.nih.gov/xml/owl/EVS/Thesaurus.owl#C29463	1.0
http://snomed.info/id/125693002	http://ncicb.nci.nih.gov/xml/owl/EVS/Thesaurus.owl#C47790	1.0
http://snomed.info/id/125694008	http://ncicb.nci.nih.gov/xml/owl/EVS/Thesaurus.owl#C61439	0.97976643
http://snomed.info/id/125700002	http://ncicb.nci.nih.gov/xml/owl/EVS/Thesaurus.owl#C1476	1.0
http://snomed.info/id/125706008	http://ncicb.nci.nih.gov/xml/owl/EVS/Thesaurus.owl#C66541	1.0
http://snomed.info/id/125707004	http://ncicb.nci.nih.gov/xml/owl/EVS/Thesaurus.owl#C98249	0.92507821
http://snomed.info/id/125708009	http://ncicb.nci.nih.gov/xml/owl/EVS/Thesaurus.owl#C1014	0.96419024
http://snomed.info/id/125709001	http://ncicb.nci.nih.gov/xml/owl/EVS/Thesaurus.owl#C80011	1.0
http://snomed.info/id/126072007	http://ncicb.nci.nih.gov/xml/owl/EVS/Thesaurus.owl#C76962	0.90784031
http://snomed.info/id/126074008	http://ncicb.nci.nih.gov/xml/owl/EVS/Thesaurus.owl#C74105	0.90191567
http://snomed.info/id/126075009	http://ncicb.nci.nih.gov/xml/owl/EVS/Thesaurus.owl#C47618	0.91850334
http://snomed.info/id/126085005	http://ncicb.nci.nih.gov/xml/owl/EVS/Thesaurus.owl#C47553	1.0
http://snomed.info/id/126086006	http://ncicb.nci.nih.gov/xml/owl/EVS/Thesaurus.owl#C47684	1.0
http://snomed.info/id/126119006	http://ncicb.nci.nih.gov/xml/owl/EVS/Thesaurus.owl#C407	1.0
http://snomed.info/id/126120000	http://ncicb.nci.nih.gov/xml/owl/EVS/Thesaurus.owl#C1059	1.0
http://snomed.info/id/126131008	http://ncicb.nci.nih.gov/xml/owl/EVS/Thesaurus.owl#C47707	1.0
http://snomed.info/id/126132001	http://ncicb.nci.nih.gov/xml/owl/EVS/Thesaurus.owl#C29093	1.0
http://snomed.info/id/126133006	http://ncicb.nci.nih.gov/xml/owl/EVS/Thesaurus.owl#C174719	1.0
http://snomed.info/id/126142004	http://ncicb.nci.nih.gov/xml/owl/EVS/Thesaurus.owl#C81663	0.97112507
http://snomed.info/id/126147005	http://ncicb.nci.nih.gov/xml/owl/EVS/Thesaurus.owl#C77025	1.0
http://snomed.info/id/126148000	http://ncicb.nci.nih.gov/xml/owl/EVS/Thesaurus.owl#C47446	1.0
http://snomed.info/id/126150008	http://ncicb.nci.nih.gov/xml/owl/EVS/Thesaurus.owl#C48023	1.0
http://snomed.info/id/126151007	http://ncicb.nci.nih.gov/xml/owl/EVS/Thesaurus.owl#C76743	0.95684737
http://snomed.info/id/126152000	http://ncicb.nci.nih.gov/xml/owl/EVS/Thesaurus.owl#C77946	1.0
http://snomed.info/id/126154004	http://ncicb.nci.nih.gov/xml/owl/EVS/Thesaurus.owl#C29003	1.0
http://snomed.info/id/126187000	http://ncicb.nci.nih.gov/xml/owl/EVS/Thesaurus.owl#C169866	1.0
http://snomed.info/id/126196000	http://ncicb.nci.nih.gov/xml/owl/EVS/Thesaurus.owl#C61613	0.97750652
http://snomed.info/id/126198004	http://ncicb.nci.nih.gov/xml/owl/EVS/Thesaurus.owl#C74270	0.95759928
http://snomed.info/id/126232005	http://ncicb.nci.nih.gov/xml/owl/EVS/Thesaurus.owl#C28900	0.9086085
http://snomed.info/id/126242007	http://ncicb.nci.nih.gov/xml/owl/EVS/Thesaurus.owl#C133280	0.98410881
http://snomed.info/id/126248006	http://ncicb.nci.nih.gov/xml/owl/EVS/Thesaurus.owl#C133280	0.93938458
http://snomed.info/id/129475001	http://ncicb.nci.nih.gov/xml/owl/EVS/Thesaurus.owl#C2095	0.98819232
http://snomed.info/id/129476000	http://ncicb.nci.nih.gov/xml/owl/EVS/Thesaurus.owl#C2629	1.0
http://snomed.info/id/129478004	http://ncicb.nci.nih.gov/xml/owl/EVS/Thesaurus.owl#C61628	1.0
http://snomed.info/id/129482002	http://ncicb.nci.nih.gov/xml/owl/EVS/Thesaurus.owl#C47546	1.0
http://snomed.info/id/129484001	http://ncicb.nci.nih.gov/xml/owl/EVS/Thesaurus.owl#C61964	0.98369157
http://snomed.info/id/129485000	http://ncicb.nci.nih.gov/xml/owl/EVS/Thesaurus.owl#C47666	1.0
http://snomed.info/id/129486004	http://ncicb.nci.nih.gov/xml/owl/EVS/Thesaurus.owl#C72910	0.98889929
http://snomed.info/id/129487008	http://ncicb.nci.nih.gov/xml/owl/EVS/Thesaurus.owl#C47746	0.98756236
http://snomed.info/id/129488003	http://ncicb.nci.nih.gov/xml/owl/EVS/Thesaurus.owl#C47515	0.98972458
http://snomed.info/id/129489006	http://ncicb.nci.nih.gov/xml/owl/EVS/Thesaurus.owl#C29032	1.0
http://snomed.info/id/129490002	http://ncicb.nci.nih.gov/xml/owl/EVS/Thesaurus.owl#C47540	1.0
http://snomed.info/id/129510001	http://ncicb.nci.nih.gov/xml/owl/EVS/Thesaurus.owl#C1534	0.94270039
http://snomed.info/id/129557000	http://ncicb.nci.nih.gov/xml/owl/EVS/Thesaurus.owl#C1967	0.94378442
http://snomed.info/id/13030002	http://ncicb.nci.nih.gov/xml/owl/EVS/Thesaurus.owl#C90654	1.0
http://snomed.info/id/13121007	http://ncicb.nci.nih.gov/xml/owl/EVS/Thesaurus.owl#C68369	1.0
http://snomed.info/id/1325004	http://ncicb.nci.nih.gov/xml/owl/EVS/Thesaurus.owl#C66131	1.0
http://snomed.info/id/13252002	http://ncicb.nci.nih.gov/xml/owl/EVS/Thesaurus.owl#C62636	0.9794603
http://snomed.info/id/134506008	http://ncicb.nci.nih.gov/xml/owl/EVS/Thesaurus.owl#C47474	0.98631358
http://snomed.info/id/134571004	http://ncicb.nci.nih.gov/xml/owl/EVS/Thesaurus.owl#C157473	0.95815629
http://snomed.info/id/134573001	http://ncicb.nci.nih.gov/xml/owl/EVS/Thesaurus.owl#C2096	0.98589683
http://snomed.info/id/134600006	http://ncicb.nci.nih.gov/xml/owl/EVS/Thesaurus.owl#C1699	0.9760052
http://snomed.info/id/134604002	http://ncicb.nci.nih.gov/xml/owl/EVS/Thesaurus.owl#C61858	0.97479528
http://snomed.info/id/134625002	http://ncicb.nci.nih.gov/xml/owl/EVS/Thesaurus.owl#C9506	0.93472463
http://snomed.info/id/13502005	http://ncicb.nci.nih.gov/xml/owl/EVS/Thesaurus.owl#C29101	1.0
http://snomed.info/id/13565005	http://ncicb.nci.nih.gov/xml/owl/EVS/Thesaurus.owl#C28870	0.98092675
http://snomed.info/id/13592004	http://ncicb.nci.nih.gov/xml/owl/EVS/Thesaurus.owl#C29395	0.96943396
http://snomed.info/id/13659003	http://ncicb.nci.nih.gov/xml/owl/EVS/Thesaurus.owl#C65253	1.0
http://snomed.info/id/13668001	http://ncicb.nci.nih.gov/xml/owl/EVS/Thesaurus.owl#C29388	1.0
http://snomed.info/id/13800009	http://ncicb.nci.nih.gov/xml/owl/EVS/Thesaurus.owl#C66217	0.97767448
http://snomed.info/id/13929005	http://ncicb.nci.nih.gov/xml/owl/EVS/Thesaurus.owl#C840	0.98683375
http://snomed.info/id/13936006	http://ncicb.nci.nih.gov/xml/owl/EVS/Thesaurus.owl#C61659	0.96715999
http://snomed.info/id/14013006	http://ncicb.nci.nih.gov/xml/owl/EVS/Thesaurus.owl#C65828	1.0
http://snomed.info/id/14103001	http://ncicb.nci.nih.gov/xml/owl/EVS/Thesaurus.owl#C681	0.93816274
http://snomed.info/id/14340003	http://ncicb.nci.nih.gov/xml/owl/EVS/Thesaurus.owl#C2827	1.0
http://snomed.info/id/14409006	http://ncicb.nci.nih.gov/xml/owl/EVS/Thesaurus.owl#C75068	1.0
http://snomed.info/id/1450002	http://ncicb.nci.nih.gov/xml/owl/EVS/Thesaurus.owl#C77289	0.72065586
http://snomed.info/id/14507006	http://ncicb.nci.nih.gov/xml/owl/EVS/Thesaurus.owl#C76411	1.0
http://snomed.info/id/14585001	http://ncicb.nci.nih.gov/xml/owl/EVS/Thesaurus.owl#C77569	1.0
http://snomed.info/id/14601000	http://ncicb.nci.nih.gov/xml/owl/EVS/Thesaurus.owl#C66880	0.80556858
http://snomed.info/id/14645000	http://ncicb.nci.nih.gov/xml/owl/EVS/Thesaurus.owl#C84250	1.0
http://snomed.info/id/14715007	http://ncicb.nci.nih.gov/xml/owl/EVS/Thesaurus.owl#C169902	1.0
http://snomed.info/id/14728000	http://ncicb.nci.nih.gov/xml/owl/EVS/Thesaurus.owl#C61671	0.96468705
http://snomed.info/id/1476002	http://ncicb.nci.nih.gov/xml/owl/EVS/Thesaurus.owl#C53137	1.0
http://snomed.info/id/14796007	http://ncicb.nci.nih.gov/xml/owl/EVS/Thesaurus.owl#C73071	0.7107743
http://snomed.info/id/14809000	http://ncicb.nci.nih.gov/xml/owl/EVS/Thesaurus.owl#C76586	1.0
http://snomed.info/id/14814001	http://ncicb.nci.nih.gov/xml/owl/EVS/Thesaurus.owl#C61989	0.96004862
http://snomed.info/id/14905007	http://ncicb.nci.nih.gov/xml/owl/EVS/Thesaurus.owl#C45907	1.0
http://snomed.info/id/15009009	http://ncicb.nci.nih.gov/xml/owl/EVS/Thesaurus.owl#C83931	1.0
http://snomed.info/id/15052009	http://ncicb.nci.nih.gov/xml/owl/EVS/Thesaurus.owl#C62024	1.0
http://snomed.info/id/15222008	http://ncicb.nci.nih.gov/xml/owl/EVS/Thesaurus.owl#C62027	0.98643523
http://snomed.info/id/15322006	http://ncicb.nci.nih.gov/xml/owl/EVS/Thesaurus.owl#C78768	1.0
http://snomed.info/id/15352003	http://ncicb.nci.nih.gov/xml/owl/EVS/Thesaurus.owl#C28949	1.0
http://snomed.info/id/1536005	http://ncicb.nci.nih.gov/xml/owl/EVS/Thesaurus.owl#C66323	1.0
http://snomed.info/id/15623007	http://ncicb.nci.nih.gov/xml/owl/EVS/Thesaurus.owl#C107296	0.9789502
http://snomed.info/id/15785009	http://ncicb.nci.nih.gov/xml/owl/EVS/Thesaurus.owl#C29357	1.0
http://snomed.info/id/15810003	http://ncicb.nci.nih.gov/xml/owl/EVS/Thesaurus.owl#C152777	1.0
http://snomed.info/id/1594006	http://ncicb.nci.nih.gov/xml/owl/EVS/Thesaurus.owl#C77430	0.98885077
http://snomed.info/id/16031005	http://ncicb.nci.nih.gov/xml/owl/EVS/Thesaurus.owl#C61707	0.98380589
http://snomed.info/id/16037009	http://ncicb.nci.nih.gov/xml/owl/EVS/Thesaurus.owl#C29494	0.98517907
http://snomed.info/id/16211000122103	http://ncicb.nci.nih.gov/xml/owl/EVS/Thesaurus.owl#C79883	1.0
http://snomed.info/id/16261000122100	http://ncicb.nci.nih.gov/xml/owl/EVS/Thesaurus.owl#C83771	1.0
http://snomed.info/id/16291000122106	http://ncicb.nci.nih.gov/xml/owl/EVS/Thesaurus.owl#C83782	1.0
http://snomed.info/id/16311000122105	http://ncicb.nci.nih.gov/xml/owl/EVS/Thesaurus.owl#C74280	1.0
http://snomed.info/id/16392005	http://ncicb.nci.nih.gov/xml/owl/EVS/Thesaurus.owl#C65852	1.0
http://snomed.info/id/16403005	http://ncicb.nci.nih.gov/xml/owl/EVS/Thesaurus.owl#C257	0.90106547
http://snomed.info/id/16628008	http://ncicb.nci.nih.gov/xml/owl/EVS/Thesaurus.owl#C171035	0.81502134
http://snomed.info/id/16748005	http://ncicb.nci.nih.gov/xml/owl/EVS/Thesaurus.owl#C81148	1.0
http://snomed.info/id/16826009	http://ncicb.nci.nih.gov/xml/owl/EVS/Thesaurus.owl#C29349	1.0
http://snomed.info/id/16970001	http://ncicb.nci.nih.gov/xml/owl/EVS/Thesaurus.owl#C61907	0.98545665
http://snomed.info/id/17008002	http://ncicb.nci.nih.gov/xml/owl/EVS/Thesaurus.owl#C66004	1.0
http://snomed.info/id/17062003	http://ncicb.nci.nih.gov/xml/owl/EVS/Thesaurus.owl#C1448	1.0
http://snomed.info/id/17243005	http://ncicb.nci.nih.gov/xml/owl/EVS/Thesaurus.owl#C827	0.81364363
http://snomed.info/id/17244004	http://ncicb.nci.nih.gov/xml/owl/EVS/Thesaurus.owl#C47401	1.0
http://snomed.info/id/17356001	http://ncicb.nci.nih.gov/xml/owl/EVS/Thesaurus.owl#C66455	1.0
http://snomed.info/id/17554004	http://ncicb.nci.nih.gov/xml/owl/EVS/Thesaurus.owl#C66309	0.97261405
http://snomed.info/id/17750005	http://ncicb.nci.nih.gov/xml/owl/EVS/Thesaurus.owl#C29839	1.0
http://snomed.info/id/17805003	http://ncicb.nci.nih.gov/xml/owl/EVS/Thesaurus.owl#C61812	0.97241479
http://snomed.info/id/17848009	http://ncicb.nci.nih.gov/xml/owl/EVS/Thesaurus.owl#C62081	0.775612
http://snomed.info/id/17908000	http://ncicb.nci.nih.gov/xml/owl/EVS/Thesaurus.owl#C65257	1.0
http://snomed.info/id/17990002	http://ncicb.nci.nih.gov/xml/owl/EVS/Thesaurus.owl#C170159	1.0
http://snomed.info/id/18002004	http://ncicb.nci.nih.gov/xml/owl/EVS/Thesaurus.owl#C65242	0.96331412
http://snomed.info/id/18321003	http://ncicb.nci.nih.gov/xml/owl/EVS/Thesaurus.owl#C29497	1.0
http://snomed.info/id/18340009	http://ncicb.nci.nih.gov/xml/owl/EVS/Thesaurus.owl#C166626	0.97130114
http://snomed.info/id/18462008	http://ncicb.nci.nih.gov/xml/owl/EVS/Thesaurus.owl#C66114	1.0
http://snomed.info/id/18600008	http://ncicb.nci.nih.gov/xml/owl/EVS/Thesaurus.owl#C101515	1.0
http://snomed.info/id/1878008	http://ncicb.nci.nih.gov/xml/owl/EVS/Thesaurus.owl#C47556	0.96666187
http://snomed.info/id/18832006	http://ncicb.nci.nih.gov/xml/owl/EVS/Thesaurus.owl#C75198	1.0
http://snomed.info/id/18914005	http://ncicb.nci.nih.gov/xml/owl/EVS/Thesaurus.owl#C47557	0.98214722
http://snomed.info/id/18991000122102	http://ncicb.nci.nih.gov/xml/owl/EVS/Thesaurus.owl#C81064	1.0
http://snomed.info/id/19041007	http://ncicb.nci.nih.gov/xml/owl/EVS/Thesaurus.owl#C66609	1.0
http://snomed.info/id/19126005	http://ncicb.nci.nih.gov/xml/owl/EVS/Thesaurus.owl#C82319	1.0
http://snomed.info/id/19194001	http://ncicb.nci.nih.gov/xml/owl/EVS/Thesaurus.owl#C431	0.97358787
http://snomed.info/id/19225000	http://ncicb.nci.nih.gov/xml/owl/EVS/Thesaurus.owl#C619	0.98306984
http://snomed.info/id/19261000122107	http://ncicb.nci.nih.gov/xml/owl/EVS/Thesaurus.owl#C65484	1.0
http://snomed.info/id/19261005	http://ncicb.nci.nih.gov/xml/owl/EVS/Thesaurus.owl#C47739	0.97193706
http://snomed.info/id/19403009	http://ncicb.nci.nih.gov/xml/owl/EVS/Thesaurus.owl#C62030	0.98226112
http://snomed.info/id/19421007	http://ncicb.nci.nih.gov/xml/owl/EVS/Thesaurus.owl#C47444	1.0
http://snomed.info/id/19499001	http://ncicb.nci.nih.gov/xml/owl/EVS/Thesaurus.owl#C47432	1.0
http://snomed.info/id/19510001	http://ncicb.nci.nih.gov/xml/owl/EVS/Thesaurus.owl#C300	1.0
http://snomed.info/id/1956002	http://ncicb.nci.nih.gov/xml/owl/EVS/Thesaurus.owl#C65274	1.0
http://snomed.info/id/19583005	http://ncicb.nci.nih.gov/xml/owl/EVS/Thesaurus.owl#C78017	0.92104828
http://snomed.info/id/19630009	http://ncicb.nci.nih.gov/xml/owl/EVS/Thesaurus.owl#C66567	0.97279578
http://snomed.info/id/1971003	http://ncicb.nci.nih.gov/xml/owl/EVS/Thesaurus.owl#C77574	1.0
http://snomed.info/id/19839007	http://ncicb.nci.nih.gov/xml/owl/EVS/Thesaurus.owl#C29462	1.0
http://snomed.info/id/19901000	http://ncicb.nci.nih.gov/xml/owl/EVS/Thesaurus.owl#C81054	1.0
http://snomed.info/id/19978007	http://ncicb.nci.nih.gov/xml/owl/EVS/Thesaurus.owl#C76138	1.0
http://snomed.info/id/200001	http://ncicb.nci.nih.gov/xml/owl/EVS/Thesaurus.owl#C83551	1.0
http://snomed.info/id/20201001	http://ncicb.nci.nih.gov/xml/owl/EVS/Thesaurus.owl#C677	0.96594262
http://snomed.info/id/20217007	http://ncicb.nci.nih.gov/xml/owl/EVS/Thesaurus.owl#C66639	0.82790899
http://snomed.info/id/20229003	http://ncicb.nci.nih.gov/xml/owl/EVS/Thesaurus.owl#C81146	1.0
http://snomed.info/id/20231007	http://ncicb.nci.nih.gov/xml/owl/EVS/Thesaurus.owl#C47958	1.0
http://snomed.info/id/20327004	http://ncicb.nci.nih.gov/xml/owl/EVS/Thesaurus.owl#C74148	1.0
http://snomed.info/id/20413008	http://ncicb.nci.nih.gov/xml/owl/EVS/Thesaurus.owl#C170118	1.0
http://snomed.info/id/20468007	http://ncicb.nci.nih.gov/xml/owl/EVS/Thesaurus.owl#C73139	1.0
http://snomed.info/id/20551000122108	http://ncicb.nci.nih.gov/xml/owl/EVS/Thesaurus.owl#C83910	0.81744647
http://snomed.info/id/20691000122100	http://ncicb.nci.nih.gov/xml/owl/EVS/Thesaurus.owl#C65991	1.0
http://snomed.info/id/20741000122103	http://ncicb.nci.nih.gov/xml/owl/EVS/Thesaurus.owl#C152660	1.0
http://snomed.info/id/21066009	http://ncicb.nci.nih.gov/xml/owl/EVS/Thesaurus.owl#C47424	1.0
http://snomed.info/id/21159006	http://ncicb.nci.nih.gov/xml/owl/EVS/Thesaurus.owl#C66322	0.98359883
http://snomed.info/id/21175009	http://ncicb.nci.nih.gov/xml/owl/EVS/Thesaurus.owl#C66112	1.0
http://snomed.info/id/21235009	http://ncicb.nci.nih.gov/xml/owl/EVS/Thesaurus.owl#C66399	1.0
http://snomed.info/id/21239003	http://ncicb.nci.nih.gov/xml/owl/EVS/Thesaurus.owl#C77428	1.0
http://snomed.info/id/21303006	http://ncicb.nci.nih.gov/xml/owl/EVS/Thesaurus.owl#C66120	1.0
http://snomed.info/id/21394008	http://ncicb.nci.nih.gov/xml/owl/EVS/Thesaurus.owl#C76456	1.0
http://snomed.info/id/21566004	http://ncicb.nci.nih.gov/xml/owl/EVS/Thesaurus.owl#C47617	1.0
http://snomed.info/id/21614004	http://ncicb.nci.nih.gov/xml/owl/EVS/Thesaurus.owl#C47668	1.0
http://snomed.info/id/21701005	http://ncicb.nci.nih.gov/xml/owl/EVS/Thesaurus.owl#C77516	0.90455806
http://snomed.info/id/21767006	http://ncicb.nci.nih.gov/xml/owl/EVS/Thesaurus.owl#C76837	0.93320245
http://snomed.info/id/21880003	http://ncicb.nci.nih.gov/xml/owl/EVS/Thesaurus.owl#C87435	1.0
http://snomed.info/id/2190009	http://ncicb.nci.nih.gov/xml/owl/EVS/Thesaurus.owl#C61988	0.98211956
http://snomed.info/id/22165008	http://ncicb.nci.nih.gov/xml/owl/EVS/Thesaurus.owl#C170166	1.0
http://snomed.info/id/22192002	http://ncicb.nci.nih.gov/xml/owl/EVS/Thesaurus.owl#C80566	1.0
http://snomed.info/id/22198003	http://ncicb.nci.nih.gov/xml/owl/EVS/Thesaurus.owl#C650	0.97255903
http://snomed.info/id/22236007	http://ncicb.nci.nih.gov/xml/owl/EVS/Thesaurus.owl#C61621	1.0
http://snomed.info/id/22654004	http://ncicb.nci.nih.gov/xml/owl/EVS/Thesaurus.owl#C29383	1.0
http://snomed.info/id/22696000	http://ncicb.nci.nih.gov/xml/owl/EVS/Thesaurus.owl#C62032	0.95592701
http://snomed.info/id/22790003	http://ncicb.nci.nih.gov/xml/owl/EVS/Thesaurus.owl#C81338	1.0
http://snomed.info/id/228089005	http://ncicb.nci.nih.gov/xml/owl/EVS/Thesaurus.owl#C84094	1.0
http://snomed.info/id/228094005	http://ncicb.nci.nih.gov/xml/owl/EVS/Thesaurus.owl#C84116	0.73997438
http://snomed.info/id/228097003	http://ncicb.nci.nih.gov/xml/owl/EVS/Thesaurus.owl#C77315	0.75665563
http://snomed.info/id/22827004	http://ncicb.nci.nih.gov/xml/owl/EVS/Thesaurus.owl#C775	1.0
http://snomed.info/id/22976006	http://ncicb.nci.nih.gov/xml/owl/EVS/Thesaurus.owl#C47387	0.97315866
http://snomed.info/id/23079006	http://ncicb.nci.nih.gov/xml/owl/EVS/Thesaurus.owl#C933	0.97696918
http://snomed.info/id/23532003	http://ncicb.nci.nih.gov/xml/owl/EVS/Thesaurus.owl#C66372	0.97482359
http://snomed.info/id/23564005	http://ncicb.nci.nih.gov/xml/owl/EVS/Thesaurus.owl#C29015	1.0
http://snomed.info/id/23701001	http://ncicb.nci.nih.gov/xml/owl/EVS/Thesaurus.owl#C47770	0.80736893
http://snomed.info/id/23814005	http://ncicb.nci.nih.gov/xml/owl/EVS/Thesaurus.owl#C65831	1.0
http://snomed.info/id/23827009	http://ncicb.nci.nih.gov/xml/owl/EVS/Thesaurus.owl#C62077	0.95865071
http://snomed.info/id/23832005	http://ncicb.nci.nih.gov/xml/owl/EVS/Thesaurus.owl#C66002	1.0
http://snomed.info/id/23883005	http://ncicb.nci.nih.gov/xml/owl/EVS/Thesaurus.owl#C638	1.0
http://snomed.info/id/23969007	http://ncicb.nci.nih.gov/xml/owl/EVS/Thesaurus.owl#C66646	1.0
http://snomed.info/id/24022008	http://ncicb.nci.nih.gov/xml/owl/EVS/Thesaurus.owl#C28876	1.0
http://snomed.info/id/24202000	http://ncicb.nci.nih.gov/xml/owl/EVS/Thesaurus.owl#C66506	1.0
http://snomed.info/id/24261009	http://ncicb.nci.nih.gov/xml/owl/EVS/Thesaurus.owl#C29522	1.0
http://snomed.info/id/24450004	http://ncicb.nci.nih.gov/xml/owl/EVS/Thesaurus.owl#C61755	0.9671917
http://snomed.info/id/24583009	http://ncicb.nci.nih.gov/xml/owl/EVS/Thesaurus.owl#C47748	1.0
http://snomed.info/id/24721007	http://ncicb.nci.nih.gov/xml/owl/EVS/Thesaurus.owl#C77040	1.0
http://snomed.info/id/24823004	http://ncicb.nci.nih.gov/xml/owl/EVS/Thesaurus.owl#C750	1.0
http://snomed.info/id/2497003	http://ncicb.nci.nih.gov/xml/owl/EVS/Thesaurus.owl#C77049	0.96023107
http://snomed.info/id/25002001	http://ncicb.nci.nih.gov/xml/owl/EVS/Thesaurus.owl#C81093	1.0
http://snomed.info/id/25013003	http://ncicb.nci.nih.gov/xml/owl/EVS/Thesaurus.owl#C75232	1.0
http://snomed.info/id/25014009	http://ncicb.nci.nih.gov/xml/owl/EVS/Thesaurus.owl#C61991	0.96935421
http://snomed.info/id/25076002	http://ncicb.nci.nih.gov/xml/owl/EVS/Thesaurus.owl#C28904	0.98070079
http://snomed.info/id/25141001	http://ncicb.nci.nih.gov/xml/owl/EVS/Thesaurus.owl#C47777	1.0
http://snomed.info/id/25142008	http://ncicb.nci.nih.gov/xml/owl/EVS/Thesaurus.owl#C1263	0.96661681
http://snomed.info/id/25246002	http://ncicb.nci.nih.gov/xml/owl/EVS/Thesaurus.owl#C224	0.96889889
http://snomed.info/id/25254000	http://ncicb.nci.nih.gov/xml/owl/EVS/Thesaurus.owl#C47687	1.0
http://snomed.info/id/25307002	http://ncicb.nci.nih.gov/xml/owl/EVS/Thesaurus.owl#C29538	1.0
http://snomed.info/id/2537003	http://ncicb.nci.nih.gov/xml/owl/EVS/Thesaurus.owl#C280	0.97809058
http://snomed.info/id/25486007	http://ncicb.nci.nih.gov/xml/owl/EVS/Thesaurus.owl#C87326	1.0
http://snomed.info/id/25538002	http://ncicb.nci.nih.gov/xml/owl/EVS/Thesaurus.owl#C47753	0.84746414
http://snomed.info/id/255632006	http://ncicb.nci.nih.gov/xml/owl/EVS/Thesaurus.owl#C264	0.99044615
http://snomed.info/id/255641001	http://ncicb.nci.nih.gov/xml/owl/EVS/Thesaurus.owl#C328	1.0
http://snomed.info/id/255647002	http://ncicb.nci.nih.gov/xml/owl/EVS/Thesaurus.owl#C76703	1.0
http://snomed.info/id/255666002	http://ncicb.nci.nih.gov/xml/owl/EVS/Thesaurus.owl#C47394	0.93819427
http://snomed.info/id/255687007	http://ncicb.nci.nih.gov/xml/owl/EVS/Thesaurus.owl#C65902	0.97142464
http://snomed.info/id/255842006	http://ncicb.nci.nih.gov/xml/owl/EVS/Thesaurus.owl#C107269	0.93492335
http://snomed.info/id/255844007	http://ncicb.nci.nih.gov/xml/owl/EVS/Thesaurus.owl#C92608	0.91490555
http://snomed.info/id/255859001	http://ncicb.nci.nih.gov/xml/owl/EVS/Thesaurus.owl#C322	1.0
http://snomed.info/id/255862003	http://ncicb.nci.nih.gov/xml/owl/EVS/Thesaurus.owl#C47974	0.92815906
http://snomed.info/id/255863008	http://ncicb.nci.nih.gov/xml/owl/EVS/Thesaurus.owl#C77042	0.95146286
http://snomed.info/id/255868004	http://ncicb.nci.nih.gov/xml/owl/EVS/Thesaurus.owl#C80564	0.73651755
http://snomed.info/id/255895009	http://ncicb.nci.nih.gov/xml/owl/EVS/Thesaurus.owl#C76717	1.0
http://snomed.info/id/255898006	http://ncicb.nci.nih.gov/xml/owl/EVS/Thesaurus.owl#C75079	1.0
http://snomed.info/id/255899003	http://ncicb.nci.nih.gov/xml/owl/EVS/Thesaurus.owl#C80656	0.79251957
http://snomed.info/id/255900008	http://ncicb.nci.nih.gov/xml/owl/EVS/Thesaurus.owl#C76728	1.0
http://snomed.info/id/255905003	http://ncicb.nci.nih.gov/xml/owl/EVS/Thesaurus.owl#C152407	1.0
http://snomed.info/id/255906002	http://ncicb.nci.nih.gov/xml/owl/EVS/Thesaurus.owl#C77508	1.0
http://snomed.info/id/255909009	http://ncicb.nci.nih.gov/xml/owl/EVS/Thesaurus.owl#C29858	0.82093
http://snomed.info/id/255947004	http://ncicb.nci.nih.gov/xml/owl/EVS/Thesaurus.owl#C83635	0.9161222
http://snomed.info/id/255968003	http://ncicb.nci.nih.gov/xml/owl/EVS/Thesaurus.owl#C170039	0.9586376
http://snomed.info/id/255999002	http://ncicb.nci.nih.gov/xml/owl/EVS/Thesaurus.owl#C47485	1.0
http://snomed.info/id/256018002	http://ncicb.nci.nih.gov/xml/owl/EVS/Thesaurus.owl#C65346	1.0
http://snomed.info/id/256167003	http://ncicb.nci.nih.gov/xml/owl/EVS/Thesaurus.owl#C992	1.0
http://snomed.info/id/256171000	http://ncicb.nci.nih.gov/xml/owl/EVS/Thesaurus.owl#C47406	1.0
http://snomed.info/id/256176005	http://ncicb.nci.nih.gov/xml/owl/EVS/Thesaurus.owl#C66142	1.0
http://snomed.info/id/256180000	http://ncicb.nci.nih.gov/xml/owl/EVS/Thesaurus.owl#C28136	0.70060891
http://snomed.info/id/256182008	http://ncicb.nci.nih.gov/xml/owl/EVS/Thesaurus.owl#C74401	0.76298416
http://snomed.info/id/256214007	http://ncicb.nci.nih.gov/xml/owl/EVS/Thesaurus.owl#C1045	0.98873377
http://snomed.info/id/256218005	http://ncicb.nci.nih.gov/xml/owl/EVS/Thesaurus.owl#C74311	0.98388737
http://snomed.info/id/256223005	http://ncicb.nci.nih.gov/xml/owl/EVS/Thesaurus.owl#C65671	1.0
http://snomed.info/id/256395009	http://ncicb.nci.nih.gov/xml/owl/EVS/Thesaurus.owl#C133278	0.97026205
http://snomed.info/id/25796002	http://ncicb.nci.nih.gov/xml/owl/EVS/Thesaurus.owl#C76795	0.95289981
http://snomed.info/id/25860005	http://ncicb.nci.nih.gov/xml/owl/EVS/Thesaurus.owl#C29493	0.98710865
http://snomed.info/id/259100002	http://ncicb.nci.nih.gov/xml/owl/EVS/Thesaurus.owl#C80523	1.0
http://snomed.info/id/259123004	http://ncicb.nci.nih.gov/xml/owl/EVS/Thesaurus.owl#C68556	1.0
http://snomed.info/id/259151008	http://ncicb.nci.nih.gov/xml/owl/EVS/Thesaurus.owl#C65317	0.84415317
http://snomed.info/id/259268001	http://ncicb.nci.nih.gov/xml/owl/EVS/Thesaurus.owl#C602	1.0
http://snomed.info/id/259446009	http://ncicb.nci.nih.gov/xml/owl/EVS/Thesaurus.owl#C83975	1.0
http://snomed.info/id/261000	http://ncicb.nci.nih.gov/xml/owl/EVS/Thesaurus.owl#C74548	1.0
http://snomed.info/id/26120001	http://ncicb.nci.nih.gov/xml/owl/EVS/Thesaurus.owl#C28979	1.0
http://snomed.info/id/26122009	http://ncicb.nci.nih.gov/xml/owl/EVS/Thesaurus.owl#C53434	0.74014318
http://snomed.info/id/262222001	http://ncicb.nci.nih.gov/xml/owl/EVS/Thesaurus.owl#C77513	0.84421951
http://snomed.info/id/26288002	http://ncicb.nci.nih.gov/xml/owl/EVS/Thesaurus.owl#C664	1.0
http://snomed.info/id/26346008	http://ncicb.nci.nih.gov/xml/owl/EVS/Thesaurus.owl#C29033	1.0
http://snomed.info/id/26379008	http://ncicb.nci.nih.gov/xml/owl/EVS/Thesaurus.owl#C72169	1.0
http://snomed.info/id/26462003	http://ncicb.nci.nih.gov/xml/owl/EVS/Thesaurus.owl#C61695	0.98471165
http://snomed.info/id/26503009	http://ncicb.nci.nih.gov/xml/owl/EVS/Thesaurus.owl#C61699	0.98497939
http://snomed.info/id/26523005	http://ncicb.nci.nih.gov/xml/owl/EVS/Thesaurus.owl#C61733	0.9766922
http://snomed.info/id/26574002	http://ncicb.nci.nih.gov/xml/owl/EVS/Thesaurus.owl#C458	0.98187631
http://snomed.info/id/26580005	http://ncicb.nci.nih.gov/xml/owl/EVS/Thesaurus.owl#C434	1.0
http://snomed.info/id/26736008	http://ncicb.nci.nih.gov/xml/owl/EVS/Thesaurus.owl#C29048	0.98075759
http://snomed.info/id/26800000	http://ncicb.nci.nih.gov/xml/owl/EVS/Thesaurus.owl#C62049	0.98549169
http://snomed.info/id/26961000	http://ncicb.nci.nih.gov/xml/owl/EVS/Thesaurus.owl#C77455	1.0
http://snomed.info/id/26992003	http://ncicb.nci.nih.gov/xml/owl/EVS/Thesaurus.owl#C83619	1.0
http://snomed.info/id/27138006	http://ncicb.nci.nih.gov/xml/owl/EVS/Thesaurus.owl#C76515	1.0
http://snomed.info/id/27196008	http://ncicb.nci.nih.gov/xml/owl/EVS/Thesaurus.owl#C62011	0.97996247
http://snomed.info/id/273945008	http://ncicb.nci.nih.gov/xml/owl/EVS/Thesaurus.owl#C29148	1.0
http://snomed.info/id/273948005	http://ncicb.nci.nih.gov/xml/owl/EVS/Thesaurus.owl#C28922	1.0
http://snomed.info/id/273951003	http://ncicb.nci.nih.gov/xml/owl/EVS/Thesaurus.owl#C66377	1.0
http://snomed.info/id/273952005	http://ncicb.nci.nih.gov/xml/owl/EVS/Thesaurus.owl#C166783	1.0
http://snomed.info/id/273961005	http://ncicb.nci.nih.gov/xml/owl/EVS/Thesaurus.owl#C323	1.0
http://snomed.info/id/27479000	http://ncicb.nci.nih.gov/xml/owl/EVS/Thesaurus.owl#C947	0.98112279
http://snomed.info/id/27499006	http://ncicb.nci.nih.gov/xml/owl/EVS/Thesaurus.owl#C66283	1.0
http://snomed.info/id/27656005	http://ncicb.nci.nih.gov/xml/owl/EVS/Thesaurus.owl#C166653	0.89466548
http://snomed.info/id/27754002	http://ncicb.nci.nih.gov/xml/owl/EVS/Thesaurus.owl#C751	0.9786374
http://snomed.info/id/27867009	http://ncicb.nci.nih.gov/xml/owl/EVS/Thesaurus.owl#C274	0.96319145
http://snomed.info/id/27928002	http://ncicb.nci.nih.gov/xml/owl/EVS/Thesaurus.owl#C29060	1.0
http://snomed.info/id/2796008	http://ncicb.nci.nih.gov/xml/owl/EVS/Thesaurus.owl#C83951	1.0
http://snomed.info/id/2799001	http://ncicb.nci.nih.gov/xml/owl/EVS/Thesaurus.owl#C166792	1.0
http://snomed.info/id/28029005	http://ncicb.nci.nih.gov/xml/owl/EVS/Thesaurus.owl#C66109	1.0
http://snomed.info/id/28149003	http://ncicb.nci.nih.gov/xml/owl/EVS/Thesaurus.owl#C732	0.96379805
http://snomed.info/id/28223003	http://ncicb.nci.nih.gov/xml/owl/EVS/Thesaurus.owl#C81015	1.0
http://snomed.info/id/28235004	http://ncicb.nci.nih.gov/xml/owl/EVS/Thesaurus.owl#C61736	0.98659241
http://snomed.info/id/28344001	http://ncicb.nci.nih.gov/xml/owl/EVS/Thesaurus.owl#C66091	1.0
http://snomed.info/id/28415002	http://ncicb.nci.nih.gov/xml/owl/EVS/Thesaurus.owl#C76001	0.98075616
http://snomed.info/id/28464005	http://ncicb.nci.nih.gov/xml/owl/EVS/Thesaurus.owl#C65414	0.72881907
http://snomed.info/id/28748001	http://ncicb.nci.nih.gov/xml/owl/EVS/Thesaurus.owl#C28922	0.971138
http://snomed.info/id/28823005	http://ncicb.nci.nih.gov/xml/owl/EVS/Thesaurus.owl#C80944	1.0
http://snomed.info/id/29058003	http://ncicb.nci.nih.gov/xml/owl/EVS/Thesaurus.owl#C47552	0.98189211
http://snomed.info/id/29089004	http://ncicb.nci.nih.gov/xml/owl/EVS/Thesaurus.owl#C659	0.95050168
http://snomed.info/id/29157006	http://ncicb.nci.nih.gov/xml/owl/EVS/Thesaurus.owl#C152587	0.95109016
http://snomed.info/id/29184007	http://ncicb.nci.nih.gov/xml/owl/EVS/Thesaurus.owl#C65419	1.0
http://snomed.info/id/29190006	http://ncicb.nci.nih.gov/xml/owl/EVS/Thesaurus.owl#C47994	1.0
http://snomed.info/id/2925007	http://ncicb.nci.nih.gov/xml/owl/EVS/Thesaurus.owl#C29058	1.0
http://snomed.info/id/29363006	http://ncicb.nci.nih.gov/xml/owl/EVS/Thesaurus.owl#C76748	1.0
http://snomed.info/id/29439004	http://ncicb.nci.nih.gov/xml/owl/EVS/Thesaurus.owl#C340	0.98221463
http://snomed.info/id/29527005	http://ncicb.nci.nih.gov/xml/owl/EVS/Thesaurus.owl#C28864	0.91646719
http://snomed.info/id/2958003	http://ncicb.nci.nih.gov/xml/owl/EVS/Thesaurus.owl#C84246	1.0
http://snomed.info/id/29588002	http://ncicb.nci.nih.gov/xml/owl/EVS/Thesaurus.owl#C47422	1.0
http://snomed.info/id/29666006	http://ncicb.nci.nih.gov/xml/owl/EVS/Thesaurus.owl#C704	1.0
http://snomed.info/id/29725000	http://ncicb.nci.nih.gov/xml/owl/EVS/Thesaurus.owl#C1034	1.0
http://snomed.info/id/29840005	http://ncicb.nci.nih.gov/xml/owl/EVS/Thesaurus.owl#C47397	0.98617858
http://snomed.info/id/29877002	http://ncicb.nci.nih.gov/xml/owl/EVS/Thesaurus.owl#C47573	0.96629608
http://snomed.info/id/2991007	http://ncicb.nci.nih.gov/xml/owl/EVS/Thesaurus.owl#C66064	1.0
http://snomed.info/id/2995003	http://ncicb.nci.nih.gov/xml/owl/EVS/Thesaurus.owl#C76610	1.0
http://snomed.info/id/300000003	http://ncicb.nci.nih.gov/xml/owl/EVS/Thesaurus.owl#C65276	0.89200646
http://snomed.info/id/300066007	http://ncicb.nci.nih.gov/xml/owl/EVS/Thesaurus.owl#C696	0.97684944
http://snomed.info/id/30034004	http://ncicb.nci.nih.gov/xml/owl/EVS/Thesaurus.owl#C80896	1.0
http://snomed.info/id/30125007	http://ncicb.nci.nih.gov/xml/owl/EVS/Thesaurus.owl#C61324	0.94396847
http://snomed.info/id/30236005	http://ncicb.nci.nih.gov/xml/owl/EVS/Thesaurus.owl#C73335	1.0
http://snomed.info/id/3031003	http://ncicb.nci.nih.gov/xml/owl/EVS/Thesaurus.owl#C76484	1.0
http://snomed.info/id/30329006	http://ncicb.nci.nih.gov/xml/owl/EVS/Thesaurus.owl#C66635	1.0
http://snomed.info/id/30424002	http://ncicb.nci.nih.gov/xml/owl/EVS/Thesaurus.owl#C47693	1.0
http://snomed.info/id/30676006	http://ncicb.nci.nih.gov/xml/owl/EVS/Thesaurus.owl#C66113	1.0
http://snomed.info/id/30745005	http://ncicb.nci.nih.gov/xml/owl/EVS/Thesaurus.owl#C47590	1.0
http://snomed.info/id/30827002	http://ncicb.nci.nih.gov/xml/owl/EVS/Thesaurus.owl#C83540	1.0
http://snomed.info/id/31147000	http://ncicb.nci.nih.gov/xml/owl/EVS/Thesaurus.owl#C649	1.0
http://snomed.info/id/312063004	http://ncicb.nci.nih.gov/xml/owl/EVS/Thesaurus.owl#C81126	0.93407327
http://snomed.info/id/31306009	http://ncicb.nci.nih.gov/xml/owl/EVS/Thesaurus.owl#C793	0.97408915
http://snomed.info/id/3142009	http://ncicb.nci.nih.gov/xml/owl/EVS/Thesaurus.owl#C76502	1.0
http://snomed.info/id/31706007	http://ncicb.nci.nih.gov/xml/owl/EVS/Thesaurus.owl#C29142	1.0
http://snomed.info/id/317272008	http://ncicb.nci.nih.gov/xml/owl/EVS/Thesaurus.owl#C1117	0.94889647
http://snomed.info/id/317317009	http://ncicb.nci.nih.gov/xml/owl/EVS/Thesaurus.owl#C29346	0.98910338
http://snomed.info/id/317331009	http://ncicb.nci.nih.gov/xml/owl/EVS/Thesaurus.owl#C65538	0.98326361
http://snomed.info/id/317558003	http://ncicb.nci.nih.gov/xml/owl/EVS/Thesaurus.owl#C73845	0.97337377
http://snomed.info/id/317599009	http://ncicb.nci.nih.gov/xml/owl/EVS/Thesaurus.owl#C81025	0.97917902
http://snomed.info/id/317849003	http://ncicb.nci.nih.gov/xml/owl/EVS/Thesaurus.owl#C65951	0.88280505
http://snomed.info/id/317911001	http://ncicb.nci.nih.gov/xml/owl/EVS/Thesaurus.owl#C170170	0.97226024
http://snomed.info/id/317938008	http://ncicb.nci.nih.gov/xml/owl/EVS/Thesaurus.owl#C80839	0.97529835
http://snomed.info/id/317968004	http://ncicb.nci.nih.gov/xml/owl/EVS/Thesaurus.owl#C87708	0.97767711
http://snomed.info/id/31799007	http://ncicb.nci.nih.gov/xml/owl/EVS/Thesaurus.owl#C66090	1.0
http://snomed.info/id/318031002	http://ncicb.nci.nih.gov/xml/owl/EVS/Thesaurus.owl#C66419	0.97640592
http://snomed.info/id/318034005	http://ncicb.nci.nih.gov/xml/owl/EVS/Thesaurus.owl#C29506	0.82292682
http://snomed.info/id/31815007	http://ncicb.nci.nih.gov/xml/owl/EVS/Thesaurus.owl#C73597	0.93159473
http://snomed.info/id/318638009	http://ncicb.nci.nih.gov/xml/owl/EVS/Thesaurus.owl#C66221	0.98665637
http://snomed.info/id/318706009	http://ncicb.nci.nih.gov/xml/owl/EVS/Thesaurus.owl#C87629	0.98221731
http://snomed.info/id/318711006	http://ncicb.nci.nih.gov/xml/owl/EVS/Thesaurus.owl#C29747	0.90737021
http://snomed.info/id/31872002	http://ncicb.nci.nih.gov/xml/owl/EVS/Thesaurus.owl#C61903	0.97934121
http://snomed.info/id/318913001	http://ncicb.nci.nih.gov/xml/owl/EVS/Thesaurus.owl#C76133	0.93804097
http://snomed.info/id/318990002	http://ncicb.nci.nih.gov/xml/owl/EVS/Thesaurus.owl#C61749	0.98780996
http://snomed.info/id/319206000	http://ncicb.nci.nih.gov/xml/owl/EVS/Thesaurus.owl#C81685	0.97335833
http://snomed.info/id/319293004	http://ncicb.nci.nih.gov/xml/owl/EVS/Thesaurus.owl#C73109	0.98145419
http://snomed.info/id/319318006	http://ncicb.nci.nih.gov/xml/owl/EVS/Thesaurus.owl#C87686	0.96731734
http://snomed.info/id/319442006	http://ncicb.nci.nih.gov/xml/owl/EVS/Thesaurus.owl#C87584	0.9819752
http://snomed.info/id/319452005	http://ncicb.nci.nih.gov/xml/owl/EVS/Thesaurus.owl#C48397	0.97879291
http://snomed.info/id/319718008	http://ncicb.nci.nih.gov/xml/owl/EVS/Thesaurus.owl#C47473	0.98077577
http://snomed.info/id/319796006	http://ncicb.nci.nih.gov/xml/owl/EVS/Thesaurus.owl#C174538	0.96852368
http://snomed.info/id/319937007	http://ncicb.nci.nih.gov/xml/owl/EVS/Thesaurus.owl#C87449	0.98789358
http://snomed.info/id/319967001	http://ncicb.nci.nih.gov/xml/owl/EVS/Thesaurus.owl#C83921	0.9849847
http://snomed.info/id/319982006	http://ncicb.nci.nih.gov/xml/owl/EVS/Thesaurus.owl#C72982	0.97628516
http://snomed.info/id/320016006	http://ncicb.nci.nih.gov/xml/owl/EVS/Thesaurus.owl#C87471	0.98463666
http://snomed.info/id/320067009	http://ncicb.nci.nih.gov/xml/owl/EVS/Thesaurus.owl#C87375	0.98167765
http://snomed.info/id/320756004	http://ncicb.nci.nih.gov/xml/owl/EVS/Thesaurus.owl#C170162	0.98596781
http://snomed.info/id/320759006	http://ncicb.nci.nih.gov/xml/owl/EVS/Thesaurus.owl#C73051	0.98223561
http://snomed.info/id/320813002	http://ncicb.nci.nih.gov/xml/owl/EVS/Thesaurus.owl#C47383	0.97828382
http://snomed.info/id/320972003	http://ncicb.nci.nih.gov/xml/owl/EVS/Thesaurus.owl#C87365	0.9799853
http://snomed.info/id/321119005	http://ncicb.nci.nih.gov/xml/owl/EVS/Thesaurus.owl#C66032	0.98656404
http://snomed.info/id/321174005	http://ncicb.nci.nih.gov/xml/owl/EVS/Thesaurus.owl#C80279	0.97454661
http://snomed.info/id/321288000	http://ncicb.nci.nih.gov/xml/owl/EVS/Thesaurus.owl#C83854	0.98409009
http://snomed.info/id/321506004	http://ncicb.nci.nih.gov/xml/owl/EVS/Thesaurus.owl#C87713	0.97710711
http://snomed.info/id/321603004	http://ncicb.nci.nih.gov/xml/owl/EVS/Thesaurus.owl#C73295	0.97862929
http://snomed.info/id/321641006	http://ncicb.nci.nih.gov/xml/owl/EVS/Thesaurus.owl#C81096	0.97819012
http://snomed.info/id/321692003	http://ncicb.nci.nih.gov/xml/owl/EVS/Thesaurus.owl#C171733	0.97996008
http://snomed.info/id/321831005	http://ncicb.nci.nih.gov/xml/owl/EVS/Thesaurus.owl#C87615	0.98877078
http://snomed.info/id/321911007	http://ncicb.nci.nih.gov/xml/owl/EVS/Thesaurus.owl#C87772	0.98404312
http://snomed.info/id/321958004	http://ncicb.nci.nih.gov/xml/owl/EVS/Thesaurus.owl#C61939	0.982333
http://snomed.info/id/321986007	http://ncicb.nci.nih.gov/xml/owl/EVS/Thesaurus.owl#C61680	0.98564672
http://snomed.info/id/321995004	http://ncicb.nci.nih.gov/xml/owl/EVS/Thesaurus.owl#C72838	0.9843415
http://snomed.info/id/322047008	http://ncicb.nci.nih.gov/xml/owl/EVS/Thesaurus.owl#C83665	0.98635411
http://snomed.info/id/322052003	http://ncicb.nci.nih.gov/xml/owl/EVS/Thesaurus.owl#C73794	0.9464708
http://snomed.info/id/322201005	http://ncicb.nci.nih.gov/xml/owl/EVS/Thesaurus.owl#C1131	0.97333795
http://snomed.info/id/322300008	http://ncicb.nci.nih.gov/xml/owl/EVS/Thesaurus.owl#C83995	1.0
http://snomed.info/id/322554009	http://ncicb.nci.nih.gov/xml/owl/EVS/Thesaurus.owl#C76839	1.0
http://snomed.info/id/322817007	http://ncicb.nci.nih.gov/xml/owl/EVS/Thesaurus.owl#C87328	0.97603971
http://snomed.info/id/322822007	http://ncicb.nci.nih.gov/xml/owl/EVS/Thesaurus.owl#C1240	0.98775172
http://snomed.info/id/322860003	http://ncicb.nci.nih.gov/xml/owl/EVS/Thesaurus.owl#C75160	0.98128664
http://snomed.info/id/322998004	http://ncicb.nci.nih.gov/xml/owl/EVS/Thesaurus.owl#C66410	0.97507167
http://snomed.info/id/32313007	http://ncicb.nci.nih.gov/xml/owl/EVS/Thesaurus.owl#C47511	0.97681069
http://snomed.info/id/3232003	http://ncicb.nci.nih.gov/xml/owl/EVS/Thesaurus.owl#C87268	0.86177796
http://snomed.info/id/323245002	http://ncicb.nci.nih.gov/xml/owl/EVS/Thesaurus.owl#C66115	0.89935148
http://snomed.info/id/323368009	http://ncicb.nci.nih.gov/xml/owl/EVS/Thesaurus.owl#C66519	0.97834647
http://snomed.info/id/323377002	http://ncicb.nci.nih.gov/xml/owl/EVS/Thesaurus.owl#C65797	0.96755582
http://snomed.info/id/32436002	http://ncicb.nci.nih.gov/xml/owl/EVS/Thesaurus.owl#C38691	0.97858536
http://snomed.info/id/324407006	http://ncicb.nci.nih.gov/xml/owl/EVS/Thesaurus.owl#C80793	0.95050305
http://snomed.info/id/324427007	http://ncicb.nci.nih.gov/xml/owl/EVS/Thesaurus.owl#C152453	0.97315174
http://snomed.info/id/32445001	http://ncicb.nci.nih.gov/xml/owl/EVS/Thesaurus.owl#C166669	1.0
http://snomed.info/id/324453004	http://ncicb.nci.nih.gov/xml/owl/EVS/Thesaurus.owl#C280	0.96645296
http://snomed.info/id/324586003	http://ncicb.nci.nih.gov/xml/owl/EVS/Thesaurus.owl#C66248	0.96212369
http://snomed.info/id/32474005	http://ncicb.nci.nih.gov/xml/owl/EVS/Thesaurus.owl#C66470	0.97580469
http://snomed.info/id/324757004	http://ncicb.nci.nih.gov/xml/owl/EVS/Thesaurus.owl#C601	0.9823088
http://snomed.info/id/324859007	http://ncicb.nci.nih.gov/xml/owl/EVS/Thesaurus.owl#C28939	0.97461903
http://snomed.info/id/325235002	http://ncicb.nci.nih.gov/xml/owl/EVS/Thesaurus.owl#C123430	0.93366927
http://snomed.info/id/325252003	http://ncicb.nci.nih.gov/xml/owl/EVS/Thesaurus.owl#C72805	0.97184616
http://snomed.info/id/325567003	http://ncicb.nci.nih.gov/xml/owl/EVS/Thesaurus.owl#C66955	0.98169428
http://snomed.info/id/326053005	http://ncicb.nci.nih.gov/xml/owl/EVS/Thesaurus.owl#C62076	0.9827652
http://snomed.info/id/326058001	http://ncicb.nci.nih.gov/xml/owl/EVS/Thesaurus.owl#C71633	0.98805279
http://snomed.info/id/326083001	http://ncicb.nci.nih.gov/xml/owl/EVS/Thesaurus.owl#C2481	0.97574091
http://snomed.info/id/326088005	http://ncicb.nci.nih.gov/xml/owl/EVS/Thesaurus.owl#C77423	0.96970826
http://snomed.info/id/326128005	http://ncicb.nci.nih.gov/xml/owl/EVS/Thesaurus.owl#C87382	0.96936989
http://snomed.info/id/326166008	http://ncicb.nci.nih.gov/xml/owl/EVS/Thesaurus.owl#C84815	0.96472907
http://snomed.info/id/326274003	http://ncicb.nci.nih.gov/xml/owl/EVS/Thesaurus.owl#C72963	0.9868589
http://snomed.info/id/326300005	http://ncicb.nci.nih.gov/xml/owl/EVS/Thesaurus.owl#C170045	0.95938164
http://snomed.info/id/32647002	http://ncicb.nci.nih.gov/xml/owl/EVS/Thesaurus.owl#C61751	0.98193163
http://snomed.info/id/326557004	http://ncicb.nci.nih.gov/xml/owl/EVS/Thesaurus.owl#C61995	1.0
http://snomed.info/id/326774002	http://ncicb.nci.nih.gov/xml/owl/EVS/Thesaurus.owl#C1257	0.98331439
http://snomed.info/id/326914003	http://ncicb.nci.nih.gov/xml/owl/EVS/Thesaurus.owl#C1804	0.97965693
http://snomed.info/id/326955000	http://ncicb.nci.nih.gov/xml/owl/EVS/Thesaurus.owl#C240	0.96496326
http://snomed.info/id/327032007	http://ncicb.nci.nih.gov/xml/owl/EVS/Thesaurus.owl#C1181	0.9771331
http://snomed.info/id/327112008	http://ncicb.nci.nih.gov/xml/owl/EVS/Thesaurus.owl#C77591	0.95031196
http://snomed.info/id/327298003	http://ncicb.nci.nih.gov/xml/owl/EVS/Thesaurus.owl#C547	0.95400983
http://snomed.info/id/327379003	http://ncicb.nci.nih.gov/xml/owl/EVS/Thesaurus.owl#C1523	0.98472857
http://snomed.info/id/327623006	http://ncicb.nci.nih.gov/xml/owl/EVS/Thesaurus.owl#C26639	0.97074407
http://snomed.info/id/32800009	http://ncicb.nci.nih.gov/xml/owl/EVS/Thesaurus.owl#C47522	1.0
http://snomed.info/id/328433005	http://ncicb.nci.nih.gov/xml/owl/EVS/Thesaurus.owl#C121561	0.97683471
http://snomed.info/id/329195003	http://ncicb.nci.nih.gov/xml/owl/EVS/Thesaurus.owl#C84172	0.97855288
http://snomed.info/id/329290002	http://ncicb.nci.nih.gov/xml/owl/EVS/Thesaurus.owl#C1736	0.97233206
http://snomed.info/id/329482000	http://ncicb.nci.nih.gov/xml/owl/EVS/Thesaurus.owl#C73030	0.98359287
http://snomed.info/id/329486002	http://ncicb.nci.nih.gov/xml/owl/EVS/Thesaurus.owl#C82599	0.80294621
http://snomed.info/id/329509009	http://ncicb.nci.nih.gov/xml/owl/EVS/Thesaurus.owl#C29069	0.97002184
http://snomed.info/id/329535005	http://ncicb.nci.nih.gov/xml/owl/EVS/Thesaurus.owl#C29244	0.97861135
http://snomed.info/id/329543000	http://ncicb.nci.nih.gov/xml/owl/EVS/Thesaurus.owl#C73074	0.76584405
http://snomed.info/id/32955006	http://ncicb.nci.nih.gov/xml/owl/EVS/Thesaurus.owl#C454	0.98413742
http://snomed.info/id/32960005	http://ncicb.nci.nih.gov/xml/owl/EVS/Thesaurus.owl#C87327	0.91796041
http://snomed.info/id/329623001	http://ncicb.nci.nih.gov/xml/owl/EVS/Thesaurus.owl#C80548	0.982867
http://snomed.info/id/329889002	http://ncicb.nci.nih.gov/xml/owl/EVS/Thesaurus.owl#C90908	0.97912723
http://snomed.info/id/329913008	http://ncicb.nci.nih.gov/xml/owl/EVS/Thesaurus.owl#C73097	0.98500383
http://snomed.info/id/329923004	http://ncicb.nci.nih.gov/xml/owl/EVS/Thesaurus.owl#C80534	0.98900896
http://snomed.info/id/329961001	http://ncicb.nci.nih.gov/xml/owl/EVS/Thesaurus.owl#C87321	0.97933507
http://snomed.info/id/330870004	http://ncicb.nci.nih.gov/xml/owl/EVS/Thesaurus.owl#C61640	0.98507327
http://snomed.info/id/331143003	http://ncicb.nci.nih.gov/xml/owl/EVS/Thesaurus.owl#C1581	1.0
http://snomed.info/id/331221002	http://ncicb.nci.nih.gov/xml/owl/EVS/Thesaurus.owl#C170339	0.94803572
http://snomed.info/id/33124007	http://ncicb.nci.nih.gov/xml/owl/EVS/Thesaurus.owl#C66610	0.97313142
http://snomed.info/id/332124001	http://ncicb.nci.nih.gov/xml/owl/EVS/Thesaurus.owl#C166783	0.97752976
http://snomed.info/id/33219003	http://ncicb.nci.nih.gov/xml/owl/EVS/Thesaurus.owl#C94727	0.93486243
http://snomed.info/id/33231001	http://ncicb.nci.nih.gov/xml/owl/EVS/Thesaurus.owl#C61885	0.96042579
http://snomed.info/id/33252009	http://ncicb.nci.nih.gov/xml/owl/EVS/Thesaurus.owl#C29576	0.96032536
http://snomed.info/id/332799007	http://ncicb.nci.nih.gov/xml/owl/EVS/Thesaurus.owl#C73150	0.86343712
http://snomed.info/id/332967005	http://ncicb.nci.nih.gov/xml/owl/EVS/Thesaurus.owl#C29500	0.97594714
http://snomed.info/id/332998007	http://ncicb.nci.nih.gov/xml/owl/EVS/Thesaurus.owl#C81332	0.97073919
http://snomed.info/id/33307008	http://ncicb.nci.nih.gov/xml/owl/EVS/Thesaurus.owl#C83934	1.0
http://snomed.info/id/333092000	http://ncicb.nci.nih.gov/xml/owl/EVS/Thesaurus.owl#C66572	0.97030699
http://snomed.info/id/333164008	http://ncicb.nci.nih.gov/xml/owl/EVS/Thesaurus.owl#C2190	0.97278941
http://snomed.info/id/333511003	http://ncicb.nci.nih.gov/xml/owl/EVS/Thesaurus.owl#C29807	0.96259457
http://snomed.info/id/33362004	http://ncicb.nci.nih.gov/xml/owl/EVS/Thesaurus.owl#C76987	1.0
http://snomed.info/id/33378002	http://ncicb.nci.nih.gov/xml/owl/EVS/Thesaurus.owl#C61700	0.98523879
http://snomed.info/id/333847008	http://ncicb.nci.nih.gov/xml/owl/EVS/Thesaurus.owl#C61797	0.98620623
http://snomed.info/id/333887003	http://ncicb.nci.nih.gov/xml/owl/EVS/Thesaurus.owl#C44459	0.97694129
http://snomed.info/id/33447002	http://ncicb.nci.nih.gov/xml/owl/EVS/Thesaurus.owl#C75210	1.0
http://snomed.info/id/33588000	http://ncicb.nci.nih.gov/xml/owl/EVS/Thesaurus.owl#C61971	0.96565157
http://snomed.info/id/33589008	http://ncicb.nci.nih.gov/xml/owl/EVS/Thesaurus.owl#C66894	0.97863156
http://snomed.info/id/33675006	http://ncicb.nci.nih.gov/xml/owl/EVS/Thesaurus.owl#C47430	0.94550699
http://snomed.info/id/3379001	http://ncicb.nci.nih.gov/xml/owl/EVS/Thesaurus.owl#C47751	1.0
http://snomed.info/id/34198005	http://ncicb.nci.nih.gov/xml/owl/EVS/Thesaurus.owl#C65744	1.0
http://snomed.info/id/34239008	http://ncicb.nci.nih.gov/xml/owl/EVS/Thesaurus.owl#C80990	1.0
http://snomed.info/id/34364009	http://ncicb.nci.nih.gov/xml/owl/EVS/Thesaurus.owl#C47599	0.96972406
http://snomed.info/id/34393009	http://ncicb.nci.nih.gov/xml/owl/EVS/Thesaurus.owl#C29502	0.97350597
http://snomed.info/id/34425005	http://ncicb.nci.nih.gov/xml/owl/EVS/Thesaurus.owl#C75083	1.0
http://snomed.info/id/346324007	http://ncicb.nci.nih.gov/xml/owl/EVS/Thesaurus.owl#C146993	0.91888106
http://snomed.info/id/346328005	http://ncicb.nci.nih.gov/xml/owl/EVS/Thesaurus.owl#C29442	0.91850728
http://snomed.info/id/346359007	http://ncicb.nci.nih.gov/xml/owl/EVS/Thesaurus.owl#C61657	0.84987766
http://snomed.info/id/346394000	http://ncicb.nci.nih.gov/xml/owl/EVS/Thesaurus.owl#C76096	0.94881397
http://snomed.info/id/346427004	http://ncicb.nci.nih.gov/xml/owl/EVS/Thesaurus.owl#C90853	0.97826463
http://snomed.info/id/34657002	http://ncicb.nci.nih.gov/xml/owl/EVS/Thesaurus.owl#C65982	1.0
http://snomed.info/id/346604000	http://ncicb.nci.nih.gov/xml/owl/EVS/Thesaurus.owl#C80953	1.0
http://snomed.info/id/346625000	http://ncicb.nci.nih.gov/xml/owl/EVS/Thesaurus.owl#C744	0.97244698
http://snomed.info/id/346641004	http://ncicb.nci.nih.gov/xml/owl/EVS/Thesaurus.owl#C29734	0.95613426
http://snomed.info/id/34693000	http://ncicb.nci.nih.gov/xml/owl/EVS/Thesaurus.owl#C430	0.98180354
http://snomed.info/id/34915005	http://ncicb.nci.nih.gov/xml/owl/EVS/Thesaurus.owl#C47697	1.0
http://snomed.info/id/34929006	http://ncicb.nci.nih.gov/xml/owl/EVS/Thesaurus.owl#C87255	0.9847998
http://snomed.info/id/349802000	http://ncicb.nci.nih.gov/xml/owl/EVS/Thesaurus.owl#C76002	0.97903508
http://snomed.info/id/349819003	http://ncicb.nci.nih.gov/xml/owl/EVS/Thesaurus.owl#C83909	0.98042732
http://snomed.info/id/349829005	http://ncicb.nci.nih.gov/xml/owl/EVS/Thesaurus.owl#C72166	0.97080094
http://snomed.info/id/349831001	http://ncicb.nci.nih.gov/xml/owl/EVS/Thesaurus.owl#C75264	0.79734242
http://snomed.info/id/349837002	http://ncicb.nci.nih.gov/xml/owl/EVS/Thesaurus.owl#C61910	0.80237293
http://snomed.info/id/349842005	http://ncicb.nci.nih.gov/xml/owl/EVS/Thesaurus.owl#C697	0.86199689
http://snomed.info/id/349846008	http://ncicb.nci.nih.gov/xml/owl/EVS/Thesaurus.owl#C2078	0.80186617
http://snomed.info/id/349847004	http://ncicb.nci.nih.gov/xml/owl/EVS/Thesaurus.owl#C1556	0.96669102
http://snomed.info/id/349848009	http://ncicb.nci.nih.gov/xml/owl/EVS/Thesaurus.owl#C62028	0.98138374
http://snomed.info/id/349849001	http://ncicb.nci.nih.gov/xml/owl/EVS/Thesaurus.owl#C481	0.85925424
http://snomed.info/id/349851002	http://ncicb.nci.nih.gov/xml/owl/EVS/Thesaurus.owl#C934	0.97827345
http://snomed.info/id/349854005	http://ncicb.nci.nih.gov/xml/owl/EVS/Thesaurus.owl#C94725	0.91630578
http://snomed.info/id/349857003	http://ncicb.nci.nih.gov/xml/owl/EVS/Thesaurus.owl#C152877	0.98774147
http://snomed.info/id/349879008	http://ncicb.nci.nih.gov/xml/owl/EVS/Thesaurus.owl#C87657	0.97774321
http://snomed.info/id/349883008	http://ncicb.nci.nih.gov/xml/owl/EVS/Thesaurus.owl#C87711	0.9832415
http://snomed.info/id/349920008	http://ncicb.nci.nih.gov/xml/owl/EVS/Thesaurus.owl#C48149	0.95032322
http://snomed.info/id/349922000	http://ncicb.nci.nih.gov/xml/owl/EVS/Thesaurus.owl#C75039	0.98238349
http://snomed.info/id/349923005	http://ncicb.nci.nih.gov/xml/owl/EVS/Thesaurus.owl#C81692	0.96726048
http://snomed.info/id/349924004	http://ncicb.nci.nih.gov/xml/owl/EVS/Thesaurus.owl#C65659	0.97905046
http://snomed.info/id/349925003	http://ncicb.nci.nih.gov/xml/owl/EVS/Thesaurus.owl#C152194	0.97406971
http://snomed.info/id/349929009	http://ncicb.nci.nih.gov/xml/owl/EVS/Thesaurus.owl#C152783	0.97895348
http://snomed.info/id/349934008	http://ncicb.nci.nih.gov/xml/owl/EVS/Thesaurus.owl#C87578	0.98270637
http://snomed.info/id/349953003	http://ncicb.nci.nih.gov/xml/owl/EVS/Thesaurus.owl#C87641	0.95117784
http://snomed.info/id/349955005	http://ncicb.nci.nih.gov/xml/owl/EVS/Thesaurus.owl#C29578	0.82738745
http://snomed.info/id/349962001	http://ncicb.nci.nih.gov/xml/owl/EVS/Thesaurus.owl#C76676	0.82414919
http://snomed.info/id/349963006	http://ncicb.nci.nih.gov/xml/owl/EVS/Thesaurus.owl#C87214	0.84697092
http://snomed.info/id/349989006	http://ncicb.nci.nih.gov/xml/owl/EVS/Thesaurus.owl#C83839	0.9698053
http://snomed.info/id/349993000	http://ncicb.nci.nih.gov/xml/owl/EVS/Thesaurus.owl#C83585	0.80604929
http://snomed.info/id/350064000	http://ncicb.nci.nih.gov/xml/owl/EVS/Thesaurus.owl#C61876	0.97791892
http://snomed.info/id/350076000	http://ncicb.nci.nih.gov/xml/owl/EVS/Thesaurus.owl#C76598	0.87327141
http://snomed.info/id/3501003	http://ncicb.nci.nih.gov/xml/owl/EVS/Thesaurus.owl#C47576	1.0
http://snomed.info/id/350102001	http://ncicb.nci.nih.gov/xml/owl/EVS/Thesaurus.owl#C727	0.93736064
http://snomed.info/id/350108002	http://ncicb.nci.nih.gov/xml/owl/EVS/Thesaurus.owl#C83594	0.81991643
http://snomed.info/id/350156008	http://ncicb.nci.nih.gov/xml/owl/EVS/Thesaurus.owl#C61822	0.96471065
http://snomed.info/id/350225009	http://ncicb.nci.nih.gov/xml/owl/EVS/Thesaurus.owl#C87656	0.81635207
http://snomed.info/id/350306009	http://ncicb.nci.nih.gov/xml/owl/EVS/Thesaurus.owl#C72123	0.97303468
http://snomed.info/id/350320002	http://ncicb.nci.nih.gov/xml/owl/EVS/Thesaurus.owl#C80546	0.98120934
http://snomed.info/id/35035001	http://ncicb.nci.nih.gov/xml/owl/EVS/Thesaurus.owl#C61868	0.97551543
http://snomed.info/id/350469004	http://ncicb.nci.nih.gov/xml/owl/EVS/Thesaurus.owl#C87297	0.97769374
http://snomed.info/id/350476009	http://ncicb.nci.nih.gov/xml/owl/EVS/Thesaurus.owl#C16447	0.91511148
http://snomed.info/id/350607006	http://ncicb.nci.nih.gov/xml/owl/EVS/Thesaurus.owl#C77369	0.77005452
http://snomed.info/id/350622001	http://ncicb.nci.nih.gov/xml/owl/EVS/Thesaurus.owl#C75938	0.79315358
http://snomed.info/id/350627007	http://ncicb.nci.nih.gov/xml/owl/EVS/Thesaurus.owl#C87212	0.79001516
http://snomed.info/id/35063004	http://ncicb.nci.nih.gov/xml/owl/EVS/Thesaurus.owl#C807	0.98316938
http://snomed.info/id/35236008	http://ncicb.nci.nih.gov/xml/owl/EVS/Thesaurus.owl#C84200	1.0
http://snomed.info/id/35282000	http://ncicb.nci.nih.gov/xml/owl/EVS/Thesaurus.owl#C29071	0.97488344
http://snomed.info/id/353601006	http://ncicb.nci.nih.gov/xml/owl/EVS/Thesaurus.owl#C727	0.81242609
http://snomed.info/id/354033006	http://ncicb.nci.nih.gov/xml/owl/EVS/Thesaurus.owl#C29250	0.7710343
http://snomed.info/id/354034000	http://ncicb.nci.nih.gov/xml/owl/EVS/Thesaurus.owl#C83852	0.77238441
http://snomed.info/id/354035004	http://ncicb.nci.nih.gov/xml/owl/EVS/Thesaurus.owl#C29264	0.97739655
http://snomed.info/id/354038002	http://ncicb.nci.nih.gov/xml/owl/EVS/Thesaurus.owl#C61799	0.98417979
http://snomed.info/id/354039005	http://ncicb.nci.nih.gov/xml/owl/EVS/Thesaurus.owl#C80664	0.97493923
http://snomed.info/id/354053005	http://ncicb.nci.nih.gov/xml/owl/EVS/Thesaurus.owl#C47411	0.94048977
http://snomed.info/id/354055003	http://ncicb.nci.nih.gov/xml/owl/EVS/Thesaurus.owl#C87360	0.97864527
http://snomed.info/id/35464001	http://ncicb.nci.nih.gov/xml/owl/EVS/Thesaurus.owl#C66640	1.0
http://snomed.info/id/356076006	http://ncicb.nci.nih.gov/xml/owl/EVS/Thesaurus.owl#C762	0.74555922
http://snomed.info/id/356862006	http://ncicb.nci.nih.gov/xml/owl/EVS/Thesaurus.owl#C81687	0.98353529
http://snomed.info/id/35792007	http://ncicb.nci.nih.gov/xml/owl/EVS/Thesaurus.owl#C149926	0.95430827
http://snomed.info/id/35864006	http://ncicb.nci.nih.gov/xml/owl/EVS/Thesaurus.owl#C81145	0.89624071
http://snomed.info/id/35871001	http://ncicb.nci.nih.gov/xml/owl/EVS/Thesaurus.owl#C90586	1.0
http://snomed.info/id/35967000	http://ncicb.nci.nih.gov/xml/owl/EVS/Thesaurus.owl#C66068	0.98322845
http://snomed.info/id/360246003	http://ncicb.nci.nih.gov/xml/owl/EVS/Thesaurus.owl#C47391	0.9787783
http://snomed.info/id/360253007	http://ncicb.nci.nih.gov/xml/owl/EVS/Thesaurus.owl#C29712	0.83421987
http://snomed.info/id/36068003	http://ncicb.nci.nih.gov/xml/owl/EVS/Thesaurus.owl#C75231	0.96877652
http://snomed.info/id/36113004	http://ncicb.nci.nih.gov/xml/owl/EVS/Thesaurus.owl#C62039	0.98224455
http://snomed.info/id/36218003	http://ncicb.nci.nih.gov/xml/owl/EVS/Thesaurus.owl#C62081	0.97832996
http://snomed.info/id/36235004	http://ncicb.nci.nih.gov/xml/owl/EVS/Thesaurus.owl#C84061	0.94772458
http://snomed.info/id/36236003	http://ncicb.nci.nih.gov/xml/owl/EVS/Thesaurus.owl#C265	0.9695918
http://snomed.info/id/362947006	http://ncicb.nci.nih.gov/xml/owl/EVS/Thesaurus.owl#C166828	1.0
http://snomed.info/id/362949009	http://ncicb.nci.nih.gov/xml/owl/EVS/Thesaurus.owl#C81700	1.0
http://snomed.info/id/363549008	http://ncicb.nci.nih.gov/xml/owl/EVS/Thesaurus.owl#C90943	0.92125523
http://snomed.info/id/363553005	http://ncicb.nci.nih.gov/xml/owl/EVS/Thesaurus.owl#C84204	1.0
http://snomed.info/id/363554004	http://ncicb.nci.nih.gov/xml/owl/EVS/Thesaurus.owl#C66608	1.0
http://snomed.info/id/363571003	http://ncicb.nci.nih.gov/xml/owl/EVS/Thesaurus.owl#C61857	1.0
http://snomed.info/id/363573000	http://ncicb.nci.nih.gov/xml/owl/EVS/Thesaurus.owl#C61930	1.0
http://snomed.info/id/363581004	http://ncicb.nci.nih.gov/xml/owl/EVS/Thesaurus.owl#C81095	1.0
http://snomed.info/id/363582006	http://ncicb.nci.nih.gov/xml/owl/EVS/Thesaurus.owl#C47789	1.0
http://snomed.info/id/36380001	http://ncicb.nci.nih.gov/xml/owl/EVS/Thesaurus.owl#C66284	1.0
http://snomed.info/id/36391008	http://ncicb.nci.nih.gov/xml/owl/EVS/Thesaurus.owl#C62071	0.98472774
http://snomed.info/id/36516003	http://ncicb.nci.nih.gov/xml/owl/EVS/Thesaurus.owl#C61915	0.85476768
http://snomed.info/id/36642006	http://ncicb.nci.nih.gov/xml/owl/EVS/Thesaurus.owl#C78077	0.97657615
http://snomed.info/id/367554003	http://ncicb.nci.nih.gov/xml/owl/EVS/Thesaurus.owl#C65237	1.0
http://snomed.info/id/3684000	http://ncicb.nci.nih.gov/xml/owl/EVS/Thesaurus.owl#C77487	1.0
http://snomed.info/id/36872003	http://ncicb.nci.nih.gov/xml/owl/EVS/Thesaurus.owl#C78079	1.0
http://snomed.info/id/37006008	http://ncicb.nci.nih.gov/xml/owl/EVS/Thesaurus.owl#C65358	1.0
http://snomed.info/id/37013008	http://ncicb.nci.nih.gov/xml/owl/EVS/Thesaurus.owl#C47495	0.93231422
http://snomed.info/id/370180006	http://ncicb.nci.nih.gov/xml/owl/EVS/Thesaurus.owl#C66050	0.97547448
http://snomed.info/id/370233009	http://ncicb.nci.nih.gov/xml/owl/EVS/Thesaurus.owl#C65374	0.97727263
http://snomed.info/id/370266008	http://ncicb.nci.nih.gov/xml/owl/EVS/Thesaurus.owl#C29314	0.97667211
http://snomed.info/id/370275005	http://ncicb.nci.nih.gov/xml/owl/EVS/Thesaurus.owl#C61956	0.98338652
http://snomed.info/id/370295004	http://ncicb.nci.nih.gov/xml/owl/EVS/Thesaurus.owl#C72168	0.97052646
http://snomed.info/id/370400001	http://ncicb.nci.nih.gov/xml/owl/EVS/Thesaurus.owl#C72625	0.98008496
http://snomed.info/id/370448000	http://ncicb.nci.nih.gov/xml/owl/EVS/Thesaurus.owl#C83926	1.0
http://snomed.info/id/371141007	http://ncicb.nci.nih.gov/xml/owl/EVS/Thesaurus.owl#C29728	0.93593526
http://snomed.info/id/371364001	http://ncicb.nci.nih.gov/xml/owl/EVS/Thesaurus.owl#C47520	0.98387438
http://snomed.info/id/371367008	http://ncicb.nci.nih.gov/xml/owl/EVS/Thesaurus.owl#C61780	0.97872961
http://snomed.info/id/371384002	http://ncicb.nci.nih.gov/xml/owl/EVS/Thesaurus.owl#C47524	0.96112883
http://snomed.info/id/371387009	http://ncicb.nci.nih.gov/xml/owl/EVS/Thesaurus.owl#C47530	0.98415476
http://snomed.info/id/371431002	http://ncicb.nci.nih.gov/xml/owl/EVS/Thesaurus.owl#C47735	0.98210025
http://snomed.info/id/372482001	http://ncicb.nci.nih.gov/xml/owl/EVS/Thesaurus.owl#C29710	0.9198761
http://snomed.info/id/372484000	http://ncicb.nci.nih.gov/xml/owl/EVS/Thesaurus.owl#C65766	1.0
http://snomed.info/id/372485004	http://ncicb.nci.nih.gov/xml/owl/EVS/Thesaurus.owl#C66602	1.0
http://snomed.info/id/372486003	http://ncicb.nci.nih.gov/xml/owl/EVS/Thesaurus.owl#C66885	0.85045654
http://snomed.info/id/372493004	http://ncicb.nci.nih.gov/xml/owl/EVS/Thesaurus.owl#C83966	1.0
http://snomed.info/id/372494005	http://ncicb.nci.nih.gov/xml/owl/EVS/Thesaurus.owl#C80999	1.0
http://snomed.info/id/372495006	http://ncicb.nci.nih.gov/xml/owl/EVS/Thesaurus.owl#C77365	1.0
http://snomed.info/id/372496007	http://ncicb.nci.nih.gov/xml/owl/EVS/Thesaurus.owl#C81000	1.0
http://snomed.info/id/372497003	http://ncicb.nci.nih.gov/xml/owl/EVS/Thesaurus.owl#C61938	1.0
http://snomed.info/id/372498008	http://ncicb.nci.nih.gov/xml/owl/EVS/Thesaurus.owl#C61886	1.0
http://snomed.info/id/372499000	http://ncicb.nci.nih.gov/xml/owl/EVS/Thesaurus.owl#C61931	1.0
http://snomed.info/id/372500009	http://ncicb.nci.nih.gov/xml/owl/EVS/Thesaurus.owl#C72581	1.0
http://snomed.info/id/372501008	http://ncicb.nci.nih.gov/xml/owl/EVS/Thesaurus.owl#C1219	1.0
http://snomed.info/id/372503006	http://ncicb.nci.nih.gov/xml/owl/EVS/Thesaurus.owl#C87448	1.0
http://snomed.info/id/372504000	http://ncicb.nci.nih.gov/xml/owl/EVS/Thesaurus.owl#C61846	1.0
http://snomed.info/id/372507007	http://ncicb.nci.nih.gov/xml/owl/EVS/Thesaurus.owl#C61779	1.0
http://snomed.info/id/372508002	http://ncicb.nci.nih.gov/xml/owl/EVS/Thesaurus.owl#C61737	1.0
http://snomed.info/id/372509005	http://ncicb.nci.nih.gov/xml/owl/EVS/Thesaurus.owl#C75055	1.0
http://snomed.info/id/372510000	http://ncicb.nci.nih.gov/xml/owl/EVS/Thesaurus.owl#C65761	1.0
http://snomed.info/id/372511001	http://ncicb.nci.nih.gov/xml/owl/EVS/Thesaurus.owl#C61645	1.0
http://snomed.info/id/372512008	http://ncicb.nci.nih.gov/xml/owl/EVS/Thesaurus.owl#C65284	1.0
http://snomed.info/id/372515005	http://ncicb.nci.nih.gov/xml/owl/EVS/Thesaurus.owl#C29443	1.0
http://snomed.info/id/372516006	http://ncicb.nci.nih.gov/xml/owl/EVS/Thesaurus.owl#C61893	1.0
http://snomed.info/id/372518007	http://ncicb.nci.nih.gov/xml/owl/EVS/Thesaurus.owl#C61794	1.0
http://snomed.info/id/372520005	http://ncicb.nci.nih.gov/xml/owl/EVS/Thesaurus.owl#C61643	1.0
http://snomed.info/id/372524001	http://ncicb.nci.nih.gov/xml/owl/EVS/Thesaurus.owl#C29702	0.87011075
http://snomed.info/id/372525000	http://ncicb.nci.nih.gov/xml/owl/EVS/Thesaurus.owl#C471	0.73835498
http://snomed.info/id/372527008	http://ncicb.nci.nih.gov/xml/owl/EVS/Thesaurus.owl#C65838	1.0
http://snomed.info/id/372529006	http://ncicb.nci.nih.gov/xml/owl/EVS/Thesaurus.owl#C66877	1.0
http://snomed.info/id/372530001	http://ncicb.nci.nih.gov/xml/owl/EVS/Thesaurus.owl#C29444	1.0
http://snomed.info/id/372533004	http://ncicb.nci.nih.gov/xml/owl/EVS/Thesaurus.owl#C226	1.0
http://snomed.info/id/372535006	http://ncicb.nci.nih.gov/xml/owl/EVS/Thesaurus.owl#C87680	1.0
http://snomed.info/id/372536007	http://ncicb.nci.nih.gov/xml/owl/EVS/Thesaurus.owl#C1413	1.0
http://snomed.info/id/372538008	http://ncicb.nci.nih.gov/xml/owl/EVS/Thesaurus.owl#C62040	1.0
http://snomed.info/id/372539000	http://ncicb.nci.nih.gov/xml/owl/EVS/Thesaurus.owl#C562	1.0
http://snomed.info/id/372545008	http://ncicb.nci.nih.gov/xml/owl/EVS/Thesaurus.owl#C76306	1.0
http://snomed.info/id/372549002	http://ncicb.nci.nih.gov/xml/owl/EVS/Thesaurus.owl#C83648	1.0
http://snomed.info/id/372550002	http://ncicb.nci.nih.gov/xml/owl/EVS/Thesaurus.owl#C61866	1.0
http://snomed.info/id/372551003	http://ncicb.nci.nih.gov/xml/owl/EVS/Thesaurus.owl#C61743	1.0
http://snomed.info/id/372561005	http://ncicb.nci.nih.gov/xml/owl/EVS/Thesaurus.owl#C28825	1.0
http://snomed.info/id/372562003	http://ncicb.nci.nih.gov/xml/owl/EVS/Thesaurus.owl#C1452	1.0
http://snomed.info/id/372563008	http://ncicb.nci.nih.gov/xml/owl/EVS/Thesaurus.owl#C1453	1.0
http://snomed.info/id/372566000	http://ncicb.nci.nih.gov/xml/owl/EVS/Thesaurus.owl#C66075	1.0
http://snomed.info/id/372567009	http://ncicb.nci.nih.gov/xml/owl/EVS/Thesaurus.owl#C61612	1.0
http://snomed.info/id/372570008	http://ncicb.nci.nih.gov/xml/owl/EVS/Thesaurus.owl#C62083	1.0
http://snomed.info/id/372572000	http://ncicb.nci.nih.gov/xml/owl/EVS/Thesaurus.owl#C61940	1.0
http://snomed.info/id/372579009	http://ncicb.nci.nih.gov/xml/owl/EVS/Thesaurus.owl#C68299	1.0
http://snomed.info/id/372586001	http://ncicb.nci.nih.gov/xml/owl/EVS/Thesaurus.owl#C29636	0.92175925
http://snomed.info/id/372588000	http://ncicb.nci.nih.gov/xml/owl/EVS/Thesaurus.owl#C680	1.0
http://snomed.info/id/372589008	http://ncicb.nci.nih.gov/xml/owl/EVS/Thesaurus.owl#C61905	1.0
http://snomed.info/id/372591000	http://ncicb.nci.nih.gov/xml/owl/EVS/Thesaurus.owl#C65951	0.85755157
http://snomed.info/id/372594008	http://ncicb.nci.nih.gov/xml/owl/EVS/Thesaurus.owl#C61939	1.0
http://snomed.info/id/372595009	http://ncicb.nci.nih.gov/xml/owl/EVS/Thesaurus.owl#C61879	1.0
http://snomed.info/id/372596005	http://ncicb.nci.nih.gov/xml/owl/EVS/Thesaurus.owl#C61680	1.0
http://snomed.info/id/372602008	http://ncicb.nci.nih.gov/xml/owl/EVS/Thesaurus.owl#C651	1.0
http://snomed.info/id/372609004	http://ncicb.nci.nih.gov/xml/owl/EVS/Thesaurus.owl#C697	0.96545023
http://snomed.info/id/372612001	http://ncicb.nci.nih.gov/xml/owl/EVS/Thesaurus.owl#C2078	0.80849046
http://snomed.info/id/372622007	http://ncicb.nci.nih.gov/xml/owl/EVS/Thesaurus.owl#C29709	0.92862678
http://snomed.info/id/372628006	http://ncicb.nci.nih.gov/xml/owl/EVS/Thesaurus.owl#C76599	0.91905391
http://snomed.info/id/372652004	http://ncicb.nci.nih.gov/xml/owl/EVS/Thesaurus.owl#C62060	1.0
http://snomed.info/id/372655002	http://ncicb.nci.nih.gov/xml/owl/EVS/Thesaurus.owl#C66217	1.0
http://snomed.info/id/372656001	http://ncicb.nci.nih.gov/xml/owl/EVS/Thesaurus.owl#C681	0.91231656
http://snomed.info/id/372657005	http://ncicb.nci.nih.gov/xml/owl/EVS/Thesaurus.owl#C61989	1.0
http://snomed.info/id/372658000	http://ncicb.nci.nih.gov/xml/owl/EVS/Thesaurus.owl#C62027	1.0
http://snomed.info/id/372662006	http://ncicb.nci.nih.gov/xml/owl/EVS/Thesaurus.owl#C77430	1.0
http://snomed.info/id/372663001	http://ncicb.nci.nih.gov/xml/owl/EVS/Thesaurus.owl#C61707	1.0
http://snomed.info/id/372665008	http://ncicb.nci.nih.gov/xml/owl/EVS/Thesaurus.owl#C257	0.90106565
http://snomed.info/id/372671002	http://ncicb.nci.nih.gov/xml/owl/EVS/Thesaurus.owl#C62033	1.0
http://snomed.info/id/372672009	http://ncicb.nci.nih.gov/xml/owl/EVS/Thesaurus.owl#C77516	0.89178586
http://snomed.info/id/372676007	http://ncicb.nci.nih.gov/xml/owl/EVS/Thesaurus.owl#C62077	1.0
http://snomed.info/id/372678008	http://ncicb.nci.nih.gov/xml/owl/EVS/Thesaurus.owl#C61992	1.0
http://snomed.info/id/372684006	http://ncicb.nci.nih.gov/xml/owl/EVS/Thesaurus.owl#C434	1.0
http://snomed.info/id/372688009	http://ncicb.nci.nih.gov/xml/owl/EVS/Thesaurus.owl#C274	1.0
http://snomed.info/id/372690005	http://ncicb.nci.nih.gov/xml/owl/EVS/Thesaurus.owl#C76001	1.0
http://snomed.info/id/372691009	http://ncicb.nci.nih.gov/xml/owl/EVS/Thesaurus.owl#C49184	1.0
http://snomed.info/id/372695000	http://ncicb.nci.nih.gov/xml/owl/EVS/Thesaurus.owl#C448	1.0
http://snomed.info/id/372697008	http://ncicb.nci.nih.gov/xml/owl/EVS/Thesaurus.owl#C793	1.0
http://snomed.info/id/372698003	http://ncicb.nci.nih.gov/xml/owl/EVS/Thesaurus.owl#C76039	1.0
http://snomed.info/id/372701006	http://ncicb.nci.nih.gov/xml/owl/EVS/Thesaurus.owl#C281	0.9372167
http://snomed.info/id/372702004	http://ncicb.nci.nih.gov/xml/owl/EVS/Thesaurus.owl#C87327	0.94481641
http://snomed.info/id/372703009	http://ncicb.nci.nih.gov/xml/owl/EVS/Thesaurus.owl#C61885	1.0
http://snomed.info/id/372705002	http://ncicb.nci.nih.gov/xml/owl/EVS/Thesaurus.owl#C61700	1.0
http://snomed.info/id/372706001	http://ncicb.nci.nih.gov/xml/owl/EVS/Thesaurus.owl#C61971	1.0
http://snomed.info/id/372707005	http://ncicb.nci.nih.gov/xml/owl/EVS/Thesaurus.owl#C66894	1.0
http://snomed.info/id/372717000	http://ncicb.nci.nih.gov/xml/owl/EVS/Thesaurus.owl#C47647	1.0
http://snomed.info/id/372719002	http://ncicb.nci.nih.gov/xml/owl/EVS/Thesaurus.owl#C62081	1.0
http://snomed.info/id/372721007	http://ncicb.nci.nih.gov/xml/owl/EVS/Thesaurus.owl#C78077	1.0
http://snomed.info/id/372724004	http://ncicb.nci.nih.gov/xml/owl/EVS/Thesaurus.owl#C61955	1.0
http://snomed.info/id/372726002	http://ncicb.nci.nih.gov/xml/owl/EVS/Thesaurus.owl#C62005	1.0
http://snomed.info/id/372728001	http://ncicb.nci.nih.gov/xml/owl/EVS/Thesaurus.owl#C61835	1.0
http://snomed.info/id/372729009	http://ncicb.nci.nih.gov/xml/owl/EVS/Thesaurus.owl#C205	0.95372796
http://snomed.info/id/372730004	http://ncicb.nci.nih.gov/xml/owl/EVS/Thesaurus.owl#C47536	1.0
http://snomed.info/id/372732007	http://ncicb.nci.nih.gov/xml/owl/EVS/Thesaurus.owl#C61720	0.90830767
http://snomed.info/id/372733002	http://ncicb.nci.nih.gov/xml/owl/EVS/Thesaurus.owl#C247	0.86372572
http://snomed.info/id/372737001	http://ncicb.nci.nih.gov/xml/owl/EVS/Thesaurus.owl#C61937	1.0
http://snomed.info/id/372738006	http://ncicb.nci.nih.gov/xml/owl/EVS/Thesaurus.owl#C62048	1.0
http://snomed.info/id/372741002	http://ncicb.nci.nih.gov/xml/owl/EVS/Thesaurus.owl#C61908	1.0
http://snomed.info/id/372742009	http://ncicb.nci.nih.gov/xml/owl/EVS/Thesaurus.owl#C29750	1.0
http://snomed.info/id/372745006	http://ncicb.nci.nih.gov/xml/owl/EVS/Thesaurus.owl#C61965	1.0
http://snomed.info/id/372747003	http://ncicb.nci.nih.gov/xml/owl/EVS/Thesaurus.owl#C49185	1.0
http://snomed.info/id/372749000	http://ncicb.nci.nih.gov/xml/owl/EVS/Thesaurus.owl#C65511	1.0
http://snomed.info/id/372750000	http://ncicb.nci.nih.gov/xml/owl/EVS/Thesaurus.owl#C29146	1.0
http://snomed.info/id/372751001	http://ncicb.nci.nih.gov/xml/owl/EVS/Thesaurus.owl#C62029	1.0
http://snomed.info/id/372753003	http://ncicb.nci.nih.gov/xml/owl/EVS/Thesaurus.owl#C49186	1.0
http://snomed.info/id/372754009	http://ncicb.nci.nih.gov/xml/owl/EVS/Thesaurus.owl#C928	1.0
http://snomed.info/id/372755005	http://ncicb.nci.nih.gov/xml/owl/EVS/Thesaurus.owl#C29412	1.0
http://snomed.info/id/372757002	http://ncicb.nci.nih.gov/xml/owl/EVS/Thesaurus.owl#C29104	1.0
http://snomed.info/id/372760009	http://ncicb.nci.nih.gov/xml/owl/EVS/Thesaurus.owl#C61913	1.0
http://snomed.info/id/372767007	http://ncicb.nci.nih.gov/xml/owl/EVS/Thesaurus.owl#C506	1.0
http://snomed.info/id/372769005	http://ncicb.nci.nih.gov/xml/owl/EVS/Thesaurus.owl#C66119	1.0
http://snomed.info/id/372771005	http://ncicb.nci.nih.gov/xml/owl/EVS/Thesaurus.owl#C62067	1.0
http://snomed.info/id/372772003	http://ncicb.nci.nih.gov/xml/owl/EVS/Thesaurus.owl#C62073	1.0
http://snomed.info/id/372773008	http://ncicb.nci.nih.gov/xml/owl/EVS/Thesaurus.owl#C61841	1.0
http://snomed.info/id/372774002	http://ncicb.nci.nih.gov/xml/owl/EVS/Thesaurus.owl#C77300	1.0
http://snomed.info/id/372776000	http://ncicb.nci.nih.gov/xml/owl/EVS/Thesaurus.owl#C62046	1.0
http://snomed.info/id/372778004	http://ncicb.nci.nih.gov/xml/owl/EVS/Thesaurus.owl#C61869	1.0
http://snomed.info/id/372783007	http://ncicb.nci.nih.gov/xml/owl/EVS/Thesaurus.owl#C38149	1.0
http://snomed.info/id/372784001	http://ncicb.nci.nih.gov/xml/owl/EVS/Thesaurus.owl#C726	1.0
http://snomed.info/id/372785000	http://ncicb.nci.nih.gov/xml/owl/EVS/Thesaurus.owl#C272	1.0
http://snomed.info/id/372787008	http://ncicb.nci.nih.gov/xml/owl/EVS/Thesaurus.owl#C29707	0.93447232
http://snomed.info/id/372789006	http://ncicb.nci.nih.gov/xml/owl/EVS/Thesaurus.owl#C61816	1.0
http://snomed.info/id/372791003	http://ncicb.nci.nih.gov/xml/owl/EVS/Thesaurus.owl#C66917	1.0
http://snomed.info/id/372793000	http://ncicb.nci.nih.gov/xml/owl/EVS/Thesaurus.owl#C61725	1.0
http://snomed.info/id/372797004	http://ncicb.nci.nih.gov/xml/owl/EVS/Thesaurus.owl#C66276	0.86837512
http://snomed.info/id/372798009	http://ncicb.nci.nih.gov/xml/owl/EVS/Thesaurus.owl#C67084	1.0
http://snomed.info/id/372799001	http://ncicb.nci.nih.gov/xml/owl/EVS/Thesaurus.owl#C61850	1.0
http://snomed.info/id/372800002	http://ncicb.nci.nih.gov/xml/owl/EVS/Thesaurus.owl#C29697	1.0
http://snomed.info/id/372805007	http://ncicb.nci.nih.gov/xml/owl/EVS/Thesaurus.owl#C380	1.0
http://snomed.info/id/372807004	http://ncicb.nci.nih.gov/xml/owl/EVS/Thesaurus.owl#C65819	1.0
http://snomed.info/id/372810006	http://ncicb.nci.nih.gov/xml/owl/EVS/Thesaurus.owl#C872	1.0
http://snomed.info/id/372811005	http://ncicb.nci.nih.gov/xml/owl/EVS/Thesaurus.owl#C81540	1.0
http://snomed.info/id/372813008	http://ncicb.nci.nih.gov/xml/owl/EVS/Thesaurus.owl#C47793	1.0
http://snomed.info/id/372815001	http://ncicb.nci.nih.gov/xml/owl/EVS/Thesaurus.owl#C61525	1.0
http://snomed.info/id/372816000	http://ncicb.nci.nih.gov/xml/owl/EVS/Thesaurus.owl#C29577	0.93223429
http://snomed.info/id/372818004	http://ncicb.nci.nih.gov/xml/owl/EVS/Thesaurus.owl#C61795	1.0
http://snomed.info/id/372819007	http://ncicb.nci.nih.gov/xml/owl/EVS/Thesaurus.owl#C61697	1.0
http://snomed.info/id/372820001	http://ncicb.nci.nih.gov/xml/owl/EVS/Thesaurus.owl#C65827	1.0
http://snomed.info/id/372826007	http://ncicb.nci.nih.gov/xml/owl/EVS/Thesaurus.owl#C61845	1.0
http://snomed.info/id/372827003	http://ncicb.nci.nih.gov/xml/owl/EVS/Thesaurus.owl#C87481	1.0
http://snomed.info/id/372828008	http://ncicb.nci.nih.gov/xml/owl/EVS/Thesaurus.owl#C66063	1.0
http://snomed.info/id/372829000	http://ncicb.nci.nih.gov/xml/owl/EVS/Thesaurus.owl#C29510	1.0
http://snomed.info/id/372830005	http://ncicb.nci.nih.gov/xml/owl/EVS/Thesaurus.owl#C61729	0.94897979
http://snomed.info/id/372831009	http://ncicb.nci.nih.gov/xml/owl/EVS/Thesaurus.owl#C76523	1.0
http://snomed.info/id/372838003	http://ncicb.nci.nih.gov/xml/owl/EVS/Thesaurus.owl#C62065	1.0
http://snomed.info/id/372841007	http://ncicb.nci.nih.gov/xml/owl/EVS/Thesaurus.owl#C87749	1.0
http://snomed.info/id/372844004	http://ncicb.nci.nih.gov/xml/owl/EVS/Thesaurus.owl#C61730	1.0
http://snomed.info/id/372845003	http://ncicb.nci.nih.gov/xml/owl/EVS/Thesaurus.owl#C94257	1.0
http://snomed.info/id/372847006	http://ncicb.nci.nih.gov/xml/owl/EVS/Thesaurus.owl#C72617	1.0
http://snomed.info/id/372848001	http://ncicb.nci.nih.gov/xml/owl/EVS/Thesaurus.owl#C517	1.0
http://snomed.info/id/372852001	http://ncicb.nci.nih.gov/xml/owl/EVS/Thesaurus.owl#C66100	1.0
http://snomed.info/id/372853006	http://ncicb.nci.nih.gov/xml/owl/EVS/Thesaurus.owl#C774	1.0
http://snomed.info/id/372854000	http://ncicb.nci.nih.gov/xml/owl/EVS/Thesaurus.owl#C61677	1.0
http://snomed.info/id/372856003	http://ncicb.nci.nih.gov/xml/owl/EVS/Thesaurus.owl#C29103	1.0
http://snomed.info/id/372858002	http://ncicb.nci.nih.gov/xml/owl/EVS/Thesaurus.owl#C47740	0.90105349
http://snomed.info/id/372863003	http://ncicb.nci.nih.gov/xml/owl/EVS/Thesaurus.owl#C62066	1.0
http://snomed.info/id/372867002	http://ncicb.nci.nih.gov/xml/owl/EVS/Thesaurus.owl#C83740	1.0
http://snomed.info/id/372880004	http://ncicb.nci.nih.gov/xml/owl/EVS/Thesaurus.owl#C47757	1.0
http://snomed.info/id/372883002	http://ncicb.nci.nih.gov/xml/owl/EVS/Thesaurus.owl#C87317	1.0
http://snomed.info/id/372891006	http://ncicb.nci.nih.gov/xml/owl/EVS/Thesaurus.owl#C61979	1.0
http://snomed.info/id/372894003	http://ncicb.nci.nih.gov/xml/owl/EVS/Thesaurus.owl#C29696	0.86361217
http://snomed.info/id/372895002	http://ncicb.nci.nih.gov/xml/owl/EVS/Thesaurus.owl#C62068	1.0
http://snomed.info/id/372897005	http://ncicb.nci.nih.gov/xml/owl/EVS/Thesaurus.owl#C215	0.90700322
http://snomed.info/id/372899008	http://ncicb.nci.nih.gov/xml/owl/EVS/Thesaurus.owl#C1314	1.0
http://snomed.info/id/372900003	http://ncicb.nci.nih.gov/xml/owl/EVS/Thesaurus.owl#C61914	1.0
http://snomed.info/id/372901004	http://ncicb.nci.nih.gov/xml/owl/EVS/Thesaurus.owl#C61657	0.91461605
http://snomed.info/id/372902006	http://ncicb.nci.nih.gov/xml/owl/EVS/Thesaurus.owl#C71630	1.0
http://snomed.info/id/372903001	http://ncicb.nci.nih.gov/xml/owl/EVS/Thesaurus.owl#C61608	1.0
http://snomed.info/id/372905008	http://ncicb.nci.nih.gov/xml/owl/EVS/Thesaurus.owl#C61769	1.0
http://snomed.info/id/372907000	http://ncicb.nci.nih.gov/xml/owl/EVS/Thesaurus.owl#C443	0.82418764
http://snomed.info/id/372908005	http://ncicb.nci.nih.gov/xml/owl/EVS/Thesaurus.owl#C831	0.9537161
http://snomed.info/id/372909002	http://ncicb.nci.nih.gov/xml/owl/EVS/Thesaurus.owl#C62047	1.0
http://snomed.info/id/372910007	http://ncicb.nci.nih.gov/xml/owl/EVS/Thesaurus.owl#C61909	1.0
http://snomed.info/id/372911006	http://ncicb.nci.nih.gov/xml/owl/EVS/Thesaurus.owl#C61949	1.0
http://snomed.info/id/372912004	http://ncicb.nci.nih.gov/xml/owl/EVS/Thesaurus.owl#C1655	0.90713906
http://snomed.info/id/372913009	http://ncicb.nci.nih.gov/xml/owl/EVS/Thesaurus.owl#C66930	0.96925968
http://snomed.info/id/372914003	http://ncicb.nci.nih.gov/xml/owl/EVS/Thesaurus.owl#C77041	0.84460109
http://snomed.info/id/372916001	http://ncicb.nci.nih.gov/xml/owl/EVS/Thesaurus.owl#C72910	1.0
http://snomed.info/id/37306000	http://ncicb.nci.nih.gov/xml/owl/EVS/Thesaurus.owl#C929	0.98137271
http://snomed.info/id/373216001	http://ncicb.nci.nih.gov/xml/owl/EVS/Thesaurus.owl#C2198	0.96421182
http://snomed.info/id/373219008	http://ncicb.nci.nih.gov/xml/owl/EVS/Thesaurus.owl#C514	0.93519396
http://snomed.info/id/373225007	http://ncicb.nci.nih.gov/xml/owl/EVS/Thesaurus.owl#C94725	0.85673857
http://snomed.info/id/373227004	http://ncicb.nci.nih.gov/xml/owl/EVS/Thesaurus.owl#C48149	0.92394096
http://snomed.info/id/373228009	http://ncicb.nci.nih.gov/xml/owl/EVS/Thesaurus.owl#C29578	0.83729076
http://snomed.info/id/373246003	http://ncicb.nci.nih.gov/xml/owl/EVS/Thesaurus.owl#C47796	0.78018636
http://snomed.info/id/373254001	http://ncicb.nci.nih.gov/xml/owl/EVS/Thesaurus.owl#C29576	0.94005924
http://snomed.info/id/373266007	http://ncicb.nci.nih.gov/xml/owl/EVS/Thesaurus.owl#C245	0.97570586
http://snomed.info/id/373281001	http://ncicb.nci.nih.gov/xml/owl/EVS/Thesaurus.owl#C667	0.95299262
http://snomed.info/id/373282008	http://ncicb.nci.nih.gov/xml/owl/EVS/Thesaurus.owl#C29756	0.79589951
http://snomed.info/id/373293005	http://ncicb.nci.nih.gov/xml/owl/EVS/Thesaurus.owl#C29698	0.98684698
http://snomed.info/id/373294004	http://ncicb.nci.nih.gov/xml/owl/EVS/Thesaurus.owl#C2578	1.0
http://snomed.info/id/373301002	http://ncicb.nci.nih.gov/xml/owl/EVS/Thesaurus.owl#C67439	1.0
http://snomed.info/id/373304005	http://ncicb.nci.nih.gov/xml/owl/EVS/Thesaurus.owl#C333	0.95855409
http://snomed.info/id/373307003	http://ncicb.nci.nih.gov/xml/owl/EVS/Thesaurus.owl#C397	0.92389446
http://snomed.info/id/373336003	http://ncicb.nci.nih.gov/xml/owl/EVS/Thesaurus.owl#C481	0.80895066
http://snomed.info/id/373337007	http://ncicb.nci.nih.gov/xml/owl/EVS/Thesaurus.owl#C62045	1.0
http://snomed.info/id/373339005	http://ncicb.nci.nih.gov/xml/owl/EVS/Thesaurus.owl#C61736	1.0
http://snomed.info/id/373340007	http://ncicb.nci.nih.gov/xml/owl/EVS/Thesaurus.owl#C61887	1.0
http://snomed.info/id/373342004	http://ncicb.nci.nih.gov/xml/owl/EVS/Thesaurus.owl#C76137	1.0
http://snomed.info/id/373343009	http://ncicb.nci.nih.gov/xml/owl/EVS/Thesaurus.owl#C61890	1.0
http://snomed.info/id/373344003	http://ncicb.nci.nih.gov/xml/owl/EVS/Thesaurus.owl#C76139	1.0
http://snomed.info/id/373389002	http://ncicb.nci.nih.gov/xml/owl/EVS/Thesaurus.owl#C47788	0.98696244
http://snomed.info/id/373440006	http://ncicb.nci.nih.gov/xml/owl/EVS/Thesaurus.owl#C61976	1.0
http://snomed.info/id/373442003	http://ncicb.nci.nih.gov/xml/owl/EVS/Thesaurus.owl#C83967	1.0
http://snomed.info/id/373443008	http://ncicb.nci.nih.gov/xml/owl/EVS/Thesaurus.owl#C65308	1.0
http://snomed.info/id/373444002	http://ncicb.nci.nih.gov/xml/owl/EVS/Thesaurus.owl#C61527	1.0
http://snomed.info/id/373445001	http://ncicb.nci.nih.gov/xml/owl/EVS/Thesaurus.owl#C29285	1.0
http://snomed.info/id/373446000	http://ncicb.nci.nih.gov/xml/owl/EVS/Thesaurus.owl#C61844	1.0
http://snomed.info/id/373448004	http://ncicb.nci.nih.gov/xml/owl/EVS/Thesaurus.owl#C61958	1.0
http://snomed.info/id/373449007	http://ncicb.nci.nih.gov/xml/owl/EVS/Thesaurus.owl#C72959	1.0
http://snomed.info/id/373455002	http://ncicb.nci.nih.gov/xml/owl/EVS/Thesaurus.owl#C61662	1.0
http://snomed.info/id/373464007	http://ncicb.nci.nih.gov/xml/owl/EVS/Thesaurus.owl#C61797	1.0
http://snomed.info/id/373465008	http://ncicb.nci.nih.gov/xml/owl/EVS/Thesaurus.owl#C84046	0.79762995
http://snomed.info/id/373466009	http://ncicb.nci.nih.gov/xml/owl/EVS/Thesaurus.owl#C81578	1.0
http://snomed.info/id/373467000	http://ncicb.nci.nih.gov/xml/owl/EVS/Thesaurus.owl#C61659	1.0
http://snomed.info/id/373468005	http://ncicb.nci.nih.gov/xml/owl/EVS/Thesaurus.owl#C61671	1.0
http://snomed.info/id/373470001	http://ncicb.nci.nih.gov/xml/owl/EVS/Thesaurus.owl#C166626	1.0
http://snomed.info/id/373472009	http://ncicb.nci.nih.gov/xml/owl/EVS/Thesaurus.owl#C677	1.0
http://snomed.info/id/373475006	http://ncicb.nci.nih.gov/xml/owl/EVS/Thesaurus.owl#C61991	1.0
http://snomed.info/id/373476007	http://ncicb.nci.nih.gov/xml/owl/EVS/Thesaurus.owl#C62049	1.0
http://snomed.info/id/373481003	http://ncicb.nci.nih.gov/xml/owl/EVS/Thesaurus.owl#C66610	1.0
http://snomed.info/id/373482005	http://ncicb.nci.nih.gov/xml/owl/EVS/Thesaurus.owl#C87255	1.0
http://snomed.info/id/373486008	http://ncicb.nci.nih.gov/xml/owl/EVS/Thesaurus.owl#C47777	0.91263187
http://snomed.info/id/373489001	http://ncicb.nci.nih.gov/xml/owl/EVS/Thesaurus.owl#C61634	0.94863367
http://snomed.info/id/373492002	http://ncicb.nci.nih.gov/xml/owl/EVS/Thesaurus.owl#C494	1.0
http://snomed.info/id/373493007	http://ncicb.nci.nih.gov/xml/owl/EVS/Thesaurus.owl#C66486	1.0
http://snomed.info/id/373495000	http://ncicb.nci.nih.gov/xml/owl/EVS/Thesaurus.owl#C75090	1.0
http://snomed.info/id/373499006	http://ncicb.nci.nih.gov/xml/owl/EVS/Thesaurus.owl#C563	1.0
http://snomed.info/id/373500002	http://ncicb.nci.nih.gov/xml/owl/EVS/Thesaurus.owl#C61889	1.0
http://snomed.info/id/373505007	http://ncicb.nci.nih.gov/xml/owl/EVS/Thesaurus.owl#C739	1.0
http://snomed.info/id/373506008	http://ncicb.nci.nih.gov/xml/owl/EVS/Thesaurus.owl#C508	1.0
http://snomed.info/id/373508009	http://ncicb.nci.nih.gov/xml/owl/EVS/Thesaurus.owl#C47393	1.0
http://snomed.info/id/373513008	http://ncicb.nci.nih.gov/xml/owl/EVS/Thesaurus.owl#C576	0.92322832
http://snomed.info/id/373524005	http://ncicb.nci.nih.gov/xml/owl/EVS/Thesaurus.owl#C62084	1.0
http://snomed.info/id/373525006	http://ncicb.nci.nih.gov/xml/owl/EVS/Thesaurus.owl#C61760	1.0
http://snomed.info/id/373532002	http://ncicb.nci.nih.gov/xml/owl/EVS/Thesaurus.owl#C87457	1.0
http://snomed.info/id/373536004	http://ncicb.nci.nih.gov/xml/owl/EVS/Thesaurus.owl#C485	0.85374337
http://snomed.info/id/373540008	http://ncicb.nci.nih.gov/xml/owl/EVS/Thesaurus.owl#C557	1.0
http://snomed.info/id/373541007	http://ncicb.nci.nih.gov/xml/owl/EVS/Thesaurus.owl#C374	1.0
http://snomed.info/id/373542000	http://ncicb.nci.nih.gov/xml/owl/EVS/Thesaurus.owl#C47616	1.0
http://snomed.info/id/373544004	http://ncicb.nci.nih.gov/xml/owl/EVS/Thesaurus.owl#C61638	1.0
http://snomed.info/id/373546002	http://ncicb.nci.nih.gov/xml/owl/EVS/Thesaurus.owl#C62055	1.0
http://snomed.info/id/373549009	http://ncicb.nci.nih.gov/xml/owl/EVS/Thesaurus.owl#C87254	1.0
http://snomed.info/id/373550009	http://ncicb.nci.nih.gov/xml/owl/EVS/Thesaurus.owl#C61990	1.0
http://snomed.info/id/373552001	http://ncicb.nci.nih.gov/xml/owl/EVS/Thesaurus.owl#C84207	1.0
http://snomed.info/id/373566006	http://ncicb.nci.nih.gov/xml/owl/EVS/Thesaurus.owl#C62070	1.0
http://snomed.info/id/373567002	http://ncicb.nci.nih.gov/xml/owl/EVS/Thesaurus.owl#C66869	1.0
http://snomed.info/id/373724007	http://ncicb.nci.nih.gov/xml/owl/EVS/Thesaurus.owl#C29298	0.97099024
http://snomed.info/id/373726009	http://ncicb.nci.nih.gov/xml/owl/EVS/Thesaurus.owl#C66196	0.73402673
http://snomed.info/id/373727000	http://ncicb.nci.nih.gov/xml/owl/EVS/Thesaurus.owl#C61961	1.0
http://snomed.info/id/373730007	http://ncicb.nci.nih.gov/xml/owl/EVS/Thesaurus.owl#C174902	1.0
http://snomed.info/id/373738000	http://ncicb.nci.nih.gov/xml/owl/EVS/Thesaurus.owl#C61876	1.0
http://snomed.info/id/373754002	http://ncicb.nci.nih.gov/xml/owl/EVS/Thesaurus.owl#C47397	1.0
http://snomed.info/id/373764006	http://ncicb.nci.nih.gov/xml/owl/EVS/Thesaurus.owl#C47651	1.0
http://snomed.info/id/373769001	http://ncicb.nci.nih.gov/xml/owl/EVS/Thesaurus.owl#C788	1.0
http://snomed.info/id/373771001	http://ncicb.nci.nih.gov/xml/owl/EVS/Thesaurus.owl#C77369	0.7950666
http://snomed.info/id/373778007	http://ncicb.nci.nih.gov/xml/owl/EVS/Thesaurus.owl#C77041	1.0
http://snomed.info/id/373781002	http://ncicb.nci.nih.gov/xml/owl/EVS/Thesaurus.owl#C76069	1.0
http://snomed.info/id/373873005	http://ncicb.nci.nih.gov/xml/owl/EVS/Thesaurus.owl#C142605	0.93425858
http://snomed.info/id/37527009	http://ncicb.nci.nih.gov/xml/owl/EVS/Thesaurus.owl#C47731	1.0
http://snomed.info/id/3757009	http://ncicb.nci.nih.gov/xml/owl/EVS/Thesaurus.owl#C529	1.0
http://snomed.info/id/37656002	http://ncicb.nci.nih.gov/xml/owl/EVS/Thesaurus.owl#C641	0.8634457
http://snomed.info/id/377002	http://ncicb.nci.nih.gov/xml/owl/EVS/Thesaurus.owl#C152414	1.0
http://snomed.info/id/37765000	http://ncicb.nci.nih.gov/xml/owl/EVS/Thesaurus.owl#C47486	0.78736842
http://snomed.info/id/37803001	http://ncicb.nci.nih.gov/xml/owl/EVS/Thesaurus.owl#C47777	0.8762151
http://snomed.info/id/37978007	http://ncicb.nci.nih.gov/xml/owl/EVS/Thesaurus.owl#C66241	1.0
http://snomed.info/id/38122009	http://ncicb.nci.nih.gov/xml/owl/EVS/Thesaurus.owl#C47398	1.0
http://snomed.info/id/3814009	http://ncicb.nci.nih.gov/xml/owl/EVS/Thesaurus.owl#C781	0.97120738
http://snomed.info/id/38166006	http://ncicb.nci.nih.gov/xml/owl/EVS/Thesaurus.owl#C47763	0.97340536
http://snomed.info/id/3822002	http://ncicb.nci.nih.gov/xml/owl/EVS/Thesaurus.owl#C61955	0.96386921
http://snomed.info/id/38231004	http://ncicb.nci.nih.gov/xml/owl/EVS/Thesaurus.owl#C89826	0.92555219
http://snomed.info/id/38268001	http://ncicb.nci.nih.gov/xml/owl/EVS/Thesaurus.owl#C561	0.98016131
http://snomed.info/id/38314008	http://ncicb.nci.nih.gov/xml/owl/EVS/Thesaurus.owl#C603	0.95632589
http://snomed.info/id/38446009	http://ncicb.nci.nih.gov/xml/owl/EVS/Thesaurus.owl#C47488	1.0
http://snomed.info/id/384952006	http://ncicb.nci.nih.gov/xml/owl/EVS/Thesaurus.owl#C66884	0.97423899
http://snomed.info/id/384953001	http://ncicb.nci.nih.gov/xml/owl/EVS/Thesaurus.owl#C29711	0.89316279
http://snomed.info/id/384973006	http://ncicb.nci.nih.gov/xml/owl/EVS/Thesaurus.owl#C66256	1.0
http://snomed.info/id/384976003	http://ncicb.nci.nih.gov/xml/owl/EVS/Thesaurus.owl#C28820	0.98220384
http://snomed.info/id/384978002	http://ncicb.nci.nih.gov/xml/owl/EVS/Thesaurus.owl#C29076	0.87817889
http://snomed.info/id/385517000	http://ncicb.nci.nih.gov/xml/owl/EVS/Thesaurus.owl#C47539	1.0
http://snomed.info/id/385549000	http://ncicb.nci.nih.gov/xml/owl/EVS/Thesaurus.owl#C38717	1.0
http://snomed.info/id/385558007	http://ncicb.nci.nih.gov/xml/owl/EVS/Thesaurus.owl#C47417	0.98324341
http://snomed.info/id/385560009	http://ncicb.nci.nih.gov/xml/owl/EVS/Thesaurus.owl#C28313	0.97045714
http://snomed.info/id/385565004	http://ncicb.nci.nih.gov/xml/owl/EVS/Thesaurus.owl#C80267	0.71177542
http://snomed.info/id/385567007	http://ncicb.nci.nih.gov/xml/owl/EVS/Thesaurus.owl#C80267	0.95655417
http://snomed.info/id/385572003	http://ncicb.nci.nih.gov/xml/owl/EVS/Thesaurus.owl#C47503	1.0
http://snomed.info/id/385573008	http://ncicb.nci.nih.gov/xml/owl/EVS/Thesaurus.owl#C61753	1.0
http://snomed.info/id/385580005	http://ncicb.nci.nih.gov/xml/owl/EVS/Thesaurus.owl#C47671	1.0
http://snomed.info/id/385583007	http://ncicb.nci.nih.gov/xml/owl/EVS/Thesaurus.owl#C1869	0.9866153
http://snomed.info/id/385584001	http://ncicb.nci.nih.gov/xml/owl/EVS/Thesaurus.owl#C1869	1.0
http://snomed.info/id/385608005	http://ncicb.nci.nih.gov/xml/owl/EVS/Thesaurus.owl#C1878	1.0
http://snomed.info/id/385682008	http://ncicb.nci.nih.gov/xml/owl/EVS/Thesaurus.owl#C61983	0.97563446
http://snomed.info/id/385997009	http://ncicb.nci.nih.gov/xml/owl/EVS/Thesaurus.owl#C61862	0.98381037
http://snomed.info/id/386024001	http://ncicb.nci.nih.gov/xml/owl/EVS/Thesaurus.owl#C620	0.98245871
http://snomed.info/id/386029006	http://ncicb.nci.nih.gov/xml/owl/EVS/Thesaurus.owl#C61870	0.85405523
http://snomed.info/id/386030001	http://ncicb.nci.nih.gov/xml/owl/EVS/Thesaurus.owl#C28863	0.9772135
http://snomed.info/id/386031002	http://ncicb.nci.nih.gov/xml/owl/EVS/Thesaurus.owl#C29307	0.97873896
http://snomed.info/id/386035006	http://ncicb.nci.nih.gov/xml/owl/EVS/Thesaurus.owl#C76961	1.0
http://snomed.info/id/386036007	http://ncicb.nci.nih.gov/xml/owl/EVS/Thesaurus.owl#C66583	0.98316073
http://snomed.info/id/386046009	http://ncicb.nci.nih.gov/xml/owl/EVS/Thesaurus.owl#C61847	0.96153915
http://snomed.info/id/386107009	http://ncicb.nci.nih.gov/xml/owl/EVS/Thesaurus.owl#C47431	0.96869063
http://snomed.info/id/386155009	http://ncicb.nci.nih.gov/xml/owl/EVS/Thesaurus.owl#C65366	0.9750396
http://snomed.info/id/386170005	http://ncicb.nci.nih.gov/xml/owl/EVS/Thesaurus.owl#C47772	0.96402127
http://snomed.info/id/386171009	http://ncicb.nci.nih.gov/xml/owl/EVS/Thesaurus.owl#C65754	0.97934294
http://snomed.info/id/386183006	http://ncicb.nci.nih.gov/xml/owl/EVS/Thesaurus.owl#C47504	0.86755121
http://snomed.info/id/386187007	http://ncicb.nci.nih.gov/xml/owl/EVS/Thesaurus.owl#C47523	0.79542482
http://snomed.info/id/38648002	http://ncicb.nci.nih.gov/xml/owl/EVS/Thesaurus.owl#C66089	1.0
http://snomed.info/id/386757008	http://ncicb.nci.nih.gov/xml/owl/EVS/Thesaurus.owl#C29705	0.8898921
http://snomed.info/id/386832008	http://ncicb.nci.nih.gov/xml/owl/EVS/Thesaurus.owl#C47578	1.0
http://snomed.info/id/386835005	http://ncicb.nci.nih.gov/xml/owl/EVS/Thesaurus.owl#C195	1.0
http://snomed.info/id/386837002	http://ncicb.nci.nih.gov/xml/owl/EVS/Thesaurus.owl#C537	1.0
http://snomed.info/id/386838007	http://ncicb.nci.nih.gov/xml/owl/EVS/Thesaurus.owl#C75965	1.0
http://snomed.info/id/386839004	http://ncicb.nci.nih.gov/xml/owl/EVS/Thesaurus.owl#C66513	1.0
http://snomed.info/id/386840002	http://ncicb.nci.nih.gov/xml/owl/EVS/Thesaurus.owl#C29416	1.0
http://snomed.info/id/38684009	http://ncicb.nci.nih.gov/xml/owl/EVS/Thesaurus.owl#C47385	1.0
http://snomed.info/id/386842005	http://ncicb.nci.nih.gov/xml/owl/EVS/Thesaurus.owl#C47717	1.0
http://snomed.info/id/386843000	http://ncicb.nci.nih.gov/xml/owl/EVS/Thesaurus.owl#C47543	1.0
http://snomed.info/id/386844006	http://ncicb.nci.nih.gov/xml/owl/EVS/Thesaurus.owl#C47764	1.0
http://snomed.info/id/386846008	http://ncicb.nci.nih.gov/xml/owl/EVS/Thesaurus.owl#C867	1.0
http://snomed.info/id/386847004	http://ncicb.nci.nih.gov/xml/owl/EVS/Thesaurus.owl#C29265	1.0
http://snomed.info/id/386848009	http://ncicb.nci.nih.gov/xml/owl/EVS/Thesaurus.owl#C47672	1.0
http://snomed.info/id/386849001	http://ncicb.nci.nih.gov/xml/owl/EVS/Thesaurus.owl#C47639	1.0
http://snomed.info/id/386850001	http://ncicb.nci.nih.gov/xml/owl/EVS/Thesaurus.owl#C61917	1.0
http://snomed.info/id/386852009	http://ncicb.nci.nih.gov/xml/owl/EVS/Thesaurus.owl#C66456	1.0
http://snomed.info/id/386853004	http://ncicb.nci.nih.gov/xml/owl/EVS/Thesaurus.owl#C60773	1.0
http://snomed.info/id/386854005	http://ncicb.nci.nih.gov/xml/owl/EVS/Thesaurus.owl#C47575	1.0
http://snomed.info/id/386855006	http://ncicb.nci.nih.gov/xml/owl/EVS/Thesaurus.owl#C66874	1.0
http://snomed.info/id/386856007	http://ncicb.nci.nih.gov/xml/owl/EVS/Thesaurus.owl#C2603	1.0
http://snomed.info/id/386858008	http://ncicb.nci.nih.gov/xml/owl/EVS/Thesaurus.owl#C29507	1.0
http://snomed.info/id/386859000	http://ncicb.nci.nih.gov/xml/owl/EVS/Thesaurus.owl#C47627	1.0
http://snomed.info/id/386860005	http://ncicb.nci.nih.gov/xml/owl/EVS/Thesaurus.owl#C47526	1.0
http://snomed.info/id/386862002	http://ncicb.nci.nih.gov/xml/owl/EVS/Thesaurus.owl#C47577	1.0
http://snomed.info/id/386863007	http://ncicb.nci.nih.gov/xml/owl/EVS/Thesaurus.owl#C29046	1.0
http://snomed.info/id/386864001	http://ncicb.nci.nih.gov/xml/owl/EVS/Thesaurus.owl#C61635	1.0
http://snomed.info/id/386865000	http://ncicb.nci.nih.gov/xml/owl/EVS/Thesaurus.owl#C61882	1.0
http://snomed.info/id/386866004	http://ncicb.nci.nih.gov/xml/owl/EVS/Thesaurus.owl#C65291	1.0
http://snomed.info/id/386867008	http://ncicb.nci.nih.gov/xml/owl/EVS/Thesaurus.owl#C28905	1.0
http://snomed.info/id/386869006	http://ncicb.nci.nih.gov/xml/owl/EVS/Thesaurus.owl#C28871	1.0
http://snomed.info/id/386870007	http://ncicb.nci.nih.gov/xml/owl/EVS/Thesaurus.owl#C28906	1.0
http://snomed.info/id/386871006	http://ncicb.nci.nih.gov/xml/owl/EVS/Thesaurus.owl#C61978	1.0
http://snomed.info/id/386872004	http://ncicb.nci.nih.gov/xml/owl/EVS/Thesaurus.owl#C29411	1.0
http://snomed.info/id/386873009	http://ncicb.nci.nih.gov/xml/owl/EVS/Thesaurus.owl#C29159	1.0
http://snomed.info/id/386874003	http://ncicb.nci.nih.gov/xml/owl/EVS/Thesaurus.owl#C62074	1.0
http://snomed.info/id/386875002	http://ncicb.nci.nih.gov/xml/owl/EVS/Thesaurus.owl#C29398	1.0
http://snomed.info/id/386876001	http://ncicb.nci.nih.gov/xml/owl/EVS/Thesaurus.owl#C47781	1.0
http://snomed.info/id/386878000	http://ncicb.nci.nih.gov/xml/owl/EVS/Thesaurus.owl#C28903	1.0
http://snomed.info/id/386879008	http://ncicb.nci.nih.gov/xml/owl/EVS/Thesaurus.owl#C29047	1.0
http://snomed.info/id/386883008	http://ncicb.nci.nih.gov/xml/owl/EVS/Thesaurus.owl#C47462	1.0
http://snomed.info/id/386886000	http://ncicb.nci.nih.gov/xml/owl/EVS/Thesaurus.owl#C66505	1.0
http://snomed.info/id/386887009	http://ncicb.nci.nih.gov/xml/owl/EVS/Thesaurus.owl#C29295	1.0
http://snomed.info/id/386890003	http://ncicb.nci.nih.gov/xml/owl/EVS/Thesaurus.owl#C1176	1.0
http://snomed.info/id/386894007	http://ncicb.nci.nih.gov/xml/owl/EVS/Thesaurus.owl#C1600	1.0
http://snomed.info/id/386895008	http://ncicb.nci.nih.gov/xml/owl/EVS/Thesaurus.owl#C1428	1.0
http://snomed.info/id/386896009	http://ncicb.nci.nih.gov/xml/owl/EVS/Thesaurus.owl#C1609	1.0
http://snomed.info/id/386897000	http://ncicb.nci.nih.gov/xml/owl/EVS/Thesaurus.owl#C1471	1.0
http://snomed.info/id/386898005	http://ncicb.nci.nih.gov/xml/owl/EVS/Thesaurus.owl#C29277	1.0
http://snomed.info/id/386899002	http://ncicb.nci.nih.gov/xml/owl/EVS/Thesaurus.owl#C28838	1.0
http://snomed.info/id/386904003	http://ncicb.nci.nih.gov/xml/owl/EVS/Thesaurus.owl#C564	1.0
http://snomed.info/id/386906001	http://ncicb.nci.nih.gov/xml/owl/EVS/Thesaurus.owl#C1794	1.0
http://snomed.info/id/386907005	http://ncicb.nci.nih.gov/xml/owl/EVS/Thesaurus.owl#C1094	1.0
http://snomed.info/id/386908000	http://ncicb.nci.nih.gov/xml/owl/EVS/Thesaurus.owl#C1599	1.0
http://snomed.info/id/386909008	http://ncicb.nci.nih.gov/xml/owl/EVS/Thesaurus.owl#C479	1.0
http://snomed.info/id/386910003	http://ncicb.nci.nih.gov/xml/owl/EVS/Thesaurus.owl#C1607	1.0
http://snomed.info/id/386916009	http://ncicb.nci.nih.gov/xml/owl/EVS/Thesaurus.owl#C1336	1.0
http://snomed.info/id/386918005	http://ncicb.nci.nih.gov/xml/owl/EVS/Thesaurus.owl#C1526	1.0
http://snomed.info/id/386921007	http://ncicb.nci.nih.gov/xml/owl/EVS/Thesaurus.owl#C1071	1.0
http://snomed.info/id/386922000	http://ncicb.nci.nih.gov/xml/owl/EVS/Thesaurus.owl#C192	1.0
http://snomed.info/id/386923005	http://ncicb.nci.nih.gov/xml/owl/EVS/Thesaurus.owl#C488	1.0
http://snomed.info/id/386924004	http://ncicb.nci.nih.gov/xml/owl/EVS/Thesaurus.owl#C47419	1.0
http://snomed.info/id/386925003	http://ncicb.nci.nih.gov/xml/owl/EVS/Thesaurus.owl#C47420	1.0
http://snomed.info/id/386927006	http://ncicb.nci.nih.gov/xml/owl/EVS/Thesaurus.owl#C29139	0.96790516
http://snomed.info/id/386931000	http://ncicb.nci.nih.gov/xml/owl/EVS/Thesaurus.owl#C80949	1.0
http://snomed.info/id/386933002	http://ncicb.nci.nih.gov/xml/owl/EVS/Thesaurus.owl#C82312	0.90765661
http://snomed.info/id/386934008	http://ncicb.nci.nih.gov/xml/owl/EVS/Thesaurus.owl#C28989	1.0
http://snomed.info/id/386935009	http://ncicb.nci.nih.gov/xml/owl/EVS/Thesaurus.owl#C29487	1.0
http://snomed.info/id/386941002	http://ncicb.nci.nih.gov/xml/owl/EVS/Thesaurus.owl#C1431	1.0
http://snomed.info/id/386952008	http://ncicb.nci.nih.gov/xml/owl/EVS/Thesaurus.owl#C61686	1.0
http://snomed.info/id/386953003	http://ncicb.nci.nih.gov/xml/owl/EVS/Thesaurus.owl#C76405	1.0
http://snomed.info/id/386955005	http://ncicb.nci.nih.gov/xml/owl/EVS/Thesaurus.owl#C1839	1.0
http://snomed.info/id/386960009	http://ncicb.nci.nih.gov/xml/owl/EVS/Thesaurus.owl#C47765	1.0
http://snomed.info/id/386964000	http://ncicb.nci.nih.gov/xml/owl/EVS/Thesaurus.owl#C47703	1.0
http://snomed.info/id/386965004	http://ncicb.nci.nih.gov/xml/owl/EVS/Thesaurus.owl#C983	1.0
http://snomed.info/id/386966003	http://ncicb.nci.nih.gov/xml/owl/EVS/Thesaurus.owl#C29073	1.0
http://snomed.info/id/386967007	http://ncicb.nci.nih.gov/xml/owl/EVS/Thesaurus.owl#C1522	1.0
http://snomed.info/id/386971005	http://ncicb.nci.nih.gov/xml/owl/EVS/Thesaurus.owl#C29504	1.0
http://snomed.info/id/386974002	http://ncicb.nci.nih.gov/xml/owl/EVS/Thesaurus.owl#C61757	1.0
http://snomed.info/id/386975001	http://ncicb.nci.nih.gov/xml/owl/EVS/Thesaurus.owl#C1311	1.0
http://snomed.info/id/386976000	http://ncicb.nci.nih.gov/xml/owl/EVS/Thesaurus.owl#C1468	1.0
http://snomed.info/id/386979007	http://ncicb.nci.nih.gov/xml/owl/EVS/Thesaurus.owl#C47428	1.0
http://snomed.info/id/386980005	http://ncicb.nci.nih.gov/xml/owl/EVS/Thesaurus.owl#C47704	1.0
http://snomed.info/id/386981009	http://ncicb.nci.nih.gov/xml/owl/EVS/Thesaurus.owl#C1128	1.0
http://snomed.info/id/386983007	http://ncicb.nci.nih.gov/xml/owl/EVS/Thesaurus.owl#C227	1.0
http://snomed.info/id/386984001	http://ncicb.nci.nih.gov/xml/owl/EVS/Thesaurus.owl#C29520	1.0
http://snomed.info/id/386989006	http://ncicb.nci.nih.gov/xml/owl/EVS/Thesaurus.owl#C766	1.0
http://snomed.info/id/386995007	http://ncicb.nci.nih.gov/xml/owl/EVS/Thesaurus.owl#C90834	0.9141221
http://snomed.info/id/386998009	http://ncicb.nci.nih.gov/xml/owl/EVS/Thesaurus.owl#C47516	1.0
http://snomed.info/id/386999001	http://ncicb.nci.nih.gov/xml/owl/EVS/Thesaurus.owl#C81353	1.0
http://snomed.info/id/387000003	http://ncicb.nci.nih.gov/xml/owl/EVS/Thesaurus.owl#C47581	1.0
http://snomed.info/id/387001004	http://ncicb.nci.nih.gov/xml/owl/EVS/Thesaurus.owl#C29027	1.0
http://snomed.info/id/387004007	http://ncicb.nci.nih.gov/xml/owl/EVS/Thesaurus.owl#C26661	1.0
http://snomed.info/id/387005008	http://ncicb.nci.nih.gov/xml/owl/EVS/Thesaurus.owl#C61523	1.0
http://snomed.info/id/387006009	http://ncicb.nci.nih.gov/xml/owl/EVS/Thesaurus.owl#C28824	1.0
http://snomed.info/id/387007000	http://ncicb.nci.nih.gov/xml/owl/EVS/Thesaurus.owl#C29303	1.0
http://snomed.info/id/387008005	http://ncicb.nci.nih.gov/xml/owl/EVS/Thesaurus.owl#C1832	1.0
http://snomed.info/id/387009002	http://ncicb.nci.nih.gov/xml/owl/EVS/Thesaurus.owl#C1244	1.0
http://snomed.info/id/387010007	http://ncicb.nci.nih.gov/xml/owl/EVS/Thesaurus.owl#C47786	1.0
http://snomed.info/id/387011006	http://ncicb.nci.nih.gov/xml/owl/EVS/Thesaurus.owl#C87594	1.0
http://snomed.info/id/387012004	http://ncicb.nci.nih.gov/xml/owl/EVS/Thesaurus.owl#C29551	1.0
http://snomed.info/id/387013009	http://ncicb.nci.nih.gov/xml/owl/EVS/Thesaurus.owl#C80692	1.0
http://snomed.info/id/387017005	http://ncicb.nci.nih.gov/xml/owl/EVS/Thesaurus.owl#C1097	1.0
http://snomed.info/id/387019008	http://ncicb.nci.nih.gov/xml/owl/EVS/Thesaurus.owl#C47429	1.0
http://snomed.info/id/387023000	http://ncicb.nci.nih.gov/xml/owl/EVS/Thesaurus.owl#C1635	1.0
http://snomed.info/id/387024006	http://ncicb.nci.nih.gov/xml/owl/EVS/Thesaurus.owl#C48010	1.0
http://snomed.info/id/387025007	http://ncicb.nci.nih.gov/xml/owl/EVS/Thesaurus.owl#C47643	1.0
http://snomed.info/id/387026008	http://ncicb.nci.nih.gov/xml/owl/EVS/Thesaurus.owl#C87204	1.0
http://snomed.info/id/387027004	http://ncicb.nci.nih.gov/xml/owl/EVS/Thesaurus.owl#C47458	1.0
http://snomed.info/id/387029001	http://ncicb.nci.nih.gov/xml/owl/EVS/Thesaurus.owl#C47487	1.0
http://snomed.info/id/387035001	http://ncicb.nci.nih.gov/xml/owl/EVS/Thesaurus.owl#C748	1.0
http://snomed.info/id/387038004	http://ncicb.nci.nih.gov/xml/owl/EVS/Thesaurus.owl#C87278	1.0
http://snomed.info/id/387040009	http://ncicb.nci.nih.gov/xml/owl/EVS/Thesaurus.owl#C618	1.0
http://snomed.info/id/387041008	http://ncicb.nci.nih.gov/xml/owl/EVS/Thesaurus.owl#C174721	1.0
http://snomed.info/id/387043006	http://ncicb.nci.nih.gov/xml/owl/EVS/Thesaurus.owl#C83615	1.0
http://snomed.info/id/387044000	http://ncicb.nci.nih.gov/xml/owl/EVS/Thesaurus.owl#C66123	1.0
http://snomed.info/id/387046003	http://ncicb.nci.nih.gov/xml/owl/EVS/Thesaurus.owl#C47705	1.0
http://snomed.info/id/387047007	http://ncicb.nci.nih.gov/xml/owl/EVS/Thesaurus.owl#C47589	1.0
http://snomed.info/id/387053007	http://ncicb.nci.nih.gov/xml/owl/EVS/Thesaurus.owl#C29519	1.0
http://snomed.info/id/387055000	http://ncicb.nci.nih.gov/xml/owl/EVS/Thesaurus.owl#C61439	1.0
http://snomed.info/id/387056004	http://ncicb.nci.nih.gov/xml/owl/EVS/Thesaurus.owl#C29158	1.0
http://snomed.info/id/387057008	http://ncicb.nci.nih.gov/xml/owl/EVS/Thesaurus.owl#C1756	1.0
http://snomed.info/id/387058003	http://ncicb.nci.nih.gov/xml/owl/EVS/Thesaurus.owl#C1440	1.0
http://snomed.info/id/387061002	http://ncicb.nci.nih.gov/xml/owl/EVS/Thesaurus.owl#C47399	1.0
http://snomed.info/id/387062009	http://ncicb.nci.nih.gov/xml/owl/EVS/Thesaurus.owl#C47558	0.88759184
http://snomed.info/id/387064005	http://ncicb.nci.nih.gov/xml/owl/EVS/Thesaurus.owl#C1528	1.0
http://snomed.info/id/387067003	http://ncicb.nci.nih.gov/xml/owl/EVS/Thesaurus.owl#C2095	1.0
http://snomed.info/id/387068008	http://ncicb.nci.nih.gov/xml/owl/EVS/Thesaurus.owl#C61964	1.0
http://snomed.info/id/387069000	http://ncicb.nci.nih.gov/xml/owl/EVS/Thesaurus.owl#C47746	1.0
http://snomed.info/id/387070004	http://ncicb.nci.nih.gov/xml/owl/EVS/Thesaurus.owl#C61858	1.0
http://snomed.info/id/387073002	http://ncicb.nci.nih.gov/xml/owl/EVS/Thesaurus.owl#C47505	0.92082852
http://snomed.info/id/387076005	http://ncicb.nci.nih.gov/xml/owl/EVS/Thesaurus.owl#C29395	1.0
http://snomed.info/id/387078006	http://ncicb.nci.nih.gov/xml/owl/EVS/Thesaurus.owl#C840	1.0
http://snomed.info/id/387088007	http://ncicb.nci.nih.gov/xml/owl/EVS/Thesaurus.owl#C29000	1.0
http://snomed.info/id/387090008	http://ncicb.nci.nih.gov/xml/owl/EVS/Thesaurus.owl#C61706	1.0
http://snomed.info/id/387094004	http://ncicb.nci.nih.gov/xml/owl/EVS/Thesaurus.owl#C61907	1.0
http://snomed.info/id/387098001	http://ncicb.nci.nih.gov/xml/owl/EVS/Thesaurus.owl#C61812	1.0
http://snomed.info/id/387100001	http://ncicb.nci.nih.gov/xml/owl/EVS/Thesaurus.owl#C65242	1.0
http://snomed.info/id/387102009	http://ncicb.nci.nih.gov/xml/owl/EVS/Thesaurus.owl#C47673	1.0
http://snomed.info/id/387103004	http://ncicb.nci.nih.gov/xml/owl/EVS/Thesaurus.owl#C47556	1.0
http://snomed.info/id/387105006	http://ncicb.nci.nih.gov/xml/owl/EVS/Thesaurus.owl#C431	1.0
http://snomed.info/id/387106007	http://ncicb.nci.nih.gov/xml/owl/EVS/Thesaurus.owl#C619	1.0
http://snomed.info/id/387107003	http://ncicb.nci.nih.gov/xml/owl/EVS/Thesaurus.owl#C47685	1.0
http://snomed.info/id/387108008	http://ncicb.nci.nih.gov/xml/owl/EVS/Thesaurus.owl#C47739	1.0
http://snomed.info/id/387109000	http://ncicb.nci.nih.gov/xml/owl/EVS/Thesaurus.owl#C62030	1.0
http://snomed.info/id/387111009	http://ncicb.nci.nih.gov/xml/owl/EVS/Thesaurus.owl#C78017	0.92422825
http://snomed.info/id/387112002	http://ncicb.nci.nih.gov/xml/owl/EVS/Thesaurus.owl#C66567	1.0
http://snomed.info/id/387114001	http://ncicb.nci.nih.gov/xml/owl/EVS/Thesaurus.owl#C62022	1.0
http://snomed.info/id/387116004	http://ncicb.nci.nih.gov/xml/owl/EVS/Thesaurus.owl#C47489	1.0
http://snomed.info/id/387118003	http://ncicb.nci.nih.gov/xml/owl/EVS/Thesaurus.owl#C76837	1.0
http://snomed.info/id/387119006	http://ncicb.nci.nih.gov/xml/owl/EVS/Thesaurus.owl#C44434	1.0
http://snomed.info/id/387120000	http://ncicb.nci.nih.gov/xml/owl/EVS/Thesaurus.owl#C61988	1.0
http://snomed.info/id/387125005	http://ncicb.nci.nih.gov/xml/owl/EVS/Thesaurus.owl#C62032	1.0
http://snomed.info/id/387127002	http://ncicb.nci.nih.gov/xml/owl/EVS/Thesaurus.owl#C66372	1.0
http://snomed.info/id/387132001	http://ncicb.nci.nih.gov/xml/owl/EVS/Thesaurus.owl#C77049	1.0
http://snomed.info/id/387133006	http://ncicb.nci.nih.gov/xml/owl/EVS/Thesaurus.owl#C28904	1.0
http://snomed.info/id/387134000	http://ncicb.nci.nih.gov/xml/owl/EVS/Thesaurus.owl#C1263	1.0
http://snomed.info/id/387135004	http://ncicb.nci.nih.gov/xml/owl/EVS/Thesaurus.owl#C224	1.0
http://snomed.info/id/387137007	http://ncicb.nci.nih.gov/xml/owl/EVS/Thesaurus.owl#C716	1.0
http://snomed.info/id/387139005	http://ncicb.nci.nih.gov/xml/owl/EVS/Thesaurus.owl#C66544	1.0
http://snomed.info/id/387140007	http://ncicb.nci.nih.gov/xml/owl/EVS/Thesaurus.owl#C29493	1.0
http://snomed.info/id/387143009	http://ncicb.nci.nih.gov/xml/owl/EVS/Thesaurus.owl#C29074	1.0
http://snomed.info/id/387144003	http://ncicb.nci.nih.gov/xml/owl/EVS/Thesaurus.owl#C61699	1.0
http://snomed.info/id/387145002	http://ncicb.nci.nih.gov/xml/owl/EVS/Thesaurus.owl#C61733	1.0
http://snomed.info/id/387149008	http://ncicb.nci.nih.gov/xml/owl/EVS/Thesaurus.owl#C29461	1.0
http://snomed.info/id/387155003	http://ncicb.nci.nih.gov/xml/owl/EVS/Thesaurus.owl#C501	1.0
http://snomed.info/id/387156002	http://ncicb.nci.nih.gov/xml/owl/EVS/Thesaurus.owl#C659	1.0
http://snomed.info/id/387158001	http://ncicb.nci.nih.gov/xml/owl/EVS/Thesaurus.owl#C61871	1.0
http://snomed.info/id/387160004	http://ncicb.nci.nih.gov/xml/owl/EVS/Thesaurus.owl#C340	1.0
http://snomed.info/id/387162007	http://ncicb.nci.nih.gov/xml/owl/EVS/Thesaurus.owl#C61324	0.97313559
http://snomed.info/id/387165009	http://ncicb.nci.nih.gov/xml/owl/EVS/Thesaurus.owl#C468	1.0
http://snomed.info/id/387166005	http://ncicb.nci.nih.gov/xml/owl/EVS/Thesaurus.owl#C175757	0.90491116
http://snomed.info/id/387168006	http://ncicb.nci.nih.gov/xml/owl/EVS/Thesaurus.owl#C625	1.0
http://snomed.info/id/387169003	http://ncicb.nci.nih.gov/xml/owl/EVS/Thesaurus.owl#C66122	1.0
http://snomed.info/id/387173000	http://ncicb.nci.nih.gov/xml/owl/EVS/Thesaurus.owl#C61656	1.0
http://snomed.info/id/387174006	http://ncicb.nci.nih.gov/xml/owl/EVS/Thesaurus.owl#C500	1.0
http://snomed.info/id/387175007	http://ncicb.nci.nih.gov/xml/owl/EVS/Thesaurus.owl#C61903	1.0
http://snomed.info/id/387178009	http://ncicb.nci.nih.gov/xml/owl/EVS/Thesaurus.owl#C66470	1.0
http://snomed.info/id/387183001	http://ncicb.nci.nih.gov/xml/owl/EVS/Thesaurus.owl#C47430	1.0
http://snomed.info/id/387185008	http://ncicb.nci.nih.gov/xml/owl/EVS/Thesaurus.owl#C47599	1.0
http://snomed.info/id/387186009	http://ncicb.nci.nih.gov/xml/owl/EVS/Thesaurus.owl#C29502	1.0
http://snomed.info/id/387189002	http://ncicb.nci.nih.gov/xml/owl/EVS/Thesaurus.owl#C29071	1.0
http://snomed.info/id/387191005	http://ncicb.nci.nih.gov/xml/owl/EVS/Thesaurus.owl#C149926	0.95430839
http://snomed.info/id/387195001	http://ncicb.nci.nih.gov/xml/owl/EVS/Thesaurus.owl#C47413	1.0
http://snomed.info/id/387197009	http://ncicb.nci.nih.gov/xml/owl/EVS/Thesaurus.owl#C76136	1.0
http://snomed.info/id/387199007	http://ncicb.nci.nih.gov/xml/owl/EVS/Thesaurus.owl#C47689	1.0
http://snomed.info/id/387204001	http://ncicb.nci.nih.gov/xml/owl/EVS/Thesaurus.owl#C47763	1.0
http://snomed.info/id/387207008	http://ncicb.nci.nih.gov/xml/owl/EVS/Thesaurus.owl#C561	1.0
http://snomed.info/id/387210001	http://ncicb.nci.nih.gov/xml/owl/EVS/Thesaurus.owl#C47380	1.0
http://snomed.info/id/387213004	http://ncicb.nci.nih.gov/xml/owl/EVS/Thesaurus.owl#C61884	1.0
http://snomed.info/id/387215006	http://ncicb.nci.nih.gov/xml/owl/EVS/Thesaurus.owl#C47669	1.0
http://snomed.info/id/387216007	http://ncicb.nci.nih.gov/xml/owl/EVS/Thesaurus.owl#C605	1.0
http://snomed.info/id/387218008	http://ncicb.nci.nih.gov/xml/owl/EVS/Thesaurus.owl#C47527	1.0
http://snomed.info/id/387221005	http://ncicb.nci.nih.gov/xml/owl/EVS/Thesaurus.owl#C77516	0.91670454
http://snomed.info/id/387222003	http://ncicb.nci.nih.gov/xml/owl/EVS/Thesaurus.owl#C341	1.0
http://snomed.info/id/387226000	http://ncicb.nci.nih.gov/xml/owl/EVS/Thesaurus.owl#C65426	1.0
http://snomed.info/id/387227009	http://ncicb.nci.nih.gov/xml/owl/EVS/Thesaurus.owl#C617	1.0
http://snomed.info/id/387229007	http://ncicb.nci.nih.gov/xml/owl/EVS/Thesaurus.owl#C29355	1.0
http://snomed.info/id/387230002	http://ncicb.nci.nih.gov/xml/owl/EVS/Thesaurus.owl#C47584	0.81160754
http://snomed.info/id/387232005	http://ncicb.nci.nih.gov/xml/owl/EVS/Thesaurus.owl#C66057	1.0
http://snomed.info/id/387233000	http://ncicb.nci.nih.gov/xml/owl/EVS/Thesaurus.owl#C65267	1.0
http://snomed.info/id/387237004	http://ncicb.nci.nih.gov/xml/owl/EVS/Thesaurus.owl#C423	1.0
http://snomed.info/id/387242007	http://ncicb.nci.nih.gov/xml/owl/EVS/Thesaurus.owl#C1313	1.0
http://snomed.info/id/387247001	http://ncicb.nci.nih.gov/xml/owl/EVS/Thesaurus.owl#C73270	1.0
http://snomed.info/id/387248006	http://ncicb.nci.nih.gov/xml/owl/EVS/Thesaurus.owl#C29469	1.0
http://snomed.info/id/387249003	http://ncicb.nci.nih.gov/xml/owl/EVS/Thesaurus.owl#C362	1.0
http://snomed.info/id/387251004	http://ncicb.nci.nih.gov/xml/owl/EVS/Thesaurus.owl#C65842	1.0
http://snomed.info/id/387252006	http://ncicb.nci.nih.gov/xml/owl/EVS/Thesaurus.owl#C76528	0.81125396
http://snomed.info/id/387255008	http://ncicb.nci.nih.gov/xml/owl/EVS/Thesaurus.owl#C76013	0.95345616
http://snomed.info/id/387256009	http://ncicb.nci.nih.gov/xml/owl/EVS/Thesaurus.owl#C47686	1.0
http://snomed.info/id/387257000	http://ncicb.nci.nih.gov/xml/owl/EVS/Thesaurus.owl#C233	1.0
http://snomed.info/id/387258005	http://ncicb.nci.nih.gov/xml/owl/EVS/Thesaurus.owl#C367	1.0
http://snomed.info/id/387262004	http://ncicb.nci.nih.gov/xml/owl/EVS/Thesaurus.owl#C75112	1.0
http://snomed.info/id/387264003	http://ncicb.nci.nih.gov/xml/owl/EVS/Thesaurus.owl#C28982	1.0
http://snomed.info/id/387267005	http://ncicb.nci.nih.gov/xml/owl/EVS/Thesaurus.owl#C65387	1.0
http://snomed.info/id/387271008	http://ncicb.nci.nih.gov/xml/owl/EVS/Thesaurus.owl#C47638	1.0
http://snomed.info/id/387273006	http://ncicb.nci.nih.gov/xml/owl/EVS/Thesaurus.owl#C63669	1.0
http://snomed.info/id/387274000	http://ncicb.nci.nih.gov/xml/owl/EVS/Thesaurus.owl#C559	1.0
http://snomed.info/id/387275004	http://ncicb.nci.nih.gov/xml/owl/EVS/Thesaurus.owl#C61810	1.0
http://snomed.info/id/387278002	http://ncicb.nci.nih.gov/xml/owl/EVS/Thesaurus.owl#C28981	0.89415562
http://snomed.info/id/387283005	http://ncicb.nci.nih.gov/xml/owl/EVS/Thesaurus.owl#C1507	1.0
http://snomed.info/id/387284004	http://ncicb.nci.nih.gov/xml/owl/EVS/Thesaurus.owl#C47682	1.0
http://snomed.info/id/387286002	http://ncicb.nci.nih.gov/xml/owl/EVS/Thesaurus.owl#C62044	1.0
http://snomed.info/id/387288001	http://ncicb.nci.nih.gov/xml/owl/EVS/Thesaurus.owl#C170345	1.0
http://snomed.info/id/387290000	http://ncicb.nci.nih.gov/xml/owl/EVS/Thesaurus.owl#C61787	0.88800025
http://snomed.info/id/387291001	http://ncicb.nci.nih.gov/xml/owl/EVS/Thesaurus.owl#C65337	1.0
http://snomed.info/id/387292008	http://ncicb.nci.nih.gov/xml/owl/EVS/Thesaurus.owl#C336	1.0
http://snomed.info/id/387294009	http://ncicb.nci.nih.gov/xml/owl/EVS/Thesaurus.owl#C76612	1.0
http://snomed.info/id/387295005	http://ncicb.nci.nih.gov/xml/owl/EVS/Thesaurus.owl#C83684	1.0
http://snomed.info/id/387296006	http://ncicb.nci.nih.gov/xml/owl/EVS/Thesaurus.owl#C61609	1.0
http://snomed.info/id/387297002	http://ncicb.nci.nih.gov/xml/owl/EVS/Thesaurus.owl#C633	1.0
http://snomed.info/id/387300007	http://ncicb.nci.nih.gov/xml/owl/EVS/Thesaurus.owl#C29488	1.0
http://snomed.info/id/387302004	http://ncicb.nci.nih.gov/xml/owl/EVS/Thesaurus.owl#C75929	1.0
http://snomed.info/id/387303009	http://ncicb.nci.nih.gov/xml/owl/EVS/Thesaurus.owl#C61721	0.77438009
http://snomed.info/id/387306001	http://ncicb.nci.nih.gov/xml/owl/EVS/Thesaurus.owl#C47726	1.0
http://snomed.info/id/387310003	http://ncicb.nci.nih.gov/xml/owl/EVS/Thesaurus.owl#C47683	1.0
http://snomed.info/id/387311004	http://ncicb.nci.nih.gov/xml/owl/EVS/Thesaurus.owl#C47595	1.0
http://snomed.info/id/387314007	http://ncicb.nci.nih.gov/xml/owl/EVS/Thesaurus.owl#C560	0.86867893
http://snomed.info/id/387316009	http://ncicb.nci.nih.gov/xml/owl/EVS/Thesaurus.owl#C491	1.0
http://snomed.info/id/387317000	http://ncicb.nci.nih.gov/xml/owl/EVS/Thesaurus.owl#C65325	1.0
http://snomed.info/id/387319002	http://ncicb.nci.nih.gov/xml/owl/EVS/Thesaurus.owl#C29457	1.0
http://snomed.info/id/387320008	http://ncicb.nci.nih.gov/xml/owl/EVS/Thesaurus.owl#C66555	1.0
http://snomed.info/id/387322000	http://ncicb.nci.nih.gov/xml/owl/EVS/Thesaurus.owl#C84508	1.0
http://snomed.info/id/387323005	http://ncicb.nci.nih.gov/xml/owl/EVS/Thesaurus.owl#C73138	1.0
http://snomed.info/id/387324004	http://ncicb.nci.nih.gov/xml/owl/EVS/Thesaurus.owl#C47449	0.95112342
http://snomed.info/id/387325003	http://ncicb.nci.nih.gov/xml/owl/EVS/Thesaurus.owl#C381	1.0
http://snomed.info/id/387328001	http://ncicb.nci.nih.gov/xml/owl/EVS/Thesaurus.owl#C428	1.0
http://snomed.info/id/387332007	http://ncicb.nci.nih.gov/xml/owl/EVS/Thesaurus.owl#C29134	1.0
http://snomed.info/id/387333002	http://ncicb.nci.nih.gov/xml/owl/EVS/Thesaurus.owl#C28834	1.0
http://snomed.info/id/387339003	http://ncicb.nci.nih.gov/xml/owl/EVS/Thesaurus.owl#C76040	0.84198099
http://snomed.info/id/387340001	http://ncicb.nci.nih.gov/xml/owl/EVS/Thesaurus.owl#C65378	1.0
http://snomed.info/id/387342009	http://ncicb.nci.nih.gov/xml/owl/EVS/Thesaurus.owl#C28858	1.0
http://snomed.info/id/387343004	http://ncicb.nci.nih.gov/xml/owl/EVS/Thesaurus.owl#C76524	1.0
http://snomed.info/id/387344005	http://ncicb.nci.nih.gov/xml/owl/EVS/Thesaurus.owl#C65273	1.0
http://snomed.info/id/387346007	http://ncicb.nci.nih.gov/xml/owl/EVS/Thesaurus.owl#C379	0.92465043
http://snomed.info/id/387349000	http://ncicb.nci.nih.gov/xml/owl/EVS/Thesaurus.owl#C29153	1.0
http://snomed.info/id/387350000	http://ncicb.nci.nih.gov/xml/owl/EVS/Thesaurus.owl#C61646	1.0
http://snomed.info/id/387351001	http://ncicb.nci.nih.gov/xml/owl/EVS/Thesaurus.owl#C47554	1.0
http://snomed.info/id/387354009	http://ncicb.nci.nih.gov/xml/owl/EVS/Thesaurus.owl#C74162	0.89049155
http://snomed.info/id/387355005	http://ncicb.nci.nih.gov/xml/owl/EVS/Thesaurus.owl#C76008	0.828637
http://snomed.info/id/387356006	http://ncicb.nci.nih.gov/xml/owl/EVS/Thesaurus.owl#C81590	1.0
http://snomed.info/id/387358007	http://ncicb.nci.nih.gov/xml/owl/EVS/Thesaurus.owl#C472	1.0
http://snomed.info/id/387359004	http://ncicb.nci.nih.gov/xml/owl/EVS/Thesaurus.owl#C65263	1.0
http://snomed.info/id/387363006	http://ncicb.nci.nih.gov/xml/owl/EVS/Thesaurus.owl#C67059	0.86452961
http://snomed.info/id/387368002	http://ncicb.nci.nih.gov/xml/owl/EVS/Thesaurus.owl#C65978	1.0
http://snomed.info/id/387369005	http://ncicb.nci.nih.gov/xml/owl/EVS/Thesaurus.owl#C65975	0.81602782
http://snomed.info/id/387371005	http://ncicb.nci.nih.gov/xml/owl/EVS/Thesaurus.owl#C445	1.0
http://snomed.info/id/387373008	http://ncicb.nci.nih.gov/xml/owl/EVS/Thesaurus.owl#C47614	1.0
http://snomed.info/id/387374002	http://ncicb.nci.nih.gov/xml/owl/EVS/Thesaurus.owl#C1411	1.0
http://snomed.info/id/387375001	http://ncicb.nci.nih.gov/xml/owl/EVS/Thesaurus.owl#C61639	1.0
http://snomed.info/id/387379007	http://ncicb.nci.nih.gov/xml/owl/EVS/Thesaurus.owl#C84167	1.0
http://snomed.info/id/387380005	http://ncicb.nci.nih.gov/xml/owl/EVS/Thesaurus.owl#C74037	0.8549884
http://snomed.info/id/387383007	http://ncicb.nci.nih.gov/xml/owl/EVS/Thesaurus.owl#C28935	1.0
http://snomed.info/id/387389006	http://ncicb.nci.nih.gov/xml/owl/EVS/Thesaurus.owl#C47736	1.0
http://snomed.info/id/387393000	http://ncicb.nci.nih.gov/xml/owl/EVS/Thesaurus.owl#C47655	1.0
http://snomed.info/id/387395007	http://ncicb.nci.nih.gov/xml/owl/EVS/Thesaurus.owl#C47603	1.0
http://snomed.info/id/387398009	http://ncicb.nci.nih.gov/xml/owl/EVS/Thesaurus.owl#C66449	0.9783808
http://snomed.info/id/387400008	http://ncicb.nci.nih.gov/xml/owl/EVS/Thesaurus.owl#C65316	1.0
http://snomed.info/id/387403005	http://ncicb.nci.nih.gov/xml/owl/EVS/Thesaurus.owl#C47598	1.0
http://snomed.info/id/387404004	http://ncicb.nci.nih.gov/xml/owl/EVS/Thesaurus.owl#C29294	0.94317091
http://snomed.info/id/387409009	http://ncicb.nci.nih.gov/xml/owl/EVS/Thesaurus.owl#C47712	1.0
http://snomed.info/id/387411000	http://ncicb.nci.nih.gov/xml/owl/EVS/Thesaurus.owl#C834	1.0
http://snomed.info/id/387414008	http://ncicb.nci.nih.gov/xml/owl/EVS/Thesaurus.owl#C80301	1.0
http://snomed.info/id/387416005	http://ncicb.nci.nih.gov/xml/owl/EVS/Thesaurus.owl#C48011	1.0
http://snomed.info/id/387417001	http://ncicb.nci.nih.gov/xml/owl/EVS/Thesaurus.owl#C66458	1.0
http://snomed.info/id/387418006	http://ncicb.nci.nih.gov/xml/owl/EVS/Thesaurus.owl#C61741	1.0
http://snomed.info/id/387420009	http://ncicb.nci.nih.gov/xml/owl/EVS/Thesaurus.owl#C405	1.0
http://snomed.info/id/387422001	http://ncicb.nci.nih.gov/xml/owl/EVS/Thesaurus.owl#C29823	1.0
http://snomed.info/id/387423006	http://ncicb.nci.nih.gov/xml/owl/EVS/Thesaurus.owl#C29384	1.0
http://snomed.info/id/387426003	http://ncicb.nci.nih.gov/xml/owl/EVS/Thesaurus.owl#C47381	1.0
http://snomed.info/id/387427007	http://ncicb.nci.nih.gov/xml/owl/EVS/Thesaurus.owl#C1739	1.0
http://snomed.info/id/387428002	http://ncicb.nci.nih.gov/xml/owl/EVS/Thesaurus.owl#C334	0.92725134
http://snomed.info/id/387430000	http://ncicb.nci.nih.gov/xml/owl/EVS/Thesaurus.owl#C61655	0.88564807
http://snomed.info/id/387436006	http://ncicb.nci.nih.gov/xml/owl/EVS/Thesaurus.owl#C76556	1.0
http://snomed.info/id/387438007	http://ncicb.nci.nih.gov/xml/owl/EVS/Thesaurus.owl#C97714	1.0
http://snomed.info/id/387441003	http://ncicb.nci.nih.gov/xml/owl/EVS/Thesaurus.owl#C411	1.0
http://snomed.info/id/387442005	http://ncicb.nci.nih.gov/xml/owl/EVS/Thesaurus.owl#C29453	0.9313423
http://snomed.info/id/387445007	http://ncicb.nci.nih.gov/xml/owl/EVS/Thesaurus.owl#C87656	0.83903718
http://snomed.info/id/387447004	http://ncicb.nci.nih.gov/xml/owl/EVS/Thesaurus.owl#C803	1.0
http://snomed.info/id/387448009	http://ncicb.nci.nih.gov/xml/owl/EVS/Thesaurus.owl#C66599	1.0
http://snomed.info/id/387450001	http://ncicb.nci.nih.gov/xml/owl/EVS/Thesaurus.owl#C29372	1.0
http://snomed.info/id/387451002	http://ncicb.nci.nih.gov/xml/owl/EVS/Thesaurus.owl#C81418	1.0
http://snomed.info/id/387452009	http://ncicb.nci.nih.gov/xml/owl/EVS/Thesaurus.owl#C76623	0.79650307
http://snomed.info/id/387454005	http://ncicb.nci.nih.gov/xml/owl/EVS/Thesaurus.owl#C66492	1.0
http://snomed.info/id/387457003	http://ncicb.nci.nih.gov/xml/owl/EVS/Thesaurus.owl#C75152	1.0
http://snomed.info/id/387458008	http://ncicb.nci.nih.gov/xml/owl/EVS/Thesaurus.owl#C287	1.0
http://snomed.info/id/387460005	http://ncicb.nci.nih.gov/xml/owl/EVS/Thesaurus.owl#C857	1.0
http://snomed.info/id/387461009	http://ncicb.nci.nih.gov/xml/owl/EVS/Thesaurus.owl#C28990	1.0
http://snomed.info/id/387463007	http://ncicb.nci.nih.gov/xml/owl/EVS/Thesaurus.owl#C169835	1.0
http://snomed.info/id/387464001	http://ncicb.nci.nih.gov/xml/owl/EVS/Thesaurus.owl#C29364	1.0
http://snomed.info/id/387468003	http://ncicb.nci.nih.gov/xml/owl/EVS/Thesaurus.owl#C47491	0.98767251
http://snomed.info/id/387471006	http://ncicb.nci.nih.gov/xml/owl/EVS/Thesaurus.owl#C72677	0.7734139
http://snomed.info/id/387472004	http://ncicb.nci.nih.gov/xml/owl/EVS/Thesaurus.owl#C600	1.0
http://snomed.info/id/387474003	http://ncicb.nci.nih.gov/xml/owl/EVS/Thesaurus.owl#C62072	1.0
http://snomed.info/id/387475002	http://ncicb.nci.nih.gov/xml/owl/EVS/Thesaurus.owl#C515	1.0
http://snomed.info/id/387476001	http://ncicb.nci.nih.gov/xml/owl/EVS/Thesaurus.owl#C65423	1.0
http://snomed.info/id/387477005	http://ncicb.nci.nih.gov/xml/owl/EVS/Thesaurus.owl#C29446	1.0
http://snomed.info/id/387479008	http://ncicb.nci.nih.gov/xml/owl/EVS/Thesaurus.owl#C47975	1.0
http://snomed.info/id/387480006	http://ncicb.nci.nih.gov/xml/owl/EVS/Thesaurus.owl#C614	1.0
http://snomed.info/id/387481005	http://ncicb.nci.nih.gov/xml/owl/EVS/Thesaurus.owl#C48029	1.0
http://snomed.info/id/387482003	http://ncicb.nci.nih.gov/xml/owl/EVS/Thesaurus.owl#C29280	1.0
http://snomed.info/id/387485001	http://ncicb.nci.nih.gov/xml/owl/EVS/Thesaurus.owl#C436	1.0
http://snomed.info/id/387486000	http://ncicb.nci.nih.gov/xml/owl/EVS/Thesaurus.owl#C29252	1.0
http://snomed.info/id/387489007	http://ncicb.nci.nih.gov/xml/owl/EVS/Thesaurus.owl#C76835	0.7582863
http://snomed.info/id/387491004	http://ncicb.nci.nih.gov/xml/owl/EVS/Thesaurus.owl#C65356	1.0
http://snomed.info/id/387492006	http://ncicb.nci.nih.gov/xml/owl/EVS/Thesaurus.owl#C47676	1.0
http://snomed.info/id/387495008	http://ncicb.nci.nih.gov/xml/owl/EVS/Thesaurus.owl#C998	0.7923879
http://snomed.info/id/387498005	http://ncicb.nci.nih.gov/xml/owl/EVS/Thesaurus.owl#C28875	1.0
http://snomed.info/id/387501005	http://ncicb.nci.nih.gov/xml/owl/EVS/Thesaurus.owl#C29249	0.84918159
http://snomed.info/id/387502003	http://ncicb.nci.nih.gov/xml/owl/EVS/Thesaurus.owl#C692	1.0
http://snomed.info/id/387503008	http://ncicb.nci.nih.gov/xml/owl/EVS/Thesaurus.owl#C61633	1.0
http://snomed.info/id/387505001	http://ncicb.nci.nih.gov/xml/owl/EVS/Thesaurus.owl#C61827	1.0
http://snomed.info/id/387509007	http://ncicb.nci.nih.gov/xml/owl/EVS/Thesaurus.owl#C66118	1.0
http://snomed.info/id/387515007	http://ncicb.nci.nih.gov/xml/owl/EVS/Thesaurus.owl#C65353	1.0
http://snomed.info/id/387516008	http://ncicb.nci.nih.gov/xml/owl/EVS/Thesaurus.owl#C47390	1.0
http://snomed.info/id/387517004	http://ncicb.nci.nih.gov/xml/owl/EVS/Thesaurus.owl#C198	0.96880877
http://snomed.info/id/387521006	http://ncicb.nci.nih.gov/xml/owl/EVS/Thesaurus.owl#C65385	1.0
http://snomed.info/id/387522004	http://ncicb.nci.nih.gov/xml/owl/EVS/Thesaurus.owl#C733	1.0
http://snomed.info/id/387523009	http://ncicb.nci.nih.gov/xml/owl/EVS/Thesaurus.owl#C62013	1.0
http://snomed.info/id/387525002	http://ncicb.nci.nih.gov/xml/owl/EVS/Thesaurus.owl#C29098	1.0
http://snomed.info/id/387526001	http://ncicb.nci.nih.gov/xml/owl/EVS/Thesaurus.owl#C47776	1.0
http://snomed.info/id/387527005	http://ncicb.nci.nih.gov/xml/owl/EVS/Thesaurus.owl#C78131	1.0
http://snomed.info/id/387532006	http://ncicb.nci.nih.gov/xml/owl/EVS/Thesaurus.owl#C1138	1.0
http://snomed.info/id/387553002	http://ncicb.nci.nih.gov/xml/owl/EVS/Thesaurus.owl#C61814	1.0
http://snomed.info/id/387557001	http://ncicb.nci.nih.gov/xml/owl/EVS/Thesaurus.owl#C29044	1.0
http://snomed.info/id/387558006	http://ncicb.nci.nih.gov/xml/owl/EVS/Thesaurus.owl#C47384	1.0
http://snomed.info/id/387560008	http://ncicb.nci.nih.gov/xml/owl/EVS/Thesaurus.owl#C61626	1.0
http://snomed.info/id/387561007	http://ncicb.nci.nih.gov/xml/owl/EVS/Thesaurus.owl#C87357	1.0
http://snomed.info/id/387562000	http://ncicb.nci.nih.gov/xml/owl/EVS/Thesaurus.owl#C38703	1.0
http://snomed.info/id/387563005	http://ncicb.nci.nih.gov/xml/owl/EVS/Thesaurus.owl#C47425	1.0
http://snomed.info/id/387564004	http://ncicb.nci.nih.gov/xml/owl/EVS/Thesaurus.owl#C62012	1.0
http://snomed.info/id/387565003	http://ncicb.nci.nih.gov/xml/owl/EVS/Thesaurus.owl#C87209	1.0
http://snomed.info/id/387566002	http://ncicb.nci.nih.gov/xml/owl/EVS/Thesaurus.owl#C154301	1.0
http://snomed.info/id/387567006	http://ncicb.nci.nih.gov/xml/owl/EVS/Thesaurus.owl#C73315	1.0
http://snomed.info/id/387571009	http://ncicb.nci.nih.gov/xml/owl/EVS/Thesaurus.owl#C87454	1.0
http://snomed.info/id/387579006	http://ncicb.nci.nih.gov/xml/owl/EVS/Thesaurus.owl#C61685	1.0
http://snomed.info/id/387580009	http://ncicb.nci.nih.gov/xml/owl/EVS/Thesaurus.owl#C1418	1.0
http://snomed.info/id/387581008	http://ncicb.nci.nih.gov/xml/owl/EVS/Thesaurus.owl#C831	1.0
http://snomed.info/id/387582001	http://ncicb.nci.nih.gov/xml/owl/EVS/Thesaurus.owl#C1528	0.97650379
http://snomed.info/id/387583006	http://ncicb.nci.nih.gov/xml/owl/EVS/Thesaurus.owl#C66276	1.0
http://snomed.info/id/387584000	http://ncicb.nci.nih.gov/xml/owl/EVS/Thesaurus.owl#C29454	1.0
http://snomed.info/id/387585004	http://ncicb.nci.nih.gov/xml/owl/EVS/Thesaurus.owl#C61768	1.0
http://snomed.info/id/387587007	http://ncicb.nci.nih.gov/xml/owl/EVS/Thesaurus.owl#C509	1.0
http://snomed.info/id/389103009	http://ncicb.nci.nih.gov/xml/owl/EVS/Thesaurus.owl#C76752	0.9577778
http://snomed.info/id/38914001	http://ncicb.nci.nih.gov/xml/owl/EVS/Thesaurus.owl#C84206	1.0
http://snomed.info/id/39124003	http://ncicb.nci.nih.gov/xml/owl/EVS/Thesaurus.owl#C66116	0.98221862
http://snomed.info/id/39142008	http://ncicb.nci.nih.gov/xml/owl/EVS/Thesaurus.owl#C61887	0.97917968
http://snomed.info/id/391595003	http://ncicb.nci.nih.gov/xml/owl/EVS/Thesaurus.owl#C66008	0.98716182
http://snomed.info/id/391634008	http://ncicb.nci.nih.gov/xml/owl/EVS/Thesaurus.owl#C62035	0.98337352
http://snomed.info/id/391673008	http://ncicb.nci.nih.gov/xml/owl/EVS/Thesaurus.owl#C61831	0.98366833
http://snomed.info/id/391698009	http://ncicb.nci.nih.gov/xml/owl/EVS/Thesaurus.owl#C81691	1.0
http://snomed.info/id/391699001	http://ncicb.nci.nih.gov/xml/owl/EVS/Thesaurus.owl#C65209	1.0
http://snomed.info/id/391703003	http://ncicb.nci.nih.gov/xml/owl/EVS/Thesaurus.owl#C80534	1.0
http://snomed.info/id/391711008	http://ncicb.nci.nih.gov/xml/owl/EVS/Thesaurus.owl#C72982	1.0
http://snomed.info/id/391725009	http://ncicb.nci.nih.gov/xml/owl/EVS/Thesaurus.owl#C76518	1.0
http://snomed.info/id/391726005	http://ncicb.nci.nih.gov/xml/owl/EVS/Thesaurus.owl#C79728	1.0
http://snomed.info/id/391728006	http://ncicb.nci.nih.gov/xml/owl/EVS/Thesaurus.owl#C76519	1.0
http://snomed.info/id/391729003	http://ncicb.nci.nih.gov/xml/owl/EVS/Thesaurus.owl#C973	1.0
http://snomed.info/id/391730008	http://ncicb.nci.nih.gov/xml/owl/EVS/Thesaurus.owl#C61625	1.0
http://snomed.info/id/391731007	http://ncicb.nci.nih.gov/xml/owl/EVS/Thesaurus.owl#C169770	1.0
http://snomed.info/id/391734004	http://ncicb.nci.nih.gov/xml/owl/EVS/Thesaurus.owl#C82277	1.0
http://snomed.info/id/391740006	http://ncicb.nci.nih.gov/xml/owl/EVS/Thesaurus.owl#C76760	1.0
http://snomed.info/id/391756001	http://ncicb.nci.nih.gov/xml/owl/EVS/Thesaurus.owl#C77024	0.84032845
http://snomed.info/id/391761004	http://ncicb.nci.nih.gov/xml/owl/EVS/Thesaurus.owl#C83533	1.0
http://snomed.info/id/391768005	http://ncicb.nci.nih.gov/xml/owl/EVS/Thesaurus.owl#C65232	1.0
http://snomed.info/id/391769002	http://ncicb.nci.nih.gov/xml/owl/EVS/Thesaurus.owl#C81332	1.0
http://snomed.info/id/391774005	http://ncicb.nci.nih.gov/xml/owl/EVS/Thesaurus.owl#C240	1.0
http://snomed.info/id/391775006	http://ncicb.nci.nih.gov/xml/owl/EVS/Thesaurus.owl#C96771	1.0
http://snomed.info/id/391786008	http://ncicb.nci.nih.gov/xml/owl/EVS/Thesaurus.owl#C61640	1.0
http://snomed.info/id/391792002	http://ncicb.nci.nih.gov/xml/owl/EVS/Thesaurus.owl#C84815	1.0
http://snomed.info/id/391795000	http://ncicb.nci.nih.gov/xml/owl/EVS/Thesaurus.owl#C166707	0.8984859
http://snomed.info/id/391798003	http://ncicb.nci.nih.gov/xml/owl/EVS/Thesaurus.owl#C73074	0.79100001
http://snomed.info/id/391811002	http://ncicb.nci.nih.gov/xml/owl/EVS/Thesaurus.owl#C47409	1.0
http://snomed.info/id/391815006	http://ncicb.nci.nih.gov/xml/owl/EVS/Thesaurus.owl#C75160	1.0
http://snomed.info/id/391820006	http://ncicb.nci.nih.gov/xml/owl/EVS/Thesaurus.owl#C81086	1.0
http://snomed.info/id/391822003	http://ncicb.nci.nih.gov/xml/owl/EVS/Thesaurus.owl#C81110	1.0
http://snomed.info/id/391828004	http://ncicb.nci.nih.gov/xml/owl/EVS/Thesaurus.owl#C77026	1.0
http://snomed.info/id/391845009	http://ncicb.nci.nih.gov/xml/owl/EVS/Thesaurus.owl#C65260	0.83482772
http://snomed.info/id/391873006	http://ncicb.nci.nih.gov/xml/owl/EVS/Thesaurus.owl#C75067	0.96580857
http://snomed.info/id/392575007	http://ncicb.nci.nih.gov/xml/owl/EVS/Thesaurus.owl#C61318	0.98745668
http://snomed.info/id/39263003	http://ncicb.nci.nih.gov/xml/owl/EVS/Thesaurus.owl#C76646	1.0
http://snomed.info/id/392658005	http://ncicb.nci.nih.gov/xml/owl/EVS/Thesaurus.owl#C47499	0.97563183
http://snomed.info/id/395236007	http://ncicb.nci.nih.gov/xml/owl/EVS/Thesaurus.owl#C73142	0.98308104
http://snomed.info/id/395246009	http://ncicb.nci.nih.gov/xml/owl/EVS/Thesaurus.owl#C61754	0.98932993
http://snomed.info/id/395255007	http://ncicb.nci.nih.gov/xml/owl/EVS/Thesaurus.owl#C65509	0.99040687
http://snomed.info/id/395264002	http://ncicb.nci.nih.gov/xml/owl/EVS/Thesaurus.owl#C29490	0.98661536
http://snomed.info/id/395271007	http://ncicb.nci.nih.gov/xml/owl/EVS/Thesaurus.owl#C65874	0.9640435
http://snomed.info/id/395279009	http://ncicb.nci.nih.gov/xml/owl/EVS/Thesaurus.owl#C38717	0.9703334
http://snomed.info/id/395292007	http://ncicb.nci.nih.gov/xml/owl/EVS/Thesaurus.owl#C52188	0.9865784
http://snomed.info/id/395725004	http://ncicb.nci.nih.gov/xml/owl/EVS/Thesaurus.owl#C53408	1.0
http://snomed.info/id/395728002	http://ncicb.nci.nih.gov/xml/owl/EVS/Thesaurus.owl#C77423	1.0
http://snomed.info/id/395729005	http://ncicb.nci.nih.gov/xml/owl/EVS/Thesaurus.owl#C87382	1.0
http://snomed.info/id/395731001	http://ncicb.nci.nih.gov/xml/owl/EVS/Thesaurus.owl#C87618	1.0
http://snomed.info/id/395732008	http://ncicb.nci.nih.gov/xml/owl/EVS/Thesaurus.owl#C72798	1.0
http://snomed.info/id/395733003	http://ncicb.nci.nih.gov/xml/owl/EVS/Thesaurus.owl#C1317	1.0
http://snomed.info/id/395735005	http://ncicb.nci.nih.gov/xml/owl/EVS/Thesaurus.owl#C47552	1.0
http://snomed.info/id/395740002	http://ncicb.nci.nih.gov/xml/owl/EVS/Thesaurus.owl#C48397	1.0
http://snomed.info/id/395741003	http://ncicb.nci.nih.gov/xml/owl/EVS/Thesaurus.owl#C99550	1.0
http://snomed.info/id/395744006	http://ncicb.nci.nih.gov/xml/owl/EVS/Thesaurus.owl#C320	1.0
http://snomed.info/id/395748009	http://ncicb.nci.nih.gov/xml/owl/EVS/Thesaurus.owl#C65916	1.0
http://snomed.info/id/395749001	http://ncicb.nci.nih.gov/xml/owl/EVS/Thesaurus.owl#C601	1.0
http://snomed.info/id/395755006	http://ncicb.nci.nih.gov/xml/owl/EVS/Thesaurus.owl#C61657	0.8406682
http://snomed.info/id/395763007	http://ncicb.nci.nih.gov/xml/owl/EVS/Thesaurus.owl#C29250	0.78599566
http://snomed.info/id/395765000	http://ncicb.nci.nih.gov/xml/owl/EVS/Thesaurus.owl#C1523	1.0
http://snomed.info/id/395766004	http://ncicb.nci.nih.gov/xml/owl/EVS/Thesaurus.owl#C28900	0.93629402
http://snomed.info/id/395767008	http://ncicb.nci.nih.gov/xml/owl/EVS/Thesaurus.owl#C49234	1.0
http://snomed.info/id/395768003	http://ncicb.nci.nih.gov/xml/owl/EVS/Thesaurus.owl#C87685	1.0
http://snomed.info/id/395770007	http://ncicb.nci.nih.gov/xml/owl/EVS/Thesaurus.owl#C82247	1.0
http://snomed.info/id/395772004	http://ncicb.nci.nih.gov/xml/owl/EVS/Thesaurus.owl#C87615	1.0
http://snomed.info/id/395774003	http://ncicb.nci.nih.gov/xml/owl/EVS/Thesaurus.owl#C66032	1.0
http://snomed.info/id/395778000	http://ncicb.nci.nih.gov/xml/owl/EVS/Thesaurus.owl#C61822	1.0
http://snomed.info/id/395779008	http://ncicb.nci.nih.gov/xml/owl/EVS/Thesaurus.owl#C73596	1.0
http://snomed.info/id/395783008	http://ncicb.nci.nih.gov/xml/owl/EVS/Thesaurus.owl#C87360	1.0
http://snomed.info/id/395785001	http://ncicb.nci.nih.gov/xml/owl/EVS/Thesaurus.owl#C636	1.0
http://snomed.info/id/395789007	http://ncicb.nci.nih.gov/xml/owl/EVS/Thesaurus.owl#C970	1.0
http://snomed.info/id/395793001	http://ncicb.nci.nih.gov/xml/owl/EVS/Thesaurus.owl#C87387	1.0
http://snomed.info/id/395795008	http://ncicb.nci.nih.gov/xml/owl/EVS/Thesaurus.owl#C87210	1.0
http://snomed.info/id/395796009	http://ncicb.nci.nih.gov/xml/owl/EVS/Thesaurus.owl#C655	1.0
http://snomed.info/id/395798005	http://ncicb.nci.nih.gov/xml/owl/EVS/Thesaurus.owl#C66171	1.0
http://snomed.info/id/395800003	http://ncicb.nci.nih.gov/xml/owl/EVS/Thesaurus.owl#C87772	1.0
http://snomed.info/id/395804007	http://ncicb.nci.nih.gov/xml/owl/EVS/Thesaurus.owl#C83973	1.0
http://snomed.info/id/395805008	http://ncicb.nci.nih.gov/xml/owl/EVS/Thesaurus.owl#C87629	1.0
http://snomed.info/id/395808005	http://ncicb.nci.nih.gov/xml/owl/EVS/Thesaurus.owl#C66221	1.0
http://snomed.info/id/395812004	http://ncicb.nci.nih.gov/xml/owl/EVS/Thesaurus.owl#C66248	1.0
http://snomed.info/id/395814003	http://ncicb.nci.nih.gov/xml/owl/EVS/Thesaurus.owl#C1181	1.0
http://snomed.info/id/395816001	http://ncicb.nci.nih.gov/xml/owl/EVS/Thesaurus.owl#C74157	1.0
http://snomed.info/id/395818000	http://ncicb.nci.nih.gov/xml/owl/EVS/Thesaurus.owl#C87711	1.0
http://snomed.info/id/395820002	http://ncicb.nci.nih.gov/xml/owl/EVS/Thesaurus.owl#C82597	1.0
http://snomed.info/id/395825007	http://ncicb.nci.nih.gov/xml/owl/EVS/Thesaurus.owl#C81580	1.0
http://snomed.info/id/395828009	http://ncicb.nci.nih.gov/xml/owl/EVS/Thesaurus.owl#C71633	1.0
http://snomed.info/id/395833008	http://ncicb.nci.nih.gov/xml/owl/EVS/Thesaurus.owl#C66410	1.0
http://snomed.info/id/395834002	http://ncicb.nci.nih.gov/xml/owl/EVS/Thesaurus.owl#C87214	0.86237723
http://snomed.info/id/395842001	http://ncicb.nci.nih.gov/xml/owl/EVS/Thesaurus.owl#C83591	0.89396667
http://snomed.info/id/395844000	http://ncicb.nci.nih.gov/xml/owl/EVS/Thesaurus.owl#C77055	1.0
http://snomed.info/id/395845004	http://ncicb.nci.nih.gov/xml/owl/EVS/Thesaurus.owl#C47690	1.0
http://snomed.info/id/395846003	http://ncicb.nci.nih.gov/xml/owl/EVS/Thesaurus.owl#C66479	1.0
http://snomed.info/id/395856004	http://ncicb.nci.nih.gov/xml/owl/EVS/Thesaurus.owl#C1762	1.0
http://snomed.info/id/395857008	http://ncicb.nci.nih.gov/xml/owl/EVS/Thesaurus.owl#C1804	1.0
http://snomed.info/id/395859006	http://ncicb.nci.nih.gov/xml/owl/EVS/Thesaurus.owl#C72838	1.0
http://snomed.info/id/395860001	http://ncicb.nci.nih.gov/xml/owl/EVS/Thesaurus.owl#C82270	0.70187604
http://snomed.info/id/395862009	http://ncicb.nci.nih.gov/xml/owl/EVS/Thesaurus.owl#C71762	0.92013496
http://snomed.info/id/395864005	http://ncicb.nci.nih.gov/xml/owl/EVS/Thesaurus.owl#C152203	1.0
http://snomed.info/id/395866007	http://ncicb.nci.nih.gov/xml/owl/EVS/Thesaurus.owl#C1562	0.88717389
http://snomed.info/id/395867003	http://ncicb.nci.nih.gov/xml/owl/EVS/Thesaurus.owl#C1562	1.0
http://snomed.info/id/395868008	http://ncicb.nci.nih.gov/xml/owl/EVS/Thesaurus.owl#C66519	1.0
http://snomed.info/id/395869000	http://ncicb.nci.nih.gov/xml/owl/EVS/Thesaurus.owl#C62076	1.0
http://snomed.info/id/395870004	http://ncicb.nci.nih.gov/xml/owl/EVS/Thesaurus.owl#C62088	1.0
http://snomed.info/id/395871000	http://ncicb.nci.nih.gov/xml/owl/EVS/Thesaurus.owl#C84172	1.0
http://snomed.info/id/395881001	http://ncicb.nci.nih.gov/xml/owl/EVS/Thesaurus.owl#C73845	1.0
http://snomed.info/id/395890008	http://ncicb.nci.nih.gov/xml/owl/EVS/Thesaurus.owl#C80793	1.0
http://snomed.info/id/395891007	http://ncicb.nci.nih.gov/xml/owl/EVS/Thesaurus.owl#C87713	1.0
http://snomed.info/id/395892000	http://ncicb.nci.nih.gov/xml/owl/EVS/Thesaurus.owl#C1240	1.0
http://snomed.info/id/395895003	http://ncicb.nci.nih.gov/xml/owl/EVS/Thesaurus.owl#C166539	1.0
http://snomed.info/id/395901000	http://ncicb.nci.nih.gov/xml/owl/EVS/Thesaurus.owl#C87584	1.0
http://snomed.info/id/395903002	http://ncicb.nci.nih.gov/xml/owl/EVS/Thesaurus.owl#C66955	1.0
http://snomed.info/id/395905009	http://ncicb.nci.nih.gov/xml/owl/EVS/Thesaurus.owl#C72091	1.0
http://snomed.info/id/395908006	http://ncicb.nci.nih.gov/xml/owl/EVS/Thesaurus.owl#C60810	1.0
http://snomed.info/id/395909003	http://ncicb.nci.nih.gov/xml/owl/EVS/Thesaurus.owl#C29500	1.0
http://snomed.info/id/395910008	http://ncicb.nci.nih.gov/xml/owl/EVS/Thesaurus.owl#C87328	1.0
http://snomed.info/id/395913005	http://ncicb.nci.nih.gov/xml/owl/EVS/Thesaurus.owl#C48027	1.0
http://snomed.info/id/395914004	http://ncicb.nci.nih.gov/xml/owl/EVS/Thesaurus.owl#C66630	1.0
http://snomed.info/id/395921004	http://ncicb.nci.nih.gov/xml/owl/EVS/Thesaurus.owl#C935	1.0
http://snomed.info/id/395923001	http://ncicb.nci.nih.gov/xml/owl/EVS/Thesaurus.owl#C87708	1.0
http://snomed.info/id/395926009	http://ncicb.nci.nih.gov/xml/owl/EVS/Thesaurus.owl#C1699	1.0
http://snomed.info/id/395927000	http://ncicb.nci.nih.gov/xml/owl/EVS/Thesaurus.owl#C77035	1.0
http://snomed.info/id/395929002	http://ncicb.nci.nih.gov/xml/owl/EVS/Thesaurus.owl#C80279	1.0
http://snomed.info/id/395930007	http://ncicb.nci.nih.gov/xml/owl/EVS/Thesaurus.owl#C81096	1.0
http://snomed.info/id/395931006	http://ncicb.nci.nih.gov/xml/owl/EVS/Thesaurus.owl#C95835	1.0
http://snomed.info/id/395932004	http://ncicb.nci.nih.gov/xml/owl/EVS/Thesaurus.owl#C95836	1.0
http://snomed.info/id/395937005	http://ncicb.nci.nih.gov/xml/owl/EVS/Thesaurus.owl#C78058	1.0
http://snomed.info/id/395940005	http://ncicb.nci.nih.gov/xml/owl/EVS/Thesaurus.owl#C81074	1.0
http://snomed.info/id/395941009	http://ncicb.nci.nih.gov/xml/owl/EVS/Thesaurus.owl#C80648	1.0
http://snomed.info/id/395943007	http://ncicb.nci.nih.gov/xml/owl/EVS/Thesaurus.owl#C81496	1.0
http://snomed.info/id/395944001	http://ncicb.nci.nih.gov/xml/owl/EVS/Thesaurus.owl#C65718	0.96355349
http://snomed.info/id/395945000	http://ncicb.nci.nih.gov/xml/owl/EVS/Thesaurus.owl#C87240	1.0
http://snomed.info/id/395946004	http://ncicb.nci.nih.gov/xml/owl/EVS/Thesaurus.owl#C47557	1.0
http://snomed.info/id/395947008	http://ncicb.nci.nih.gov/xml/owl/EVS/Thesaurus.owl#C76133	0.95227176
http://snomed.info/id/395948003	http://ncicb.nci.nih.gov/xml/owl/EVS/Thesaurus.owl#C80936	1.0
http://snomed.info/id/395953008	http://ncicb.nci.nih.gov/xml/owl/EVS/Thesaurus.owl#C75265	0.81663126
http://snomed.info/id/395954002	http://ncicb.nci.nih.gov/xml/owl/EVS/Thesaurus.owl#C61627	1.0
http://snomed.info/id/395955001	http://ncicb.nci.nih.gov/xml/owl/EVS/Thesaurus.owl#C76060	1.0
http://snomed.info/id/395957009	http://ncicb.nci.nih.gov/xml/owl/EVS/Thesaurus.owl#C87471	1.0
http://snomed.info/id/395960002	http://ncicb.nci.nih.gov/xml/owl/EVS/Thesaurus.owl#C79558	1.0
http://snomed.info/id/395966008	http://ncicb.nci.nih.gov/xml/owl/EVS/Thesaurus.owl#C87487	0.96257406
http://snomed.info/id/395975005	http://ncicb.nci.nih.gov/xml/owl/EVS/Thesaurus.owl#C61751	1.0
http://snomed.info/id/395977002	http://ncicb.nci.nih.gov/xml/owl/EVS/Thesaurus.owl#C29053	1.0
http://snomed.info/id/395984005	http://ncicb.nci.nih.gov/xml/owl/EVS/Thesaurus.owl#C72908	1.0
http://snomed.info/id/395986007	http://ncicb.nci.nih.gov/xml/owl/EVS/Thesaurus.owl#C81687	1.0
http://snomed.info/id/395992001	http://ncicb.nci.nih.gov/xml/owl/EVS/Thesaurus.owl#C87212	0.82569641
http://snomed.info/id/395993006	http://ncicb.nci.nih.gov/xml/owl/EVS/Thesaurus.owl#C87641	1.0
http://snomed.info/id/395995004	http://ncicb.nci.nih.gov/xml/owl/EVS/Thesaurus.owl#C87657	1.0
http://snomed.info/id/395996003	http://ncicb.nci.nih.gov/xml/owl/EVS/Thesaurus.owl#C82250	1.0
http://snomed.info/id/395997007	http://ncicb.nci.nih.gov/xml/owl/EVS/Thesaurus.owl#C66491	1.0
http://snomed.info/id/396005002	http://ncicb.nci.nih.gov/xml/owl/EVS/Thesaurus.owl#C47962	1.0
http://snomed.info/id/396007005	http://ncicb.nci.nih.gov/xml/owl/EVS/Thesaurus.owl#C1351	0.96324253
http://snomed.info/id/396008000	http://ncicb.nci.nih.gov/xml/owl/EVS/Thesaurus.owl#C76672	1.0
http://snomed.info/id/396009008	http://ncicb.nci.nih.gov/xml/owl/EVS/Thesaurus.owl#C80839	1.0
http://snomed.info/id/396010003	http://ncicb.nci.nih.gov/xml/owl/EVS/Thesaurus.owl#C75053	0.93263376
http://snomed.info/id/396011004	http://ncicb.nci.nih.gov/xml/owl/EVS/Thesaurus.owl#C73030	1.0
http://snomed.info/id/396012006	http://ncicb.nci.nih.gov/xml/owl/EVS/Thesaurus.owl#C87230	1.0
http://snomed.info/id/396013001	http://ncicb.nci.nih.gov/xml/owl/EVS/Thesaurus.owl#C77046	1.0
http://snomed.info/id/396015008	http://ncicb.nci.nih.gov/xml/owl/EVS/Thesaurus.owl#C47474	1.0
http://snomed.info/id/396017000	http://ncicb.nci.nih.gov/xml/owl/EVS/Thesaurus.owl#C1362	1.0
http://snomed.info/id/396018005	http://ncicb.nci.nih.gov/xml/owl/EVS/Thesaurus.owl#C87321	1.0
http://snomed.info/id/396022000	http://ncicb.nci.nih.gov/xml/owl/EVS/Thesaurus.owl#C81167	1.0
http://snomed.info/id/396032007	http://ncicb.nci.nih.gov/xml/owl/EVS/Thesaurus.owl#C1345	1.0
http://snomed.info/id/396035009	http://ncicb.nci.nih.gov/xml/owl/EVS/Thesaurus.owl#C76650	1.0
http://snomed.info/id/396037001	http://ncicb.nci.nih.gov/xml/owl/EVS/Thesaurus.owl#C78018	0.82170773
http://snomed.info/id/396038006	http://ncicb.nci.nih.gov/xml/owl/EVS/Thesaurus.owl#C76599	1.0
http://snomed.info/id/396046007	http://ncicb.nci.nih.gov/xml/owl/EVS/Thesaurus.owl#C47517	1.0
http://snomed.info/id/396047003	http://ncicb.nci.nih.gov/xml/owl/EVS/Thesaurus.owl#C65538	1.0
http://snomed.info/id/396048008	http://ncicb.nci.nih.gov/xml/owl/EVS/Thesaurus.owl#C171814	0.88006389
http://snomed.info/id/396051001	http://ncicb.nci.nih.gov/xml/owl/EVS/Thesaurus.owl#C80546	1.0
http://snomed.info/id/396052008	http://ncicb.nci.nih.gov/xml/owl/EVS/Thesaurus.owl#C80548	1.0
http://snomed.info/id/396053003	http://ncicb.nci.nih.gov/xml/owl/EVS/Thesaurus.owl#C92607	1.0
http://snomed.info/id/396054009	http://ncicb.nci.nih.gov/xml/owl/EVS/Thesaurus.owl#C81508	1.0
http://snomed.info/id/396059004	http://ncicb.nci.nih.gov/xml/owl/EVS/Thesaurus.owl#C29055	1.0
http://snomed.info/id/396060009	http://ncicb.nci.nih.gov/xml/owl/EVS/Thesaurus.owl#C29056	1.0
http://snomed.info/id/396061008	http://ncicb.nci.nih.gov/xml/owl/EVS/Thesaurus.owl#C80819	1.0
http://snomed.info/id/396062001	http://ncicb.nci.nih.gov/xml/owl/EVS/Thesaurus.owl#C87709	1.0
http://snomed.info/id/396063006	http://ncicb.nci.nih.gov/xml/owl/EVS/Thesaurus.owl#C47996	1.0
http://snomed.info/id/39608003	http://ncicb.nci.nih.gov/xml/owl/EVS/Thesaurus.owl#C61884	0.97156668
http://snomed.info/id/396197001	http://ncicb.nci.nih.gov/xml/owl/EVS/Thesaurus.owl#C76796	1.0
http://snomed.info/id/396214000	http://ncicb.nci.nih.gov/xml/owl/EVS/Thesaurus.owl#C966	1.0
http://snomed.info/id/396448001	http://ncicb.nci.nih.gov/xml/owl/EVS/Thesaurus.owl#C171691	0.80379546
http://snomed.info/id/396449009	http://ncicb.nci.nih.gov/xml/owl/EVS/Thesaurus.owl#C77491	1.0
http://snomed.info/id/396462008	http://ncicb.nci.nih.gov/xml/owl/EVS/Thesaurus.owl#C81692	1.0
http://snomed.info/id/396465005	http://ncicb.nci.nih.gov/xml/owl/EVS/Thesaurus.owl#C152194	1.0
http://snomed.info/id/396466006	http://ncicb.nci.nih.gov/xml/owl/EVS/Thesaurus.owl#C81639	1.0
http://snomed.info/id/396485009	http://ncicb.nci.nih.gov/xml/owl/EVS/Thesaurus.owl#C83839	1.0
http://snomed.info/id/396486005	http://ncicb.nci.nih.gov/xml/owl/EVS/Thesaurus.owl#C87365	1.0
http://snomed.info/id/396489003	http://ncicb.nci.nih.gov/xml/owl/EVS/Thesaurus.owl#C63658	0.82189947
http://snomed.info/id/397224000	http://ncicb.nci.nih.gov/xml/owl/EVS/Thesaurus.owl#C61953	0.95425534
http://snomed.info/id/397225004	http://ncicb.nci.nih.gov/xml/owl/EVS/Thesaurus.owl#C47758	0.97301954
http://snomed.info/id/397228002	http://ncicb.nci.nih.gov/xml/owl/EVS/Thesaurus.owl#C47398	0.97163701
http://snomed.info/id/39808001	http://ncicb.nci.nih.gov/xml/owl/EVS/Thesaurus.owl#C95051	0.82548195
http://snomed.info/id/39860005	http://ncicb.nci.nih.gov/xml/owl/EVS/Thesaurus.owl#C68480	0.95524526
http://snomed.info/id/398624005	http://ncicb.nci.nih.gov/xml/owl/EVS/Thesaurus.owl#C2190	0.90669805
http://snomed.info/id/398627003	http://ncicb.nci.nih.gov/xml/owl/EVS/Thesaurus.owl#C66576	0.97705036
http://snomed.info/id/398628008	http://ncicb.nci.nih.gov/xml/owl/EVS/Thesaurus.owl#C77524	0.98049957
http://snomed.info/id/398669004	http://ncicb.nci.nih.gov/xml/owl/EVS/Thesaurus.owl#C76002	1.0
http://snomed.info/id/398674007	http://ncicb.nci.nih.gov/xml/owl/EVS/Thesaurus.owl#C77304	0.97152632
http://snomed.info/id/398682007	http://ncicb.nci.nih.gov/xml/owl/EVS/Thesaurus.owl#C152584	0.88418138
http://snomed.info/id/398690007	http://ncicb.nci.nih.gov/xml/owl/EVS/Thesaurus.owl#C49173	0.98655957
http://snomed.info/id/398691006	http://ncicb.nci.nih.gov/xml/owl/EVS/Thesaurus.owl#C65220	1.0
http://snomed.info/id/398705004	http://ncicb.nci.nih.gov/xml/owl/EVS/Thesaurus.owl#C26659	0.91169417
http://snomed.info/id/398713003	http://ncicb.nci.nih.gov/xml/owl/EVS/Thesaurus.owl#C76743	1.0
http://snomed.info/id/398715005	http://ncicb.nci.nih.gov/xml/owl/EVS/Thesaurus.owl#C169941	1.0
http://snomed.info/id/398724001	http://ncicb.nci.nih.gov/xml/owl/EVS/Thesaurus.owl#C76525	0.95369524
http://snomed.info/id/398735006	http://ncicb.nci.nih.gov/xml/owl/EVS/Thesaurus.owl#C63647	0.96535313
http://snomed.info/id/398738008	http://ncicb.nci.nih.gov/xml/owl/EVS/Thesaurus.owl#C28833	0.97054988
http://snomed.info/id/398755007	http://ncicb.nci.nih.gov/xml/owl/EVS/Thesaurus.owl#C73139	0.97366267
http://snomed.info/id/398762003	http://ncicb.nci.nih.gov/xml/owl/EVS/Thesaurus.owl#C47790	0.97047442
http://snomed.info/id/398791000	http://ncicb.nci.nih.gov/xml/owl/EVS/Thesaurus.owl#C76513	0.98350626
http://snomed.info/id/398814004	http://ncicb.nci.nih.gov/xml/owl/EVS/Thesaurus.owl#C29051	0.93041855
http://snomed.info/id/398816002	http://ncicb.nci.nih.gov/xml/owl/EVS/Thesaurus.owl#C66635	0.97928745
http://snomed.info/id/398818001	http://ncicb.nci.nih.gov/xml/owl/EVS/Thesaurus.owl#C66723	0.96922183
http://snomed.info/id/398837005	http://ncicb.nci.nih.gov/xml/owl/EVS/Thesaurus.owl#C76261	1.0
http://snomed.info/id/398881002	http://ncicb.nci.nih.gov/xml/owl/EVS/Thesaurus.owl#C1476	0.98373044
http://snomed.info/id/398882009	http://ncicb.nci.nih.gov/xml/owl/EVS/Thesaurus.owl#C47694	0.98502916
http://snomed.info/id/398897007	http://ncicb.nci.nih.gov/xml/owl/EVS/Thesaurus.owl#C174719	0.98176754
http://snomed.info/id/398902008	http://ncicb.nci.nih.gov/xml/owl/EVS/Thesaurus.owl#C2105	0.98159641
http://snomed.info/id/398907002	http://ncicb.nci.nih.gov/xml/owl/EVS/Thesaurus.owl#C1851	0.98349446
http://snomed.info/id/398927001	http://ncicb.nci.nih.gov/xml/owl/EVS/Thesaurus.owl#C47604	0.97390628
http://snomed.info/id/398944002	http://ncicb.nci.nih.gov/xml/owl/EVS/Thesaurus.owl#C84231	0.98560745
http://snomed.info/id/398953009	http://ncicb.nci.nih.gov/xml/owl/EVS/Thesaurus.owl#C76932	0.88505584
http://snomed.info/id/398960003	http://ncicb.nci.nih.gov/xml/owl/EVS/Thesaurus.owl#C87282	0.80245799
http://snomed.info/id/398962006	http://ncicb.nci.nih.gov/xml/owl/EVS/Thesaurus.owl#C65368	0.97553843
http://snomed.info/id/398981003	http://ncicb.nci.nih.gov/xml/owl/EVS/Thesaurus.owl#C81076	0.97678226
http://snomed.info/id/398986008	http://ncicb.nci.nih.gov/xml/owl/EVS/Thesaurus.owl#C76517	0.97745347
http://snomed.info/id/39939003	http://ncicb.nci.nih.gov/xml/owl/EVS/Thesaurus.owl#C47669	0.97513342
http://snomed.info/id/400226004	http://ncicb.nci.nih.gov/xml/owl/EVS/Thesaurus.owl#C166616	0.93516785
http://snomed.info/id/400300006	http://ncicb.nci.nih.gov/xml/owl/EVS/Thesaurus.owl#C28907	0.97871208
http://snomed.info/id/400325002	http://ncicb.nci.nih.gov/xml/owl/EVS/Thesaurus.owl#C80566	0.96495712
http://snomed.info/id/400416009	http://ncicb.nci.nih.gov/xml/owl/EVS/Thesaurus.owl#C339	0.97848654
http://snomed.info/id/400424004	http://ncicb.nci.nih.gov/xml/owl/EVS/Thesaurus.owl#C66308	0.96774715
http://snomed.info/id/400447003	http://ncicb.nci.nih.gov/xml/owl/EVS/Thesaurus.owl#C61754	1.0
http://snomed.info/id/400606007	http://ncicb.nci.nih.gov/xml/owl/EVS/Thesaurus.owl#C66501	0.96947497
http://snomed.info/id/400610005	http://ncicb.nci.nih.gov/xml/owl/EVS/Thesaurus.owl#C47415	0.97626638
http://snomed.info/id/400660004	http://ncicb.nci.nih.gov/xml/owl/EVS/Thesaurus.owl#C61758	0.97481704
http://snomed.info/id/400745007	http://ncicb.nci.nih.gov/xml/owl/EVS/Thesaurus.owl#C66114	0.9791761
http://snomed.info/id/400799002	http://ncicb.nci.nih.gov/xml/owl/EVS/Thesaurus.owl#C175075	0.95444077
http://snomed.info/id/400848002	http://ncicb.nci.nih.gov/xml/owl/EVS/Thesaurus.owl#C80264	0.96793944
http://snomed.info/id/400850005	http://ncicb.nci.nih.gov/xml/owl/EVS/Thesaurus.owl#C77028	0.96984327
http://snomed.info/id/400874008	http://ncicb.nci.nih.gov/xml/owl/EVS/Thesaurus.owl#C65254	0.97546762
http://snomed.info/id/4014000	http://ncicb.nci.nih.gov/xml/owl/EVS/Thesaurus.owl#C152463	1.0
http://snomed.info/id/40339003	http://ncicb.nci.nih.gov/xml/owl/EVS/Thesaurus.owl#C76830	0.95202184
http://snomed.info/id/40342009	http://ncicb.nci.nih.gov/xml/owl/EVS/Thesaurus.owl#C66597	1.0
http://snomed.info/id/40404004	http://ncicb.nci.nih.gov/xml/owl/EVS/Thesaurus.owl#C80006	1.0
http://snomed.info/id/40429005	http://ncicb.nci.nih.gov/xml/owl/EVS/Thesaurus.owl#C47527	0.98546141
http://snomed.info/id/4043008	http://ncicb.nci.nih.gov/xml/owl/EVS/Thesaurus.owl#C77325	1.0
http://snomed.info/id/40471006	http://ncicb.nci.nih.gov/xml/owl/EVS/Thesaurus.owl#C61820	1.0
http://snomed.info/id/404824004	http://ncicb.nci.nih.gov/xml/owl/EVS/Thesaurus.owl#C117274	0.96606845
http://snomed.info/id/404834008	http://ncicb.nci.nih.gov/xml/owl/EVS/Thesaurus.owl#C74277	0.96117175
http://snomed.info/id/404839003	http://ncicb.nci.nih.gov/xml/owl/EVS/Thesaurus.owl#C1670	1.0
http://snomed.info/id/404845006	http://ncicb.nci.nih.gov/xml/owl/EVS/Thesaurus.owl#C1379	0.98167443
http://snomed.info/id/404850000	http://ncicb.nci.nih.gov/xml/owl/EVS/Thesaurus.owl#C1388	0.91283262
http://snomed.info/id/404852008	http://ncicb.nci.nih.gov/xml/owl/EVS/Thesaurus.owl#C61874	1.0
http://snomed.info/id/404855005	http://ncicb.nci.nih.gov/xml/owl/EVS/Thesaurus.owl#C47509	0.97867137
http://snomed.info/id/404856006	http://ncicb.nci.nih.gov/xml/owl/EVS/Thesaurus.owl#C47509	1.0
http://snomed.info/id/404858007	http://ncicb.nci.nih.gov/xml/owl/EVS/Thesaurus.owl#C66650	1.0
http://snomed.info/id/404863006	http://ncicb.nci.nih.gov/xml/owl/EVS/Thesaurus.owl#C47606	0.97456938
http://snomed.info/id/404864000	http://ncicb.nci.nih.gov/xml/owl/EVS/Thesaurus.owl#C641	0.84710121
http://snomed.info/id/404865004	http://ncicb.nci.nih.gov/xml/owl/EVS/Thesaurus.owl#C664	0.95401031
http://snomed.info/id/404882002	http://ncicb.nci.nih.gov/xml/owl/EVS/Thesaurus.owl#C47775	0.75806022
http://snomed.info/id/40562000	http://ncicb.nci.nih.gov/xml/owl/EVS/Thesaurus.owl#C74105	0.87918109
http://snomed.info/id/40589005	http://ncicb.nci.nih.gov/xml/owl/EVS/Thesaurus.owl#C62005	0.9874118
http://snomed.info/id/40601003	http://ncicb.nci.nih.gov/xml/owl/EVS/Thesaurus.owl#C47973	1.0
http://snomed.info/id/406435003	http://ncicb.nci.nih.gov/xml/owl/EVS/Thesaurus.owl#C61933	1.0
http://snomed.info/id/406457005	http://ncicb.nci.nih.gov/xml/owl/EVS/Thesaurus.owl#C73269	0.98845518
http://snomed.info/id/406458000	http://ncicb.nci.nih.gov/xml/owl/EVS/Thesaurus.owl#C73269	1.0
http://snomed.info/id/40648001	http://ncicb.nci.nih.gov/xml/owl/EVS/Thesaurus.owl#C494	0.98629618
http://snomed.info/id/406757009	http://ncicb.nci.nih.gov/xml/owl/EVS/Thesaurus.owl#C2319	0.92825431
http://snomed.info/id/406772008	http://ncicb.nci.nih.gov/xml/owl/EVS/Thesaurus.owl#C170157	1.0
http://snomed.info/id/406784005	http://ncicb.nci.nih.gov/xml/owl/EVS/Thesaurus.owl#C47403	1.0
http://snomed.info/id/406785006	http://ncicb.nci.nih.gov/xml/owl/EVS/Thesaurus.owl#C47403	0.99002695
http://snomed.info/id/407010008	http://ncicb.nci.nih.gov/xml/owl/EVS/Thesaurus.owl#C47513	1.0
http://snomed.info/id/407017006	http://ncicb.nci.nih.gov/xml/owl/EVS/Thesaurus.owl#C83720	1.0
http://snomed.info/id/407018001	http://ncicb.nci.nih.gov/xml/owl/EVS/Thesaurus.owl#C83720	0.98552275
http://snomed.info/id/407030007	http://ncicb.nci.nih.gov/xml/owl/EVS/Thesaurus.owl#C75284	1.0
http://snomed.info/id/407031006	http://ncicb.nci.nih.gov/xml/owl/EVS/Thesaurus.owl#C75284	0.98148942
http://snomed.info/id/407033009	http://ncicb.nci.nih.gov/xml/owl/EVS/Thesaurus.owl#C65495	0.98721462
http://snomed.info/id/407037005	http://ncicb.nci.nih.gov/xml/owl/EVS/Thesaurus.owl#C74141	1.0
http://snomed.info/id/407038000	http://ncicb.nci.nih.gov/xml/owl/EVS/Thesaurus.owl#C74141	0.98504186
http://snomed.info/id/407068009	http://ncicb.nci.nih.gov/xml/owl/EVS/Thesaurus.owl#C65515	1.0
http://snomed.info/id/407069001	http://ncicb.nci.nih.gov/xml/owl/EVS/Thesaurus.owl#C65515	0.96204251
http://snomed.info/id/407100002	http://ncicb.nci.nih.gov/xml/owl/EVS/Thesaurus.owl#C1855	1.0
http://snomed.info/id/407117009	http://ncicb.nci.nih.gov/xml/owl/EVS/Thesaurus.owl#C47473	1.0
http://snomed.info/id/407128008	http://ncicb.nci.nih.gov/xml/owl/EVS/Thesaurus.owl#C2015	1.0
http://snomed.info/id/407129000	http://ncicb.nci.nih.gov/xml/owl/EVS/Thesaurus.owl#C2015	0.97872019
http://snomed.info/id/407148001	http://ncicb.nci.nih.gov/xml/owl/EVS/Thesaurus.owl#C47637	1.0
http://snomed.info/id/407149009	http://ncicb.nci.nih.gov/xml/owl/EVS/Thesaurus.owl#C47637	0.98940849
http://snomed.info/id/407313002	http://ncicb.nci.nih.gov/xml/owl/EVS/Thesaurus.owl#C744	0.81898975
http://snomed.info/id/407316005	http://ncicb.nci.nih.gov/xml/owl/EVS/Thesaurus.owl#C744	0.86635882
http://snomed.info/id/407319003	http://ncicb.nci.nih.gov/xml/owl/EVS/Thesaurus.owl#C29727	0.93978494
http://snomed.info/id/407730002	http://ncicb.nci.nih.gov/xml/owl/EVS/Thesaurus.owl#C76004	0.96528542
http://snomed.info/id/407734006	http://ncicb.nci.nih.gov/xml/owl/EVS/Thesaurus.owl#C47743	0.96751326
http://snomed.info/id/407735007	http://ncicb.nci.nih.gov/xml/owl/EVS/Thesaurus.owl#C1669	0.96123266
http://snomed.info/id/407979001	http://ncicb.nci.nih.gov/xml/owl/EVS/Thesaurus.owl#C66650	0.98156959
http://snomed.info/id/408041006	http://ncicb.nci.nih.gov/xml/owl/EVS/Thesaurus.owl#C47529	0.98745114
http://snomed.info/id/408044003	http://ncicb.nci.nih.gov/xml/owl/EVS/Thesaurus.owl#C1222	0.971008
http://snomed.info/id/408045002	http://ncicb.nci.nih.gov/xml/owl/EVS/Thesaurus.owl#C76884	0.96961969
http://snomed.info/id/408111007	http://ncicb.nci.nih.gov/xml/owl/EVS/Thesaurus.owl#C83731	0.94710368
http://snomed.info/id/408112000	http://ncicb.nci.nih.gov/xml/owl/EVS/Thesaurus.owl#C87336	0.96649688
http://snomed.info/id/40820003	http://ncicb.nci.nih.gov/xml/owl/EVS/Thesaurus.owl#C341	0.98058683
http://snomed.info/id/40905005	http://ncicb.nci.nih.gov/xml/owl/EVS/Thesaurus.owl#C81354	0.96751904
http://snomed.info/id/409114008	http://ncicb.nci.nih.gov/xml/owl/EVS/Thesaurus.owl#C28811	1.0
http://snomed.info/id/409138007	http://ncicb.nci.nih.gov/xml/owl/EVS/Thesaurus.owl#C61759	0.98092252
http://snomed.info/id/409148009	http://ncicb.nci.nih.gov/xml/owl/EVS/Thesaurus.owl#C73100	0.97062069
http://snomed.info/id/409149001	http://ncicb.nci.nih.gov/xml/owl/EVS/Thesaurus.owl#C47529	1.0
http://snomed.info/id/409159000	http://ncicb.nci.nih.gov/xml/owl/EVS/Thesaurus.owl#C61614	1.0
http://snomed.info/id/409169006	http://ncicb.nci.nih.gov/xml/owl/EVS/Thesaurus.owl#C76004	1.0
http://snomed.info/id/409198005	http://ncicb.nci.nih.gov/xml/owl/EVS/Thesaurus.owl#C934	1.0
http://snomed.info/id/409205009	http://ncicb.nci.nih.gov/xml/owl/EVS/Thesaurus.owl#C49173	1.0
http://snomed.info/id/409217006	http://ncicb.nci.nih.gov/xml/owl/EVS/Thesaurus.owl#C2160	0.95524806
http://snomed.info/id/409218001	http://ncicb.nci.nih.gov/xml/owl/EVS/Thesaurus.owl#C2160	0.9416365
http://snomed.info/id/409225008	http://ncicb.nci.nih.gov/xml/owl/EVS/Thesaurus.owl#C76512	0.98006266
http://snomed.info/id/409276006	http://ncicb.nci.nih.gov/xml/owl/EVS/Thesaurus.owl#C61652	1.0
http://snomed.info/id/409277002	http://ncicb.nci.nih.gov/xml/owl/EVS/Thesaurus.owl#C66006	1.0
http://snomed.info/id/409281002	http://ncicb.nci.nih.gov/xml/owl/EVS/Thesaurus.owl#C75206	0.98348719
http://snomed.info/id/409285006	http://ncicb.nci.nih.gov/xml/owl/EVS/Thesaurus.owl#C66873	0.97881603
http://snomed.info/id/409330005	http://ncicb.nci.nih.gov/xml/owl/EVS/Thesaurus.owl#C673	1.0
http://snomed.info/id/409356003	http://ncicb.nci.nih.gov/xml/owl/EVS/Thesaurus.owl#C47788	1.0
http://snomed.info/id/409357007	http://ncicb.nci.nih.gov/xml/owl/EVS/Thesaurus.owl#C48032	0.98872358
http://snomed.info/id/409376009	http://ncicb.nci.nih.gov/xml/owl/EVS/Thesaurus.owl#C80989	0.97454512
http://snomed.info/id/409385009	http://ncicb.nci.nih.gov/xml/owl/EVS/Thesaurus.owl#C28821	1.0
http://snomed.info/id/409391006	http://ncicb.nci.nih.gov/xml/owl/EVS/Thesaurus.owl#C74100	0.97700346
http://snomed.info/id/409397005	http://ncicb.nci.nih.gov/xml/owl/EVS/Thesaurus.owl#C76305	1.0
http://snomed.info/id/409402009	http://ncicb.nci.nih.gov/xml/owl/EVS/Thesaurus.owl#C2167	0.86457968
http://snomed.info/id/409403004	http://ncicb.nci.nih.gov/xml/owl/EVS/Thesaurus.owl#C2167	0.85740334
http://snomed.info/id/409420000	http://ncicb.nci.nih.gov/xml/owl/EVS/Thesaurus.owl#C65545	1.0
http://snomed.info/id/409475007	http://ncicb.nci.nih.gov/xml/owl/EVS/Thesaurus.owl#C87748	1.0
http://snomed.info/id/40974005	http://ncicb.nci.nih.gov/xml/owl/EVS/Thesaurus.owl#C65426	0.97206724
http://snomed.info/id/40999006	http://ncicb.nci.nih.gov/xml/owl/EVS/Thesaurus.owl#C617	0.9749828
http://snomed.info/id/41015006	http://ncicb.nci.nih.gov/xml/owl/EVS/Thesaurus.owl#C61835	0.96173501
http://snomed.info/id/41062004	http://ncicb.nci.nih.gov/xml/owl/EVS/Thesaurus.owl#C643	1.0
http://snomed.info/id/41067005	http://ncicb.nci.nih.gov/xml/owl/EVS/Thesaurus.owl#C47644	1.0
http://snomed.info/id/410843003	http://ncicb.nci.nih.gov/xml/owl/EVS/Thesaurus.owl#C65509	1.0
http://snomed.info/id/410845005	http://ncicb.nci.nih.gov/xml/owl/EVS/Thesaurus.owl#C47778	0.98411244
http://snomed.info/id/410851000	http://ncicb.nci.nih.gov/xml/owl/EVS/Thesaurus.owl#C47404	1.0
http://snomed.info/id/41091001	http://ncicb.nci.nih.gov/xml/owl/EVS/Thesaurus.owl#C66062	1.0
http://snomed.info/id/410917003	http://ncicb.nci.nih.gov/xml/owl/EVS/Thesaurus.owl#C61870	1.0
http://snomed.info/id/410964003	http://ncicb.nci.nih.gov/xml/owl/EVS/Thesaurus.owl#C173512	1.0
http://snomed.info/id/410965002	http://ncicb.nci.nih.gov/xml/owl/EVS/Thesaurus.owl#C173512	0.97585332
http://snomed.info/id/410967005	http://ncicb.nci.nih.gov/xml/owl/EVS/Thesaurus.owl#C53400	1.0
http://snomed.info/id/411000220105	http://ncicb.nci.nih.gov/xml/owl/EVS/Thesaurus.owl#C82238	1.0
http://snomed.info/id/411089001	http://ncicb.nci.nih.gov/xml/owl/EVS/Thesaurus.owl#C61614	0.98178768
http://snomed.info/id/411136000	http://ncicb.nci.nih.gov/xml/owl/EVS/Thesaurus.owl#C83512	0.92794234
http://snomed.info/id/411188007	http://ncicb.nci.nih.gov/xml/owl/EVS/Thesaurus.owl#C76701	0.78146535
http://snomed.info/id/411190008	http://ncicb.nci.nih.gov/xml/owl/EVS/Thesaurus.owl#C322	0.97433752
http://snomed.info/id/411197006	http://ncicb.nci.nih.gov/xml/owl/EVS/Thesaurus.owl#C77042	0.92153174
http://snomed.info/id/411201006	http://ncicb.nci.nih.gov/xml/owl/EVS/Thesaurus.owl#C29092	0.98145223
http://snomed.info/id/411204003	http://ncicb.nci.nih.gov/xml/owl/EVS/Thesaurus.owl#C80564	0.72786546
http://snomed.info/id/411236005	http://ncicb.nci.nih.gov/xml/owl/EVS/Thesaurus.owl#C76862	0.96389222
http://snomed.info/id/411258007	http://ncicb.nci.nih.gov/xml/owl/EVS/Thesaurus.owl#C76728	0.96300375
http://snomed.info/id/411259004	http://ncicb.nci.nih.gov/xml/owl/EVS/Thesaurus.owl#C29388	0.95043498
http://snomed.info/id/411264000	http://ncicb.nci.nih.gov/xml/owl/EVS/Thesaurus.owl#C152407	1.0
http://snomed.info/id/411266003	http://ncicb.nci.nih.gov/xml/owl/EVS/Thesaurus.owl#C29858	0.82859904
http://snomed.info/id/411297004	http://ncicb.nci.nih.gov/xml/owl/EVS/Thesaurus.owl#C47698	0.95098191
http://snomed.info/id/411343001	http://ncicb.nci.nih.gov/xml/owl/EVS/Thesaurus.owl#C47485	0.96778935
http://snomed.info/id/411346009	http://ncicb.nci.nih.gov/xml/owl/EVS/Thesaurus.owl#C47770	0.8089003
http://snomed.info/id/411358009	http://ncicb.nci.nih.gov/xml/owl/EVS/Thesaurus.owl#C76703	0.97013164
http://snomed.info/id/411360006	http://ncicb.nci.nih.gov/xml/owl/EVS/Thesaurus.owl#C65346	0.98206156
http://snomed.info/id/411361005	http://ncicb.nci.nih.gov/xml/owl/EVS/Thesaurus.owl#C75095	0.97410834
http://snomed.info/id/411362003	http://ncicb.nci.nih.gov/xml/owl/EVS/Thesaurus.owl#C63668	0.95906734
http://snomed.info/id/411375003	http://ncicb.nci.nih.gov/xml/owl/EVS/Thesaurus.owl#C84061	0.93067211
http://snomed.info/id/411378001	http://ncicb.nci.nih.gov/xml/owl/EVS/Thesaurus.owl#C76737	0.96427882
http://snomed.info/id/411392007	http://ncicb.nci.nih.gov/xml/owl/EVS/Thesaurus.owl#C65671	0.98152947
http://snomed.info/id/411400005	http://ncicb.nci.nih.gov/xml/owl/EVS/Thesaurus.owl#C47768	0.96381456
http://snomed.info/id/411442007	http://ncicb.nci.nih.gov/xml/owl/EVS/Thesaurus.owl#C76745	0.96781772
http://snomed.info/id/411618001	http://ncicb.nci.nih.gov/xml/owl/EVS/Thesaurus.owl#C29069	0.78475666
http://snomed.info/id/41193000	http://ncicb.nci.nih.gov/xml/owl/EVS/Thesaurus.owl#C205	0.93569726
http://snomed.info/id/411990007	http://ncicb.nci.nih.gov/xml/owl/EVS/Thesaurus.owl#C65772	1.0
http://snomed.info/id/412070003	http://ncicb.nci.nih.gov/xml/owl/EVS/Thesaurus.owl#C84613	1.0
http://snomed.info/id/412072006	http://ncicb.nci.nih.gov/xml/owl/EVS/Thesaurus.owl#C61526	1.0
http://snomed.info/id/412073001	http://ncicb.nci.nih.gov/xml/owl/EVS/Thesaurus.owl#C61526	0.98086506
http://snomed.info/id/412074007	http://ncicb.nci.nih.gov/xml/owl/EVS/Thesaurus.owl#C28804	1.0
http://snomed.info/id/412076009	http://ncicb.nci.nih.gov/xml/owl/EVS/Thesaurus.owl#C76652	1.0
http://snomed.info/id/412078005	http://ncicb.nci.nih.gov/xml/owl/EVS/Thesaurus.owl#C47386	1.0
http://snomed.info/id/412079002	http://ncicb.nci.nih.gov/xml/owl/EVS/Thesaurus.owl#C61630	1.0
http://snomed.info/id/412084008	http://ncicb.nci.nih.gov/xml/owl/EVS/Thesaurus.owl#C82279	1.0
http://snomed.info/id/412090007	http://ncicb.nci.nih.gov/xml/owl/EVS/Thesaurus.owl#C96728	0.76057363
http://snomed.info/id/412093009	http://ncicb.nci.nih.gov/xml/owl/EVS/Thesaurus.owl#C87468	1.0
http://snomed.info/id/412094003	http://ncicb.nci.nih.gov/xml/owl/EVS/Thesaurus.owl#C87468	0.97661221
http://snomed.info/id/412098000	http://ncicb.nci.nih.gov/xml/owl/EVS/Thesaurus.owl#C80848	1.0
http://snomed.info/id/412105005	http://ncicb.nci.nih.gov/xml/owl/EVS/Thesaurus.owl#C28902	1.0
http://snomed.info/id/412108007	http://ncicb.nci.nih.gov/xml/owl/EVS/Thesaurus.owl#C28136	0.96305406
http://snomed.info/id/412112001	http://ncicb.nci.nih.gov/xml/owl/EVS/Thesaurus.owl#C113799	1.0
http://snomed.info/id/412114000	http://ncicb.nci.nih.gov/xml/owl/EVS/Thesaurus.owl#C84499	1.0
http://snomed.info/id/412116003	http://ncicb.nci.nih.gov/xml/owl/EVS/Thesaurus.owl#C76669	1.0
http://snomed.info/id/412124008	http://ncicb.nci.nih.gov/xml/owl/EVS/Thesaurus.owl#C29244	1.0
http://snomed.info/id/412127001	http://ncicb.nci.nih.gov/xml/owl/EVS/Thesaurus.owl#C783	0.76312625
http://snomed.info/id/412135003	http://ncicb.nci.nih.gov/xml/owl/EVS/Thesaurus.owl#C75647	1.0
http://snomed.info/id/412162006	http://ncicb.nci.nih.gov/xml/owl/EVS/Thesaurus.owl#C29083	0.8317464
http://snomed.info/id/412169002	http://ncicb.nci.nih.gov/xml/owl/EVS/Thesaurus.owl#C28974	0.98591673
http://snomed.info/id/412174005	http://ncicb.nci.nih.gov/xml/owl/EVS/Thesaurus.owl#C170276	0.72615111
http://snomed.info/id/412177003	http://ncicb.nci.nih.gov/xml/owl/EVS/Thesaurus.owl#C29026	1.0
http://snomed.info/id/412183000	http://ncicb.nci.nih.gov/xml/owl/EVS/Thesaurus.owl#C72199	1.0
http://snomed.info/id/412187004	http://ncicb.nci.nih.gov/xml/owl/EVS/Thesaurus.owl#C961	1.0
http://snomed.info/id/412189001	http://ncicb.nci.nih.gov/xml/owl/EVS/Thesaurus.owl#C83732	1.0
http://snomed.info/id/412192002	http://ncicb.nci.nih.gov/xml/owl/EVS/Thesaurus.owl#C84616	0.95108962
http://snomed.info/id/412195000	http://ncicb.nci.nih.gov/xml/owl/EVS/Thesaurus.owl#C47551	1.0
http://snomed.info/id/412196004	http://ncicb.nci.nih.gov/xml/owl/EVS/Thesaurus.owl#C47998	1.0
http://snomed.info/id/412208002	http://ncicb.nci.nih.gov/xml/owl/EVS/Thesaurus.owl#C65911	1.0
http://snomed.info/id/412236007	http://ncicb.nci.nih.gov/xml/owl/EVS/Thesaurus.owl#C47580	1.0
http://snomed.info/id/412237003	http://ncicb.nci.nih.gov/xml/owl/EVS/Thesaurus.owl#C61805	1.0
http://snomed.info/id/412243001	http://ncicb.nci.nih.gov/xml/owl/EVS/Thesaurus.owl#C47600	1.0
http://snomed.info/id/412247000	http://ncicb.nci.nih.gov/xml/owl/EVS/Thesaurus.owl#C1735	1.0
http://snomed.info/id/412248005	http://ncicb.nci.nih.gov/xml/owl/EVS/Thesaurus.owl#C48004	1.0
http://snomed.info/id/412249002	http://ncicb.nci.nih.gov/xml/owl/EVS/Thesaurus.owl#C665	1.0
http://snomed.info/id/412252005	http://ncicb.nci.nih.gov/xml/owl/EVS/Thesaurus.owl#C47631	1.0
http://snomed.info/id/412260006	http://ncicb.nci.nih.gov/xml/owl/EVS/Thesaurus.owl#C47640	1.0
http://snomed.info/id/412261005	http://ncicb.nci.nih.gov/xml/owl/EVS/Thesaurus.owl#C62061	1.0
http://snomed.info/id/412265001	http://ncicb.nci.nih.gov/xml/owl/EVS/Thesaurus.owl#C72391	0.97112882
http://snomed.info/id/412266000	http://ncicb.nci.nih.gov/xml/owl/EVS/Thesaurus.owl#C38725	0.94569659
http://snomed.info/id/412267009	http://ncicb.nci.nih.gov/xml/owl/EVS/Thesaurus.owl#C72391	0.97945905
http://snomed.info/id/412295009	http://ncicb.nci.nih.gov/xml/owl/EVS/Thesaurus.owl#C76884	1.0
http://snomed.info/id/412296005	http://ncicb.nci.nih.gov/xml/owl/EVS/Thesaurus.owl#C1222	1.0
http://snomed.info/id/412299003	http://ncicb.nci.nih.gov/xml/owl/EVS/Thesaurus.owl#C87723	1.0
http://snomed.info/id/412302003	http://ncicb.nci.nih.gov/xml/owl/EVS/Thesaurus.owl#C29448	0.98455244
http://snomed.info/id/412303008	http://ncicb.nci.nih.gov/xml/owl/EVS/Thesaurus.owl#C47715	1.0
http://snomed.info/id/412304002	http://ncicb.nci.nih.gov/xml/owl/EVS/Thesaurus.owl#C66538	1.0
http://snomed.info/id/412305001	http://ncicb.nci.nih.gov/xml/owl/EVS/Thesaurus.owl#C2318	1.0
http://snomed.info/id/412310002	http://ncicb.nci.nih.gov/xml/owl/EVS/Thesaurus.owl#C76733	1.0
http://snomed.info/id/412321006	http://ncicb.nci.nih.gov/xml/owl/EVS/Thesaurus.owl#C47759	0.98400575
http://snomed.info/id/412325002	http://ncicb.nci.nih.gov/xml/owl/EVS/Thesaurus.owl#C29535	0.90382493
http://snomed.info/id/412326001	http://ncicb.nci.nih.gov/xml/owl/EVS/Thesaurus.owl#C66648	1.0
http://snomed.info/id/412328000	http://ncicb.nci.nih.gov/xml/owl/EVS/Thesaurus.owl#C288	1.0
http://snomed.info/id/412329008	http://ncicb.nci.nih.gov/xml/owl/EVS/Thesaurus.owl#C288	0.98822397
http://snomed.info/id/412344009	http://ncicb.nci.nih.gov/xml/owl/EVS/Thesaurus.owl#C76471	0.97097045
http://snomed.info/id/412354008	http://ncicb.nci.nih.gov/xml/owl/EVS/Thesaurus.owl#C2673	1.0
http://snomed.info/id/412356005	http://ncicb.nci.nih.gov/xml/owl/EVS/Thesaurus.owl#C29082	0.95877409
http://snomed.info/id/412363005	http://ncicb.nci.nih.gov/xml/owl/EVS/Thesaurus.owl#C61702	1.0
http://snomed.info/id/412366002	http://ncicb.nci.nih.gov/xml/owl/EVS/Thesaurus.owl#C83665	1.0
http://snomed.info/id/412376004	http://ncicb.nci.nih.gov/xml/owl/EVS/Thesaurus.owl#C47787	0.96190321
http://snomed.info/id/412380009	http://ncicb.nci.nih.gov/xml/owl/EVS/Thesaurus.owl#C61738	0.97156429
http://snomed.info/id/412384000	http://ncicb.nci.nih.gov/xml/owl/EVS/Thesaurus.owl#C47518	1.0
http://snomed.info/id/412391002	http://ncicb.nci.nih.gov/xml/owl/EVS/Thesaurus.owl#C73109	1.0
http://snomed.info/id/412393004	http://ncicb.nci.nih.gov/xml/owl/EVS/Thesaurus.owl#C61771	1.0
http://snomed.info/id/412399000	http://ncicb.nci.nih.gov/xml/owl/EVS/Thesaurus.owl#C29084	0.96680087
http://snomed.info/id/412410003	http://ncicb.nci.nih.gov/xml/owl/EVS/Thesaurus.owl#C80902	0.9394868
http://snomed.info/id/412411004	http://ncicb.nci.nih.gov/xml/owl/EVS/Thesaurus.owl#C61789	0.81097114
http://snomed.info/id/412420008	http://ncicb.nci.nih.gov/xml/owl/EVS/Thesaurus.owl#C29034	0.95001304
http://snomed.info/id/412432007	http://ncicb.nci.nih.gov/xml/owl/EVS/Thesaurus.owl#C29254	1.0
http://snomed.info/id/412472003	http://ncicb.nci.nih.gov/xml/owl/EVS/Thesaurus.owl#C81594	1.0
http://snomed.info/id/412473008	http://ncicb.nci.nih.gov/xml/owl/EVS/Thesaurus.owl#C81594	0.97553903
http://snomed.info/id/412507008	http://ncicb.nci.nih.gov/xml/owl/EVS/Thesaurus.owl#C1838	0.93661773
http://snomed.info/id/412513004	http://ncicb.nci.nih.gov/xml/owl/EVS/Thesaurus.owl#C29462	0.95695305
http://snomed.info/id/412515006	http://ncicb.nci.nih.gov/xml/owl/EVS/Thesaurus.owl#C60535	0.9649843
http://snomed.info/id/412518008	http://ncicb.nci.nih.gov/xml/owl/EVS/Thesaurus.owl#C74295	0.78685796
http://snomed.info/id/412519000	http://ncicb.nci.nih.gov/xml/owl/EVS/Thesaurus.owl#C29491	1.0
http://snomed.info/id/412528004	http://ncicb.nci.nih.gov/xml/owl/EVS/Thesaurus.owl#C170390	1.0
http://snomed.info/id/412536008	http://ncicb.nci.nih.gov/xml/owl/EVS/Thesaurus.owl#C87422	1.0
http://snomed.info/id/412540004	http://ncicb.nci.nih.gov/xml/owl/EVS/Thesaurus.owl#C73896	0.71013612
http://snomed.info/id/412546005	http://ncicb.nci.nih.gov/xml/owl/EVS/Thesaurus.owl#C62075	1.0
http://snomed.info/id/412547001	http://ncicb.nci.nih.gov/xml/owl/EVS/Thesaurus.owl#C62075	0.95762992
http://snomed.info/id/412553001	http://ncicb.nci.nih.gov/xml/owl/EVS/Thesaurus.owl#C61926	1.0
http://snomed.info/id/412560007	http://ncicb.nci.nih.gov/xml/owl/EVS/Thesaurus.owl#C1149	0.87579131
http://snomed.info/id/412562004	http://ncicb.nci.nih.gov/xml/owl/EVS/Thesaurus.owl#C77315	1.0
http://snomed.info/id/412568000	http://ncicb.nci.nih.gov/xml/owl/EVS/Thesaurus.owl#C29038	0.94775909
http://snomed.info/id/412577007	http://ncicb.nci.nih.gov/xml/owl/EVS/Thesaurus.owl#C47405	1.0
http://snomed.info/id/412582000	http://ncicb.nci.nih.gov/xml/owl/EVS/Thesaurus.owl#C74477	1.0
http://snomed.info/id/412583005	http://ncicb.nci.nih.gov/xml/owl/EVS/Thesaurus.owl#C87557	1.0
http://snomed.info/id/412588001	http://ncicb.nci.nih.gov/xml/owl/EVS/Thesaurus.owl#C77551	0.85182327
http://snomed.info/id/412589009	http://ncicb.nci.nih.gov/xml/owl/EVS/Thesaurus.owl#C77551	0.87674975
http://snomed.info/id/412604005	http://ncicb.nci.nih.gov/xml/owl/EVS/Thesaurus.owl#C78080	1.0
http://snomed.info/id/412605006	http://ncicb.nci.nih.gov/xml/owl/EVS/Thesaurus.owl#C72166	1.0
http://snomed.info/id/412608008	http://ncicb.nci.nih.gov/xml/owl/EVS/Thesaurus.owl#C87297	1.0
http://snomed.info/id/413355004	http://ncicb.nci.nih.gov/xml/owl/EVS/Thesaurus.owl#C82687	0.78331107
http://snomed.info/id/413381000	http://ncicb.nci.nih.gov/xml/owl/EVS/Thesaurus.owl#C157405	0.9565745
http://snomed.info/id/413507000	http://ncicb.nci.nih.gov/xml/owl/EVS/Thesaurus.owl#C47395	0.97875017
http://snomed.info/id/413575009	http://ncicb.nci.nih.gov/xml/owl/EVS/Thesaurus.owl#C1740	0.93913597
http://snomed.info/id/413591007	http://ncicb.nci.nih.gov/xml/owl/EVS/Thesaurus.owl#C66872	0.98253596
http://snomed.info/id/413592000	http://ncicb.nci.nih.gov/xml/owl/EVS/Thesaurus.owl#C66872	1.0
http://snomed.info/id/413645006	http://ncicb.nci.nih.gov/xml/owl/EVS/Thesaurus.owl#C81038	0.93982589
http://snomed.info/id/413770001	http://ncicb.nci.nih.gov/xml/owl/EVS/Thesaurus.owl#C28910	1.0
http://snomed.info/id/413873006	http://ncicb.nci.nih.gov/xml/owl/EVS/Thesaurus.owl#C26638	1.0
http://snomed.info/id/41395001	http://ncicb.nci.nih.gov/xml/owl/EVS/Thesaurus.owl#C855	1.0
http://snomed.info/id/413971007	http://ncicb.nci.nih.gov/xml/owl/EVS/Thesaurus.owl#C83660	1.0
http://snomed.info/id/414010005	http://ncicb.nci.nih.gov/xml/owl/EVS/Thesaurus.owl#C173066	0.92850804
http://snomed.info/id/414090006	http://ncicb.nci.nih.gov/xml/owl/EVS/Thesaurus.owl#C157535	0.95725244
http://snomed.info/id/41412001	http://ncicb.nci.nih.gov/xml/owl/EVS/Thesaurus.owl#C66579	1.0
http://snomed.info/id/414122006	http://ncicb.nci.nih.gov/xml/owl/EVS/Thesaurus.owl#C65530	0.98500049
http://snomed.info/id/414123001	http://ncicb.nci.nih.gov/xml/owl/EVS/Thesaurus.owl#C65530	1.0
http://snomed.info/id/414148003	http://ncicb.nci.nih.gov/xml/owl/EVS/Thesaurus.owl#C47522	0.9837212
http://snomed.info/id/414175005	http://ncicb.nci.nih.gov/xml/owl/EVS/Thesaurus.owl#C123926	0.98068249
http://snomed.info/id/414289007	http://ncicb.nci.nih.gov/xml/owl/EVS/Thesaurus.owl#C65754	1.0
http://snomed.info/id/414308003	http://ncicb.nci.nih.gov/xml/owl/EVS/Thesaurus.owl#C77547	0.9073981
http://snomed.info/id/414356009	http://ncicb.nci.nih.gov/xml/owl/EVS/Thesaurus.owl#C526	0.98726898
http://snomed.info/id/414357000	http://ncicb.nci.nih.gov/xml/owl/EVS/Thesaurus.owl#C526	1.0
http://snomed.info/id/414547000	http://ncicb.nci.nih.gov/xml/owl/EVS/Thesaurus.owl#C602	0.97123015
http://snomed.info/id/414674005	http://ncicb.nci.nih.gov/xml/owl/EVS/Thesaurus.owl#C170162	1.0
http://snomed.info/id/41470001	http://ncicb.nci.nih.gov/xml/owl/EVS/Thesaurus.owl#C47584	0.79648143
http://snomed.info/id/41493007	http://ncicb.nci.nih.gov/xml/owl/EVS/Thesaurus.owl#C61720	0.89756668
http://snomed.info/id/415158006	http://ncicb.nci.nih.gov/xml/owl/EVS/Thesaurus.owl#C47684	0.98410362
http://snomed.info/id/415159003	http://ncicb.nci.nih.gov/xml/owl/EVS/Thesaurus.owl#C64625	0.98687279
http://snomed.info/id/415160008	http://ncicb.nci.nih.gov/xml/owl/EVS/Thesaurus.owl#C64625	1.0
http://snomed.info/id/415214002	http://ncicb.nci.nih.gov/xml/owl/EVS/Thesaurus.owl#C1206	0.82855296
http://snomed.info/id/41549009	http://ncicb.nci.nih.gov/xml/owl/EVS/Thesaurus.owl#C247	0.90404326
http://snomed.info/id/415542004	http://ncicb.nci.nih.gov/xml/owl/EVS/Thesaurus.owl#C120561	0.94821304
http://snomed.info/id/415853004	http://ncicb.nci.nih.gov/xml/owl/EVS/Thesaurus.owl#C77996	1.0
http://snomed.info/id/416058004	http://ncicb.nci.nih.gov/xml/owl/EVS/Thesaurus.owl#C90657	1.0
http://snomed.info/id/416248007	http://ncicb.nci.nih.gov/xml/owl/EVS/Thesaurus.owl#C65513	0.98903799
http://snomed.info/id/416293004	http://ncicb.nci.nih.gov/xml/owl/EVS/Thesaurus.owl#C1475	0.98176658
http://snomed.info/id/416385001	http://ncicb.nci.nih.gov/xml/owl/EVS/Thesaurus.owl#C65363	0.98241013
http://snomed.info/id/416468004	http://ncicb.nci.nih.gov/xml/owl/EVS/Thesaurus.owl#C80267	1.0
http://snomed.info/id/416470008	http://ncicb.nci.nih.gov/xml/owl/EVS/Thesaurus.owl#C496	0.7928158
http://snomed.info/id/416512006	http://ncicb.nci.nih.gov/xml/owl/EVS/Thesaurus.owl#C1475	1.0
http://snomed.info/id/416572003	http://ncicb.nci.nih.gov/xml/owl/EVS/Thesaurus.owl#C2455	0.96806175
http://snomed.info/id/416587008	http://ncicb.nci.nih.gov/xml/owl/EVS/Thesaurus.owl#C146638	0.97428846
http://snomed.info/id/416624006	http://ncicb.nci.nih.gov/xml/owl/EVS/Thesaurus.owl#C873	0.89181042
http://snomed.info/id/416798007	http://ncicb.nci.nih.gov/xml/owl/EVS/Thesaurus.owl#C146638	0.94410062
http://snomed.info/id/416859008	http://ncicb.nci.nih.gov/xml/owl/EVS/Thesaurus.owl#C65611	1.0
http://snomed.info/id/416908008	http://ncicb.nci.nih.gov/xml/owl/EVS/Thesaurus.owl#C28203	1.0
http://snomed.info/id/417025001	http://ncicb.nci.nih.gov/xml/owl/EVS/Thesaurus.owl#C66583	1.0
http://snomed.info/id/417063009	http://ncicb.nci.nih.gov/xml/owl/EVS/Thesaurus.owl#C81456	1.0
http://snomed.info/id/417092008	http://ncicb.nci.nih.gov/xml/owl/EVS/Thesaurus.owl#C496	0.81200331
http://snomed.info/id/417118005	http://ncicb.nci.nih.gov/xml/owl/EVS/Thesaurus.owl#C68541	1.0
http://snomed.info/id/417155005	http://ncicb.nci.nih.gov/xml/owl/EVS/Thesaurus.owl#C65271	0.97947699
http://snomed.info/id/417226008	http://ncicb.nci.nih.gov/xml/owl/EVS/Thesaurus.owl#C75647	0.98242944
http://snomed.info/id/417238004	http://ncicb.nci.nih.gov/xml/owl/EVS/Thesaurus.owl#C47394	0.93300068
http://snomed.info/id/417479000	http://ncicb.nci.nih.gov/xml/owl/EVS/Thesaurus.owl#C152569	1.0
http://snomed.info/id/417508009	http://ncicb.nci.nih.gov/xml/owl/EVS/Thesaurus.owl#C66334	1.0
http://snomed.info/id/417510006	http://ncicb.nci.nih.gov/xml/owl/EVS/Thesaurus.owl#C63653	1.0
http://snomed.info/id/417533007	http://ncicb.nci.nih.gov/xml/owl/EVS/Thesaurus.owl#C66572	1.0
http://snomed.info/id/417601005	http://ncicb.nci.nih.gov/xml/owl/EVS/Thesaurus.owl#C26638	0.98136616
http://snomed.info/id/417639002	http://ncicb.nci.nih.gov/xml/owl/EVS/Thesaurus.owl#C78112	1.0
http://snomed.info/id/417669009	http://ncicb.nci.nih.gov/xml/owl/EVS/Thesaurus.owl#C66334	0.98193729
http://snomed.info/id/417734003	http://ncicb.nci.nih.gov/xml/owl/EVS/Thesaurus.owl#C65611	0.98784977
http://snomed.info/id/417741009	http://ncicb.nci.nih.gov/xml/owl/EVS/Thesaurus.owl#C1333	0.97930807
http://snomed.info/id/417910004	http://ncicb.nci.nih.gov/xml/owl/EVS/Thesaurus.owl#C48384	0.98132074
http://snomed.info/id/417916005	http://ncicb.nci.nih.gov/xml/owl/EVS/Thesaurus.owl#C62028	1.0
http://snomed.info/id/417971006	http://ncicb.nci.nih.gov/xml/owl/EVS/Thesaurus.owl#C78568	0.97452474
http://snomed.info/id/418080006	http://ncicb.nci.nih.gov/xml/owl/EVS/Thesaurus.owl#C1418	0.95689505
http://snomed.info/id/418183005	http://ncicb.nci.nih.gov/xml/owl/EVS/Thesaurus.owl#C82395	1.0
http://snomed.info/id/418221001	http://ncicb.nci.nih.gov/xml/owl/EVS/Thesaurus.owl#C83718	1.0
http://snomed.info/id/418222008	http://ncicb.nci.nih.gov/xml/owl/EVS/Thesaurus.owl#C66884	0.95533174
http://snomed.info/id/418260004	http://ncicb.nci.nih.gov/xml/owl/EVS/Thesaurus.owl#C2737	1.0
http://snomed.info/id/418264008	http://ncicb.nci.nih.gov/xml/owl/EVS/Thesaurus.owl#C65335	1.0
http://snomed.info/id/418334003	http://ncicb.nci.nih.gov/xml/owl/EVS/Thesaurus.owl#C76636	0.80608094
http://snomed.info/id/418377002	http://ncicb.nci.nih.gov/xml/owl/EVS/Thesaurus.owl#C106515	1.0
http://snomed.info/id/418483003	http://ncicb.nci.nih.gov/xml/owl/EVS/Thesaurus.owl#C76387	1.0
http://snomed.info/id/418509004	http://ncicb.nci.nih.gov/xml/owl/EVS/Thesaurus.owl#C76425	1.0
http://snomed.info/id/418528006	http://ncicb.nci.nih.gov/xml/owl/EVS/Thesaurus.owl#C77128	0.97251195
http://snomed.info/id/418600009	http://ncicb.nci.nih.gov/xml/owl/EVS/Thesaurus.owl#C74241	1.0
http://snomed.info/id/418647000	http://ncicb.nci.nih.gov/xml/owl/EVS/Thesaurus.owl#C1669	1.0
http://snomed.info/id/418668004	http://ncicb.nci.nih.gov/xml/owl/EVS/Thesaurus.owl#C81344	1.0
http://snomed.info/id/418721002	http://ncicb.nci.nih.gov/xml/owl/EVS/Thesaurus.owl#C66603	0.98919606
http://snomed.info/id/418734001	http://ncicb.nci.nih.gov/xml/owl/EVS/Thesaurus.owl#C66510	1.0
http://snomed.info/id/418784008	http://ncicb.nci.nih.gov/xml/owl/EVS/Thesaurus.owl#C1704	1.0
http://snomed.info/id/418834008	http://ncicb.nci.nih.gov/xml/owl/EVS/Thesaurus.owl#C29171	0.95664006
http://snomed.info/id/418865004	http://ncicb.nci.nih.gov/xml/owl/EVS/Thesaurus.owl#C81685	1.0
http://snomed.info/id/418868002	http://ncicb.nci.nih.gov/xml/owl/EVS/Thesaurus.owl#C166907	1.0
http://snomed.info/id/418929008	http://ncicb.nci.nih.gov/xml/owl/EVS/Thesaurus.owl#C81025	1.0
http://snomed.info/id/418938005	http://ncicb.nci.nih.gov/xml/owl/EVS/Thesaurus.owl#C559	0.78843075
http://snomed.info/id/418966002	http://ncicb.nci.nih.gov/xml/owl/EVS/Thesaurus.owl#C76971	1.0
http://snomed.info/id/419001004	http://ncicb.nci.nih.gov/xml/owl/EVS/Thesaurus.owl#C221	1.0
http://snomed.info/id/419010007	http://ncicb.nci.nih.gov/xml/owl/EVS/Thesaurus.owl#C66510	0.9829089
http://snomed.info/id/419062009	http://ncicb.nci.nih.gov/xml/owl/EVS/Thesaurus.owl#C61860	1.0
http://snomed.info/id/419144003	http://ncicb.nci.nih.gov/xml/owl/EVS/Thesaurus.owl#C166921	1.0
http://snomed.info/id/419204001	http://ncicb.nci.nih.gov/xml/owl/EVS/Thesaurus.owl#C152453	1.0
http://snomed.info/id/419234006	http://ncicb.nci.nih.gov/xml/owl/EVS/Thesaurus.owl#C72963	1.0
http://snomed.info/id/419262004	http://ncicb.nci.nih.gov/xml/owl/EVS/Thesaurus.owl#C1637	0.90637463
http://snomed.info/id/419290000	http://ncicb.nci.nih.gov/xml/owl/EVS/Thesaurus.owl#C29441	0.94879031
http://snomed.info/id/419361008	http://ncicb.nci.nih.gov/xml/owl/EVS/Thesaurus.owl#C73312	1.0
http://snomed.info/id/419373008	http://ncicb.nci.nih.gov/xml/owl/EVS/Thesaurus.owl#C171733	1.0
http://snomed.info/id/419384001	http://ncicb.nci.nih.gov/xml/owl/EVS/Thesaurus.owl#C123430	1.0
http://snomed.info/id/4194004	http://ncicb.nci.nih.gov/xml/owl/EVS/Thesaurus.owl#C66057	0.97488457
http://snomed.info/id/419402000	http://ncicb.nci.nih.gov/xml/owl/EVS/Thesaurus.owl#C81658	0.78846949
http://snomed.info/id/419409009	http://ncicb.nci.nih.gov/xml/owl/EVS/Thesaurus.owl#C66603	1.0
http://snomed.info/id/419451002	http://ncicb.nci.nih.gov/xml/owl/EVS/Thesaurus.owl#C66419	1.0
http://snomed.info/id/419458008	http://ncicb.nci.nih.gov/xml/owl/EVS/Thesaurus.owl#C76082	0.97652143
http://snomed.info/id/419460005	http://ncicb.nci.nih.gov/xml/owl/EVS/Thesaurus.owl#C66228	1.0
http://snomed.info/id/419484002	http://ncicb.nci.nih.gov/xml/owl/EVS/Thesaurus.owl#C26641	1.0
http://snomed.info/id/419490003	http://ncicb.nci.nih.gov/xml/owl/EVS/Thesaurus.owl#C75039	1.0
http://snomed.info/id/419530003	http://ncicb.nci.nih.gov/xml/owl/EVS/Thesaurus.owl#C1518	0.98314583
http://snomed.info/id/419588002	http://ncicb.nci.nih.gov/xml/owl/EVS/Thesaurus.owl#C66504	0.96752214
http://snomed.info/id/419615001	http://ncicb.nci.nih.gov/xml/owl/EVS/Thesaurus.owl#C81161	1.0
http://snomed.info/id/419657007	http://ncicb.nci.nih.gov/xml/owl/EVS/Thesaurus.owl#C83854	1.0
http://snomed.info/id/419711001	http://ncicb.nci.nih.gov/xml/owl/EVS/Thesaurus.owl#C72818	1.0
http://snomed.info/id/419768004	http://ncicb.nci.nih.gov/xml/owl/EVS/Thesaurus.owl#C83994	1.0
http://snomed.info/id/419830007	http://ncicb.nci.nih.gov/xml/owl/EVS/Thesaurus.owl#C83909	1.0
http://snomed.info/id/419831006	http://ncicb.nci.nih.gov/xml/owl/EVS/Thesaurus.owl#C87337	1.0
http://snomed.info/id/419841009	http://ncicb.nci.nih.gov/xml/owl/EVS/Thesaurus.owl#C83529	1.0
http://snomed.info/id/419843007	http://ncicb.nci.nih.gov/xml/owl/EVS/Thesaurus.owl#C83921	1.0
http://snomed.info/id/419878007	http://ncicb.nci.nih.gov/xml/owl/EVS/Thesaurus.owl#C66504	1.0
http://snomed.info/id/419985007	http://ncicb.nci.nih.gov/xml/owl/EVS/Thesaurus.owl#C48384	1.0
http://snomed.info/id/420012007	http://ncicb.nci.nih.gov/xml/owl/EVS/Thesaurus.owl#C90817	0.98017085
http://snomed.info/id/420020009	http://ncicb.nci.nih.gov/xml/owl/EVS/Thesaurus.owl#C1351	0.82929599
http://snomed.info/id/420070007	http://ncicb.nci.nih.gov/xml/owl/EVS/Thesaurus.owl#C152877	1.0
http://snomed.info/id/420076001	http://ncicb.nci.nih.gov/xml/owl/EVS/Thesaurus.owl#C72123	1.0
http://snomed.info/id/420129007	http://ncicb.nci.nih.gov/xml/owl/EVS/Thesaurus.owl#C87337	0.97992319
http://snomed.info/id/42013002	http://ncicb.nci.nih.gov/xml/owl/EVS/Thesaurus.owl#C152717	0.71278995
http://snomed.info/id/420240007	http://ncicb.nci.nih.gov/xml/owl/EVS/Thesaurus.owl#C81109	0.98108143
http://snomed.info/id/4203009	http://ncicb.nci.nih.gov/xml/owl/EVS/Thesaurus.owl#C61788	1.0
http://snomed.info/id/420304008	http://ncicb.nci.nih.gov/xml/owl/EVS/Thesaurus.owl#C66040	0.96996045
http://snomed.info/id/42033003	http://ncicb.nci.nih.gov/xml/owl/EVS/Thesaurus.owl#C83852	0.76757264
http://snomed.info/id/420444000	http://ncicb.nci.nih.gov/xml/owl/EVS/Thesaurus.owl#C84248	0.97565359
http://snomed.info/id/420493005	http://ncicb.nci.nih.gov/xml/owl/EVS/Thesaurus.owl#C65317	0.94814491
http://snomed.info/id/420495003	http://ncicb.nci.nih.gov/xml/owl/EVS/Thesaurus.owl#C47653	0.98841405
http://snomed.info/id/420557005	http://ncicb.nci.nih.gov/xml/owl/EVS/Thesaurus.owl#C65247	1.0
http://snomed.info/id/420578008	http://ncicb.nci.nih.gov/xml/owl/EVS/Thesaurus.owl#C73001	1.0
http://snomed.info/id/420581003	http://ncicb.nci.nih.gov/xml/owl/EVS/Thesaurus.owl#C76760	0.96616817
http://snomed.info/id/420612008	http://ncicb.nci.nih.gov/xml/owl/EVS/Thesaurus.owl#C84058	1.0
http://snomed.info/id/420624001	http://ncicb.nci.nih.gov/xml/owl/EVS/Thesaurus.owl#C66507	0.97710311
http://snomed.info/id/420633004	http://ncicb.nci.nih.gov/xml/owl/EVS/Thesaurus.owl#C106205	0.73461974
http://snomed.info/id/420661005	http://ncicb.nci.nih.gov/xml/owl/EVS/Thesaurus.owl#C73001	0.98638129
http://snomed.info/id/420672000	http://ncicb.nci.nih.gov/xml/owl/EVS/Thesaurus.owl#C152469	0.9196074
http://snomed.info/id/420681006	http://ncicb.nci.nih.gov/xml/owl/EVS/Thesaurus.owl#C61948	0.98744583
http://snomed.info/id/420709001	http://ncicb.nci.nih.gov/xml/owl/EVS/Thesaurus.owl#C29448	0.96314567
http://snomed.info/id/420733007	http://ncicb.nci.nih.gov/xml/owl/EVS/Thesaurus.owl#C93305	1.0
http://snomed.info/id/420758002	http://ncicb.nci.nih.gov/xml/owl/EVS/Thesaurus.owl#C80975	1.0
http://snomed.info/id/420759005	http://ncicb.nci.nih.gov/xml/owl/EVS/Thesaurus.owl#C981	1.0
http://snomed.info/id/420778005	http://ncicb.nci.nih.gov/xml/owl/EVS/Thesaurus.owl#C174655	0.95662326
http://snomed.info/id/420780004	http://ncicb.nci.nih.gov/xml/owl/EVS/Thesaurus.owl#C2691	0.98427594
http://snomed.info/id/420813001	http://ncicb.nci.nih.gov/xml/owl/EVS/Thesaurus.owl#C65270	1.0
http://snomed.info/id/420859004	http://ncicb.nci.nih.gov/xml/owl/EVS/Thesaurus.owl#C47389	0.98033226
http://snomed.info/id/420906000	http://ncicb.nci.nih.gov/xml/owl/EVS/Thesaurus.owl#C148546	1.0
http://snomed.info/id/420908004	http://ncicb.nci.nih.gov/xml/owl/EVS/Thesaurus.owl#C106205	0.7254914
http://snomed.info/id/421000220103	http://ncicb.nci.nih.gov/xml/owl/EVS/Thesaurus.owl#C170328	1.0
http://snomed.info/id/421021001	http://ncicb.nci.nih.gov/xml/owl/EVS/Thesaurus.owl#C1127	0.98556453
http://snomed.info/id/421048000	http://ncicb.nci.nih.gov/xml/owl/EVS/Thesaurus.owl#C65230	1.0
http://snomed.info/id/421052000	http://ncicb.nci.nih.gov/xml/owl/EVS/Thesaurus.owl#C65270	0.98505062
http://snomed.info/id/421093008	http://ncicb.nci.nih.gov/xml/owl/EVS/Thesaurus.owl#C84058	0.96616209
http://snomed.info/id/421192001	http://ncicb.nci.nih.gov/xml/owl/EVS/Thesaurus.owl#C71622	1.0
http://snomed.info/id/421228002	http://ncicb.nci.nih.gov/xml/owl/EVS/Thesaurus.owl#C65995	1.0
http://snomed.info/id/421279008	http://ncicb.nci.nih.gov/xml/owl/EVS/Thesaurus.owl#C29410	0.98476118
http://snomed.info/id/421308003	http://ncicb.nci.nih.gov/xml/owl/EVS/Thesaurus.owl#C87582	0.981565
http://snomed.info/id/421319000	http://ncicb.nci.nih.gov/xml/owl/EVS/Thesaurus.owl#C83548	1.0
http://snomed.info/id/421412005	http://ncicb.nci.nih.gov/xml/owl/EVS/Thesaurus.owl#C28898	0.97510707
http://snomed.info/id/421448007	http://ncicb.nci.nih.gov/xml/owl/EVS/Thesaurus.owl#C71622	0.98857903
http://snomed.info/id/421457001	http://ncicb.nci.nih.gov/xml/owl/EVS/Thesaurus.owl#C134821	0.98047858
http://snomed.info/id/421459003	http://ncicb.nci.nih.gov/xml/owl/EVS/Thesaurus.owl#C513	0.96821243
http://snomed.info/id/421471009	http://ncicb.nci.nih.gov/xml/owl/EVS/Thesaurus.owl#C2668	1.0
http://snomed.info/id/421472002	http://ncicb.nci.nih.gov/xml/owl/EVS/Thesaurus.owl#C80846	1.0
http://snomed.info/id/421486003	http://ncicb.nci.nih.gov/xml/owl/EVS/Thesaurus.owl#C77029	0.97812873
http://snomed.info/id/421516006	http://ncicb.nci.nih.gov/xml/owl/EVS/Thesaurus.owl#C74428	0.98137426
http://snomed.info/id/421552005	http://ncicb.nci.nih.gov/xml/owl/EVS/Thesaurus.owl#C61625	0.96934187
http://snomed.info/id/421580007	http://ncicb.nci.nih.gov/xml/owl/EVS/Thesaurus.owl#C82279	0.96582031
http://snomed.info/id/421592007	http://ncicb.nci.nih.gov/xml/owl/EVS/Thesaurus.owl#C66491	0.96997988
http://snomed.info/id/421629003	http://ncicb.nci.nih.gov/xml/owl/EVS/Thesaurus.owl#C29883	0.74837613
http://snomed.info/id/421639009	http://ncicb.nci.nih.gov/xml/owl/EVS/Thesaurus.owl#C61621	0.95132524
http://snomed.info/id/421737001	http://ncicb.nci.nih.gov/xml/owl/EVS/Thesaurus.owl#C2668	0.98855692
http://snomed.info/id/421747003	http://ncicb.nci.nih.gov/xml/owl/EVS/Thesaurus.owl#C61500	1.0
http://snomed.info/id/421772003	http://ncicb.nci.nih.gov/xml/owl/EVS/Thesaurus.owl#C73609	1.0
http://snomed.info/id/421776000	http://ncicb.nci.nih.gov/xml/owl/EVS/Thesaurus.owl#C170311	0.95920944
http://snomed.info/id/421777009	http://ncicb.nci.nih.gov/xml/owl/EVS/Thesaurus.owl#C28898	1.0
http://snomed.info/id/421817009	http://ncicb.nci.nih.gov/xml/owl/EVS/Thesaurus.owl#C170311	1.0
http://snomed.info/id/421856003	http://ncicb.nci.nih.gov/xml/owl/EVS/Thesaurus.owl#C66040	1.0
http://snomed.info/id/421858002	http://ncicb.nci.nih.gov/xml/owl/EVS/Thesaurus.owl#C74428	1.0
http://snomed.info/id/421889003	http://ncicb.nci.nih.gov/xml/owl/EVS/Thesaurus.owl#C66008	1.0
http://snomed.info/id/421904007	http://ncicb.nci.nih.gov/xml/owl/EVS/Thesaurus.owl#C38716	0.98263705
http://snomed.info/id/421915002	http://ncicb.nci.nih.gov/xml/owl/EVS/Thesaurus.owl#C77566	0.97691423
http://snomed.info/id/421921003	http://ncicb.nci.nih.gov/xml/owl/EVS/Thesaurus.owl#C105578	1.0
http://snomed.info/id/421952002	http://ncicb.nci.nih.gov/xml/owl/EVS/Thesaurus.owl#C166628	1.0
http://snomed.info/id/421953007	http://ncicb.nci.nih.gov/xml/owl/EVS/Thesaurus.owl#C65963	0.97133428
http://snomed.info/id/421968008	http://ncicb.nci.nih.gov/xml/owl/EVS/Thesaurus.owl#C1253	0.77743244
http://snomed.info/id/4220008	http://ncicb.nci.nih.gov/xml/owl/EVS/Thesaurus.owl#C66608	0.97625095
http://snomed.info/id/422010007	http://ncicb.nci.nih.gov/xml/owl/EVS/Thesaurus.owl#C80846	0.976412
http://snomed.info/id/422073002	http://ncicb.nci.nih.gov/xml/owl/EVS/Thesaurus.owl#C80886	1.0
http://snomed.info/id/422100001	http://ncicb.nci.nih.gov/xml/owl/EVS/Thesaurus.owl#C727	0.81817824
http://snomed.info/id/422213004	http://ncicb.nci.nih.gov/xml/owl/EVS/Thesaurus.owl#C76480	0.98134768
http://snomed.info/id/422225001	http://ncicb.nci.nih.gov/xml/owl/EVS/Thesaurus.owl#C29410	1.0
http://snomed.info/id/422261006	http://ncicb.nci.nih.gov/xml/owl/EVS/Thesaurus.owl#C1253	0.75201404
http://snomed.info/id/422263009	http://ncicb.nci.nih.gov/xml/owl/EVS/Thesaurus.owl#C72091	0.97256047
http://snomed.info/id/422323005	http://ncicb.nci.nih.gov/xml/owl/EVS/Thesaurus.owl#C76515	0.97008073
http://snomed.info/id/422335009	http://ncicb.nci.nih.gov/xml/owl/EVS/Thesaurus.owl#C66216	1.0
http://snomed.info/id/422343004	http://ncicb.nci.nih.gov/xml/owl/EVS/Thesaurus.owl#C47604	1.0
http://snomed.info/id/422419003	http://ncicb.nci.nih.gov/xml/owl/EVS/Thesaurus.owl#C87221	0.97172678
http://snomed.info/id/422494007	http://ncicb.nci.nih.gov/xml/owl/EVS/Thesaurus.owl#C77050	0.95633161
http://snomed.info/id/422506000	http://ncicb.nci.nih.gov/xml/owl/EVS/Thesaurus.owl#C66041	0.97955334
http://snomed.info/id/422523009	http://ncicb.nci.nih.gov/xml/owl/EVS/Thesaurus.owl#C1796	0.98505688
http://snomed.info/id/422589005	http://ncicb.nci.nih.gov/xml/owl/EVS/Thesaurus.owl#C73244	0.98494244
http://snomed.info/id/422591002	http://ncicb.nci.nih.gov/xml/owl/EVS/Thesaurus.owl#C61679	0.97783518
http://snomed.info/id/422621002	http://ncicb.nci.nih.gov/xml/owl/EVS/Thesaurus.owl#C47406	0.97878569
http://snomed.info/id/422654000	http://ncicb.nci.nih.gov/xml/owl/EVS/Thesaurus.owl#C82687	1.0
http://snomed.info/id/422794008	http://ncicb.nci.nih.gov/xml/owl/EVS/Thesaurus.owl#C73244	1.0
http://snomed.info/id/423007005	http://ncicb.nci.nih.gov/xml/owl/EVS/Thesaurus.owl#C84027	0.85720301
http://snomed.info/id/423045006	http://ncicb.nci.nih.gov/xml/owl/EVS/Thesaurus.owl#C65686	1.0
http://snomed.info/id/423090002	http://ncicb.nci.nih.gov/xml/owl/EVS/Thesaurus.owl#C83612	1.0
http://snomed.info/id/423247009	http://ncicb.nci.nih.gov/xml/owl/EVS/Thesaurus.owl#C63651	0.86505723
http://snomed.info/id/423307000	http://ncicb.nci.nih.gov/xml/owl/EVS/Thesaurus.owl#C73838	1.0
http://snomed.info/id/423380000	http://ncicb.nci.nih.gov/xml/owl/EVS/Thesaurus.owl#C77630	0.96548337
http://snomed.info/id/423414002	http://ncicb.nci.nih.gov/xml/owl/EVS/Thesaurus.owl#C310	0.88642198
http://snomed.info/id/423440008	http://ncicb.nci.nih.gov/xml/owl/EVS/Thesaurus.owl#C72771	0.85869014
http://snomed.info/id/423490007	http://ncicb.nci.nih.gov/xml/owl/EVS/Thesaurus.owl#C95230	1.0
http://snomed.info/id/423594000	http://ncicb.nci.nih.gov/xml/owl/EVS/Thesaurus.owl#C96858	0.97072721
http://snomed.info/id/423658008	http://ncicb.nci.nih.gov/xml/owl/EVS/Thesaurus.owl#C38713	1.0
http://snomed.info/id/423684002	http://ncicb.nci.nih.gov/xml/owl/EVS/Thesaurus.owl#C73031	0.98224056
http://snomed.info/id/423685001	http://ncicb.nci.nih.gov/xml/owl/EVS/Thesaurus.owl#C61809	0.98578161
http://snomed.info/id/423888002	http://ncicb.nci.nih.gov/xml/owl/EVS/Thesaurus.owl#C65364	1.0
http://snomed.info/id/423994009	http://ncicb.nci.nih.gov/xml/owl/EVS/Thesaurus.owl#C657	1.0
http://snomed.info/id/42416001	http://ncicb.nci.nih.gov/xml/owl/EVS/Thesaurus.owl#C94238	1.0
http://snomed.info/id/424437001	http://ncicb.nci.nih.gov/xml/owl/EVS/Thesaurus.owl#C157403	0.95742619
http://snomed.info/id/42444000	http://ncicb.nci.nih.gov/xml/owl/EVS/Thesaurus.owl#C61937	0.97436136
http://snomed.info/id/424535007	http://ncicb.nci.nih.gov/xml/owl/EVS/Thesaurus.owl#C80131	0.90310341
http://snomed.info/id/424557000	http://ncicb.nci.nih.gov/xml/owl/EVS/Thesaurus.owl#C152110	0.93604594
http://snomed.info/id/424611009	http://ncicb.nci.nih.gov/xml/owl/EVS/Thesaurus.owl#C65290	0.98321271
http://snomed.info/id/424654004	http://ncicb.nci.nih.gov/xml/owl/EVS/Thesaurus.owl#C81070	0.9665941
http://snomed.info/id/424656002	http://ncicb.nci.nih.gov/xml/owl/EVS/Thesaurus.owl#C76663	0.96454066
http://snomed.info/id/424766004	http://ncicb.nci.nih.gov/xml/owl/EVS/Thesaurus.owl#C65686	0.98772752
http://snomed.info/id/424803001	http://ncicb.nci.nih.gov/xml/owl/EVS/Thesaurus.owl#C80889	1.0
http://snomed.info/id/424967004	http://ncicb.nci.nih.gov/xml/owl/EVS/Thesaurus.owl#C66041	1.0
http://snomed.info/id/424973003	http://ncicb.nci.nih.gov/xml/owl/EVS/Thesaurus.owl#C76817	1.0
http://snomed.info/id/425003007	http://ncicb.nci.nih.gov/xml/owl/EVS/Thesaurus.owl#C96858	1.0
http://snomed.info/id/425096006	http://ncicb.nci.nih.gov/xml/owl/EVS/Thesaurus.owl#C80889	0.97702867
http://snomed.info/id/425189006	http://ncicb.nci.nih.gov/xml/owl/EVS/Thesaurus.owl#C82270	1.0
http://snomed.info/id/425235001	http://ncicb.nci.nih.gov/xml/owl/EVS/Thesaurus.owl#C87221	1.0
http://snomed.info/id/425436002	http://ncicb.nci.nih.gov/xml/owl/EVS/Thesaurus.owl#C47508	1.0
http://snomed.info/id/425461004	http://ncicb.nci.nih.gov/xml/owl/EVS/Thesaurus.owl#C72814	1.0
http://snomed.info/id/425466009	http://ncicb.nci.nih.gov/xml/owl/EVS/Thesaurus.owl#C26653	0.98528326
http://snomed.info/id/425483000	http://ncicb.nci.nih.gov/xml/owl/EVS/Thesaurus.owl#C66293	0.98244196
http://snomed.info/id/425508009	http://ncicb.nci.nih.gov/xml/owl/EVS/Thesaurus.owl#C73811	1.0
http://snomed.info/id/425516000	http://ncicb.nci.nih.gov/xml/owl/EVS/Thesaurus.owl#C72809	1.0
http://snomed.info/id/425567002	http://ncicb.nci.nih.gov/xml/owl/EVS/Thesaurus.owl#C76833	1.0
http://snomed.info/id/425570003	http://ncicb.nci.nih.gov/xml/owl/EVS/Thesaurus.owl#C81500	0.97554618
http://snomed.info/id/425597005	http://ncicb.nci.nih.gov/xml/owl/EVS/Thesaurus.owl#C75114	1.0
http://snomed.info/id/425602003	http://ncicb.nci.nih.gov/xml/owl/EVS/Thesaurus.owl#C65351	1.0
http://snomed.info/id/425650004	http://ncicb.nci.nih.gov/xml/owl/EVS/Thesaurus.owl#C77355	1.0
http://snomed.info/id/425742002	http://ncicb.nci.nih.gov/xml/owl/EVS/Thesaurus.owl#C68309	1.0
http://snomed.info/id/425760002	http://ncicb.nci.nih.gov/xml/owl/EVS/Thesaurus.owl#C81500	1.0
http://snomed.info/id/425819004	http://ncicb.nci.nih.gov/xml/owl/EVS/Thesaurus.owl#C75935	0.98282349
http://snomed.info/id/425913002	http://ncicb.nci.nih.gov/xml/owl/EVS/Thesaurus.owl#C38687	1.0
http://snomed.info/id/425981005	http://ncicb.nci.nih.gov/xml/owl/EVS/Thesaurus.owl#C65222	0.90575141
http://snomed.info/id/426017007	http://ncicb.nci.nih.gov/xml/owl/EVS/Thesaurus.owl#C61644	0.98706263
http://snomed.info/id/426042003	http://ncicb.nci.nih.gov/xml/owl/EVS/Thesaurus.owl#C82254	1.0
http://snomed.info/id/426050007	http://ncicb.nci.nih.gov/xml/owl/EVS/Thesaurus.owl#C61973	1.0
http://snomed.info/id/426163004	http://ncicb.nci.nih.gov/xml/owl/EVS/Thesaurus.owl#C72908	0.98441893
http://snomed.info/id/426184009	http://ncicb.nci.nih.gov/xml/owl/EVS/Thesaurus.owl#C79564	0.97523463
http://snomed.info/id/426238006	http://ncicb.nci.nih.gov/xml/owl/EVS/Thesaurus.owl#C66878	1.0
http://snomed.info/id/426292005	http://ncicb.nci.nih.gov/xml/owl/EVS/Thesaurus.owl#C61750	1.0
http://snomed.info/id/426320005	http://ncicb.nci.nih.gov/xml/owl/EVS/Thesaurus.owl#C771	1.0
http://snomed.info/id/426324001	http://ncicb.nci.nih.gov/xml/owl/EVS/Thesaurus.owl#C73805	1.0
http://snomed.info/id/426339000	http://ncicb.nci.nih.gov/xml/owl/EVS/Thesaurus.owl#C95284	1.0
http://snomed.info/id/426362003	http://ncicb.nci.nih.gov/xml/owl/EVS/Thesaurus.owl#C1870	0.9648366
http://snomed.info/id/426385002	http://ncicb.nci.nih.gov/xml/owl/EVS/Thesaurus.owl#C61808	0.91263038
http://snomed.info/id/426388000	http://ncicb.nci.nih.gov/xml/owl/EVS/Thesaurus.owl#C48002	1.0
http://snomed.info/id/426471008	http://ncicb.nci.nih.gov/xml/owl/EVS/Thesaurus.owl#C65292	1.0
http://snomed.info/id/426474000	http://ncicb.nci.nih.gov/xml/owl/EVS/Thesaurus.owl#C75939	0.98121536
http://snomed.info/id/426490000	http://ncicb.nci.nih.gov/xml/owl/EVS/Thesaurus.owl#C2104	0.97399193
http://snomed.info/id/426512007	http://ncicb.nci.nih.gov/xml/owl/EVS/Thesaurus.owl#C47450	1.0
http://snomed.info/id/426551002	http://ncicb.nci.nih.gov/xml/owl/EVS/Thesaurus.owl#C47548	0.98878741
http://snomed.info/id/426594007	http://ncicb.nci.nih.gov/xml/owl/EVS/Thesaurus.owl#C95837	0.95949817
http://snomed.info/id/426604008	http://ncicb.nci.nih.gov/xml/owl/EVS/Thesaurus.owl#C66003	1.0
http://snomed.info/id/426681002	http://ncicb.nci.nih.gov/xml/owl/EVS/Thesaurus.owl#C75937	0.98541176
http://snomed.info/id/426682009	http://ncicb.nci.nih.gov/xml/owl/EVS/Thesaurus.owl#C81542	0.96475673
http://snomed.info/id/426714006	http://ncicb.nci.nih.gov/xml/owl/EVS/Thesaurus.owl#C87322	0.9585228
http://snomed.info/id/426726001	http://ncicb.nci.nih.gov/xml/owl/EVS/Thesaurus.owl#C47716	1.0
http://snomed.info/id/426753002	http://ncicb.nci.nih.gov/xml/owl/EVS/Thesaurus.owl#C81542	1.0
http://snomed.info/id/426766002	http://ncicb.nci.nih.gov/xml/owl/EVS/Thesaurus.owl#C78068	1.0
http://snomed.info/id/426852000	http://ncicb.nci.nih.gov/xml/owl/EVS/Thesaurus.owl#C82254	0.97189742
http://snomed.info/id/426891005	http://ncicb.nci.nih.gov/xml/owl/EVS/Thesaurus.owl#C1093	1.0
http://snomed.info/id/426892003	http://ncicb.nci.nih.gov/xml/owl/EVS/Thesaurus.owl#C65496	1.0
http://snomed.info/id/42692007	http://ncicb.nci.nih.gov/xml/owl/EVS/Thesaurus.owl#C48006	1.0
http://snomed.info/id/426956003	http://ncicb.nci.nih.gov/xml/owl/EVS/Thesaurus.owl#C65539	1.0
http://snomed.info/id/427002003	http://ncicb.nci.nih.gov/xml/owl/EVS/Thesaurus.owl#C65222	0.97939223
http://snomed.info/id/427098008	http://ncicb.nci.nih.gov/xml/owl/EVS/Thesaurus.owl#C79564	1.0
http://snomed.info/id/427147004	http://ncicb.nci.nih.gov/xml/owl/EVS/Thesaurus.owl#C97706	1.0
http://snomed.info/id/427181005	http://ncicb.nci.nih.gov/xml/owl/EVS/Thesaurus.owl#C77329	0.97544682
http://snomed.info/id/427266008	http://ncicb.nci.nih.gov/xml/owl/EVS/Thesaurus.owl#C171914	1.0
http://snomed.info/id/427299005	http://ncicb.nci.nih.gov/xml/owl/EVS/Thesaurus.owl#C1844	0.98829639
http://snomed.info/id/427339006	http://ncicb.nci.nih.gov/xml/owl/EVS/Thesaurus.owl#C73920	0.98429948
http://snomed.info/id/427351008	http://ncicb.nci.nih.gov/xml/owl/EVS/Thesaurus.owl#C77329	1.0
http://snomed.info/id/427403004	http://ncicb.nci.nih.gov/xml/owl/EVS/Thesaurus.owl#C65603	1.0
http://snomed.info/id/427427002	http://ncicb.nci.nih.gov/xml/owl/EVS/Thesaurus.owl#C76628	1.0
http://snomed.info/id/427510007	http://ncicb.nci.nih.gov/xml/owl/EVS/Thesaurus.owl#C1404	0.97254264
http://snomed.info/id/427553007	http://ncicb.nci.nih.gov/xml/owl/EVS/Thesaurus.owl#C77302	0.91167951
http://snomed.info/id/42761001	http://ncicb.nci.nih.gov/xml/owl/EVS/Thesaurus.owl#C28138	0.81217486
http://snomed.info/id/427638006	http://ncicb.nci.nih.gov/xml/owl/EVS/Thesaurus.owl#C47549	1.0
http://snomed.info/id/427652008	http://ncicb.nci.nih.gov/xml/owl/EVS/Thesaurus.owl#C1242	1.0
http://snomed.info/id/427671005	http://ncicb.nci.nih.gov/xml/owl/EVS/Thesaurus.owl#C47512	1.0
http://snomed.info/id/427735003	http://ncicb.nci.nih.gov/xml/owl/EVS/Thesaurus.owl#C72694	0.98223162
http://snomed.info/id/427804001	http://ncicb.nci.nih.gov/xml/owl/EVS/Thesaurus.owl#C63817	0.96027088
http://snomed.info/id/427805000	http://ncicb.nci.nih.gov/xml/owl/EVS/Thesaurus.owl#C73144	0.98722029
http://snomed.info/id/427812009	http://ncicb.nci.nih.gov/xml/owl/EVS/Thesaurus.owl#C73261	0.97491688
http://snomed.info/id/427879005	http://ncicb.nci.nih.gov/xml/owl/EVS/Thesaurus.owl#C81703	1.0
http://snomed.info/id/427882000	http://ncicb.nci.nih.gov/xml/owl/EVS/Thesaurus.owl#C38718	1.0
http://snomed.info/id/427906003	http://ncicb.nci.nih.gov/xml/owl/EVS/Thesaurus.owl#C84080	0.80712187
http://snomed.info/id/427912008	http://ncicb.nci.nih.gov/xml/owl/EVS/Thesaurus.owl#C87373	0.96637452
http://snomed.info/id/427940003	http://ncicb.nci.nih.gov/xml/owl/EVS/Thesaurus.owl#C154301	0.97467887
http://snomed.info/id/427946009	http://ncicb.nci.nih.gov/xml/owl/EVS/Thesaurus.owl#C152433	0.97779936
http://snomed.info/id/427976002	http://ncicb.nci.nih.gov/xml/owl/EVS/Thesaurus.owl#C76835	1.0
http://snomed.info/id/428013003	http://ncicb.nci.nih.gov/xml/owl/EVS/Thesaurus.owl#C429	0.84179598
http://snomed.info/id/428127005	http://ncicb.nci.nih.gov/xml/owl/EVS/Thesaurus.owl#C48387	0.9880572
http://snomed.info/id/428145005	http://ncicb.nci.nih.gov/xml/owl/EVS/Thesaurus.owl#C87374	1.0
http://snomed.info/id/428158006	http://ncicb.nci.nih.gov/xml/owl/EVS/Thesaurus.owl#C74158	0.98414701
http://snomed.info/id/428159003	http://ncicb.nci.nih.gov/xml/owl/EVS/Thesaurus.owl#C72694	1.0
http://snomed.info/id/428186003	http://ncicb.nci.nih.gov/xml/owl/EVS/Thesaurus.owl#C166689	0.91904944
http://snomed.info/id/428221002	http://ncicb.nci.nih.gov/xml/owl/EVS/Thesaurus.owl#C152433	1.0
http://snomed.info/id/428382005	http://ncicb.nci.nih.gov/xml/owl/EVS/Thesaurus.owl#C61998	1.0
http://snomed.info/id/428469001	http://ncicb.nci.nih.gov/xml/owl/EVS/Thesaurus.owl#C1629	0.98080158
http://snomed.info/id/428505006	http://ncicb.nci.nih.gov/xml/owl/EVS/Thesaurus.owl#C1922	0.98079562
http://snomed.info/id/428525005	http://ncicb.nci.nih.gov/xml/owl/EVS/Thesaurus.owl#C65755	1.0
http://snomed.info/id/428526006	http://ncicb.nci.nih.gov/xml/owl/EVS/Thesaurus.owl#C65755	0.97220713
http://snomed.info/id/428597009	http://ncicb.nci.nih.gov/xml/owl/EVS/Thesaurus.owl#C2151	0.97972763
http://snomed.info/id/428598004	http://ncicb.nci.nih.gov/xml/owl/EVS/Thesaurus.owl#C2250	1.0
http://snomed.info/id/428611002	http://ncicb.nci.nih.gov/xml/owl/EVS/Thesaurus.owl#C66653	1.0
http://snomed.info/id/428690000	http://ncicb.nci.nih.gov/xml/owl/EVS/Thesaurus.owl#C429	0.87064654
http://snomed.info/id/428694009	http://ncicb.nci.nih.gov/xml/owl/EVS/Thesaurus.owl#C65241	1.0
http://snomed.info/id/428698007	http://ncicb.nci.nih.gov/xml/owl/EVS/Thesaurus.owl#C48387	1.0
http://snomed.info/id/428706009	http://ncicb.nci.nih.gov/xml/owl/EVS/Thesaurus.owl#C1629	1.0
http://snomed.info/id/428709002	http://ncicb.nci.nih.gov/xml/owl/EVS/Thesaurus.owl#C73038	1.0
http://snomed.info/id/428711006	http://ncicb.nci.nih.gov/xml/owl/EVS/Thesaurus.owl#C87373	1.0
http://snomed.info/id/428714003	http://ncicb.nci.nih.gov/xml/owl/EVS/Thesaurus.owl#C61892	1.0
http://snomed.info/id/428715002	http://ncicb.nci.nih.gov/xml/owl/EVS/Thesaurus.owl#C66713	1.0
http://snomed.info/id/428728009	http://ncicb.nci.nih.gov/xml/owl/EVS/Thesaurus.owl#C78118	0.97480512
http://snomed.info/id/428787002	http://ncicb.nci.nih.gov/xml/owl/EVS/Thesaurus.owl#C67445	1.0
http://snomed.info/id/428790008	http://ncicb.nci.nih.gov/xml/owl/EVS/Thesaurus.owl#C152373	1.0
http://snomed.info/id/428807006	http://ncicb.nci.nih.gov/xml/owl/EVS/Thesaurus.owl#C66653	0.98548353
http://snomed.info/id/428826003	http://ncicb.nci.nih.gov/xml/owl/EVS/Thesaurus.owl#C78122	1.0
http://snomed.info/id/429320009	http://ncicb.nci.nih.gov/xml/owl/EVS/Thesaurus.owl#C2250	0.98837751
http://snomed.info/id/429328002	http://ncicb.nci.nih.gov/xml/owl/EVS/Thesaurus.owl#C970	0.94375873
http://snomed.info/id/429346008	http://ncicb.nci.nih.gov/xml/owl/EVS/Thesaurus.owl#C66713	0.98127323
http://snomed.info/id/429368003	http://ncicb.nci.nih.gov/xml/owl/EVS/Thesaurus.owl#C72837	0.99127537
http://snomed.info/id/429398005	http://ncicb.nci.nih.gov/xml/owl/EVS/Thesaurus.owl#C66948	0.97364455
http://snomed.info/id/429452005	http://ncicb.nci.nih.gov/xml/owl/EVS/Thesaurus.owl#C65241	0.98252565
http://snomed.info/id/429507005	http://ncicb.nci.nih.gov/xml/owl/EVS/Thesaurus.owl#C38718	0.98763704
http://snomed.info/id/429602006	http://ncicb.nci.nih.gov/xml/owl/EVS/Thesaurus.owl#C63817	0.95438415
http://snomed.info/id/429603001	http://ncicb.nci.nih.gov/xml/owl/EVS/Thesaurus.owl#C73144	1.0
http://snomed.info/id/429605008	http://ncicb.nci.nih.gov/xml/owl/EVS/Thesaurus.owl#C2151	0.95743328
http://snomed.info/id/429611006	http://ncicb.nci.nih.gov/xml/owl/EVS/Thesaurus.owl#C74584	1.0
http://snomed.info/id/429660001	http://ncicb.nci.nih.gov/xml/owl/EVS/Thesaurus.owl#C2021	0.94355625
http://snomed.info/id/429694004	http://ncicb.nci.nih.gov/xml/owl/EVS/Thesaurus.owl#C2021	0.97136706
http://snomed.info/id/429802008	http://ncicb.nci.nih.gov/xml/owl/EVS/Thesaurus.owl#C75167	0.96943128
http://snomed.info/id/429822007	http://ncicb.nci.nih.gov/xml/owl/EVS/Thesaurus.owl#C72787	0.98759925
http://snomed.info/id/429825009	http://ncicb.nci.nih.gov/xml/owl/EVS/Thesaurus.owl#C72787	1.0
http://snomed.info/id/429833005	http://ncicb.nci.nih.gov/xml/owl/EVS/Thesaurus.owl#C166628	0.98596996
http://snomed.info/id/429835003	http://ncicb.nci.nih.gov/xml/owl/EVS/Thesaurus.owl#C75167	1.0
http://snomed.info/id/429838001	http://ncicb.nci.nih.gov/xml/owl/EVS/Thesaurus.owl#C48403	0.9872511
http://snomed.info/id/429941006	http://ncicb.nci.nih.gov/xml/owl/EVS/Thesaurus.owl#C61808	1.0
http://snomed.info/id/429990006	http://ncicb.nci.nih.gov/xml/owl/EVS/Thesaurus.owl#C66721	1.0
http://snomed.info/id/430082006	http://ncicb.nci.nih.gov/xml/owl/EVS/Thesaurus.owl#C61565	1.0
http://snomed.info/id/430242005	http://ncicb.nci.nih.gov/xml/owl/EVS/Thesaurus.owl#C74420	1.0
http://snomed.info/id/430758007	http://ncicb.nci.nih.gov/xml/owl/EVS/Thesaurus.owl#C48416	1.0
http://snomed.info/id/430819007	http://ncicb.nci.nih.gov/xml/owl/EVS/Thesaurus.owl#C166915	0.97889555
http://snomed.info/id/431069006	http://ncicb.nci.nih.gov/xml/owl/EVS/Thesaurus.owl#C126363	1.0
http://snomed.info/id/431072004	http://ncicb.nci.nih.gov/xml/owl/EVS/Thesaurus.owl#C48403	1.0
http://snomed.info/id/432005001	http://ncicb.nci.nih.gov/xml/owl/EVS/Thesaurus.owl#C71634	1.0
http://snomed.info/id/432162002	http://ncicb.nci.nih.gov/xml/owl/EVS/Thesaurus.owl#C71721	1.0
http://snomed.info/id/432164001	http://ncicb.nci.nih.gov/xml/owl/EVS/Thesaurus.owl#C81119	0.98888028
http://snomed.info/id/432165000	http://ncicb.nci.nih.gov/xml/owl/EVS/Thesaurus.owl#C81119	1.0
http://snomed.info/id/432221004	http://ncicb.nci.nih.gov/xml/owl/EVS/Thesaurus.owl#C73195	0.9844445
http://snomed.info/id/432251005	http://ncicb.nci.nih.gov/xml/owl/EVS/Thesaurus.owl#C62554	0.8418588
http://snomed.info/id/432254002	http://ncicb.nci.nih.gov/xml/owl/EVS/Thesaurus.owl#C74138	0.98393983
http://snomed.info/id/432255001	http://ncicb.nci.nih.gov/xml/owl/EVS/Thesaurus.owl#C74138	1.0
http://snomed.info/id/432410005	http://ncicb.nci.nih.gov/xml/owl/EVS/Thesaurus.owl#C73005	1.0
http://snomed.info/id/432676000	http://ncicb.nci.nih.gov/xml/owl/EVS/Thesaurus.owl#C136824	0.95027477
http://snomed.info/id/432884004	http://ncicb.nci.nih.gov/xml/owl/EVS/Thesaurus.owl#C65946	0.71554315
http://snomed.info/id/432885003	http://ncicb.nci.nih.gov/xml/owl/EVS/Thesaurus.owl#C71721	0.98231554
http://snomed.info/id/432886002	http://ncicb.nci.nih.gov/xml/owl/EVS/Thesaurus.owl#C2194	1.0
http://snomed.info/id/433010006	http://ncicb.nci.nih.gov/xml/owl/EVS/Thesaurus.owl#C136824	0.96109331
http://snomed.info/id/433327005	http://ncicb.nci.nih.gov/xml/owl/EVS/Thesaurus.owl#C74420	0.97165316
http://snomed.info/id/43342005	http://ncicb.nci.nih.gov/xml/owl/EVS/Thesaurus.owl#C68329	1.0
http://snomed.info/id/433519000	http://ncicb.nci.nih.gov/xml/owl/EVS/Thesaurus.owl#C80569	1.0
http://snomed.info/id/43356007	http://ncicb.nci.nih.gov/xml/owl/EVS/Thesaurus.owl#C81038	1.0
http://snomed.info/id/434337009	http://ncicb.nci.nih.gov/xml/owl/EVS/Thesaurus.owl#C72788	1.0
http://snomed.info/id/4353000	http://ncicb.nci.nih.gov/xml/owl/EVS/Thesaurus.owl#C76745	1.0
http://snomed.info/id/43684009	http://ncicb.nci.nih.gov/xml/owl/EVS/Thesaurus.owl#C1313	0.98921365
http://snomed.info/id/4370008	http://ncicb.nci.nih.gov/xml/owl/EVS/Thesaurus.owl#C29807	1.0
http://snomed.info/id/43723008	http://ncicb.nci.nih.gov/xml/owl/EVS/Thesaurus.owl#C1259	0.85361159
http://snomed.info/id/43728004	http://ncicb.nci.nih.gov/xml/owl/EVS/Thesaurus.owl#C81024	1.0
http://snomed.info/id/437886007	http://ncicb.nci.nih.gov/xml/owl/EVS/Thesaurus.owl#C49096	0.97994071
http://snomed.info/id/437917007	http://ncicb.nci.nih.gov/xml/owl/EVS/Thesaurus.owl#C49096	1.0
http://snomed.info/id/438200007	http://ncicb.nci.nih.gov/xml/owl/EVS/Thesaurus.owl#C80259	1.0
http://snomed.info/id/438240001	http://ncicb.nci.nih.gov/xml/owl/EVS/Thesaurus.owl#C2635	0.98447204
http://snomed.info/id/438256006	http://ncicb.nci.nih.gov/xml/owl/EVS/Thesaurus.owl#C97692	0.95744687
http://snomed.info/id/43880002	http://ncicb.nci.nih.gov/xml/owl/EVS/Thesaurus.owl#C161899	1.0
http://snomed.info/id/438878009	http://ncicb.nci.nih.gov/xml/owl/EVS/Thesaurus.owl#C1645	0.86311728
http://snomed.info/id/439082000	http://ncicb.nci.nih.gov/xml/owl/EVS/Thesaurus.owl#C76893	1.0
http://snomed.info/id/439471002	http://ncicb.nci.nih.gov/xml/owl/EVS/Thesaurus.owl#C72727	1.0
http://snomed.info/id/439581000	http://ncicb.nci.nih.gov/xml/owl/EVS/Thesaurus.owl#C2635	1.0
http://snomed.info/id/440063000	http://ncicb.nci.nih.gov/xml/owl/EVS/Thesaurus.owl#C80259	0.98210984
http://snomed.info/id/44007007	http://ncicb.nci.nih.gov/xml/owl/EVS/Thesaurus.owl#C84038	1.0
http://snomed.info/id/440585000	http://ncicb.nci.nih.gov/xml/owl/EVS/Thesaurus.owl#C62024	0.97373503
http://snomed.info/id/44068004	http://ncicb.nci.nih.gov/xml/owl/EVS/Thesaurus.owl#C61738	1.0
http://snomed.info/id/441503001	http://ncicb.nci.nih.gov/xml/owl/EVS/Thesaurus.owl#C74118	1.0
http://snomed.info/id/441532003	http://ncicb.nci.nih.gov/xml/owl/EVS/Thesaurus.owl#C83859	0.96284729
http://snomed.info/id/441539007	http://ncicb.nci.nih.gov/xml/owl/EVS/Thesaurus.owl#C87616	1.0
http://snomed.info/id/441570004	http://ncicb.nci.nih.gov/xml/owl/EVS/Thesaurus.owl#C74598	1.0
http://snomed.info/id/441610003	http://ncicb.nci.nih.gov/xml/owl/EVS/Thesaurus.owl#C65629	0.98614693
http://snomed.info/id/441641002	http://ncicb.nci.nih.gov/xml/owl/EVS/Thesaurus.owl#C78021	1.0
http://snomed.info/id/441743008	http://ncicb.nci.nih.gov/xml/owl/EVS/Thesaurus.owl#C65629	1.0
http://snomed.info/id/44175000	http://ncicb.nci.nih.gov/xml/owl/EVS/Thesaurus.owl#C75090	0.95662796
http://snomed.info/id/441757005	http://ncicb.nci.nih.gov/xml/owl/EVS/Thesaurus.owl#C72139	1.0
http://snomed.info/id/441816007	http://ncicb.nci.nih.gov/xml/owl/EVS/Thesaurus.owl#C63661	0.825836
http://snomed.info/id/441821005	http://ncicb.nci.nih.gov/xml/owl/EVS/Thesaurus.owl#C73293	0.97571582
http://snomed.info/id/441851004	http://ncicb.nci.nih.gov/xml/owl/EVS/Thesaurus.owl#C78056	0.98401439
http://snomed.info/id/441863009	http://ncicb.nci.nih.gov/xml/owl/EVS/Thesaurus.owl#C73192	1.0
http://snomed.info/id/441943001	http://ncicb.nci.nih.gov/xml/owl/EVS/Thesaurus.owl#C81124	0.98414636
http://snomed.info/id/441993002	http://ncicb.nci.nih.gov/xml/owl/EVS/Thesaurus.owl#C87691	0.97568738
http://snomed.info/id/441995009	http://ncicb.nci.nih.gov/xml/owl/EVS/Thesaurus.owl#C71634	0.98338628
http://snomed.info/id/441996005	http://ncicb.nci.nih.gov/xml/owl/EVS/Thesaurus.owl#C87691	1.0
http://snomed.info/id/442031002	http://ncicb.nci.nih.gov/xml/owl/EVS/Thesaurus.owl#C77995	1.0
http://snomed.info/id/442042006	http://ncicb.nci.nih.gov/xml/owl/EVS/Thesaurus.owl#C81372	1.0
http://snomed.info/id/442141001	http://ncicb.nci.nih.gov/xml/owl/EVS/Thesaurus.owl#C604	1.0
http://snomed.info/id/442252001	http://ncicb.nci.nih.gov/xml/owl/EVS/Thesaurus.owl#C80050	1.0
http://snomed.info/id/442340006	http://ncicb.nci.nih.gov/xml/owl/EVS/Thesaurus.owl#C80629	1.0
http://snomed.info/id/442355002	http://ncicb.nci.nih.gov/xml/owl/EVS/Thesaurus.owl#C76718	1.0
http://snomed.info/id/442428005	http://ncicb.nci.nih.gov/xml/owl/EVS/Thesaurus.owl#C28931	1.0
http://snomed.info/id/442519006	http://ncicb.nci.nih.gov/xml/owl/EVS/Thesaurus.owl#C73293	1.0
http://snomed.info/id/442539005	http://ncicb.nci.nih.gov/xml/owl/EVS/Thesaurus.owl#C77995	0.99164385
http://snomed.info/id/442699004	http://ncicb.nci.nih.gov/xml/owl/EVS/Thesaurus.owl#C68922	1.0
http://snomed.info/id/442750005	http://ncicb.nci.nih.gov/xml/owl/EVS/Thesaurus.owl#C83804	0.97500873
http://snomed.info/id/442795003	http://ncicb.nci.nih.gov/xml/owl/EVS/Thesaurus.owl#C174653	1.0
http://snomed.info/id/442845007	http://ncicb.nci.nih.gov/xml/owl/EVS/Thesaurus.owl#C166891	0.97033995
http://snomed.info/id/442901006	http://ncicb.nci.nih.gov/xml/owl/EVS/Thesaurus.owl#C77082	0.98224658
http://snomed.info/id/442910003	http://ncicb.nci.nih.gov/xml/owl/EVS/Thesaurus.owl#C83784	0.9849025
http://snomed.info/id/442924004	http://ncicb.nci.nih.gov/xml/owl/EVS/Thesaurus.owl#C166891	1.0
http://snomed.info/id/44293009	http://ncicb.nci.nih.gov/xml/owl/EVS/Thesaurus.owl#C44435	1.0
http://snomed.info/id/443058000	http://ncicb.nci.nih.gov/xml/owl/EVS/Thesaurus.owl#C77082	1.0
http://snomed.info/id/443066009	http://ncicb.nci.nih.gov/xml/owl/EVS/Thesaurus.owl#C75983	0.99214453
http://snomed.info/id/443087004	http://ncicb.nci.nih.gov/xml/owl/EVS/Thesaurus.owl#C75983	1.0
http://snomed.info/id/443129001	http://ncicb.nci.nih.gov/xml/owl/EVS/Thesaurus.owl#C81566	1.0
http://snomed.info/id/44330008	http://ncicb.nci.nih.gov/xml/owl/EVS/Thesaurus.owl#C66499	1.0
http://snomed.info/id/443310000	http://ncicb.nci.nih.gov/xml/owl/EVS/Thesaurus.owl#C65485	0.98432881
http://snomed.info/id/443312008	http://ncicb.nci.nih.gov/xml/owl/EVS/Thesaurus.owl#C81566	0.98696029
http://snomed.info/id/443374004	http://ncicb.nci.nih.gov/xml/owl/EVS/Thesaurus.owl#C72705	0.9848547
http://snomed.info/id/443375003	http://ncicb.nci.nih.gov/xml/owl/EVS/Thesaurus.owl#C72705	1.0
http://snomed.info/id/44347009	http://ncicb.nci.nih.gov/xml/owl/EVS/Thesaurus.owl#C81079	1.0
http://snomed.info/id/443570007	http://ncicb.nci.nih.gov/xml/owl/EVS/Thesaurus.owl#C61983	1.0
http://snomed.info/id/443585001	http://ncicb.nci.nih.gov/xml/owl/EVS/Thesaurus.owl#C87751	0.98300523
http://snomed.info/id/443586000	http://ncicb.nci.nih.gov/xml/owl/EVS/Thesaurus.owl#C87751	1.0
http://snomed.info/id/443616002	http://ncicb.nci.nih.gov/xml/owl/EVS/Thesaurus.owl#C83550	0.98369372
http://snomed.info/id/443764004	http://ncicb.nci.nih.gov/xml/owl/EVS/Thesaurus.owl#C74547	0.99057406
http://snomed.info/id/444101000124101	http://ncicb.nci.nih.gov/xml/owl/EVS/Thesaurus.owl#C84242	1.0
http://snomed.info/id/444757009	http://ncicb.nci.nih.gov/xml/owl/EVS/Thesaurus.owl#C90821	1.0
http://snomed.info/id/44508008	http://ncicb.nci.nih.gov/xml/owl/EVS/Thesaurus.owl#C62034	1.0
http://snomed.info/id/44520000	http://ncicb.nci.nih.gov/xml/owl/EVS/Thesaurus.owl#C81645	1.0
http://snomed.info/id/445564003	http://ncicb.nci.nih.gov/xml/owl/EVS/Thesaurus.owl#C65505	0.9819079
http://snomed.info/id/447182009	http://ncicb.nci.nih.gov/xml/owl/EVS/Thesaurus.owl#C66937	0.9886272
http://snomed.info/id/447209009	http://ncicb.nci.nih.gov/xml/owl/EVS/Thesaurus.owl#C72686	0.97249901
http://snomed.info/id/447213002	http://ncicb.nci.nih.gov/xml/owl/EVS/Thesaurus.owl#C81648	1.0
http://snomed.info/id/44790008	http://ncicb.nci.nih.gov/xml/owl/EVS/Thesaurus.owl#C47523	0.94293875
http://snomed.info/id/4480008	http://ncicb.nci.nih.gov/xml/owl/EVS/Thesaurus.owl#C152455	1.0
http://snomed.info/id/44837002	http://ncicb.nci.nih.gov/xml/owl/EVS/Thesaurus.owl#C81404	1.0
http://snomed.info/id/448971002	http://ncicb.nci.nih.gov/xml/owl/EVS/Thesaurus.owl#C76890	1.0
http://snomed.info/id/449042005	http://ncicb.nci.nih.gov/xml/owl/EVS/Thesaurus.owl#C75107	1.0
http://snomed.info/id/44908000	http://ncicb.nci.nih.gov/xml/owl/EVS/Thesaurus.owl#C28926	1.0
http://snomed.info/id/449278009	http://ncicb.nci.nih.gov/xml/owl/EVS/Thesaurus.owl#C80870	1.0
http://snomed.info/id/44990002	http://ncicb.nci.nih.gov/xml/owl/EVS/Thesaurus.owl#C73270	0.98223501
http://snomed.info/id/45159007	http://ncicb.nci.nih.gov/xml/owl/EVS/Thesaurus.owl#C61642	1.0
http://snomed.info/id/45207006	http://ncicb.nci.nih.gov/xml/owl/EVS/Thesaurus.owl#C47482	0.88877112
http://snomed.info/id/45218006	http://ncicb.nci.nih.gov/xml/owl/EVS/Thesaurus.owl#C61682	0.97592866
http://snomed.info/id/45524001	http://ncicb.nci.nih.gov/xml/owl/EVS/Thesaurus.owl#C166616	1.0
http://snomed.info/id/45680002	http://ncicb.nci.nih.gov/xml/owl/EVS/Thesaurus.owl#C29503	0.97829407
http://snomed.info/id/45940009	http://ncicb.nci.nih.gov/xml/owl/EVS/Thesaurus.owl#C61968	1.0
http://snomed.info/id/4616002	http://ncicb.nci.nih.gov/xml/owl/EVS/Thesaurus.owl#C152736	1.0
http://snomed.info/id/46293006	http://ncicb.nci.nih.gov/xml/owl/EVS/Thesaurus.owl#C317	0.98508221
http://snomed.info/id/46436003	http://ncicb.nci.nih.gov/xml/owl/EVS/Thesaurus.owl#C65842	0.9806987
http://snomed.info/id/46479001	http://ncicb.nci.nih.gov/xml/owl/EVS/Thesaurus.owl#C65511	0.98057181
http://snomed.info/id/46514003	http://ncicb.nci.nih.gov/xml/owl/EVS/Thesaurus.owl#C77069	1.0
http://snomed.info/id/46547007	http://ncicb.nci.nih.gov/xml/owl/EVS/Thesaurus.owl#C29146	0.97620189
http://snomed.info/id/46576005	http://ncicb.nci.nih.gov/xml/owl/EVS/Thesaurus.owl#C62029	0.97737819
http://snomed.info/id/46668002	http://ncicb.nci.nih.gov/xml/owl/EVS/Thesaurus.owl#C61784	1.0
http://snomed.info/id/46709004	http://ncicb.nci.nih.gov/xml/owl/EVS/Thesaurus.owl#C76528	0.8111468
http://snomed.info/id/46741005	http://ncicb.nci.nih.gov/xml/owl/EVS/Thesaurus.owl#C61934	0.95605344
http://snomed.info/id/46887006	http://ncicb.nci.nih.gov/xml/owl/EVS/Thesaurus.owl#C47388	1.0
http://snomed.info/id/46950002	http://ncicb.nci.nih.gov/xml/owl/EVS/Thesaurus.owl#C47695	1.0
http://snomed.info/id/47065008	http://ncicb.nci.nih.gov/xml/owl/EVS/Thesaurus.owl#C794	0.97340131
http://snomed.info/id/47120002	http://ncicb.nci.nih.gov/xml/owl/EVS/Thesaurus.owl#C47686	0.9872812
http://snomed.info/id/47176005	http://ncicb.nci.nih.gov/xml/owl/EVS/Thesaurus.owl#C63950	1.0
http://snomed.info/id/47180000	http://ncicb.nci.nih.gov/xml/owl/EVS/Thesaurus.owl#C77928	1.0
http://snomed.info/id/47408003	http://ncicb.nci.nih.gov/xml/owl/EVS/Thesaurus.owl#C47628	1.0
http://snomed.info/id/47413004	http://ncicb.nci.nih.gov/xml/owl/EVS/Thesaurus.owl#C2575	1.0
http://snomed.info/id/47527007	http://ncicb.nci.nih.gov/xml/owl/EVS/Thesaurus.owl#C66371	0.97809559
http://snomed.info/id/47755009	http://ncicb.nci.nih.gov/xml/owl/EVS/Thesaurus.owl#C49186	0.91567791
http://snomed.info/id/4777008	http://ncicb.nci.nih.gov/xml/owl/EVS/Thesaurus.owl#C75097	1.0
http://snomed.info/id/4780009	http://ncicb.nci.nih.gov/xml/owl/EVS/Thesaurus.owl#C65275	0.93440658
http://snomed.info/id/47853005	http://ncicb.nci.nih.gov/xml/owl/EVS/Thesaurus.owl#C87268	1.0
http://snomed.info/id/47857006	http://ncicb.nci.nih.gov/xml/owl/EVS/Thesaurus.owl#C29399	1.0
http://snomed.info/id/47937008	http://ncicb.nci.nih.gov/xml/owl/EVS/Thesaurus.owl#C65951	0.866301
http://snomed.info/id/48052001	http://ncicb.nci.nih.gov/xml/owl/EVS/Thesaurus.owl#C47510	1.0
http://snomed.info/id/48078005	http://ncicb.nci.nih.gov/xml/owl/EVS/Thesaurus.owl#C75086	1.0
http://snomed.info/id/48174005	http://ncicb.nci.nih.gov/xml/owl/EVS/Thesaurus.owl#C29412	0.98465937
http://snomed.info/id/48199006	http://ncicb.nci.nih.gov/xml/owl/EVS/Thesaurus.owl#C75201	0.82611412
http://snomed.info/id/48351000	http://ncicb.nci.nih.gov/xml/owl/EVS/Thesaurus.owl#C66377	0.96447623
http://snomed.info/id/48384000	http://ncicb.nci.nih.gov/xml/owl/EVS/Thesaurus.owl#C28819	1.0
http://snomed.info/id/48546005	http://ncicb.nci.nih.gov/xml/owl/EVS/Thesaurus.owl#C28982	0.97913247
http://snomed.info/id/48875009	http://ncicb.nci.nih.gov/xml/owl/EVS/Thesaurus.owl#C65387	0.97647905
http://snomed.info/id/48899009	http://ncicb.nci.nih.gov/xml/owl/EVS/Thesaurus.owl#C29104	0.96478629
http://snomed.info/id/49022000	http://ncicb.nci.nih.gov/xml/owl/EVS/Thesaurus.owl#C132291	1.0
http://snomed.info/id/49157004	http://ncicb.nci.nih.gov/xml/owl/EVS/Thesaurus.owl#C921	0.95480585
http://snomed.info/id/49267000	http://ncicb.nci.nih.gov/xml/owl/EVS/Thesaurus.owl#C66282	0.97352743
http://snomed.info/id/49313009	http://ncicb.nci.nih.gov/xml/owl/EVS/Thesaurus.owl#C80970	1.0
http://snomed.info/id/49399009	http://ncicb.nci.nih.gov/xml/owl/EVS/Thesaurus.owl#C66050	1.0
http://snomed.info/id/49485009	http://ncicb.nci.nih.gov/xml/owl/EVS/Thesaurus.owl#C47638	0.98401248
http://snomed.info/id/49565007	http://ncicb.nci.nih.gov/xml/owl/EVS/Thesaurus.owl#C47497	1.0
http://snomed.info/id/49577002	http://ncicb.nci.nih.gov/xml/owl/EVS/Thesaurus.owl#C47623	0.97179246
http://snomed.info/id/49617001	http://ncicb.nci.nih.gov/xml/owl/EVS/Thesaurus.owl#C63669	0.979644
http://snomed.info/id/49688004	http://ncicb.nci.nih.gov/xml/owl/EVS/Thesaurus.owl#C78074	0.95288515
http://snomed.info/id/49694007	http://ncicb.nci.nih.gov/xml/owl/EVS/Thesaurus.owl#C74536	0.94739455
http://snomed.info/id/49705006	http://ncicb.nci.nih.gov/xml/owl/EVS/Thesaurus.owl#C563	0.94824719
http://snomed.info/id/49839002	http://ncicb.nci.nih.gov/xml/owl/EVS/Thesaurus.owl#C75979	1.0
http://snomed.info/id/49953001	http://ncicb.nci.nih.gov/xml/owl/EVS/Thesaurus.owl#C61889	0.98064661
http://snomed.info/id/49998007	http://ncicb.nci.nih.gov/xml/owl/EVS/Thesaurus.owl#C61956	1.0
http://snomed.info/id/50094009	http://ncicb.nci.nih.gov/xml/owl/EVS/Thesaurus.owl#C559	0.97399962
http://snomed.info/id/50335004	http://ncicb.nci.nih.gov/xml/owl/EVS/Thesaurus.owl#C61810	0.97821498
http://snomed.info/id/50507004	http://ncicb.nci.nih.gov/xml/owl/EVS/Thesaurus.owl#C74455	0.80231816
http://snomed.info/id/50593009	http://ncicb.nci.nih.gov/xml/owl/EVS/Thesaurus.owl#C73337	1.0
http://snomed.info/id/50661007	http://ncicb.nci.nih.gov/xml/owl/EVS/Thesaurus.owl#C77029	1.0
http://snomed.info/id/50665003	http://ncicb.nci.nih.gov/xml/owl/EVS/Thesaurus.owl#C48022	1.0
http://snomed.info/id/50848005	http://ncicb.nci.nih.gov/xml/owl/EVS/Thesaurus.owl#C152456	1.0
http://snomed.info/id/50868004	http://ncicb.nci.nih.gov/xml/owl/EVS/Thesaurus.owl#C28981	0.89834225
http://snomed.info/id/51073002	http://ncicb.nci.nih.gov/xml/owl/EVS/Thesaurus.owl#C739	0.97019792
http://snomed.info/id/51079003	http://ncicb.nci.nih.gov/xml/owl/EVS/Thesaurus.owl#C171728	0.75559163
http://snomed.info/id/51224002	http://ncicb.nci.nih.gov/xml/owl/EVS/Thesaurus.owl#C83596	0.86261553
http://snomed.info/id/51260007	http://ncicb.nci.nih.gov/xml/owl/EVS/Thesaurus.owl#C90651	1.0
http://snomed.info/id/51321007	http://ncicb.nci.nih.gov/xml/owl/EVS/Thesaurus.owl#C47694	1.0
http://snomed.info/id/51326002	http://ncicb.nci.nih.gov/xml/owl/EVS/Thesaurus.owl#C349	0.97213143
http://snomed.info/id/51361008	http://ncicb.nci.nih.gov/xml/owl/EVS/Thesaurus.owl#C61632	0.98477644
http://snomed.info/id/51844001	http://ncicb.nci.nih.gov/xml/owl/EVS/Thesaurus.owl#C75104	1.0
http://snomed.info/id/51908007	http://ncicb.nci.nih.gov/xml/owl/EVS/Thesaurus.owl#C170345	0.97491729
http://snomed.info/id/52017007	http://ncicb.nci.nih.gov/xml/owl/EVS/Thesaurus.owl#C267	0.96203196
http://snomed.info/id/52140009	http://ncicb.nci.nih.gov/xml/owl/EVS/Thesaurus.owl#C83840	0.84641874
http://snomed.info/id/52209008	http://ncicb.nci.nih.gov/xml/owl/EVS/Thesaurus.owl#C1355	1.0
http://snomed.info/id/52388000	http://ncicb.nci.nih.gov/xml/owl/EVS/Thesaurus.owl#C769	0.97399831
http://snomed.info/id/52394008	http://ncicb.nci.nih.gov/xml/owl/EVS/Thesaurus.owl#C47677	1.0
http://snomed.info/id/52574003	http://ncicb.nci.nih.gov/xml/owl/EVS/Thesaurus.owl#C236	1.0
http://snomed.info/id/52642002	http://ncicb.nci.nih.gov/xml/owl/EVS/Thesaurus.owl#C735	1.0
http://snomed.info/id/52803004	http://ncicb.nci.nih.gov/xml/owl/EVS/Thesaurus.owl#C66638	0.79527098
http://snomed.info/id/52883001	http://ncicb.nci.nih.gov/xml/owl/EVS/Thesaurus.owl#C61787	0.89281976
http://snomed.info/id/52885008	http://ncicb.nci.nih.gov/xml/owl/EVS/Thesaurus.owl#C83528	1.0
http://snomed.info/id/52896000	http://ncicb.nci.nih.gov/xml/owl/EVS/Thesaurus.owl#C65337	0.96477956
http://snomed.info/id/529003	http://ncicb.nci.nih.gov/xml/owl/EVS/Thesaurus.owl#C533	1.0
http://snomed.info/id/53034005	http://ncicb.nci.nih.gov/xml/owl/EVS/Thesaurus.owl#C44358	1.0
http://snomed.info/id/53041004	http://ncicb.nci.nih.gov/xml/owl/EVS/Thesaurus.owl#C2190	1.0
http://snomed.info/id/53136009	http://ncicb.nci.nih.gov/xml/owl/EVS/Thesaurus.owl#C47445	1.0
http://snomed.info/id/53246002	http://ncicb.nci.nih.gov/xml/owl/EVS/Thesaurus.owl#C76752	1.0
http://snomed.info/id/53405009	http://ncicb.nci.nih.gov/xml/owl/EVS/Thesaurus.owl#C47774	1.0
http://snomed.info/id/53513007	http://ncicb.nci.nih.gov/xml/owl/EVS/Thesaurus.owl#C62529	0.96590418
http://snomed.info/id/53691001	http://ncicb.nci.nih.gov/xml/owl/EVS/Thesaurus.owl#C336	0.97063291
http://snomed.info/id/53800008	http://ncicb.nci.nih.gov/xml/owl/EVS/Thesaurus.owl#C28827	0.83525258
http://snomed.info/id/53845007	http://ncicb.nci.nih.gov/xml/owl/EVS/Thesaurus.owl#C76935	0.98760754
http://snomed.info/id/53859000	http://ncicb.nci.nih.gov/xml/owl/EVS/Thesaurus.owl#C827	1.0
http://snomed.info/id/54086007	http://ncicb.nci.nih.gov/xml/owl/EVS/Thesaurus.owl#C29092	1.0
http://snomed.info/id/54197005	http://ncicb.nci.nih.gov/xml/owl/EVS/Thesaurus.owl#C75088	1.0
http://snomed.info/id/54344006	http://ncicb.nci.nih.gov/xml/owl/EVS/Thesaurus.owl#C508	0.98588526
http://snomed.info/id/54391004	http://ncicb.nci.nih.gov/xml/owl/EVS/Thesaurus.owl#C61609	0.96901381
http://snomed.info/id/544002	http://ncicb.nci.nih.gov/xml/owl/EVS/Thesaurus.owl#C633	0.96219128
http://snomed.info/id/54406003	http://ncicb.nci.nih.gov/xml/owl/EVS/Thesaurus.owl#C66119	0.96749079
http://snomed.info/id/54508000	http://ncicb.nci.nih.gov/xml/owl/EVS/Thesaurus.owl#C76836	1.0
http://snomed.info/id/54526002	http://ncicb.nci.nih.gov/xml/owl/EVS/Thesaurus.owl#C94719	1.0
http://snomed.info/id/54541002	http://ncicb.nci.nih.gov/xml/owl/EVS/Thesaurus.owl#C75040	0.85266519
http://snomed.info/id/54717003	http://ncicb.nci.nih.gov/xml/owl/EVS/Thesaurus.owl#C65559	1.0
http://snomed.info/id/5478006	http://ncicb.nci.nih.gov/xml/owl/EVS/Thesaurus.owl#C76455	0.97122216
http://snomed.info/id/54824008	http://ncicb.nci.nih.gov/xml/owl/EVS/Thesaurus.owl#C75929	0.97221339
http://snomed.info/id/54882005	http://ncicb.nci.nih.gov/xml/owl/EVS/Thesaurus.owl#C61721	0.78945571
http://snomed.info/id/55124001	http://ncicb.nci.nih.gov/xml/owl/EVS/Thesaurus.owl#C47624	1.0
http://snomed.info/id/55316001	http://ncicb.nci.nih.gov/xml/owl/EVS/Thesaurus.owl#C28938	1.0
http://snomed.info/id/55486005	http://ncicb.nci.nih.gov/xml/owl/EVS/Thesaurus.owl#C66377	0.74641514
http://snomed.info/id/55540005	http://ncicb.nci.nih.gov/xml/owl/EVS/Thesaurus.owl#C82285	1.0
http://snomed.info/id/55741006	http://ncicb.nci.nih.gov/xml/owl/EVS/Thesaurus.owl#C47610	1.0
http://snomed.info/id/55745002	http://ncicb.nci.nih.gov/xml/owl/EVS/Thesaurus.owl#C62073	0.97486085
http://snomed.info/id/55867006	http://ncicb.nci.nih.gov/xml/owl/EVS/Thesaurus.owl#C47393	0.96431267
http://snomed.info/id/55882001	http://ncicb.nci.nih.gov/xml/owl/EVS/Thesaurus.owl#C84243	1.0
http://snomed.info/id/55889005	http://ncicb.nci.nih.gov/xml/owl/EVS/Thesaurus.owl#C47683	0.97237617
http://snomed.info/id/55946005	http://ncicb.nci.nih.gov/xml/owl/EVS/Thesaurus.owl#C63647	1.0
http://snomed.info/id/56085009	http://ncicb.nci.nih.gov/xml/owl/EVS/Thesaurus.owl#C74575	1.0
http://snomed.info/id/56389005	http://ncicb.nci.nih.gov/xml/owl/EVS/Thesaurus.owl#C76539	1.0
http://snomed.info/id/5641004	http://ncicb.nci.nih.gov/xml/owl/EVS/Thesaurus.owl#C48029	0.91869676
http://snomed.info/id/56613007	http://ncicb.nci.nih.gov/xml/owl/EVS/Thesaurus.owl#C47418	1.0
http://snomed.info/id/56928005	http://ncicb.nci.nih.gov/xml/owl/EVS/Thesaurus.owl#C491	0.96862215
http://snomed.info/id/56934003	http://ncicb.nci.nih.gov/xml/owl/EVS/Thesaurus.owl#C77491	0.97608429
http://snomed.info/id/57263002	http://ncicb.nci.nih.gov/xml/owl/EVS/Thesaurus.owl#C61869	0.98510587
http://snomed.info/id/57583000	http://ncicb.nci.nih.gov/xml/owl/EVS/Thesaurus.owl#C47632	1.0
http://snomed.info/id/5776009	http://ncicb.nci.nih.gov/xml/owl/EVS/Thesaurus.owl#C245	0.95020694
http://snomed.info/id/57811004	http://ncicb.nci.nih.gov/xml/owl/EVS/Thesaurus.owl#C84508	0.97613221
http://snomed.info/id/57845006	http://ncicb.nci.nih.gov/xml/owl/EVS/Thesaurus.owl#C62041	0.80813873
http://snomed.info/id/57853003	http://ncicb.nci.nih.gov/xml/owl/EVS/Thesaurus.owl#C73138	0.94707853
http://snomed.info/id/5786005	http://ncicb.nci.nih.gov/xml/owl/EVS/Thesaurus.owl#C28924	0.97079957
http://snomed.info/id/57893000	http://ncicb.nci.nih.gov/xml/owl/EVS/Thesaurus.owl#C47449	0.93626183
http://snomed.info/id/57911003	http://ncicb.nci.nih.gov/xml/owl/EVS/Thesaurus.owl#C78109	1.0
http://snomed.info/id/57913000	http://ncicb.nci.nih.gov/xml/owl/EVS/Thesaurus.owl#C87426	1.0
http://snomed.info/id/58050004	http://ncicb.nci.nih.gov/xml/owl/EVS/Thesaurus.owl#C38149	0.92740524
http://snomed.info/id/5811000122108	http://ncicb.nci.nih.gov/xml/owl/EVS/Thesaurus.owl#C95766	1.0
http://snomed.info/id/58233009	http://ncicb.nci.nih.gov/xml/owl/EVS/Thesaurus.owl#C47597	1.0
http://snomed.info/id/58325006	http://ncicb.nci.nih.gov/xml/owl/EVS/Thesaurus.owl#C47523	0.82816344
http://snomed.info/id/58360000	http://ncicb.nci.nih.gov/xml/owl/EVS/Thesaurus.owl#C96728	0.97687709
http://snomed.info/id/58461000	http://ncicb.nci.nih.gov/xml/owl/EVS/Thesaurus.owl#C61836	1.0
http://snomed.info/id/58467001	http://ncicb.nci.nih.gov/xml/owl/EVS/Thesaurus.owl#C726	0.97188449
http://snomed.info/id/58760003	http://ncicb.nci.nih.gov/xml/owl/EVS/Thesaurus.owl#C272	0.96295798
http://snomed.info/id/58892008	http://ncicb.nci.nih.gov/xml/owl/EVS/Thesaurus.owl#C905	0.97693062
http://snomed.info/id/58905004	http://ncicb.nci.nih.gov/xml/owl/EVS/Thesaurus.owl#C428	0.94712222
http://snomed.info/id/58907007	http://ncicb.nci.nih.gov/xml/owl/EVS/Thesaurus.owl#C47730	1.0
http://snomed.info/id/58956008	http://ncicb.nci.nih.gov/xml/owl/EVS/Thesaurus.owl#C47767	1.0
http://snomed.info/id/58962003	http://ncicb.nci.nih.gov/xml/owl/EVS/Thesaurus.owl#C372	1.0
http://snomed.info/id/59034000	http://ncicb.nci.nih.gov/xml/owl/EVS/Thesaurus.owl#C47775	0.78404582
http://snomed.info/id/59270007	http://ncicb.nci.nih.gov/xml/owl/EVS/Thesaurus.owl#C61816	0.98407859
http://snomed.info/id/59314005	http://ncicb.nci.nih.gov/xml/owl/EVS/Thesaurus.owl#C170324	1.0
http://snomed.info/id/59456005	http://ncicb.nci.nih.gov/xml/owl/EVS/Thesaurus.owl#C28834	0.98043847
http://snomed.info/id/59488002	http://ncicb.nci.nih.gov/xml/owl/EVS/Thesaurus.owl#C66374	1.0
http://snomed.info/id/59526004	http://ncicb.nci.nih.gov/xml/owl/EVS/Thesaurus.owl#C74233	1.0
http://snomed.info/id/59560006	http://ncicb.nci.nih.gov/xml/owl/EVS/Thesaurus.owl#C61831	1.0
http://snomed.info/id/59589008	http://ncicb.nci.nih.gov/xml/owl/EVS/Thesaurus.owl#C788	0.97314638
http://snomed.info/id/5975000	http://ncicb.nci.nih.gov/xml/owl/EVS/Thesaurus.owl#C66240	0.97925067
http://snomed.info/id/59751001	http://ncicb.nci.nih.gov/xml/owl/EVS/Thesaurus.owl#C66917	0.96600026
http://snomed.info/id/59882007	http://ncicb.nci.nih.gov/xml/owl/EVS/Thesaurus.owl#C47391	1.0
http://snomed.info/id/59888006	http://ncicb.nci.nih.gov/xml/owl/EVS/Thesaurus.owl#C82599	1.0
http://snomed.info/id/59941008	http://ncicb.nci.nih.gov/xml/owl/EVS/Thesaurus.owl#C61725	0.9863472
http://snomed.info/id/60018006	http://ncicb.nci.nih.gov/xml/owl/EVS/Thesaurus.owl#C77833	0.85192448
http://snomed.info/id/60149003	http://ncicb.nci.nih.gov/xml/owl/EVS/Thesaurus.owl#C576	0.91239125
http://snomed.info/id/60169008	http://ncicb.nci.nih.gov/xml/owl/EVS/Thesaurus.owl#C29633	0.9368788
http://snomed.info/id/6028009	http://ncicb.nci.nih.gov/xml/owl/EVS/Thesaurus.owl#C901	0.97931439
http://snomed.info/id/60289002	http://ncicb.nci.nih.gov/xml/owl/EVS/Thesaurus.owl#C61829	1.0
http://snomed.info/id/60376006	http://ncicb.nci.nih.gov/xml/owl/EVS/Thesaurus.owl#C61954	1.0
http://snomed.info/id/60455000	http://ncicb.nci.nih.gov/xml/owl/EVS/Thesaurus.owl#C81363	1.0
http://snomed.info/id/60541005	http://ncicb.nci.nih.gov/xml/owl/EVS/Thesaurus.owl#C166860	0.97744131
http://snomed.info/id/6067003	http://ncicb.nci.nih.gov/xml/owl/EVS/Thesaurus.owl#C66276	0.86492407
http://snomed.info/id/6071000	http://ncicb.nci.nih.gov/xml/owl/EVS/Thesaurus.owl#C44358	0.96597821
http://snomed.info/id/60727003	http://ncicb.nci.nih.gov/xml/owl/EVS/Thesaurus.owl#C29257	1.0
http://snomed.info/id/6088007	http://ncicb.nci.nih.gov/xml/owl/EVS/Thesaurus.owl#C61648	0.89937669
http://snomed.info/id/60978003	http://ncicb.nci.nih.gov/xml/owl/EVS/Thesaurus.owl#C67084	0.97466308
http://snomed.info/id/60988002	http://ncicb.nci.nih.gov/xml/owl/EVS/Thesaurus.owl#C61977	1.0
http://snomed.info/id/6102009	http://ncicb.nci.nih.gov/xml/owl/EVS/Thesaurus.owl#C28858	0.98055321
http://snomed.info/id/61357000	http://ncicb.nci.nih.gov/xml/owl/EVS/Thesaurus.owl#C66308	1.0
http://snomed.info/id/61398007	http://ncicb.nci.nih.gov/xml/owl/EVS/Thesaurus.owl#C73183	0.79315996
http://snomed.info/id/61472002	http://ncicb.nci.nih.gov/xml/owl/EVS/Thesaurus.owl#C16447	1.0
http://snomed.info/id/61483006	http://ncicb.nci.nih.gov/xml/owl/EVS/Thesaurus.owl#C1008	1.0
http://snomed.info/id/61709008	http://ncicb.nci.nih.gov/xml/owl/EVS/Thesaurus.owl#C87320	1.0
http://snomed.info/id/61773008	http://ncicb.nci.nih.gov/xml/owl/EVS/Thesaurus.owl#C48000	1.0
http://snomed.info/id/61864009	http://ncicb.nci.nih.gov/xml/owl/EVS/Thesaurus.owl#C932	0.98071736
http://snomed.info/id/61904007	http://ncicb.nci.nih.gov/xml/owl/EVS/Thesaurus.owl#C66375	1.0
http://snomed.info/id/6232005	http://ncicb.nci.nih.gov/xml/owl/EVS/Thesaurus.owl#C61856	0.96183866
http://snomed.info/id/62368002	http://ncicb.nci.nih.gov/xml/owl/EVS/Thesaurus.owl#C87282	0.82511491
http://snomed.info/id/6237004	http://ncicb.nci.nih.gov/xml/owl/EVS/Thesaurus.owl#C76617	1.0
http://snomed.info/id/62444006	http://ncicb.nci.nih.gov/xml/owl/EVS/Thesaurus.owl#C81341	1.0
http://snomed.info/id/62529008	http://ncicb.nci.nih.gov/xml/owl/EVS/Thesaurus.owl#C47752	0.78898662
http://snomed.info/id/62545005	http://ncicb.nci.nih.gov/xml/owl/EVS/Thesaurus.owl#C82281	1.0
http://snomed.info/id/6260007	http://ncicb.nci.nih.gov/xml/owl/EVS/Thesaurus.owl#C74198	1.0
http://snomed.info/id/6261006	http://ncicb.nci.nih.gov/xml/owl/EVS/Thesaurus.owl#C76624	1.0
http://snomed.info/id/63083007	http://ncicb.nci.nih.gov/xml/owl/EVS/Thesaurus.owl#C47465	1.0
http://snomed.info/id/63318000	http://ncicb.nci.nih.gov/xml/owl/EVS/Thesaurus.owl#C61646	0.96514219
http://snomed.info/id/63383003	http://ncicb.nci.nih.gov/xml/owl/EVS/Thesaurus.owl#C84251	1.0
http://snomed.info/id/63545000	http://ncicb.nci.nih.gov/xml/owl/EVS/Thesaurus.owl#C61780	1.0
http://snomed.info/id/63869009	http://ncicb.nci.nih.gov/xml/owl/EVS/Thesaurus.owl#C75957	1.0
http://snomed.info/id/6394006	http://ncicb.nci.nih.gov/xml/owl/EVS/Thesaurus.owl#C29361	1.0
http://snomed.info/id/64029000	http://ncicb.nci.nih.gov/xml/owl/EVS/Thesaurus.owl#C76449	0.73798448
http://snomed.info/id/64115004	http://ncicb.nci.nih.gov/xml/owl/EVS/Thesaurus.owl#C65231	0.98262876
http://snomed.info/id/64191009	http://ncicb.nci.nih.gov/xml/owl/EVS/Thesaurus.owl#C679	1.0
http://snomed.info/id/64349004	http://ncicb.nci.nih.gov/xml/owl/EVS/Thesaurus.owl#C65819	0.97854912
http://snomed.info/id/64447003	http://ncicb.nci.nih.gov/xml/owl/EVS/Thesaurus.owl#C75938	1.0
http://snomed.info/id/64463006	http://ncicb.nci.nih.gov/xml/owl/EVS/Thesaurus.owl#C47524	1.0
http://snomed.info/id/64535007	http://ncicb.nci.nih.gov/xml/owl/EVS/Thesaurus.owl#C175184	1.0
http://snomed.info/id/64813009	http://ncicb.nci.nih.gov/xml/owl/EVS/Thesaurus.owl#C171771	0.75085402
http://snomed.info/id/64851009	http://ncicb.nci.nih.gov/xml/owl/EVS/Thesaurus.owl#C170039	0.81645346
http://snomed.info/id/64878006	http://ncicb.nci.nih.gov/xml/owl/EVS/Thesaurus.owl#C81590	0.96636772
http://snomed.info/id/64940005	http://ncicb.nci.nih.gov/xml/owl/EVS/Thesaurus.owl#C76840	1.0
http://snomed.info/id/65088001	http://ncicb.nci.nih.gov/xml/owl/EVS/Thesaurus.owl#C29382	1.0
http://snomed.info/id/65092008	http://ncicb.nci.nih.gov/xml/owl/EVS/Thesaurus.owl#C81130	0.84160912
http://snomed.info/id/65222005	http://ncicb.nci.nih.gov/xml/owl/EVS/Thesaurus.owl#C76468	1.0
http://snomed.info/id/6526001	http://ncicb.nci.nih.gov/xml/owl/EVS/Thesaurus.owl#C170198	0.96904534
http://snomed.info/id/65302009	http://ncicb.nci.nih.gov/xml/owl/EVS/Thesaurus.owl#C76798	1.0
http://snomed.info/id/65458000	http://ncicb.nci.nih.gov/xml/owl/EVS/Thesaurus.owl#C72104	0.78525877
http://snomed.info/id/65741009	http://ncicb.nci.nih.gov/xml/owl/EVS/Thesaurus.owl#C47602	1.0
http://snomed.info/id/65884003	http://ncicb.nci.nih.gov/xml/owl/EVS/Thesaurus.owl#C61697	0.79701328
http://snomed.info/id/65982003	http://ncicb.nci.nih.gov/xml/owl/EVS/Thesaurus.owl#C61993	1.0
http://snomed.info/id/66004009	http://ncicb.nci.nih.gov/xml/owl/EVS/Thesaurus.owl#C65974	0.83202958
http://snomed.info/id/66094001	http://ncicb.nci.nih.gov/xml/owl/EVS/Thesaurus.owl#C772	0.97372526
http://snomed.info/id/6611005	http://ncicb.nci.nih.gov/xml/owl/EVS/Thesaurus.owl#C61620	0.93518877
http://snomed.info/id/6612003	http://ncicb.nci.nih.gov/xml/owl/EVS/Thesaurus.owl#C47972	1.0
http://snomed.info/id/66290002	http://ncicb.nci.nih.gov/xml/owl/EVS/Thesaurus.owl#C65254	1.0
http://snomed.info/id/66322002	http://ncicb.nci.nih.gov/xml/owl/EVS/Thesaurus.owl#C169901	1.0
http://snomed.info/id/66492008	http://ncicb.nci.nih.gov/xml/owl/EVS/Thesaurus.owl#C65978	0.9708358
http://snomed.info/id/66508001	http://ncicb.nci.nih.gov/xml/owl/EVS/Thesaurus.owl#C75269	1.0
http://snomed.info/id/66639008	http://ncicb.nci.nih.gov/xml/owl/EVS/Thesaurus.owl#C66530	1.0
http://snomed.info/id/66843009	http://ncicb.nci.nih.gov/xml/owl/EVS/Thesaurus.owl#C47662	1.0
http://snomed.info/id/66859009	http://ncicb.nci.nih.gov/xml/owl/EVS/Thesaurus.owl#C445	0.9715029
http://snomed.info/id/66919007	http://ncicb.nci.nih.gov/xml/owl/EVS/Thesaurus.owl#C47614	0.98546177
http://snomed.info/id/66971004	http://ncicb.nci.nih.gov/xml/owl/EVS/Thesaurus.owl#C81540	0.98399943
http://snomed.info/id/67029008	http://ncicb.nci.nih.gov/xml/owl/EVS/Thesaurus.owl#C65210	1.0
http://snomed.info/id/67216002	http://ncicb.nci.nih.gov/xml/owl/EVS/Thesaurus.owl#C82252	1.0
http://snomed.info/id/67347006	http://ncicb.nci.nih.gov/xml/owl/EVS/Thesaurus.owl#C47586	1.0
http://snomed.info/id/67507000	http://ncicb.nci.nih.gov/xml/owl/EVS/Thesaurus.owl#C47793	0.97083724
http://snomed.info/id/67639003	http://ncicb.nci.nih.gov/xml/owl/EVS/Thesaurus.owl#C90943	1.0
http://snomed.info/id/67735003	http://ncicb.nci.nih.gov/xml/owl/EVS/Thesaurus.owl#C61078	0.9828741
http://snomed.info/id/67928003	http://ncicb.nci.nih.gov/xml/owl/EVS/Thesaurus.owl#C1848	1.0
http://snomed.info/id/67980007	http://ncicb.nci.nih.gov/xml/owl/EVS/Thesaurus.owl#C47389	1.0
http://snomed.info/id/68077006	http://ncicb.nci.nih.gov/xml/owl/EVS/Thesaurus.owl#C819	1.0
http://snomed.info/id/68088000	http://ncicb.nci.nih.gov/xml/owl/EVS/Thesaurus.owl#C61525	0.98016733
http://snomed.info/id/6817006	http://ncicb.nci.nih.gov/xml/owl/EVS/Thesaurus.owl#C523	0.92047817
http://snomed.info/id/68293009	http://ncicb.nci.nih.gov/xml/owl/EVS/Thesaurus.owl#C77070	1.0
http://snomed.info/id/68310009	http://ncicb.nci.nih.gov/xml/owl/EVS/Thesaurus.owl#C83925	1.0
http://snomed.info/id/6837005	http://ncicb.nci.nih.gov/xml/owl/EVS/Thesaurus.owl#C29386	0.9210903
http://snomed.info/id/68402007	http://ncicb.nci.nih.gov/xml/owl/EVS/Thesaurus.owl#C29577	0.96044677
http://snomed.info/id/68444001	http://ncicb.nci.nih.gov/xml/owl/EVS/Thesaurus.owl#C67502	0.97918248
http://snomed.info/id/68680008	http://ncicb.nci.nih.gov/xml/owl/EVS/Thesaurus.owl#C47478	1.0
http://snomed.info/id/68699004	http://ncicb.nci.nih.gov/xml/owl/EVS/Thesaurus.owl#C66378	1.0
http://snomed.info/id/68887009	http://ncicb.nci.nih.gov/xml/owl/EVS/Thesaurus.owl#C642	0.97687054
http://snomed.info/id/69050006	http://ncicb.nci.nih.gov/xml/owl/EVS/Thesaurus.owl#C81336	1.0
http://snomed.info/id/69204002	http://ncicb.nci.nih.gov/xml/owl/EVS/Thesaurus.owl#C65827	0.97569025
http://snomed.info/id/69236009	http://ncicb.nci.nih.gov/xml/owl/EVS/Thesaurus.owl#C62002	0.98078257
http://snomed.info/id/69506001	http://ncicb.nci.nih.gov/xml/owl/EVS/Thesaurus.owl#C78076	1.0
http://snomed.info/id/69519002	http://ncicb.nci.nih.gov/xml/owl/EVS/Thesaurus.owl#C80898	0.8176868
http://snomed.info/id/697966001	http://ncicb.nci.nih.gov/xml/owl/EVS/Thesaurus.owl#C167003	1.0
http://snomed.info/id/697973006	http://ncicb.nci.nih.gov/xml/owl/EVS/Thesaurus.owl#C73045	1.0
http://snomed.info/id/697996006	http://ncicb.nci.nih.gov/xml/owl/EVS/Thesaurus.owl#C1106	1.0
http://snomed.info/id/697998007	http://ncicb.nci.nih.gov/xml/owl/EVS/Thesaurus.owl#C81473	1.0
http://snomed.info/id/698012009	http://ncicb.nci.nih.gov/xml/owl/EVS/Thesaurus.owl#C72684	1.0
http://snomed.info/id/698023008	http://ncicb.nci.nih.gov/xml/owl/EVS/Thesaurus.owl#C116775	1.0
http://snomed.info/id/698024002	http://ncicb.nci.nih.gov/xml/owl/EVS/Thesaurus.owl#C74262	1.0
http://snomed.info/id/698025001	http://ncicb.nci.nih.gov/xml/owl/EVS/Thesaurus.owl#C74412	1.0
http://snomed.info/id/698027009	http://ncicb.nci.nih.gov/xml/owl/EVS/Thesaurus.owl#C96743	1.0
http://snomed.info/id/698028004	http://ncicb.nci.nih.gov/xml/owl/EVS/Thesaurus.owl#C381	0.78388721
http://snomed.info/id/698049003	http://ncicb.nci.nih.gov/xml/owl/EVS/Thesaurus.owl#C67088	1.0
http://snomed.info/id/698052006	http://ncicb.nci.nih.gov/xml/owl/EVS/Thesaurus.owl#C73024	1.0
http://snomed.info/id/698090000	http://ncicb.nci.nih.gov/xml/owl/EVS/Thesaurus.owl#C61308	1.0
http://snomed.info/id/698092008	http://ncicb.nci.nih.gov/xml/owl/EVS/Thesaurus.owl#C78106	1.0
http://snomed.info/id/698093003	http://ncicb.nci.nih.gov/xml/owl/EVS/Thesaurus.owl#C75022	1.0
http://snomed.info/id/698183007	http://ncicb.nci.nih.gov/xml/owl/EVS/Thesaurus.owl#C117292	1.0
http://snomed.info/id/698184001	http://ncicb.nci.nih.gov/xml/owl/EVS/Thesaurus.owl#C80588	1.0
http://snomed.info/id/698196008	http://ncicb.nci.nih.gov/xml/owl/EVS/Thesaurus.owl#C170190	1.0
http://snomed.info/id/698197004	http://ncicb.nci.nih.gov/xml/owl/EVS/Thesaurus.owl#C84006	1.0
http://snomed.info/id/698256004	http://ncicb.nci.nih.gov/xml/owl/EVS/Thesaurus.owl#C80672	1.0
http://snomed.info/id/698258003	http://ncicb.nci.nih.gov/xml/owl/EVS/Thesaurus.owl#C74189	1.0
http://snomed.info/id/698274008	http://ncicb.nci.nih.gov/xml/owl/EVS/Thesaurus.owl#C77047	1.0
http://snomed.info/id/698278006	http://ncicb.nci.nih.gov/xml/owl/EVS/Thesaurus.owl#C61320	1.0
http://snomed.info/id/698805004	http://ncicb.nci.nih.gov/xml/owl/EVS/Thesaurus.owl#C76404	1.0
http://snomed.info/id/698807007	http://ncicb.nci.nih.gov/xml/owl/EVS/Thesaurus.owl#C152806	1.0
http://snomed.info/id/698843001	http://ncicb.nci.nih.gov/xml/owl/EVS/Thesaurus.owl#C61564	1.0
http://snomed.info/id/698844007	http://ncicb.nci.nih.gov/xml/owl/EVS/Thesaurus.owl#C152467	1.0
http://snomed.info/id/698845008	http://ncicb.nci.nih.gov/xml/owl/EVS/Thesaurus.owl#C74282	1.0
http://snomed.info/id/698871007	http://ncicb.nci.nih.gov/xml/owl/EVS/Thesaurus.owl#C73224	1.0
http://snomed.info/id/698872000	http://ncicb.nci.nih.gov/xml/owl/EVS/Thesaurus.owl#C76407	1.0
http://snomed.info/id/698876002	http://ncicb.nci.nih.gov/xml/owl/EVS/Thesaurus.owl#C87697	1.0
http://snomed.info/id/698877006	http://ncicb.nci.nih.gov/xml/owl/EVS/Thesaurus.owl#C83627	1.0
http://snomed.info/id/69899006	http://ncicb.nci.nih.gov/xml/owl/EVS/Thesaurus.owl#C47648	1.0
http://snomed.info/id/699180000	http://ncicb.nci.nih.gov/xml/owl/EVS/Thesaurus.owl#C152602	1.0
http://snomed.info/id/699188007	http://ncicb.nci.nih.gov/xml/owl/EVS/Thesaurus.owl#C72124	1.0
http://snomed.info/id/6992002	http://ncicb.nci.nih.gov/xml/owl/EVS/Thesaurus.owl#C66636	1.0
http://snomed.info/id/699271005	http://ncicb.nci.nih.gov/xml/owl/EVS/Thesaurus.owl#C72839	0.82266504
http://snomed.info/id/699272003	http://ncicb.nci.nih.gov/xml/owl/EVS/Thesaurus.owl#C66503	1.0
http://snomed.info/id/699273008	http://ncicb.nci.nih.gov/xml/owl/EVS/Thesaurus.owl#C74386	1.0
http://snomed.info/id/699451004	http://ncicb.nci.nih.gov/xml/owl/EVS/Thesaurus.owl#C166822	1.0
http://snomed.info/id/699482000	http://ncicb.nci.nih.gov/xml/owl/EVS/Thesaurus.owl#C152266	1.0
http://snomed.info/id/69967001	http://ncicb.nci.nih.gov/xml/owl/EVS/Thesaurus.owl#C848	0.97983545
http://snomed.info/id/699678007	http://ncicb.nci.nih.gov/xml/owl/EVS/Thesaurus.owl#C77333	1.0
http://snomed.info/id/70001008	http://ncicb.nci.nih.gov/xml/owl/EVS/Thesaurus.owl#C66396	1.0
http://snomed.info/id/700029008	http://ncicb.nci.nih.gov/xml/owl/EVS/Thesaurus.owl#C87480	1.0
http://snomed.info/id/700039002	http://ncicb.nci.nih.gov/xml/owl/EVS/Thesaurus.owl#C90702	0.99470961
http://snomed.info/id/700066002	http://ncicb.nci.nih.gov/xml/owl/EVS/Thesaurus.owl#C72734	1.0
http://snomed.info/id/70169009	http://ncicb.nci.nih.gov/xml/owl/EVS/Thesaurus.owl#C65327	1.0
http://snomed.info/id/70237008	http://ncicb.nci.nih.gov/xml/owl/EVS/Thesaurus.owl#C83731	1.0
http://snomed.info/id/702395005	http://ncicb.nci.nih.gov/xml/owl/EVS/Thesaurus.owl#C174795	1.0
http://snomed.info/id/702401005	http://ncicb.nci.nih.gov/xml/owl/EVS/Thesaurus.owl#C74212	1.0
http://snomed.info/id/702408004	http://ncicb.nci.nih.gov/xml/owl/EVS/Thesaurus.owl#C152875	1.0
http://snomed.info/id/702409007	http://ncicb.nci.nih.gov/xml/owl/EVS/Thesaurus.owl#C152876	1.0
http://snomed.info/id/70254000	http://ncicb.nci.nih.gov/xml/owl/EVS/Thesaurus.owl#C47736	0.98737812
http://snomed.info/id/702752008	http://ncicb.nci.nih.gov/xml/owl/EVS/Thesaurus.owl#C37455	1.0
http://snomed.info/id/702794006	http://ncicb.nci.nih.gov/xml/owl/EVS/Thesaurus.owl#C75168	1.0
http://snomed.info/id/702795007	http://ncicb.nci.nih.gov/xml/owl/EVS/Thesaurus.owl#C90840	1.0
http://snomed.info/id/702797004	http://ncicb.nci.nih.gov/xml/owl/EVS/Thesaurus.owl#C72961	1.0
http://snomed.info/id/702798009	http://ncicb.nci.nih.gov/xml/owl/EVS/Thesaurus.owl#C83887	1.0
http://snomed.info/id/702801003	http://ncicb.nci.nih.gov/xml/owl/EVS/Thesaurus.owl#C81644	1.0
http://snomed.info/id/702803000	http://ncicb.nci.nih.gov/xml/owl/EVS/Thesaurus.owl#C96281	1.0
http://snomed.info/id/702804006	http://ncicb.nci.nih.gov/xml/owl/EVS/Thesaurus.owl#C78204	1.0
http://snomed.info/id/702806008	http://ncicb.nci.nih.gov/xml/owl/EVS/Thesaurus.owl#C77888	1.0
http://snomed.info/id/702807004	http://ncicb.nci.nih.gov/xml/owl/EVS/Thesaurus.owl#C66394	0.96857733
http://snomed.info/id/702835000	http://ncicb.nci.nih.gov/xml/owl/EVS/Thesaurus.owl#C166759	1.0
http://snomed.info/id/702838003	http://ncicb.nci.nih.gov/xml/owl/EVS/Thesaurus.owl#C90717	1.0
http://snomed.info/id/702952002	http://ncicb.nci.nih.gov/xml/owl/EVS/Thesaurus.owl#C72684	0.97381562
http://snomed.info/id/703084004	http://ncicb.nci.nih.gov/xml/owl/EVS/Thesaurus.owl#C90781	1.0
http://snomed.info/id/703087006	http://ncicb.nci.nih.gov/xml/owl/EVS/Thesaurus.owl#C47535	1.0
http://snomed.info/id/703112006	http://ncicb.nci.nih.gov/xml/owl/EVS/Thesaurus.owl#C246	1.0
http://snomed.info/id/703115008	http://ncicb.nci.nih.gov/xml/owl/EVS/Thesaurus.owl#C77575	1.0
http://snomed.info/id/703121007	http://ncicb.nci.nih.gov/xml/owl/EVS/Thesaurus.owl#C65486	1.0
http://snomed.info/id/703122000	http://ncicb.nci.nih.gov/xml/owl/EVS/Thesaurus.owl#C79579	1.0
http://snomed.info/id/703123005	http://ncicb.nci.nih.gov/xml/owl/EVS/Thesaurus.owl#C76929	1.0
http://snomed.info/id/703124004	http://ncicb.nci.nih.gov/xml/owl/EVS/Thesaurus.owl#C152217	1.0
http://snomed.info/id/703125003	http://ncicb.nci.nih.gov/xml/owl/EVS/Thesaurus.owl#C71744	1.0
http://snomed.info/id/703127006	http://ncicb.nci.nih.gov/xml/owl/EVS/Thesaurus.owl#C75029	1.0
http://snomed.info/id/703146007	http://ncicb.nci.nih.gov/xml/owl/EVS/Thesaurus.owl#C115112	1.0
http://snomed.info/id/703249005	http://ncicb.nci.nih.gov/xml/owl/EVS/Thesaurus.owl#C91056	1.0
http://snomed.info/id/703340007	http://ncicb.nci.nih.gov/xml/owl/EVS/Thesaurus.owl#C82219	1.0
http://snomed.info/id/703341006	http://ncicb.nci.nih.gov/xml/owl/EVS/Thesaurus.owl#C82220	1.0
http://snomed.info/id/703342004	http://ncicb.nci.nih.gov/xml/owl/EVS/Thesaurus.owl#C95293	1.0
http://snomed.info/id/703343009	http://ncicb.nci.nih.gov/xml/owl/EVS/Thesaurus.owl#C66700	1.0
http://snomed.info/id/703348000	http://ncicb.nci.nih.gov/xml/owl/EVS/Thesaurus.owl#C84193	1.0
http://snomed.info/id/703349008	http://ncicb.nci.nih.gov/xml/owl/EVS/Thesaurus.owl#C84194	1.0
http://snomed.info/id/703352000	http://ncicb.nci.nih.gov/xml/owl/EVS/Thesaurus.owl#C78113	1.0
http://snomed.info/id/703353005	http://ncicb.nci.nih.gov/xml/owl/EVS/Thesaurus.owl#C74262	0.98474461
http://snomed.info/id/703361000	http://ncicb.nci.nih.gov/xml/owl/EVS/Thesaurus.owl#C170171	1.0
http://snomed.info/id/703362007	http://ncicb.nci.nih.gov/xml/owl/EVS/Thesaurus.owl#C73297	1.0
http://snomed.info/id/703364008	http://ncicb.nci.nih.gov/xml/owl/EVS/Thesaurus.owl#C73297	0.96692467
http://snomed.info/id/703365009	http://ncicb.nci.nih.gov/xml/owl/EVS/Thesaurus.owl#C76590	1.0
http://snomed.info/id/703368006	http://ncicb.nci.nih.gov/xml/owl/EVS/Thesaurus.owl#C87453	0.89462245
http://snomed.info/id/703372005	http://ncicb.nci.nih.gov/xml/owl/EVS/Thesaurus.owl#C74412	0.98706776
http://snomed.info/id/703373000	http://ncicb.nci.nih.gov/xml/owl/EVS/Thesaurus.owl#C87331	0.93644232
http://snomed.info/id/703374006	http://ncicb.nci.nih.gov/xml/owl/EVS/Thesaurus.owl#C83551	0.97870296
http://snomed.info/id/703380003	http://ncicb.nci.nih.gov/xml/owl/EVS/Thesaurus.owl#C66200	1.0
http://snomed.info/id/7034005	http://ncicb.nci.nih.gov/xml/owl/EVS/Thesaurus.owl#C28985	1.0
http://snomed.info/id/703402008	http://ncicb.nci.nih.gov/xml/owl/EVS/Thesaurus.owl#C81630	1.0
http://snomed.info/id/703404009	http://ncicb.nci.nih.gov/xml/owl/EVS/Thesaurus.owl#C76116	1.0
http://snomed.info/id/703405005	http://ncicb.nci.nih.gov/xml/owl/EVS/Thesaurus.owl#C80610	1.0
http://snomed.info/id/703411008	http://ncicb.nci.nih.gov/xml/owl/EVS/Thesaurus.owl#C79939	1.0
http://snomed.info/id/703413006	http://ncicb.nci.nih.gov/xml/owl/EVS/Thesaurus.owl#C77048	1.0
http://snomed.info/id/703414000	http://ncicb.nci.nih.gov/xml/owl/EVS/Thesaurus.owl#C65588	1.0
http://snomed.info/id/703415004	http://ncicb.nci.nih.gov/xml/owl/EVS/Thesaurus.owl#C65607	1.0
http://snomed.info/id/703416003	http://ncicb.nci.nih.gov/xml/owl/EVS/Thesaurus.owl#C65312	0.80481583
http://snomed.info/id/703417007	http://ncicb.nci.nih.gov/xml/owl/EVS/Thesaurus.owl#C84006	0.98275685
http://snomed.info/id/703418002	http://ncicb.nci.nih.gov/xml/owl/EVS/Thesaurus.owl#C170220	1.0
http://snomed.info/id/703419005	http://ncicb.nci.nih.gov/xml/owl/EVS/Thesaurus.owl#C170220	0.95798832
http://snomed.info/id/70343008	http://ncicb.nci.nih.gov/xml/owl/EVS/Thesaurus.owl#C66396	0.74298155
http://snomed.info/id/703434004	http://ncicb.nci.nih.gov/xml/owl/EVS/Thesaurus.owl#C83726	1.0
http://snomed.info/id/703472009	http://ncicb.nci.nih.gov/xml/owl/EVS/Thesaurus.owl#C90982	0.9801048
http://snomed.info/id/703480002	http://ncicb.nci.nih.gov/xml/owl/EVS/Thesaurus.owl#C29842	0.97626066
http://snomed.info/id/703481003	http://ncicb.nci.nih.gov/xml/owl/EVS/Thesaurus.owl#C72634	1.0
http://snomed.info/id/703515001	http://ncicb.nci.nih.gov/xml/owl/EVS/Thesaurus.owl#C90743	1.0
http://snomed.info/id/703555004	http://ncicb.nci.nih.gov/xml/owl/EVS/Thesaurus.owl#C76472	1.0
http://snomed.info/id/703557007	http://ncicb.nci.nih.gov/xml/owl/EVS/Thesaurus.owl#C90700	1.0
http://snomed.info/id/703560000	http://ncicb.nci.nih.gov/xml/owl/EVS/Thesaurus.owl#C66408	1.0
http://snomed.info/id/703562008	http://ncicb.nci.nih.gov/xml/owl/EVS/Thesaurus.owl#C166940	1.0
http://snomed.info/id/703566006	http://ncicb.nci.nih.gov/xml/owl/EVS/Thesaurus.owl#C170351	1.0
http://snomed.info/id/703567002	http://ncicb.nci.nih.gov/xml/owl/EVS/Thesaurus.owl#C166789	1.0
http://snomed.info/id/703572006	http://ncicb.nci.nih.gov/xml/owl/EVS/Thesaurus.owl#C170354	1.0
http://snomed.info/id/703580004	http://ncicb.nci.nih.gov/xml/owl/EVS/Thesaurus.owl#C66940	0.98586124
http://snomed.info/id/703585009	http://ncicb.nci.nih.gov/xml/owl/EVS/Thesaurus.owl#C154440	1.0
http://snomed.info/id/703586005	http://ncicb.nci.nih.gov/xml/owl/EVS/Thesaurus.owl#C60809	0.98785418
http://snomed.info/id/703591006	http://ncicb.nci.nih.gov/xml/owl/EVS/Thesaurus.owl#C74239	1.0
http://snomed.info/id/703637000	http://ncicb.nci.nih.gov/xml/owl/EVS/Thesaurus.owl#C74061	1.0
http://snomed.info/id/703638005	http://ncicb.nci.nih.gov/xml/owl/EVS/Thesaurus.owl#C74061	0.98294312
http://snomed.info/id/703641001	http://ncicb.nci.nih.gov/xml/owl/EVS/Thesaurus.owl#C82386	1.0
http://snomed.info/id/703642008	http://ncicb.nci.nih.gov/xml/owl/EVS/Thesaurus.owl#C128059	0.98670799
http://snomed.info/id/703643003	http://ncicb.nci.nih.gov/xml/owl/EVS/Thesaurus.owl#C2336	0.89778215
http://snomed.info/id/703645005	http://ncicb.nci.nih.gov/xml/owl/EVS/Thesaurus.owl#C2336	0.90161371
http://snomed.info/id/703646006	http://ncicb.nci.nih.gov/xml/owl/EVS/Thesaurus.owl#C82386	0.98519039
http://snomed.info/id/703656005	http://ncicb.nci.nih.gov/xml/owl/EVS/Thesaurus.owl#C64768	0.98533487
http://snomed.info/id/703662000	http://ncicb.nci.nih.gov/xml/owl/EVS/Thesaurus.owl#C82219	0.97997433
http://snomed.info/id/703663005	http://ncicb.nci.nih.gov/xml/owl/EVS/Thesaurus.owl#C95293	0.98682529
http://snomed.info/id/703674001	http://ncicb.nci.nih.gov/xml/owl/EVS/Thesaurus.owl#C78126	1.0
http://snomed.info/id/703675000	http://ncicb.nci.nih.gov/xml/owl/EVS/Thesaurus.owl#C154296	1.0
http://snomed.info/id/703678003	http://ncicb.nci.nih.gov/xml/owl/EVS/Thesaurus.owl#C78126	0.98812163
http://snomed.info/id/703681008	http://ncicb.nci.nih.gov/xml/owl/EVS/Thesaurus.owl#C91018	0.98836595
http://snomed.info/id/703686003	http://ncicb.nci.nih.gov/xml/owl/EVS/Thesaurus.owl#C81001	0.98613679
http://snomed.info/id/703716002	http://ncicb.nci.nih.gov/xml/owl/EVS/Thesaurus.owl#C66605	1.0
http://snomed.info/id/703717006	http://ncicb.nci.nih.gov/xml/owl/EVS/Thesaurus.owl#C84219	1.0
http://snomed.info/id/703720003	http://ncicb.nci.nih.gov/xml/owl/EVS/Thesaurus.owl#C81608	1.0
http://snomed.info/id/703721004	http://ncicb.nci.nih.gov/xml/owl/EVS/Thesaurus.owl#C96719	1.0
http://snomed.info/id/703728005	http://ncicb.nci.nih.gov/xml/owl/EVS/Thesaurus.owl#C75029	0.97459543
http://snomed.info/id/703740005	http://ncicb.nci.nih.gov/xml/owl/EVS/Thesaurus.owl#C81644	0.97696328
http://snomed.info/id/703777002	http://ncicb.nci.nih.gov/xml/owl/EVS/Thesaurus.owl#C76929	0.98502028
http://snomed.info/id/703779004	http://ncicb.nci.nih.gov/xml/owl/EVS/Thesaurus.owl#C77888	0.98777699
http://snomed.info/id/703785006	http://ncicb.nci.nih.gov/xml/owl/EVS/Thesaurus.owl#C76662	1.0
http://snomed.info/id/703786007	http://ncicb.nci.nih.gov/xml/owl/EVS/Thesaurus.owl#C76662	0.98998511
http://snomed.info/id/703790009	http://ncicb.nci.nih.gov/xml/owl/EVS/Thesaurus.owl#C72560	0.98183465
http://snomed.info/id/703796003	http://ncicb.nci.nih.gov/xml/owl/EVS/Thesaurus.owl#C95777	1.0
http://snomed.info/id/703797007	http://ncicb.nci.nih.gov/xml/owl/EVS/Thesaurus.owl#C78194	1.0
http://snomed.info/id/703798002	http://ncicb.nci.nih.gov/xml/owl/EVS/Thesaurus.owl#C95777	0.98706633
http://snomed.info/id/703803006	http://ncicb.nci.nih.gov/xml/owl/EVS/Thesaurus.owl#C90633	1.0
http://snomed.info/id/703804000	http://ncicb.nci.nih.gov/xml/owl/EVS/Thesaurus.owl#C90633	0.96875811
http://snomed.info/id/703808002	http://ncicb.nci.nih.gov/xml/owl/EVS/Thesaurus.owl#C78204	0.98745161
http://snomed.info/id/703813003	http://ncicb.nci.nih.gov/xml/owl/EVS/Thesaurus.owl#C74038	0.97522545
http://snomed.info/id/703824001	http://ncicb.nci.nih.gov/xml/owl/EVS/Thesaurus.owl#C166523	0.97423106
http://snomed.info/id/703831002	http://ncicb.nci.nih.gov/xml/owl/EVS/Thesaurus.owl#C65849	1.0
http://snomed.info/id/703834005	http://ncicb.nci.nih.gov/xml/owl/EVS/Thesaurus.owl#C98883	1.0
http://snomed.info/id/703839000	http://ncicb.nci.nih.gov/xml/owl/EVS/Thesaurus.owl#C87774	1.0
http://snomed.info/id/703881006	http://ncicb.nci.nih.gov/xml/owl/EVS/Thesaurus.owl#C97998	0.98862463
http://snomed.info/id/703894008	http://ncicb.nci.nih.gov/xml/owl/EVS/Thesaurus.owl#C158136	1.0
http://snomed.info/id/703895009	http://ncicb.nci.nih.gov/xml/owl/EVS/Thesaurus.owl#C158136	0.98898613
http://snomed.info/id/703900008	http://ncicb.nci.nih.gov/xml/owl/EVS/Thesaurus.owl#C65588	0.98165977
http://snomed.info/id/703901007	http://ncicb.nci.nih.gov/xml/owl/EVS/Thesaurus.owl#C75219	0.98511189
http://snomed.info/id/703906002	http://ncicb.nci.nih.gov/xml/owl/EVS/Thesaurus.owl#C61308	0.98424983
http://snomed.info/id/703912007	http://ncicb.nci.nih.gov/xml/owl/EVS/Thesaurus.owl#C84222	1.0
http://snomed.info/id/703914008	http://ncicb.nci.nih.gov/xml/owl/EVS/Thesaurus.owl#C84222	0.9841879
http://snomed.info/id/703921008	http://ncicb.nci.nih.gov/xml/owl/EVS/Thesaurus.owl#C79894	1.0
http://snomed.info/id/703922001	http://ncicb.nci.nih.gov/xml/owl/EVS/Thesaurus.owl#C75999	1.0
http://snomed.info/id/703956007	http://ncicb.nci.nih.gov/xml/owl/EVS/Thesaurus.owl#C74354	1.0
http://snomed.info/id/703957003	http://ncicb.nci.nih.gov/xml/owl/EVS/Thesaurus.owl#C74354	0.96645784
http://snomed.info/id/704194004	http://ncicb.nci.nih.gov/xml/owl/EVS/Thesaurus.owl#C48812	1.0
http://snomed.info/id/704195003	http://ncicb.nci.nih.gov/xml/owl/EVS/Thesaurus.owl#C48812	0.98211581
http://snomed.info/id/704266003	http://ncicb.nci.nih.gov/xml/owl/EVS/Thesaurus.owl#C69131	1.0
http://snomed.info/id/704267007	http://ncicb.nci.nih.gov/xml/owl/EVS/Thesaurus.owl#C69131	0.98182881
http://snomed.info/id/704312008	http://ncicb.nci.nih.gov/xml/owl/EVS/Thesaurus.owl#C172200	0.87532568
http://snomed.info/id/704313003	http://ncicb.nci.nih.gov/xml/owl/EVS/Thesaurus.owl#C95800	1.0
http://snomed.info/id/704314009	http://ncicb.nci.nih.gov/xml/owl/EVS/Thesaurus.owl#C95801	1.0
http://snomed.info/id/704315005	http://ncicb.nci.nih.gov/xml/owl/EVS/Thesaurus.owl#C172200	0.9181872
http://snomed.info/id/704459002	http://ncicb.nci.nih.gov/xml/owl/EVS/Thesaurus.owl#C170249	1.0
http://snomed.info/id/704460007	http://ncicb.nci.nih.gov/xml/owl/EVS/Thesaurus.owl#C166904	1.0
http://snomed.info/id/704464003	http://ncicb.nci.nih.gov/xml/owl/EVS/Thesaurus.owl#C76404	0.98746192
http://snomed.info/id/704466001	http://ncicb.nci.nih.gov/xml/owl/EVS/Thesaurus.owl#C81603	0.98232162
http://snomed.info/id/704468000	http://ncicb.nci.nih.gov/xml/owl/EVS/Thesaurus.owl#C152515	0.98130286
http://snomed.info/id/704470009	http://ncicb.nci.nih.gov/xml/owl/EVS/Thesaurus.owl#C87385	0.98605013
http://snomed.info/id/704476003	http://ncicb.nci.nih.gov/xml/owl/EVS/Thesaurus.owl#C72839	0.81332904
http://snomed.info/id/704651005	http://ncicb.nci.nih.gov/xml/owl/EVS/Thesaurus.owl#C65399	1.0
http://snomed.info/id/704669001	http://ncicb.nci.nih.gov/xml/owl/EVS/Thesaurus.owl#C65607	0.98412979
http://snomed.info/id/704671001	http://ncicb.nci.nih.gov/xml/owl/EVS/Thesaurus.owl#C79939	0.95704502
http://snomed.info/id/704988006	http://ncicb.nci.nih.gov/xml/owl/EVS/Thesaurus.owl#C170044	0.95369834
http://snomed.info/id/705689008	http://ncicb.nci.nih.gov/xml/owl/EVS/Thesaurus.owl#C78311	1.0
http://snomed.info/id/706896003	http://ncicb.nci.nih.gov/xml/owl/EVS/Thesaurus.owl#C83917	1.0
http://snomed.info/id/707083009	http://ncicb.nci.nih.gov/xml/owl/EVS/Thesaurus.owl#C77431	1.0
http://snomed.info/id/70732003	http://ncicb.nci.nih.gov/xml/owl/EVS/Thesaurus.owl#C47772	1.0
http://snomed.info/id/707837002	http://ncicb.nci.nih.gov/xml/owl/EVS/Thesaurus.owl#C119750	1.0
http://snomed.info/id/708166000	http://ncicb.nci.nih.gov/xml/owl/EVS/Thesaurus.owl#C96748	1.0
http://snomed.info/id/708181006	http://ncicb.nci.nih.gov/xml/owl/EVS/Thesaurus.owl#C95235	1.0
http://snomed.info/id/708189008	http://ncicb.nci.nih.gov/xml/owl/EVS/Thesaurus.owl#C73142	1.0
http://snomed.info/id/708195009	http://ncicb.nci.nih.gov/xml/owl/EVS/Thesaurus.owl#C90952	1.0
http://snomed.info/id/708561003	http://ncicb.nci.nih.gov/xml/owl/EVS/Thesaurus.owl#C172826	1.0
http://snomed.info/id/708562005	http://ncicb.nci.nih.gov/xml/owl/EVS/Thesaurus.owl#C152928	0.8241533
http://snomed.info/id/708598002	http://ncicb.nci.nih.gov/xml/owl/EVS/Thesaurus.owl#C72625	1.0
http://snomed.info/id/708599005	http://ncicb.nci.nih.gov/xml/owl/EVS/Thesaurus.owl#C83959	1.0
http://snomed.info/id/70864001	http://ncicb.nci.nih.gov/xml/owl/EVS/Thesaurus.owl#C47603	0.98290741
http://snomed.info/id/708661009	http://ncicb.nci.nih.gov/xml/owl/EVS/Thesaurus.owl#C152735	1.0
http://snomed.info/id/708662002	http://ncicb.nci.nih.gov/xml/owl/EVS/Thesaurus.owl#C66629	1.0
http://snomed.info/id/708705006	http://ncicb.nci.nih.gov/xml/owl/EVS/Thesaurus.owl#C72850	0.83560538
http://snomed.info/id/708711009	http://ncicb.nci.nih.gov/xml/owl/EVS/Thesaurus.owl#C77908	1.0
http://snomed.info/id/708714001	http://ncicb.nci.nih.gov/xml/owl/EVS/Thesaurus.owl#C171858	1.0
http://snomed.info/id/708717008	http://ncicb.nci.nih.gov/xml/owl/EVS/Thesaurus.owl#C152917	1.0
http://snomed.info/id/708718003	http://ncicb.nci.nih.gov/xml/owl/EVS/Thesaurus.owl#C152912	1.0
http://snomed.info/id/708720000	http://ncicb.nci.nih.gov/xml/owl/EVS/Thesaurus.owl#C63947	1.0
http://snomed.info/id/708808004	http://ncicb.nci.nih.gov/xml/owl/EVS/Thesaurus.owl#C166988	1.0
http://snomed.info/id/708825002	http://ncicb.nci.nih.gov/xml/owl/EVS/Thesaurus.owl#C76917	1.0
http://snomed.info/id/708828000	http://ncicb.nci.nih.gov/xml/owl/EVS/Thesaurus.owl#C76493	1.0
http://snomed.info/id/708830003	http://ncicb.nci.nih.gov/xml/owl/EVS/Thesaurus.owl#C65518	1.0
http://snomed.info/id/709047006	http://ncicb.nci.nih.gov/xml/owl/EVS/Thesaurus.owl#C66071	1.0
http://snomed.info/id/709131007	http://ncicb.nci.nih.gov/xml/owl/EVS/Thesaurus.owl#C175080	0.81562686
http://snomed.info/id/7092007	http://ncicb.nci.nih.gov/xml/owl/EVS/Thesaurus.owl#C61845	0.98442364
http://snomed.info/id/709283009	http://ncicb.nci.nih.gov/xml/owl/EVS/Thesaurus.owl#C78825	0.97551078
http://snomed.info/id/70934008	http://ncicb.nci.nih.gov/xml/owl/EVS/Thesaurus.owl#C87481	0.93590224
http://snomed.info/id/710051007	http://ncicb.nci.nih.gov/xml/owl/EVS/Thesaurus.owl#C2833	0.99094415
http://snomed.info/id/710109003	http://ncicb.nci.nih.gov/xml/owl/EVS/Thesaurus.owl#C97360	1.0
http://snomed.info/id/710202000	http://ncicb.nci.nih.gov/xml/owl/EVS/Thesaurus.owl#C28823	1.0
http://snomed.info/id/710228002	http://ncicb.nci.nih.gov/xml/owl/EVS/Thesaurus.owl#C81934	1.0
http://snomed.info/id/710278000	http://ncicb.nci.nih.gov/xml/owl/EVS/Thesaurus.owl#C78825	1.0
http://snomed.info/id/710283008	http://ncicb.nci.nih.gov/xml/owl/EVS/Thesaurus.owl#C87728	1.0
http://snomed.info/id/710284002	http://ncicb.nci.nih.gov/xml/owl/EVS/Thesaurus.owl#C1394	1.0
http://snomed.info/id/710292006	http://ncicb.nci.nih.gov/xml/owl/EVS/Thesaurus.owl#C90843	1.0
http://snomed.info/id/710295008	http://ncicb.nci.nih.gov/xml/owl/EVS/Thesaurus.owl#C26663	1.0
http://snomed.info/id/710319000	http://ncicb.nci.nih.gov/xml/owl/EVS/Thesaurus.owl#C83755	1.0
http://snomed.info/id/71043005	http://ncicb.nci.nih.gov/xml/owl/EVS/Thesaurus.owl#C28987	0.90852386
http://snomed.info/id/710806008	http://ncicb.nci.nih.gov/xml/owl/EVS/Thesaurus.owl#C101263	1.0
http://snomed.info/id/71108007	http://ncicb.nci.nih.gov/xml/owl/EVS/Thesaurus.owl#C65359	1.0
http://snomed.info/id/711298004	http://ncicb.nci.nih.gov/xml/owl/EVS/Thesaurus.owl#C66416	1.0
http://snomed.info/id/711318001	http://ncicb.nci.nih.gov/xml/owl/EVS/Thesaurus.owl#C78033	1.0
http://snomed.info/id/711320003	http://ncicb.nci.nih.gov/xml/owl/EVS/Thesaurus.owl#C169967	1.0
http://snomed.info/id/711336001	http://ncicb.nci.nih.gov/xml/owl/EVS/Thesaurus.owl#C175185	1.0
http://snomed.info/id/71250002	http://ncicb.nci.nih.gov/xml/owl/EVS/Thesaurus.owl#C83566	1.0
http://snomed.info/id/712519008	http://ncicb.nci.nih.gov/xml/owl/EVS/Thesaurus.owl#C114981	1.0
http://snomed.info/id/712566007	http://ncicb.nci.nih.gov/xml/owl/EVS/Thesaurus.owl#C80131	0.89376432
http://snomed.info/id/712567003	http://ncicb.nci.nih.gov/xml/owl/EVS/Thesaurus.owl#C84081	0.85397041
http://snomed.info/id/712568008	http://ncicb.nci.nih.gov/xml/owl/EVS/Thesaurus.owl#C84078	0.83511883
http://snomed.info/id/712683007	http://ncicb.nci.nih.gov/xml/owl/EVS/Thesaurus.owl#C174875	1.0
http://snomed.info/id/712686004	http://ncicb.nci.nih.gov/xml/owl/EVS/Thesaurus.owl#C121852	1.0
http://snomed.info/id/712688003	http://ncicb.nci.nih.gov/xml/owl/EVS/Thesaurus.owl#C80545	1.0
http://snomed.info/id/712689006	http://ncicb.nci.nih.gov/xml/owl/EVS/Thesaurus.owl#C80611	1.0
http://snomed.info/id/712690002	http://ncicb.nci.nih.gov/xml/owl/EVS/Thesaurus.owl#C80880	1.0
http://snomed.info/id/712691003	http://ncicb.nci.nih.gov/xml/owl/EVS/Thesaurus.owl#C80551	1.0
http://snomed.info/id/712725009	http://ncicb.nci.nih.gov/xml/owl/EVS/Thesaurus.owl#C65424	1.0
http://snomed.info/id/712886002	http://ncicb.nci.nih.gov/xml/owl/EVS/Thesaurus.owl#C87053	0.92583328
http://snomed.info/id/712888001	http://ncicb.nci.nih.gov/xml/owl/EVS/Thesaurus.owl#C73579	0.90296924
http://snomed.info/id/713333001	http://ncicb.nci.nih.gov/xml/owl/EVS/Thesaurus.owl#C152225	1.0
http://snomed.info/id/713368001	http://ncicb.nci.nih.gov/xml/owl/EVS/Thesaurus.owl#C47712	0.85710263
http://snomed.info/id/713371009	http://ncicb.nci.nih.gov/xml/owl/EVS/Thesaurus.owl#C166501	1.0
http://snomed.info/id/713383006	http://ncicb.nci.nih.gov/xml/owl/EVS/Thesaurus.owl#C79998	1.0
http://snomed.info/id/713431000	http://ncicb.nci.nih.gov/xml/owl/EVS/Thesaurus.owl#C72585	1.0
http://snomed.info/id/713432007	http://ncicb.nci.nih.gov/xml/owl/EVS/Thesaurus.owl#C76943	1.0
http://snomed.info/id/713435009	http://ncicb.nci.nih.gov/xml/owl/EVS/Thesaurus.owl#C81082	1.0
http://snomed.info/id/713436005	http://ncicb.nci.nih.gov/xml/owl/EVS/Thesaurus.owl#C84019	1.0
http://snomed.info/id/713437001	http://ncicb.nci.nih.gov/xml/owl/EVS/Thesaurus.owl#C90997	1.0
http://snomed.info/id/713438006	http://ncicb.nci.nih.gov/xml/owl/EVS/Thesaurus.owl#C96712	1.0
http://snomed.info/id/713462001	http://ncicb.nci.nih.gov/xml/owl/EVS/Thesaurus.owl#C66529	1.0
http://snomed.info/id/713463006	http://ncicb.nci.nih.gov/xml/owl/EVS/Thesaurus.owl#C52196	1.0
http://snomed.info/id/713469005	http://ncicb.nci.nih.gov/xml/owl/EVS/Thesaurus.owl#C73070	1.0
http://snomed.info/id/713470006	http://ncicb.nci.nih.gov/xml/owl/EVS/Thesaurus.owl#C73092	1.0
http://snomed.info/id/713472003	http://ncicb.nci.nih.gov/xml/owl/EVS/Thesaurus.owl#C81619	1.0
http://snomed.info/id/713474002	http://ncicb.nci.nih.gov/xml/owl/EVS/Thesaurus.owl#C87432	1.0
http://snomed.info/id/713478004	http://ncicb.nci.nih.gov/xml/owl/EVS/Thesaurus.owl#C78105	1.0
http://snomed.info/id/713481009	http://ncicb.nci.nih.gov/xml/owl/EVS/Thesaurus.owl#C152857	1.0
http://snomed.info/id/713642004	http://ncicb.nci.nih.gov/xml/owl/EVS/Thesaurus.owl#C1170	1.0
http://snomed.info/id/713645002	http://ncicb.nci.nih.gov/xml/owl/EVS/Thesaurus.owl#C101263	0.98618501
http://snomed.info/id/713676008	http://ncicb.nci.nih.gov/xml/owl/EVS/Thesaurus.owl#C1170	0.97333366
http://snomed.info/id/71380009	http://ncicb.nci.nih.gov/xml/owl/EVS/Thesaurus.owl#C74411	1.0
http://snomed.info/id/714011004	http://ncicb.nci.nih.gov/xml/owl/EVS/Thesaurus.owl#C96282	0.98174894
http://snomed.info/id/714014007	http://ncicb.nci.nih.gov/xml/owl/EVS/Thesaurus.owl#C114981	0.97877294
http://snomed.info/id/714023005	http://ncicb.nci.nih.gov/xml/owl/EVS/Thesaurus.owl#C66258	0.97606021
http://snomed.info/id/714081009	http://ncicb.nci.nih.gov/xml/owl/EVS/Thesaurus.owl#C169923	0.988042
http://snomed.info/id/714082002	http://ncicb.nci.nih.gov/xml/owl/EVS/Thesaurus.owl#C853	1.0
http://snomed.info/id/714091003	http://ncicb.nci.nih.gov/xml/owl/EVS/Thesaurus.owl#C1013	1.0
http://snomed.info/id/714092005	http://ncicb.nci.nih.gov/xml/owl/EVS/Thesaurus.owl#C1013	0.98532218
http://snomed.info/id/714104000	http://ncicb.nci.nih.gov/xml/owl/EVS/Thesaurus.owl#C123880	1.0
http://snomed.info/id/714109005	http://ncicb.nci.nih.gov/xml/owl/EVS/Thesaurus.owl#C95124	0.9930104
http://snomed.info/id/714136007	http://ncicb.nci.nih.gov/xml/owl/EVS/Thesaurus.owl#C170159	0.98049462
http://snomed.info/id/714167009	http://ncicb.nci.nih.gov/xml/owl/EVS/Thesaurus.owl#C129015	0.98103821
http://snomed.info/id/714221000	http://ncicb.nci.nih.gov/xml/owl/EVS/Thesaurus.owl#C87482	0.93619335
http://snomed.info/id/714387002	http://ncicb.nci.nih.gov/xml/owl/EVS/Thesaurus.owl#C129019	0.98479849
http://snomed.info/id/714397006	http://ncicb.nci.nih.gov/xml/owl/EVS/Thesaurus.owl#C71734	0.98021662
http://snomed.info/id/714428008	http://ncicb.nci.nih.gov/xml/owl/EVS/Thesaurus.owl#C123879	0.98486024
http://snomed.info/id/714429000	http://ncicb.nci.nih.gov/xml/owl/EVS/Thesaurus.owl#C123878	0.98770338
http://snomed.info/id/714517006	http://ncicb.nci.nih.gov/xml/owl/EVS/Thesaurus.owl#C72605	0.96545368
http://snomed.info/id/714537005	http://ncicb.nci.nih.gov/xml/owl/EVS/Thesaurus.owl#C853	0.96667135
http://snomed.info/id/714619003	http://ncicb.nci.nih.gov/xml/owl/EVS/Thesaurus.owl#C80886	0.97676063
http://snomed.info/id/714621008	http://ncicb.nci.nih.gov/xml/owl/EVS/Thesaurus.owl#C80545	0.97997814
http://snomed.info/id/714622001	http://ncicb.nci.nih.gov/xml/owl/EVS/Thesaurus.owl#C73045	0.98229527
http://snomed.info/id/714624000	http://ncicb.nci.nih.gov/xml/owl/EVS/Thesaurus.owl#C78103	0.97924495
http://snomed.info/id/714672004	http://ncicb.nci.nih.gov/xml/owl/EVS/Thesaurus.owl#C73252	0.95543563
http://snomed.info/id/714673009	http://ncicb.nci.nih.gov/xml/owl/EVS/Thesaurus.owl#C78033	0.95450968
http://snomed.info/id/714674003	http://ncicb.nci.nih.gov/xml/owl/EVS/Thesaurus.owl#C166759	0.94537389
http://snomed.info/id/714684002	http://ncicb.nci.nih.gov/xml/owl/EVS/Thesaurus.owl#C147044	0.98509151
http://snomed.info/id/714687009	http://ncicb.nci.nih.gov/xml/owl/EVS/Thesaurus.owl#C96539	0.98981464
http://snomed.info/id/714688004	http://ncicb.nci.nih.gov/xml/owl/EVS/Thesaurus.owl#C156396	0.96788418
http://snomed.info/id/714767001	http://ncicb.nci.nih.gov/xml/owl/EVS/Thesaurus.owl#C121543	0.98351264
http://snomed.info/id/714773000	http://ncicb.nci.nih.gov/xml/owl/EVS/Thesaurus.owl#C157541	0.97818899
http://snomed.info/id/714775007	http://ncicb.nci.nih.gov/xml/owl/EVS/Thesaurus.owl#C157536	0.97237974
http://snomed.info/id/714788005	http://ncicb.nci.nih.gov/xml/owl/EVS/Thesaurus.owl#C73224	0.9872179
http://snomed.info/id/714790006	http://ncicb.nci.nih.gov/xml/owl/EVS/Thesaurus.owl#C77048	0.95288318
http://snomed.info/id/715182007	http://ncicb.nci.nih.gov/xml/owl/EVS/Thesaurus.owl#C142931	1.0
http://snomed.info/id/715220007	http://ncicb.nci.nih.gov/xml/owl/EVS/Thesaurus.owl#C148276	1.0
http://snomed.info/id/715253002	http://ncicb.nci.nih.gov/xml/owl/EVS/Thesaurus.owl#C80769	1.0
http://snomed.info/id/715257001	http://ncicb.nci.nih.gov/xml/owl/EVS/Thesaurus.owl#C68923	1.0
http://snomed.info/id/715260008	http://ncicb.nci.nih.gov/xml/owl/EVS/Thesaurus.owl#C166500	1.0
http://snomed.info/id/715271009	http://ncicb.nci.nih.gov/xml/owl/EVS/Thesaurus.owl#C65902	1.0
http://snomed.info/id/715295006	http://ncicb.nci.nih.gov/xml/owl/EVS/Thesaurus.owl#C169826	1.0
http://snomed.info/id/71533000	http://ncicb.nci.nih.gov/xml/owl/EVS/Thesaurus.owl#C76851	1.0
http://snomed.info/id/715362002	http://ncicb.nci.nih.gov/xml/owl/EVS/Thesaurus.owl#C1117	1.0
http://snomed.info/id/715378000	http://ncicb.nci.nih.gov/xml/owl/EVS/Thesaurus.owl#C175185	0.95345217
http://snomed.info/id/715390003	http://ncicb.nci.nih.gov/xml/owl/EVS/Thesaurus.owl#C114982	1.0
http://snomed.info/id/715413003	http://ncicb.nci.nih.gov/xml/owl/EVS/Thesaurus.owl#C170038	0.97392857
http://snomed.info/id/71544008	http://ncicb.nci.nih.gov/xml/owl/EVS/Thesaurus.owl#C28179	1.0
http://snomed.info/id/715469007	http://ncicb.nci.nih.gov/xml/owl/EVS/Thesaurus.owl#C169967	0.95977575
http://snomed.info/id/715475003	http://ncicb.nci.nih.gov/xml/owl/EVS/Thesaurus.owl#C82319	0.96956104
http://snomed.info/id/715490004	http://ncicb.nci.nih.gov/xml/owl/EVS/Thesaurus.owl#C152225	0.97564322
http://snomed.info/id/715539003	http://ncicb.nci.nih.gov/xml/owl/EVS/Thesaurus.owl#C71767	1.0
http://snomed.info/id/715552008	http://ncicb.nci.nih.gov/xml/owl/EVS/Thesaurus.owl#C48398	0.98180145
http://snomed.info/id/715555005	http://ncicb.nci.nih.gov/xml/owl/EVS/Thesaurus.owl#C87728	0.97854197
http://snomed.info/id/715582002	http://ncicb.nci.nih.gov/xml/owl/EVS/Thesaurus.owl#C98883	0.98358417
http://snomed.info/id/715585000	http://ncicb.nci.nih.gov/xml/owl/EVS/Thesaurus.owl#C77575	0.98418003
http://snomed.info/id/715594006	http://ncicb.nci.nih.gov/xml/owl/EVS/Thesaurus.owl#C170171	0.97892332
http://snomed.info/id/715596008	http://ncicb.nci.nih.gov/xml/owl/EVS/Thesaurus.owl#C152912	0.98289615
http://snomed.info/id/715598009	http://ncicb.nci.nih.gov/xml/owl/EVS/Thesaurus.owl#C81934	0.98637778
http://snomed.info/id/715600003	http://ncicb.nci.nih.gov/xml/owl/EVS/Thesaurus.owl#C170249	0.98045886
http://snomed.info/id/715609002	http://ncicb.nci.nih.gov/xml/owl/EVS/Thesaurus.owl#C171858	0.98569089
http://snomed.info/id/715611006	http://ncicb.nci.nih.gov/xml/owl/EVS/Thesaurus.owl#C152796	0.96782893
http://snomed.info/id/715613009	http://ncicb.nci.nih.gov/xml/owl/EVS/Thesaurus.owl#C62765	0.989555
http://snomed.info/id/715615002	http://ncicb.nci.nih.gov/xml/owl/EVS/Thesaurus.owl#C81473	0.97814554
http://snomed.info/id/715619008	http://ncicb.nci.nih.gov/xml/owl/EVS/Thesaurus.owl#C922	0.9614014
http://snomed.info/id/71563009	http://ncicb.nci.nih.gov/xml/owl/EVS/Thesaurus.owl#C28995	1.0
http://snomed.info/id/715680000	http://ncicb.nci.nih.gov/xml/owl/EVS/Thesaurus.owl#C155725	0.94312799
http://snomed.info/id/715696002	http://ncicb.nci.nih.gov/xml/owl/EVS/Thesaurus.owl#C125604	0.96809179
http://snomed.info/id/715745009	http://ncicb.nci.nih.gov/xml/owl/EVS/Thesaurus.owl#C175109	0.96327275
http://snomed.info/id/715958001	http://ncicb.nci.nih.gov/xml/owl/EVS/Thesaurus.owl#C49176	1.0
http://snomed.info/id/716032009	http://ncicb.nci.nih.gov/xml/owl/EVS/Thesaurus.owl#C116377	1.0
http://snomed.info/id/716039000	http://ncicb.nci.nih.gov/xml/owl/EVS/Thesaurus.owl#C101790	1.0
http://snomed.info/id/716041004	http://ncicb.nci.nih.gov/xml/owl/EVS/Thesaurus.owl#C166768	1.0
http://snomed.info/id/716042006	http://ncicb.nci.nih.gov/xml/owl/EVS/Thesaurus.owl#C166892	1.0
http://snomed.info/id/716059001	http://ncicb.nci.nih.gov/xml/owl/EVS/Thesaurus.owl#C152887	1.0
http://snomed.info/id/716069007	http://ncicb.nci.nih.gov/xml/owl/EVS/Thesaurus.owl#C166575	1.0
http://snomed.info/id/716072000	http://ncicb.nci.nih.gov/xml/owl/EVS/Thesaurus.owl#C152281	1.0
http://snomed.info/id/716118009	http://ncicb.nci.nih.gov/xml/owl/EVS/Thesaurus.owl#C76395	1.0
http://snomed.info/id/716119001	http://ncicb.nci.nih.gov/xml/owl/EVS/Thesaurus.owl#C166725	1.0
http://snomed.info/id/716124003	http://ncicb.nci.nih.gov/xml/owl/EVS/Thesaurus.owl#C81654	1.0
http://snomed.info/id/716221002	http://ncicb.nci.nih.gov/xml/owl/EVS/Thesaurus.owl#C174575	1.0
http://snomed.info/id/716222009	http://ncicb.nci.nih.gov/xml/owl/EVS/Thesaurus.owl#C166478	1.0
http://snomed.info/id/716223004	http://ncicb.nci.nih.gov/xml/owl/EVS/Thesaurus.owl#C76958	1.0
http://snomed.info/id/716226007	http://ncicb.nci.nih.gov/xml/owl/EVS/Thesaurus.owl#C76102	1.0
http://snomed.info/id/716228008	http://ncicb.nci.nih.gov/xml/owl/EVS/Thesaurus.owl#C83891	1.0
http://snomed.info/id/716229000	http://ncicb.nci.nih.gov/xml/owl/EVS/Thesaurus.owl#C83892	0.97732043
http://snomed.info/id/716264009	http://ncicb.nci.nih.gov/xml/owl/EVS/Thesaurus.owl#C81725	1.0
http://snomed.info/id/716308007	http://ncicb.nci.nih.gov/xml/owl/EVS/Thesaurus.owl#C166747	1.0
http://snomed.info/id/71634000	http://ncicb.nci.nih.gov/xml/owl/EVS/Thesaurus.owl#C65316	0.98244101
http://snomed.info/id/71668006	http://ncicb.nci.nih.gov/xml/owl/EVS/Thesaurus.owl#C72168	1.0
http://snomed.info/id/71699007	http://ncicb.nci.nih.gov/xml/owl/EVS/Thesaurus.owl#C62084	0.98216909
http://snomed.info/id/717036000	http://ncicb.nci.nih.gov/xml/owl/EVS/Thesaurus.owl#C1064	1.0
http://snomed.info/id/717096002	http://ncicb.nci.nih.gov/xml/owl/EVS/Thesaurus.owl#C72156	1.0
http://snomed.info/id/717097006	http://ncicb.nci.nih.gov/xml/owl/EVS/Thesaurus.owl#C65674	1.0
http://snomed.info/id/717098001	http://ncicb.nci.nih.gov/xml/owl/EVS/Thesaurus.owl#C76573	1.0
http://snomed.info/id/717099009	http://ncicb.nci.nih.gov/xml/owl/EVS/Thesaurus.owl#C77257	1.0
http://snomed.info/id/717101002	http://ncicb.nci.nih.gov/xml/owl/EVS/Thesaurus.owl#C74423	0.79182273
http://snomed.info/id/717105006	http://ncicb.nci.nih.gov/xml/owl/EVS/Thesaurus.owl#C76644	1.0
http://snomed.info/id/717106007	http://ncicb.nci.nih.gov/xml/owl/EVS/Thesaurus.owl#C152561	1.0
http://snomed.info/id/71714008	http://ncicb.nci.nih.gov/xml/owl/EVS/Thesaurus.owl#C65279	1.0
http://snomed.info/id/717169003	http://ncicb.nci.nih.gov/xml/owl/EVS/Thesaurus.owl#C65875	1.0
http://snomed.info/id/717180003	http://ncicb.nci.nih.gov/xml/owl/EVS/Thesaurus.owl#C74155	1.0
http://snomed.info/id/717188005	http://ncicb.nci.nih.gov/xml/owl/EVS/Thesaurus.owl#C77435	1.0
http://snomed.info/id/717189002	http://ncicb.nci.nih.gov/xml/owl/EVS/Thesaurus.owl#C97696	1.0
http://snomed.info/id/717190006	http://ncicb.nci.nih.gov/xml/owl/EVS/Thesaurus.owl#C171913	1.0
http://snomed.info/id/717359004	http://ncicb.nci.nih.gov/xml/owl/EVS/Thesaurus.owl#C152321	1.0
http://snomed.info/id/71759000	http://ncicb.nci.nih.gov/xml/owl/EVS/Thesaurus.owl#C29294	0.93257904
http://snomed.info/id/71770007	http://ncicb.nci.nih.gov/xml/owl/EVS/Thesaurus.owl#C667	0.97733819
http://snomed.info/id/71798005	http://ncicb.nci.nih.gov/xml/owl/EVS/Thesaurus.owl#C61760	0.98188847
http://snomed.info/id/71813009	http://ncicb.nci.nih.gov/xml/owl/EVS/Thesaurus.owl#C640	1.0
http://snomed.info/id/718843009	http://ncicb.nci.nih.gov/xml/owl/EVS/Thesaurus.owl#C169791	1.0
http://snomed.info/id/718852000	http://ncicb.nci.nih.gov/xml/owl/EVS/Thesaurus.owl#C76771	1.0
http://snomed.info/id/718943005	http://ncicb.nci.nih.gov/xml/owl/EVS/Thesaurus.owl#C167039	1.0
http://snomed.info/id/71916002	http://ncicb.nci.nih.gov/xml/owl/EVS/Thesaurus.owl#C76031	1.0
http://snomed.info/id/719641001	http://ncicb.nci.nih.gov/xml/owl/EVS/Thesaurus.owl#C152851	1.0
http://snomed.info/id/719681008	http://ncicb.nci.nih.gov/xml/owl/EVS/Thesaurus.owl#C72936	1.0
http://snomed.info/id/719682001	http://ncicb.nci.nih.gov/xml/owl/EVS/Thesaurus.owl#C73821	0.77075261
http://snomed.info/id/719683006	http://ncicb.nci.nih.gov/xml/owl/EVS/Thesaurus.owl#C90653	1.0
http://snomed.info/id/719933003	http://ncicb.nci.nih.gov/xml/owl/EVS/Thesaurus.owl#C65489	1.0
http://snomed.info/id/720023002	http://ncicb.nci.nih.gov/xml/owl/EVS/Thesaurus.owl#C74357	1.0
http://snomed.info/id/720194004	http://ncicb.nci.nih.gov/xml/owl/EVS/Thesaurus.owl#C152875	0.97755128
http://snomed.info/id/720356008	http://ncicb.nci.nih.gov/xml/owl/EVS/Thesaurus.owl#C170258	1.0
http://snomed.info/id/720527007	http://ncicb.nci.nih.gov/xml/owl/EVS/Thesaurus.owl#C152359	1.0
http://snomed.info/id/720960000	http://ncicb.nci.nih.gov/xml/owl/EVS/Thesaurus.owl#C87746	1.0
http://snomed.info/id/72179002	http://ncicb.nci.nih.gov/xml/owl/EVS/Thesaurus.owl#C47646	1.0
http://snomed.info/id/721997002	http://ncicb.nci.nih.gov/xml/owl/EVS/Thesaurus.owl#C76444	1.0
http://snomed.info/id/72312007	http://ncicb.nci.nih.gov/xml/owl/EVS/Thesaurus.owl#C77072	0.96249247
http://snomed.info/id/723586001	http://ncicb.nci.nih.gov/xml/owl/EVS/Thesaurus.owl#C48001	1.0
http://snomed.info/id/72387009	http://ncicb.nci.nih.gov/xml/owl/EVS/Thesaurus.owl#C47956	0.95684731
http://snomed.info/id/723984009	http://ncicb.nci.nih.gov/xml/owl/EVS/Thesaurus.owl#C137800	1.0
http://snomed.info/id/723985005	http://ncicb.nci.nih.gov/xml/owl/EVS/Thesaurus.owl#C166875	1.0
http://snomed.info/id/724003008	http://ncicb.nci.nih.gov/xml/owl/EVS/Thesaurus.owl#C2379	1.0
http://snomed.info/id/724004002	http://ncicb.nci.nih.gov/xml/owl/EVS/Thesaurus.owl#C170079	1.0
http://snomed.info/id/724007009	http://ncicb.nci.nih.gov/xml/owl/EVS/Thesaurus.owl#C174863	1.0
http://snomed.info/id/724030003	http://ncicb.nci.nih.gov/xml/owl/EVS/Thesaurus.owl#C152647	1.0
http://snomed.info/id/724031004	http://ncicb.nci.nih.gov/xml/owl/EVS/Thesaurus.owl#C81510	1.0
http://snomed.info/id/724033001	http://ncicb.nci.nih.gov/xml/owl/EVS/Thesaurus.owl#C171739	1.0
http://snomed.info/id/724156007	http://ncicb.nci.nih.gov/xml/owl/EVS/Thesaurus.owl#C995	1.0
http://snomed.info/id/72469007	http://ncicb.nci.nih.gov/xml/owl/EVS/Thesaurus.owl#C61622	1.0
http://snomed.info/id/725134000	http://ncicb.nci.nih.gov/xml/owl/EVS/Thesaurus.owl#C167027	1.0
http://snomed.info/id/725191005	http://ncicb.nci.nih.gov/xml/owl/EVS/Thesaurus.owl#C68323	1.0
http://snomed.info/id/725531004	http://ncicb.nci.nih.gov/xml/owl/EVS/Thesaurus.owl#C87318	0.90471321
http://snomed.info/id/725536009	http://ncicb.nci.nih.gov/xml/owl/EVS/Thesaurus.owl#C95317	0.97092897
http://snomed.info/id/725553002	http://ncicb.nci.nih.gov/xml/owl/EVS/Thesaurus.owl#C63766	1.0
http://snomed.info/id/725564004	http://ncicb.nci.nih.gov/xml/owl/EVS/Thesaurus.owl#C105948	0.9798305
http://snomed.info/id/725567006	http://ncicb.nci.nih.gov/xml/owl/EVS/Thesaurus.owl#C159200	0.92364091
http://snomed.info/id/725571009	http://ncicb.nci.nih.gov/xml/owl/EVS/Thesaurus.owl#C76439	1.0
http://snomed.info/id/725620001	http://ncicb.nci.nih.gov/xml/owl/EVS/Thesaurus.owl#C84185	1.0
http://snomed.info/id/725621002	http://ncicb.nci.nih.gov/xml/owl/EVS/Thesaurus.owl#C29854	1.0
http://snomed.info/id/725643005	http://ncicb.nci.nih.gov/xml/owl/EVS/Thesaurus.owl#C85523	0.89289975
http://snomed.info/id/725665005	http://ncicb.nci.nih.gov/xml/owl/EVS/Thesaurus.owl#C79995	1.0
http://snomed.info/id/725671004	http://ncicb.nci.nih.gov/xml/owl/EVS/Thesaurus.owl#C66868	0.92232388
http://snomed.info/id/725677000	http://ncicb.nci.nih.gov/xml/owl/EVS/Thesaurus.owl#C170381	1.0
http://snomed.info/id/725690007	http://ncicb.nci.nih.gov/xml/owl/EVS/Thesaurus.owl#C648	0.87529182
http://snomed.info/id/725695002	http://ncicb.nci.nih.gov/xml/owl/EVS/Thesaurus.owl#C87294	0.87408602
http://snomed.info/id/725698000	http://ncicb.nci.nih.gov/xml/owl/EVS/Thesaurus.owl#C72826	1.0
http://snomed.info/id/725725000	http://ncicb.nci.nih.gov/xml/owl/EVS/Thesaurus.owl#C66303	1.0
http://snomed.info/id/725745008	http://ncicb.nci.nih.gov/xml/owl/EVS/Thesaurus.owl#C154291	0.95231348
http://snomed.info/id/725746009	http://ncicb.nci.nih.gov/xml/owl/EVS/Thesaurus.owl#C152481	1.0
http://snomed.info/id/725761005	http://ncicb.nci.nih.gov/xml/owl/EVS/Thesaurus.owl#C47787	0.85942084
http://snomed.info/id/725787005	http://ncicb.nci.nih.gov/xml/owl/EVS/Thesaurus.owl#C87207	1.0
http://snomed.info/id/725792007	http://ncicb.nci.nih.gov/xml/owl/EVS/Thesaurus.owl#C28945	1.0
http://snomed.info/id/725861003	http://ncicb.nci.nih.gov/xml/owl/EVS/Thesaurus.owl#C1381	0.98179764
http://snomed.info/id/725862005	http://ncicb.nci.nih.gov/xml/owl/EVS/Thesaurus.owl#C29128	0.94135571
http://snomed.info/id/725962006	http://ncicb.nci.nih.gov/xml/owl/EVS/Thesaurus.owl#C47452	1.0
http://snomed.info/id/726007006	http://ncicb.nci.nih.gov/xml/owl/EVS/Thesaurus.owl#C62075	0.91680658
http://snomed.info/id/726518002	http://ncicb.nci.nih.gov/xml/owl/EVS/Thesaurus.owl#C127012	1.0
http://snomed.info/id/72770009	http://ncicb.nci.nih.gov/xml/owl/EVS/Thesaurus.owl#C29255	1.0
http://snomed.info/id/72808007	http://ncicb.nci.nih.gov/xml/owl/EVS/Thesaurus.owl#C84231	1.0
http://snomed.info/id/72857005	http://ncicb.nci.nih.gov/xml/owl/EVS/Thesaurus.owl#C83956	1.0
http://snomed.info/id/72968006	http://ncicb.nci.nih.gov/xml/owl/EVS/Thesaurus.owl#C834	0.97198266
http://snomed.info/id/7302008	http://ncicb.nci.nih.gov/xml/owl/EVS/Thesaurus.owl#C76572	1.0
http://snomed.info/id/73076001	http://ncicb.nci.nih.gov/xml/owl/EVS/Thesaurus.owl#C76506	1.0
http://snomed.info/id/73126000	http://ncicb.nci.nih.gov/xml/owl/EVS/Thesaurus.owl#C76988	1.0
http://snomed.info/id/73133000	http://ncicb.nci.nih.gov/xml/owl/EVS/Thesaurus.owl#C385	0.94295728
http://snomed.info/id/73170009	http://ncicb.nci.nih.gov/xml/owl/EVS/Thesaurus.owl#C80301	0.9771108
http://snomed.info/id/73213007	http://ncicb.nci.nih.gov/xml/owl/EVS/Thesaurus.owl#C65322	1.0
http://snomed.info/id/732258009	http://ncicb.nci.nih.gov/xml/owl/EVS/Thesaurus.owl#C152210	1.0
http://snomed.info/id/73277004	http://ncicb.nci.nih.gov/xml/owl/EVS/Thesaurus.owl#C66063	0.97476858
http://snomed.info/id/733658007	http://ncicb.nci.nih.gov/xml/owl/EVS/Thesaurus.owl#C174828	1.0
http://snomed.info/id/733727001	http://ncicb.nci.nih.gov/xml/owl/EVS/Thesaurus.owl#C152815	1.0
http://snomed.info/id/733733005	http://ncicb.nci.nih.gov/xml/owl/EVS/Thesaurus.owl#C80059	1.0
http://snomed.info/id/733765008	http://ncicb.nci.nih.gov/xml/owl/EVS/Thesaurus.owl#C120561	0.9308762
http://snomed.info/id/733879005	http://ncicb.nci.nih.gov/xml/owl/EVS/Thesaurus.owl#C150126	1.0
http://snomed.info/id/73407000	http://ncicb.nci.nih.gov/xml/owl/EVS/Thesaurus.owl#C77304	1.0
http://snomed.info/id/734148003	http://ncicb.nci.nih.gov/xml/owl/EVS/Thesaurus.owl#C157404	0.94960254
http://snomed.info/id/73436000	http://ncicb.nci.nih.gov/xml/owl/EVS/Thesaurus.owl#C81080	0.9764213
http://snomed.info/id/73444000	http://ncicb.nci.nih.gov/xml/owl/EVS/Thesaurus.owl#C47688	1.0
http://snomed.info/id/734451000	http://ncicb.nci.nih.gov/xml/owl/EVS/Thesaurus.owl#C61974	1.0
http://snomed.info/id/734452007	http://ncicb.nci.nih.gov/xml/owl/EVS/Thesaurus.owl#C81702	1.0
http://snomed.info/id/734453002	http://ncicb.nci.nih.gov/xml/owl/EVS/Thesaurus.owl#C99153	1.0
http://snomed.info/id/734460008	http://ncicb.nci.nih.gov/xml/owl/EVS/Thesaurus.owl#C76574	1.0
http://snomed.info/id/734464004	http://ncicb.nci.nih.gov/xml/owl/EVS/Thesaurus.owl#C65329	1.0
http://snomed.info/id/734468001	http://ncicb.nci.nih.gov/xml/owl/EVS/Thesaurus.owl#C83572	1.0
http://snomed.info/id/734469009	http://ncicb.nci.nih.gov/xml/owl/EVS/Thesaurus.owl#C76504	1.0
http://snomed.info/id/734472002	http://ncicb.nci.nih.gov/xml/owl/EVS/Thesaurus.owl#C76101	1.0
http://snomed.info/id/734494005	http://ncicb.nci.nih.gov/xml/owl/EVS/Thesaurus.owl#C97937	1.0
http://snomed.info/id/734505004	http://ncicb.nci.nih.gov/xml/owl/EVS/Thesaurus.owl#C29075	1.0
http://snomed.info/id/734508002	http://ncicb.nci.nih.gov/xml/owl/EVS/Thesaurus.owl#C75931	1.0
http://snomed.info/id/734509005	http://ncicb.nci.nih.gov/xml/owl/EVS/Thesaurus.owl#C81684	1.0
http://snomed.info/id/734510000	http://ncicb.nci.nih.gov/xml/owl/EVS/Thesaurus.owl#C97309	0.98526096
http://snomed.info/id/734511001	http://ncicb.nci.nih.gov/xml/owl/EVS/Thesaurus.owl#C166932	1.0
http://snomed.info/id/734519004	http://ncicb.nci.nih.gov/xml/owl/EVS/Thesaurus.owl#C176044	1.0
http://snomed.info/id/734561005	http://ncicb.nci.nih.gov/xml/owl/EVS/Thesaurus.owl#C98243	1.0
http://snomed.info/id/734565001	http://ncicb.nci.nih.gov/xml/owl/EVS/Thesaurus.owl#C81656	1.0
http://snomed.info/id/734645001	http://ncicb.nci.nih.gov/xml/owl/EVS/Thesaurus.owl#C83620	1.0
http://snomed.info/id/734652004	http://ncicb.nci.nih.gov/xml/owl/EVS/Thesaurus.owl#C72742	1.0
http://snomed.info/id/734654003	http://ncicb.nci.nih.gov/xml/owl/EVS/Thesaurus.owl#C87234	1.0
http://snomed.info/id/734660003	http://ncicb.nci.nih.gov/xml/owl/EVS/Thesaurus.owl#C170266	0.98715639
http://snomed.info/id/734664007	http://ncicb.nci.nih.gov/xml/owl/EVS/Thesaurus.owl#C66511	0.9841035
http://snomed.info/id/734665008	http://ncicb.nci.nih.gov/xml/owl/EVS/Thesaurus.owl#C97711	1.0
http://snomed.info/id/734844004	http://ncicb.nci.nih.gov/xml/owl/EVS/Thesaurus.owl#C1481	0.9817338
http://snomed.info/id/734969000	http://ncicb.nci.nih.gov/xml/owl/EVS/Thesaurus.owl#C152762	1.0
http://snomed.info/id/734977001	http://ncicb.nci.nih.gov/xml/owl/EVS/Thesaurus.owl#C87704	1.0
http://snomed.info/id/735055007	http://ncicb.nci.nih.gov/xml/owl/EVS/Thesaurus.owl#C152785	1.0
http://snomed.info/id/735058009	http://ncicb.nci.nih.gov/xml/owl/EVS/Thesaurus.owl#C72866	1.0
http://snomed.info/id/735059001	http://ncicb.nci.nih.gov/xml/owl/EVS/Thesaurus.owl#C84209	1.0
http://snomed.info/id/735065001	http://ncicb.nci.nih.gov/xml/owl/EVS/Thesaurus.owl#C166655	0.71502668
http://snomed.info/id/735066000	http://ncicb.nci.nih.gov/xml/owl/EVS/Thesaurus.owl#C74153	1.0
http://snomed.info/id/735068004	http://ncicb.nci.nih.gov/xml/owl/EVS/Thesaurus.owl#C48636	0.99327111
http://snomed.info/id/735078001	http://ncicb.nci.nih.gov/xml/owl/EVS/Thesaurus.owl#C79723	1.0
http://snomed.info/id/735079009	http://ncicb.nci.nih.gov/xml/owl/EVS/Thesaurus.owl#C76255	1.0
http://snomed.info/id/735135008	http://ncicb.nci.nih.gov/xml/owl/EVS/Thesaurus.owl#C91032	1.0
http://snomed.info/id/735160008	http://ncicb.nci.nih.gov/xml/owl/EVS/Thesaurus.owl#C101534	1.0
http://snomed.info/id/735166002	http://ncicb.nci.nih.gov/xml/owl/EVS/Thesaurus.owl#C81571	1.0
http://snomed.info/id/735169009	http://ncicb.nci.nih.gov/xml/owl/EVS/Thesaurus.owl#C60779	1.0
http://snomed.info/id/735241007	http://ncicb.nci.nih.gov/xml/owl/EVS/Thesaurus.owl#C152589	1.0
http://snomed.info/id/735340006	http://ncicb.nci.nih.gov/xml/owl/EVS/Thesaurus.owl#C72005	1.0
http://snomed.info/id/735341005	http://ncicb.nci.nih.gov/xml/owl/EVS/Thesaurus.owl#C497	1.0
http://snomed.info/id/73553009	http://ncicb.nci.nih.gov/xml/owl/EVS/Thesaurus.owl#C107360	1.0
http://snomed.info/id/73572009	http://ncicb.nci.nih.gov/xml/owl/EVS/Thesaurus.owl#C62051	0.97598219
http://snomed.info/id/73579000	http://ncicb.nci.nih.gov/xml/owl/EVS/Thesaurus.owl#C47431	1.0
http://snomed.info/id/73596004	http://ncicb.nci.nih.gov/xml/owl/EVS/Thesaurus.owl#C76409	1.0
http://snomed.info/id/73647000	http://ncicb.nci.nih.gov/xml/owl/EVS/Thesaurus.owl#C61729	0.92028892
http://snomed.info/id/736496005	http://ncicb.nci.nih.gov/xml/owl/EVS/Thesaurus.owl#C74323	1.0
http://snomed.info/id/736536005	http://ncicb.nci.nih.gov/xml/owl/EVS/Thesaurus.owl#C152922	1.0
http://snomed.info/id/736632003	http://ncicb.nci.nih.gov/xml/owl/EVS/Thesaurus.owl#C49094	1.0
http://snomed.info/id/736633008	http://ncicb.nci.nih.gov/xml/owl/EVS/Thesaurus.owl#C136891	1.0
http://snomed.info/id/736634002	http://ncicb.nci.nih.gov/xml/owl/EVS/Thesaurus.owl#C98831	1.0
http://snomed.info/id/736836002	http://ncicb.nci.nih.gov/xml/owl/EVS/Thesaurus.owl#C166601	1.0
http://snomed.info/id/736862006	http://ncicb.nci.nih.gov/xml/owl/EVS/Thesaurus.owl#C77291	1.0
http://snomed.info/id/73756003	http://ncicb.nci.nih.gov/xml/owl/EVS/Thesaurus.owl#C76523	0.97329968
http://snomed.info/id/73803009	http://ncicb.nci.nih.gov/xml/owl/EVS/Thesaurus.owl#C76094	1.0
http://snomed.info/id/73827006	http://ncicb.nci.nih.gov/xml/owl/EVS/Thesaurus.owl#C47506	1.0
http://snomed.info/id/73946006	http://ncicb.nci.nih.gov/xml/owl/EVS/Thesaurus.owl#C29363	1.0
http://snomed.info/id/73949004	http://ncicb.nci.nih.gov/xml/owl/EVS/Thesaurus.owl#C28840	0.97478014
http://snomed.info/id/74022005	http://ncicb.nci.nih.gov/xml/owl/EVS/Thesaurus.owl#C61830	0.97723293
http://snomed.info/id/74065006	http://ncicb.nci.nih.gov/xml/owl/EVS/Thesaurus.owl#C66458	0.98150915
http://snomed.info/id/74213004	http://ncicb.nci.nih.gov/xml/owl/EVS/Thesaurus.owl#C29119	0.98530436
http://snomed.info/id/74470007	http://ncicb.nci.nih.gov/xml/owl/EVS/Thesaurus.owl#C405	0.97765493
http://snomed.info/id/74583006	http://ncicb.nci.nih.gov/xml/owl/EVS/Thesaurus.owl#C29823	0.96511126
http://snomed.info/id/74600002	http://ncicb.nci.nih.gov/xml/owl/EVS/Thesaurus.owl#C142959	1.0
http://snomed.info/id/74674007	http://ncicb.nci.nih.gov/xml/owl/EVS/Thesaurus.owl#C29384	0.98091793
http://snomed.info/id/747006	http://ncicb.nci.nih.gov/xml/owl/EVS/Thesaurus.owl#C66258	1.0
http://snomed.info/id/74713003	http://ncicb.nci.nih.gov/xml/owl/EVS/Thesaurus.owl#C152590	1.0
http://snomed.info/id/74771007	http://ncicb.nci.nih.gov/xml/owl/EVS/Thesaurus.owl#C62065	0.97975647
http://snomed.info/id/74819009	http://ncicb.nci.nih.gov/xml/owl/EVS/Thesaurus.owl#C47381	0.96044087
http://snomed.info/id/74905005	http://ncicb.nci.nih.gov/xml/owl/EVS/Thesaurus.owl#C83704	1.0
http://snomed.info/id/74950007	http://ncicb.nci.nih.gov/xml/owl/EVS/Thesaurus.owl#C47400	1.0
http://snomed.info/id/7509000	http://ncicb.nci.nih.gov/xml/owl/EVS/Thesaurus.owl#C83902	1.0
http://snomed.info/id/75115009	http://ncicb.nci.nih.gov/xml/owl/EVS/Thesaurus.owl#C2829	1.0
http://snomed.info/id/75327003	http://ncicb.nci.nih.gov/xml/owl/EVS/Thesaurus.owl#C87583	1.0
http://snomed.info/id/75341007	http://ncicb.nci.nih.gov/xml/owl/EVS/Thesaurus.owl#C47993	1.0
http://snomed.info/id/75359005	http://ncicb.nci.nih.gov/xml/owl/EVS/Thesaurus.owl#C29501	1.0
http://snomed.info/id/75371004	http://ncicb.nci.nih.gov/xml/owl/EVS/Thesaurus.owl#C87684	1.0
http://snomed.info/id/75429004	http://ncicb.nci.nih.gov/xml/owl/EVS/Thesaurus.owl#C61705	0.98080701
http://snomed.info/id/75501004	http://ncicb.nci.nih.gov/xml/owl/EVS/Thesaurus.owl#C61655	0.87989837
http://snomed.info/id/7561000	http://ncicb.nci.nih.gov/xml/owl/EVS/Thesaurus.owl#C422	0.96169728
http://snomed.info/id/75645006	http://ncicb.nci.nih.gov/xml/owl/EVS/Thesaurus.owl#C81090	1.0
http://snomed.info/id/7577004	http://ncicb.nci.nih.gov/xml/owl/EVS/Thesaurus.owl#C375	0.98716289
http://snomed.info/id/75799006	http://ncicb.nci.nih.gov/xml/owl/EVS/Thesaurus.owl#C29171	1.0
http://snomed.info/id/75876003	http://ncicb.nci.nih.gov/xml/owl/EVS/Thesaurus.owl#C84148	1.0
http://snomed.info/id/75959001	http://ncicb.nci.nih.gov/xml/owl/EVS/Thesaurus.owl#C62078	0.9679091
http://snomed.info/id/76004005	http://ncicb.nci.nih.gov/xml/owl/EVS/Thesaurus.owl#C74399	1.0
http://snomed.info/id/76058001	http://ncicb.nci.nih.gov/xml/owl/EVS/Thesaurus.owl#C767	0.94331223
http://snomed.info/id/761851004	http://ncicb.nci.nih.gov/xml/owl/EVS/Thesaurus.owl#C97660	1.0
http://snomed.info/id/762432004	http://ncicb.nci.nih.gov/xml/owl/EVS/Thesaurus.owl#C139651	0.95418292
http://snomed.info/id/76283008	http://ncicb.nci.nih.gov/xml/owl/EVS/Thesaurus.owl#C166810	0.84868628
http://snomed.info/id/76286000	http://ncicb.nci.nih.gov/xml/owl/EVS/Thesaurus.owl#C87604	0.9746713
http://snomed.info/id/76289007	http://ncicb.nci.nih.gov/xml/owl/EVS/Thesaurus.owl#C87749	0.96947873
http://snomed.info/id/763009004	http://ncicb.nci.nih.gov/xml/owl/EVS/Thesaurus.owl#C79571	1.0
http://snomed.info/id/763010009	http://ncicb.nci.nih.gov/xml/owl/EVS/Thesaurus.owl#C72921	1.0
http://snomed.info/id/763033005	http://ncicb.nci.nih.gov/xml/owl/EVS/Thesaurus.owl#C115099	1.0
http://snomed.info/id/763038001	http://ncicb.nci.nih.gov/xml/owl/EVS/Thesaurus.owl#C111573	1.0
http://snomed.info/id/763039009	http://ncicb.nci.nih.gov/xml/owl/EVS/Thesaurus.owl#C137825	0.98730636
http://snomed.info/id/763040006	http://ncicb.nci.nih.gov/xml/owl/EVS/Thesaurus.owl#C170095	1.0
http://snomed.info/id/763158003	http://ncicb.nci.nih.gov/xml/owl/EVS/Thesaurus.owl#C142605	1.0
http://snomed.info/id/763190008	http://ncicb.nci.nih.gov/xml/owl/EVS/Thesaurus.owl#C74599	1.0
http://snomed.info/id/763205002	http://ncicb.nci.nih.gov/xml/owl/EVS/Thesaurus.owl#C170538	1.0
http://snomed.info/id/763357004	http://ncicb.nci.nih.gov/xml/owl/EVS/Thesaurus.owl#C66066	0.96354932
http://snomed.info/id/763501007	http://ncicb.nci.nih.gov/xml/owl/EVS/Thesaurus.owl#C97660	0.98664027
http://snomed.info/id/763502000	http://ncicb.nci.nih.gov/xml/owl/EVS/Thesaurus.owl#C113442	0.98628169
http://snomed.info/id/763511000	http://ncicb.nci.nih.gov/xml/owl/EVS/Thesaurus.owl#C103147	0.98545861
http://snomed.info/id/763512007	http://ncicb.nci.nih.gov/xml/owl/EVS/Thesaurus.owl#C152815	0.97985256
http://snomed.info/id/763515009	http://ncicb.nci.nih.gov/xml/owl/EVS/Thesaurus.owl#C152549	0.98375696
http://snomed.info/id/763516005	http://ncicb.nci.nih.gov/xml/owl/EVS/Thesaurus.owl#C81725	0.97102773
http://snomed.info/id/763518006	http://ncicb.nci.nih.gov/xml/owl/EVS/Thesaurus.owl#C170381	0.97350085
http://snomed.info/id/763521008	http://ncicb.nci.nih.gov/xml/owl/EVS/Thesaurus.owl#C76771	0.98161769
http://snomed.info/id/763524000	http://ncicb.nci.nih.gov/xml/owl/EVS/Thesaurus.owl#C66529	0.98136634
http://snomed.info/id/763537002	http://ncicb.nci.nih.gov/xml/owl/EVS/Thesaurus.owl#C95701	0.98284554
http://snomed.info/id/763539004	http://ncicb.nci.nih.gov/xml/owl/EVS/Thesaurus.owl#C137800	0.98497123
http://snomed.info/id/763540002	http://ncicb.nci.nih.gov/xml/owl/EVS/Thesaurus.owl#C162629	0.97553593
http://snomed.info/id/763542005	http://ncicb.nci.nih.gov/xml/owl/EVS/Thesaurus.owl#C81611	0.98537618
http://snomed.info/id/763543000	http://ncicb.nci.nih.gov/xml/owl/EVS/Thesaurus.owl#C76444	0.97384745
http://snomed.info/id/763544006	http://ncicb.nci.nih.gov/xml/owl/EVS/Thesaurus.owl#C167027	0.97227436
http://snomed.info/id/763549001	http://ncicb.nci.nih.gov/xml/owl/EVS/Thesaurus.owl#C49176	0.97856289
http://snomed.info/id/763550001	http://ncicb.nci.nih.gov/xml/owl/EVS/Thesaurus.owl#C166500	0.98112786
http://snomed.info/id/763556007	http://ncicb.nci.nih.gov/xml/owl/EVS/Thesaurus.owl#C166875	0.97532916
http://snomed.info/id/763557003	http://ncicb.nci.nih.gov/xml/owl/EVS/Thesaurus.owl#C80837	0.97004056
http://snomed.info/id/763561009	http://ncicb.nci.nih.gov/xml/owl/EVS/Thesaurus.owl#C80059	0.98547947
http://snomed.info/id/763562002	http://ncicb.nci.nih.gov/xml/owl/EVS/Thesaurus.owl#C166552	0.98367691
http://snomed.info/id/763563007	http://ncicb.nci.nih.gov/xml/owl/EVS/Thesaurus.owl#C49094	0.98701972
http://snomed.info/id/763564001	http://ncicb.nci.nih.gov/xml/owl/EVS/Thesaurus.owl#C97506	0.98332059
http://snomed.info/id/763565000	http://ncicb.nci.nih.gov/xml/owl/EVS/Thesaurus.owl#C175156	0.98250824
http://snomed.info/id/763568003	http://ncicb.nci.nih.gov/xml/owl/EVS/Thesaurus.owl#C115099	0.97845447
http://snomed.info/id/763570007	http://ncicb.nci.nih.gov/xml/owl/EVS/Thesaurus.owl#C166988	0.98004335
http://snomed.info/id/763580006	http://ncicb.nci.nih.gov/xml/owl/EVS/Thesaurus.owl#C160484	0.97890973
http://snomed.info/id/763581005	http://ncicb.nci.nih.gov/xml/owl/EVS/Thesaurus.owl#C80769	0.96971494
http://snomed.info/id/763582003	http://ncicb.nci.nih.gov/xml/owl/EVS/Thesaurus.owl#C166725	0.97676575
http://snomed.info/id/763583008	http://ncicb.nci.nih.gov/xml/owl/EVS/Thesaurus.owl#C111573	0.97814345
http://snomed.info/id/763585001	http://ncicb.nci.nih.gov/xml/owl/EVS/Thesaurus.owl#C171739	0.97324485
http://snomed.info/id/763587009	http://ncicb.nci.nih.gov/xml/owl/EVS/Thesaurus.owl#C74323	0.97034609
http://snomed.info/id/763593001	http://ncicb.nci.nih.gov/xml/owl/EVS/Thesaurus.owl#C174863	0.97510356
http://snomed.info/id/763601000	http://ncicb.nci.nih.gov/xml/owl/EVS/Thesaurus.owl#C170079	0.98119849
http://snomed.info/id/763605009	http://ncicb.nci.nih.gov/xml/owl/EVS/Thesaurus.owl#C52200	0.99220622
http://snomed.info/id/763607001	http://ncicb.nci.nih.gov/xml/owl/EVS/Thesaurus.owl#C169826	0.98692626
http://snomed.info/id/763613005	http://ncicb.nci.nih.gov/xml/owl/EVS/Thesaurus.owl#C1872	1.0
http://snomed.info/id/763614004	http://ncicb.nci.nih.gov/xml/owl/EVS/Thesaurus.owl#C1872	0.95867246
http://snomed.info/id/763701005	http://ncicb.nci.nih.gov/xml/owl/EVS/Thesaurus.owl#C127012	0.98995942
http://snomed.info/id/763702003	http://ncicb.nci.nih.gov/xml/owl/EVS/Thesaurus.owl#C75154	0.9830327
http://snomed.info/id/763704002	http://ncicb.nci.nih.gov/xml/owl/EVS/Thesaurus.owl#C98831	0.98540193
http://snomed.info/id/763878009	http://ncicb.nci.nih.gov/xml/owl/EVS/Thesaurus.owl#C67445	0.9809888
http://snomed.info/id/763883001	http://ncicb.nci.nih.gov/xml/owl/EVS/Thesaurus.owl#C80898	0.96183121
http://snomed.info/id/76390000	http://ncicb.nci.nih.gov/xml/owl/EVS/Thesaurus.owl#C76556	0.98507535
http://snomed.info/id/764132007	http://ncicb.nci.nih.gov/xml/owl/EVS/Thesaurus.owl#C66883	0.97390294
http://snomed.info/id/764140001	http://ncicb.nci.nih.gov/xml/owl/EVS/Thesaurus.owl#C73579	0.9701345
http://snomed.info/id/764274008	http://ncicb.nci.nih.gov/xml/owl/EVS/Thesaurus.owl#C166925	1.0
http://snomed.info/id/764275009	http://ncicb.nci.nih.gov/xml/owl/EVS/Thesaurus.owl#C166925	0.98932928
http://snomed.info/id/764363002	http://ncicb.nci.nih.gov/xml/owl/EVS/Thesaurus.owl#C174828	0.97419024
http://snomed.info/id/764374006	http://ncicb.nci.nih.gov/xml/owl/EVS/Thesaurus.owl#C87053	0.9580211
http://snomed.info/id/764594003	http://ncicb.nci.nih.gov/xml/owl/EVS/Thesaurus.owl#C76954	0.97818106
http://snomed.info/id/764663005	http://ncicb.nci.nih.gov/xml/owl/EVS/Thesaurus.owl#C66596	1.0
http://snomed.info/id/764664004	http://ncicb.nci.nih.gov/xml/owl/EVS/Thesaurus.owl#C66596	0.97753501
http://snomed.info/id/764807007	http://ncicb.nci.nih.gov/xml/owl/EVS/Thesaurus.owl#C105403	0.85648757
http://snomed.info/id/764885002	http://ncicb.nci.nih.gov/xml/owl/EVS/Thesaurus.owl#C173066	0.96212935
http://snomed.info/id/765073001	http://ncicb.nci.nih.gov/xml/owl/EVS/Thesaurus.owl#C78568	0.95679957
http://snomed.info/id/765122007	http://ncicb.nci.nih.gov/xml/owl/EVS/Thesaurus.owl#C76116	0.96978825
http://snomed.info/id/76525000	http://ncicb.nci.nih.gov/xml/owl/EVS/Thesaurus.owl#C72765	1.0
http://snomed.info/id/765322004	http://ncicb.nci.nih.gov/xml/owl/EVS/Thesaurus.owl#C81682	1.0
http://snomed.info/id/765332006	http://ncicb.nci.nih.gov/xml/owl/EVS/Thesaurus.owl#C75240	1.0
http://snomed.info/id/765334007	http://ncicb.nci.nih.gov/xml/owl/EVS/Thesaurus.owl#C170272	1.0
http://snomed.info/id/765340000	http://ncicb.nci.nih.gov/xml/owl/EVS/Thesaurus.owl#C78120	1.0
http://snomed.info/id/765341001	http://ncicb.nci.nih.gov/xml/owl/EVS/Thesaurus.owl#C78121	1.0
http://snomed.info/id/765351000	http://ncicb.nci.nih.gov/xml/owl/EVS/Thesaurus.owl#C87585	1.0
http://snomed.info/id/765358006	http://ncicb.nci.nih.gov/xml/owl/EVS/Thesaurus.owl#C88277	0.91919929
http://snomed.info/id/765366002	http://ncicb.nci.nih.gov/xml/owl/EVS/Thesaurus.owl#C66110	1.0
http://snomed.info/id/765386003	http://ncicb.nci.nih.gov/xml/owl/EVS/Thesaurus.owl#C64543	1.0
http://snomed.info/id/765389005	http://ncicb.nci.nih.gov/xml/owl/EVS/Thesaurus.owl#C80639	1.0
http://snomed.info/id/765439003	http://ncicb.nci.nih.gov/xml/owl/EVS/Thesaurus.owl#C78025	1.0
http://snomed.info/id/76587005	http://ncicb.nci.nih.gov/xml/owl/EVS/Thesaurus.owl#C1588	1.0
http://snomed.info/id/766795001	http://ncicb.nci.nih.gov/xml/owl/EVS/Thesaurus.owl#C65690	1.0
http://snomed.info/id/766797009	http://ncicb.nci.nih.gov/xml/owl/EVS/Thesaurus.owl#C84037	1.0
http://snomed.info/id/766889005	http://ncicb.nci.nih.gov/xml/owl/EVS/Thesaurus.owl#C65608	1.0
http://snomed.info/id/766895006	http://ncicb.nci.nih.gov/xml/owl/EVS/Thesaurus.owl#C105578	0.98182535
http://snomed.info/id/766936008	http://ncicb.nci.nih.gov/xml/owl/EVS/Thesaurus.owl#C397	1.0
http://snomed.info/id/766972001	http://ncicb.nci.nih.gov/xml/owl/EVS/Thesaurus.owl#C92574	1.0
http://snomed.info/id/766973006	http://ncicb.nci.nih.gov/xml/owl/EVS/Thesaurus.owl#C92574	0.96457827
http://snomed.info/id/767425002	http://ncicb.nci.nih.gov/xml/owl/EVS/Thesaurus.owl#C47974	0.93162823
http://snomed.info/id/767579009	http://ncicb.nci.nih.gov/xml/owl/EVS/Thesaurus.owl#C65421	0.87620449
http://snomed.info/id/767582004	http://ncicb.nci.nih.gov/xml/owl/EVS/Thesaurus.owl#C96748	0.97224683
http://snomed.info/id/767702004	http://ncicb.nci.nih.gov/xml/owl/EVS/Thesaurus.owl#C26642	0.98578501
http://snomed.info/id/767715008	http://ncicb.nci.nih.gov/xml/owl/EVS/Thesaurus.owl#C26642	1.0
http://snomed.info/id/76787008	http://ncicb.nci.nih.gov/xml/owl/EVS/Thesaurus.owl#C66632	1.0
http://snomed.info/id/767928009	http://ncicb.nci.nih.gov/xml/owl/EVS/Thesaurus.owl#C65381	1.0
http://snomed.info/id/768145002	http://ncicb.nci.nih.gov/xml/owl/EVS/Thesaurus.owl#C66703	0.97292393
http://snomed.info/id/768282000	http://ncicb.nci.nih.gov/xml/owl/EVS/Thesaurus.owl#C152917	0.9866032
http://snomed.info/id/768376000	http://ncicb.nci.nih.gov/xml/owl/EVS/Thesaurus.owl#C29250	0.8894496
http://snomed.info/id/768400008	http://ncicb.nci.nih.gov/xml/owl/EVS/Thesaurus.owl#C29100	0.96132529
http://snomed.info/id/768490003	http://ncicb.nci.nih.gov/xml/owl/EVS/Thesaurus.owl#C66566	1.0
http://snomed.info/id/768492006	http://ncicb.nci.nih.gov/xml/owl/EVS/Thesaurus.owl#C80904	1.0
http://snomed.info/id/768512005	http://ncicb.nci.nih.gov/xml/owl/EVS/Thesaurus.owl#C87435	0.97377533
http://snomed.info/id/768528000	http://ncicb.nci.nih.gov/xml/owl/EVS/Thesaurus.owl#C61685	0.98667574
http://snomed.info/id/768537000	http://ncicb.nci.nih.gov/xml/owl/EVS/Thesaurus.owl#C80870	0.98505002
http://snomed.info/id/768538005	http://ncicb.nci.nih.gov/xml/owl/EVS/Thesaurus.owl#C66517	0.98436302
http://snomed.info/id/768546006	http://ncicb.nci.nih.gov/xml/owl/EVS/Thesaurus.owl#C29447	1.0
http://snomed.info/id/768547002	http://ncicb.nci.nih.gov/xml/owl/EVS/Thesaurus.owl#C61716	0.92451119
http://snomed.info/id/768550004	http://ncicb.nci.nih.gov/xml/owl/EVS/Thesaurus.owl#C97555	0.80586022
http://snomed.info/id/768573007	http://ncicb.nci.nih.gov/xml/owl/EVS/Thesaurus.owl#C29163	0.97796726
http://snomed.info/id/768574001	http://ncicb.nci.nih.gov/xml/owl/EVS/Thesaurus.owl#C29166	0.96593058
http://snomed.info/id/768593004	http://ncicb.nci.nih.gov/xml/owl/EVS/Thesaurus.owl#C221	0.98320127
http://snomed.info/id/768599000	http://ncicb.nci.nih.gov/xml/owl/EVS/Thesaurus.owl#C735	0.97573006
http://snomed.info/id/768600002	http://ncicb.nci.nih.gov/xml/owl/EVS/Thesaurus.owl#C397	0.97484559
http://snomed.info/id/768759001	http://ncicb.nci.nih.gov/xml/owl/EVS/Thesaurus.owl#C843	0.95153856
http://snomed.info/id/768790004	http://ncicb.nci.nih.gov/xml/owl/EVS/Thesaurus.owl#C169884	0.9726283
http://snomed.info/id/768791000	http://ncicb.nci.nih.gov/xml/owl/EVS/Thesaurus.owl#C169884	1.0
http://snomed.info/id/769088004	http://ncicb.nci.nih.gov/xml/owl/EVS/Thesaurus.owl#C66061	1.0
http://snomed.info/id/769097000	http://ncicb.nci.nih.gov/xml/owl/EVS/Thesaurus.owl#C174595	1.0
http://snomed.info/id/769099002	http://ncicb.nci.nih.gov/xml/owl/EVS/Thesaurus.owl#C80859	1.0
http://snomed.info/id/770315008	http://ncicb.nci.nih.gov/xml/owl/EVS/Thesaurus.owl#C61826	0.96850961
http://snomed.info/id/770369005	http://ncicb.nci.nih.gov/xml/owl/EVS/Thesaurus.owl#C25995	0.96641439
http://snomed.info/id/770374002	http://ncicb.nci.nih.gov/xml/owl/EVS/Thesaurus.owl#C2180	0.96319044
http://snomed.info/id/770717002	http://ncicb.nci.nih.gov/xml/owl/EVS/Thesaurus.owl#C150559	1.0
http://snomed.info/id/770854002	http://ncicb.nci.nih.gov/xml/owl/EVS/Thesaurus.owl#C87426	0.96861613
http://snomed.info/id/770874009	http://ncicb.nci.nih.gov/xml/owl/EVS/Thesaurus.owl#C77128	0.74000978
http://snomed.info/id/770926005	http://ncicb.nci.nih.gov/xml/owl/EVS/Thesaurus.owl#C77431	0.98287433
http://snomed.info/id/770965008	http://ncicb.nci.nih.gov/xml/owl/EVS/Thesaurus.owl#C174744	1.0
http://snomed.info/id/771347005	http://ncicb.nci.nih.gov/xml/owl/EVS/Thesaurus.owl#C61892	0.9752031
http://snomed.info/id/771351007	http://ncicb.nci.nih.gov/xml/owl/EVS/Thesaurus.owl#C72900	0.94231915
http://snomed.info/id/771384007	http://ncicb.nci.nih.gov/xml/owl/EVS/Thesaurus.owl#C47792	0.95121819
http://snomed.info/id/771463001	http://ncicb.nci.nih.gov/xml/owl/EVS/Thesaurus.owl#C117276	0.98246372
http://snomed.info/id/771571004	http://ncicb.nci.nih.gov/xml/owl/EVS/Thesaurus.owl#C150559	0.98360944
http://snomed.info/id/771573001	http://ncicb.nci.nih.gov/xml/owl/EVS/Thesaurus.owl#C174744	0.95447659
http://snomed.info/id/771596001	http://ncicb.nci.nih.gov/xml/owl/EVS/Thesaurus.owl#C152581	1.0
http://snomed.info/id/771599008	http://ncicb.nci.nih.gov/xml/owl/EVS/Thesaurus.owl#C166992	1.0
http://snomed.info/id/771981005	http://ncicb.nci.nih.gov/xml/owl/EVS/Thesaurus.owl#C118452	0.98259604
http://snomed.info/id/772039004	http://ncicb.nci.nih.gov/xml/owl/EVS/Thesaurus.owl#C95222	0.98294413
http://snomed.info/id/772062002	http://ncicb.nci.nih.gov/xml/owl/EVS/Thesaurus.owl#C66078	1.0
http://snomed.info/id/772091004	http://ncicb.nci.nih.gov/xml/owl/EVS/Thesaurus.owl#C98283	0.98609722
http://snomed.info/id/772195005	http://ncicb.nci.nih.gov/xml/owl/EVS/Thesaurus.owl#C84865	1.0
http://snomed.info/id/772201002	http://ncicb.nci.nih.gov/xml/owl/EVS/Thesaurus.owl#C98283	1.0
http://snomed.info/id/772205006	http://ncicb.nci.nih.gov/xml/owl/EVS/Thesaurus.owl#C69145	0.95207834
http://snomed.info/id/772334003	http://ncicb.nci.nih.gov/xml/owl/EVS/Thesaurus.owl#C66099	1.0
http://snomed.info/id/772344001	http://ncicb.nci.nih.gov/xml/owl/EVS/Thesaurus.owl#C81497	1.0
http://snomed.info/id/77237006	http://ncicb.nci.nih.gov/xml/owl/EVS/Thesaurus.owl#C94257	0.90713191
http://snomed.info/id/772627008	http://ncicb.nci.nih.gov/xml/owl/EVS/Thesaurus.owl#C66172	1.0
http://snomed.info/id/772777000	http://ncicb.nci.nih.gov/xml/owl/EVS/Thesaurus.owl#C82276	1.0
http://snomed.info/id/772923009	http://ncicb.nci.nih.gov/xml/owl/EVS/Thesaurus.owl#C83591	0.83377284
http://snomed.info/id/772931004	http://ncicb.nci.nih.gov/xml/owl/EVS/Thesaurus.owl#C61722	0.98614782
http://snomed.info/id/772935008	http://ncicb.nci.nih.gov/xml/owl/EVS/Thesaurus.owl#C1149	0.85869414
http://snomed.info/id/772943003	http://ncicb.nci.nih.gov/xml/owl/EVS/Thesaurus.owl#C174595	0.98538929
http://snomed.info/id/772944009	http://ncicb.nci.nih.gov/xml/owl/EVS/Thesaurus.owl#C80932	0.98134965
http://snomed.info/id/772950004	http://ncicb.nci.nih.gov/xml/owl/EVS/Thesaurus.owl#C87453	0.89500821
http://snomed.info/id/772959003	http://ncicb.nci.nih.gov/xml/owl/EVS/Thesaurus.owl#C29311	0.95596832
http://snomed.info/id/772991002	http://ncicb.nci.nih.gov/xml/owl/EVS/Thesaurus.owl#C81606	1.0
http://snomed.info/id/773137008	http://ncicb.nci.nih.gov/xml/owl/EVS/Thesaurus.owl#C114383	0.98182601
http://snomed.info/id/773181000	http://ncicb.nci.nih.gov/xml/owl/EVS/Thesaurus.owl#C73006	0.98120767
http://snomed.info/id/773185009	http://ncicb.nci.nih.gov/xml/owl/EVS/Thesaurus.owl#C153373	0.95869166
http://snomed.info/id/773232006	http://ncicb.nci.nih.gov/xml/owl/EVS/Thesaurus.owl#C114383	1.0
http://snomed.info/id/773235008	http://ncicb.nci.nih.gov/xml/owl/EVS/Thesaurus.owl#C166831	1.0
http://snomed.info/id/773236009	http://ncicb.nci.nih.gov/xml/owl/EVS/Thesaurus.owl#C73006	1.0
http://snomed.info/id/773237000	http://ncicb.nci.nih.gov/xml/owl/EVS/Thesaurus.owl#C152489	1.0
http://snomed.info/id/773263005	http://ncicb.nci.nih.gov/xml/owl/EVS/Thesaurus.owl#C166948	0.96944124
http://snomed.info/id/773265003	http://ncicb.nci.nih.gov/xml/owl/EVS/Thesaurus.owl#C166948	1.0
http://snomed.info/id/773289005	http://ncicb.nci.nih.gov/xml/owl/EVS/Thesaurus.owl#C81606	0.97349006
http://snomed.info/id/773471007	http://ncicb.nci.nih.gov/xml/owl/EVS/Thesaurus.owl#C66198	1.0
http://snomed.info/id/77353007	http://ncicb.nci.nih.gov/xml/owl/EVS/Thesaurus.owl#C61761	1.0
http://snomed.info/id/773543004	http://ncicb.nci.nih.gov/xml/owl/EVS/Thesaurus.owl#C78120	0.96411061
http://snomed.info/id/773608005	http://ncicb.nci.nih.gov/xml/owl/EVS/Thesaurus.owl#C116792	0.97413266
http://snomed.info/id/77370004	http://ncicb.nci.nih.gov/xml/owl/EVS/Thesaurus.owl#C76926	1.0
http://snomed.info/id/77390008	http://ncicb.nci.nih.gov/xml/owl/EVS/Thesaurus.owl#C61649	0.91407317
http://snomed.info/id/773954004	http://ncicb.nci.nih.gov/xml/owl/EVS/Thesaurus.owl#C171893	1.0
http://snomed.info/id/773957006	http://ncicb.nci.nih.gov/xml/owl/EVS/Thesaurus.owl#C171893	0.9690975
http://snomed.info/id/77398001	http://ncicb.nci.nih.gov/xml/owl/EVS/Thesaurus.owl#C266	0.96440321
http://snomed.info/id/774115007	http://ncicb.nci.nih.gov/xml/owl/EVS/Thesaurus.owl#C171907	0.98633969
http://snomed.info/id/774192009	http://ncicb.nci.nih.gov/xml/owl/EVS/Thesaurus.owl#C74386	0.98777175
http://snomed.info/id/77683008	http://ncicb.nci.nih.gov/xml/owl/EVS/Thesaurus.owl#C28801	1.0
http://snomed.info/id/77731008	http://ncicb.nci.nih.gov/xml/owl/EVS/Thesaurus.owl#C200	0.95277953
http://snomed.info/id/77764008	http://ncicb.nci.nih.gov/xml/owl/EVS/Thesaurus.owl#C65826	1.0
http://snomed.info/id/77849004	http://ncicb.nci.nih.gov/xml/owl/EVS/Thesaurus.owl#C80938	1.0
http://snomed.info/id/77856005	http://ncicb.nci.nih.gov/xml/owl/EVS/Thesaurus.owl#C72617	0.98791581
http://snomed.info/id/77885004	http://ncicb.nci.nih.gov/xml/owl/EVS/Thesaurus.owl#C636	0.97275645
http://snomed.info/id/77898008	http://ncicb.nci.nih.gov/xml/owl/EVS/Thesaurus.owl#C29453	0.92609084
http://snomed.info/id/78032005	http://ncicb.nci.nih.gov/xml/owl/EVS/Thesaurus.owl#C77056	1.0
http://snomed.info/id/780831000	http://ncicb.nci.nih.gov/xml/owl/EVS/Thesaurus.owl#C170166	0.93916923
http://snomed.info/id/781025005	http://ncicb.nci.nih.gov/xml/owl/EVS/Thesaurus.owl#C170166	0.9448505
http://snomed.info/id/781057006	http://ncicb.nci.nih.gov/xml/owl/EVS/Thesaurus.owl#C80936	0.97246653
http://snomed.info/id/781174009	http://ncicb.nci.nih.gov/xml/owl/EVS/Thesaurus.owl#C167039	0.98874336
http://snomed.info/id/781197007	http://ncicb.nci.nih.gov/xml/owl/EVS/Thesaurus.owl#C76937	1.0
http://snomed.info/id/781253004	http://ncicb.nci.nih.gov/xml/owl/EVS/Thesaurus.owl#C170213	1.0
http://snomed.info/id/781257003	http://ncicb.nci.nih.gov/xml/owl/EVS/Thesaurus.owl#C73264	1.0
http://snomed.info/id/781258008	http://ncicb.nci.nih.gov/xml/owl/EVS/Thesaurus.owl#C170011	1.0
http://snomed.info/id/781259000	http://ncicb.nci.nih.gov/xml/owl/EVS/Thesaurus.owl#C95020	1.0
http://snomed.info/id/781277005	http://ncicb.nci.nih.gov/xml/owl/EVS/Thesaurus.owl#C73264	0.97986037
http://snomed.info/id/781292006	http://ncicb.nci.nih.gov/xml/owl/EVS/Thesaurus.owl#C166575	0.98346335
http://snomed.info/id/781316007	http://ncicb.nci.nih.gov/xml/owl/EVS/Thesaurus.owl#C101790	0.98528963
http://snomed.info/id/781336008	http://ncicb.nci.nih.gov/xml/owl/EVS/Thesaurus.owl#C80854	1.0
http://snomed.info/id/781364003	http://ncicb.nci.nih.gov/xml/owl/EVS/Thesaurus.owl#C99225	0.97966528
http://snomed.info/id/781377007	http://ncicb.nci.nih.gov/xml/owl/EVS/Thesaurus.owl#C152321	0.98087674
http://snomed.info/id/781493004	http://ncicb.nci.nih.gov/xml/owl/EVS/Thesaurus.owl#C171848	1.0
http://snomed.info/id/781495006	http://ncicb.nci.nih.gov/xml/owl/EVS/Thesaurus.owl#C53398	0.98593765
http://snomed.info/id/781500009	http://ncicb.nci.nih.gov/xml/owl/EVS/Thesaurus.owl#C171848	0.98313802
http://snomed.info/id/7816005	http://ncicb.nci.nih.gov/xml/owl/EVS/Thesaurus.owl#C76668	1.0
http://snomed.info/id/781643008	http://ncicb.nci.nih.gov/xml/owl/EVS/Thesaurus.owl#C152299	1.0
http://snomed.info/id/781650007	http://ncicb.nci.nih.gov/xml/owl/EVS/Thesaurus.owl#C152299	0.98363638
http://snomed.info/id/782142004	http://ncicb.nci.nih.gov/xml/owl/EVS/Thesaurus.owl#C76942	1.0
http://snomed.info/id/782144003	http://ncicb.nci.nih.gov/xml/owl/EVS/Thesaurus.owl#C73285	1.0
http://snomed.info/id/782145002	http://ncicb.nci.nih.gov/xml/owl/EVS/Thesaurus.owl#C90655	1.0
http://snomed.info/id/782157006	http://ncicb.nci.nih.gov/xml/owl/EVS/Thesaurus.owl#C84211	1.0
http://snomed.info/id/782158001	http://ncicb.nci.nih.gov/xml/owl/EVS/Thesaurus.owl#C81367	1.0
http://snomed.info/id/782159009	http://ncicb.nci.nih.gov/xml/owl/EVS/Thesaurus.owl#C83664	1.0
http://snomed.info/id/782160004	http://ncicb.nci.nih.gov/xml/owl/EVS/Thesaurus.owl#C75247	1.0
http://snomed.info/id/782163002	http://ncicb.nci.nih.gov/xml/owl/EVS/Thesaurus.owl#C66067	1.0
http://snomed.info/id/782176008	http://ncicb.nci.nih.gov/xml/owl/EVS/Thesaurus.owl#C72170	1.0
http://snomed.info/id/782177004	http://ncicb.nci.nih.gov/xml/owl/EVS/Thesaurus.owl#C75049	1.0
http://snomed.info/id/782178009	http://ncicb.nci.nih.gov/xml/owl/EVS/Thesaurus.owl#C76427	1.0
http://snomed.info/id/782180003	http://ncicb.nci.nih.gov/xml/owl/EVS/Thesaurus.owl#C66496	1.0
http://snomed.info/id/782181004	http://ncicb.nci.nih.gov/xml/owl/EVS/Thesaurus.owl#C75041	1.0
http://snomed.info/id/782199007	http://ncicb.nci.nih.gov/xml/owl/EVS/Thesaurus.owl#C95733	1.0
http://snomed.info/id/782211002	http://ncicb.nci.nih.gov/xml/owl/EVS/Thesaurus.owl#C95733	0.98308015
http://snomed.info/id/782382002	http://ncicb.nci.nih.gov/xml/owl/EVS/Thesaurus.owl#C72080	1.0
http://snomed.info/id/782434009	http://ncicb.nci.nih.gov/xml/owl/EVS/Thesaurus.owl#C2157	0.93193656
http://snomed.info/id/782572002	http://ncicb.nci.nih.gov/xml/owl/EVS/Thesaurus.owl#C87750	0.94252247
http://snomed.info/id/782573007	http://ncicb.nci.nih.gov/xml/owl/EVS/Thesaurus.owl#C170031	1.0
http://snomed.info/id/782581008	http://ncicb.nci.nih.gov/xml/owl/EVS/Thesaurus.owl#C121667	1.0
http://snomed.info/id/782601003	http://ncicb.nci.nih.gov/xml/owl/EVS/Thesaurus.owl#C81453	1.0
http://snomed.info/id/782604006	http://ncicb.nci.nih.gov/xml/owl/EVS/Thesaurus.owl#C152570	1.0
http://snomed.info/id/782797001	http://ncicb.nci.nih.gov/xml/owl/EVS/Thesaurus.owl#C121667	0.96159661
http://snomed.info/id/782975006	http://ncicb.nci.nih.gov/xml/owl/EVS/Thesaurus.owl#C152200	1.0
http://snomed.info/id/782977003	http://ncicb.nci.nih.gov/xml/owl/EVS/Thesaurus.owl#C115977	1.0
http://snomed.info/id/782978008	http://ncicb.nci.nih.gov/xml/owl/EVS/Thesaurus.owl#C84862	1.0
http://snomed.info/id/782987004	http://ncicb.nci.nih.gov/xml/owl/EVS/Thesaurus.owl#C116722	0.98615813
http://snomed.info/id/782991009	http://ncicb.nci.nih.gov/xml/owl/EVS/Thesaurus.owl#C115977	0.98704761
http://snomed.info/id/782995000	http://ncicb.nci.nih.gov/xml/owl/EVS/Thesaurus.owl#C113655	0.99053788
http://snomed.info/id/782999006	http://ncicb.nci.nih.gov/xml/owl/EVS/Thesaurus.owl#C152200	0.98267698
http://snomed.info/id/783019002	http://ncicb.nci.nih.gov/xml/owl/EVS/Thesaurus.owl#C84862	0.97430694
http://snomed.info/id/783274005	http://ncicb.nci.nih.gov/xml/owl/EVS/Thesaurus.owl#C47999	0.92512763
http://snomed.info/id/7834009	http://ncicb.nci.nih.gov/xml/owl/EVS/Thesaurus.owl#C2634	0.85190147
http://snomed.info/id/783568009	http://ncicb.nci.nih.gov/xml/owl/EVS/Thesaurus.owl#C152163	0.98443156
http://snomed.info/id/783678000	http://ncicb.nci.nih.gov/xml/owl/EVS/Thesaurus.owl#C171753	1.0
http://snomed.info/id/783691004	http://ncicb.nci.nih.gov/xml/owl/EVS/Thesaurus.owl#C171753	0.9798516
http://snomed.info/id/78379001	http://ncicb.nci.nih.gov/xml/owl/EVS/Thesaurus.owl#C803	0.9810304
http://snomed.info/id/783923008	http://ncicb.nci.nih.gov/xml/owl/EVS/Thesaurus.owl#C47794	0.95802939
http://snomed.info/id/784020001	http://ncicb.nci.nih.gov/xml/owl/EVS/Thesaurus.owl#C2153	0.95853055
http://snomed.info/id/784168005	http://ncicb.nci.nih.gov/xml/owl/EVS/Thesaurus.owl#C82653	1.0
http://snomed.info/id/784354008	http://ncicb.nci.nih.gov/xml/owl/EVS/Thesaurus.owl#C1849	1.0
http://snomed.info/id/78552001	http://ncicb.nci.nih.gov/xml/owl/EVS/Thesaurus.owl#C171896	0.7942692
http://snomed.info/id/785624003	http://ncicb.nci.nih.gov/xml/owl/EVS/Thesaurus.owl#C87750	0.89386684
http://snomed.info/id/785674001	http://ncicb.nci.nih.gov/xml/owl/EVS/Thesaurus.owl#C152786	1.0
http://snomed.info/id/785693004	http://ncicb.nci.nih.gov/xml/owl/EVS/Thesaurus.owl#C146984	1.0
http://snomed.info/id/785757009	http://ncicb.nci.nih.gov/xml/owl/EVS/Thesaurus.owl#C47387	0.9388687
http://snomed.info/id/786177001	http://ncicb.nci.nih.gov/xml/owl/EVS/Thesaurus.owl#C169901	0.93919116
http://snomed.info/id/786423008	http://ncicb.nci.nih.gov/xml/owl/EVS/Thesaurus.owl#C87326	0.9777205
http://snomed.info/id/786790001	http://ncicb.nci.nih.gov/xml/owl/EVS/Thesaurus.owl#C2487	0.92845809
http://snomed.info/id/786882006	http://ncicb.nci.nih.gov/xml/owl/EVS/Thesaurus.owl#C81050	0.9024654
http://snomed.info/id/78700004	http://ncicb.nci.nih.gov/xml/owl/EVS/Thesaurus.owl#C81418	0.98802596
http://snomed.info/id/787053002	http://ncicb.nci.nih.gov/xml/owl/EVS/Thesaurus.owl#C152389	1.0
http://snomed.info/id/787054008	http://ncicb.nci.nih.gov/xml/owl/EVS/Thesaurus.owl#C169815	1.0
http://snomed.info/id/787057001	http://ncicb.nci.nih.gov/xml/owl/EVS/Thesaurus.owl#C170379	1.0
http://snomed.info/id/787070005	http://ncicb.nci.nih.gov/xml/owl/EVS/Thesaurus.owl#C152389	0.97691768
http://snomed.info/id/787731007	http://ncicb.nci.nih.gov/xml/owl/EVS/Thesaurus.owl#C103273	1.0
http://snomed.info/id/787993002	http://ncicb.nci.nih.gov/xml/owl/EVS/Thesaurus.owl#C250	0.90770042
http://snomed.info/id/788023007	http://ncicb.nci.nih.gov/xml/owl/EVS/Thesaurus.owl#C514	0.95766139
http://snomed.info/id/788027008	http://ncicb.nci.nih.gov/xml/owl/EVS/Thesaurus.owl#C277	0.96087003
http://snomed.info/id/788028003	http://ncicb.nci.nih.gov/xml/owl/EVS/Thesaurus.owl#C271	0.95879418
http://snomed.info/id/788050002	http://ncicb.nci.nih.gov/xml/owl/EVS/Thesaurus.owl#C94214	1.0
http://snomed.info/id/788081006	http://ncicb.nci.nih.gov/xml/owl/EVS/Thesaurus.owl#C281	0.95313764
http://snomed.info/id/788110002	http://ncicb.nci.nih.gov/xml/owl/EVS/Thesaurus.owl#C174715	1.0
http://snomed.info/id/78859001	http://ncicb.nci.nih.gov/xml/owl/EVS/Thesaurus.owl#C152110	1.0
http://snomed.info/id/788643002	http://ncicb.nci.nih.gov/xml/owl/EVS/Thesaurus.owl#C63347	0.97288781
http://snomed.info/id/788703001	http://ncicb.nci.nih.gov/xml/owl/EVS/Thesaurus.owl#C102546	1.0
http://snomed.info/id/788710007	http://ncicb.nci.nih.gov/xml/owl/EVS/Thesaurus.owl#C102546	0.98792607
http://snomed.info/id/789148001	http://ncicb.nci.nih.gov/xml/owl/EVS/Thesaurus.owl#C104748	1.0
http://snomed.info/id/789264004	http://ncicb.nci.nih.gov/xml/owl/EVS/Thesaurus.owl#C65218	0.93103647
http://snomed.info/id/789359000	http://ncicb.nci.nih.gov/xml/owl/EVS/Thesaurus.owl#C88293	1.0
http://snomed.info/id/78936006	http://ncicb.nci.nih.gov/xml/owl/EVS/Thesaurus.owl#C66493	1.0
http://snomed.info/id/789364001	http://ncicb.nci.nih.gov/xml/owl/EVS/Thesaurus.owl#C114984	0.98453528
http://snomed.info/id/789368003	http://ncicb.nci.nih.gov/xml/owl/EVS/Thesaurus.owl#C88293	0.98390245
http://snomed.info/id/789396009	http://ncicb.nci.nih.gov/xml/owl/EVS/Thesaurus.owl#C166531	1.0
http://snomed.info/id/789397000	http://ncicb.nci.nih.gov/xml/owl/EVS/Thesaurus.owl#C152802	1.0
http://snomed.info/id/789416006	http://ncicb.nci.nih.gov/xml/owl/EVS/Thesaurus.owl#C152802	0.98405015
http://snomed.info/id/789486001	http://ncicb.nci.nih.gov/xml/owl/EVS/Thesaurus.owl#C81400	0.98743373
http://snomed.info/id/789501006	http://ncicb.nci.nih.gov/xml/owl/EVS/Thesaurus.owl#C166531	0.96668857
http://snomed.info/id/789546007	http://ncicb.nci.nih.gov/xml/owl/EVS/Thesaurus.owl#C73268	1.0
http://snomed.info/id/789550000	http://ncicb.nci.nih.gov/xml/owl/EVS/Thesaurus.owl#C73268	0.97934157
http://snomed.info/id/789705000	http://ncicb.nci.nih.gov/xml/owl/EVS/Thesaurus.owl#C152555	1.0
http://snomed.info/id/78983008	http://ncicb.nci.nih.gov/xml/owl/EVS/Thesaurus.owl#C76623	0.76858592
http://snomed.info/id/7904003	http://ncicb.nci.nih.gov/xml/owl/EVS/Thesaurus.owl#C72733	1.0
http://snomed.info/id/79129001	http://ncicb.nci.nih.gov/xml/owl/EVS/Thesaurus.owl#C774	0.97696608
http://snomed.info/id/79135001	http://ncicb.nci.nih.gov/xml/owl/EVS/Thesaurus.owl#C47691	1.0
http://snomed.info/id/79209008	http://ncicb.nci.nih.gov/xml/owl/EVS/Thesaurus.owl#C310	0.90443152
http://snomed.info/id/79221007	http://ncicb.nci.nih.gov/xml/owl/EVS/Thesaurus.owl#C66492	0.97787571
http://snomed.info/id/79225003	http://ncicb.nci.nih.gov/xml/owl/EVS/Thesaurus.owl#C47642	0.97917545
http://snomed.info/id/7924004	http://ncicb.nci.nih.gov/xml/owl/EVS/Thesaurus.owl#C61722	1.0
http://snomed.info/id/792892003	http://ncicb.nci.nih.gov/xml/owl/EVS/Thesaurus.owl#C152555	0.97692376
http://snomed.info/id/79305004	http://ncicb.nci.nih.gov/xml/owl/EVS/Thesaurus.owl#C65830	0.97414279
http://snomed.info/id/79356008	http://ncicb.nci.nih.gov/xml/owl/EVS/Thesaurus.owl#C75152	0.98484945
http://snomed.info/id/79380007	http://ncicb.nci.nih.gov/xml/owl/EVS/Thesaurus.owl#C61785	1.0
http://snomed.info/id/7947003	http://ncicb.nci.nih.gov/xml/owl/EVS/Thesaurus.owl#C287	0.9759897
http://snomed.info/id/7959004	http://ncicb.nci.nih.gov/xml/owl/EVS/Thesaurus.owl#C857	0.97154921
http://snomed.info/id/79689000	http://ncicb.nci.nih.gov/xml/owl/EVS/Thesaurus.owl#C79938	1.0
http://snomed.info/id/79736009	http://ncicb.nci.nih.gov/xml/owl/EVS/Thesaurus.owl#C61677	0.98747873
http://snomed.info/id/797930003	http://ncicb.nci.nih.gov/xml/owl/EVS/Thesaurus.owl#C75215	1.0
http://snomed.info/id/797931004	http://ncicb.nci.nih.gov/xml/owl/EVS/Thesaurus.owl#C80792	1.0
http://snomed.info/id/80024007	http://ncicb.nci.nih.gov/xml/owl/EVS/Thesaurus.owl#C75024	0.96591997
http://snomed.info/id/80127003	http://ncicb.nci.nih.gov/xml/owl/EVS/Thesaurus.owl#C29364	0.97484958
http://snomed.info/id/80165005	http://ncicb.nci.nih.gov/xml/owl/EVS/Thesaurus.owl#C29103	0.95031065
http://snomed.info/id/80237000	http://ncicb.nci.nih.gov/xml/owl/EVS/Thesaurus.owl#C83637	1.0
http://snomed.info/id/80253002	http://ncicb.nci.nih.gov/xml/owl/EVS/Thesaurus.owl#C76645	1.0
http://snomed.info/id/8028001	http://ncicb.nci.nih.gov/xml/owl/EVS/Thesaurus.owl#C87457	0.95506436
http://snomed.info/id/80311000	http://ncicb.nci.nih.gov/xml/owl/EVS/Thesaurus.owl#C77041	0.95889688
http://snomed.info/id/80532007	http://ncicb.nci.nih.gov/xml/owl/EVS/Thesaurus.owl#C76525	1.0
http://snomed.info/id/80802008	http://ncicb.nci.nih.gov/xml/owl/EVS/Thesaurus.owl#C28947	0.98279113
http://snomed.info/id/80870001	http://ncicb.nci.nih.gov/xml/owl/EVS/Thesaurus.owl#C29076	0.86734223
http://snomed.info/id/80906007	http://ncicb.nci.nih.gov/xml/owl/EVS/Thesaurus.owl#C406	0.85900843
http://snomed.info/id/80994002	http://ncicb.nci.nih.gov/xml/owl/EVS/Thesaurus.owl#C82687	0.78825694
http://snomed.info/id/81073007	http://ncicb.nci.nih.gov/xml/owl/EVS/Thesaurus.owl#C28992	0.98129982
http://snomed.info/id/8109005	http://ncicb.nci.nih.gov/xml/owl/EVS/Thesaurus.owl#C72677	0.76572222
http://snomed.info/id/81335000	http://ncicb.nci.nih.gov/xml/owl/EVS/Thesaurus.owl#C600	0.97503519
http://snomed.info/id/8143001	http://ncicb.nci.nih.gov/xml/owl/EVS/Thesaurus.owl#C81663	1.0
http://snomed.info/id/81458001	http://ncicb.nci.nih.gov/xml/owl/EVS/Thesaurus.owl#C166782	1.0
http://snomed.info/id/81583003	http://ncicb.nci.nih.gov/xml/owl/EVS/Thesaurus.owl#C62072	0.98224944
http://snomed.info/id/816100007	http://ncicb.nci.nih.gov/xml/owl/EVS/Thesaurus.owl#C166892	0.98837692
http://snomed.info/id/816102004	http://ncicb.nci.nih.gov/xml/owl/EVS/Thesaurus.owl#C166601	0.98088819
http://snomed.info/id/816104003	http://ncicb.nci.nih.gov/xml/owl/EVS/Thesaurus.owl#C166768	0.98340893
http://snomed.info/id/816105002	http://ncicb.nci.nih.gov/xml/owl/EVS/Thesaurus.owl#C152851	0.98556691
http://snomed.info/id/816106001	http://ncicb.nci.nih.gov/xml/owl/EVS/Thesaurus.owl#C152922	0.98577642
http://snomed.info/id/81646007	http://ncicb.nci.nih.gov/xml/owl/EVS/Thesaurus.owl#C65423	0.95106459
http://snomed.info/id/81728006	http://ncicb.nci.nih.gov/xml/owl/EVS/Thesaurus.owl#C2634	0.97439981
http://snomed.info/id/81839001	http://ncicb.nci.nih.gov/xml/owl/EVS/Thesaurus.owl#C263	0.95780361
http://snomed.info/id/81859002	http://ncicb.nci.nih.gov/xml/owl/EVS/Thesaurus.owl#C75248	1.0
http://snomed.info/id/81860007	http://ncicb.nci.nih.gov/xml/owl/EVS/Thesaurus.owl#C65976	0.8399381
http://snomed.info/id/818968008	http://ncicb.nci.nih.gov/xml/owl/EVS/Thesaurus.owl#C118577	1.0
http://snomed.info/id/818975009	http://ncicb.nci.nih.gov/xml/owl/EVS/Thesaurus.owl#C118577	0.96719468
http://snomed.info/id/81946009	http://ncicb.nci.nih.gov/xml/owl/EVS/Thesaurus.owl#C61698	1.0
http://snomed.info/id/81947000	http://ncicb.nci.nih.gov/xml/owl/EVS/Thesaurus.owl#C485	0.81158668
http://snomed.info/id/82165003	http://ncicb.nci.nih.gov/xml/owl/EVS/Thesaurus.owl#C62066	0.97934324
http://snomed.info/id/82216000	http://ncicb.nci.nih.gov/xml/owl/EVS/Thesaurus.owl#C96731	1.0
http://snomed.info/id/82230005	http://ncicb.nci.nih.gov/xml/owl/EVS/Thesaurus.owl#C48014	1.0
http://snomed.info/id/82264009	http://ncicb.nci.nih.gov/xml/owl/EVS/Thesaurus.owl#C61783	0.97737432
http://snomed.info/id/823027003	http://ncicb.nci.nih.gov/xml/owl/EVS/Thesaurus.owl#C166996	1.0
http://snomed.info/id/82485006	http://ncicb.nci.nih.gov/xml/owl/EVS/Thesaurus.owl#C80532	1.0
http://snomed.info/id/8252004	http://ncicb.nci.nih.gov/xml/owl/EVS/Thesaurus.owl#C65319	1.0
http://snomed.info/id/82573000	http://ncicb.nci.nih.gov/xml/owl/EVS/Thesaurus.owl#C614	0.97803164
http://snomed.info/id/827070004	http://ncicb.nci.nih.gov/xml/owl/EVS/Thesaurus.owl#C169935	1.0
http://snomed.info/id/82896009	http://ncicb.nci.nih.gov/xml/owl/EVS/Thesaurus.owl#C29280	0.98076522
http://snomed.info/id/82951001	http://ncicb.nci.nih.gov/xml/owl/EVS/Thesaurus.owl#C83740	0.9737159
http://snomed.info/id/830100005	http://ncicb.nci.nih.gov/xml/owl/EVS/Thesaurus.owl#C146805	0.97396564
http://snomed.info/id/830158005	http://ncicb.nci.nih.gov/xml/owl/EVS/Thesaurus.owl#C104012	1.0
http://snomed.info/id/830211009	http://ncicb.nci.nih.gov/xml/owl/EVS/Thesaurus.owl#C104012	0.97981805
http://snomed.info/id/830239005	http://ncicb.nci.nih.gov/xml/owl/EVS/Thesaurus.owl#C146805	1.0
http://snomed.info/id/830240007	http://ncicb.nci.nih.gov/xml/owl/EVS/Thesaurus.owl#C174837	1.0
http://snomed.info/id/83036002	http://ncicb.nci.nih.gov/xml/owl/EVS/Thesaurus.owl#C76926	0.90156645
http://snomed.info/id/83051006	http://ncicb.nci.nih.gov/xml/owl/EVS/Thesaurus.owl#C87467	1.0
http://snomed.info/id/83085007	http://ncicb.nci.nih.gov/xml/owl/EVS/Thesaurus.owl#C61854	0.97396702
http://snomed.info/id/83143006	http://ncicb.nci.nih.gov/xml/owl/EVS/Thesaurus.owl#C65807	1.0
http://snomed.info/id/83309005	http://ncicb.nci.nih.gov/xml/owl/EVS/Thesaurus.owl#C65560	1.0
http://snomed.info/id/833284006	http://ncicb.nci.nih.gov/xml/owl/EVS/Thesaurus.owl#C152089	1.0
http://snomed.info/id/833304007	http://ncicb.nci.nih.gov/xml/owl/EVS/Thesaurus.owl#C152089	0.94354445
http://snomed.info/id/8348002	http://ncicb.nci.nih.gov/xml/owl/EVS/Thesaurus.owl#C61693	0.96051717
http://snomed.info/id/83490000	http://ncicb.nci.nih.gov/xml/owl/EVS/Thesaurus.owl#C557	0.98353291
http://snomed.info/id/83532008	http://ncicb.nci.nih.gov/xml/owl/EVS/Thesaurus.owl#C374	0.98757458
http://snomed.info/id/836284001	http://ncicb.nci.nih.gov/xml/owl/EVS/Thesaurus.owl#C84044	1.0
http://snomed.info/id/83702003	http://ncicb.nci.nih.gov/xml/owl/EVS/Thesaurus.owl#C83555	1.0
http://snomed.info/id/8372007	http://ncicb.nci.nih.gov/xml/owl/EVS/Thesaurus.owl#C779	0.98467714
http://snomed.info/id/838284008	http://ncicb.nci.nih.gov/xml/owl/EVS/Thesaurus.owl#C126712	0.98339903
http://snomed.info/id/838409003	http://ncicb.nci.nih.gov/xml/owl/EVS/Thesaurus.owl#C123827	0.98919225
http://snomed.info/id/838462005	http://ncicb.nci.nih.gov/xml/owl/EVS/Thesaurus.owl#C123827	1.0
http://snomed.info/id/838463000	http://ncicb.nci.nih.gov/xml/owl/EVS/Thesaurus.owl#C166975	1.0
http://snomed.info/id/838465007	http://ncicb.nci.nih.gov/xml/owl/EVS/Thesaurus.owl#C166424	1.0
http://snomed.info/id/838466008	http://ncicb.nci.nih.gov/xml/owl/EVS/Thesaurus.owl#C142786	0.96510798
http://snomed.info/id/838470000	http://ncicb.nci.nih.gov/xml/owl/EVS/Thesaurus.owl#C175077	1.0
http://snomed.info/id/838474009	http://ncicb.nci.nih.gov/xml/owl/EVS/Thesaurus.owl#C166975	0.95835471
http://snomed.info/id/838488008	http://ncicb.nci.nih.gov/xml/owl/EVS/Thesaurus.owl#C152790	0.98331642
http://snomed.info/id/838492001	http://ncicb.nci.nih.gov/xml/owl/EVS/Thesaurus.owl#C166424	0.96330643
http://snomed.info/id/83872005	http://ncicb.nci.nih.gov/xml/owl/EVS/Thesaurus.owl#C84054	1.0
http://snomed.info/id/83933007	http://ncicb.nci.nih.gov/xml/owl/EVS/Thesaurus.owl#C47560	1.0
http://snomed.info/id/83945003	http://ncicb.nci.nih.gov/xml/owl/EVS/Thesaurus.owl#C47559	1.0
http://snomed.info/id/83968007	http://ncicb.nci.nih.gov/xml/owl/EVS/Thesaurus.owl#C47454	1.0
http://snomed.info/id/83973001	http://ncicb.nci.nih.gov/xml/owl/EVS/Thesaurus.owl#C29252	0.98618215
http://snomed.info/id/840405005	http://ncicb.nci.nih.gov/xml/owl/EVS/Thesaurus.owl#C107506	1.0
http://snomed.info/id/840407002	http://ncicb.nci.nih.gov/xml/owl/EVS/Thesaurus.owl#C107506	0.98107344
http://snomed.info/id/84078002	http://ncicb.nci.nih.gov/xml/owl/EVS/Thesaurus.owl#C47616	0.96748674
http://snomed.info/id/84103009	http://ncicb.nci.nih.gov/xml/owl/EVS/Thesaurus.owl#C77054	1.0
http://snomed.info/id/84317008	http://ncicb.nci.nih.gov/xml/owl/EVS/Thesaurus.owl#C84056	0.90134728
http://snomed.info/id/846647005	http://ncicb.nci.nih.gov/xml/owl/EVS/Thesaurus.owl#C172826	0.98151422
http://snomed.info/id/85037008	http://ncicb.nci.nih.gov/xml/owl/EVS/Thesaurus.owl#C29006	1.0
http://snomed.info/id/85242006	http://ncicb.nci.nih.gov/xml/owl/EVS/Thesaurus.owl#C170114	0.8931601
http://snomed.info/id/85272000	http://ncicb.nci.nih.gov/xml/owl/EVS/Thesaurus.owl#C29290	0.97947121
http://snomed.info/id/85343003	http://ncicb.nci.nih.gov/xml/owl/EVS/Thesaurus.owl#C29293	0.98321897
http://snomed.info/id/85354008	http://ncicb.nci.nih.gov/xml/owl/EVS/Thesaurus.owl#C65356	0.97861034
http://snomed.info/id/85408000	http://ncicb.nci.nih.gov/xml/owl/EVS/Thesaurus.owl#C61638	0.9817493
http://snomed.info/id/85429009	http://ncicb.nci.nih.gov/xml/owl/EVS/Thesaurus.owl#C81337	0.9368307
http://snomed.info/id/85468002	http://ncicb.nci.nih.gov/xml/owl/EVS/Thesaurus.owl#C47676	0.97138047
http://snomed.info/id/85633006	http://ncicb.nci.nih.gov/xml/owl/EVS/Thesaurus.owl#C170225	0.97142905
http://snomed.info/id/85737002	http://ncicb.nci.nih.gov/xml/owl/EVS/Thesaurus.owl#C28925	0.94879508
http://snomed.info/id/85990009	http://ncicb.nci.nih.gov/xml/owl/EVS/Thesaurus.owl#C383	0.9727667
http://snomed.info/id/860757001	http://ncicb.nci.nih.gov/xml/owl/EVS/Thesaurus.owl#C152220	0.98576009
http://snomed.info/id/86085000	http://ncicb.nci.nih.gov/xml/owl/EVS/Thesaurus.owl#C47782	0.9763909
http://snomed.info/id/86131002	http://ncicb.nci.nih.gov/xml/owl/EVS/Thesaurus.owl#C66128	0.76177353
http://snomed.info/id/86257005	http://ncicb.nci.nih.gov/xml/owl/EVS/Thesaurus.owl#C47706	1.0
http://snomed.info/id/86308005	http://ncicb.nci.nih.gov/xml/owl/EVS/Thesaurus.owl#C29747	0.90364665
http://snomed.info/id/863916001	http://ncicb.nci.nih.gov/xml/owl/EVS/Thesaurus.owl#C131535	1.0
http://snomed.info/id/863938004	http://ncicb.nci.nih.gov/xml/owl/EVS/Thesaurus.owl#C131535	0.9734506
http://snomed.info/id/863942001	http://ncicb.nci.nih.gov/xml/owl/EVS/Thesaurus.owl#C170265	1.0
http://snomed.info/id/863993005	http://ncicb.nci.nih.gov/xml/owl/EVS/Thesaurus.owl#C154570	0.94292766
http://snomed.info/id/864003008	http://ncicb.nci.nih.gov/xml/owl/EVS/Thesaurus.owl#C83891	0.97769451
http://snomed.info/id/864011003	http://ncicb.nci.nih.gov/xml/owl/EVS/Thesaurus.owl#C97938	1.0
http://snomed.info/id/8658008	http://ncicb.nci.nih.gov/xml/owl/EVS/Thesaurus.owl#C65218	0.88031375
http://snomed.info/id/86659000	http://ncicb.nci.nih.gov/xml/owl/EVS/Thesaurus.owl#C66598	1.0
http://snomed.info/id/8689007	http://ncicb.nci.nih.gov/xml/owl/EVS/Thesaurus.owl#C65998	1.0
http://snomed.info/id/86955008	http://ncicb.nci.nih.gov/xml/owl/EVS/Thesaurus.owl#C76421	1.0
http://snomed.info/id/8696009	http://ncicb.nci.nih.gov/xml/owl/EVS/Thesaurus.owl#C29698	0.96491325
http://snomed.info/id/86977007	http://ncicb.nci.nih.gov/xml/owl/EVS/Thesaurus.owl#C29249	0.87088048
http://snomed.info/id/870518005	http://ncicb.nci.nih.gov/xml/owl/EVS/Thesaurus.owl#C152185	0.98435771
http://snomed.info/id/870592005	http://ncicb.nci.nih.gov/xml/owl/EVS/Thesaurus.owl#C152185	1.0
http://snomed.info/id/870609002	http://ncicb.nci.nih.gov/xml/owl/EVS/Thesaurus.owl#C166494	0.9756161
http://snomed.info/id/870689004	http://ncicb.nci.nih.gov/xml/owl/EVS/Thesaurus.owl#C66939	1.0
http://snomed.info/id/87090006	http://ncicb.nci.nih.gov/xml/owl/EVS/Thesaurus.owl#C47533	1.0
http://snomed.info/id/87097009	http://ncicb.nci.nih.gov/xml/owl/EVS/Thesaurus.owl#C73150	0.89913177
http://snomed.info/id/87151005	http://ncicb.nci.nih.gov/xml/owl/EVS/Thesaurus.owl#C76613	1.0
http://snomed.info/id/871699001	http://ncicb.nci.nih.gov/xml/owl/EVS/Thesaurus.owl#C121553	1.0
http://snomed.info/id/871709004	http://ncicb.nci.nih.gov/xml/owl/EVS/Thesaurus.owl#C121553	0.9877463
http://snomed.info/id/871715004	http://ncicb.nci.nih.gov/xml/owl/EVS/Thesaurus.owl#C77896	0.96685988
http://snomed.info/id/87174009	http://ncicb.nci.nih.gov/xml/owl/EVS/Thesaurus.owl#C29081	1.0
http://snomed.info/id/871800005	http://ncicb.nci.nih.gov/xml/owl/EVS/Thesaurus.owl#C170279	0.97856402
http://snomed.info/id/87233003	http://ncicb.nci.nih.gov/xml/owl/EVS/Thesaurus.owl#C2578	0.97583592
http://snomed.info/id/87283008	http://ncicb.nci.nih.gov/xml/owl/EVS/Thesaurus.owl#C65336	1.0
http://snomed.info/id/87285001	http://ncicb.nci.nih.gov/xml/owl/EVS/Thesaurus.owl#C692	0.98592472
http://snomed.info/id/873008	http://ncicb.nci.nih.gov/xml/owl/EVS/Thesaurus.owl#C920	0.84174818
http://snomed.info/id/87395005	http://ncicb.nci.nih.gov/xml/owl/EVS/Thesaurus.owl#C61633	0.95188999
http://snomed.info/id/874907006	http://ncicb.nci.nih.gov/xml/owl/EVS/Thesaurus.owl#C90564	0.99163419
http://snomed.info/id/8767001	http://ncicb.nci.nih.gov/xml/owl/EVS/Thesaurus.owl#C87627	1.0
http://snomed.info/id/876837000	http://ncicb.nci.nih.gov/xml/owl/EVS/Thesaurus.owl#C90564	1.0
http://snomed.info/id/876841001	http://ncicb.nci.nih.gov/xml/owl/EVS/Thesaurus.owl#C134987	1.0
http://snomed.info/id/876844009	http://ncicb.nci.nih.gov/xml/owl/EVS/Thesaurus.owl#C77509	1.0
http://snomed.info/id/876867006	http://ncicb.nci.nih.gov/xml/owl/EVS/Thesaurus.owl#C134987	0.9756211
http://snomed.info/id/87831009	http://ncicb.nci.nih.gov/xml/owl/EVS/Thesaurus.owl#C47773	1.0
http://snomed.info/id/87847006	http://ncicb.nci.nih.gov/xml/owl/EVS/Thesaurus.owl#C82296	1.0
http://snomed.info/id/879948007	http://ncicb.nci.nih.gov/xml/owl/EVS/Thesaurus.owl#C166954	1.0
http://snomed.info/id/885361001	http://ncicb.nci.nih.gov/xml/owl/EVS/Thesaurus.owl#C75221	1.0
http://snomed.info/id/88543003	http://ncicb.nci.nih.gov/xml/owl/EVS/Thesaurus.owl#C76011	1.0
http://snomed.info/id/88551000	http://ncicb.nci.nih.gov/xml/owl/EVS/Thesaurus.owl#C980	0.95067477
http://snomed.info/id/88589005	http://ncicb.nci.nih.gov/xml/owl/EVS/Thesaurus.owl#C75155	1.0
http://snomed.info/id/88631009	http://ncicb.nci.nih.gov/xml/owl/EVS/Thesaurus.owl#C63662	1.0
http://snomed.info/id/88736007	http://ncicb.nci.nih.gov/xml/owl/EVS/Thesaurus.owl#C47963	1.0
http://snomed.info/id/88757004	http://ncicb.nci.nih.gov/xml/owl/EVS/Thesaurus.owl#C47741	0.9185043
http://snomed.info/id/88802007	http://ncicb.nci.nih.gov/xml/owl/EVS/Thesaurus.owl#C79796	1.0
http://snomed.info/id/8886003	http://ncicb.nci.nih.gov/xml/owl/EVS/Thesaurus.owl#C499	1.0
http://snomed.info/id/890270000	http://ncicb.nci.nih.gov/xml/owl/EVS/Thesaurus.owl#C175066	0.98525304
http://snomed.info/id/890332002	http://ncicb.nci.nih.gov/xml/owl/EVS/Thesaurus.owl#C164146	1.0
http://snomed.info/id/890334001	http://ncicb.nci.nih.gov/xml/owl/EVS/Thesaurus.owl#C2135	0.96295744
http://snomed.info/id/890335000	http://ncicb.nci.nih.gov/xml/owl/EVS/Thesaurus.owl#C115102	0.97499919
http://snomed.info/id/890462007	http://ncicb.nci.nih.gov/xml/owl/EVS/Thesaurus.owl#C65680	1.0
http://snomed.info/id/89184004	http://ncicb.nci.nih.gov/xml/owl/EVS/Thesaurus.owl#C76530	1.0
http://snomed.info/id/89219006	http://ncicb.nci.nih.gov/xml/owl/EVS/Thesaurus.owl#C81070	1.0
http://snomed.info/id/89265009	http://ncicb.nci.nih.gov/xml/owl/EVS/Thesaurus.owl#C408	0.96449077
http://snomed.info/id/89326009	http://ncicb.nci.nih.gov/xml/owl/EVS/Thesaurus.owl#C87219	1.0
http://snomed.info/id/89335002	http://ncicb.nci.nih.gov/xml/owl/EVS/Thesaurus.owl#C79996	1.0
http://snomed.info/id/89401004	http://ncicb.nci.nih.gov/xml/owl/EVS/Thesaurus.owl#C90850	1.0
http://snomed.info/id/89422005	http://ncicb.nci.nih.gov/xml/owl/EVS/Thesaurus.owl#C76522	1.0
http://snomed.info/id/89505005	http://ncicb.nci.nih.gov/xml/owl/EVS/Thesaurus.owl#C850	0.97669274
http://snomed.info/id/895275007	http://ncicb.nci.nih.gov/xml/owl/EVS/Thesaurus.owl#C29637	0.87001657
http://snomed.info/id/895426008	http://ncicb.nci.nih.gov/xml/owl/EVS/Thesaurus.owl#C73598	0.9842757
http://snomed.info/id/895433008	http://ncicb.nci.nih.gov/xml/owl/EVS/Thesaurus.owl#C142941	1.0
http://snomed.info/id/895600009	http://ncicb.nci.nih.gov/xml/owl/EVS/Thesaurus.owl#C152405	1.0
http://snomed.info/id/89664002	http://ncicb.nci.nih.gov/xml/owl/EVS/Thesaurus.owl#C76069	0.96577507
http://snomed.info/id/896813005	http://ncicb.nci.nih.gov/xml/owl/EVS/Thesaurus.owl#C167001	1.0
http://snomed.info/id/896965008	http://ncicb.nci.nih.gov/xml/owl/EVS/Thesaurus.owl#C167001	0.9718613
http://snomed.info/id/897039000	http://ncicb.nci.nih.gov/xml/owl/EVS/Thesaurus.owl#C1862	1.0
http://snomed.info/id/897124003	http://ncicb.nci.nih.gov/xml/owl/EVS/Thesaurus.owl#C170393	1.0
http://snomed.info/id/897127005	http://ncicb.nci.nih.gov/xml/owl/EVS/Thesaurus.owl#C170393	0.97210449
http://snomed.info/id/89772006	http://ncicb.nci.nih.gov/xml/owl/EVS/Thesaurus.owl#C61980	1.0
http://snomed.info/id/89775008	http://ncicb.nci.nih.gov/xml/owl/EVS/Thesaurus.owl#C81501	1.0
http://snomed.info/id/898156008	http://ncicb.nci.nih.gov/xml/owl/EVS/Thesaurus.owl#C169855	1.0
http://snomed.info/id/898164002	http://ncicb.nci.nih.gov/xml/owl/EVS/Thesaurus.owl#C169855	0.97121179
http://snomed.info/id/89851001	http://ncicb.nci.nih.gov/xml/owl/EVS/Thesaurus.owl#C871	1.0
http://snomed.info/id/90118002	http://ncicb.nci.nih.gov/xml/owl/EVS/Thesaurus.owl#C28997	1.0
http://snomed.info/id/90346006	http://ncicb.nci.nih.gov/xml/owl/EVS/Thesaurus.owl#C801	0.96996105
http://snomed.info/id/90356005	http://ncicb.nci.nih.gov/xml/owl/EVS/Thesaurus.owl#C62068	0.95917541
http://snomed.info/id/90370005	http://ncicb.nci.nih.gov/xml/owl/EVS/Thesaurus.owl#C87254	0.98439014
http://snomed.info/id/90426002	http://ncicb.nci.nih.gov/xml/owl/EVS/Thesaurus.owl#C61990	0.98549873
http://snomed.info/id/90581007	http://ncicb.nci.nih.gov/xml/owl/EVS/Thesaurus.owl#C77033	1.0
http://snomed.info/id/90882008	http://ncicb.nci.nih.gov/xml/owl/EVS/Thesaurus.owl#C65286	0.96470267
http://snomed.info/id/90944001	http://ncicb.nci.nih.gov/xml/owl/EVS/Thesaurus.owl#C45597	0.82428092
http://snomed.info/id/91013003	http://ncicb.nci.nih.gov/xml/owl/EVS/Thesaurus.owl#C47661	1.0
http://snomed.info/id/91023007	http://ncicb.nci.nih.gov/xml/owl/EVS/Thesaurus.owl#C72692	1.0
http://snomed.info/id/91107009	http://ncicb.nci.nih.gov/xml/owl/EVS/Thesaurus.owl#C328	0.97417659
http://snomed.info/id/91135008	http://ncicb.nci.nih.gov/xml/owl/EVS/Thesaurus.owl#C47410	0.98478442
http://snomed.info/id/91143003	http://ncicb.nci.nih.gov/xml/owl/EVS/Thesaurus.owl#C215	0.90227956
http://snomed.info/id/91307002	http://ncicb.nci.nih.gov/xml/owl/EVS/Thesaurus.owl#C65385	0.96458369
http://snomed.info/id/91339009	http://ncicb.nci.nih.gov/xml/owl/EVS/Thesaurus.owl#C1314	0.98076105
http://snomed.info/id/91376007	http://ncicb.nci.nih.gov/xml/owl/EVS/Thesaurus.owl#C733	0.97574335
http://snomed.info/id/91403002	http://ncicb.nci.nih.gov/xml/owl/EVS/Thesaurus.owl#C93261	1.0
http://snomed.info/id/91435002	http://ncicb.nci.nih.gov/xml/owl/EVS/Thesaurus.owl#C61914	0.96775246
http://snomed.info/id/91452003	http://ncicb.nci.nih.gov/xml/owl/EVS/Thesaurus.owl#C62013	0.97756171
http://snomed.info/id/91598004	http://ncicb.nci.nih.gov/xml/owl/EVS/Thesaurus.owl#C47411	1.0
http://snomed.info/id/9190005	http://ncicb.nci.nih.gov/xml/owl/EVS/Thesaurus.owl#C47776	0.9562847
http://snomed.info/id/922004	http://ncicb.nci.nih.gov/xml/owl/EVS/Thesaurus.owl#C78131	0.98401457
http://snomed.info/id/9234005	http://ncicb.nci.nih.gov/xml/owl/EVS/Thesaurus.owl#C65317	1.0
http://snomed.info/id/926312002	http://ncicb.nci.nih.gov/xml/owl/EVS/Thesaurus.owl#C132295	1.0
http://snomed.info/id/926383001	http://ncicb.nci.nih.gov/xml/owl/EVS/Thesaurus.owl#C152187	0.98087704
http://snomed.info/id/926385008	http://ncicb.nci.nih.gov/xml/owl/EVS/Thesaurus.owl#C175198	1.0
http://snomed.info/id/95994003	http://ncicb.nci.nih.gov/xml/owl/EVS/Thesaurus.owl#C338	1.0
http://snomed.info/id/95995002	http://ncicb.nci.nih.gov/xml/owl/EVS/Thesaurus.owl#C339	1.0
http://snomed.info/id/96018008	http://ncicb.nci.nih.gov/xml/owl/EVS/Thesaurus.owl#C84207	0.97505629
http://snomed.info/id/96038009	http://ncicb.nci.nih.gov/xml/owl/EVS/Thesaurus.owl#C1138	0.98548698
http://snomed.info/id/96039001	http://ncicb.nci.nih.gov/xml/owl/EVS/Thesaurus.owl#C83512	0.95200807
http://snomed.info/id/96088001	http://ncicb.nci.nih.gov/xml/owl/EVS/Thesaurus.owl#C61814	0.98484224
http://snomed.info/id/96094009	http://ncicb.nci.nih.gov/xml/owl/EVS/Thesaurus.owl#C84591	1.0
http://snomed.info/id/96097002	http://ncicb.nci.nih.gov/xml/owl/EVS/Thesaurus.owl#C29044	0.97719473
http://snomed.info/id/96098007	http://ncicb.nci.nih.gov/xml/owl/EVS/Thesaurus.owl#C28235	0.90786797
http://snomed.info/id/96100007	http://ncicb.nci.nih.gov/xml/owl/EVS/Thesaurus.owl#C1193	1.0
http://snomed.info/id/96101006	http://ncicb.nci.nih.gov/xml/owl/EVS/Thesaurus.owl#C73846	1.0
http://snomed.info/id/96102004	http://ncicb.nci.nih.gov/xml/owl/EVS/Thesaurus.owl#C78095	1.0
http://snomed.info/id/96103009	http://ncicb.nci.nih.gov/xml/owl/EVS/Thesaurus.owl#C76423	0.98212612
http://snomed.info/id/96105002	http://ncicb.nci.nih.gov/xml/owl/EVS/Thesaurus.owl#C76426	1.0
http://snomed.info/id/96109008	http://ncicb.nci.nih.gov/xml/owl/EVS/Thesaurus.owl#C76422	0.94577372
http://snomed.info/id/96110003	http://ncicb.nci.nih.gov/xml/owl/EVS/Thesaurus.owl#C76007	1.0
http://snomed.info/id/96112006	http://ncicb.nci.nih.gov/xml/owl/EVS/Thesaurus.owl#C75229	1.0
http://snomed.info/id/96113001	http://ncicb.nci.nih.gov/xml/owl/EVS/Thesaurus.owl#C175844	1.0
http://snomed.info/id/96114007	http://ncicb.nci.nih.gov/xml/owl/EVS/Thesaurus.owl#C76724	1.0
http://snomed.info/id/96117000	http://ncicb.nci.nih.gov/xml/owl/EVS/Thesaurus.owl#C90731	1.0
http://snomed.info/id/96120008	http://ncicb.nci.nih.gov/xml/owl/EVS/Thesaurus.owl#C90738	0.71357387
http://snomed.info/id/96121007	http://ncicb.nci.nih.gov/xml/owl/EVS/Thesaurus.owl#C81513	1.0
http://snomed.info/id/96124004	http://ncicb.nci.nih.gov/xml/owl/EVS/Thesaurus.owl#C79919	1.0
http://snomed.info/id/96125003	http://ncicb.nci.nih.gov/xml/owl/EVS/Thesaurus.owl#C75966	1.0
http://snomed.info/id/96126002	http://ncicb.nci.nih.gov/xml/owl/EVS/Thesaurus.owl#C75212	1.0
http://snomed.info/id/96127006	http://ncicb.nci.nih.gov/xml/owl/EVS/Thesaurus.owl#C75213	1.0
http://snomed.info/id/96132007	http://ncicb.nci.nih.gov/xml/owl/EVS/Thesaurus.owl#C75217	1.0
http://snomed.info/id/96136005	http://ncicb.nci.nih.gov/xml/owl/EVS/Thesaurus.owl#C75220	1.0
http://snomed.info/id/96138006	http://ncicb.nci.nih.gov/xml/owl/EVS/Thesaurus.owl#C61796	0.98197621
http://snomed.info/id/96139003	http://ncicb.nci.nih.gov/xml/owl/EVS/Thesaurus.owl#C75222	1.0
http://snomed.info/id/96140001	http://ncicb.nci.nih.gov/xml/owl/EVS/Thesaurus.owl#C75230	1.0
http://snomed.info/id/96143004	http://ncicb.nci.nih.gov/xml/owl/EVS/Thesaurus.owl#C75235	1.0
http://snomed.info/id/96145006	http://ncicb.nci.nih.gov/xml/owl/EVS/Thesaurus.owl#C76410	1.0
http://snomed.info/id/96146007	http://ncicb.nci.nih.gov/xml/owl/EVS/Thesaurus.owl#C142371	1.0
http://snomed.info/id/96154009	http://ncicb.nci.nih.gov/xml/owl/EVS/Thesaurus.owl#C76417	1.0
http://snomed.info/id/96158007	http://ncicb.nci.nih.gov/xml/owl/EVS/Thesaurus.owl#C79535	1.0
http://snomed.info/id/96159004	http://ncicb.nci.nih.gov/xml/owl/EVS/Thesaurus.owl#C166861	1.0
http://snomed.info/id/96161008	http://ncicb.nci.nih.gov/xml/owl/EVS/Thesaurus.owl#C76010	1.0
http://snomed.info/id/96164000	http://ncicb.nci.nih.gov/xml/owl/EVS/Thesaurus.owl#C76424	1.0
http://snomed.info/id/96165004	http://ncicb.nci.nih.gov/xml/owl/EVS/Thesaurus.owl#C76086	1.0
http://snomed.info/id/96166003	http://ncicb.nci.nih.gov/xml/owl/EVS/Thesaurus.owl#C90983	1.0
http://snomed.info/id/96168002	http://ncicb.nci.nih.gov/xml/owl/EVS/Thesaurus.owl#C76428	1.0
http://snomed.info/id/96172003	http://ncicb.nci.nih.gov/xml/owl/EVS/Thesaurus.owl#C61826	1.0
http://snomed.info/id/96174002	http://ncicb.nci.nih.gov/xml/owl/EVS/Thesaurus.owl#C76804	1.0
http://snomed.info/id/96175001	http://ncicb.nci.nih.gov/xml/owl/EVS/Thesaurus.owl#C174844	1.0
http://snomed.info/id/96176000	http://ncicb.nci.nih.gov/xml/owl/EVS/Thesaurus.owl#C66709	1.0
http://snomed.info/id/96177009	http://ncicb.nci.nih.gov/xml/owl/EVS/Thesaurus.owl#C66193	1.0
http://snomed.info/id/96180005	http://ncicb.nci.nih.gov/xml/owl/EVS/Thesaurus.owl#C76848	1.0
http://snomed.info/id/96183007	http://ncicb.nci.nih.gov/xml/owl/EVS/Thesaurus.owl#C61626	0.9774527
http://snomed.info/id/96184001	http://ncicb.nci.nih.gov/xml/owl/EVS/Thesaurus.owl#C220	1.0
http://snomed.info/id/96185000	http://ncicb.nci.nih.gov/xml/owl/EVS/Thesaurus.owl#C152628	0.97461736
http://snomed.info/id/96187008	http://ncicb.nci.nih.gov/xml/owl/EVS/Thesaurus.owl#C77280	1.0
http://snomed.info/id/96188003	http://ncicb.nci.nih.gov/xml/owl/EVS/Thesaurus.owl#C80578	1.0
http://snomed.info/id/96189006	http://ncicb.nci.nih.gov/xml/owl/EVS/Thesaurus.owl#C83705	1.0
http://snomed.info/id/96192005	http://ncicb.nci.nih.gov/xml/owl/EVS/Thesaurus.owl#C76849	1.0
http://snomed.info/id/96194006	http://ncicb.nci.nih.gov/xml/owl/EVS/Thesaurus.owl#C47530	1.0
http://snomed.info/id/96195007	http://ncicb.nci.nih.gov/xml/owl/EVS/Thesaurus.owl#C38703	0.98390317
http://snomed.info/id/96196008	http://ncicb.nci.nih.gov/xml/owl/EVS/Thesaurus.owl#C47425	0.96007293
http://snomed.info/id/96197004	http://ncicb.nci.nih.gov/xml/owl/EVS/Thesaurus.owl#C77631	1.0
http://snomed.info/id/96198009	http://ncicb.nci.nih.gov/xml/owl/EVS/Thesaurus.owl#C171703	1.0
http://snomed.info/id/96199001	http://ncicb.nci.nih.gov/xml/owl/EVS/Thesaurus.owl#C62012	0.9735896
http://snomed.info/id/96209002	http://ncicb.nci.nih.gov/xml/owl/EVS/Thesaurus.owl#C61608	0.98832476
http://snomed.info/id/96211006	http://ncicb.nci.nih.gov/xml/owl/EVS/Thesaurus.owl#C29451	1.0
http://snomed.info/id/96213009	http://ncicb.nci.nih.gov/xml/owl/EVS/Thesaurus.owl#C61769	0.98510724
http://snomed.info/id/96214003	http://ncicb.nci.nih.gov/xml/owl/EVS/Thesaurus.owl#C1837	1.0
http://snomed.info/id/96218000	http://ncicb.nci.nih.gov/xml/owl/EVS/Thesaurus.owl#C77568	1.0
http://snomed.info/id/96220002	http://ncicb.nci.nih.gov/xml/owl/EVS/Thesaurus.owl#C73315	0.98010379
http://snomed.info/id/96221003	http://ncicb.nci.nih.gov/xml/owl/EVS/Thesaurus.owl#C28936	0.98757172
http://snomed.info/id/96222005	http://ncicb.nci.nih.gov/xml/owl/EVS/Thesaurus.owl#C84510	1.0
http://snomed.info/id/96223000	http://ncicb.nci.nih.gov/xml/owl/EVS/Thesaurus.owl#C118452	1.0
http://snomed.info/id/96226008	http://ncicb.nci.nih.gov/xml/owl/EVS/Thesaurus.owl#C76955	1.0
http://snomed.info/id/96227004	http://ncicb.nci.nih.gov/xml/owl/EVS/Thesaurus.owl#C76953	1.0
http://snomed.info/id/96228009	http://ncicb.nci.nih.gov/xml/owl/EVS/Thesaurus.owl#C81368	1.0
http://snomed.info/id/96229001	http://ncicb.nci.nih.gov/xml/owl/EVS/Thesaurus.owl#C74187	1.0
http://snomed.info/id/96231005	http://ncicb.nci.nih.gov/xml/owl/EVS/Thesaurus.owl#C62000	0.98180664
http://snomed.info/id/96232003	http://ncicb.nci.nih.gov/xml/owl/EVS/Thesaurus.owl#C87675	1.0
http://snomed.info/id/96235001	http://ncicb.nci.nih.gov/xml/owl/EVS/Thesaurus.owl#C47520	1.0
http://snomed.info/id/96240009	http://ncicb.nci.nih.gov/xml/owl/EVS/Thesaurus.owl#C77327	1.0
http://snomed.info/id/96242001	http://ncicb.nci.nih.gov/xml/owl/EVS/Thesaurus.owl#C65669	1.0
http://snomed.info/id/96243006	http://ncicb.nci.nih.gov/xml/owl/EVS/Thesaurus.owl#C75113	1.0
http://snomed.info/id/96245004	http://ncicb.nci.nih.gov/xml/owl/EVS/Thesaurus.owl#C83915	1.0
http://snomed.info/id/96247007	http://ncicb.nci.nih.gov/xml/owl/EVS/Thesaurus.owl#C47534	0.98235095
http://snomed.info/id/96249005	http://ncicb.nci.nih.gov/xml/owl/EVS/Thesaurus.owl#C87695	1.0
http://snomed.info/id/96250005	http://ncicb.nci.nih.gov/xml/owl/EVS/Thesaurus.owl#C81396	1.0
http://snomed.info/id/96252002	http://ncicb.nci.nih.gov/xml/owl/EVS/Thesaurus.owl#C170358	0.96000481
http://snomed.info/id/96253007	http://ncicb.nci.nih.gov/xml/owl/EVS/Thesaurus.owl#C76470	1.0
http://snomed.info/id/96256004	http://ncicb.nci.nih.gov/xml/owl/EVS/Thesaurus.owl#C84022	1.0
http://snomed.info/id/96257008	http://ncicb.nci.nih.gov/xml/owl/EVS/Thesaurus.owl#C79914	1.0
http://snomed.info/id/96259006	http://ncicb.nci.nih.gov/xml/owl/EVS/Thesaurus.owl#C166673	1.0
http://snomed.info/id/96263004	http://ncicb.nci.nih.gov/xml/owl/EVS/Thesaurus.owl#C73067	1.0
http://snomed.info/id/96264005	http://ncicb.nci.nih.gov/xml/owl/EVS/Thesaurus.owl#C75062	1.0
http://snomed.info/id/96265006	http://ncicb.nci.nih.gov/xml/owl/EVS/Thesaurus.owl#C84212	1.0
http://snomed.info/id/96272007	http://ncicb.nci.nih.gov/xml/owl/EVS/Thesaurus.owl#C77320	1.0
http://snomed.info/id/96275009	http://ncicb.nci.nih.gov/xml/owl/EVS/Thesaurus.owl#C83639	1.0
http://snomed.info/id/96280000	http://ncicb.nci.nih.gov/xml/owl/EVS/Thesaurus.owl#C67439	0.94725358
http://snomed.info/id/96284009	http://ncicb.nci.nih.gov/xml/owl/EVS/Thesaurus.owl#C1332	0.98177737
http://snomed.info/id/96290008	http://ncicb.nci.nih.gov/xml/owl/EVS/Thesaurus.owl#C973	0.95835441
http://snomed.info/id/96296002	http://ncicb.nci.nih.gov/xml/owl/EVS/Thesaurus.owl#C75125	1.0
http://snomed.info/id/96298001	http://ncicb.nci.nih.gov/xml/owl/EVS/Thesaurus.owl#C62047	0.97928381
http://snomed.info/id/96301002	http://ncicb.nci.nih.gov/xml/owl/EVS/Thesaurus.owl#C61949	0.97470206
http://snomed.info/id/96303004	http://ncicb.nci.nih.gov/xml/owl/EVS/Thesaurus.owl#C620	1.0
http://snomed.info/id/96304005	http://ncicb.nci.nih.gov/xml/owl/EVS/Thesaurus.owl#C29454	0.98798698
http://snomed.info/id/96305006	http://ncicb.nci.nih.gov/xml/owl/EVS/Thesaurus.owl#C62070	0.98571426
http://snomed.info/id/96306007	http://ncicb.nci.nih.gov/xml/owl/EVS/Thesaurus.owl#C29375	1.0
http://snomed.info/id/96307003	http://ncicb.nci.nih.gov/xml/owl/EVS/Thesaurus.owl#C61768	0.98631316
http://snomed.info/id/96308008	http://ncicb.nci.nih.gov/xml/owl/EVS/Thesaurus.owl#C66930	0.96445453
http://snomed.info/id/96309000	http://ncicb.nci.nih.gov/xml/owl/EVS/Thesaurus.owl#C66869	0.97943324
http://snomed.info/id/96315000	http://ncicb.nci.nih.gov/xml/owl/EVS/Thesaurus.owl#C76459	1.0
http://snomed.info/id/96316004	http://ncicb.nci.nih.gov/xml/owl/EVS/Thesaurus.owl#C364	0.98345971
http://snomed.info/id/96318003	http://ncicb.nci.nih.gov/xml/owl/EVS/Thesaurus.owl#C65314	1.0
http://snomed.info/id/96332001	http://ncicb.nci.nih.gov/xml/owl/EVS/Thesaurus.owl#C77004	1.0
http://snomed.info/id/96334000	http://ncicb.nci.nih.gov/xml/owl/EVS/Thesaurus.owl#C1202	1.0
http://snomed.info/id/96335004	http://ncicb.nci.nih.gov/xml/owl/EVS/Thesaurus.owl#C1402	1.0
http://snomed.info/id/96341006	http://ncicb.nci.nih.gov/xml/owl/EVS/Thesaurus.owl#C83559	1.0
http://snomed.info/id/96343009	http://ncicb.nci.nih.gov/xml/owl/EVS/Thesaurus.owl#C74111	1.0
http://snomed.info/id/96345002	http://ncicb.nci.nih.gov/xml/owl/EVS/Thesaurus.owl#C77306	1.0
http://snomed.info/id/96346001	http://ncicb.nci.nih.gov/xml/owl/EVS/Thesaurus.owl#C87227	1.0
http://snomed.info/id/96348000	http://ncicb.nci.nih.gov/xml/owl/EVS/Thesaurus.owl#C74112	1.0
http://snomed.info/id/96351007	http://ncicb.nci.nih.gov/xml/owl/EVS/Thesaurus.owl#C74371	1.0
http://snomed.info/id/96356002	http://ncicb.nci.nih.gov/xml/owl/EVS/Thesaurus.owl#C66042	1.0
http://snomed.info/id/96359009	http://ncicb.nci.nih.gov/xml/owl/EVS/Thesaurus.owl#C83529	0.97718257
http://snomed.info/id/96371003	http://ncicb.nci.nih.gov/xml/owl/EVS/Thesaurus.owl#C509	0.98741305
http://snomed.info/id/96372005	http://ncicb.nci.nih.gov/xml/owl/EVS/Thesaurus.owl#C1173	1.0
http://snomed.info/id/96373000	http://ncicb.nci.nih.gov/xml/owl/EVS/Thesaurus.owl#C77332	1.0
http://snomed.info/id/96374006	http://ncicb.nci.nih.gov/xml/owl/EVS/Thesaurus.owl#C174717	1.0
http://snomed.info/id/96378009	http://ncicb.nci.nih.gov/xml/owl/EVS/Thesaurus.owl#C1256	0.98060077
http://snomed.info/id/96385008	http://ncicb.nci.nih.gov/xml/owl/EVS/Thesaurus.owl#C596	1.0
http://snomed.info/id/9663002	http://ncicb.nci.nih.gov/xml/owl/EVS/Thesaurus.owl#C87360	0.76376551
http://snomed.info/id/9690006	http://ncicb.nci.nih.gov/xml/owl/EVS/Thesaurus.owl#C76625	0.97083819
http://snomed.info/id/9721008	http://ncicb.nci.nih.gov/xml/owl/EVS/Thesaurus.owl#C738	1.0
http://snomed.info/id/9944001	http://ncicb.nci.nih.gov/xml/owl/EVS/Thesaurus.owl#C77041	0.82748681
