SrcEntity	TgtEntity	Score
http://ncicb.nci.nih.gov/xml/owl/EVS/Thesaurus.owl#C100093	http://purl.obolibrary.org/obo/DOID_4439	0.91145921
http://ncicb.nci.nih.gov/xml/owl/EVS/Thesaurus.owl#C101029	http://purl.obolibrary.org/obo/DOID_0050651	1.0
http://ncicb.nci.nih.gov/xml/owl/EVS/Thesaurus.owl#C101038	http://purl.obolibrary.org/obo/DOID_0080110	0.92901993
http://ncicb.nci.nih.gov/xml/owl/EVS/Thesaurus.owl#C101044	http://purl.obolibrary.org/obo/DOID_0080073	1.0
http://ncicb.nci.nih.gov/xml/owl/EVS/Thesaurus.owl#C101074	http://purl.obolibrary.org/obo/DOID_10487	1.0
http://ncicb.nci.nih.gov/xml/owl/EVS/Thesaurus.owl#C101201	http://purl.obolibrary.org/obo/DOID_0060326	1.0
http://ncicb.nci.nih.gov/xml/owl/EVS/Thesaurus.owl#C101209	http://purl.obolibrary.org/obo/DOID_1088	0.95909947
http://ncicb.nci.nih.gov/xml/owl/EVS/Thesaurus.owl#C101214	http://purl.obolibrary.org/obo/DOID_0080016	1.0
http://ncicb.nci.nih.gov/xml/owl/EVS/Thesaurus.owl#C101216	http://purl.obolibrary.org/obo/DOID_423	1.0
http://ncicb.nci.nih.gov/xml/owl/EVS/Thesaurus.owl#C101219	http://purl.obolibrary.org/obo/DOID_0080200	0.95542967
http://ncicb.nci.nih.gov/xml/owl/EVS/Thesaurus.owl#C101253	http://purl.obolibrary.org/obo/DOID_520	0.97056979
http://ncicb.nci.nih.gov/xml/owl/EVS/Thesaurus.owl#C101254	http://purl.obolibrary.org/obo/DOID_2388	1.0
http://ncicb.nci.nih.gov/xml/owl/EVS/Thesaurus.owl#C101270	http://purl.obolibrary.org/obo/DOID_12043	0.9919886
http://ncicb.nci.nih.gov/xml/owl/EVS/Thesaurus.owl#C101328	http://purl.obolibrary.org/obo/DOID_699	1.0
http://ncicb.nci.nih.gov/xml/owl/EVS/Thesaurus.owl#C101334	http://purl.obolibrary.org/obo/DOID_0060159	1.0
http://ncicb.nci.nih.gov/xml/owl/EVS/Thesaurus.owl#C102820	http://purl.obolibrary.org/obo/DOID_4560	0.96081376
http://ncicb.nci.nih.gov/xml/owl/EVS/Thesaurus.owl#C102870	http://purl.obolibrary.org/obo/DOID_5351	0.92065239
http://ncicb.nci.nih.gov/xml/owl/EVS/Thesaurus.owl#C102872	http://purl.obolibrary.org/obo/DOID_0050921	0.90184259
http://ncicb.nci.nih.gov/xml/owl/EVS/Thesaurus.owl#C102979	http://purl.obolibrary.org/obo/DOID_11111	0.90633804
http://ncicb.nci.nih.gov/xml/owl/EVS/Thesaurus.owl#C103817	http://purl.obolibrary.org/obo/DOID_10283	0.91968876
http://ncicb.nci.nih.gov/xml/owl/EVS/Thesaurus.owl#C103921	http://purl.obolibrary.org/obo/DOID_0050453	1.0
http://ncicb.nci.nih.gov/xml/owl/EVS/Thesaurus.owl#C105595	http://purl.obolibrary.org/obo/DOID_1088	1.0
http://ncicb.nci.nih.gov/xml/owl/EVS/Thesaurus.owl#C107377	http://purl.obolibrary.org/obo/DOID_17	0.97890878
http://ncicb.nci.nih.gov/xml/owl/EVS/Thesaurus.owl#C110923	http://purl.obolibrary.org/obo/DOID_8886	1.0
http://ncicb.nci.nih.gov/xml/owl/EVS/Thesaurus.owl#C110940	http://purl.obolibrary.org/obo/DOID_9410	1.0
http://ncicb.nci.nih.gov/xml/owl/EVS/Thesaurus.owl#C111648	http://purl.obolibrary.org/obo/DOID_0060674	0.92735314
http://ncicb.nci.nih.gov/xml/owl/EVS/Thesaurus.owl#C111692	http://purl.obolibrary.org/obo/DOID_0050804	0.97263491
http://ncicb.nci.nih.gov/xml/owl/EVS/Thesaurus.owl#C111693	http://purl.obolibrary.org/obo/DOID_0050806	0.96877283
http://ncicb.nci.nih.gov/xml/owl/EVS/Thesaurus.owl#C111694	http://purl.obolibrary.org/obo/DOID_0050803	0.9699136
http://ncicb.nci.nih.gov/xml/owl/EVS/Thesaurus.owl#C111695	http://purl.obolibrary.org/obo/DOID_0050805	0.97845954
http://ncicb.nci.nih.gov/xml/owl/EVS/Thesaurus.owl#C111802	http://purl.obolibrary.org/obo/DOID_2729	1.0
http://ncicb.nci.nih.gov/xml/owl/EVS/Thesaurus.owl#C111814	http://purl.obolibrary.org/obo/DOID_0060833	1.0
http://ncicb.nci.nih.gov/xml/owl/EVS/Thesaurus.owl#C111888	http://purl.obolibrary.org/obo/DOID_8741	1.0
http://ncicb.nci.nih.gov/xml/owl/EVS/Thesaurus.owl#C111963	http://purl.obolibrary.org/obo/DOID_3309	1.0
http://ncicb.nci.nih.gov/xml/owl/EVS/Thesaurus.owl#C112181	http://purl.obolibrary.org/obo/DOID_11917	0.93268734
http://ncicb.nci.nih.gov/xml/owl/EVS/Thesaurus.owl#C112183	http://purl.obolibrary.org/obo/DOID_9423	1.0
http://ncicb.nci.nih.gov/xml/owl/EVS/Thesaurus.owl#C112198	http://purl.obolibrary.org/obo/DOID_0060312	1.0
http://ncicb.nci.nih.gov/xml/owl/EVS/Thesaurus.owl#C112200	http://purl.obolibrary.org/obo/DOID_1943	1.0
http://ncicb.nci.nih.gov/xml/owl/EVS/Thesaurus.owl#C112210	http://purl.obolibrary.org/obo/DOID_865	0.9475559
http://ncicb.nci.nih.gov/xml/owl/EVS/Thesaurus.owl#C112831	http://purl.obolibrary.org/obo/DOID_1702	0.92369896
http://ncicb.nci.nih.gov/xml/owl/EVS/Thesaurus.owl#C112843	http://purl.obolibrary.org/obo/DOID_13129	1.0
http://ncicb.nci.nih.gov/xml/owl/EVS/Thesaurus.owl#C113144	http://purl.obolibrary.org/obo/DOID_1459	0.94695705
http://ncicb.nci.nih.gov/xml/owl/EVS/Thesaurus.owl#C113170	http://purl.obolibrary.org/obo/DOID_2856	1.0
http://ncicb.nci.nih.gov/xml/owl/EVS/Thesaurus.owl#C113335	http://purl.obolibrary.org/obo/DOID_12466	1.0
http://ncicb.nci.nih.gov/xml/owl/EVS/Thesaurus.owl#C113347	http://purl.obolibrary.org/obo/DOID_0090070	1.0
http://ncicb.nci.nih.gov/xml/owl/EVS/Thesaurus.owl#C113400	http://purl.obolibrary.org/obo/DOID_11823	1.0
http://ncicb.nci.nih.gov/xml/owl/EVS/Thesaurus.owl#C113824	http://purl.obolibrary.org/obo/DOID_13576	0.99013972
http://ncicb.nci.nih.gov/xml/owl/EVS/Thesaurus.owl#C114281	http://purl.obolibrary.org/obo/DOID_10301	1.0
http://ncicb.nci.nih.gov/xml/owl/EVS/Thesaurus.owl#C114346	http://purl.obolibrary.org/obo/DOID_1557	0.94261009
http://ncicb.nci.nih.gov/xml/owl/EVS/Thesaurus.owl#C114357	http://purl.obolibrary.org/obo/DOID_676	1.0
http://ncicb.nci.nih.gov/xml/owl/EVS/Thesaurus.owl#C114656	http://purl.obolibrary.org/obo/DOID_5631	1.0
http://ncicb.nci.nih.gov/xml/owl/EVS/Thesaurus.owl#C114666	http://purl.obolibrary.org/obo/DOID_0050859	1.0
http://ncicb.nci.nih.gov/xml/owl/EVS/Thesaurus.owl#C114667	http://purl.obolibrary.org/obo/DOID_585	1.0
http://ncicb.nci.nih.gov/xml/owl/EVS/Thesaurus.owl#C114696	http://purl.obolibrary.org/obo/DOID_14146	1.0
http://ncicb.nci.nih.gov/xml/owl/EVS/Thesaurus.owl#C114705	http://purl.obolibrary.org/obo/DOID_0080108	1.0
http://ncicb.nci.nih.gov/xml/owl/EVS/Thesaurus.owl#C114766	http://purl.obolibrary.org/obo/DOID_0060235	1.0
http://ncicb.nci.nih.gov/xml/owl/EVS/Thesaurus.owl#C114767	http://purl.obolibrary.org/obo/DOID_14695	1.0
http://ncicb.nci.nih.gov/xml/owl/EVS/Thesaurus.owl#C114768	http://purl.obolibrary.org/obo/DOID_0050466	0.92015773
http://ncicb.nci.nih.gov/xml/owl/EVS/Thesaurus.owl#C114769	http://purl.obolibrary.org/obo/DOID_0050524	1.0
http://ncicb.nci.nih.gov/xml/owl/EVS/Thesaurus.owl#C114770	http://purl.obolibrary.org/obo/DOID_0050427	0.91693962
http://ncicb.nci.nih.gov/xml/owl/EVS/Thesaurus.owl#C114771	http://purl.obolibrary.org/obo/DOID_0050427	0.91406435
http://ncicb.nci.nih.gov/xml/owl/EVS/Thesaurus.owl#C114821	http://purl.obolibrary.org/obo/DOID_12466	0.95369023
http://ncicb.nci.nih.gov/xml/owl/EVS/Thesaurus.owl#C114828	http://purl.obolibrary.org/obo/DOID_0050929	1.0
http://ncicb.nci.nih.gov/xml/owl/EVS/Thesaurus.owl#C114899	http://purl.obolibrary.org/obo/DOID_0060334	1.0
http://ncicb.nci.nih.gov/xml/owl/EVS/Thesaurus.owl#C114902	http://purl.obolibrary.org/obo/DOID_0060639	1.0
http://ncicb.nci.nih.gov/xml/owl/EVS/Thesaurus.owl#C114906	http://purl.obolibrary.org/obo/DOID_12573	1.0
http://ncicb.nci.nih.gov/xml/owl/EVS/Thesaurus.owl#C114940	http://purl.obolibrary.org/obo/DOID_176	0.90694708
http://ncicb.nci.nih.gov/xml/owl/EVS/Thesaurus.owl#C115165	http://purl.obolibrary.org/obo/DOID_10303	0.95878696
http://ncicb.nci.nih.gov/xml/owl/EVS/Thesaurus.owl#C115207	http://purl.obolibrary.org/obo/DOID_0090118	1.0
http://ncicb.nci.nih.gov/xml/owl/EVS/Thesaurus.owl#C115326	http://purl.obolibrary.org/obo/DOID_0060067	1.0
http://ncicb.nci.nih.gov/xml/owl/EVS/Thesaurus.owl#C115965	http://purl.obolibrary.org/obo/DOID_0080178	1.0
http://ncicb.nci.nih.gov/xml/owl/EVS/Thesaurus.owl#C115993	http://purl.obolibrary.org/obo/DOID_3612	1.0
http://ncicb.nci.nih.gov/xml/owl/EVS/Thesaurus.owl#C116006	http://purl.obolibrary.org/obo/DOID_10456	1.0
http://ncicb.nci.nih.gov/xml/owl/EVS/Thesaurus.owl#C116007	http://purl.obolibrary.org/obo/DOID_9398	1.0
http://ncicb.nci.nih.gov/xml/owl/EVS/Thesaurus.owl#C116345	http://purl.obolibrary.org/obo/DOID_12842	1.0
http://ncicb.nci.nih.gov/xml/owl/EVS/Thesaurus.owl#C116347	http://purl.obolibrary.org/obo/DOID_1573	0.92606062
http://ncicb.nci.nih.gov/xml/owl/EVS/Thesaurus.owl#C116381	http://purl.obolibrary.org/obo/DOID_1803	1.0
http://ncicb.nci.nih.gov/xml/owl/EVS/Thesaurus.owl#C116593	http://purl.obolibrary.org/obo/DOID_308	1.0
http://ncicb.nci.nih.gov/xml/owl/EVS/Thesaurus.owl#C116757	http://purl.obolibrary.org/obo/DOID_480	0.95738876
http://ncicb.nci.nih.gov/xml/owl/EVS/Thesaurus.owl#C116767	http://purl.obolibrary.org/obo/DOID_2768	1.0
http://ncicb.nci.nih.gov/xml/owl/EVS/Thesaurus.owl#C116768	http://purl.obolibrary.org/obo/DOID_10600	1.0
http://ncicb.nci.nih.gov/xml/owl/EVS/Thesaurus.owl#C116776	http://purl.obolibrary.org/obo/DOID_65	0.90639114
http://ncicb.nci.nih.gov/xml/owl/EVS/Thesaurus.owl#C116778	http://purl.obolibrary.org/obo/DOID_1123	0.90760177
http://ncicb.nci.nih.gov/xml/owl/EVS/Thesaurus.owl#C116779	http://purl.obolibrary.org/obo/DOID_6590	1.0
http://ncicb.nci.nih.gov/xml/owl/EVS/Thesaurus.owl#C116794	http://purl.obolibrary.org/obo/DOID_0050678	1.0
http://ncicb.nci.nih.gov/xml/owl/EVS/Thesaurus.owl#C116810	http://purl.obolibrary.org/obo/DOID_9577	1.0
http://ncicb.nci.nih.gov/xml/owl/EVS/Thesaurus.owl#C116812	http://purl.obolibrary.org/obo/DOID_1508	0.93571365
http://ncicb.nci.nih.gov/xml/owl/EVS/Thesaurus.owl#C116813	http://purl.obolibrary.org/obo/DOID_1508	0.95135784
http://ncicb.nci.nih.gov/xml/owl/EVS/Thesaurus.owl#C116814	http://purl.obolibrary.org/obo/DOID_13521	1.0
http://ncicb.nci.nih.gov/xml/owl/EVS/Thesaurus.owl#C116815	http://purl.obolibrary.org/obo/DOID_9699	1.0
http://ncicb.nci.nih.gov/xml/owl/EVS/Thesaurus.owl#C116903	http://purl.obolibrary.org/obo/DOID_0050669	1.0
http://ncicb.nci.nih.gov/xml/owl/EVS/Thesaurus.owl#C116904	http://purl.obolibrary.org/obo/DOID_10970	1.0
http://ncicb.nci.nih.gov/xml/owl/EVS/Thesaurus.owl#C116905	http://purl.obolibrary.org/obo/DOID_10967	1.0
http://ncicb.nci.nih.gov/xml/owl/EVS/Thesaurus.owl#C116906	http://purl.obolibrary.org/obo/DOID_0050670	1.0
http://ncicb.nci.nih.gov/xml/owl/EVS/Thesaurus.owl#C116973	http://purl.obolibrary.org/obo/DOID_3385	1.0
http://ncicb.nci.nih.gov/xml/owl/EVS/Thesaurus.owl#C117004	http://purl.obolibrary.org/obo/DOID_12783	1.0
http://ncicb.nci.nih.gov/xml/owl/EVS/Thesaurus.owl#C117005	http://purl.obolibrary.org/obo/DOID_10024	1.0
http://ncicb.nci.nih.gov/xml/owl/EVS/Thesaurus.owl#C117009	http://purl.obolibrary.org/obo/DOID_0060178	1.0
http://ncicb.nci.nih.gov/xml/owl/EVS/Thesaurus.owl#C117011	http://purl.obolibrary.org/obo/DOID_0060178	0.93868583
http://ncicb.nci.nih.gov/xml/owl/EVS/Thesaurus.owl#C117074	http://purl.obolibrary.org/obo/DOID_12098	0.91552675
http://ncicb.nci.nih.gov/xml/owl/EVS/Thesaurus.owl#C117104	http://purl.obolibrary.org/obo/DOID_9074	0.91963208
http://ncicb.nci.nih.gov/xml/owl/EVS/Thesaurus.owl#C117111	http://purl.obolibrary.org/obo/DOID_0050169	0.94411641
http://ncicb.nci.nih.gov/xml/owl/EVS/Thesaurus.owl#C117112	http://purl.obolibrary.org/obo/DOID_8857	0.91378444
http://ncicb.nci.nih.gov/xml/owl/EVS/Thesaurus.owl#C117115	http://purl.obolibrary.org/obo/DOID_3146	1.0
http://ncicb.nci.nih.gov/xml/owl/EVS/Thesaurus.owl#C117254	http://purl.obolibrary.org/obo/DOID_1927	1.0
http://ncicb.nci.nih.gov/xml/owl/EVS/Thesaurus.owl#C117295	http://purl.obolibrary.org/obo/DOID_9810	0.95036381
http://ncicb.nci.nih.gov/xml/owl/EVS/Thesaurus.owl#C117308	http://purl.obolibrary.org/obo/DOID_14043	0.94094807
http://ncicb.nci.nih.gov/xml/owl/EVS/Thesaurus.owl#C118297	http://purl.obolibrary.org/obo/DOID_9470	1.0
http://ncicb.nci.nih.gov/xml/owl/EVS/Thesaurus.owl#C118298	http://purl.obolibrary.org/obo/DOID_10310	1.0
http://ncicb.nci.nih.gov/xml/owl/EVS/Thesaurus.owl#C118299	http://purl.obolibrary.org/obo/DOID_12157	1.0
http://ncicb.nci.nih.gov/xml/owl/EVS/Thesaurus.owl#C118375	http://purl.obolibrary.org/obo/DOID_0060321	1.0
http://ncicb.nci.nih.gov/xml/owl/EVS/Thesaurus.owl#C118422	http://purl.obolibrary.org/obo/DOID_682	1.0
http://ncicb.nci.nih.gov/xml/owl/EVS/Thesaurus.owl#C118423	http://purl.obolibrary.org/obo/DOID_4257	1.0
http://ncicb.nci.nih.gov/xml/owl/EVS/Thesaurus.owl#C118435	http://purl.obolibrary.org/obo/DOID_0060257	1.0
http://ncicb.nci.nih.gov/xml/owl/EVS/Thesaurus.owl#C118436	http://purl.obolibrary.org/obo/DOID_0090001	1.0
http://ncicb.nci.nih.gov/xml/owl/EVS/Thesaurus.owl#C118437	http://purl.obolibrary.org/obo/DOID_11721	1.0
http://ncicb.nci.nih.gov/xml/owl/EVS/Thesaurus.owl#C118438	http://purl.obolibrary.org/obo/DOID_0110941	1.0
http://ncicb.nci.nih.gov/xml/owl/EVS/Thesaurus.owl#C118460	http://purl.obolibrary.org/obo/DOID_14798	1.0
http://ncicb.nci.nih.gov/xml/owl/EVS/Thesaurus.owl#C118632	http://purl.obolibrary.org/obo/DOID_1935	1.0
http://ncicb.nci.nih.gov/xml/owl/EVS/Thesaurus.owl#C118635	http://purl.obolibrary.org/obo/DOID_0080047	1.0
http://ncicb.nci.nih.gov/xml/owl/EVS/Thesaurus.owl#C118697	http://purl.obolibrary.org/obo/DOID_0080041	1.0
http://ncicb.nci.nih.gov/xml/owl/EVS/Thesaurus.owl#C118707	http://purl.obolibrary.org/obo/DOID_11831	1.0
http://ncicb.nci.nih.gov/xml/owl/EVS/Thesaurus.owl#C118712	http://purl.obolibrary.org/obo/DOID_13912	1.0
http://ncicb.nci.nih.gov/xml/owl/EVS/Thesaurus.owl#C118750	http://purl.obolibrary.org/obo/DOID_13626	1.0
http://ncicb.nci.nih.gov/xml/owl/EVS/Thesaurus.owl#C118763	http://purl.obolibrary.org/obo/DOID_9370	1.0
http://ncicb.nci.nih.gov/xml/owl/EVS/Thesaurus.owl#C118764	http://purl.obolibrary.org/obo/DOID_10376	1.0
http://ncicb.nci.nih.gov/xml/owl/EVS/Thesaurus.owl#C118765	http://purl.obolibrary.org/obo/DOID_11164	1.0
http://ncicb.nci.nih.gov/xml/owl/EVS/Thesaurus.owl#C118782	http://purl.obolibrary.org/obo/DOID_0110152	1.0
http://ncicb.nci.nih.gov/xml/owl/EVS/Thesaurus.owl#C118784	http://purl.obolibrary.org/obo/DOID_0110928	1.0
http://ncicb.nci.nih.gov/xml/owl/EVS/Thesaurus.owl#C118785	http://purl.obolibrary.org/obo/DOID_0050633	0.91542149
http://ncicb.nci.nih.gov/xml/owl/EVS/Thesaurus.owl#C118786	http://purl.obolibrary.org/obo/DOID_0060055	1.0
http://ncicb.nci.nih.gov/xml/owl/EVS/Thesaurus.owl#C118788	http://purl.obolibrary.org/obo/DOID_0050661	1.0
http://ncicb.nci.nih.gov/xml/owl/EVS/Thesaurus.owl#C118822	http://purl.obolibrary.org/obo/DOID_0050892	0.90139145
http://ncicb.nci.nih.gov/xml/owl/EVS/Thesaurus.owl#C118843	http://purl.obolibrary.org/obo/DOID_0050631	1.0
http://ncicb.nci.nih.gov/xml/owl/EVS/Thesaurus.owl#C118859	http://purl.obolibrary.org/obo/DOID_2450	1.0
http://ncicb.nci.nih.gov/xml/owl/EVS/Thesaurus.owl#C119042	http://purl.obolibrary.org/obo/DOID_0060645	1.0
http://ncicb.nci.nih.gov/xml/owl/EVS/Thesaurus.owl#C119043	http://purl.obolibrary.org/obo/DOID_0090063	0.90387559
http://ncicb.nci.nih.gov/xml/owl/EVS/Thesaurus.owl#C119046	http://purl.obolibrary.org/obo/DOID_13452	1.0
http://ncicb.nci.nih.gov/xml/owl/EVS/Thesaurus.owl#C119051	http://purl.obolibrary.org/obo/DOID_0090018	1.0
http://ncicb.nci.nih.gov/xml/owl/EVS/Thesaurus.owl#C119053	http://purl.obolibrary.org/obo/DOID_0090061	1.0
http://ncicb.nci.nih.gov/xml/owl/EVS/Thesaurus.owl#C119054	http://purl.obolibrary.org/obo/DOID_0050854	1.0
http://ncicb.nci.nih.gov/xml/owl/EVS/Thesaurus.owl#C119676	http://purl.obolibrary.org/obo/DOID_0090031	1.0
http://ncicb.nci.nih.gov/xml/owl/EVS/Thesaurus.owl#C119677	http://purl.obolibrary.org/obo/DOID_0060602	1.0
http://ncicb.nci.nih.gov/xml/owl/EVS/Thesaurus.owl#C119734	http://purl.obolibrary.org/obo/DOID_870	1.0
http://ncicb.nci.nih.gov/xml/owl/EVS/Thesaurus.owl#C120046	http://purl.obolibrary.org/obo/DOID_0080102	1.0
http://ncicb.nci.nih.gov/xml/owl/EVS/Thesaurus.owl#C120083	http://purl.obolibrary.org/obo/DOID_3883	1.0
http://ncicb.nci.nih.gov/xml/owl/EVS/Thesaurus.owl#C120162	http://purl.obolibrary.org/obo/DOID_0090070	0.92332053
http://ncicb.nci.nih.gov/xml/owl/EVS/Thesaurus.owl#C120188	http://purl.obolibrary.org/obo/DOID_0050791	1.0
http://ncicb.nci.nih.gov/xml/owl/EVS/Thesaurus.owl#C120191	http://purl.obolibrary.org/obo/DOID_4674	0.95259577
http://ncicb.nci.nih.gov/xml/owl/EVS/Thesaurus.owl#C120192	http://purl.obolibrary.org/obo/DOID_4674	0.94829202
http://ncicb.nci.nih.gov/xml/owl/EVS/Thesaurus.owl#C120197	http://purl.obolibrary.org/obo/DOID_14450	1.0
http://ncicb.nci.nih.gov/xml/owl/EVS/Thesaurus.owl#C120198	http://purl.obolibrary.org/obo/DOID_14448	1.0
http://ncicb.nci.nih.gov/xml/owl/EVS/Thesaurus.owl#C120408	http://purl.obolibrary.org/obo/DOID_0060401	0.90754801
http://ncicb.nci.nih.gov/xml/owl/EVS/Thesaurus.owl#C120888	http://purl.obolibrary.org/obo/DOID_0050851	1.0
http://ncicb.nci.nih.gov/xml/owl/EVS/Thesaurus.owl#C121207	http://purl.obolibrary.org/obo/DOID_0050862	0.94968182
http://ncicb.nci.nih.gov/xml/owl/EVS/Thesaurus.owl#C121563	http://purl.obolibrary.org/obo/DOID_0060439	1.0
http://ncicb.nci.nih.gov/xml/owl/EVS/Thesaurus.owl#C121564	http://purl.obolibrary.org/obo/DOID_0060350	1.0
http://ncicb.nci.nih.gov/xml/owl/EVS/Thesaurus.owl#C121572	http://purl.obolibrary.org/obo/DOID_3223	0.93011218
http://ncicb.nci.nih.gov/xml/owl/EVS/Thesaurus.owl#C121619	http://purl.obolibrary.org/obo/DOID_5677	0.91411108
http://ncicb.nci.nih.gov/xml/owl/EVS/Thesaurus.owl#C121745	http://purl.obolibrary.org/obo/DOID_0060744	1.0
http://ncicb.nci.nih.gov/xml/owl/EVS/Thesaurus.owl#C121932	http://purl.obolibrary.org/obo/DOID_4305	0.90794581
http://ncicb.nci.nih.gov/xml/owl/EVS/Thesaurus.owl#C122577	http://purl.obolibrary.org/obo/DOID_9362	1.0
http://ncicb.nci.nih.gov/xml/owl/EVS/Thesaurus.owl#C12264	http://purl.obolibrary.org/obo/DOID_9487	1.0
http://ncicb.nci.nih.gov/xml/owl/EVS/Thesaurus.owl#C122653	http://purl.obolibrary.org/obo/DOID_0060162	1.0
http://ncicb.nci.nih.gov/xml/owl/EVS/Thesaurus.owl#C122654	http://purl.obolibrary.org/obo/DOID_0110092	1.0
http://ncicb.nci.nih.gov/xml/owl/EVS/Thesaurus.owl#C122656	http://purl.obolibrary.org/obo/DOID_0060773	1.0
http://ncicb.nci.nih.gov/xml/owl/EVS/Thesaurus.owl#C122657	http://purl.obolibrary.org/obo/DOID_0060021	1.0
http://ncicb.nci.nih.gov/xml/owl/EVS/Thesaurus.owl#C122659	http://purl.obolibrary.org/obo/DOID_0110164	1.0
http://ncicb.nci.nih.gov/xml/owl/EVS/Thesaurus.owl#C122661	http://purl.obolibrary.org/obo/DOID_2752	0.91667992
http://ncicb.nci.nih.gov/xml/owl/EVS/Thesaurus.owl#C122662	http://purl.obolibrary.org/obo/DOID_0050594	0.99388242
http://ncicb.nci.nih.gov/xml/owl/EVS/Thesaurus.owl#C122664	http://purl.obolibrary.org/obo/DOID_0060868	1.0
http://ncicb.nci.nih.gov/xml/owl/EVS/Thesaurus.owl#C122685	http://purl.obolibrary.org/obo/DOID_11716	0.9634375
http://ncicb.nci.nih.gov/xml/owl/EVS/Thesaurus.owl#C122782	http://purl.obolibrary.org/obo/DOID_12802	1.0
http://ncicb.nci.nih.gov/xml/owl/EVS/Thesaurus.owl#C122791	http://purl.obolibrary.org/obo/DOID_14452	0.90738785
http://ncicb.nci.nih.gov/xml/owl/EVS/Thesaurus.owl#C122796	http://purl.obolibrary.org/obo/DOID_2590	0.91219485
http://ncicb.nci.nih.gov/xml/owl/EVS/Thesaurus.owl#C122805	http://purl.obolibrary.org/obo/DOID_0050438	1.0
http://ncicb.nci.nih.gov/xml/owl/EVS/Thesaurus.owl#C122811	http://purl.obolibrary.org/obo/DOID_0060170	1.0
http://ncicb.nci.nih.gov/xml/owl/EVS/Thesaurus.owl#C122812	http://purl.obolibrary.org/obo/DOID_2234	1.0
http://ncicb.nci.nih.gov/xml/owl/EVS/Thesaurus.owl#C122814	http://purl.obolibrary.org/obo/DOID_0050709	1.0
http://ncicb.nci.nih.gov/xml/owl/EVS/Thesaurus.owl#C122822	http://purl.obolibrary.org/obo/DOID_10211	1.0
http://ncicb.nci.nih.gov/xml/owl/EVS/Thesaurus.owl#C122919	http://purl.obolibrary.org/obo/DOID_865	0.9030568
http://ncicb.nci.nih.gov/xml/owl/EVS/Thesaurus.owl#C122991	http://purl.obolibrary.org/obo/DOID_9622	0.97447813
http://ncicb.nci.nih.gov/xml/owl/EVS/Thesaurus.owl#C123018	http://purl.obolibrary.org/obo/DOID_0111101	1.0
http://ncicb.nci.nih.gov/xml/owl/EVS/Thesaurus.owl#C123020	http://purl.obolibrary.org/obo/DOID_9733	1.0
http://ncicb.nci.nih.gov/xml/owl/EVS/Thesaurus.owl#C123032	http://purl.obolibrary.org/obo/DOID_11400	0.9130196
http://ncicb.nci.nih.gov/xml/owl/EVS/Thesaurus.owl#C123038	http://purl.obolibrary.org/obo/DOID_11401	1.0
http://ncicb.nci.nih.gov/xml/owl/EVS/Thesaurus.owl#C123055	http://purl.obolibrary.org/obo/DOID_2920	0.93802768
http://ncicb.nci.nih.gov/xml/owl/EVS/Thesaurus.owl#C123060	http://purl.obolibrary.org/obo/DOID_10976	0.90644968
http://ncicb.nci.nih.gov/xml/owl/EVS/Thesaurus.owl#C123158	http://purl.obolibrary.org/obo/DOID_2977	1.0
http://ncicb.nci.nih.gov/xml/owl/EVS/Thesaurus.owl#C123159	http://purl.obolibrary.org/obo/DOID_4022	1.0
http://ncicb.nci.nih.gov/xml/owl/EVS/Thesaurus.owl#C123174	http://purl.obolibrary.org/obo/DOID_7127	1.0
http://ncicb.nci.nih.gov/xml/owl/EVS/Thesaurus.owl#C123175	http://purl.obolibrary.org/obo/DOID_13507	1.0
http://ncicb.nci.nih.gov/xml/owl/EVS/Thesaurus.owl#C123200	http://purl.obolibrary.org/obo/DOID_12712	1.0
http://ncicb.nci.nih.gov/xml/owl/EVS/Thesaurus.owl#C123207	http://purl.obolibrary.org/obo/DOID_0080174	1.0
http://ncicb.nci.nih.gov/xml/owl/EVS/Thesaurus.owl#C123212	http://purl.obolibrary.org/obo/DOID_2977	0.93181247
http://ncicb.nci.nih.gov/xml/owl/EVS/Thesaurus.owl#C123213	http://purl.obolibrary.org/obo/DOID_2977	0.9178673
http://ncicb.nci.nih.gov/xml/owl/EVS/Thesaurus.owl#C123214	http://purl.obolibrary.org/obo/DOID_2977	0.91750932
http://ncicb.nci.nih.gov/xml/owl/EVS/Thesaurus.owl#C123215	http://purl.obolibrary.org/obo/DOID_559	1.0
http://ncicb.nci.nih.gov/xml/owl/EVS/Thesaurus.owl#C123216	http://purl.obolibrary.org/obo/DOID_1076	1.0
http://ncicb.nci.nih.gov/xml/owl/EVS/Thesaurus.owl#C123223	http://purl.obolibrary.org/obo/DOID_12554	0.92004466
http://ncicb.nci.nih.gov/xml/owl/EVS/Thesaurus.owl#C123230	http://purl.obolibrary.org/obo/DOID_0090006	1.0
http://ncicb.nci.nih.gov/xml/owl/EVS/Thesaurus.owl#C123231	http://purl.obolibrary.org/obo/DOID_4367	0.99115193
http://ncicb.nci.nih.gov/xml/owl/EVS/Thesaurus.owl#C123251	http://purl.obolibrary.org/obo/DOID_4479	0.91709977
http://ncicb.nci.nih.gov/xml/owl/EVS/Thesaurus.owl#C123259	http://purl.obolibrary.org/obo/DOID_11994	0.96216655
http://ncicb.nci.nih.gov/xml/owl/EVS/Thesaurus.owl#C123260	http://purl.obolibrary.org/obo/DOID_0050699	1.0
http://ncicb.nci.nih.gov/xml/owl/EVS/Thesaurus.owl#C123262	http://purl.obolibrary.org/obo/DOID_0060699	1.0
http://ncicb.nci.nih.gov/xml/owl/EVS/Thesaurus.owl#C123263	http://purl.obolibrary.org/obo/DOID_0060879	1.0
http://ncicb.nci.nih.gov/xml/owl/EVS/Thesaurus.owl#C123265	http://purl.obolibrary.org/obo/DOID_0050445	1.0
http://ncicb.nci.nih.gov/xml/owl/EVS/Thesaurus.owl#C123308	http://purl.obolibrary.org/obo/DOID_11722	1.0
http://ncicb.nci.nih.gov/xml/owl/EVS/Thesaurus.owl#C123330	http://purl.obolibrary.org/obo/DOID_4448	1.0
http://ncicb.nci.nih.gov/xml/owl/EVS/Thesaurus.owl#C123397	http://purl.obolibrary.org/obo/DOID_3260	0.94875336
http://ncicb.nci.nih.gov/xml/owl/EVS/Thesaurus.owl#C123412	http://purl.obolibrary.org/obo/DOID_0110042	0.94023156
http://ncicb.nci.nih.gov/xml/owl/EVS/Thesaurus.owl#C123413	http://purl.obolibrary.org/obo/DOID_0110040	0.94805402
http://ncicb.nci.nih.gov/xml/owl/EVS/Thesaurus.owl#C123429	http://purl.obolibrary.org/obo/DOID_14451	1.0
http://ncicb.nci.nih.gov/xml/owl/EVS/Thesaurus.owl#C123433	http://purl.obolibrary.org/obo/DOID_9274	1.0
http://ncicb.nci.nih.gov/xml/owl/EVS/Thesaurus.owl#C123436	http://purl.obolibrary.org/obo/DOID_0080201	1.0
http://ncicb.nci.nih.gov/xml/owl/EVS/Thesaurus.owl#C123438	http://purl.obolibrary.org/obo/DOID_0050558	1.0
http://ncicb.nci.nih.gov/xml/owl/EVS/Thesaurus.owl#C123725	http://purl.obolibrary.org/obo/DOID_0080156	1.0
http://ncicb.nci.nih.gov/xml/owl/EVS/Thesaurus.owl#C123813	http://purl.obolibrary.org/obo/DOID_0050660	1.0
http://ncicb.nci.nih.gov/xml/owl/EVS/Thesaurus.owl#C123907	http://purl.obolibrary.org/obo/DOID_3675	0.94128013
http://ncicb.nci.nih.gov/xml/owl/EVS/Thesaurus.owl#C124056	http://purl.obolibrary.org/obo/DOID_0060462	1.0
http://ncicb.nci.nih.gov/xml/owl/EVS/Thesaurus.owl#C124057	http://purl.obolibrary.org/obo/DOID_0060267	0.94374418
http://ncicb.nci.nih.gov/xml/owl/EVS/Thesaurus.owl#C124292	http://purl.obolibrary.org/obo/DOID_3545	0.9508034
http://ncicb.nci.nih.gov/xml/owl/EVS/Thesaurus.owl#C124517	http://purl.obolibrary.org/obo/DOID_1088	0.97310376
http://ncicb.nci.nih.gov/xml/owl/EVS/Thesaurus.owl#C124538	http://purl.obolibrary.org/obo/DOID_0060604	1.0
http://ncicb.nci.nih.gov/xml/owl/EVS/Thesaurus.owl#C124575	http://purl.obolibrary.org/obo/DOID_3765	1.0
http://ncicb.nci.nih.gov/xml/owl/EVS/Thesaurus.owl#C124837	http://purl.obolibrary.org/obo/DOID_0060473	1.0
http://ncicb.nci.nih.gov/xml/owl/EVS/Thesaurus.owl#C124838	http://purl.obolibrary.org/obo/DOID_0050567	0.93399864
http://ncicb.nci.nih.gov/xml/owl/EVS/Thesaurus.owl#C124841	http://purl.obolibrary.org/obo/DOID_4501	0.92529714
http://ncicb.nci.nih.gov/xml/owl/EVS/Thesaurus.owl#C124852	http://purl.obolibrary.org/obo/DOID_0060469	1.0
http://ncicb.nci.nih.gov/xml/owl/EVS/Thesaurus.owl#C125383	http://purl.obolibrary.org/obo/DOID_9240	0.95679528
http://ncicb.nci.nih.gov/xml/owl/EVS/Thesaurus.owl#C125487	http://purl.obolibrary.org/obo/DOID_0050780	1.0
http://ncicb.nci.nih.gov/xml/owl/EVS/Thesaurus.owl#C125488	http://purl.obolibrary.org/obo/DOID_0050569	1.0
http://ncicb.nci.nih.gov/xml/owl/EVS/Thesaurus.owl#C125591	http://purl.obolibrary.org/obo/DOID_14796	1.0
http://ncicb.nci.nih.gov/xml/owl/EVS/Thesaurus.owl#C125592	http://purl.obolibrary.org/obo/DOID_0060468	1.0
http://ncicb.nci.nih.gov/xml/owl/EVS/Thesaurus.owl#C125594	http://purl.obolibrary.org/obo/DOID_0080045	1.0
http://ncicb.nci.nih.gov/xml/owl/EVS/Thesaurus.owl#C125598	http://purl.obolibrary.org/obo/DOID_0050568	1.0
http://ncicb.nci.nih.gov/xml/owl/EVS/Thesaurus.owl#C125599	http://purl.obolibrary.org/obo/DOID_14731	1.0
http://ncicb.nci.nih.gov/xml/owl/EVS/Thesaurus.owl#C125662	http://purl.obolibrary.org/obo/DOID_9348	1.0
http://ncicb.nci.nih.gov/xml/owl/EVS/Thesaurus.owl#C125663	http://purl.obolibrary.org/obo/DOID_0060286	0.9430781
http://ncicb.nci.nih.gov/xml/owl/EVS/Thesaurus.owl#C125664	http://purl.obolibrary.org/obo/DOID_0060145	1.0
http://ncicb.nci.nih.gov/xml/owl/EVS/Thesaurus.owl#C125693	http://purl.obolibrary.org/obo/DOID_0050649	1.0
http://ncicb.nci.nih.gov/xml/owl/EVS/Thesaurus.owl#C125694	http://purl.obolibrary.org/obo/DOID_0090019	1.0
http://ncicb.nci.nih.gov/xml/owl/EVS/Thesaurus.owl#C125695	http://purl.obolibrary.org/obo/DOID_4751	1.0
http://ncicb.nci.nih.gov/xml/owl/EVS/Thesaurus.owl#C125696	http://purl.obolibrary.org/obo/DOID_14720	1.0
http://ncicb.nci.nih.gov/xml/owl/EVS/Thesaurus.owl#C125697	http://purl.obolibrary.org/obo/DOID_13359	0.90985841
http://ncicb.nci.nih.gov/xml/owl/EVS/Thesaurus.owl#C125698	http://purl.obolibrary.org/obo/DOID_14757	1.0
http://ncicb.nci.nih.gov/xml/owl/EVS/Thesaurus.owl#C125699	http://purl.obolibrary.org/obo/DOID_14756	0.96018535
http://ncicb.nci.nih.gov/xml/owl/EVS/Thesaurus.owl#C125700	http://purl.obolibrary.org/obo/DOID_13359	0.90016174
http://ncicb.nci.nih.gov/xml/owl/EVS/Thesaurus.owl#C125702	http://purl.obolibrary.org/obo/DOID_0111095	1.0
http://ncicb.nci.nih.gov/xml/owl/EVS/Thesaurus.owl#C125703	http://purl.obolibrary.org/obo/DOID_0111098	1.0
http://ncicb.nci.nih.gov/xml/owl/EVS/Thesaurus.owl#C125704	http://purl.obolibrary.org/obo/DOID_0111087	1.0
http://ncicb.nci.nih.gov/xml/owl/EVS/Thesaurus.owl#C125705	http://purl.obolibrary.org/obo/DOID_0111089	1.0
http://ncicb.nci.nih.gov/xml/owl/EVS/Thesaurus.owl#C125706	http://purl.obolibrary.org/obo/DOID_0111083	1.0
http://ncicb.nci.nih.gov/xml/owl/EVS/Thesaurus.owl#C125707	http://purl.obolibrary.org/obo/DOID_0111088	1.0
http://ncicb.nci.nih.gov/xml/owl/EVS/Thesaurus.owl#C125708	http://purl.obolibrary.org/obo/DOID_0111086	1.0
http://ncicb.nci.nih.gov/xml/owl/EVS/Thesaurus.owl#C125709	http://purl.obolibrary.org/obo/DOID_0111084	1.0
http://ncicb.nci.nih.gov/xml/owl/EVS/Thesaurus.owl#C126295	http://purl.obolibrary.org/obo/DOID_0060706	1.0
http://ncicb.nci.nih.gov/xml/owl/EVS/Thesaurus.owl#C126326	http://purl.obolibrary.org/obo/DOID_5325	1.0
http://ncicb.nci.nih.gov/xml/owl/EVS/Thesaurus.owl#C126327	http://purl.obolibrary.org/obo/DOID_0110826	1.0
http://ncicb.nci.nih.gov/xml/owl/EVS/Thesaurus.owl#C126328	http://purl.obolibrary.org/obo/DOID_0110827	1.0
http://ncicb.nci.nih.gov/xml/owl/EVS/Thesaurus.owl#C126329	http://purl.obolibrary.org/obo/DOID_0110828	1.0
http://ncicb.nci.nih.gov/xml/owl/EVS/Thesaurus.owl#C126330	http://purl.obolibrary.org/obo/DOID_0090057	1.0
http://ncicb.nci.nih.gov/xml/owl/EVS/Thesaurus.owl#C126357	http://purl.obolibrary.org/obo/DOID_4490	0.94247633
http://ncicb.nci.nih.gov/xml/owl/EVS/Thesaurus.owl#C126498	http://purl.obolibrary.org/obo/DOID_5727	0.93722022
http://ncicb.nci.nih.gov/xml/owl/EVS/Thesaurus.owl#C126560	http://purl.obolibrary.org/obo/DOID_0060847	1.0
http://ncicb.nci.nih.gov/xml/owl/EVS/Thesaurus.owl#C126561	http://purl.obolibrary.org/obo/DOID_14504	1.0
http://ncicb.nci.nih.gov/xml/owl/EVS/Thesaurus.owl#C126562	http://purl.obolibrary.org/obo/DOID_0050958	1.0
http://ncicb.nci.nih.gov/xml/owl/EVS/Thesaurus.owl#C126566	http://purl.obolibrary.org/obo/DOID_0050879	0.91611373
http://ncicb.nci.nih.gov/xml/owl/EVS/Thesaurus.owl#C126651	http://purl.obolibrary.org/obo/DOID_0111074	1.0
http://ncicb.nci.nih.gov/xml/owl/EVS/Thesaurus.owl#C126689	http://purl.obolibrary.org/obo/DOID_14717	0.93913597
http://ncicb.nci.nih.gov/xml/owl/EVS/Thesaurus.owl#C126691	http://purl.obolibrary.org/obo/DOID_0110633	1.0
http://ncicb.nci.nih.gov/xml/owl/EVS/Thesaurus.owl#C126692	http://purl.obolibrary.org/obo/DOID_0060396	0.90703326
http://ncicb.nci.nih.gov/xml/owl/EVS/Thesaurus.owl#C126739	http://purl.obolibrary.org/obo/DOID_0110299	1.0
http://ncicb.nci.nih.gov/xml/owl/EVS/Thesaurus.owl#C126746	http://purl.obolibrary.org/obo/DOID_0060728	1.0
http://ncicb.nci.nih.gov/xml/owl/EVS/Thesaurus.owl#C126747	http://purl.obolibrary.org/obo/DOID_0060799	1.0
http://ncicb.nci.nih.gov/xml/owl/EVS/Thesaurus.owl#C126866	http://purl.obolibrary.org/obo/DOID_14504	1.0
http://ncicb.nci.nih.gov/xml/owl/EVS/Thesaurus.owl#C126875	http://purl.obolibrary.org/obo/DOID_2754	1.0
http://ncicb.nci.nih.gov/xml/owl/EVS/Thesaurus.owl#C126877	http://purl.obolibrary.org/obo/DOID_13777	1.0
http://ncicb.nci.nih.gov/xml/owl/EVS/Thesaurus.owl#C127160	http://purl.obolibrary.org/obo/DOID_4479	0.90236104
http://ncicb.nci.nih.gov/xml/owl/EVS/Thesaurus.owl#C127169	http://purl.obolibrary.org/obo/DOID_14450	0.92680091
http://ncicb.nci.nih.gov/xml/owl/EVS/Thesaurus.owl#C127170	http://purl.obolibrary.org/obo/DOID_14450	0.93457747
http://ncicb.nci.nih.gov/xml/owl/EVS/Thesaurus.owl#C128064	http://purl.obolibrary.org/obo/DOID_289	0.91419137
http://ncicb.nci.nih.gov/xml/owl/EVS/Thesaurus.owl#C128114	http://purl.obolibrary.org/obo/DOID_0090105	1.0
http://ncicb.nci.nih.gov/xml/owl/EVS/Thesaurus.owl#C128116	http://purl.obolibrary.org/obo/DOID_0110730	0.90210629
http://ncicb.nci.nih.gov/xml/owl/EVS/Thesaurus.owl#C128119	http://purl.obolibrary.org/obo/DOID_5204	1.0
http://ncicb.nci.nih.gov/xml/owl/EVS/Thesaurus.owl#C128145	http://purl.obolibrary.org/obo/DOID_0060852	1.0
http://ncicb.nci.nih.gov/xml/owl/EVS/Thesaurus.owl#C128187	http://purl.obolibrary.org/obo/DOID_0050573	1.0
http://ncicb.nci.nih.gov/xml/owl/EVS/Thesaurus.owl#C128192	http://purl.obolibrary.org/obo/DOID_0080141	0.93200374
http://ncicb.nci.nih.gov/xml/owl/EVS/Thesaurus.owl#C128332	http://purl.obolibrary.org/obo/DOID_6196	1.0
http://ncicb.nci.nih.gov/xml/owl/EVS/Thesaurus.owl#C128334	http://purl.obolibrary.org/obo/DOID_10458	1.0
http://ncicb.nci.nih.gov/xml/owl/EVS/Thesaurus.owl#C128335	http://purl.obolibrary.org/obo/DOID_0050150	1.0
http://ncicb.nci.nih.gov/xml/owl/EVS/Thesaurus.owl#C128336	http://purl.obolibrary.org/obo/DOID_5052	1.0
http://ncicb.nci.nih.gov/xml/owl/EVS/Thesaurus.owl#C128341	http://purl.obolibrary.org/obo/DOID_0050352	1.0
http://ncicb.nci.nih.gov/xml/owl/EVS/Thesaurus.owl#C128342	http://purl.obolibrary.org/obo/DOID_0050353	1.0
http://ncicb.nci.nih.gov/xml/owl/EVS/Thesaurus.owl#C128343	http://purl.obolibrary.org/obo/DOID_0050354	1.0
http://ncicb.nci.nih.gov/xml/owl/EVS/Thesaurus.owl#C128344	http://purl.obolibrary.org/obo/DOID_0050141	0.95214558
http://ncicb.nci.nih.gov/xml/owl/EVS/Thesaurus.owl#C128345	http://purl.obolibrary.org/obo/DOID_0050141	0.92541665
http://ncicb.nci.nih.gov/xml/owl/EVS/Thesaurus.owl#C128346	http://purl.obolibrary.org/obo/DOID_649	1.0
http://ncicb.nci.nih.gov/xml/owl/EVS/Thesaurus.owl#C128349	http://purl.obolibrary.org/obo/DOID_11302	1.0
http://ncicb.nci.nih.gov/xml/owl/EVS/Thesaurus.owl#C128359	http://purl.obolibrary.org/obo/DOID_4562	0.93984854
http://ncicb.nci.nih.gov/xml/owl/EVS/Thesaurus.owl#C128360	http://purl.obolibrary.org/obo/DOID_1080	0.95572376
http://ncicb.nci.nih.gov/xml/owl/EVS/Thesaurus.owl#C128368	http://purl.obolibrary.org/obo/DOID_0060322	1.0
http://ncicb.nci.nih.gov/xml/owl/EVS/Thesaurus.owl#C128369	http://purl.obolibrary.org/obo/DOID_1468	1.0
http://ncicb.nci.nih.gov/xml/owl/EVS/Thesaurus.owl#C128371	http://purl.obolibrary.org/obo/DOID_9531	0.96770459
http://ncicb.nci.nih.gov/xml/owl/EVS/Thesaurus.owl#C128373	http://purl.obolibrary.org/obo/DOID_14069	1.0
http://ncicb.nci.nih.gov/xml/owl/EVS/Thesaurus.owl#C128374	http://purl.obolibrary.org/obo/DOID_10361	1.0
http://ncicb.nci.nih.gov/xml/owl/EVS/Thesaurus.owl#C128382	http://purl.obolibrary.org/obo/DOID_876	1.0
http://ncicb.nci.nih.gov/xml/owl/EVS/Thesaurus.owl#C128385	http://purl.obolibrary.org/obo/DOID_0060310	1.0
http://ncicb.nci.nih.gov/xml/owl/EVS/Thesaurus.owl#C128386	http://purl.obolibrary.org/obo/DOID_14247	0.92462409
http://ncicb.nci.nih.gov/xml/owl/EVS/Thesaurus.owl#C128387	http://purl.obolibrary.org/obo/DOID_1217	0.95907319
http://ncicb.nci.nih.gov/xml/owl/EVS/Thesaurus.owl#C128388	http://purl.obolibrary.org/obo/DOID_888	1.0
http://ncicb.nci.nih.gov/xml/owl/EVS/Thesaurus.owl#C128389	http://purl.obolibrary.org/obo/DOID_882	1.0
http://ncicb.nci.nih.gov/xml/owl/EVS/Thesaurus.owl#C128390	http://purl.obolibrary.org/obo/DOID_884	1.0
http://ncicb.nci.nih.gov/xml/owl/EVS/Thesaurus.owl#C128391	http://purl.obolibrary.org/obo/DOID_10075	1.0
http://ncicb.nci.nih.gov/xml/owl/EVS/Thesaurus.owl#C128392	http://purl.obolibrary.org/obo/DOID_456	1.0
http://ncicb.nci.nih.gov/xml/owl/EVS/Thesaurus.owl#C128393	http://purl.obolibrary.org/obo/DOID_7033	1.0
http://ncicb.nci.nih.gov/xml/owl/EVS/Thesaurus.owl#C128394	http://purl.obolibrary.org/obo/DOID_0050256	1.0
http://ncicb.nci.nih.gov/xml/owl/EVS/Thesaurus.owl#C128395	http://purl.obolibrary.org/obo/DOID_11379	0.90047681
http://ncicb.nci.nih.gov/xml/owl/EVS/Thesaurus.owl#C128396	http://purl.obolibrary.org/obo/DOID_7457	1.0
http://ncicb.nci.nih.gov/xml/owl/EVS/Thesaurus.owl#C128397	http://purl.obolibrary.org/obo/DOID_0050259	1.0
http://ncicb.nci.nih.gov/xml/owl/EVS/Thesaurus.owl#C128398	http://purl.obolibrary.org/obo/DOID_10955	1.0
http://ncicb.nci.nih.gov/xml/owl/EVS/Thesaurus.owl#C128399	http://purl.obolibrary.org/obo/DOID_1252	1.0
http://ncicb.nci.nih.gov/xml/owl/EVS/Thesaurus.owl#C128400	http://purl.obolibrary.org/obo/DOID_11080	1.0
http://ncicb.nci.nih.gov/xml/owl/EVS/Thesaurus.owl#C128401	http://purl.obolibrary.org/obo/DOID_5502	1.0
http://ncicb.nci.nih.gov/xml/owl/EVS/Thesaurus.owl#C128402	http://purl.obolibrary.org/obo/DOID_8607	1.0
http://ncicb.nci.nih.gov/xml/owl/EVS/Thesaurus.owl#C128408	http://purl.obolibrary.org/obo/DOID_1733	1.0
http://ncicb.nci.nih.gov/xml/owl/EVS/Thesaurus.owl#C128409	http://purl.obolibrary.org/obo/DOID_12750	1.0
http://ncicb.nci.nih.gov/xml/owl/EVS/Thesaurus.owl#C128410	http://purl.obolibrary.org/obo/DOID_0050052	1.0
http://ncicb.nci.nih.gov/xml/owl/EVS/Thesaurus.owl#C128412	http://purl.obolibrary.org/obo/DOID_4156	1.0
http://ncicb.nci.nih.gov/xml/owl/EVS/Thesaurus.owl#C128413	http://purl.obolibrary.org/obo/DOID_4157	1.0
http://ncicb.nci.nih.gov/xml/owl/EVS/Thesaurus.owl#C128414	http://purl.obolibrary.org/obo/DOID_8200	1.0
http://ncicb.nci.nih.gov/xml/owl/EVS/Thesaurus.owl#C128415	http://purl.obolibrary.org/obo/DOID_401	1.0
http://ncicb.nci.nih.gov/xml/owl/EVS/Thesaurus.owl#C128418	http://purl.obolibrary.org/obo/DOID_9537	1.0
http://ncicb.nci.nih.gov/xml/owl/EVS/Thesaurus.owl#C128419	http://purl.obolibrary.org/obo/DOID_1328	1.0
http://ncicb.nci.nih.gov/xml/owl/EVS/Thesaurus.owl#C128420	http://purl.obolibrary.org/obo/DOID_0050495	1.0
http://ncicb.nci.nih.gov/xml/owl/EVS/Thesaurus.owl#C128421	http://purl.obolibrary.org/obo/DOID_3292	1.0
http://ncicb.nci.nih.gov/xml/owl/EVS/Thesaurus.owl#C128422	http://purl.obolibrary.org/obo/DOID_0050012	1.0
http://ncicb.nci.nih.gov/xml/owl/EVS/Thesaurus.owl#C128423	http://purl.obolibrary.org/obo/DOID_0060478	0.94390458
http://ncicb.nci.nih.gov/xml/owl/EVS/Thesaurus.owl#C128426	http://purl.obolibrary.org/obo/DOID_13035	1.0
http://ncicb.nci.nih.gov/xml/owl/EVS/Thesaurus.owl#C128438	http://purl.obolibrary.org/obo/DOID_5435	1.0
http://ncicb.nci.nih.gov/xml/owl/EVS/Thesaurus.owl#C128439	http://purl.obolibrary.org/obo/DOID_10881	1.0
http://ncicb.nci.nih.gov/xml/owl/EVS/Thesaurus.owl#C128441	http://purl.obolibrary.org/obo/DOID_0050398	0.90404552
http://ncicb.nci.nih.gov/xml/owl/EVS/Thesaurus.owl#C128802	http://purl.obolibrary.org/obo/DOID_0050605	1.0
http://ncicb.nci.nih.gov/xml/owl/EVS/Thesaurus.owl#C128806	http://purl.obolibrary.org/obo/DOID_1387	0.92686659
http://ncicb.nci.nih.gov/xml/owl/EVS/Thesaurus.owl#C129021	http://purl.obolibrary.org/obo/DOID_0060416	0.93346709
http://ncicb.nci.nih.gov/xml/owl/EVS/Thesaurus.owl#C129022	http://purl.obolibrary.org/obo/DOID_0110475	1.0
http://ncicb.nci.nih.gov/xml/owl/EVS/Thesaurus.owl#C129023	http://purl.obolibrary.org/obo/DOID_0110486	1.0
http://ncicb.nci.nih.gov/xml/owl/EVS/Thesaurus.owl#C129024	http://purl.obolibrary.org/obo/DOID_0110506	1.0
http://ncicb.nci.nih.gov/xml/owl/EVS/Thesaurus.owl#C129025	http://purl.obolibrary.org/obo/DOID_13641	1.0
http://ncicb.nci.nih.gov/xml/owl/EVS/Thesaurus.owl#C129026	http://purl.obolibrary.org/obo/DOID_0111091	1.0
http://ncicb.nci.nih.gov/xml/owl/EVS/Thesaurus.owl#C129027	http://purl.obolibrary.org/obo/DOID_0111097	1.0
http://ncicb.nci.nih.gov/xml/owl/EVS/Thesaurus.owl#C129029	http://purl.obolibrary.org/obo/DOID_0050720	0.92110837
http://ncicb.nci.nih.gov/xml/owl/EVS/Thesaurus.owl#C129031	http://purl.obolibrary.org/obo/DOID_5684	1.0
http://ncicb.nci.nih.gov/xml/owl/EVS/Thesaurus.owl#C129032	http://purl.obolibrary.org/obo/DOID_0050725	1.0
http://ncicb.nci.nih.gov/xml/owl/EVS/Thesaurus.owl#C129035	http://purl.obolibrary.org/obo/DOID_1588	0.90744472
http://ncicb.nci.nih.gov/xml/owl/EVS/Thesaurus.owl#C129070	http://purl.obolibrary.org/obo/DOID_0090142	1.0
http://ncicb.nci.nih.gov/xml/owl/EVS/Thesaurus.owl#C129073	http://purl.obolibrary.org/obo/DOID_0050809	0.99047589
http://ncicb.nci.nih.gov/xml/owl/EVS/Thesaurus.owl#C129074	http://purl.obolibrary.org/obo/DOID_0060758	1.0
http://ncicb.nci.nih.gov/xml/owl/EVS/Thesaurus.owl#C129075	http://purl.obolibrary.org/obo/DOID_14791	1.0
http://ncicb.nci.nih.gov/xml/owl/EVS/Thesaurus.owl#C129304	http://purl.obolibrary.org/obo/DOID_0110667	1.0
http://ncicb.nci.nih.gov/xml/owl/EVS/Thesaurus.owl#C129305	http://purl.obolibrary.org/obo/DOID_0050577	1.0
http://ncicb.nci.nih.gov/xml/owl/EVS/Thesaurus.owl#C129306	http://purl.obolibrary.org/obo/DOID_0080105	0.94800448
http://ncicb.nci.nih.gov/xml/owl/EVS/Thesaurus.owl#C129436	http://purl.obolibrary.org/obo/DOID_3857	0.96892399
http://ncicb.nci.nih.gov/xml/owl/EVS/Thesaurus.owl#C129537	http://purl.obolibrary.org/obo/DOID_4985	0.93362719
http://ncicb.nci.nih.gov/xml/owl/EVS/Thesaurus.owl#C129720	http://purl.obolibrary.org/obo/DOID_6683	1.0
http://ncicb.nci.nih.gov/xml/owl/EVS/Thesaurus.owl#C129723	http://purl.obolibrary.org/obo/DOID_811	0.9053874
http://ncicb.nci.nih.gov/xml/owl/EVS/Thesaurus.owl#C129724	http://purl.obolibrary.org/obo/DOID_14350	0.94642168
http://ncicb.nci.nih.gov/xml/owl/EVS/Thesaurus.owl#C129735	http://purl.obolibrary.org/obo/DOID_9409	0.93632311
http://ncicb.nci.nih.gov/xml/owl/EVS/Thesaurus.owl#C129864	http://purl.obolibrary.org/obo/DOID_0110183	1.0
http://ncicb.nci.nih.gov/xml/owl/EVS/Thesaurus.owl#C129868	http://purl.obolibrary.org/obo/DOID_0060172	1.0
http://ncicb.nci.nih.gov/xml/owl/EVS/Thesaurus.owl#C129870	http://purl.obolibrary.org/obo/DOID_0110927	1.0
http://ncicb.nci.nih.gov/xml/owl/EVS/Thesaurus.owl#C129871	http://purl.obolibrary.org/obo/DOID_0110930	1.0
http://ncicb.nci.nih.gov/xml/owl/EVS/Thesaurus.owl#C129872	http://purl.obolibrary.org/obo/DOID_0060488	1.0
http://ncicb.nci.nih.gov/xml/owl/EVS/Thesaurus.owl#C129874	http://purl.obolibrary.org/obo/DOID_0110497	1.0
http://ncicb.nci.nih.gov/xml/owl/EVS/Thesaurus.owl#C129875	http://purl.obolibrary.org/obo/DOID_0060401	0.92147821
http://ncicb.nci.nih.gov/xml/owl/EVS/Thesaurus.owl#C129929	http://purl.obolibrary.org/obo/DOID_0080153	0.91874069
http://ncicb.nci.nih.gov/xml/owl/EVS/Thesaurus.owl#C129930	http://purl.obolibrary.org/obo/DOID_0060246	1.0
http://ncicb.nci.nih.gov/xml/owl/EVS/Thesaurus.owl#C129933	http://purl.obolibrary.org/obo/DOID_230	0.90610307
http://ncicb.nci.nih.gov/xml/owl/EVS/Thesaurus.owl#C129934	http://purl.obolibrary.org/obo/DOID_12680	1.0
http://ncicb.nci.nih.gov/xml/owl/EVS/Thesaurus.owl#C129976	http://purl.obolibrary.org/obo/DOID_0060352	1.0
http://ncicb.nci.nih.gov/xml/owl/EVS/Thesaurus.owl#C129977	http://purl.obolibrary.org/obo/DOID_0080130	1.0
http://ncicb.nci.nih.gov/xml/owl/EVS/Thesaurus.owl#C129982	http://purl.obolibrary.org/obo/DOID_0050954	1.0
http://ncicb.nci.nih.gov/xml/owl/EVS/Thesaurus.owl#C130983	http://purl.obolibrary.org/obo/DOID_0060878	1.0
http://ncicb.nci.nih.gov/xml/owl/EVS/Thesaurus.owl#C130985	http://purl.obolibrary.org/obo/DOID_0060438	1.0
http://ncicb.nci.nih.gov/xml/owl/EVS/Thesaurus.owl#C130988	http://purl.obolibrary.org/obo/DOID_0050885	1.0
http://ncicb.nci.nih.gov/xml/owl/EVS/Thesaurus.owl#C130994	http://purl.obolibrary.org/obo/DOID_9521	1.0
http://ncicb.nci.nih.gov/xml/owl/EVS/Thesaurus.owl#C130998	http://purl.obolibrary.org/obo/DOID_0060849	1.0
http://ncicb.nci.nih.gov/xml/owl/EVS/Thesaurus.owl#C131002	http://purl.obolibrary.org/obo/DOID_0060248	1.0
http://ncicb.nci.nih.gov/xml/owl/EVS/Thesaurus.owl#C131007	http://purl.obolibrary.org/obo/DOID_0090060	1.0
http://ncicb.nci.nih.gov/xml/owl/EVS/Thesaurus.owl#C131077	http://purl.obolibrary.org/obo/DOID_10609	0.90535665
http://ncicb.nci.nih.gov/xml/owl/EVS/Thesaurus.owl#C131133	http://purl.obolibrary.org/obo/DOID_0060251	1.0
http://ncicb.nci.nih.gov/xml/owl/EVS/Thesaurus.owl#C131187	http://purl.obolibrary.org/obo/DOID_0080038	1.0
http://ncicb.nci.nih.gov/xml/owl/EVS/Thesaurus.owl#C131196	http://purl.obolibrary.org/obo/DOID_0060280	0.94347531
http://ncicb.nci.nih.gov/xml/owl/EVS/Thesaurus.owl#C131296	http://purl.obolibrary.org/obo/DOID_811	0.92192173
http://ncicb.nci.nih.gov/xml/owl/EVS/Thesaurus.owl#C131420	http://purl.obolibrary.org/obo/DOID_0060387	1.0
http://ncicb.nci.nih.gov/xml/owl/EVS/Thesaurus.owl#C131425	http://purl.obolibrary.org/obo/DOID_2018	0.94281983
http://ncicb.nci.nih.gov/xml/owl/EVS/Thesaurus.owl#C131429	http://purl.obolibrary.org/obo/DOID_0080032	1.0
http://ncicb.nci.nih.gov/xml/owl/EVS/Thesaurus.owl#C131437	http://purl.obolibrary.org/obo/DOID_13197	1.0
http://ncicb.nci.nih.gov/xml/owl/EVS/Thesaurus.owl#C131438	http://purl.obolibrary.org/obo/DOID_0050489	1.0
http://ncicb.nci.nih.gov/xml/owl/EVS/Thesaurus.owl#C131450	http://purl.obolibrary.org/obo/DOID_0050947	1.0
http://ncicb.nci.nih.gov/xml/owl/EVS/Thesaurus.owl#C131526	http://purl.obolibrary.org/obo/DOID_5503	0.94567329
http://ncicb.nci.nih.gov/xml/owl/EVS/Thesaurus.owl#C131575	http://purl.obolibrary.org/obo/DOID_0050903	0.96337485
http://ncicb.nci.nih.gov/xml/owl/EVS/Thesaurus.owl#C131612	http://purl.obolibrary.org/obo/DOID_7501	0.90461129
http://ncicb.nci.nih.gov/xml/owl/EVS/Thesaurus.owl#C131626	http://purl.obolibrary.org/obo/DOID_2222	0.91806066
http://ncicb.nci.nih.gov/xml/owl/EVS/Thesaurus.owl#C131629	http://purl.obolibrary.org/obo/DOID_2211	0.90901184
http://ncicb.nci.nih.gov/xml/owl/EVS/Thesaurus.owl#C131631	http://purl.obolibrary.org/obo/DOID_2215	1.0
http://ncicb.nci.nih.gov/xml/owl/EVS/Thesaurus.owl#C131632	http://purl.obolibrary.org/obo/DOID_2222	1.0
http://ncicb.nci.nih.gov/xml/owl/EVS/Thesaurus.owl#C131633	http://purl.obolibrary.org/obo/DOID_2211	1.0
http://ncicb.nci.nih.gov/xml/owl/EVS/Thesaurus.owl#C131652	http://purl.obolibrary.org/obo/DOID_0050884	1.0
http://ncicb.nci.nih.gov/xml/owl/EVS/Thesaurus.owl#C131653	http://purl.obolibrary.org/obo/DOID_10772	0.91596639
http://ncicb.nci.nih.gov/xml/owl/EVS/Thesaurus.owl#C131657	http://purl.obolibrary.org/obo/DOID_10772	0.90140396
http://ncicb.nci.nih.gov/xml/owl/EVS/Thesaurus.owl#C131681	http://purl.obolibrary.org/obo/DOID_0111056	1.0
http://ncicb.nci.nih.gov/xml/owl/EVS/Thesaurus.owl#C131684	http://purl.obolibrary.org/obo/DOID_0050731	1.0
http://ncicb.nci.nih.gov/xml/owl/EVS/Thesaurus.owl#C131685	http://purl.obolibrary.org/obo/DOID_0060573	1.0
http://ncicb.nci.nih.gov/xml/owl/EVS/Thesaurus.owl#C131738	http://purl.obolibrary.org/obo/DOID_2216	1.0
http://ncicb.nci.nih.gov/xml/owl/EVS/Thesaurus.owl#C131739	http://purl.obolibrary.org/obo/DOID_2229	1.0
http://ncicb.nci.nih.gov/xml/owl/EVS/Thesaurus.owl#C131740	http://purl.obolibrary.org/obo/DOID_2231	1.0
http://ncicb.nci.nih.gov/xml/owl/EVS/Thesaurus.owl#C131814	http://purl.obolibrary.org/obo/DOID_811	0.91404504
http://ncicb.nci.nih.gov/xml/owl/EVS/Thesaurus.owl#C131815	http://purl.obolibrary.org/obo/DOID_811	0.92884952
http://ncicb.nci.nih.gov/xml/owl/EVS/Thesaurus.owl#C131851	http://purl.obolibrary.org/obo/DOID_0111063	1.0
http://ncicb.nci.nih.gov/xml/owl/EVS/Thesaurus.owl#C131868	http://purl.obolibrary.org/obo/DOID_0080020	0.90205657
http://ncicb.nci.nih.gov/xml/owl/EVS/Thesaurus.owl#C132067	http://purl.obolibrary.org/obo/DOID_0060108	0.92566615
http://ncicb.nci.nih.gov/xml/owl/EVS/Thesaurus.owl#C132195	http://purl.obolibrary.org/obo/DOID_0060364	1.0
http://ncicb.nci.nih.gov/xml/owl/EVS/Thesaurus.owl#C132292	http://purl.obolibrary.org/obo/DOID_0110671	1.0
http://ncicb.nci.nih.gov/xml/owl/EVS/Thesaurus.owl#C132827	http://purl.obolibrary.org/obo/DOID_0060710	1.0
http://ncicb.nci.nih.gov/xml/owl/EVS/Thesaurus.owl#C133087	http://purl.obolibrary.org/obo/DOID_0050540	1.0
http://ncicb.nci.nih.gov/xml/owl/EVS/Thesaurus.owl#C133254	http://purl.obolibrary.org/obo/DOID_3908	0.90830976
http://ncicb.nci.nih.gov/xml/owl/EVS/Thesaurus.owl#C133724	http://purl.obolibrary.org/obo/DOID_0050694	0.94950455
http://ncicb.nci.nih.gov/xml/owl/EVS/Thesaurus.owl#C133725	http://purl.obolibrary.org/obo/DOID_0110310	0.95860201
http://ncicb.nci.nih.gov/xml/owl/EVS/Thesaurus.owl#C133727	http://purl.obolibrary.org/obo/DOID_0060348	1.0
http://ncicb.nci.nih.gov/xml/owl/EVS/Thesaurus.owl#C133730	http://purl.obolibrary.org/obo/DOID_0110297	1.0
http://ncicb.nci.nih.gov/xml/owl/EVS/Thesaurus.owl#C133743	http://purl.obolibrary.org/obo/DOID_0090130	1.0
http://ncicb.nci.nih.gov/xml/owl/EVS/Thesaurus.owl#C133744	http://purl.obolibrary.org/obo/DOID_0002116	1.0
http://ncicb.nci.nih.gov/xml/owl/EVS/Thesaurus.owl#C133887	http://purl.obolibrary.org/obo/DOID_3133	0.95705223
http://ncicb.nci.nih.gov/xml/owl/EVS/Thesaurus.owl#C134953	http://purl.obolibrary.org/obo/DOID_0110165	1.0
http://ncicb.nci.nih.gov/xml/owl/EVS/Thesaurus.owl#C134954	http://purl.obolibrary.org/obo/DOID_0110184	1.0
http://ncicb.nci.nih.gov/xml/owl/EVS/Thesaurus.owl#C135087	http://purl.obolibrary.org/obo/DOID_0060490	1.0
http://ncicb.nci.nih.gov/xml/owl/EVS/Thesaurus.owl#C135092	http://purl.obolibrary.org/obo/DOID_10156	0.90451664
http://ncicb.nci.nih.gov/xml/owl/EVS/Thesaurus.owl#C135212	http://purl.obolibrary.org/obo/DOID_4118	0.99050516
http://ncicb.nci.nih.gov/xml/owl/EVS/Thesaurus.owl#C135213	http://purl.obolibrary.org/obo/DOID_5777	0.97402751
http://ncicb.nci.nih.gov/xml/owl/EVS/Thesaurus.owl#C136464	http://purl.obolibrary.org/obo/DOID_14669	0.95673144
http://ncicb.nci.nih.gov/xml/owl/EVS/Thesaurus.owl#C136486	http://purl.obolibrary.org/obo/DOID_8800	0.9174611
http://ncicb.nci.nih.gov/xml/owl/EVS/Thesaurus.owl#C137957	http://purl.obolibrary.org/obo/DOID_0110645	1.0
http://ncicb.nci.nih.gov/xml/owl/EVS/Thesaurus.owl#C137959	http://purl.obolibrary.org/obo/DOID_0110646	1.0
http://ncicb.nci.nih.gov/xml/owl/EVS/Thesaurus.owl#C138171	http://purl.obolibrary.org/obo/DOID_0090106	1.0
http://ncicb.nci.nih.gov/xml/owl/EVS/Thesaurus.owl#C138174	http://purl.obolibrary.org/obo/DOID_0060356	1.0
http://ncicb.nci.nih.gov/xml/owl/EVS/Thesaurus.owl#C138179	http://purl.obolibrary.org/obo/DOID_1584	1.0
http://ncicb.nci.nih.gov/xml/owl/EVS/Thesaurus.owl#C140267	http://purl.obolibrary.org/obo/DOID_2476	1.0
http://ncicb.nci.nih.gov/xml/owl/EVS/Thesaurus.owl#C140268	http://purl.obolibrary.org/obo/DOID_0050951	0.94694
http://ncicb.nci.nih.gov/xml/owl/EVS/Thesaurus.owl#C141367	http://purl.obolibrary.org/obo/DOID_0110847	1.0
http://ncicb.nci.nih.gov/xml/owl/EVS/Thesaurus.owl#C142079	http://purl.obolibrary.org/obo/DOID_0110275	1.0
http://ncicb.nci.nih.gov/xml/owl/EVS/Thesaurus.owl#C142081	http://purl.obolibrary.org/obo/DOID_0110278	1.0
http://ncicb.nci.nih.gov/xml/owl/EVS/Thesaurus.owl#C142084	http://purl.obolibrary.org/obo/DOID_0111049	1.0
http://ncicb.nci.nih.gov/xml/owl/EVS/Thesaurus.owl#C142085	http://purl.obolibrary.org/obo/DOID_0090123	1.0
http://ncicb.nci.nih.gov/xml/owl/EVS/Thesaurus.owl#C142171	http://purl.obolibrary.org/obo/DOID_14749	1.0
http://ncicb.nci.nih.gov/xml/owl/EVS/Thesaurus.owl#C142172	http://purl.obolibrary.org/obo/DOID_14749	1.0
http://ncicb.nci.nih.gov/xml/owl/EVS/Thesaurus.owl#C142173	http://purl.obolibrary.org/obo/DOID_0050732	0.91557747
http://ncicb.nci.nih.gov/xml/owl/EVS/Thesaurus.owl#C142174	http://purl.obolibrary.org/obo/DOID_0050715	1.0
http://ncicb.nci.nih.gov/xml/owl/EVS/Thesaurus.owl#C142805	http://purl.obolibrary.org/obo/DOID_0060449	1.0
http://ncicb.nci.nih.gov/xml/owl/EVS/Thesaurus.owl#C142806	http://purl.obolibrary.org/obo/DOID_0050818	1.0
http://ncicb.nci.nih.gov/xml/owl/EVS/Thesaurus.owl#C142838	http://purl.obolibrary.org/obo/DOID_0050956	1.0
http://ncicb.nci.nih.gov/xml/owl/EVS/Thesaurus.owl#C142891	http://purl.obolibrary.org/obo/DOID_0050451	1.0
http://ncicb.nci.nih.gov/xml/owl/EVS/Thesaurus.owl#C142892	http://purl.obolibrary.org/obo/DOID_0110308	0.9488104
http://ncicb.nci.nih.gov/xml/owl/EVS/Thesaurus.owl#C14364	http://purl.obolibrary.org/obo/DOID_8704	1.0
http://ncicb.nci.nih.gov/xml/owl/EVS/Thesaurus.owl#C147005	http://purl.obolibrary.org/obo/DOID_14535	0.94925821
http://ncicb.nci.nih.gov/xml/owl/EVS/Thesaurus.owl#C148315	http://purl.obolibrary.org/obo/DOID_0050955	1.0
http://ncicb.nci.nih.gov/xml/owl/EVS/Thesaurus.owl#C148316	http://purl.obolibrary.org/obo/DOID_0050983	1.0
http://ncicb.nci.nih.gov/xml/owl/EVS/Thesaurus.owl#C148325	http://purl.obolibrary.org/obo/DOID_0060255	1.0
http://ncicb.nci.nih.gov/xml/owl/EVS/Thesaurus.owl#C148366	http://purl.obolibrary.org/obo/DOID_0060740	0.94848472
http://ncicb.nci.nih.gov/xml/owl/EVS/Thesaurus.owl#C148368	http://purl.obolibrary.org/obo/DOID_0060676	0.91035241
http://ncicb.nci.nih.gov/xml/owl/EVS/Thesaurus.owl#C148369	http://purl.obolibrary.org/obo/DOID_0110640	1.0
http://ncicb.nci.nih.gov/xml/owl/EVS/Thesaurus.owl#C148461	http://purl.obolibrary.org/obo/DOID_0050453	0.90903181
http://ncicb.nci.nih.gov/xml/owl/EVS/Thesaurus.owl#C150250	http://purl.obolibrary.org/obo/DOID_0080029	0.96829426
http://ncicb.nci.nih.gov/xml/owl/EVS/Thesaurus.owl#C150251	http://purl.obolibrary.org/obo/DOID_0050593	1.0
http://ncicb.nci.nih.gov/xml/owl/EVS/Thesaurus.owl#C150367	http://purl.obolibrary.org/obo/DOID_0060539	1.0
http://ncicb.nci.nih.gov/xml/owl/EVS/Thesaurus.owl#C150368	http://purl.obolibrary.org/obo/DOID_0060540	1.0
http://ncicb.nci.nih.gov/xml/owl/EVS/Thesaurus.owl#C150369	http://purl.obolibrary.org/obo/DOID_0060544	1.0
http://ncicb.nci.nih.gov/xml/owl/EVS/Thesaurus.owl#C150556	http://purl.obolibrary.org/obo/DOID_0110940	1.0
http://ncicb.nci.nih.gov/xml/owl/EVS/Thesaurus.owl#C150601	http://purl.obolibrary.org/obo/DOID_9273	0.94408858
http://ncicb.nci.nih.gov/xml/owl/EVS/Thesaurus.owl#C150603	http://purl.obolibrary.org/obo/DOID_9273	0.94720769
http://ncicb.nci.nih.gov/xml/owl/EVS/Thesaurus.owl#C26685	http://purl.obolibrary.org/obo/DOID_9667	1.0
http://ncicb.nci.nih.gov/xml/owl/EVS/Thesaurus.owl#C26687	http://purl.obolibrary.org/obo/DOID_3138	1.0
http://ncicb.nci.nih.gov/xml/owl/EVS/Thesaurus.owl#C26688	http://purl.obolibrary.org/obo/DOID_9396	1.0
http://ncicb.nci.nih.gov/xml/owl/EVS/Thesaurus.owl#C26689	http://purl.obolibrary.org/obo/DOID_13774	1.0
http://ncicb.nci.nih.gov/xml/owl/EVS/Thesaurus.owl#C26690	http://purl.obolibrary.org/obo/DOID_9553	0.98386919
http://ncicb.nci.nih.gov/xml/owl/EVS/Thesaurus.owl#C26691	http://purl.obolibrary.org/obo/DOID_10493	0.90153116
http://ncicb.nci.nih.gov/xml/owl/EVS/Thesaurus.owl#C26700	http://purl.obolibrary.org/obo/DOID_813	0.92504638
http://ncicb.nci.nih.gov/xml/owl/EVS/Thesaurus.owl#C26704	http://purl.obolibrary.org/obo/DOID_874	1.0
http://ncicb.nci.nih.gov/xml/owl/EVS/Thesaurus.owl#C26705	http://purl.obolibrary.org/obo/DOID_13033	1.0
http://ncicb.nci.nih.gov/xml/owl/EVS/Thesaurus.owl#C26709	http://purl.obolibrary.org/obo/DOID_3463	0.97504884
http://ncicb.nci.nih.gov/xml/owl/EVS/Thesaurus.owl#C26710	http://purl.obolibrary.org/obo/DOID_12375	1.0
http://ncicb.nci.nih.gov/xml/owl/EVS/Thesaurus.owl#C26711	http://purl.obolibrary.org/obo/DOID_1508	1.0
http://ncicb.nci.nih.gov/xml/owl/EVS/Thesaurus.owl#C26712	http://purl.obolibrary.org/obo/DOID_3030	1.0
http://ncicb.nci.nih.gov/xml/owl/EVS/Thesaurus.owl#C26713	http://purl.obolibrary.org/obo/DOID_83	1.0
http://ncicb.nci.nih.gov/xml/owl/EVS/Thesaurus.owl#C26714	http://purl.obolibrary.org/obo/DOID_10608	1.0
http://ncicb.nci.nih.gov/xml/owl/EVS/Thesaurus.owl#C26715	http://purl.obolibrary.org/obo/DOID_3488	1.0
http://ncicb.nci.nih.gov/xml/owl/EVS/Thesaurus.owl#C26716	http://purl.obolibrary.org/obo/DOID_2568	1.0
http://ncicb.nci.nih.gov/xml/owl/EVS/Thesaurus.owl#C26718	http://purl.obolibrary.org/obo/DOID_9446	1.0
http://ncicb.nci.nih.gov/xml/owl/EVS/Thesaurus.owl#C26720	http://purl.obolibrary.org/obo/DOID_0050697	1.0
http://ncicb.nci.nih.gov/xml/owl/EVS/Thesaurus.owl#C26721	http://purl.obolibrary.org/obo/DOID_12259	1.0
http://ncicb.nci.nih.gov/xml/owl/EVS/Thesaurus.owl#C26722	http://purl.obolibrary.org/obo/DOID_6132	1.0
http://ncicb.nci.nih.gov/xml/owl/EVS/Thesaurus.owl#C26723	http://purl.obolibrary.org/obo/DOID_0060180	1.0
http://ncicb.nci.nih.gov/xml/owl/EVS/Thesaurus.owl#C26725	http://purl.obolibrary.org/obo/DOID_12177	1.0
http://ncicb.nci.nih.gov/xml/owl/EVS/Thesaurus.owl#C26726	http://purl.obolibrary.org/obo/DOID_0050117	0.93192333
http://ncicb.nci.nih.gov/xml/owl/EVS/Thesaurus.owl#C26729	http://purl.obolibrary.org/obo/DOID_65	0.96467346
http://ncicb.nci.nih.gov/xml/owl/EVS/Thesaurus.owl#C26731	http://purl.obolibrary.org/obo/DOID_10124	0.97702581
http://ncicb.nci.nih.gov/xml/owl/EVS/Thesaurus.owl#C26732	http://purl.obolibrary.org/obo/DOID_3393	1.0
http://ncicb.nci.nih.gov/xml/owl/EVS/Thesaurus.owl#C26733	http://purl.obolibrary.org/obo/DOID_5656	0.9645071
http://ncicb.nci.nih.gov/xml/owl/EVS/Thesaurus.owl#C26734	http://purl.obolibrary.org/obo/DOID_0050328	1.0
http://ncicb.nci.nih.gov/xml/owl/EVS/Thesaurus.owl#C26735	http://purl.obolibrary.org/obo/DOID_9395	1.0
http://ncicb.nci.nih.gov/xml/owl/EVS/Thesaurus.owl#C26736	http://purl.obolibrary.org/obo/DOID_2917	1.0
http://ncicb.nci.nih.gov/xml/owl/EVS/Thesaurus.owl#C26738	http://purl.obolibrary.org/obo/DOID_1679	1.0
http://ncicb.nci.nih.gov/xml/owl/EVS/Thesaurus.owl#C26739	http://purl.obolibrary.org/obo/DOID_10003	1.0
http://ncicb.nci.nih.gov/xml/owl/EVS/Thesaurus.owl#C26742	http://purl.obolibrary.org/obo/DOID_8505	1.0
http://ncicb.nci.nih.gov/xml/owl/EVS/Thesaurus.owl#C26743	http://purl.obolibrary.org/obo/DOID_2773	1.0
http://ncicb.nci.nih.gov/xml/owl/EVS/Thesaurus.owl#C26744	http://purl.obolibrary.org/obo/DOID_10223	1.0
http://ncicb.nci.nih.gov/xml/owl/EVS/Thesaurus.owl#C26745	http://purl.obolibrary.org/obo/DOID_8913	1.0
http://ncicb.nci.nih.gov/xml/owl/EVS/Thesaurus.owl#C26746	http://purl.obolibrary.org/obo/DOID_419	1.0
http://ncicb.nci.nih.gov/xml/owl/EVS/Thesaurus.owl#C26747	http://purl.obolibrary.org/obo/DOID_9352	1.0
http://ncicb.nci.nih.gov/xml/owl/EVS/Thesaurus.owl#C26748	http://purl.obolibrary.org/obo/DOID_9743	1.0
http://ncicb.nci.nih.gov/xml/owl/EVS/Thesaurus.owl#C26752	http://purl.obolibrary.org/obo/DOID_7475	1.0
http://ncicb.nci.nih.gov/xml/owl/EVS/Thesaurus.owl#C26755	http://purl.obolibrary.org/obo/DOID_1724	1.0
http://ncicb.nci.nih.gov/xml/owl/EVS/Thesaurus.owl#C26760	http://purl.obolibrary.org/obo/DOID_9588	1.0
http://ncicb.nci.nih.gov/xml/owl/EVS/Thesaurus.owl#C26762	http://purl.obolibrary.org/obo/DOID_5757	1.0
http://ncicb.nci.nih.gov/xml/owl/EVS/Thesaurus.owl#C26763	http://purl.obolibrary.org/obo/DOID_11424	1.0
http://ncicb.nci.nih.gov/xml/owl/EVS/Thesaurus.owl#C26764	http://purl.obolibrary.org/obo/DOID_1002	1.0
http://ncicb.nci.nih.gov/xml/owl/EVS/Thesaurus.owl#C26767	http://purl.obolibrary.org/obo/DOID_5614	0.95041609
http://ncicb.nci.nih.gov/xml/owl/EVS/Thesaurus.owl#C26768	http://purl.obolibrary.org/obo/DOID_530	0.96598351
http://ncicb.nci.nih.gov/xml/owl/EVS/Thesaurus.owl#C26769	http://purl.obolibrary.org/obo/DOID_13934	0.92150426
http://ncicb.nci.nih.gov/xml/owl/EVS/Thesaurus.owl#C26771	http://purl.obolibrary.org/obo/DOID_1962	0.97977662
http://ncicb.nci.nih.gov/xml/owl/EVS/Thesaurus.owl#C26780	http://purl.obolibrary.org/obo/DOID_4029	1.0
http://ncicb.nci.nih.gov/xml/owl/EVS/Thesaurus.owl#C26781	http://purl.obolibrary.org/obo/DOID_8534	1.0
http://ncicb.nci.nih.gov/xml/owl/EVS/Thesaurus.owl#C26782	http://purl.obolibrary.org/obo/DOID_1686	1.0
http://ncicb.nci.nih.gov/xml/owl/EVS/Thesaurus.owl#C26784	http://purl.obolibrary.org/obo/DOID_2921	1.0
http://ncicb.nci.nih.gov/xml/owl/EVS/Thesaurus.owl#C26785	http://purl.obolibrary.org/obo/DOID_12176	1.0
http://ncicb.nci.nih.gov/xml/owl/EVS/Thesaurus.owl#C26786	http://purl.obolibrary.org/obo/DOID_2277	0.97364682
http://ncicb.nci.nih.gov/xml/owl/EVS/Thesaurus.owl#C26788	http://purl.obolibrary.org/obo/DOID_3265	1.0
http://ncicb.nci.nih.gov/xml/owl/EVS/Thesaurus.owl#C26792	http://purl.obolibrary.org/obo/DOID_9746	1.0
http://ncicb.nci.nih.gov/xml/owl/EVS/Thesaurus.owl#C26793	http://purl.obolibrary.org/obo/DOID_0080177	0.95784914
http://ncicb.nci.nih.gov/xml/owl/EVS/Thesaurus.owl#C26796	http://purl.obolibrary.org/obo/DOID_11111	1.0
http://ncicb.nci.nih.gov/xml/owl/EVS/Thesaurus.owl#C26798	http://purl.obolibrary.org/obo/DOID_14213	1.0
http://ncicb.nci.nih.gov/xml/owl/EVS/Thesaurus.owl#C26800	http://purl.obolibrary.org/obo/DOID_1459	1.0
http://ncicb.nci.nih.gov/xml/owl/EVS/Thesaurus.owl#C26801	http://purl.obolibrary.org/obo/DOID_5295	0.96952963
http://ncicb.nci.nih.gov/xml/owl/EVS/Thesaurus.owl#C26802	http://purl.obolibrary.org/obo/DOID_11949	1.0
http://ncicb.nci.nih.gov/xml/owl/EVS/Thesaurus.owl#C26805	http://purl.obolibrary.org/obo/DOID_4677	1.0
http://ncicb.nci.nih.gov/xml/owl/EVS/Thesaurus.owl#C26806	http://purl.obolibrary.org/obo/DOID_10126	1.0
http://ncicb.nci.nih.gov/xml/owl/EVS/Thesaurus.owl#C26808	http://purl.obolibrary.org/obo/DOID_3021	0.98267585
http://ncicb.nci.nih.gov/xml/owl/EVS/Thesaurus.owl#C26809	http://purl.obolibrary.org/obo/DOID_1400	0.96302587
http://ncicb.nci.nih.gov/xml/owl/EVS/Thesaurus.owl#C26810	http://purl.obolibrary.org/obo/DOID_786	0.95437109
http://ncicb.nci.nih.gov/xml/owl/EVS/Thesaurus.owl#C26811	http://purl.obolibrary.org/obo/DOID_3437	1.0
http://ncicb.nci.nih.gov/xml/owl/EVS/Thesaurus.owl#C26812	http://purl.obolibrary.org/obo/DOID_110	0.96573013
http://ncicb.nci.nih.gov/xml/owl/EVS/Thesaurus.owl#C26815	http://purl.obolibrary.org/obo/DOID_643	1.0
http://ncicb.nci.nih.gov/xml/owl/EVS/Thesaurus.owl#C26816	http://purl.obolibrary.org/obo/DOID_615	1.0
http://ncicb.nci.nih.gov/xml/owl/EVS/Thesaurus.owl#C26818	http://purl.obolibrary.org/obo/DOID_9297	0.95678478
http://ncicb.nci.nih.gov/xml/owl/EVS/Thesaurus.owl#C26819	http://purl.obolibrary.org/obo/DOID_0050169	1.0
http://ncicb.nci.nih.gov/xml/owl/EVS/Thesaurus.owl#C26820	http://purl.obolibrary.org/obo/DOID_8857	0.93548584
http://ncicb.nci.nih.gov/xml/owl/EVS/Thesaurus.owl#C26821	http://purl.obolibrary.org/obo/DOID_1602	1.0
http://ncicb.nci.nih.gov/xml/owl/EVS/Thesaurus.owl#C26822	http://purl.obolibrary.org/obo/DOID_13819	1.0
http://ncicb.nci.nih.gov/xml/owl/EVS/Thesaurus.owl#C26827	http://purl.obolibrary.org/obo/DOID_819	1.0
http://ncicb.nci.nih.gov/xml/owl/EVS/Thesaurus.owl#C26828	http://purl.obolibrary.org/obo/DOID_9471	1.0
http://ncicb.nci.nih.gov/xml/owl/EVS/Thesaurus.owl#C26830	http://purl.obolibrary.org/obo/DOID_10782	1.0
http://ncicb.nci.nih.gov/xml/owl/EVS/Thesaurus.owl#C26832	http://purl.obolibrary.org/obo/DOID_322	1.0
http://ncicb.nci.nih.gov/xml/owl/EVS/Thesaurus.owl#C26833	http://purl.obolibrary.org/obo/DOID_10952	1.0
http://ncicb.nci.nih.gov/xml/owl/EVS/Thesaurus.owl#C26834	http://purl.obolibrary.org/obo/DOID_1063	1.0
http://ncicb.nci.nih.gov/xml/owl/EVS/Thesaurus.owl#C26835	http://purl.obolibrary.org/obo/DOID_863	0.97322774
http://ncicb.nci.nih.gov/xml/owl/EVS/Thesaurus.owl#C26836	http://purl.obolibrary.org/obo/DOID_374	0.94889647
http://ncicb.nci.nih.gov/xml/owl/EVS/Thesaurus.owl#C26837	http://purl.obolibrary.org/obo/DOID_12347	1.0
http://ncicb.nci.nih.gov/xml/owl/EVS/Thesaurus.owl#C26838	http://purl.obolibrary.org/obo/DOID_10573	1.0
http://ncicb.nci.nih.gov/xml/owl/EVS/Thesaurus.owl#C26840	http://purl.obolibrary.org/obo/DOID_13533	1.0
http://ncicb.nci.nih.gov/xml/owl/EVS/Thesaurus.owl#C26841	http://purl.obolibrary.org/obo/DOID_1100	0.97465885
http://ncicb.nci.nih.gov/xml/owl/EVS/Thesaurus.owl#C26842	http://purl.obolibrary.org/obo/DOID_26	0.9450475
http://ncicb.nci.nih.gov/xml/owl/EVS/Thesaurus.owl#C26843	http://purl.obolibrary.org/obo/DOID_1352	0.98198104
http://ncicb.nci.nih.gov/xml/owl/EVS/Thesaurus.owl#C26844	http://purl.obolibrary.org/obo/DOID_11201	0.94881308
http://ncicb.nci.nih.gov/xml/owl/EVS/Thesaurus.owl#C26845	http://purl.obolibrary.org/obo/DOID_14330	1.0
http://ncicb.nci.nih.gov/xml/owl/EVS/Thesaurus.owl#C26846	http://purl.obolibrary.org/obo/DOID_1529	0.9646256
http://ncicb.nci.nih.gov/xml/owl/EVS/Thesaurus.owl#C26847	http://purl.obolibrary.org/obo/DOID_9810	1.0
http://ncicb.nci.nih.gov/xml/owl/EVS/Thesaurus.owl#C26849	http://purl.obolibrary.org/obo/DOID_8283	1.0
http://ncicb.nci.nih.gov/xml/owl/EVS/Thesaurus.owl#C26851	http://purl.obolibrary.org/obo/DOID_2275	1.0
http://ncicb.nci.nih.gov/xml/owl/EVS/Thesaurus.owl#C26852	http://purl.obolibrary.org/obo/DOID_2712	1.0
http://ncicb.nci.nih.gov/xml/owl/EVS/Thesaurus.owl#C26853	http://purl.obolibrary.org/obo/DOID_1129	0.98967451
http://ncicb.nci.nih.gov/xml/owl/EVS/Thesaurus.owl#C26854	http://purl.obolibrary.org/obo/DOID_53	0.94266951
http://ncicb.nci.nih.gov/xml/owl/EVS/Thesaurus.owl#C26855	http://purl.obolibrary.org/obo/DOID_8892	1.0
http://ncicb.nci.nih.gov/xml/owl/EVS/Thesaurus.owl#C26856	http://purl.obolibrary.org/obo/DOID_4744	1.0
http://ncicb.nci.nih.gov/xml/owl/EVS/Thesaurus.owl#C26857	http://purl.obolibrary.org/obo/DOID_780	0.97303778
http://ncicb.nci.nih.gov/xml/owl/EVS/Thesaurus.owl#C26859	http://purl.obolibrary.org/obo/DOID_1532	0.9056102
http://ncicb.nci.nih.gov/xml/owl/EVS/Thesaurus.owl#C26860	http://purl.obolibrary.org/obo/DOID_10247	0.9054417
http://ncicb.nci.nih.gov/xml/owl/EVS/Thesaurus.owl#C26861	http://purl.obolibrary.org/obo/DOID_10316	1.0
http://ncicb.nci.nih.gov/xml/owl/EVS/Thesaurus.owl#C26863	http://purl.obolibrary.org/obo/DOID_8432	1.0
http://ncicb.nci.nih.gov/xml/owl/EVS/Thesaurus.owl#C26864	http://purl.obolibrary.org/obo/DOID_1389	0.90305173
http://ncicb.nci.nih.gov/xml/owl/EVS/Thesaurus.owl#C26865	http://purl.obolibrary.org/obo/DOID_47	0.96470994
http://ncicb.nci.nih.gov/xml/owl/EVS/Thesaurus.owl#C26866	http://purl.obolibrary.org/obo/DOID_14654	1.0
http://ncicb.nci.nih.gov/xml/owl/EVS/Thesaurus.owl#C26867	http://purl.obolibrary.org/obo/DOID_7365	1.0
http://ncicb.nci.nih.gov/xml/owl/EVS/Thesaurus.owl#C26868	http://purl.obolibrary.org/obo/DOID_11396	1.0
http://ncicb.nci.nih.gov/xml/owl/EVS/Thesaurus.owl#C26869	http://purl.obolibrary.org/obo/DOID_3770	1.0
http://ncicb.nci.nih.gov/xml/owl/EVS/Thesaurus.owl#C26870	http://purl.obolibrary.org/obo/DOID_10772	0.90567678
http://ncicb.nci.nih.gov/xml/owl/EVS/Thesaurus.owl#C26871	http://purl.obolibrary.org/obo/DOID_1579	0.97864556
http://ncicb.nci.nih.gov/xml/owl/EVS/Thesaurus.owl#C26872	http://purl.obolibrary.org/obo/DOID_11162	1.0
http://ncicb.nci.nih.gov/xml/owl/EVS/Thesaurus.owl#C26874	http://purl.obolibrary.org/obo/DOID_5327	1.0
http://ncicb.nci.nih.gov/xml/owl/EVS/Thesaurus.owl#C26878	http://purl.obolibrary.org/obo/DOID_10609	1.0
http://ncicb.nci.nih.gov/xml/owl/EVS/Thesaurus.owl#C26879	http://purl.obolibrary.org/obo/DOID_10854	0.94709474
http://ncicb.nci.nih.gov/xml/owl/EVS/Thesaurus.owl#C26880	http://purl.obolibrary.org/obo/DOID_5733	1.0
http://ncicb.nci.nih.gov/xml/owl/EVS/Thesaurus.owl#C26883	http://purl.obolibrary.org/obo/DOID_12894	1.0
http://ncicb.nci.nih.gov/xml/owl/EVS/Thesaurus.owl#C26885	http://purl.obolibrary.org/obo/DOID_11996	0.90952104
http://ncicb.nci.nih.gov/xml/owl/EVS/Thesaurus.owl#C26886	http://purl.obolibrary.org/obo/DOID_76	0.9550612
http://ncicb.nci.nih.gov/xml/owl/EVS/Thesaurus.owl#C26887	http://purl.obolibrary.org/obo/DOID_9637	1.0
http://ncicb.nci.nih.gov/xml/owl/EVS/Thesaurus.owl#C26890	http://purl.obolibrary.org/obo/DOID_2519	0.97573775
http://ncicb.nci.nih.gov/xml/owl/EVS/Thesaurus.owl#C26891	http://purl.obolibrary.org/obo/DOID_0060903	1.0
http://ncicb.nci.nih.gov/xml/owl/EVS/Thesaurus.owl#C26893	http://purl.obolibrary.org/obo/DOID_50	0.97885287
http://ncicb.nci.nih.gov/xml/owl/EVS/Thesaurus.owl#C26894	http://purl.obolibrary.org/obo/DOID_7166	1.0
http://ncicb.nci.nih.gov/xml/owl/EVS/Thesaurus.owl#C26895	http://purl.obolibrary.org/obo/DOID_1583	0.90562207
http://ncicb.nci.nih.gov/xml/owl/EVS/Thesaurus.owl#C26896	http://purl.obolibrary.org/obo/DOID_4889	1.0
http://ncicb.nci.nih.gov/xml/owl/EVS/Thesaurus.owl#C26899	http://purl.obolibrary.org/obo/DOID_2957	1.0
http://ncicb.nci.nih.gov/xml/owl/EVS/Thesaurus.owl#C26900	http://purl.obolibrary.org/obo/DOID_3491	1.0
http://ncicb.nci.nih.gov/xml/owl/EVS/Thesaurus.owl#C26903	http://purl.obolibrary.org/obo/DOID_732	0.95965332
http://ncicb.nci.nih.gov/xml/owl/EVS/Thesaurus.owl#C26904	http://purl.obolibrary.org/obo/DOID_1343	1.0
http://ncicb.nci.nih.gov/xml/owl/EVS/Thesaurus.owl#C26907	http://purl.obolibrary.org/obo/DOID_345	0.97292787
http://ncicb.nci.nih.gov/xml/owl/EVS/Thesaurus.owl#C26908	http://purl.obolibrary.org/obo/DOID_3480	0.9855203
http://ncicb.nci.nih.gov/xml/owl/EVS/Thesaurus.owl#C26909	http://purl.obolibrary.org/obo/DOID_13141	1.0
http://ncicb.nci.nih.gov/xml/owl/EVS/Thesaurus.owl#C26910	http://purl.obolibrary.org/obo/DOID_121	0.965222
http://ncicb.nci.nih.gov/xml/owl/EVS/Thesaurus.owl#C26911	http://purl.obolibrary.org/obo/DOID_2170	1.0
http://ncicb.nci.nih.gov/xml/owl/EVS/Thesaurus.owl#C26912	http://purl.obolibrary.org/obo/DOID_865	1.0
http://ncicb.nci.nih.gov/xml/owl/EVS/Thesaurus.owl#C26915	http://purl.obolibrary.org/obo/DOID_12306	1.0
http://ncicb.nci.nih.gov/xml/owl/EVS/Thesaurus.owl#C26926	http://purl.obolibrary.org/obo/DOID_14183	0.94059557
http://ncicb.nci.nih.gov/xml/owl/EVS/Thesaurus.owl#C26930	http://purl.obolibrary.org/obo/DOID_14654	0.93327469
http://ncicb.nci.nih.gov/xml/owl/EVS/Thesaurus.owl#C26931	http://purl.obolibrary.org/obo/DOID_14177	0.94146109
http://ncicb.nci.nih.gov/xml/owl/EVS/Thesaurus.owl#C26934	http://purl.obolibrary.org/obo/DOID_13148	1.0
http://ncicb.nci.nih.gov/xml/owl/EVS/Thesaurus.owl#C26941	http://purl.obolibrary.org/obo/DOID_3817	1.0
http://ncicb.nci.nih.gov/xml/owl/EVS/Thesaurus.owl#C26951	http://purl.obolibrary.org/obo/DOID_1389	1.0
http://ncicb.nci.nih.gov/xml/owl/EVS/Thesaurus.owl#C26952	http://purl.obolibrary.org/obo/DOID_561	0.9718219
http://ncicb.nci.nih.gov/xml/owl/EVS/Thesaurus.owl#C26953	http://purl.obolibrary.org/obo/DOID_339	0.97152787
http://ncicb.nci.nih.gov/xml/owl/EVS/Thesaurus.owl#C26954	http://purl.obolibrary.org/obo/DOID_13814	0.97091269
http://ncicb.nci.nih.gov/xml/owl/EVS/Thesaurus.owl#C26955	http://purl.obolibrary.org/obo/DOID_10780	0.94305259
http://ncicb.nci.nih.gov/xml/owl/EVS/Thesaurus.owl#C26956	http://purl.obolibrary.org/obo/DOID_8642	1.0
http://ncicb.nci.nih.gov/xml/owl/EVS/Thesaurus.owl#C26962	http://purl.obolibrary.org/obo/DOID_533	0.93209362
http://ncicb.nci.nih.gov/xml/owl/EVS/Thesaurus.owl#C26964	http://purl.obolibrary.org/obo/DOID_11701	0.92942971
http://ncicb.nci.nih.gov/xml/owl/EVS/Thesaurus.owl#C26969	http://purl.obolibrary.org/obo/DOID_11543	1.0
http://ncicb.nci.nih.gov/xml/owl/EVS/Thesaurus.owl#C26970	http://purl.obolibrary.org/obo/DOID_11031	1.0
http://ncicb.nci.nih.gov/xml/owl/EVS/Thesaurus.owl#C26971	http://purl.obolibrary.org/obo/DOID_950	1.0
http://ncicb.nci.nih.gov/xml/owl/EVS/Thesaurus.owl#C26975	http://purl.obolibrary.org/obo/DOID_11797	1.0
http://ncicb.nci.nih.gov/xml/owl/EVS/Thesaurus.owl#C26977	http://purl.obolibrary.org/obo/DOID_8680	1.0
http://ncicb.nci.nih.gov/xml/owl/EVS/Thesaurus.owl#C26979	http://purl.obolibrary.org/obo/DOID_676	1.0
http://ncicb.nci.nih.gov/xml/owl/EVS/Thesaurus.owl#C26983	http://purl.obolibrary.org/obo/DOID_90	0.93956494
http://ncicb.nci.nih.gov/xml/owl/EVS/Thesaurus.owl#C26985	http://purl.obolibrary.org/obo/DOID_633	0.92424029
http://ncicb.nci.nih.gov/xml/owl/EVS/Thesaurus.owl#C26998	http://purl.obolibrary.org/obo/DOID_3042	1.0
http://ncicb.nci.nih.gov/xml/owl/EVS/Thesaurus.owl#C27005	http://purl.obolibrary.org/obo/DOID_4235	1.0
http://ncicb.nci.nih.gov/xml/owl/EVS/Thesaurus.owl#C27008	http://purl.obolibrary.org/obo/DOID_1680	1.0
http://ncicb.nci.nih.gov/xml/owl/EVS/Thesaurus.owl#C27012	http://purl.obolibrary.org/obo/DOID_2283	1.0
http://ncicb.nci.nih.gov/xml/owl/EVS/Thesaurus.owl#C27015	http://purl.obolibrary.org/obo/DOID_2239	1.0
http://ncicb.nci.nih.gov/xml/owl/EVS/Thesaurus.owl#C27016	http://purl.obolibrary.org/obo/DOID_4636	0.94968289
http://ncicb.nci.nih.gov/xml/owl/EVS/Thesaurus.owl#C27018	http://purl.obolibrary.org/obo/DOID_492	1.0
http://ncicb.nci.nih.gov/xml/owl/EVS/Thesaurus.owl#C27019	http://purl.obolibrary.org/obo/DOID_48	0.97852564
http://ncicb.nci.nih.gov/xml/owl/EVS/Thesaurus.owl#C27020	http://purl.obolibrary.org/obo/DOID_229	0.9797802
http://ncicb.nci.nih.gov/xml/owl/EVS/Thesaurus.owl#C27021	http://purl.obolibrary.org/obo/DOID_0060183	1.0
http://ncicb.nci.nih.gov/xml/owl/EVS/Thesaurus.owl#C27022	http://purl.obolibrary.org/obo/DOID_7528	1.0
http://ncicb.nci.nih.gov/xml/owl/EVS/Thesaurus.owl#C27024	http://purl.obolibrary.org/obo/DOID_14176	0.9267531
http://ncicb.nci.nih.gov/xml/owl/EVS/Thesaurus.owl#C27025	http://purl.obolibrary.org/obo/DOID_1195	1.0
http://ncicb.nci.nih.gov/xml/owl/EVS/Thesaurus.owl#C27026	http://purl.obolibrary.org/obo/DOID_10329	0.98149812
http://ncicb.nci.nih.gov/xml/owl/EVS/Thesaurus.owl#C27029	http://purl.obolibrary.org/obo/DOID_2048	1.0
http://ncicb.nci.nih.gov/xml/owl/EVS/Thesaurus.owl#C27033	http://purl.obolibrary.org/obo/DOID_11504	1.0
http://ncicb.nci.nih.gov/xml/owl/EVS/Thesaurus.owl#C27037	http://purl.obolibrary.org/obo/DOID_4406	1.0
http://ncicb.nci.nih.gov/xml/owl/EVS/Thesaurus.owl#C27038	http://purl.obolibrary.org/obo/DOID_999	1.0
http://ncicb.nci.nih.gov/xml/owl/EVS/Thesaurus.owl#C27049	http://purl.obolibrary.org/obo/DOID_0060261	0.92784411
http://ncicb.nci.nih.gov/xml/owl/EVS/Thesaurus.owl#C27051	http://purl.obolibrary.org/obo/DOID_4035	1.0
http://ncicb.nci.nih.gov/xml/owl/EVS/Thesaurus.owl#C27052	http://purl.obolibrary.org/obo/DOID_4030	1.0
http://ncicb.nci.nih.gov/xml/owl/EVS/Thesaurus.owl#C27055	http://purl.obolibrary.org/obo/DOID_4675	1.0
http://ncicb.nci.nih.gov/xml/owl/EVS/Thesaurus.owl#C27056	http://purl.obolibrary.org/obo/DOID_10616	1.0
http://ncicb.nci.nih.gov/xml/owl/EVS/Thesaurus.owl#C27057	http://purl.obolibrary.org/obo/DOID_1513	1.0
http://ncicb.nci.nih.gov/xml/owl/EVS/Thesaurus.owl#C27061	http://purl.obolibrary.org/obo/DOID_6925	1.0
http://ncicb.nci.nih.gov/xml/owl/EVS/Thesaurus.owl#C27062	http://purl.obolibrary.org/obo/DOID_5214	1.0
http://ncicb.nci.nih.gov/xml/owl/EVS/Thesaurus.owl#C27065	http://purl.obolibrary.org/obo/DOID_5100	0.97933042
http://ncicb.nci.nih.gov/xml/owl/EVS/Thesaurus.owl#C27066	http://purl.obolibrary.org/obo/DOID_3646	0.97222883
http://ncicb.nci.nih.gov/xml/owl/EVS/Thesaurus.owl#C27067	http://purl.obolibrary.org/obo/DOID_1428	0.98435348
http://ncicb.nci.nih.gov/xml/owl/EVS/Thesaurus.owl#C27068	http://purl.obolibrary.org/obo/DOID_11503	1.0
http://ncicb.nci.nih.gov/xml/owl/EVS/Thesaurus.owl#C27070	http://purl.obolibrary.org/obo/DOID_0060020	1.0
http://ncicb.nci.nih.gov/xml/owl/EVS/Thesaurus.owl#C27071	http://purl.obolibrary.org/obo/DOID_624	1.0
http://ncicb.nci.nih.gov/xml/owl/EVS/Thesaurus.owl#C27081	http://purl.obolibrary.org/obo/DOID_6811	1.0
http://ncicb.nci.nih.gov/xml/owl/EVS/Thesaurus.owl#C27084	http://purl.obolibrary.org/obo/DOID_5536	0.96775317
http://ncicb.nci.nih.gov/xml/owl/EVS/Thesaurus.owl#C27091	http://purl.obolibrary.org/obo/DOID_4015	0.92949462
http://ncicb.nci.nih.gov/xml/owl/EVS/Thesaurus.owl#C27102	http://purl.obolibrary.org/obo/DOID_2163	0.96820724
http://ncicb.nci.nih.gov/xml/owl/EVS/Thesaurus.owl#C27103	http://purl.obolibrary.org/obo/DOID_5642	1.0
http://ncicb.nci.nih.gov/xml/owl/EVS/Thesaurus.owl#C27105	http://purl.obolibrary.org/obo/DOID_13922	1.0
http://ncicb.nci.nih.gov/xml/owl/EVS/Thesaurus.owl#C27106	http://purl.obolibrary.org/obo/DOID_13921	1.0
http://ncicb.nci.nih.gov/xml/owl/EVS/Thesaurus.owl#C27107	http://purl.obolibrary.org/obo/DOID_13147	1.0
http://ncicb.nci.nih.gov/xml/owl/EVS/Thesaurus.owl#C27108	http://purl.obolibrary.org/obo/DOID_6297	1.0
http://ncicb.nci.nih.gov/xml/owl/EVS/Thesaurus.owl#C27117	http://purl.obolibrary.org/obo/DOID_1130	0.9646523
http://ncicb.nci.nih.gov/xml/owl/EVS/Thesaurus.owl#C27135	http://purl.obolibrary.org/obo/DOID_4639	1.0
http://ncicb.nci.nih.gov/xml/owl/EVS/Thesaurus.owl#C27144	http://purl.obolibrary.org/obo/DOID_7263	0.9205597
http://ncicb.nci.nih.gov/xml/owl/EVS/Thesaurus.owl#C27145	http://purl.obolibrary.org/obo/DOID_11200	0.92682999
http://ncicb.nci.nih.gov/xml/owl/EVS/Thesaurus.owl#C27147	http://purl.obolibrary.org/obo/DOID_0060184	1.0
http://ncicb.nci.nih.gov/xml/owl/EVS/Thesaurus.owl#C27148	http://purl.obolibrary.org/obo/DOID_1426	0.94321239
http://ncicb.nci.nih.gov/xml/owl/EVS/Thesaurus.owl#C27151	http://purl.obolibrary.org/obo/DOID_2772	0.97505462
http://ncicb.nci.nih.gov/xml/owl/EVS/Thesaurus.owl#C27153	http://purl.obolibrary.org/obo/DOID_8857	1.0
http://ncicb.nci.nih.gov/xml/owl/EVS/Thesaurus.owl#C27154	http://purl.obolibrary.org/obo/DOID_90	0.9578585
http://ncicb.nci.nih.gov/xml/owl/EVS/Thesaurus.owl#C27162	http://purl.obolibrary.org/obo/DOID_3089	0.97171044
http://ncicb.nci.nih.gov/xml/owl/EVS/Thesaurus.owl#C27166	http://purl.obolibrary.org/obo/DOID_2952	0.90331346
http://ncicb.nci.nih.gov/xml/owl/EVS/Thesaurus.owl#C27167	http://purl.obolibrary.org/obo/DOID_12236	1.0
http://ncicb.nci.nih.gov/xml/owl/EVS/Thesaurus.owl#C27168	http://purl.obolibrary.org/obo/DOID_0050848	1.0
http://ncicb.nci.nih.gov/xml/owl/EVS/Thesaurus.owl#C27169	http://purl.obolibrary.org/obo/DOID_9220	1.0
http://ncicb.nci.nih.gov/xml/owl/EVS/Thesaurus.owl#C27174	http://purl.obolibrary.org/obo/DOID_2838	1.0
http://ncicb.nci.nih.gov/xml/owl/EVS/Thesaurus.owl#C27179	http://purl.obolibrary.org/obo/DOID_676	1.0
http://ncicb.nci.nih.gov/xml/owl/EVS/Thesaurus.owl#C27183	http://purl.obolibrary.org/obo/DOID_7806	0.92141759
http://ncicb.nci.nih.gov/xml/owl/EVS/Thesaurus.owl#C27184	http://purl.obolibrary.org/obo/DOID_2327	1.0
http://ncicb.nci.nih.gov/xml/owl/EVS/Thesaurus.owl#C27189	http://purl.obolibrary.org/obo/DOID_13949	1.0
http://ncicb.nci.nih.gov/xml/owl/EVS/Thesaurus.owl#C27191	http://purl.obolibrary.org/obo/DOID_7188	1.0
http://ncicb.nci.nih.gov/xml/owl/EVS/Thesaurus.owl#C27195	http://purl.obolibrary.org/obo/DOID_6543	1.0
http://ncicb.nci.nih.gov/xml/owl/EVS/Thesaurus.owl#C27199	http://purl.obolibrary.org/obo/DOID_3431	1.0
http://ncicb.nci.nih.gov/xml/owl/EVS/Thesaurus.owl#C27200	http://purl.obolibrary.org/obo/DOID_5280	1.0
http://ncicb.nci.nih.gov/xml/owl/EVS/Thesaurus.owl#C27202	http://purl.obolibrary.org/obo/DOID_6976	1.0
http://ncicb.nci.nih.gov/xml/owl/EVS/Thesaurus.owl#C27204	http://purl.obolibrary.org/obo/DOID_1575	0.92452788
http://ncicb.nci.nih.gov/xml/owl/EVS/Thesaurus.owl#C27207	http://purl.obolibrary.org/obo/DOID_12657	0.97228414
http://ncicb.nci.nih.gov/xml/owl/EVS/Thesaurus.owl#C27210	http://purl.obolibrary.org/obo/DOID_367	0.96620023
http://ncicb.nci.nih.gov/xml/owl/EVS/Thesaurus.owl#C27211	http://purl.obolibrary.org/obo/DOID_3418	0.97816104
http://ncicb.nci.nih.gov/xml/owl/EVS/Thesaurus.owl#C27212	http://purl.obolibrary.org/obo/DOID_7558	1.0
http://ncicb.nci.nih.gov/xml/owl/EVS/Thesaurus.owl#C27216	http://purl.obolibrary.org/obo/DOID_5641	1.0
http://ncicb.nci.nih.gov/xml/owl/EVS/Thesaurus.owl#C27221	http://purl.obolibrary.org/obo/DOID_573	1.0
http://ncicb.nci.nih.gov/xml/owl/EVS/Thesaurus.owl#C27226	http://purl.obolibrary.org/obo/DOID_4674	1.0
http://ncicb.nci.nih.gov/xml/owl/EVS/Thesaurus.owl#C27234	http://purl.obolibrary.org/obo/DOID_7953	1.0
http://ncicb.nci.nih.gov/xml/owl/EVS/Thesaurus.owl#C27235	http://purl.obolibrary.org/obo/DOID_10540	0.92169976
http://ncicb.nci.nih.gov/xml/owl/EVS/Thesaurus.owl#C27246	http://purl.obolibrary.org/obo/DOID_8188	1.0
http://ncicb.nci.nih.gov/xml/owl/EVS/Thesaurus.owl#C27250	http://purl.obolibrary.org/obo/DOID_1371	1.0
http://ncicb.nci.nih.gov/xml/owl/EVS/Thesaurus.owl#C27253	http://purl.obolibrary.org/obo/DOID_6404	1.0
http://ncicb.nci.nih.gov/xml/owl/EVS/Thesaurus.owl#C27254	http://purl.obolibrary.org/obo/DOID_5591	0.94901246
http://ncicb.nci.nih.gov/xml/owl/EVS/Thesaurus.owl#C27255	http://purl.obolibrary.org/obo/DOID_4920	0.94657713
http://ncicb.nci.nih.gov/xml/owl/EVS/Thesaurus.owl#C27262	http://purl.obolibrary.org/obo/DOID_4972	1.0
http://ncicb.nci.nih.gov/xml/owl/EVS/Thesaurus.owl#C27264	http://purl.obolibrary.org/obo/DOID_10041	0.93990242
http://ncicb.nci.nih.gov/xml/owl/EVS/Thesaurus.owl#C27287	http://purl.obolibrary.org/obo/DOID_5480	1.0
http://ncicb.nci.nih.gov/xml/owl/EVS/Thesaurus.owl#C27288	http://purl.obolibrary.org/obo/DOID_7411	1.0
http://ncicb.nci.nih.gov/xml/owl/EVS/Thesaurus.owl#C27291	http://purl.obolibrary.org/obo/DOID_4985	0.95399308
http://ncicb.nci.nih.gov/xml/owl/EVS/Thesaurus.owl#C27293	http://purl.obolibrary.org/obo/DOID_4985	0.96760702
http://ncicb.nci.nih.gov/xml/owl/EVS/Thesaurus.owl#C27298	http://purl.obolibrary.org/obo/DOID_0060260	1.0
http://ncicb.nci.nih.gov/xml/owl/EVS/Thesaurus.owl#C27300	http://purl.obolibrary.org/obo/DOID_8408	1.0
http://ncicb.nci.nih.gov/xml/owl/EVS/Thesaurus.owl#C27301	http://purl.obolibrary.org/obo/DOID_7319	1.0
http://ncicb.nci.nih.gov/xml/owl/EVS/Thesaurus.owl#C27302	http://purl.obolibrary.org/obo/DOID_4424	0.95937771
http://ncicb.nci.nih.gov/xml/owl/EVS/Thesaurus.owl#C27305	http://purl.obolibrary.org/obo/DOID_3436	1.0
http://ncicb.nci.nih.gov/xml/owl/EVS/Thesaurus.owl#C27310	http://purl.obolibrary.org/obo/DOID_2833	1.0
http://ncicb.nci.nih.gov/xml/owl/EVS/Thesaurus.owl#C27311	http://purl.obolibrary.org/obo/DOID_8431	1.0
http://ncicb.nci.nih.gov/xml/owl/EVS/Thesaurus.owl#C27312	http://purl.obolibrary.org/obo/DOID_2835	1.0
http://ncicb.nci.nih.gov/xml/owl/EVS/Thesaurus.owl#C27313	http://purl.obolibrary.org/obo/DOID_14202	1.0
http://ncicb.nci.nih.gov/xml/owl/EVS/Thesaurus.owl#C27319	http://purl.obolibrary.org/obo/DOID_625	1.0
http://ncicb.nci.nih.gov/xml/owl/EVS/Thesaurus.owl#C27322	http://purl.obolibrary.org/obo/DOID_8110	1.0
http://ncicb.nci.nih.gov/xml/owl/EVS/Thesaurus.owl#C27329	http://purl.obolibrary.org/obo/DOID_4037	1.0
http://ncicb.nci.nih.gov/xml/owl/EVS/Thesaurus.owl#C27331	http://purl.obolibrary.org/obo/DOID_8433	0.97248507
http://ncicb.nci.nih.gov/xml/owl/EVS/Thesaurus.owl#C27332	http://purl.obolibrary.org/obo/DOID_4638	1.0
http://ncicb.nci.nih.gov/xml/owl/EVS/Thesaurus.owl#C27333	http://purl.obolibrary.org/obo/DOID_4640	0.95075899
http://ncicb.nci.nih.gov/xml/owl/EVS/Thesaurus.owl#C27335	http://purl.obolibrary.org/obo/DOID_3816	1.0
http://ncicb.nci.nih.gov/xml/owl/EVS/Thesaurus.owl#C27339	http://purl.obolibrary.org/obo/DOID_3930	0.94299263
http://ncicb.nci.nih.gov/xml/owl/EVS/Thesaurus.owl#C27340	http://purl.obolibrary.org/obo/DOID_4033	1.0
http://ncicb.nci.nih.gov/xml/owl/EVS/Thesaurus.owl#C27341	http://purl.obolibrary.org/obo/DOID_6102	1.0
http://ncicb.nci.nih.gov/xml/owl/EVS/Thesaurus.owl#C27342	http://purl.obolibrary.org/obo/DOID_4034	1.0
http://ncicb.nci.nih.gov/xml/owl/EVS/Thesaurus.owl#C27343	http://purl.obolibrary.org/obo/DOID_7378	0.99046808
http://ncicb.nci.nih.gov/xml/owl/EVS/Thesaurus.owl#C27348	http://purl.obolibrary.org/obo/DOID_4038	1.0
http://ncicb.nci.nih.gov/xml/owl/EVS/Thesaurus.owl#C27357	http://purl.obolibrary.org/obo/DOID_712	0.97865909
http://ncicb.nci.nih.gov/xml/owl/EVS/Thesaurus.owl#C27369	http://purl.obolibrary.org/obo/DOID_8251	1.0
http://ncicb.nci.nih.gov/xml/owl/EVS/Thesaurus.owl#C27374	http://purl.obolibrary.org/obo/DOID_4546	0.97871864
http://ncicb.nci.nih.gov/xml/owl/EVS/Thesaurus.owl#C27375	http://purl.obolibrary.org/obo/DOID_4547	1.0
http://ncicb.nci.nih.gov/xml/owl/EVS/Thesaurus.owl#C27376	http://purl.obolibrary.org/obo/DOID_7297	0.98083961
http://ncicb.nci.nih.gov/xml/owl/EVS/Thesaurus.owl#C27377	http://purl.obolibrary.org/obo/DOID_6494	0.97486132
http://ncicb.nci.nih.gov/xml/owl/EVS/Thesaurus.owl#C27378	http://purl.obolibrary.org/obo/DOID_6495	1.0
http://ncicb.nci.nih.gov/xml/owl/EVS/Thesaurus.owl#C27389	http://purl.obolibrary.org/obo/DOID_8415	1.0
http://ncicb.nci.nih.gov/xml/owl/EVS/Thesaurus.owl#C27390	http://purl.obolibrary.org/obo/DOID_6179	1.0
http://ncicb.nci.nih.gov/xml/owl/EVS/Thesaurus.owl#C27393	http://purl.obolibrary.org/obo/DOID_7611	0.99414408
http://ncicb.nci.nih.gov/xml/owl/EVS/Thesaurus.owl#C27399	http://purl.obolibrary.org/obo/DOID_7788	1.0
http://ncicb.nci.nih.gov/xml/owl/EVS/Thesaurus.owl#C27400	http://purl.obolibrary.org/obo/DOID_6016	1.0
http://ncicb.nci.nih.gov/xml/owl/EVS/Thesaurus.owl#C27401	http://purl.obolibrary.org/obo/DOID_6018	1.0
http://ncicb.nci.nih.gov/xml/owl/EVS/Thesaurus.owl#C27402	http://purl.obolibrary.org/obo/DOID_7945	1.0
http://ncicb.nci.nih.gov/xml/owl/EVS/Thesaurus.owl#C27403	http://purl.obolibrary.org/obo/DOID_7516	1.0
http://ncicb.nci.nih.gov/xml/owl/EVS/Thesaurus.owl#C27404	http://purl.obolibrary.org/obo/DOID_6423	1.0
http://ncicb.nci.nih.gov/xml/owl/EVS/Thesaurus.owl#C27405	http://purl.obolibrary.org/obo/DOID_6654	1.0
http://ncicb.nci.nih.gov/xml/owl/EVS/Thesaurus.owl#C27406	http://purl.obolibrary.org/obo/DOID_8078	1.0
http://ncicb.nci.nih.gov/xml/owl/EVS/Thesaurus.owl#C27407	http://purl.obolibrary.org/obo/DOID_7479	0.93477255
http://ncicb.nci.nih.gov/xml/owl/EVS/Thesaurus.owl#C27414	http://purl.obolibrary.org/obo/DOID_5308	1.0
http://ncicb.nci.nih.gov/xml/owl/EVS/Thesaurus.owl#C27416	http://purl.obolibrary.org/obo/DOID_3693	1.0
http://ncicb.nci.nih.gov/xml/owl/EVS/Thesaurus.owl#C27417	http://purl.obolibrary.org/obo/DOID_5527	1.0
http://ncicb.nci.nih.gov/xml/owl/EVS/Thesaurus.owl#C27418	http://purl.obolibrary.org/obo/DOID_5628	1.0
http://ncicb.nci.nih.gov/xml/owl/EVS/Thesaurus.owl#C27420	http://purl.obolibrary.org/obo/DOID_3747	0.94013244
http://ncicb.nci.nih.gov/xml/owl/EVS/Thesaurus.owl#C27421	http://purl.obolibrary.org/obo/DOID_5625	1.0
http://ncicb.nci.nih.gov/xml/owl/EVS/Thesaurus.owl#C27440	http://purl.obolibrary.org/obo/DOID_0050746	0.90488386
http://ncicb.nci.nih.gov/xml/owl/EVS/Thesaurus.owl#C27444	http://purl.obolibrary.org/obo/DOID_5579	0.92197478
http://ncicb.nci.nih.gov/xml/owl/EVS/Thesaurus.owl#C27447	http://purl.obolibrary.org/obo/DOID_7401	0.94823414
http://ncicb.nci.nih.gov/xml/owl/EVS/Thesaurus.owl#C27448	http://purl.obolibrary.org/obo/DOID_7402	0.96980381
http://ncicb.nci.nih.gov/xml/owl/EVS/Thesaurus.owl#C27452	http://purl.obolibrary.org/obo/DOID_7506	0.97007108
http://ncicb.nci.nih.gov/xml/owl/EVS/Thesaurus.owl#C27466	http://purl.obolibrary.org/obo/DOID_7697	0.96811014
http://ncicb.nci.nih.gov/xml/owl/EVS/Thesaurus.owl#C27474	http://purl.obolibrary.org/obo/DOID_7371	0.97077656
http://ncicb.nci.nih.gov/xml/owl/EVS/Thesaurus.owl#C27481	http://purl.obolibrary.org/obo/DOID_4548	1.0
http://ncicb.nci.nih.gov/xml/owl/EVS/Thesaurus.owl#C27485	http://purl.obolibrary.org/obo/DOID_3317	0.97658116
http://ncicb.nci.nih.gov/xml/owl/EVS/Thesaurus.owl#C27486	http://purl.obolibrary.org/obo/DOID_3927	1.0
http://ncicb.nci.nih.gov/xml/owl/EVS/Thesaurus.owl#C27487	http://purl.obolibrary.org/obo/DOID_3925	1.0
http://ncicb.nci.nih.gov/xml/owl/EVS/Thesaurus.owl#C27488	http://purl.obolibrary.org/obo/DOID_3926	1.0
http://ncicb.nci.nih.gov/xml/owl/EVS/Thesaurus.owl#C27489	http://purl.obolibrary.org/obo/DOID_5705	1.0
http://ncicb.nci.nih.gov/xml/owl/EVS/Thesaurus.owl#C27494	http://purl.obolibrary.org/obo/DOID_5258	1.0
http://ncicb.nci.nih.gov/xml/owl/EVS/Thesaurus.owl#C27495	http://purl.obolibrary.org/obo/DOID_5251	1.0
http://ncicb.nci.nih.gov/xml/owl/EVS/Thesaurus.owl#C27496	http://purl.obolibrary.org/obo/DOID_6906	1.0
http://ncicb.nci.nih.gov/xml/owl/EVS/Thesaurus.owl#C27502	http://purl.obolibrary.org/obo/DOID_6496	1.0
http://ncicb.nci.nih.gov/xml/owl/EVS/Thesaurus.owl#C27505	http://purl.obolibrary.org/obo/DOID_486	1.0
http://ncicb.nci.nih.gov/xml/owl/EVS/Thesaurus.owl#C27506	http://purl.obolibrary.org/obo/DOID_505	1.0
http://ncicb.nci.nih.gov/xml/owl/EVS/Thesaurus.owl#C27507	http://purl.obolibrary.org/obo/DOID_482	1.0
http://ncicb.nci.nih.gov/xml/owl/EVS/Thesaurus.owl#C27509	http://purl.obolibrary.org/obo/DOID_1475	0.96203166
http://ncicb.nci.nih.gov/xml/owl/EVS/Thesaurus.owl#C27514	http://purl.obolibrary.org/obo/DOID_7875	1.0
http://ncicb.nci.nih.gov/xml/owl/EVS/Thesaurus.owl#C27516	http://purl.obolibrary.org/obo/DOID_4323	1.0
http://ncicb.nci.nih.gov/xml/owl/EVS/Thesaurus.owl#C27517	http://purl.obolibrary.org/obo/DOID_4324	1.0
http://ncicb.nci.nih.gov/xml/owl/EVS/Thesaurus.owl#C27518	http://purl.obolibrary.org/obo/DOID_4321	1.0
http://ncicb.nci.nih.gov/xml/owl/EVS/Thesaurus.owl#C27519	http://purl.obolibrary.org/obo/DOID_0050606	1.0
http://ncicb.nci.nih.gov/xml/owl/EVS/Thesaurus.owl#C27530	http://purl.obolibrary.org/obo/DOID_10193	0.94998884
http://ncicb.nci.nih.gov/xml/owl/EVS/Thesaurus.owl#C27535	http://purl.obolibrary.org/obo/DOID_4294	1.0
http://ncicb.nci.nih.gov/xml/owl/EVS/Thesaurus.owl#C27536	http://purl.obolibrary.org/obo/DOID_4293	1.0
http://ncicb.nci.nih.gov/xml/owl/EVS/Thesaurus.owl#C27537	http://purl.obolibrary.org/obo/DOID_4302	1.0
http://ncicb.nci.nih.gov/xml/owl/EVS/Thesaurus.owl#C27538	http://purl.obolibrary.org/obo/DOID_4295	0.93107897
http://ncicb.nci.nih.gov/xml/owl/EVS/Thesaurus.owl#C27539	http://purl.obolibrary.org/obo/DOID_4299	1.0
http://ncicb.nci.nih.gov/xml/owl/EVS/Thesaurus.owl#C27540	http://purl.obolibrary.org/obo/DOID_4279	1.0
http://ncicb.nci.nih.gov/xml/owl/EVS/Thesaurus.owl#C27541	http://purl.obolibrary.org/obo/DOID_4289	1.0
http://ncicb.nci.nih.gov/xml/owl/EVS/Thesaurus.owl#C27542	http://purl.obolibrary.org/obo/DOID_8122	1.0
http://ncicb.nci.nih.gov/xml/owl/EVS/Thesaurus.owl#C27543	http://purl.obolibrary.org/obo/DOID_7049	0.96739727
http://ncicb.nci.nih.gov/xml/owl/EVS/Thesaurus.owl#C27548	http://purl.obolibrary.org/obo/DOID_11684	1.0
http://ncicb.nci.nih.gov/xml/owl/EVS/Thesaurus.owl#C27549	http://purl.obolibrary.org/obo/DOID_2053	1.0
http://ncicb.nci.nih.gov/xml/owl/EVS/Thesaurus.owl#C27558	http://purl.obolibrary.org/obo/DOID_0050159	0.94103777
http://ncicb.nci.nih.gov/xml/owl/EVS/Thesaurus.owl#C27559	http://purl.obolibrary.org/obo/DOID_10319	1.0
http://ncicb.nci.nih.gov/xml/owl/EVS/Thesaurus.owl#C27560	http://purl.obolibrary.org/obo/DOID_11394	0.94787925
http://ncicb.nci.nih.gov/xml/owl/EVS/Thesaurus.owl#C27575	http://purl.obolibrary.org/obo/DOID_3428	0.95834035
http://ncicb.nci.nih.gov/xml/owl/EVS/Thesaurus.owl#C27576	http://purl.obolibrary.org/obo/DOID_14203	0.99093831
http://ncicb.nci.nih.gov/xml/owl/EVS/Thesaurus.owl#C27577	http://purl.obolibrary.org/obo/DOID_1019	1.0
http://ncicb.nci.nih.gov/xml/owl/EVS/Thesaurus.owl#C27578	http://purl.obolibrary.org/obo/DOID_633	1.0
http://ncicb.nci.nih.gov/xml/owl/EVS/Thesaurus.owl#C27579	http://purl.obolibrary.org/obo/DOID_2959	1.0
http://ncicb.nci.nih.gov/xml/owl/EVS/Thesaurus.owl#C27580	http://purl.obolibrary.org/obo/DOID_574	0.97994757
http://ncicb.nci.nih.gov/xml/owl/EVS/Thesaurus.owl#C27591	http://purl.obolibrary.org/obo/DOID_12491	0.97057348
http://ncicb.nci.nih.gov/xml/owl/EVS/Thesaurus.owl#C27592	http://purl.obolibrary.org/obo/DOID_10865	0.91289157
http://ncicb.nci.nih.gov/xml/owl/EVS/Thesaurus.owl#C27593	http://purl.obolibrary.org/obo/DOID_10865	0.97988003
http://ncicb.nci.nih.gov/xml/owl/EVS/Thesaurus.owl#C27594	http://purl.obolibrary.org/obo/DOID_1756	0.97268397
http://ncicb.nci.nih.gov/xml/owl/EVS/Thesaurus.owl#C27595	http://purl.obolibrary.org/obo/DOID_4196	1.0
http://ncicb.nci.nih.gov/xml/owl/EVS/Thesaurus.owl#C27596	http://purl.obolibrary.org/obo/DOID_4201	1.0
http://ncicb.nci.nih.gov/xml/owl/EVS/Thesaurus.owl#C27597	http://purl.obolibrary.org/obo/DOID_11550	1.0
http://ncicb.nci.nih.gov/xml/owl/EVS/Thesaurus.owl#C27598	http://purl.obolibrary.org/obo/DOID_11550	0.91161627
http://ncicb.nci.nih.gov/xml/owl/EVS/Thesaurus.owl#C27605	http://purl.obolibrary.org/obo/DOID_4251	0.9722988
http://ncicb.nci.nih.gov/xml/owl/EVS/Thesaurus.owl#C27617	http://purl.obolibrary.org/obo/DOID_5104	0.97353494
http://ncicb.nci.nih.gov/xml/owl/EVS/Thesaurus.owl#C27623	http://purl.obolibrary.org/obo/DOID_361	0.97929794
http://ncicb.nci.nih.gov/xml/owl/EVS/Thesaurus.owl#C27625	http://purl.obolibrary.org/obo/DOID_4560	1.0
http://ncicb.nci.nih.gov/xml/owl/EVS/Thesaurus.owl#C27626	http://purl.obolibrary.org/obo/DOID_4561	1.0
http://ncicb.nci.nih.gov/xml/owl/EVS/Thesaurus.owl#C27628	http://purl.obolibrary.org/obo/DOID_11432	1.0
http://ncicb.nci.nih.gov/xml/owl/EVS/Thesaurus.owl#C27631	http://purl.obolibrary.org/obo/DOID_2059	0.9799962
http://ncicb.nci.nih.gov/xml/owl/EVS/Thesaurus.owl#C27710	http://purl.obolibrary.org/obo/DOID_8007	0.90010256
http://ncicb.nci.nih.gov/xml/owl/EVS/Thesaurus.owl#C27725	http://purl.obolibrary.org/obo/DOID_3132	1.0
http://ncicb.nci.nih.gov/xml/owl/EVS/Thesaurus.owl#C27729	http://purl.obolibrary.org/obo/DOID_8292	0.9233374
http://ncicb.nci.nih.gov/xml/owl/EVS/Thesaurus.owl#C27730	http://purl.obolibrary.org/obo/DOID_5176	0.92695504
http://ncicb.nci.nih.gov/xml/owl/EVS/Thesaurus.owl#C27735	http://purl.obolibrary.org/obo/DOID_9253	0.90727901
http://ncicb.nci.nih.gov/xml/owl/EVS/Thesaurus.owl#C27744	http://purl.obolibrary.org/obo/DOID_3688	1.0
http://ncicb.nci.nih.gov/xml/owl/EVS/Thesaurus.owl#C27753	http://purl.obolibrary.org/obo/DOID_9119	0.95344692
http://ncicb.nci.nih.gov/xml/owl/EVS/Thesaurus.owl#C27777	http://purl.obolibrary.org/obo/DOID_5774	1.0
http://ncicb.nci.nih.gov/xml/owl/EVS/Thesaurus.owl#C27779	http://purl.obolibrary.org/obo/DOID_7381	1.0
http://ncicb.nci.nih.gov/xml/owl/EVS/Thesaurus.owl#C27781	http://purl.obolibrary.org/obo/DOID_5363	1.0
http://ncicb.nci.nih.gov/xml/owl/EVS/Thesaurus.owl#C27790	http://purl.obolibrary.org/obo/DOID_8872	0.96183288
http://ncicb.nci.nih.gov/xml/owl/EVS/Thesaurus.owl#C27791	http://purl.obolibrary.org/obo/DOID_5907	0.98538536
http://ncicb.nci.nih.gov/xml/owl/EVS/Thesaurus.owl#C27802	http://purl.obolibrary.org/obo/DOID_7350	1.0
http://ncicb.nci.nih.gov/xml/owl/EVS/Thesaurus.owl#C27804	http://purl.obolibrary.org/obo/DOID_6307	1.0
http://ncicb.nci.nih.gov/xml/owl/EVS/Thesaurus.owl#C27813	http://purl.obolibrary.org/obo/DOID_4896	1.0
http://ncicb.nci.nih.gov/xml/owl/EVS/Thesaurus.owl#C27814	http://purl.obolibrary.org/obo/DOID_4897	1.0
http://ncicb.nci.nih.gov/xml/owl/EVS/Thesaurus.owl#C27815	http://purl.obolibrary.org/obo/DOID_1380	0.90981597
http://ncicb.nci.nih.gov/xml/owl/EVS/Thesaurus.owl#C27817	http://purl.obolibrary.org/obo/DOID_3448	0.96913844
http://ncicb.nci.nih.gov/xml/owl/EVS/Thesaurus.owl#C27824	http://purl.obolibrary.org/obo/DOID_8538	1.0
http://ncicb.nci.nih.gov/xml/owl/EVS/Thesaurus.owl#C27839	http://purl.obolibrary.org/obo/DOID_7289	0.95162559
http://ncicb.nci.nih.gov/xml/owl/EVS/Thesaurus.owl#C27846	http://purl.obolibrary.org/obo/DOID_6777	1.0
http://ncicb.nci.nih.gov/xml/owl/EVS/Thesaurus.owl#C27849	http://purl.obolibrary.org/obo/DOID_6865	1.0
http://ncicb.nci.nih.gov/xml/owl/EVS/Thesaurus.owl#C27870	http://purl.obolibrary.org/obo/DOID_6025	0.92764544
http://ncicb.nci.nih.gov/xml/owl/EVS/Thesaurus.owl#C27874	http://purl.obolibrary.org/obo/DOID_6612	1.0
http://ncicb.nci.nih.gov/xml/owl/EVS/Thesaurus.owl#C27883	http://purl.obolibrary.org/obo/DOID_5432	0.94016552
http://ncicb.nci.nih.gov/xml/owl/EVS/Thesaurus.owl#C27885	http://purl.obolibrary.org/obo/DOID_6477	0.90119046
http://ncicb.nci.nih.gov/xml/owl/EVS/Thesaurus.owl#C27888	http://purl.obolibrary.org/obo/DOID_6605	1.0
http://ncicb.nci.nih.gov/xml/owl/EVS/Thesaurus.owl#C27889	http://purl.obolibrary.org/obo/DOID_6606	1.0
http://ncicb.nci.nih.gov/xml/owl/EVS/Thesaurus.owl#C27893	http://purl.obolibrary.org/obo/DOID_4473	1.0
http://ncicb.nci.nih.gov/xml/owl/EVS/Thesaurus.owl#C27896	http://purl.obolibrary.org/obo/DOID_11824	1.0
http://ncicb.nci.nih.gov/xml/owl/EVS/Thesaurus.owl#C27904	http://purl.obolibrary.org/obo/DOID_5284	1.0
http://ncicb.nci.nih.gov/xml/owl/EVS/Thesaurus.owl#C27910	http://purl.obolibrary.org/obo/DOID_706	1.0
http://ncicb.nci.nih.gov/xml/owl/EVS/Thesaurus.owl#C27911	http://purl.obolibrary.org/obo/DOID_6354	1.0
http://ncicb.nci.nih.gov/xml/owl/EVS/Thesaurus.owl#C27922	http://purl.obolibrary.org/obo/DOID_5022	1.0
http://ncicb.nci.nih.gov/xml/owl/EVS/Thesaurus.owl#C27925	http://purl.obolibrary.org/obo/DOID_7596	1.0
http://ncicb.nci.nih.gov/xml/owl/EVS/Thesaurus.owl#C27937	http://purl.obolibrary.org/obo/DOID_5595	1.0
http://ncicb.nci.nih.gov/xml/owl/EVS/Thesaurus.owl#C27939	http://purl.obolibrary.org/obo/DOID_3010	1.0
http://ncicb.nci.nih.gov/xml/owl/EVS/Thesaurus.owl#C27942	http://purl.obolibrary.org/obo/DOID_6839	0.98297095
http://ncicb.nci.nih.gov/xml/owl/EVS/Thesaurus.owl#C27944	http://purl.obolibrary.org/obo/DOID_7984	1.0
http://ncicb.nci.nih.gov/xml/owl/EVS/Thesaurus.owl#C27953	http://purl.obolibrary.org/obo/DOID_7559	1.0
http://ncicb.nci.nih.gov/xml/owl/EVS/Thesaurus.owl#C27961	http://purl.obolibrary.org/obo/DOID_3602	1.0
http://ncicb.nci.nih.gov/xml/owl/EVS/Thesaurus.owl#C27996	http://purl.obolibrary.org/obo/DOID_5844	1.0
http://ncicb.nci.nih.gov/xml/owl/EVS/Thesaurus.owl#C28137	http://purl.obolibrary.org/obo/DOID_14262	1.0
http://ncicb.nci.nih.gov/xml/owl/EVS/Thesaurus.owl#C28155	http://purl.obolibrary.org/obo/DOID_11486	1.0
http://ncicb.nci.nih.gov/xml/owl/EVS/Thesaurus.owl#C28182	http://purl.obolibrary.org/obo/DOID_11260	1.0
http://ncicb.nci.nih.gov/xml/owl/EVS/Thesaurus.owl#C28193	http://purl.obolibrary.org/obo/DOID_225	1.0
http://ncicb.nci.nih.gov/xml/owl/EVS/Thesaurus.owl#C28194	http://purl.obolibrary.org/obo/DOID_1272	0.95505291
http://ncicb.nci.nih.gov/xml/owl/EVS/Thesaurus.owl#C28244	http://purl.obolibrary.org/obo/DOID_0050676	1.0
http://ncicb.nci.nih.gov/xml/owl/EVS/Thesaurus.owl#C28327	http://purl.obolibrary.org/obo/DOID_7519	1.0
http://ncicb.nci.nih.gov/xml/owl/EVS/Thesaurus.owl#C28333	http://purl.obolibrary.org/obo/DOID_7840	0.94981241
http://ncicb.nci.nih.gov/xml/owl/EVS/Thesaurus.owl#C28396	http://purl.obolibrary.org/obo/DOID_4433	0.95737612
http://ncicb.nci.nih.gov/xml/owl/EVS/Thesaurus.owl#C28397	http://purl.obolibrary.org/obo/DOID_2841	1.0
http://ncicb.nci.nih.gov/xml/owl/EVS/Thesaurus.owl#C28432	http://purl.obolibrary.org/obo/DOID_6629	1.0
http://ncicb.nci.nih.gov/xml/owl/EVS/Thesaurus.owl#C2851	http://purl.obolibrary.org/obo/DOID_635	1.0
http://ncicb.nci.nih.gov/xml/owl/EVS/Thesaurus.owl#C2852	http://purl.obolibrary.org/obo/DOID_299	1.0
http://ncicb.nci.nih.gov/xml/owl/EVS/Thesaurus.owl#C2853	http://purl.obolibrary.org/obo/DOID_3112	1.0
http://ncicb.nci.nih.gov/xml/owl/EVS/Thesaurus.owl#C2855	http://purl.obolibrary.org/obo/DOID_657	1.0
http://ncicb.nci.nih.gov/xml/owl/EVS/Thesaurus.owl#C2856	http://purl.obolibrary.org/obo/DOID_4542	0.91902125
http://ncicb.nci.nih.gov/xml/owl/EVS/Thesaurus.owl#C2857	http://purl.obolibrary.org/obo/DOID_3828	0.91119188
http://ncicb.nci.nih.gov/xml/owl/EVS/Thesaurus.owl#C2860	http://purl.obolibrary.org/obo/DOID_1786	1.0
http://ncicb.nci.nih.gov/xml/owl/EVS/Thesaurus.owl#C2862	http://purl.obolibrary.org/obo/DOID_4971	1.0
http://ncicb.nci.nih.gov/xml/owl/EVS/Thesaurus.owl#C2863	http://purl.obolibrary.org/obo/DOID_615	0.95445973
http://ncicb.nci.nih.gov/xml/owl/EVS/Thesaurus.owl#C2866	http://purl.obolibrary.org/obo/DOID_10652	1.0
http://ncicb.nci.nih.gov/xml/owl/EVS/Thesaurus.owl#C2868	http://purl.obolibrary.org/obo/DOID_9120	1.0
http://ncicb.nci.nih.gov/xml/owl/EVS/Thesaurus.owl#C2869	http://purl.obolibrary.org/obo/DOID_2355	1.0
http://ncicb.nci.nih.gov/xml/owl/EVS/Thesaurus.owl#C2870	http://purl.obolibrary.org/obo/DOID_12449	1.0
http://ncicb.nci.nih.gov/xml/owl/EVS/Thesaurus.owl#C2871	http://purl.obolibrary.org/obo/DOID_13381	1.0
http://ncicb.nci.nih.gov/xml/owl/EVS/Thesaurus.owl#C2877	http://purl.obolibrary.org/obo/DOID_4550	0.93524265
http://ncicb.nci.nih.gov/xml/owl/EVS/Thesaurus.owl#C2878	http://purl.obolibrary.org/obo/DOID_2030	1.0
http://ncicb.nci.nih.gov/xml/owl/EVS/Thesaurus.owl#C2880	http://purl.obolibrary.org/obo/DOID_2997	0.97744036
http://ncicb.nci.nih.gov/xml/owl/EVS/Thesaurus.owl#C2882	http://purl.obolibrary.org/obo/DOID_11294	0.96036148
http://ncicb.nci.nih.gov/xml/owl/EVS/Thesaurus.owl#C2883	http://purl.obolibrary.org/obo/DOID_848	1.0
http://ncicb.nci.nih.gov/xml/owl/EVS/Thesaurus.owl#C2884	http://purl.obolibrary.org/obo/DOID_7148	1.0
http://ncicb.nci.nih.gov/xml/owl/EVS/Thesaurus.owl#C2886	http://purl.obolibrary.org/obo/DOID_13564	1.0
http://ncicb.nci.nih.gov/xml/owl/EVS/Thesaurus.owl#C2889	http://purl.obolibrary.org/obo/DOID_417	1.0
http://ncicb.nci.nih.gov/xml/owl/EVS/Thesaurus.owl#C2890	http://purl.obolibrary.org/obo/DOID_104	0.95819676
http://ncicb.nci.nih.gov/xml/owl/EVS/Thesaurus.owl#C2891	http://purl.obolibrary.org/obo/DOID_9206	1.0
http://ncicb.nci.nih.gov/xml/owl/EVS/Thesaurus.owl#C2892	http://purl.obolibrary.org/obo/DOID_2512	1.0
http://ncicb.nci.nih.gov/xml/owl/EVS/Thesaurus.owl#C2894	http://purl.obolibrary.org/obo/DOID_235	0.95638704
http://ncicb.nci.nih.gov/xml/owl/EVS/Thesaurus.owl#C2895	http://purl.obolibrary.org/obo/DOID_0060112	1.0
http://ncicb.nci.nih.gov/xml/owl/EVS/Thesaurus.owl#C2896	http://purl.obolibrary.org/obo/DOID_3165	1.0
http://ncicb.nci.nih.gov/xml/owl/EVS/Thesaurus.owl#C2898	http://purl.obolibrary.org/obo/DOID_4608	0.92282629
http://ncicb.nci.nih.gov/xml/owl/EVS/Thesaurus.owl#C2900	http://purl.obolibrary.org/obo/DOID_365	0.92458278
http://ncicb.nci.nih.gov/xml/owl/EVS/Thesaurus.owl#C2901	http://purl.obolibrary.org/obo/DOID_0050623	0.90875244
http://ncicb.nci.nih.gov/xml/owl/EVS/Thesaurus.owl#C2903	http://purl.obolibrary.org/obo/DOID_2717	1.0
http://ncicb.nci.nih.gov/xml/owl/EVS/Thesaurus.owl#C2906	http://purl.obolibrary.org/obo/DOID_8687	0.93243599
http://ncicb.nci.nih.gov/xml/owl/EVS/Thesaurus.owl#C2911	http://purl.obolibrary.org/obo/DOID_6132	1.0
http://ncicb.nci.nih.gov/xml/owl/EVS/Thesaurus.owl#C2912	http://purl.obolibrary.org/obo/DOID_8584	1.0
http://ncicb.nci.nih.gov/xml/owl/EVS/Thesaurus.owl#C2914	http://purl.obolibrary.org/obo/DOID_2272	1.0
http://ncicb.nci.nih.gov/xml/owl/EVS/Thesaurus.owl#C2916	http://purl.obolibrary.org/obo/DOID_305	1.0
http://ncicb.nci.nih.gov/xml/owl/EVS/Thesaurus.owl#C2917	http://purl.obolibrary.org/obo/DOID_8719	1.0
http://ncicb.nci.nih.gov/xml/owl/EVS/Thesaurus.owl#C2918	http://purl.obolibrary.org/obo/DOID_7843	1.0
http://ncicb.nci.nih.gov/xml/owl/EVS/Thesaurus.owl#C2919	http://purl.obolibrary.org/obo/DOID_2526	1.0
http://ncicb.nci.nih.gov/xml/owl/EVS/Thesaurus.owl#C2920	http://purl.obolibrary.org/obo/DOID_4159	0.90795243
http://ncicb.nci.nih.gov/xml/owl/EVS/Thesaurus.owl#C2921	http://purl.obolibrary.org/obo/DOID_7049	0.92771584
http://ncicb.nci.nih.gov/xml/owl/EVS/Thesaurus.owl#C2922	http://purl.obolibrary.org/obo/DOID_5063	0.94766772
http://ncicb.nci.nih.gov/xml/owl/EVS/Thesaurus.owl#C2923	http://purl.obolibrary.org/obo/DOID_4926	1.0
http://ncicb.nci.nih.gov/xml/owl/EVS/Thesaurus.owl#C2924	http://purl.obolibrary.org/obo/DOID_0060074	0.97413808
http://ncicb.nci.nih.gov/xml/owl/EVS/Thesaurus.owl#C2926	http://purl.obolibrary.org/obo/DOID_3908	1.0
http://ncicb.nci.nih.gov/xml/owl/EVS/Thesaurus.owl#C2927	http://purl.obolibrary.org/obo/DOID_3113	1.0
http://ncicb.nci.nih.gov/xml/owl/EVS/Thesaurus.owl#C2928	http://purl.obolibrary.org/obo/DOID_4024	1.0
http://ncicb.nci.nih.gov/xml/owl/EVS/Thesaurus.owl#C2929	http://purl.obolibrary.org/obo/DOID_1749	1.0
http://ncicb.nci.nih.gov/xml/owl/EVS/Thesaurus.owl#C2930	http://purl.obolibrary.org/obo/DOID_2671	1.0
http://ncicb.nci.nih.gov/xml/owl/EVS/Thesaurus.owl#C2934	http://purl.obolibrary.org/obo/DOID_331	0.97240406
http://ncicb.nci.nih.gov/xml/owl/EVS/Thesaurus.owl#C2935	http://purl.obolibrary.org/obo/DOID_5056	0.91610038
http://ncicb.nci.nih.gov/xml/owl/EVS/Thesaurus.owl#C2936	http://purl.obolibrary.org/obo/DOID_0060688	1.0
http://ncicb.nci.nih.gov/xml/owl/EVS/Thesaurus.owl#C2938	http://purl.obolibrary.org/obo/DOID_6713	1.0
http://ncicb.nci.nih.gov/xml/owl/EVS/Thesaurus.owl#C2939	http://purl.obolibrary.org/obo/DOID_0060325	1.0
http://ncicb.nci.nih.gov/xml/owl/EVS/Thesaurus.owl#C2941	http://purl.obolibrary.org/obo/DOID_2935	1.0
http://ncicb.nci.nih.gov/xml/owl/EVS/Thesaurus.owl#C2942	http://purl.obolibrary.org/obo/DOID_5381	1.0
http://ncicb.nci.nih.gov/xml/owl/EVS/Thesaurus.owl#C2944	http://purl.obolibrary.org/obo/DOID_869	1.0
http://ncicb.nci.nih.gov/xml/owl/EVS/Thesaurus.owl#C2945	http://purl.obolibrary.org/obo/DOID_2649	1.0
http://ncicb.nci.nih.gov/xml/owl/EVS/Thesaurus.owl#C2946	http://purl.obolibrary.org/obo/DOID_3371	1.0
http://ncicb.nci.nih.gov/xml/owl/EVS/Thesaurus.owl#C2947	http://purl.obolibrary.org/obo/DOID_3302	1.0
http://ncicb.nci.nih.gov/xml/owl/EVS/Thesaurus.owl#C2948	http://purl.obolibrary.org/obo/DOID_3594	1.0
http://ncicb.nci.nih.gov/xml/owl/EVS/Thesaurus.owl#C2949	http://purl.obolibrary.org/obo/DOID_12759	1.0
http://ncicb.nci.nih.gov/xml/owl/EVS/Thesaurus.owl#C2951	http://purl.obolibrary.org/obo/DOID_5082	0.95485896
http://ncicb.nci.nih.gov/xml/owl/EVS/Thesaurus.owl#C2952	http://purl.obolibrary.org/obo/DOID_8577	1.0
http://ncicb.nci.nih.gov/xml/owl/EVS/Thesaurus.owl#C2953	http://purl.obolibrary.org/obo/DOID_219	0.90529472
http://ncicb.nci.nih.gov/xml/owl/EVS/Thesaurus.owl#C2955	http://purl.obolibrary.org/obo/DOID_0080199	1.0
http://ncicb.nci.nih.gov/xml/owl/EVS/Thesaurus.owl#C2956	http://purl.obolibrary.org/obo/DOID_9256	0.92766798
http://ncicb.nci.nih.gov/xml/owl/EVS/Thesaurus.owl#C2958	http://purl.obolibrary.org/obo/DOID_2033	1.0
http://ncicb.nci.nih.gov/xml/owl/EVS/Thesaurus.owl#C2963	http://purl.obolibrary.org/obo/DOID_338	1.0
http://ncicb.nci.nih.gov/xml/owl/EVS/Thesaurus.owl#C2964	http://purl.obolibrary.org/obo/DOID_3840	1.0
http://ncicb.nci.nih.gov/xml/owl/EVS/Thesaurus.owl#C2965	http://purl.obolibrary.org/obo/DOID_8778	1.0
http://ncicb.nci.nih.gov/xml/owl/EVS/Thesaurus.owl#C2967	http://purl.obolibrary.org/obo/DOID_12053	1.0
http://ncicb.nci.nih.gov/xml/owl/EVS/Thesaurus.owl#C2969	http://purl.obolibrary.org/obo/DOID_446	1.0
http://ncicb.nci.nih.gov/xml/owl/EVS/Thesaurus.owl#C2970	http://purl.obolibrary.org/obo/DOID_4867	0.93334705
http://ncicb.nci.nih.gov/xml/owl/EVS/Thesaurus.owl#C2971	http://purl.obolibrary.org/obo/DOID_3111	1.0
http://ncicb.nci.nih.gov/xml/owl/EVS/Thesaurus.owl#C2972	http://purl.obolibrary.org/obo/DOID_2634	1.0
http://ncicb.nci.nih.gov/xml/owl/EVS/Thesaurus.owl#C2973	http://purl.obolibrary.org/obo/DOID_3267	0.92973816
http://ncicb.nci.nih.gov/xml/owl/EVS/Thesaurus.owl#C2975	http://purl.obolibrary.org/obo/DOID_1485	1.0
http://ncicb.nci.nih.gov/xml/owl/EVS/Thesaurus.owl#C2976	http://purl.obolibrary.org/obo/DOID_1064	1.0
http://ncicb.nci.nih.gov/xml/owl/EVS/Thesaurus.owl#C2982	http://purl.obolibrary.org/obo/DOID_1596	0.97523302
http://ncicb.nci.nih.gov/xml/owl/EVS/Thesaurus.owl#C2983	http://purl.obolibrary.org/obo/DOID_2723	1.0
http://ncicb.nci.nih.gov/xml/owl/EVS/Thesaurus.owl#C2984	http://purl.obolibrary.org/obo/DOID_4400	1.0
http://ncicb.nci.nih.gov/xml/owl/EVS/Thesaurus.owl#C2985	http://purl.obolibrary.org/obo/DOID_9351	1.0
http://ncicb.nci.nih.gov/xml/owl/EVS/Thesaurus.owl#C2986	http://purl.obolibrary.org/obo/DOID_9744	1.0
http://ncicb.nci.nih.gov/xml/owl/EVS/Thesaurus.owl#C2987	http://purl.obolibrary.org/obo/DOID_13250	1.0
http://ncicb.nci.nih.gov/xml/owl/EVS/Thesaurus.owl#C29888	http://purl.obolibrary.org/obo/DOID_10264	1.0
http://ncicb.nci.nih.gov/xml/owl/EVS/Thesaurus.owl#C2989	http://purl.obolibrary.org/obo/DOID_11198	1.0
http://ncicb.nci.nih.gov/xml/owl/EVS/Thesaurus.owl#C2990	http://purl.obolibrary.org/obo/DOID_77	1.0
http://ncicb.nci.nih.gov/xml/owl/EVS/Thesaurus.owl#C2991	http://purl.obolibrary.org/obo/DOID_4	0.96575516
http://ncicb.nci.nih.gov/xml/owl/EVS/Thesaurus.owl#C2992	http://purl.obolibrary.org/obo/DOID_11247	1.0
http://ncicb.nci.nih.gov/xml/owl/EVS/Thesaurus.owl#C2993	http://purl.obolibrary.org/obo/DOID_14250	1.0
http://ncicb.nci.nih.gov/xml/owl/EVS/Thesaurus.owl#C2994	http://purl.obolibrary.org/obo/DOID_14495	1.0
http://ncicb.nci.nih.gov/xml/owl/EVS/Thesaurus.owl#C2995	http://purl.obolibrary.org/obo/DOID_10021	1.0
http://ncicb.nci.nih.gov/xml/owl/EVS/Thesaurus.owl#C2996	http://purl.obolibrary.org/obo/DOID_4441	1.0
http://ncicb.nci.nih.gov/xml/owl/EVS/Thesaurus.owl#C3001	http://purl.obolibrary.org/obo/DOID_2723	1.0
http://ncicb.nci.nih.gov/xml/owl/EVS/Thesaurus.owl#C3009	http://purl.obolibrary.org/obo/DOID_28	0.98140502
http://ncicb.nci.nih.gov/xml/owl/EVS/Thesaurus.owl#C3012	http://purl.obolibrary.org/obo/DOID_1380	1.0
http://ncicb.nci.nih.gov/xml/owl/EVS/Thesaurus.owl#C3014	http://purl.obolibrary.org/obo/DOID_289	1.0
http://ncicb.nci.nih.gov/xml/owl/EVS/Thesaurus.owl#C3017	http://purl.obolibrary.org/obo/DOID_7497	0.96690637
http://ncicb.nci.nih.gov/xml/owl/EVS/Thesaurus.owl#C3019	http://purl.obolibrary.org/obo/DOID_3618	0.94860864
http://ncicb.nci.nih.gov/xml/owl/EVS/Thesaurus.owl#C3024	http://purl.obolibrary.org/obo/DOID_0050185	1.0
http://ncicb.nci.nih.gov/xml/owl/EVS/Thesaurus.owl#C3027	http://purl.obolibrary.org/obo/DOID_6050	0.96457732
http://ncicb.nci.nih.gov/xml/owl/EVS/Thesaurus.owl#C3029	http://purl.obolibrary.org/obo/DOID_203	1.0
http://ncicb.nci.nih.gov/xml/owl/EVS/Thesaurus.owl#C3031	http://purl.obolibrary.org/obo/DOID_2173	1.0
http://ncicb.nci.nih.gov/xml/owl/EVS/Thesaurus.owl#C3032	http://purl.obolibrary.org/obo/DOID_1964	1.0
http://ncicb.nci.nih.gov/xml/owl/EVS/Thesaurus.owl#C3034	http://purl.obolibrary.org/obo/DOID_1062	1.0
http://ncicb.nci.nih.gov/xml/owl/EVS/Thesaurus.owl#C3037	http://purl.obolibrary.org/obo/DOID_8544	1.0
http://ncicb.nci.nih.gov/xml/owl/EVS/Thesaurus.owl#C3039	http://purl.obolibrary.org/obo/DOID_10354	0.95876878
http://ncicb.nci.nih.gov/xml/owl/EVS/Thesaurus.owl#C3040	http://purl.obolibrary.org/obo/DOID_13374	1.0
http://ncicb.nci.nih.gov/xml/owl/EVS/Thesaurus.owl#C3041	http://purl.obolibrary.org/obo/DOID_0050871	1.0
http://ncicb.nci.nih.gov/xml/owl/EVS/Thesaurus.owl#C3042	http://purl.obolibrary.org/obo/DOID_0050871	0.92966777
http://ncicb.nci.nih.gov/xml/owl/EVS/Thesaurus.owl#C3043	http://purl.obolibrary.org/obo/DOID_3355	1.0
http://ncicb.nci.nih.gov/xml/owl/EVS/Thesaurus.owl#C3049	http://purl.obolibrary.org/obo/DOID_4817	1.0
http://ncicb.nci.nih.gov/xml/owl/EVS/Thesaurus.owl#C3050	http://purl.obolibrary.org/obo/DOID_5579	0.91395402
http://ncicb.nci.nih.gov/xml/owl/EVS/Thesaurus.owl#C3055	http://purl.obolibrary.org/obo/DOID_200	1.0
http://ncicb.nci.nih.gov/xml/owl/EVS/Thesaurus.owl#C3058	http://purl.obolibrary.org/obo/DOID_0050806	0.91001236
http://ncicb.nci.nih.gov/xml/owl/EVS/Thesaurus.owl#C3059	http://purl.obolibrary.org/obo/DOID_0060108	0.9103933
http://ncicb.nci.nih.gov/xml/owl/EVS/Thesaurus.owl#C3060	http://purl.obolibrary.org/obo/DOID_2431	1.0
http://ncicb.nci.nih.gov/xml/owl/EVS/Thesaurus.owl#C3065	http://purl.obolibrary.org/obo/DOID_9113	1.0
http://ncicb.nci.nih.gov/xml/owl/EVS/Thesaurus.owl#C3070	http://purl.obolibrary.org/obo/DOID_2999	1.0
http://ncicb.nci.nih.gov/xml/owl/EVS/Thesaurus.owl#C3071	http://purl.obolibrary.org/obo/DOID_12361	1.0
http://ncicb.nci.nih.gov/xml/owl/EVS/Thesaurus.owl#C3073	http://purl.obolibrary.org/obo/DOID_12698	1.0
http://ncicb.nci.nih.gov/xml/owl/EVS/Thesaurus.owl#C3077	http://purl.obolibrary.org/obo/DOID_11934	0.92609221
http://ncicb.nci.nih.gov/xml/owl/EVS/Thesaurus.owl#C3079	http://purl.obolibrary.org/obo/DOID_114	0.96627903
http://ncicb.nci.nih.gov/xml/owl/EVS/Thesaurus.owl#C3080	http://purl.obolibrary.org/obo/DOID_6000	1.0
http://ncicb.nci.nih.gov/xml/owl/EVS/Thesaurus.owl#C3082	http://purl.obolibrary.org/obo/DOID_0060125	1.0
http://ncicb.nci.nih.gov/xml/owl/EVS/Thesaurus.owl#C3083	http://purl.obolibrary.org/obo/DOID_0060127	1.0
http://ncicb.nci.nih.gov/xml/owl/EVS/Thesaurus.owl#C3085	http://purl.obolibrary.org/obo/DOID_255	1.0
http://ncicb.nci.nih.gov/xml/owl/EVS/Thesaurus.owl#C3086	http://purl.obolibrary.org/obo/DOID_483	1.0
http://ncicb.nci.nih.gov/xml/owl/EVS/Thesaurus.owl#C3087	http://purl.obolibrary.org/obo/DOID_264	1.0
http://ncicb.nci.nih.gov/xml/owl/EVS/Thesaurus.owl#C3088	http://purl.obolibrary.org/obo/DOID_0001816	1.0
http://ncicb.nci.nih.gov/xml/owl/EVS/Thesaurus.owl#C3092	http://purl.obolibrary.org/obo/DOID_2860	1.0
http://ncicb.nci.nih.gov/xml/owl/EVS/Thesaurus.owl#C3093	http://purl.obolibrary.org/obo/DOID_12259	0.90692914
http://ncicb.nci.nih.gov/xml/owl/EVS/Thesaurus.owl#C3095	http://purl.obolibrary.org/obo/DOID_2237	1.0
http://ncicb.nci.nih.gov/xml/owl/EVS/Thesaurus.owl#C3096	http://purl.obolibrary.org/obo/DOID_12549	0.94056958
http://ncicb.nci.nih.gov/xml/owl/EVS/Thesaurus.owl#C3097	http://purl.obolibrary.org/obo/DOID_2043	1.0
http://ncicb.nci.nih.gov/xml/owl/EVS/Thesaurus.owl#C3098	http://purl.obolibrary.org/obo/DOID_1883	1.0
http://ncicb.nci.nih.gov/xml/owl/EVS/Thesaurus.owl#C3099	http://purl.obolibrary.org/obo/DOID_684	1.0
http://ncicb.nci.nih.gov/xml/owl/EVS/Thesaurus.owl#C3101	http://purl.obolibrary.org/obo/DOID_630	0.97862279
http://ncicb.nci.nih.gov/xml/owl/EVS/Thesaurus.owl#C3105	http://purl.obolibrary.org/obo/DOID_14175	0.96529299
http://ncicb.nci.nih.gov/xml/owl/EVS/Thesaurus.owl#C3106	http://purl.obolibrary.org/obo/DOID_3405	1.0
http://ncicb.nci.nih.gov/xml/owl/EVS/Thesaurus.owl#C3107	http://purl.obolibrary.org/obo/DOID_2571	1.0
http://ncicb.nci.nih.gov/xml/owl/EVS/Thesaurus.owl#C3108	http://purl.obolibrary.org/obo/DOID_526	0.94305682
http://ncicb.nci.nih.gov/xml/owl/EVS/Thesaurus.owl#C3110	http://purl.obolibrary.org/obo/DOID_3590	1.0
http://ncicb.nci.nih.gov/xml/owl/EVS/Thesaurus.owl#C3111	http://purl.obolibrary.org/obo/DOID_10908	1.0
http://ncicb.nci.nih.gov/xml/owl/EVS/Thesaurus.owl#C3112	http://purl.obolibrary.org/obo/DOID_12678	1.0
http://ncicb.nci.nih.gov/xml/owl/EVS/Thesaurus.owl#C3114	http://purl.obolibrary.org/obo/DOID_1205	1.0
http://ncicb.nci.nih.gov/xml/owl/EVS/Thesaurus.owl#C3117	http://purl.obolibrary.org/obo/DOID_10763	1.0
http://ncicb.nci.nih.gov/xml/owl/EVS/Thesaurus.owl#C3119	http://purl.obolibrary.org/obo/DOID_10762	1.0
http://ncicb.nci.nih.gov/xml/owl/EVS/Thesaurus.owl#C3123	http://purl.obolibrary.org/obo/DOID_7998	1.0
http://ncicb.nci.nih.gov/xml/owl/EVS/Thesaurus.owl#C3125	http://purl.obolibrary.org/obo/DOID_10688	0.98177433
http://ncicb.nci.nih.gov/xml/owl/EVS/Thesaurus.owl#C3126	http://purl.obolibrary.org/obo/DOID_9993	1.0
http://ncicb.nci.nih.gov/xml/owl/EVS/Thesaurus.owl#C3129	http://purl.obolibrary.org/obo/DOID_3644	1.0
http://ncicb.nci.nih.gov/xml/owl/EVS/Thesaurus.owl#C3130	http://purl.obolibrary.org/obo/DOID_10156	1.0
http://ncicb.nci.nih.gov/xml/owl/EVS/Thesaurus.owl#C3131	http://purl.obolibrary.org/obo/DOID_612	0.91407764
http://ncicb.nci.nih.gov/xml/owl/EVS/Thesaurus.owl#C3132	http://purl.obolibrary.org/obo/DOID_0060125	0.91357374
http://ncicb.nci.nih.gov/xml/owl/EVS/Thesaurus.owl#C3138	http://purl.obolibrary.org/obo/DOID_0050589	1.0
http://ncicb.nci.nih.gov/xml/owl/EVS/Thesaurus.owl#C3139	http://purl.obolibrary.org/obo/DOID_4706	0.90895343
http://ncicb.nci.nih.gov/xml/owl/EVS/Thesaurus.owl#C3141	http://purl.obolibrary.org/obo/DOID_10155	0.90096247
http://ncicb.nci.nih.gov/xml/owl/EVS/Thesaurus.owl#C3142	http://purl.obolibrary.org/obo/DOID_3478	0.91146034
http://ncicb.nci.nih.gov/xml/owl/EVS/Thesaurus.owl#C3146	http://purl.obolibrary.org/obo/DOID_3149	1.0
http://ncicb.nci.nih.gov/xml/owl/EVS/Thesaurus.owl#C3148	http://purl.obolibrary.org/obo/DOID_8866	0.94890177
http://ncicb.nci.nih.gov/xml/owl/EVS/Thesaurus.owl#C3151	http://purl.obolibrary.org/obo/DOID_8738	0.96615028
http://ncicb.nci.nih.gov/xml/owl/EVS/Thesaurus.owl#C3153	http://purl.obolibrary.org/obo/DOID_9597	1.0
http://ncicb.nci.nih.gov/xml/owl/EVS/Thesaurus.owl#C3154	http://purl.obolibrary.org/obo/DOID_10604	1.0
http://ncicb.nci.nih.gov/xml/owl/EVS/Thesaurus.owl#C3155	http://purl.obolibrary.org/obo/DOID_0050214	1.0
http://ncicb.nci.nih.gov/xml/owl/EVS/Thesaurus.owl#C3157	http://purl.obolibrary.org/obo/DOID_127	1.0
http://ncicb.nci.nih.gov/xml/owl/EVS/Thesaurus.owl#C3158	http://purl.obolibrary.org/obo/DOID_1967	1.0
http://ncicb.nci.nih.gov/xml/owl/EVS/Thesaurus.owl#C3160	http://purl.obolibrary.org/obo/DOID_2571	1.0
http://ncicb.nci.nih.gov/xml/owl/EVS/Thesaurus.owl#C3161	http://purl.obolibrary.org/obo/DOID_1240	1.0
http://ncicb.nci.nih.gov/xml/owl/EVS/Thesaurus.owl#C3163	http://purl.obolibrary.org/obo/DOID_1040	1.0
http://ncicb.nci.nih.gov/xml/owl/EVS/Thesaurus.owl#C3167	http://purl.obolibrary.org/obo/DOID_9952	1.0
http://ncicb.nci.nih.gov/xml/owl/EVS/Thesaurus.owl#C3168	http://purl.obolibrary.org/obo/DOID_0080144	1.0
http://ncicb.nci.nih.gov/xml/owl/EVS/Thesaurus.owl#C3169	http://purl.obolibrary.org/obo/DOID_9254	1.0
http://ncicb.nci.nih.gov/xml/owl/EVS/Thesaurus.owl#C3170	http://purl.obolibrary.org/obo/DOID_8761	0.91111267
http://ncicb.nci.nih.gov/xml/owl/EVS/Thesaurus.owl#C3171	http://purl.obolibrary.org/obo/DOID_9119	1.0
http://ncicb.nci.nih.gov/xml/owl/EVS/Thesaurus.owl#C3172	http://purl.obolibrary.org/obo/DOID_8692	1.0
http://ncicb.nci.nih.gov/xml/owl/EVS/Thesaurus.owl#C3178	http://purl.obolibrary.org/obo/DOID_0080188	1.0
http://ncicb.nci.nih.gov/xml/owl/EVS/Thesaurus.owl#C3179	http://purl.obolibrary.org/obo/DOID_0080187	1.0
http://ncicb.nci.nih.gov/xml/owl/EVS/Thesaurus.owl#C3180	http://purl.obolibrary.org/obo/DOID_9513	0.97151536
http://ncicb.nci.nih.gov/xml/owl/EVS/Thesaurus.owl#C3181	http://purl.obolibrary.org/obo/DOID_1039	1.0
http://ncicb.nci.nih.gov/xml/owl/EVS/Thesaurus.owl#C3183	http://purl.obolibrary.org/obo/DOID_5603	0.91242254
http://ncicb.nci.nih.gov/xml/owl/EVS/Thesaurus.owl#C3184	http://purl.obolibrary.org/obo/DOID_0050523	1.0
http://ncicb.nci.nih.gov/xml/owl/EVS/Thesaurus.owl#C3186	http://purl.obolibrary.org/obo/DOID_9655	0.90800643
http://ncicb.nci.nih.gov/xml/owl/EVS/Thesaurus.owl#C3187	http://purl.obolibrary.org/obo/DOID_9655	0.98821765
http://ncicb.nci.nih.gov/xml/owl/EVS/Thesaurus.owl#C3188	http://purl.obolibrary.org/obo/DOID_2696	1.0
http://ncicb.nci.nih.gov/xml/owl/EVS/Thesaurus.owl#C3189	http://purl.obolibrary.org/obo/DOID_9201	1.0
http://ncicb.nci.nih.gov/xml/owl/EVS/Thesaurus.owl#C3190	http://purl.obolibrary.org/obo/DOID_4023	1.0
http://ncicb.nci.nih.gov/xml/owl/EVS/Thesaurus.owl#C3192	http://purl.obolibrary.org/obo/DOID_3315	1.0
http://ncicb.nci.nih.gov/xml/owl/EVS/Thesaurus.owl#C3193	http://purl.obolibrary.org/obo/DOID_3153	1.0
http://ncicb.nci.nih.gov/xml/owl/EVS/Thesaurus.owl#C3194	http://purl.obolibrary.org/obo/DOID_3382	1.0
http://ncicb.nci.nih.gov/xml/owl/EVS/Thesaurus.owl#C3198	http://purl.obolibrary.org/obo/DOID_850	0.9792797
http://ncicb.nci.nih.gov/xml/owl/EVS/Thesaurus.owl#C3199	http://purl.obolibrary.org/obo/DOID_3083	1.0
http://ncicb.nci.nih.gov/xml/owl/EVS/Thesaurus.owl#C3200	http://purl.obolibrary.org/obo/DOID_1324	1.0
http://ncicb.nci.nih.gov/xml/owl/EVS/Thesaurus.owl#C3201	http://purl.obolibrary.org/obo/DOID_9074	1.0
http://ncicb.nci.nih.gov/xml/owl/EVS/Thesaurus.owl#C3204	http://purl.obolibrary.org/obo/DOID_1475	0.90634948
http://ncicb.nci.nih.gov/xml/owl/EVS/Thesaurus.owl#C3205	http://purl.obolibrary.org/obo/DOID_2689	1.0
http://ncicb.nci.nih.gov/xml/owl/EVS/Thesaurus.owl#C3207	http://purl.obolibrary.org/obo/DOID_4977	1.0
http://ncicb.nci.nih.gov/xml/owl/EVS/Thesaurus.owl#C3208	http://purl.obolibrary.org/obo/DOID_0060058	1.0
http://ncicb.nci.nih.gov/xml/owl/EVS/Thesaurus.owl#C3209	http://purl.obolibrary.org/obo/DOID_0050873	1.0
http://ncicb.nci.nih.gov/xml/owl/EVS/Thesaurus.owl#C3211	http://purl.obolibrary.org/obo/DOID_0060060	1.0
http://ncicb.nci.nih.gov/xml/owl/EVS/Thesaurus.owl#C3212	http://purl.obolibrary.org/obo/DOID_0050747	1.0
http://ncicb.nci.nih.gov/xml/owl/EVS/Thesaurus.owl#C3213	http://purl.obolibrary.org/obo/DOID_0060221	1.0
http://ncicb.nci.nih.gov/xml/owl/EVS/Thesaurus.owl#C3216	http://purl.obolibrary.org/obo/DOID_4645	0.95904857
http://ncicb.nci.nih.gov/xml/owl/EVS/Thesaurus.owl#C3217	http://purl.obolibrary.org/obo/DOID_4658	1.0
http://ncicb.nci.nih.gov/xml/owl/EVS/Thesaurus.owl#C3218	http://purl.obolibrary.org/obo/DOID_3665	1.0
http://ncicb.nci.nih.gov/xml/owl/EVS/Thesaurus.owl#C3219	http://purl.obolibrary.org/obo/DOID_1358	1.0
http://ncicb.nci.nih.gov/xml/owl/EVS/Thesaurus.owl#C3222	http://purl.obolibrary.org/obo/DOID_0050902	1.0
http://ncicb.nci.nih.gov/xml/owl/EVS/Thesaurus.owl#C3223	http://purl.obolibrary.org/obo/DOID_3982	0.92162603
http://ncicb.nci.nih.gov/xml/owl/EVS/Thesaurus.owl#C3224	http://purl.obolibrary.org/obo/DOID_1909	1.0
http://ncicb.nci.nih.gov/xml/owl/EVS/Thesaurus.owl#C3225	http://purl.obolibrary.org/obo/DOID_10017	1.0
http://ncicb.nci.nih.gov/xml/owl/EVS/Thesaurus.owl#C3226	http://purl.obolibrary.org/obo/DOID_0050430	1.0
http://ncicb.nci.nih.gov/xml/owl/EVS/Thesaurus.owl#C3227	http://purl.obolibrary.org/obo/DOID_10016	1.0
http://ncicb.nci.nih.gov/xml/owl/EVS/Thesaurus.owl#C3229	http://purl.obolibrary.org/obo/DOID_3565	1.0
http://ncicb.nci.nih.gov/xml/owl/EVS/Thesaurus.owl#C3230	http://purl.obolibrary.org/obo/DOID_3565	1.0
http://ncicb.nci.nih.gov/xml/owl/EVS/Thesaurus.owl#C3233	http://purl.obolibrary.org/obo/DOID_2668	1.0
http://ncicb.nci.nih.gov/xml/owl/EVS/Thesaurus.owl#C3235	http://purl.obolibrary.org/obo/DOID_0014667	0.94720405
http://ncicb.nci.nih.gov/xml/owl/EVS/Thesaurus.owl#C3241	http://purl.obolibrary.org/obo/DOID_13248	0.99692214
http://ncicb.nci.nih.gov/xml/owl/EVS/Thesaurus.owl#C3242	http://purl.obolibrary.org/obo/DOID_9538	1.0
http://ncicb.nci.nih.gov/xml/owl/EVS/Thesaurus.owl#C3243	http://purl.obolibrary.org/obo/DOID_2377	1.0
http://ncicb.nci.nih.gov/xml/owl/EVS/Thesaurus.owl#C3245	http://purl.obolibrary.org/obo/DOID_1564	0.92807055
http://ncicb.nci.nih.gov/xml/owl/EVS/Thesaurus.owl#C3246	http://purl.obolibrary.org/obo/DOID_8691	1.0
http://ncicb.nci.nih.gov/xml/owl/EVS/Thesaurus.owl#C3247	http://purl.obolibrary.org/obo/DOID_0050908	1.0
http://ncicb.nci.nih.gov/xml/owl/EVS/Thesaurus.owl#C3248	http://purl.obolibrary.org/obo/DOID_4971	1.0
http://ncicb.nci.nih.gov/xml/owl/EVS/Thesaurus.owl#C3252	http://purl.obolibrary.org/obo/DOID_2411	0.91465783
http://ncicb.nci.nih.gov/xml/owl/EVS/Thesaurus.owl#C3253	http://purl.obolibrary.org/obo/DOID_668	1.0
http://ncicb.nci.nih.gov/xml/owl/EVS/Thesaurus.owl#C3254	http://purl.obolibrary.org/obo/DOID_4265	0.92688054
http://ncicb.nci.nih.gov/xml/owl/EVS/Thesaurus.owl#C3255	http://purl.obolibrary.org/obo/DOID_4136	1.0
http://ncicb.nci.nih.gov/xml/owl/EVS/Thesaurus.owl#C3262	http://purl.obolibrary.org/obo/DOID_14566	1.0
http://ncicb.nci.nih.gov/xml/owl/EVS/Thesaurus.owl#C3264	http://purl.obolibrary.org/obo/DOID_688	0.95203578
http://ncicb.nci.nih.gov/xml/owl/EVS/Thesaurus.owl#C3267	http://purl.obolibrary.org/obo/DOID_5176	0.91655391
http://ncicb.nci.nih.gov/xml/owl/EVS/Thesaurus.owl#C3268	http://purl.obolibrary.org/obo/DOID_3093	0.90138793
http://ncicb.nci.nih.gov/xml/owl/EVS/Thesaurus.owl#C3269	http://purl.obolibrary.org/obo/DOID_3196	0.96012688
http://ncicb.nci.nih.gov/xml/owl/EVS/Thesaurus.owl#C3270	http://purl.obolibrary.org/obo/DOID_769	1.0
http://ncicb.nci.nih.gov/xml/owl/EVS/Thesaurus.owl#C3272	http://purl.obolibrary.org/obo/DOID_962	1.0
http://ncicb.nci.nih.gov/xml/owl/EVS/Thesaurus.owl#C3273	http://purl.obolibrary.org/obo/DOID_8712	1.0
http://ncicb.nci.nih.gov/xml/owl/EVS/Thesaurus.owl#C3274	http://purl.obolibrary.org/obo/DOID_8712	1.0
http://ncicb.nci.nih.gov/xml/owl/EVS/Thesaurus.owl#C3275	http://purl.obolibrary.org/obo/DOID_2001	1.0
http://ncicb.nci.nih.gov/xml/owl/EVS/Thesaurus.owl#C3276	http://purl.obolibrary.org/obo/DOID_12689	0.91042531
http://ncicb.nci.nih.gov/xml/owl/EVS/Thesaurus.owl#C3283	http://purl.obolibrary.org/obo/DOID_9970	1.0
http://ncicb.nci.nih.gov/xml/owl/EVS/Thesaurus.owl#C3288	http://purl.obolibrary.org/obo/DOID_3181	1.0
http://ncicb.nci.nih.gov/xml/owl/EVS/Thesaurus.owl#C3292	http://purl.obolibrary.org/obo/DOID_5408	0.92087656
http://ncicb.nci.nih.gov/xml/owl/EVS/Thesaurus.owl#C3293	http://purl.obolibrary.org/obo/DOID_8398	1.0
http://ncicb.nci.nih.gov/xml/owl/EVS/Thesaurus.owl#C3294	http://purl.obolibrary.org/obo/DOID_0060098	1.0
http://ncicb.nci.nih.gov/xml/owl/EVS/Thesaurus.owl#C3296	http://purl.obolibrary.org/obo/DOID_0060098	0.90322578
http://ncicb.nci.nih.gov/xml/owl/EVS/Thesaurus.owl#C3298	http://purl.obolibrary.org/obo/DOID_11476	1.0
http://ncicb.nci.nih.gov/xml/owl/EVS/Thesaurus.owl#C3299	http://purl.obolibrary.org/obo/DOID_3930	0.9179194
http://ncicb.nci.nih.gov/xml/owl/EVS/Thesaurus.owl#C3302	http://purl.obolibrary.org/obo/DOID_3450	1.0
http://ncicb.nci.nih.gov/xml/owl/EVS/Thesaurus.owl#C3306	http://purl.obolibrary.org/obo/DOID_4989	1.0
http://ncicb.nci.nih.gov/xml/owl/EVS/Thesaurus.owl#C3307	http://purl.obolibrary.org/obo/DOID_146	1.0
http://ncicb.nci.nih.gov/xml/owl/EVS/Thesaurus.owl#C3308	http://purl.obolibrary.org/obo/DOID_0050773	1.0
http://ncicb.nci.nih.gov/xml/owl/EVS/Thesaurus.owl#C3312	http://purl.obolibrary.org/obo/DOID_9088	1.0
http://ncicb.nci.nih.gov/xml/owl/EVS/Thesaurus.owl#C3317	http://purl.obolibrary.org/obo/DOID_11624	0.99999994
http://ncicb.nci.nih.gov/xml/owl/EVS/Thesaurus.owl#C3319	http://purl.obolibrary.org/obo/DOID_118	1.0
http://ncicb.nci.nih.gov/xml/owl/EVS/Thesaurus.owl#C3321	http://purl.obolibrary.org/obo/DOID_1192	1.0
http://ncicb.nci.nih.gov/xml/owl/EVS/Thesaurus.owl#C3322	http://purl.obolibrary.org/obo/DOID_1725	1.0
http://ncicb.nci.nih.gov/xml/owl/EVS/Thesaurus.owl#C3324	http://purl.obolibrary.org/obo/DOID_3852	1.0
http://ncicb.nci.nih.gov/xml/owl/EVS/Thesaurus.owl#C3325	http://purl.obolibrary.org/obo/DOID_0060119	1.0
http://ncicb.nci.nih.gov/xml/owl/EVS/Thesaurus.owl#C3326	http://purl.obolibrary.org/obo/DOID_0050892	1.0
http://ncicb.nci.nih.gov/xml/owl/EVS/Thesaurus.owl#C3328	http://purl.obolibrary.org/obo/DOID_5032	0.92818391
http://ncicb.nci.nih.gov/xml/owl/EVS/Thesaurus.owl#C3329	http://purl.obolibrary.org/obo/DOID_3829	0.99282908
http://ncicb.nci.nih.gov/xml/owl/EVS/Thesaurus.owl#C3330	http://purl.obolibrary.org/obo/DOID_5048	0.92661941
http://ncicb.nci.nih.gov/xml/owl/EVS/Thesaurus.owl#C3333	http://purl.obolibrary.org/obo/DOID_552	1.0
http://ncicb.nci.nih.gov/xml/owl/EVS/Thesaurus.owl#C3334	http://purl.obolibrary.org/obo/DOID_11339	0.92071575
http://ncicb.nci.nih.gov/xml/owl/EVS/Thesaurus.owl#C3335	http://purl.obolibrary.org/obo/DOID_2732	1.0
http://ncicb.nci.nih.gov/xml/owl/EVS/Thesaurus.owl#C3336	http://purl.obolibrary.org/obo/DOID_8997	1.0
http://ncicb.nci.nih.gov/xml/owl/EVS/Thesaurus.owl#C3339	http://purl.obolibrary.org/obo/DOID_0050424	1.0
http://ncicb.nci.nih.gov/xml/owl/EVS/Thesaurus.owl#C3345	http://purl.obolibrary.org/obo/DOID_3559	1.0
http://ncicb.nci.nih.gov/xml/owl/EVS/Thesaurus.owl#C3346	http://purl.obolibrary.org/obo/DOID_8893	1.0
http://ncicb.nci.nih.gov/xml/owl/EVS/Thesaurus.owl#C3348	http://purl.obolibrary.org/obo/DOID_9675	1.0
http://ncicb.nci.nih.gov/xml/owl/EVS/Thesaurus.owl#C3350	http://purl.obolibrary.org/obo/DOID_1984	1.0
http://ncicb.nci.nih.gov/xml/owl/EVS/Thesaurus.owl#C3353	http://purl.obolibrary.org/obo/DOID_11394	0.92955309
http://ncicb.nci.nih.gov/xml/owl/EVS/Thesaurus.owl#C3354	http://purl.obolibrary.org/obo/DOID_1273	0.9889335
http://ncicb.nci.nih.gov/xml/owl/EVS/Thesaurus.owl#C3359	http://purl.obolibrary.org/obo/DOID_3247	1.0
http://ncicb.nci.nih.gov/xml/owl/EVS/Thesaurus.owl#C3362	http://purl.obolibrary.org/obo/DOID_5419	1.0
http://ncicb.nci.nih.gov/xml/owl/EVS/Thesaurus.owl#C3363	http://purl.obolibrary.org/obo/DOID_5759	1.0
http://ncicb.nci.nih.gov/xml/owl/EVS/Thesaurus.owl#C3366	http://purl.obolibrary.org/obo/DOID_8541	0.90436059
http://ncicb.nci.nih.gov/xml/owl/EVS/Thesaurus.owl#C3369	http://purl.obolibrary.org/obo/DOID_10325	1.0
http://ncicb.nci.nih.gov/xml/owl/EVS/Thesaurus.owl#C3374	http://purl.obolibrary.org/obo/DOID_6873	1.0
http://ncicb.nci.nih.gov/xml/owl/EVS/Thesaurus.owl#C3376	http://purl.obolibrary.org/obo/DOID_535	1.0
http://ncicb.nci.nih.gov/xml/owl/EVS/Thesaurus.owl#C3379	http://purl.obolibrary.org/obo/DOID_4430	0.94086444
http://ncicb.nci.nih.gov/xml/owl/EVS/Thesaurus.owl#C3381	http://purl.obolibrary.org/obo/DOID_5612	1.0
http://ncicb.nci.nih.gov/xml/owl/EVS/Thesaurus.owl#C3385	http://purl.obolibrary.org/obo/DOID_0050185	0.94938219
http://ncicb.nci.nih.gov/xml/owl/EVS/Thesaurus.owl#C3388	http://purl.obolibrary.org/obo/DOID_10808	1.0
http://ncicb.nci.nih.gov/xml/owl/EVS/Thesaurus.owl#C3389	http://purl.obolibrary.org/obo/DOID_2055	1.0
http://ncicb.nci.nih.gov/xml/owl/EVS/Thesaurus.owl#C3390	http://purl.obolibrary.org/obo/DOID_6713	1.0
http://ncicb.nci.nih.gov/xml/owl/EVS/Thesaurus.owl#C3392	http://purl.obolibrary.org/obo/DOID_8849	0.90966827
http://ncicb.nci.nih.gov/xml/owl/EVS/Thesaurus.owl#C3398	http://purl.obolibrary.org/obo/DOID_2664	1.0
http://ncicb.nci.nih.gov/xml/owl/EVS/Thesaurus.owl#C3400	http://purl.obolibrary.org/obo/DOID_5485	1.0
http://ncicb.nci.nih.gov/xml/owl/EVS/Thesaurus.owl#C3401	http://purl.obolibrary.org/obo/DOID_314	0.92402864
http://ncicb.nci.nih.gov/xml/owl/EVS/Thesaurus.owl#C3402	http://purl.obolibrary.org/obo/DOID_314	1.0
http://ncicb.nci.nih.gov/xml/owl/EVS/Thesaurus.owl#C3403	http://purl.obolibrary.org/obo/DOID_3307	1.0
http://ncicb.nci.nih.gov/xml/owl/EVS/Thesaurus.owl#C3404	http://purl.obolibrary.org/obo/DOID_2998	0.90237945
http://ncicb.nci.nih.gov/xml/owl/EVS/Thesaurus.owl#C3407	http://purl.obolibrary.org/obo/DOID_2224	1.0
http://ncicb.nci.nih.gov/xml/owl/EVS/Thesaurus.owl#C3408	http://purl.obolibrary.org/obo/DOID_1588	1.0
http://ncicb.nci.nih.gov/xml/owl/EVS/Thesaurus.owl#C3410	http://purl.obolibrary.org/obo/DOID_3875	1.0
http://ncicb.nci.nih.gov/xml/owl/EVS/Thesaurus.owl#C3411	http://purl.obolibrary.org/obo/DOID_3275	1.0
http://ncicb.nci.nih.gov/xml/owl/EVS/Thesaurus.owl#C3418	http://purl.obolibrary.org/obo/DOID_9965	1.0
http://ncicb.nci.nih.gov/xml/owl/EVS/Thesaurus.owl#C3419	http://purl.obolibrary.org/obo/DOID_11920	0.9514854
http://ncicb.nci.nih.gov/xml/owl/EVS/Thesaurus.owl#C3422	http://purl.obolibrary.org/obo/DOID_4085	0.98912871
http://ncicb.nci.nih.gov/xml/owl/EVS/Thesaurus.owl#C3423	http://purl.obolibrary.org/obo/DOID_399	1.0
http://ncicb.nci.nih.gov/xml/owl/EVS/Thesaurus.owl#C3424	http://purl.obolibrary.org/obo/DOID_13515	1.0
http://ncicb.nci.nih.gov/xml/owl/EVS/Thesaurus.owl#C3430	http://purl.obolibrary.org/obo/DOID_18	0.92745239
http://ncicb.nci.nih.gov/xml/owl/EVS/Thesaurus.owl#C3431	http://purl.obolibrary.org/obo/DOID_3996	0.90740436
http://ncicb.nci.nih.gov/xml/owl/EVS/Thesaurus.owl#C3432	http://purl.obolibrary.org/obo/DOID_1555	1.0
http://ncicb.nci.nih.gov/xml/owl/EVS/Thesaurus.owl#C3434	http://purl.obolibrary.org/obo/DOID_7242	0.96945328
http://ncicb.nci.nih.gov/xml/owl/EVS/Thesaurus.owl#C34345	http://purl.obolibrary.org/obo/DOID_4480	1.0
http://ncicb.nci.nih.gov/xml/owl/EVS/Thesaurus.owl#C34348	http://purl.obolibrary.org/obo/DOID_12960	0.90112847
http://ncicb.nci.nih.gov/xml/owl/EVS/Thesaurus.owl#C34350	http://purl.obolibrary.org/obo/DOID_8478	1.0
http://ncicb.nci.nih.gov/xml/owl/EVS/Thesaurus.owl#C34354	http://purl.obolibrary.org/obo/DOID_824	0.9127773
http://ncicb.nci.nih.gov/xml/owl/EVS/Thesaurus.owl#C34356	http://purl.obolibrary.org/obo/DOID_8590	0.91153967
http://ncicb.nci.nih.gov/xml/owl/EVS/Thesaurus.owl#C34360	http://purl.obolibrary.org/obo/DOID_0050811	1.0
http://ncicb.nci.nih.gov/xml/owl/EVS/Thesaurus.owl#C34362	http://purl.obolibrary.org/obo/DOID_593	1.0
http://ncicb.nci.nih.gov/xml/owl/EVS/Thesaurus.owl#C34368	http://purl.obolibrary.org/obo/DOID_1099	1.0
http://ncicb.nci.nih.gov/xml/owl/EVS/Thesaurus.owl#C34369	http://purl.obolibrary.org/obo/DOID_841	1.0
http://ncicb.nci.nih.gov/xml/owl/EVS/Thesaurus.owl#C3437	http://purl.obolibrary.org/obo/DOID_134	0.91045231
http://ncicb.nci.nih.gov/xml/owl/EVS/Thesaurus.owl#C34373	http://purl.obolibrary.org/obo/DOID_332	1.0
http://ncicb.nci.nih.gov/xml/owl/EVS/Thesaurus.owl#C34375	http://purl.obolibrary.org/obo/DOID_12241	1.0
http://ncicb.nci.nih.gov/xml/owl/EVS/Thesaurus.owl#C34376	http://purl.obolibrary.org/obo/DOID_583	1.0
http://ncicb.nci.nih.gov/xml/owl/EVS/Thesaurus.owl#C34378	http://purl.obolibrary.org/obo/DOID_718	1.0
http://ncicb.nci.nih.gov/xml/owl/EVS/Thesaurus.owl#C34379	http://purl.obolibrary.org/obo/DOID_589	1.0
http://ncicb.nci.nih.gov/xml/owl/EVS/Thesaurus.owl#C34380	http://purl.obolibrary.org/obo/DOID_11759	1.0
http://ncicb.nci.nih.gov/xml/owl/EVS/Thesaurus.owl#C34381	http://purl.obolibrary.org/obo/DOID_2361	1.0
http://ncicb.nci.nih.gov/xml/owl/EVS/Thesaurus.owl#C34382	http://purl.obolibrary.org/obo/DOID_13382	1.0
http://ncicb.nci.nih.gov/xml/owl/EVS/Thesaurus.owl#C34387	http://purl.obolibrary.org/obo/DOID_8689	1.0
http://ncicb.nci.nih.gov/xml/owl/EVS/Thesaurus.owl#C34389	http://purl.obolibrary.org/obo/DOID_10324	1.0
http://ncicb.nci.nih.gov/xml/owl/EVS/Thesaurus.owl#C3439	http://purl.obolibrary.org/obo/DOID_934	0.96901673
http://ncicb.nci.nih.gov/xml/owl/EVS/Thesaurus.owl#C34390	http://purl.obolibrary.org/obo/DOID_10327	1.0
http://ncicb.nci.nih.gov/xml/owl/EVS/Thesaurus.owl#C34398	http://purl.obolibrary.org/obo/DOID_2349	1.0
http://ncicb.nci.nih.gov/xml/owl/EVS/Thesaurus.owl#C34400	http://purl.obolibrary.org/obo/DOID_1556	1.0
http://ncicb.nci.nih.gov/xml/owl/EVS/Thesaurus.owl#C34403	http://purl.obolibrary.org/obo/DOID_2348	1.0
http://ncicb.nci.nih.gov/xml/owl/EVS/Thesaurus.owl#C34409	http://purl.obolibrary.org/obo/DOID_12522	1.0
http://ncicb.nci.nih.gov/xml/owl/EVS/Thesaurus.owl#C34410	http://purl.obolibrary.org/obo/DOID_10321	1.0
http://ncicb.nci.nih.gov/xml/owl/EVS/Thesaurus.owl#C34412	http://purl.obolibrary.org/obo/DOID_445	0.93199128
http://ncicb.nci.nih.gov/xml/owl/EVS/Thesaurus.owl#C34415	http://purl.obolibrary.org/obo/DOID_5572	1.0
http://ncicb.nci.nih.gov/xml/owl/EVS/Thesaurus.owl#C34416	http://purl.obolibrary.org/obo/DOID_13241	1.0
http://ncicb.nci.nih.gov/xml/owl/EVS/Thesaurus.owl#C34421	http://purl.obolibrary.org/obo/DOID_13608	1.0
http://ncicb.nci.nih.gov/xml/owl/EVS/Thesaurus.owl#C34423	http://purl.obolibrary.org/obo/DOID_3312	1.0
http://ncicb.nci.nih.gov/xml/owl/EVS/Thesaurus.owl#C34424	http://purl.obolibrary.org/obo/DOID_14042	0.90903741
http://ncicb.nci.nih.gov/xml/owl/EVS/Thesaurus.owl#C34425	http://purl.obolibrary.org/obo/DOID_13891	1.0
http://ncicb.nci.nih.gov/xml/owl/EVS/Thesaurus.owl#C34426	http://purl.obolibrary.org/obo/DOID_14068	1.0
http://ncicb.nci.nih.gov/xml/owl/EVS/Thesaurus.owl#C34429	http://purl.obolibrary.org/obo/DOID_12663	0.9520216
http://ncicb.nci.nih.gov/xml/owl/EVS/Thesaurus.owl#C3443	http://purl.obolibrary.org/obo/DOID_1245	1.0
http://ncicb.nci.nih.gov/xml/owl/EVS/Thesaurus.owl#C34430	http://purl.obolibrary.org/obo/DOID_2456	1.0
http://ncicb.nci.nih.gov/xml/owl/EVS/Thesaurus.owl#C34431	http://purl.obolibrary.org/obo/DOID_10606	1.0
http://ncicb.nci.nih.gov/xml/owl/EVS/Thesaurus.owl#C34432	http://purl.obolibrary.org/obo/DOID_0080006	0.97092384
http://ncicb.nci.nih.gov/xml/owl/EVS/Thesaurus.owl#C34433	http://purl.obolibrary.org/obo/DOID_4961	0.97626501
http://ncicb.nci.nih.gov/xml/owl/EVS/Thesaurus.owl#C34436	http://purl.obolibrary.org/obo/DOID_13094	0.98826075
http://ncicb.nci.nih.gov/xml/owl/EVS/Thesaurus.owl#C34440	http://purl.obolibrary.org/obo/DOID_12129	1.0
http://ncicb.nci.nih.gov/xml/owl/EVS/Thesaurus.owl#C34444	http://purl.obolibrary.org/obo/DOID_2058	1.0
http://ncicb.nci.nih.gov/xml/owl/EVS/Thesaurus.owl#C34445	http://purl.obolibrary.org/obo/DOID_1849	1.0
http://ncicb.nci.nih.gov/xml/owl/EVS/Thesaurus.owl#C34446	http://purl.obolibrary.org/obo/DOID_6680	1.0
http://ncicb.nci.nih.gov/xml/owl/EVS/Thesaurus.owl#C34447	http://purl.obolibrary.org/obo/DOID_5520	1.0
http://ncicb.nci.nih.gov/xml/owl/EVS/Thesaurus.owl#C34448	http://purl.obolibrary.org/obo/DOID_4236	1.0
http://ncicb.nci.nih.gov/xml/owl/EVS/Thesaurus.owl#C34449	http://purl.obolibrary.org/obo/DOID_11984	1.0
http://ncicb.nci.nih.gov/xml/owl/EVS/Thesaurus.owl#C34450	http://purl.obolibrary.org/obo/DOID_12169	1.0
http://ncicb.nci.nih.gov/xml/owl/EVS/Thesaurus.owl#C34456	http://purl.obolibrary.org/obo/DOID_13098	1.0
http://ncicb.nci.nih.gov/xml/owl/EVS/Thesaurus.owl#C34459	http://purl.obolibrary.org/obo/DOID_12720	1.0
http://ncicb.nci.nih.gov/xml/owl/EVS/Thesaurus.owl#C3446	http://purl.obolibrary.org/obo/DOID_8924	1.0
http://ncicb.nci.nih.gov/xml/owl/EVS/Thesaurus.owl#C34460	http://purl.obolibrary.org/obo/DOID_1969	1.0
http://ncicb.nci.nih.gov/xml/owl/EVS/Thesaurus.owl#C34463	http://purl.obolibrary.org/obo/DOID_11263	0.92769784
http://ncicb.nci.nih.gov/xml/owl/EVS/Thesaurus.owl#C34465	http://purl.obolibrary.org/obo/DOID_1949	1.0
http://ncicb.nci.nih.gov/xml/owl/EVS/Thesaurus.owl#C34468	http://purl.obolibrary.org/obo/DOID_1417	0.97857523
http://ncicb.nci.nih.gov/xml/owl/EVS/Thesaurus.owl#C34469	http://purl.obolibrary.org/obo/DOID_9821	1.0
http://ncicb.nci.nih.gov/xml/owl/EVS/Thesaurus.owl#C3447	http://purl.obolibrary.org/obo/DOID_5688	1.0
http://ncicb.nci.nih.gov/xml/owl/EVS/Thesaurus.owl#C34470	http://purl.obolibrary.org/obo/DOID_0080014	0.95621407
http://ncicb.nci.nih.gov/xml/owl/EVS/Thesaurus.owl#C34471	http://purl.obolibrary.org/obo/DOID_9502	1.0
http://ncicb.nci.nih.gov/xml/owl/EVS/Thesaurus.owl#C34472	http://purl.obolibrary.org/obo/DOID_9312	0.93723685
http://ncicb.nci.nih.gov/xml/owl/EVS/Thesaurus.owl#C34473	http://purl.obolibrary.org/obo/DOID_10790	1.0
http://ncicb.nci.nih.gov/xml/owl/EVS/Thesaurus.owl#C34474	http://purl.obolibrary.org/obo/DOID_3087	0.91436088
http://ncicb.nci.nih.gov/xml/owl/EVS/Thesaurus.owl#C34477	http://purl.obolibrary.org/obo/DOID_10792	1.0
http://ncicb.nci.nih.gov/xml/owl/EVS/Thesaurus.owl#C34478	http://purl.obolibrary.org/obo/DOID_8515	1.0
http://ncicb.nci.nih.gov/xml/owl/EVS/Thesaurus.owl#C34479	http://purl.obolibrary.org/obo/DOID_8252	1.0
http://ncicb.nci.nih.gov/xml/owl/EVS/Thesaurus.owl#C3448	http://purl.obolibrary.org/obo/DOID_9169	1.0
http://ncicb.nci.nih.gov/xml/owl/EVS/Thesaurus.owl#C34480	http://purl.obolibrary.org/obo/DOID_10793	1.0
http://ncicb.nci.nih.gov/xml/owl/EVS/Thesaurus.owl#C34481	http://purl.obolibrary.org/obo/DOID_3049	1.0
http://ncicb.nci.nih.gov/xml/owl/EVS/Thesaurus.owl#C34492	http://purl.obolibrary.org/obo/DOID_9975	1.0
http://ncicb.nci.nih.gov/xml/owl/EVS/Thesaurus.owl#C34493	http://purl.obolibrary.org/obo/DOID_2113	1.0
http://ncicb.nci.nih.gov/xml/owl/EVS/Thesaurus.owl#C34501	http://purl.obolibrary.org/obo/DOID_1573	1.0
http://ncicb.nci.nih.gov/xml/owl/EVS/Thesaurus.owl#C34503	http://purl.obolibrary.org/obo/DOID_10138	1.0
http://ncicb.nci.nih.gov/xml/owl/EVS/Thesaurus.owl#C34504	http://purl.obolibrary.org/obo/DOID_6195	1.0
http://ncicb.nci.nih.gov/xml/owl/EVS/Thesaurus.owl#C34505	http://purl.obolibrary.org/obo/DOID_11227	1.0
http://ncicb.nci.nih.gov/xml/owl/EVS/Thesaurus.owl#C34506	http://purl.obolibrary.org/obo/DOID_11204	0.90402377
http://ncicb.nci.nih.gov/xml/owl/EVS/Thesaurus.owl#C34507	http://purl.obolibrary.org/obo/DOID_2457	1.0
http://ncicb.nci.nih.gov/xml/owl/EVS/Thesaurus.owl#C34508	http://purl.obolibrary.org/obo/DOID_2474	1.0
http://ncicb.nci.nih.gov/xml/owl/EVS/Thesaurus.owl#C34509	http://purl.obolibrary.org/obo/DOID_11227	1.0
http://ncicb.nci.nih.gov/xml/owl/EVS/Thesaurus.owl#C3451	http://purl.obolibrary.org/obo/DOID_4424	1.0
http://ncicb.nci.nih.gov/xml/owl/EVS/Thesaurus.owl#C34510	http://purl.obolibrary.org/obo/DOID_12028	1.0
http://ncicb.nci.nih.gov/xml/owl/EVS/Thesaurus.owl#C34513	http://purl.obolibrary.org/obo/DOID_2566	1.0
http://ncicb.nci.nih.gov/xml/owl/EVS/Thesaurus.owl#C34518	http://purl.obolibrary.org/obo/DOID_12580	1.0
http://ncicb.nci.nih.gov/xml/owl/EVS/Thesaurus.owl#C3452	http://purl.obolibrary.org/obo/DOID_0050427	1.0
http://ncicb.nci.nih.gov/xml/owl/EVS/Thesaurus.owl#C34520	http://purl.obolibrary.org/obo/DOID_10079	1.0
http://ncicb.nci.nih.gov/xml/owl/EVS/Thesaurus.owl#C34521	http://purl.obolibrary.org/obo/DOID_9938	1.0
http://ncicb.nci.nih.gov/xml/owl/EVS/Thesaurus.owl#C34525	http://purl.obolibrary.org/obo/DOID_8725	1.0
http://ncicb.nci.nih.gov/xml/owl/EVS/Thesaurus.owl#C34526	http://purl.obolibrary.org/obo/DOID_3213	0.90835172
http://ncicb.nci.nih.gov/xml/owl/EVS/Thesaurus.owl#C34527	http://purl.obolibrary.org/obo/DOID_3213	0.98469961
http://ncicb.nci.nih.gov/xml/owl/EVS/Thesaurus.owl#C34528	http://purl.obolibrary.org/obo/DOID_0050143	0.92988604
http://ncicb.nci.nih.gov/xml/owl/EVS/Thesaurus.owl#C34529	http://purl.obolibrary.org/obo/DOID_693	0.98483527
http://ncicb.nci.nih.gov/xml/owl/EVS/Thesaurus.owl#C3453	http://purl.obolibrary.org/obo/DOID_0050782	1.0
http://ncicb.nci.nih.gov/xml/owl/EVS/Thesaurus.owl#C34530	http://purl.obolibrary.org/obo/DOID_5330	0.97273523
http://ncicb.nci.nih.gov/xml/owl/EVS/Thesaurus.owl#C34532	http://purl.obolibrary.org/obo/DOID_1595	1.0
http://ncicb.nci.nih.gov/xml/owl/EVS/Thesaurus.owl#C34537	http://purl.obolibrary.org/obo/DOID_11712	0.97531229
http://ncicb.nci.nih.gov/xml/owl/EVS/Thesaurus.owl#C34538	http://purl.obolibrary.org/obo/DOID_8947	1.0
http://ncicb.nci.nih.gov/xml/owl/EVS/Thesaurus.owl#C34540	http://purl.obolibrary.org/obo/DOID_14422	1.0
http://ncicb.nci.nih.gov/xml/owl/EVS/Thesaurus.owl#C34541	http://purl.obolibrary.org/obo/DOID_11405	1.0
http://ncicb.nci.nih.gov/xml/owl/EVS/Thesaurus.owl#C34544	http://purl.obolibrary.org/obo/DOID_12275	1.0
http://ncicb.nci.nih.gov/xml/owl/EVS/Thesaurus.owl#C34545	http://purl.obolibrary.org/obo/DOID_12275	0.90710312
http://ncicb.nci.nih.gov/xml/owl/EVS/Thesaurus.owl#C34553	http://purl.obolibrary.org/obo/DOID_10140	1.0
http://ncicb.nci.nih.gov/xml/owl/EVS/Thesaurus.owl#C34560	http://purl.obolibrary.org/obo/DOID_1934	1.0
http://ncicb.nci.nih.gov/xml/owl/EVS/Thesaurus.owl#C34562	http://purl.obolibrary.org/obo/DOID_12139	1.0
http://ncicb.nci.nih.gov/xml/owl/EVS/Thesaurus.owl#C34563	http://purl.obolibrary.org/obo/DOID_543	1.0
http://ncicb.nci.nih.gov/xml/owl/EVS/Thesaurus.owl#C34564	http://purl.obolibrary.org/obo/DOID_0060730	0.92482764
http://ncicb.nci.nih.gov/xml/owl/EVS/Thesaurus.owl#C34565	http://purl.obolibrary.org/obo/DOID_14292	1.0
http://ncicb.nci.nih.gov/xml/owl/EVS/Thesaurus.owl#C34568	http://purl.obolibrary.org/obo/DOID_13359	1.0
http://ncicb.nci.nih.gov/xml/owl/EVS/Thesaurus.owl#C34571	http://purl.obolibrary.org/obo/DOID_10030	0.97111607
http://ncicb.nci.nih.gov/xml/owl/EVS/Thesaurus.owl#C34572	http://purl.obolibrary.org/obo/DOID_3798	1.0
http://ncicb.nci.nih.gov/xml/owl/EVS/Thesaurus.owl#C34575	http://purl.obolibrary.org/obo/DOID_14305	1.0
http://ncicb.nci.nih.gov/xml/owl/EVS/Thesaurus.owl#C34577	http://purl.obolibrary.org/obo/DOID_10844	0.95728981
http://ncicb.nci.nih.gov/xml/owl/EVS/Thesaurus.owl#C34578	http://purl.obolibrary.org/obo/DOID_639	1.0
http://ncicb.nci.nih.gov/xml/owl/EVS/Thesaurus.owl#C34580	http://purl.obolibrary.org/obo/DOID_640	1.0
http://ncicb.nci.nih.gov/xml/owl/EVS/Thesaurus.owl#C34582	http://purl.obolibrary.org/obo/DOID_10314	1.0
http://ncicb.nci.nih.gov/xml/owl/EVS/Thesaurus.owl#C34583	http://purl.obolibrary.org/obo/DOID_4562	1.0
http://ncicb.nci.nih.gov/xml/owl/EVS/Thesaurus.owl#C34585	http://purl.obolibrary.org/obo/DOID_12932	1.0
http://ncicb.nci.nih.gov/xml/owl/EVS/Thesaurus.owl#C34586	http://purl.obolibrary.org/obo/DOID_4692	1.0
http://ncicb.nci.nih.gov/xml/owl/EVS/Thesaurus.owl#C34589	http://purl.obolibrary.org/obo/DOID_14087	1.0
http://ncicb.nci.nih.gov/xml/owl/EVS/Thesaurus.owl#C34591	http://purl.obolibrary.org/obo/DOID_9097	1.0
http://ncicb.nci.nih.gov/xml/owl/EVS/Thesaurus.owl#C34593	http://purl.obolibrary.org/obo/DOID_9240	1.0
http://ncicb.nci.nih.gov/xml/owl/EVS/Thesaurus.owl#C34596	http://purl.obolibrary.org/obo/DOID_540	0.94570214
http://ncicb.nci.nih.gov/xml/owl/EVS/Thesaurus.owl#C34597	http://purl.obolibrary.org/obo/DOID_9507	0.91957748
http://ncicb.nci.nih.gov/xml/owl/EVS/Thesaurus.owl#C34605	http://purl.obolibrary.org/obo/DOID_14453	1.0
http://ncicb.nci.nih.gov/xml/owl/EVS/Thesaurus.owl#C34607	http://purl.obolibrary.org/obo/DOID_13628	1.0
http://ncicb.nci.nih.gov/xml/owl/EVS/Thesaurus.owl#C34609	http://purl.obolibrary.org/obo/DOID_0080031	1.0
http://ncicb.nci.nih.gov/xml/owl/EVS/Thesaurus.owl#C34610	http://purl.obolibrary.org/obo/DOID_1858	1.0
http://ncicb.nci.nih.gov/xml/owl/EVS/Thesaurus.owl#C34611	http://purl.obolibrary.org/obo/DOID_1080	1.0
http://ncicb.nci.nih.gov/xml/owl/EVS/Thesaurus.owl#C34619	http://purl.obolibrary.org/obo/DOID_13620	1.0
http://ncicb.nci.nih.gov/xml/owl/EVS/Thesaurus.owl#C34626	http://purl.obolibrary.org/obo/DOID_10791	1.0
http://ncicb.nci.nih.gov/xml/owl/EVS/Thesaurus.owl#C34631	http://purl.obolibrary.org/obo/DOID_0060262	0.97825885
http://ncicb.nci.nih.gov/xml/owl/EVS/Thesaurus.owl#C34632	http://purl.obolibrary.org/obo/DOID_2326	1.0
http://ncicb.nci.nih.gov/xml/owl/EVS/Thesaurus.owl#C34636	http://purl.obolibrary.org/obo/DOID_3087	1.0
http://ncicb.nci.nih.gov/xml/owl/EVS/Thesaurus.owl#C34637	http://purl.obolibrary.org/obo/DOID_13924	1.0
http://ncicb.nci.nih.gov/xml/owl/EVS/Thesaurus.owl#C34638	http://purl.obolibrary.org/obo/DOID_13444	1.0
http://ncicb.nci.nih.gov/xml/owl/EVS/Thesaurus.owl#C34641	http://purl.obolibrary.org/obo/DOID_1067	1.0
http://ncicb.nci.nih.gov/xml/owl/EVS/Thesaurus.owl#C34643	http://purl.obolibrary.org/obo/DOID_2986	0.92328405
http://ncicb.nci.nih.gov/xml/owl/EVS/Thesaurus.owl#C34644	http://purl.obolibrary.org/obo/DOID_2920	1.0
http://ncicb.nci.nih.gov/xml/owl/EVS/Thesaurus.owl#C34645	http://purl.obolibrary.org/obo/DOID_10976	1.0
http://ncicb.nci.nih.gov/xml/owl/EVS/Thesaurus.owl#C34646	http://purl.obolibrary.org/obo/DOID_10603	1.0
http://ncicb.nci.nih.gov/xml/owl/EVS/Thesaurus.owl#C34650	http://purl.obolibrary.org/obo/DOID_13189	1.0
http://ncicb.nci.nih.gov/xml/owl/EVS/Thesaurus.owl#C34651	http://purl.obolibrary.org/obo/DOID_12318	1.0
http://ncicb.nci.nih.gov/xml/owl/EVS/Thesaurus.owl#C34656	http://purl.obolibrary.org/obo/DOID_421	0.97110122
http://ncicb.nci.nih.gov/xml/owl/EVS/Thesaurus.owl#C34657	http://purl.obolibrary.org/obo/DOID_9977	1.0
http://ncicb.nci.nih.gov/xml/owl/EVS/Thesaurus.owl#C3467	http://purl.obolibrary.org/obo/DOID_0060061	0.90268749
http://ncicb.nci.nih.gov/xml/owl/EVS/Thesaurus.owl#C34675	http://purl.obolibrary.org/obo/DOID_2859	1.0
http://ncicb.nci.nih.gov/xml/owl/EVS/Thesaurus.owl#C34682	http://purl.obolibrary.org/obo/DOID_12287	1.0
http://ncicb.nci.nih.gov/xml/owl/EVS/Thesaurus.owl#C34683	http://purl.obolibrary.org/obo/DOID_12206	1.0
http://ncicb.nci.nih.gov/xml/owl/EVS/Thesaurus.owl#C34684	http://purl.obolibrary.org/obo/DOID_12351	1.0
http://ncicb.nci.nih.gov/xml/owl/EVS/Thesaurus.owl#C34690	http://purl.obolibrary.org/obo/DOID_0060320	1.0
http://ncicb.nci.nih.gov/xml/owl/EVS/Thesaurus.owl#C34694	http://purl.obolibrary.org/obo/DOID_9976	1.0
http://ncicb.nci.nih.gov/xml/owl/EVS/Thesaurus.owl#C3470	http://purl.obolibrary.org/obo/DOID_3777	1.0
http://ncicb.nci.nih.gov/xml/owl/EVS/Thesaurus.owl#C34700	http://purl.obolibrary.org/obo/DOID_10487	1.0
http://ncicb.nci.nih.gov/xml/owl/EVS/Thesaurus.owl#C34704	http://purl.obolibrary.org/obo/DOID_3145	0.91687012
http://ncicb.nci.nih.gov/xml/owl/EVS/Thesaurus.owl#C34709	http://purl.obolibrary.org/obo/DOID_1387	0.9496032
http://ncicb.nci.nih.gov/xml/owl/EVS/Thesaurus.owl#C34712	http://purl.obolibrary.org/obo/DOID_205	1.0
http://ncicb.nci.nih.gov/xml/owl/EVS/Thesaurus.owl#C34714	http://purl.obolibrary.org/obo/DOID_6376	1.0
http://ncicb.nci.nih.gov/xml/owl/EVS/Thesaurus.owl#C34716	http://purl.obolibrary.org/obo/DOID_9837	1.0
http://ncicb.nci.nih.gov/xml/owl/EVS/Thesaurus.owl#C3472	http://purl.obolibrary.org/obo/DOID_627	1.0
http://ncicb.nci.nih.gov/xml/owl/EVS/Thesaurus.owl#C34720	http://purl.obolibrary.org/obo/DOID_4535	1.0
http://ncicb.nci.nih.gov/xml/owl/EVS/Thesaurus.owl#C34723	http://purl.obolibrary.org/obo/DOID_10937	1.0
http://ncicb.nci.nih.gov/xml/owl/EVS/Thesaurus.owl#C34726	http://purl.obolibrary.org/obo/DOID_8568	1.0
http://ncicb.nci.nih.gov/xml/owl/EVS/Thesaurus.owl#C3473	http://purl.obolibrary.org/obo/DOID_3540	1.0
http://ncicb.nci.nih.gov/xml/owl/EVS/Thesaurus.owl#C34731	http://purl.obolibrary.org/obo/DOID_9868	0.93255496
http://ncicb.nci.nih.gov/xml/owl/EVS/Thesaurus.owl#C34734	http://purl.obolibrary.org/obo/DOID_10095	1.0
http://ncicb.nci.nih.gov/xml/owl/EVS/Thesaurus.owl#C34736	http://purl.obolibrary.org/obo/DOID_9383	1.0
http://ncicb.nci.nih.gov/xml/owl/EVS/Thesaurus.owl#C34737	http://purl.obolibrary.org/obo/DOID_240	0.96728933
http://ncicb.nci.nih.gov/xml/owl/EVS/Thesaurus.owl#C34738	http://purl.obolibrary.org/obo/DOID_326	1.0
http://ncicb.nci.nih.gov/xml/owl/EVS/Thesaurus.owl#C3474	http://purl.obolibrary.org/obo/DOID_2411	1.0
http://ncicb.nci.nih.gov/xml/owl/EVS/Thesaurus.owl#C34741	http://purl.obolibrary.org/obo/DOID_12308	1.0
http://ncicb.nci.nih.gov/xml/owl/EVS/Thesaurus.owl#C34743	http://purl.obolibrary.org/obo/DOID_0080158	1.0
http://ncicb.nci.nih.gov/xml/owl/EVS/Thesaurus.owl#C34744	http://purl.obolibrary.org/obo/DOID_9368	1.0
http://ncicb.nci.nih.gov/xml/owl/EVS/Thesaurus.owl#C34745	http://purl.obolibrary.org/obo/DOID_161	0.92151666
http://ncicb.nci.nih.gov/xml/owl/EVS/Thesaurus.owl#C34748	http://purl.obolibrary.org/obo/DOID_3390	0.97554523
http://ncicb.nci.nih.gov/xml/owl/EVS/Thesaurus.owl#C34749	http://purl.obolibrary.org/obo/DOID_12556	0.97553164
http://ncicb.nci.nih.gov/xml/owl/EVS/Thesaurus.owl#C34750	http://purl.obolibrary.org/obo/DOID_2975	1.0
http://ncicb.nci.nih.gov/xml/owl/EVS/Thesaurus.owl#C34752	http://purl.obolibrary.org/obo/DOID_1921	1.0
http://ncicb.nci.nih.gov/xml/owl/EVS/Thesaurus.owl#C34758	http://purl.obolibrary.org/obo/DOID_9790	1.0
http://ncicb.nci.nih.gov/xml/owl/EVS/Thesaurus.owl#C3476	http://purl.obolibrary.org/obo/DOID_3012	1.0
http://ncicb.nci.nih.gov/xml/owl/EVS/Thesaurus.owl#C34760	http://purl.obolibrary.org/obo/DOID_1930	1.0
http://ncicb.nci.nih.gov/xml/owl/EVS/Thesaurus.owl#C34767	http://purl.obolibrary.org/obo/DOID_9065	1.0
http://ncicb.nci.nih.gov/xml/owl/EVS/Thesaurus.owl#C34769	http://purl.obolibrary.org/obo/DOID_9155	0.9388805
http://ncicb.nci.nih.gov/xml/owl/EVS/Thesaurus.owl#C3477	http://purl.obolibrary.org/obo/DOID_0060345	1.0
http://ncicb.nci.nih.gov/xml/owl/EVS/Thesaurus.owl#C34770	http://purl.obolibrary.org/obo/DOID_9155	0.93103909
http://ncicb.nci.nih.gov/xml/owl/EVS/Thesaurus.owl#C34772	http://purl.obolibrary.org/obo/DOID_11364	1.0
http://ncicb.nci.nih.gov/xml/owl/EVS/Thesaurus.owl#C34774	http://purl.obolibrary.org/obo/DOID_8593	1.0
http://ncicb.nci.nih.gov/xml/owl/EVS/Thesaurus.owl#C34777	http://purl.obolibrary.org/obo/DOID_9201	0.90426391
http://ncicb.nci.nih.gov/xml/owl/EVS/Thesaurus.owl#C34778	http://purl.obolibrary.org/obo/DOID_9201	0.90926272
http://ncicb.nci.nih.gov/xml/owl/EVS/Thesaurus.owl#C34779	http://purl.obolibrary.org/obo/DOID_9201	0.90312701
http://ncicb.nci.nih.gov/xml/owl/EVS/Thesaurus.owl#C34781	http://purl.obolibrary.org/obo/DOID_10965	1.0
http://ncicb.nci.nih.gov/xml/owl/EVS/Thesaurus.owl#C34782	http://purl.obolibrary.org/obo/DOID_14018	0.99136096
http://ncicb.nci.nih.gov/xml/owl/EVS/Thesaurus.owl#C34784	http://purl.obolibrary.org/obo/DOID_13523	1.0
http://ncicb.nci.nih.gov/xml/owl/EVS/Thesaurus.owl#C34786	http://purl.obolibrary.org/obo/DOID_2843	1.0
http://ncicb.nci.nih.gov/xml/owl/EVS/Thesaurus.owl#C34789	http://purl.obolibrary.org/obo/DOID_0080162	0.93593764
http://ncicb.nci.nih.gov/xml/owl/EVS/Thesaurus.owl#C34790	http://purl.obolibrary.org/obo/DOID_9317	1.0
http://ncicb.nci.nih.gov/xml/owl/EVS/Thesaurus.owl#C34792	http://purl.obolibrary.org/obo/DOID_0050120	1.0
http://ncicb.nci.nih.gov/xml/owl/EVS/Thesaurus.owl#C34793	http://purl.obolibrary.org/obo/DOID_2565	1.0
http://ncicb.nci.nih.gov/xml/owl/EVS/Thesaurus.owl#C34794	http://purl.obolibrary.org/obo/DOID_4447	1.0
http://ncicb.nci.nih.gov/xml/owl/EVS/Thesaurus.owl#C34795	http://purl.obolibrary.org/obo/DOID_7633	0.97859019
http://ncicb.nci.nih.gov/xml/owl/EVS/Thesaurus.owl#C34797	http://purl.obolibrary.org/obo/DOID_12365	1.0
http://ncicb.nci.nih.gov/xml/owl/EVS/Thesaurus.owl#C34798	http://purl.obolibrary.org/obo/DOID_14067	0.96967131
http://ncicb.nci.nih.gov/xml/owl/EVS/Thesaurus.owl#C34800	http://purl.obolibrary.org/obo/DOID_12978	0.96763062
http://ncicb.nci.nih.gov/xml/owl/EVS/Thesaurus.owl#C34806	http://purl.obolibrary.org/obo/DOID_9269	1.0
http://ncicb.nci.nih.gov/xml/owl/EVS/Thesaurus.owl#C34807	http://purl.obolibrary.org/obo/DOID_14323	1.0
http://ncicb.nci.nih.gov/xml/owl/EVS/Thesaurus.owl#C34809	http://purl.obolibrary.org/obo/DOID_2051	1.0
http://ncicb.nci.nih.gov/xml/owl/EVS/Thesaurus.owl#C34810	http://purl.obolibrary.org/obo/DOID_11372	1.0
http://ncicb.nci.nih.gov/xml/owl/EVS/Thesaurus.owl#C34811	http://purl.obolibrary.org/obo/DOID_13186	1.0
http://ncicb.nci.nih.gov/xml/owl/EVS/Thesaurus.owl#C34813	http://purl.obolibrary.org/obo/DOID_10554	1.0
http://ncicb.nci.nih.gov/xml/owl/EVS/Thesaurus.owl#C34817	http://purl.obolibrary.org/obo/DOID_10783	1.0
http://ncicb.nci.nih.gov/xml/owl/EVS/Thesaurus.owl#C34819	http://purl.obolibrary.org/obo/DOID_12900	1.0
http://ncicb.nci.nih.gov/xml/owl/EVS/Thesaurus.owl#C34820	http://purl.obolibrary.org/obo/DOID_1382	1.0
http://ncicb.nci.nih.gov/xml/owl/EVS/Thesaurus.owl#C34825	http://purl.obolibrary.org/obo/DOID_13378	1.0
http://ncicb.nci.nih.gov/xml/owl/EVS/Thesaurus.owl#C3483	http://purl.obolibrary.org/obo/DOID_1036	1.0
http://ncicb.nci.nih.gov/xml/owl/EVS/Thesaurus.owl#C34830	http://purl.obolibrary.org/obo/DOID_0050700	1.0
http://ncicb.nci.nih.gov/xml/owl/EVS/Thesaurus.owl#C34831	http://purl.obolibrary.org/obo/DOID_820	1.0
http://ncicb.nci.nih.gov/xml/owl/EVS/Thesaurus.owl#C34833	http://purl.obolibrary.org/obo/DOID_82	1.0
http://ncicb.nci.nih.gov/xml/owl/EVS/Thesaurus.owl#C34834	http://purl.obolibrary.org/obo/DOID_11634	1.0
http://ncicb.nci.nih.gov/xml/owl/EVS/Thesaurus.owl#C34837	http://purl.obolibrary.org/obo/DOID_10460	1.0
http://ncicb.nci.nih.gov/xml/owl/EVS/Thesaurus.owl#C34838	http://purl.obolibrary.org/obo/DOID_2790	1.0
http://ncicb.nci.nih.gov/xml/owl/EVS/Thesaurus.owl#C3484	http://purl.obolibrary.org/obo/DOID_7312	0.91459721
http://ncicb.nci.nih.gov/xml/owl/EVS/Thesaurus.owl#C34840	http://purl.obolibrary.org/obo/DOID_3486	1.0
http://ncicb.nci.nih.gov/xml/owl/EVS/Thesaurus.owl#C34842	http://purl.obolibrary.org/obo/DOID_10983	1.0
http://ncicb.nci.nih.gov/xml/owl/EVS/Thesaurus.owl#C34845	http://purl.obolibrary.org/obo/DOID_1184	1.0
http://ncicb.nci.nih.gov/xml/owl/EVS/Thesaurus.owl#C34847	http://purl.obolibrary.org/obo/DOID_8117	1.0
http://ncicb.nci.nih.gov/xml/owl/EVS/Thesaurus.owl#C34849	http://purl.obolibrary.org/obo/DOID_2929	1.0
http://ncicb.nci.nih.gov/xml/owl/EVS/Thesaurus.owl#C34850	http://purl.obolibrary.org/obo/DOID_8499	1.0
http://ncicb.nci.nih.gov/xml/owl/EVS/Thesaurus.owl#C34853	http://purl.obolibrary.org/obo/DOID_583	0.91539246
http://ncicb.nci.nih.gov/xml/owl/EVS/Thesaurus.owl#C34854	http://purl.obolibrary.org/obo/DOID_3490	1.0
http://ncicb.nci.nih.gov/xml/owl/EVS/Thesaurus.owl#C34855	http://purl.obolibrary.org/obo/DOID_14374	1.0
http://ncicb.nci.nih.gov/xml/owl/EVS/Thesaurus.owl#C34859	http://purl.obolibrary.org/obo/DOID_4404	1.0
http://ncicb.nci.nih.gov/xml/owl/EVS/Thesaurus.owl#C34861	http://purl.obolibrary.org/obo/DOID_11678	1.0
http://ncicb.nci.nih.gov/xml/owl/EVS/Thesaurus.owl#C34862	http://purl.obolibrary.org/obo/DOID_11678	0.90182137
http://ncicb.nci.nih.gov/xml/owl/EVS/Thesaurus.owl#C34863	http://purl.obolibrary.org/obo/DOID_5723	1.0
http://ncicb.nci.nih.gov/xml/owl/EVS/Thesaurus.owl#C34864	http://purl.obolibrary.org/obo/DOID_10627	0.91859186
http://ncicb.nci.nih.gov/xml/owl/EVS/Thesaurus.owl#C34866	http://purl.obolibrary.org/obo/DOID_5773	1.0
http://ncicb.nci.nih.gov/xml/owl/EVS/Thesaurus.owl#C34873	http://purl.obolibrary.org/obo/DOID_11262	1.0
http://ncicb.nci.nih.gov/xml/owl/EVS/Thesaurus.owl#C34874	http://purl.obolibrary.org/obo/DOID_7489	1.0
http://ncicb.nci.nih.gov/xml/owl/EVS/Thesaurus.owl#C34875	http://purl.obolibrary.org/obo/DOID_3341	0.90902507
http://ncicb.nci.nih.gov/xml/owl/EVS/Thesaurus.owl#C34878	http://purl.obolibrary.org/obo/DOID_84	1.0
http://ncicb.nci.nih.gov/xml/owl/EVS/Thesaurus.owl#C34879	http://purl.obolibrary.org/obo/DOID_8125	1.0
http://ncicb.nci.nih.gov/xml/owl/EVS/Thesaurus.owl#C34882	http://purl.obolibrary.org/obo/DOID_0050827	1.0
http://ncicb.nci.nih.gov/xml/owl/EVS/Thesaurus.owl#C34885	http://purl.obolibrary.org/obo/DOID_10754	1.0
http://ncicb.nci.nih.gov/xml/owl/EVS/Thesaurus.owl#C34888	http://purl.obolibrary.org/obo/DOID_4398	0.93494809
http://ncicb.nci.nih.gov/xml/owl/EVS/Thesaurus.owl#C34889	http://purl.obolibrary.org/obo/DOID_12450	1.0
http://ncicb.nci.nih.gov/xml/owl/EVS/Thesaurus.owl#C34890	http://purl.obolibrary.org/obo/DOID_594	1.0
http://ncicb.nci.nih.gov/xml/owl/EVS/Thesaurus.owl#C34891	http://purl.obolibrary.org/obo/DOID_12662	1.0
http://ncicb.nci.nih.gov/xml/owl/EVS/Thesaurus.owl#C34893	http://purl.obolibrary.org/obo/DOID_5334	1.0
http://ncicb.nci.nih.gov/xml/owl/EVS/Thesaurus.owl#C34897	http://purl.obolibrary.org/obo/DOID_3055	1.0
http://ncicb.nci.nih.gov/xml/owl/EVS/Thesaurus.owl#C34898	http://purl.obolibrary.org/obo/DOID_14332	0.94746464
http://ncicb.nci.nih.gov/xml/owl/EVS/Thesaurus.owl#C34899	http://purl.obolibrary.org/obo/DOID_13548	0.93766266
http://ncicb.nci.nih.gov/xml/owl/EVS/Thesaurus.owl#C34903	http://purl.obolibrary.org/obo/DOID_12731	1.0
http://ncicb.nci.nih.gov/xml/owl/EVS/Thesaurus.owl#C34907	http://purl.obolibrary.org/obo/DOID_11656	1.0
http://ncicb.nci.nih.gov/xml/owl/EVS/Thesaurus.owl#C34909	http://purl.obolibrary.org/obo/DOID_9182	1.0
http://ncicb.nci.nih.gov/xml/owl/EVS/Thesaurus.owl#C3491	http://purl.obolibrary.org/obo/DOID_1519	1.0
http://ncicb.nci.nih.gov/xml/owl/EVS/Thesaurus.owl#C34910	http://purl.obolibrary.org/obo/DOID_0060851	1.0
http://ncicb.nci.nih.gov/xml/owl/EVS/Thesaurus.owl#C34911	http://purl.obolibrary.org/obo/DOID_0060520	1.0
http://ncicb.nci.nih.gov/xml/owl/EVS/Thesaurus.owl#C34915	http://purl.obolibrary.org/obo/DOID_1787	1.0
http://ncicb.nci.nih.gov/xml/owl/EVS/Thesaurus.owl#C34916	http://purl.obolibrary.org/obo/DOID_14272	1.0
http://ncicb.nci.nih.gov/xml/owl/EVS/Thesaurus.owl#C34918	http://purl.obolibrary.org/obo/DOID_824	1.0
http://ncicb.nci.nih.gov/xml/owl/EVS/Thesaurus.owl#C34919	http://purl.obolibrary.org/obo/DOID_12161	1.0
http://ncicb.nci.nih.gov/xml/owl/EVS/Thesaurus.owl#C34922	http://purl.obolibrary.org/obo/DOID_1510	1.0
http://ncicb.nci.nih.gov/xml/owl/EVS/Thesaurus.owl#C34924	http://purl.obolibrary.org/obo/DOID_13801	1.0
http://ncicb.nci.nih.gov/xml/owl/EVS/Thesaurus.owl#C3493	http://purl.obolibrary.org/obo/DOID_3907	1.0
http://ncicb.nci.nih.gov/xml/owl/EVS/Thesaurus.owl#C34932	http://purl.obolibrary.org/obo/DOID_3240	1.0
http://ncicb.nci.nih.gov/xml/owl/EVS/Thesaurus.owl#C34934	http://purl.obolibrary.org/obo/DOID_4307	1.0
http://ncicb.nci.nih.gov/xml/owl/EVS/Thesaurus.owl#C34939	http://purl.obolibrary.org/obo/DOID_4500	1.0
http://ncicb.nci.nih.gov/xml/owl/EVS/Thesaurus.owl#C34942	http://purl.obolibrary.org/obo/DOID_11714	1.0
http://ncicb.nci.nih.gov/xml/owl/EVS/Thesaurus.owl#C34945	http://purl.obolibrary.org/obo/DOID_0060329	1.0
http://ncicb.nci.nih.gov/xml/owl/EVS/Thesaurus.owl#C34951	http://purl.obolibrary.org/obo/DOID_3911	1.0
http://ncicb.nci.nih.gov/xml/owl/EVS/Thesaurus.owl#C34952	http://purl.obolibrary.org/obo/DOID_11801	1.0
http://ncicb.nci.nih.gov/xml/owl/EVS/Thesaurus.owl#C34956	http://purl.obolibrary.org/obo/DOID_4737	1.0
http://ncicb.nci.nih.gov/xml/owl/EVS/Thesaurus.owl#C34963	http://purl.obolibrary.org/obo/DOID_11123	0.97786838
http://ncicb.nci.nih.gov/xml/owl/EVS/Thesaurus.owl#C34964	http://purl.obolibrary.org/obo/DOID_2744	1.0
http://ncicb.nci.nih.gov/xml/owl/EVS/Thesaurus.owl#C34965	http://purl.obolibrary.org/obo/DOID_11400	1.0
http://ncicb.nci.nih.gov/xml/owl/EVS/Thesaurus.owl#C34966	http://purl.obolibrary.org/obo/DOID_12639	1.0
http://ncicb.nci.nih.gov/xml/owl/EVS/Thesaurus.owl#C34968	http://purl.obolibrary.org/obo/DOID_5732	1.0
http://ncicb.nci.nih.gov/xml/owl/EVS/Thesaurus.owl#C34970	http://purl.obolibrary.org/obo/DOID_11100	1.0
http://ncicb.nci.nih.gov/xml/owl/EVS/Thesaurus.owl#C34973	http://purl.obolibrary.org/obo/DOID_9307	1.0
http://ncicb.nci.nih.gov/xml/owl/EVS/Thesaurus.owl#C34974	http://purl.obolibrary.org/obo/DOID_1340	1.0
http://ncicb.nci.nih.gov/xml/owl/EVS/Thesaurus.owl#C34976	http://purl.obolibrary.org/obo/DOID_13036	1.0
http://ncicb.nci.nih.gov/xml/owl/EVS/Thesaurus.owl#C34978	http://purl.obolibrary.org/obo/DOID_8483	1.0
http://ncicb.nci.nih.gov/xml/owl/EVS/Thesaurus.owl#C34979	http://purl.obolibrary.org/obo/DOID_8466	1.0
http://ncicb.nci.nih.gov/xml/owl/EVS/Thesaurus.owl#C34980	http://purl.obolibrary.org/obo/DOID_1729	1.0
http://ncicb.nci.nih.gov/xml/owl/EVS/Thesaurus.owl#C34981	http://purl.obolibrary.org/obo/DOID_1727	1.0
http://ncicb.nci.nih.gov/xml/owl/EVS/Thesaurus.owl#C34982	http://purl.obolibrary.org/obo/DOID_13025	1.0
http://ncicb.nci.nih.gov/xml/owl/EVS/Thesaurus.owl#C34983	http://purl.obolibrary.org/obo/DOID_14525	1.0
http://ncicb.nci.nih.gov/xml/owl/EVS/Thesaurus.owl#C34984	http://purl.obolibrary.org/obo/DOID_1586	1.0
http://ncicb.nci.nih.gov/xml/owl/EVS/Thesaurus.owl#C34985	http://purl.obolibrary.org/obo/DOID_0050827	0.91510588
http://ncicb.nci.nih.gov/xml/owl/EVS/Thesaurus.owl#C34986	http://purl.obolibrary.org/obo/DOID_4483	1.0
http://ncicb.nci.nih.gov/xml/owl/EVS/Thesaurus.owl#C34988	http://purl.obolibrary.org/obo/DOID_4730	1.0
http://ncicb.nci.nih.gov/xml/owl/EVS/Thesaurus.owl#C34992	http://purl.obolibrary.org/obo/DOID_8781	0.92806816
http://ncicb.nci.nih.gov/xml/owl/EVS/Thesaurus.owl#C34995	http://purl.obolibrary.org/obo/DOID_11335	1.0
http://ncicb.nci.nih.gov/xml/owl/EVS/Thesaurus.owl#C34996	http://purl.obolibrary.org/obo/DOID_13402	0.98056304
http://ncicb.nci.nih.gov/xml/owl/EVS/Thesaurus.owl#C34997	http://purl.obolibrary.org/obo/DOID_13406	1.0
http://ncicb.nci.nih.gov/xml/owl/EVS/Thesaurus.owl#C34998	http://purl.obolibrary.org/obo/DOID_8295	1.0
http://ncicb.nci.nih.gov/xml/owl/EVS/Thesaurus.owl#C3500	http://purl.obolibrary.org/obo/DOID_2477	1.0
http://ncicb.nci.nih.gov/xml/owl/EVS/Thesaurus.owl#C35000	http://purl.obolibrary.org/obo/DOID_1395	1.0
http://ncicb.nci.nih.gov/xml/owl/EVS/Thesaurus.owl#C35001	http://purl.obolibrary.org/obo/DOID_0050597	0.92188042
http://ncicb.nci.nih.gov/xml/owl/EVS/Thesaurus.owl#C3501	http://purl.obolibrary.org/obo/DOID_2491	1.0
http://ncicb.nci.nih.gov/xml/owl/EVS/Thesaurus.owl#C35012	http://purl.obolibrary.org/obo/DOID_9669	1.0
http://ncicb.nci.nih.gov/xml/owl/EVS/Thesaurus.owl#C35014	http://purl.obolibrary.org/obo/DOID_10685	1.0
http://ncicb.nci.nih.gov/xml/owl/EVS/Thesaurus.owl#C3502	http://purl.obolibrary.org/obo/DOID_6204	0.9002645
http://ncicb.nci.nih.gov/xml/owl/EVS/Thesaurus.owl#C35023	http://purl.obolibrary.org/obo/DOID_13198	1.0
http://ncicb.nci.nih.gov/xml/owl/EVS/Thesaurus.owl#C35024	http://purl.obolibrary.org/obo/DOID_0050127	1.0
http://ncicb.nci.nih.gov/xml/owl/EVS/Thesaurus.owl#C35027	http://purl.obolibrary.org/obo/DOID_8736	1.0
http://ncicb.nci.nih.gov/xml/owl/EVS/Thesaurus.owl#C3503	http://purl.obolibrary.org/obo/DOID_9427	1.0
http://ncicb.nci.nih.gov/xml/owl/EVS/Thesaurus.owl#C35030	http://purl.obolibrary.org/obo/DOID_10080	1.0
http://ncicb.nci.nih.gov/xml/owl/EVS/Thesaurus.owl#C35031	http://purl.obolibrary.org/obo/DOID_10794	0.99586707
http://ncicb.nci.nih.gov/xml/owl/EVS/Thesaurus.owl#C35033	http://purl.obolibrary.org/obo/DOID_6682	1.0
http://ncicb.nci.nih.gov/xml/owl/EVS/Thesaurus.owl#C35034	http://purl.obolibrary.org/obo/DOID_2300	1.0
http://ncicb.nci.nih.gov/xml/owl/EVS/Thesaurus.owl#C35039	http://purl.obolibrary.org/obo/DOID_9673	1.0
http://ncicb.nci.nih.gov/xml/owl/EVS/Thesaurus.owl#C3504	http://purl.obolibrary.org/obo/DOID_1005	0.97838837
http://ncicb.nci.nih.gov/xml/owl/EVS/Thesaurus.owl#C35040	http://purl.obolibrary.org/obo/DOID_540	1.0
http://ncicb.nci.nih.gov/xml/owl/EVS/Thesaurus.owl#C35042	http://purl.obolibrary.org/obo/DOID_724	1.0
http://ncicb.nci.nih.gov/xml/owl/EVS/Thesaurus.owl#C35044	http://purl.obolibrary.org/obo/DOID_13002	1.0
http://ncicb.nci.nih.gov/xml/owl/EVS/Thesaurus.owl#C35046	http://purl.obolibrary.org/obo/DOID_0060001	0.9232837
http://ncicb.nci.nih.gov/xml/owl/EVS/Thesaurus.owl#C3505	http://purl.obolibrary.org/obo/DOID_4397	1.0
http://ncicb.nci.nih.gov/xml/owl/EVS/Thesaurus.owl#C35055	http://purl.obolibrary.org/obo/DOID_4166	1.0
http://ncicb.nci.nih.gov/xml/owl/EVS/Thesaurus.owl#C35056	http://purl.obolibrary.org/obo/DOID_9531	1.0
http://ncicb.nci.nih.gov/xml/owl/EVS/Thesaurus.owl#C35057	http://purl.obolibrary.org/obo/DOID_10027	1.0
http://ncicb.nci.nih.gov/xml/owl/EVS/Thesaurus.owl#C35062	http://purl.obolibrary.org/obo/DOID_2508	1.0
http://ncicb.nci.nih.gov/xml/owl/EVS/Thesaurus.owl#C35064	http://purl.obolibrary.org/obo/DOID_1270	1.0
http://ncicb.nci.nih.gov/xml/owl/EVS/Thesaurus.owl#C35065	http://purl.obolibrary.org/obo/DOID_13375	1.0
http://ncicb.nci.nih.gov/xml/owl/EVS/Thesaurus.owl#C35068	http://purl.obolibrary.org/obo/DOID_13822	1.0
http://ncicb.nci.nih.gov/xml/owl/EVS/Thesaurus.owl#C35069	http://purl.obolibrary.org/obo/DOID_10241	1.0
http://ncicb.nci.nih.gov/xml/owl/EVS/Thesaurus.owl#C3507	http://purl.obolibrary.org/obo/DOID_2914	0.9859336
http://ncicb.nci.nih.gov/xml/owl/EVS/Thesaurus.owl#C35072	http://purl.obolibrary.org/obo/DOID_4336	1.0
http://ncicb.nci.nih.gov/xml/owl/EVS/Thesaurus.owl#C35073	http://purl.obolibrary.org/obo/DOID_8913	0.95953697
http://ncicb.nci.nih.gov/xml/owl/EVS/Thesaurus.owl#C35075	http://purl.obolibrary.org/obo/DOID_13500	1.0
http://ncicb.nci.nih.gov/xml/owl/EVS/Thesaurus.owl#C35078	http://purl.obolibrary.org/obo/DOID_11119	1.0
http://ncicb.nci.nih.gov/xml/owl/EVS/Thesaurus.owl#C35079	http://purl.obolibrary.org/obo/DOID_3225	0.96688455
http://ncicb.nci.nih.gov/xml/owl/EVS/Thesaurus.owl#C35081	http://purl.obolibrary.org/obo/DOID_668	0.94236308
http://ncicb.nci.nih.gov/xml/owl/EVS/Thesaurus.owl#C35084	http://purl.obolibrary.org/obo/DOID_10113	0.92381203
http://ncicb.nci.nih.gov/xml/owl/EVS/Thesaurus.owl#C35085	http://purl.obolibrary.org/obo/DOID_10113	0.94080102
http://ncicb.nci.nih.gov/xml/owl/EVS/Thesaurus.owl#C35086	http://purl.obolibrary.org/obo/DOID_9861	1.0
http://ncicb.nci.nih.gov/xml/owl/EVS/Thesaurus.owl#C35089	http://purl.obolibrary.org/obo/DOID_13258	1.0
http://ncicb.nci.nih.gov/xml/owl/EVS/Thesaurus.owl#C35092	http://purl.obolibrary.org/obo/DOID_1094	1.0
http://ncicb.nci.nih.gov/xml/owl/EVS/Thesaurus.owl#C35094	http://purl.obolibrary.org/obo/DOID_1595	1.0
http://ncicb.nci.nih.gov/xml/owl/EVS/Thesaurus.owl#C3510	http://purl.obolibrary.org/obo/DOID_8923	1.0
http://ncicb.nci.nih.gov/xml/owl/EVS/Thesaurus.owl#C35109	http://purl.obolibrary.org/obo/DOID_1407	1.0
http://ncicb.nci.nih.gov/xml/owl/EVS/Thesaurus.owl#C35110	http://purl.obolibrary.org/obo/DOID_12732	1.0
http://ncicb.nci.nih.gov/xml/owl/EVS/Thesaurus.owl#C35111	http://purl.obolibrary.org/obo/DOID_12574	1.0
http://ncicb.nci.nih.gov/xml/owl/EVS/Thesaurus.owl#C35114	http://purl.obolibrary.org/obo/DOID_799	0.9918803
http://ncicb.nci.nih.gov/xml/owl/EVS/Thesaurus.owl#C35116	http://purl.obolibrary.org/obo/DOID_10989	0.98155278
http://ncicb.nci.nih.gov/xml/owl/EVS/Thesaurus.owl#C35117	http://purl.obolibrary.org/obo/DOID_178	0.92905205
http://ncicb.nci.nih.gov/xml/owl/EVS/Thesaurus.owl#C35119	http://purl.obolibrary.org/obo/DOID_11450	0.9500041
http://ncicb.nci.nih.gov/xml/owl/EVS/Thesaurus.owl#C3512	http://purl.obolibrary.org/obo/DOID_3910	1.0
http://ncicb.nci.nih.gov/xml/owl/EVS/Thesaurus.owl#C35124	http://purl.obolibrary.org/obo/DOID_1884	1.0
http://ncicb.nci.nih.gov/xml/owl/EVS/Thesaurus.owl#C3513	http://purl.obolibrary.org/obo/DOID_1107	1.0
http://ncicb.nci.nih.gov/xml/owl/EVS/Thesaurus.owl#C35131	http://purl.obolibrary.org/obo/DOID_2273	1.0
http://ncicb.nci.nih.gov/xml/owl/EVS/Thesaurus.owl#C35132	http://purl.obolibrary.org/obo/DOID_384	1.0
http://ncicb.nci.nih.gov/xml/owl/EVS/Thesaurus.owl#C35133	http://purl.obolibrary.org/obo/DOID_10632	1.0
http://ncicb.nci.nih.gov/xml/owl/EVS/Thesaurus.owl#C35139	http://purl.obolibrary.org/obo/DOID_9245	1.0
http://ncicb.nci.nih.gov/xml/owl/EVS/Thesaurus.owl#C3514	http://purl.obolibrary.org/obo/DOID_11561	1.0
http://ncicb.nci.nih.gov/xml/owl/EVS/Thesaurus.owl#C35141	http://purl.obolibrary.org/obo/DOID_11252	1.0
http://ncicb.nci.nih.gov/xml/owl/EVS/Thesaurus.owl#C35142	http://purl.obolibrary.org/obo/DOID_720	1.0
http://ncicb.nci.nih.gov/xml/owl/EVS/Thesaurus.owl#C35145	http://purl.obolibrary.org/obo/DOID_8337	1.0
http://ncicb.nci.nih.gov/xml/owl/EVS/Thesaurus.owl#C35150	http://purl.obolibrary.org/obo/DOID_5870	1.0
http://ncicb.nci.nih.gov/xml/owl/EVS/Thesaurus.owl#C35152	http://purl.obolibrary.org/obo/DOID_1949	0.91548723
http://ncicb.nci.nih.gov/xml/owl/EVS/Thesaurus.owl#C35163	http://purl.obolibrary.org/obo/DOID_2733	1.0
http://ncicb.nci.nih.gov/xml/owl/EVS/Thesaurus.owl#C3517	http://purl.obolibrary.org/obo/DOID_8654	0.91318172
http://ncicb.nci.nih.gov/xml/owl/EVS/Thesaurus.owl#C35170	http://purl.obolibrary.org/obo/DOID_2462	0.98516196
http://ncicb.nci.nih.gov/xml/owl/EVS/Thesaurus.owl#C35171	http://purl.obolibrary.org/obo/DOID_10719	0.93411732
http://ncicb.nci.nih.gov/xml/owl/EVS/Thesaurus.owl#C35172	http://purl.obolibrary.org/obo/DOID_11367	1.0
http://ncicb.nci.nih.gov/xml/owl/EVS/Thesaurus.owl#C35177	http://purl.obolibrary.org/obo/DOID_8635	0.95336121
http://ncicb.nci.nih.gov/xml/owl/EVS/Thesaurus.owl#C35178	http://purl.obolibrary.org/obo/DOID_1862	0.90004086
http://ncicb.nci.nih.gov/xml/owl/EVS/Thesaurus.owl#C35186	http://purl.obolibrary.org/obo/DOID_4737	1.0
http://ncicb.nci.nih.gov/xml/owl/EVS/Thesaurus.owl#C3519	http://purl.obolibrary.org/obo/DOID_0060597	1.0
http://ncicb.nci.nih.gov/xml/owl/EVS/Thesaurus.owl#C35192	http://purl.obolibrary.org/obo/DOID_14522	1.0
http://ncicb.nci.nih.gov/xml/owl/EVS/Thesaurus.owl#C35193	http://purl.obolibrary.org/obo/DOID_8482	1.0
http://ncicb.nci.nih.gov/xml/owl/EVS/Thesaurus.owl#C35194	http://purl.obolibrary.org/obo/DOID_8500	1.0
http://ncicb.nci.nih.gov/xml/owl/EVS/Thesaurus.owl#C35195	http://purl.obolibrary.org/obo/DOID_11184	1.0
http://ncicb.nci.nih.gov/xml/owl/EVS/Thesaurus.owl#C35196	http://purl.obolibrary.org/obo/DOID_11190	1.0
http://ncicb.nci.nih.gov/xml/owl/EVS/Thesaurus.owl#C35197	http://purl.obolibrary.org/obo/DOID_2475	1.0
http://ncicb.nci.nih.gov/xml/owl/EVS/Thesaurus.owl#C3520	http://purl.obolibrary.org/obo/DOID_8683	1.0
http://ncicb.nci.nih.gov/xml/owl/EVS/Thesaurus.owl#C35202	http://purl.obolibrary.org/obo/DOID_8481	0.91685748
http://ncicb.nci.nih.gov/xml/owl/EVS/Thesaurus.owl#C35204	http://purl.obolibrary.org/obo/DOID_9408	1.0
http://ncicb.nci.nih.gov/xml/owl/EVS/Thesaurus.owl#C35206	http://purl.obolibrary.org/obo/DOID_3951	1.0
http://ncicb.nci.nih.gov/xml/owl/EVS/Thesaurus.owl#C35211	http://purl.obolibrary.org/obo/DOID_0060192	1.0
http://ncicb.nci.nih.gov/xml/owl/EVS/Thesaurus.owl#C3523	http://purl.obolibrary.org/obo/DOID_13477	1.0
http://ncicb.nci.nih.gov/xml/owl/EVS/Thesaurus.owl#C3525	http://purl.obolibrary.org/obo/DOID_9036	0.90739238
http://ncicb.nci.nih.gov/xml/owl/EVS/Thesaurus.owl#C35254	http://purl.obolibrary.org/obo/DOID_9540	0.96373272
http://ncicb.nci.nih.gov/xml/owl/EVS/Thesaurus.owl#C35256	http://purl.obolibrary.org/obo/DOID_8461	1.0
http://ncicb.nci.nih.gov/xml/owl/EVS/Thesaurus.owl#C35264	http://purl.obolibrary.org/obo/DOID_4776	1.0
http://ncicb.nci.nih.gov/xml/owl/EVS/Thesaurus.owl#C3527	http://purl.obolibrary.org/obo/DOID_8849	0.94686043
http://ncicb.nci.nih.gov/xml/owl/EVS/Thesaurus.owl#C35271	http://purl.obolibrary.org/obo/DOID_13195	1.0
http://ncicb.nci.nih.gov/xml/owl/EVS/Thesaurus.owl#C35273	http://purl.obolibrary.org/obo/DOID_600	1.0
http://ncicb.nci.nih.gov/xml/owl/EVS/Thesaurus.owl#C35275	http://purl.obolibrary.org/obo/DOID_5691	0.96568334
http://ncicb.nci.nih.gov/xml/owl/EVS/Thesaurus.owl#C35276	http://purl.obolibrary.org/obo/DOID_0060155	1.0
http://ncicb.nci.nih.gov/xml/owl/EVS/Thesaurus.owl#C35277	http://purl.obolibrary.org/obo/DOID_4399	1.0
http://ncicb.nci.nih.gov/xml/owl/EVS/Thesaurus.owl#C3528	http://purl.obolibrary.org/obo/DOID_9149	0.9401139
http://ncicb.nci.nih.gov/xml/owl/EVS/Thesaurus.owl#C35281	http://purl.obolibrary.org/obo/DOID_4778	1.0
http://ncicb.nci.nih.gov/xml/owl/EVS/Thesaurus.owl#C35284	http://purl.obolibrary.org/obo/DOID_599	1.0
http://ncicb.nci.nih.gov/xml/owl/EVS/Thesaurus.owl#C35286	http://purl.obolibrary.org/obo/DOID_0060185	1.0
http://ncicb.nci.nih.gov/xml/owl/EVS/Thesaurus.owl#C35287	http://purl.obolibrary.org/obo/DOID_5379	1.0
http://ncicb.nci.nih.gov/xml/owl/EVS/Thesaurus.owl#C35288	http://purl.obolibrary.org/obo/DOID_0050158	1.0
http://ncicb.nci.nih.gov/xml/owl/EVS/Thesaurus.owl#C3529	http://purl.obolibrary.org/obo/DOID_8578	0.93313539
http://ncicb.nci.nih.gov/xml/owl/EVS/Thesaurus.owl#C35300	http://purl.obolibrary.org/obo/DOID_9476	1.0
http://ncicb.nci.nih.gov/xml/owl/EVS/Thesaurus.owl#C35302	http://purl.obolibrary.org/obo/DOID_646	1.0
http://ncicb.nci.nih.gov/xml/owl/EVS/Thesaurus.owl#C35315	http://purl.obolibrary.org/obo/DOID_10331	1.0
http://ncicb.nci.nih.gov/xml/owl/EVS/Thesaurus.owl#C35317	http://purl.obolibrary.org/obo/DOID_0050828	0.92722052
http://ncicb.nci.nih.gov/xml/owl/EVS/Thesaurus.owl#C35319	http://purl.obolibrary.org/obo/DOID_9749	1.0
http://ncicb.nci.nih.gov/xml/owl/EVS/Thesaurus.owl#C35321	http://purl.obolibrary.org/obo/DOID_1925	1.0
http://ncicb.nci.nih.gov/xml/owl/EVS/Thesaurus.owl#C35329	http://purl.obolibrary.org/obo/DOID_0060189	1.0
http://ncicb.nci.nih.gov/xml/owl/EVS/Thesaurus.owl#C35330	http://purl.obolibrary.org/obo/DOID_4031	1.0
http://ncicb.nci.nih.gov/xml/owl/EVS/Thesaurus.owl#C35334	http://purl.obolibrary.org/obo/DOID_14271	1.0
http://ncicb.nci.nih.gov/xml/owl/EVS/Thesaurus.owl#C35335	http://purl.obolibrary.org/obo/DOID_9439	1.0
http://ncicb.nci.nih.gov/xml/owl/EVS/Thesaurus.owl#C35336	http://purl.obolibrary.org/obo/DOID_14269	1.0
http://ncicb.nci.nih.gov/xml/owl/EVS/Thesaurus.owl#C35337	http://purl.obolibrary.org/obo/DOID_2590	0.92479235
http://ncicb.nci.nih.gov/xml/owl/EVS/Thesaurus.owl#C35341	http://purl.obolibrary.org/obo/DOID_1726	0.99144763
http://ncicb.nci.nih.gov/xml/owl/EVS/Thesaurus.owl#C35342	http://purl.obolibrary.org/obo/DOID_1393	0.97379035
http://ncicb.nci.nih.gov/xml/owl/EVS/Thesaurus.owl#C35344	http://purl.obolibrary.org/obo/DOID_5378	1.0
http://ncicb.nci.nih.gov/xml/owl/EVS/Thesaurus.owl#C35346	http://purl.obolibrary.org/obo/DOID_9942	0.97925389
http://ncicb.nci.nih.gov/xml/owl/EVS/Thesaurus.owl#C35347	http://purl.obolibrary.org/obo/DOID_2530	1.0
http://ncicb.nci.nih.gov/xml/owl/EVS/Thesaurus.owl#C3536	http://purl.obolibrary.org/obo/DOID_10020	0.94652593
http://ncicb.nci.nih.gov/xml/owl/EVS/Thesaurus.owl#C35369	http://purl.obolibrary.org/obo/DOID_4964	1.0
http://ncicb.nci.nih.gov/xml/owl/EVS/Thesaurus.owl#C3537	http://purl.obolibrary.org/obo/DOID_5875	0.91497391
http://ncicb.nci.nih.gov/xml/owl/EVS/Thesaurus.owl#C35372	http://purl.obolibrary.org/obo/DOID_14270	1.0
http://ncicb.nci.nih.gov/xml/owl/EVS/Thesaurus.owl#C35383	http://purl.obolibrary.org/obo/DOID_5222	1.0
http://ncicb.nci.nih.gov/xml/owl/EVS/Thesaurus.owl#C35394	http://purl.obolibrary.org/obo/DOID_1070	1.0
http://ncicb.nci.nih.gov/xml/owl/EVS/Thesaurus.owl#C35397	http://purl.obolibrary.org/obo/DOID_10330	1.0
http://ncicb.nci.nih.gov/xml/owl/EVS/Thesaurus.owl#C3540	http://purl.obolibrary.org/obo/DOID_1357	0.93859273
http://ncicb.nci.nih.gov/xml/owl/EVS/Thesaurus.owl#C35400	http://purl.obolibrary.org/obo/DOID_5854	1.0
http://ncicb.nci.nih.gov/xml/owl/EVS/Thesaurus.owl#C3541	http://purl.obolibrary.org/obo/DOID_1363	0.94896287
http://ncicb.nci.nih.gov/xml/owl/EVS/Thesaurus.owl#C35413	http://purl.obolibrary.org/obo/DOID_605	1.0
http://ncicb.nci.nih.gov/xml/owl/EVS/Thesaurus.owl#C35417	http://purl.obolibrary.org/obo/DOID_4928	1.0
http://ncicb.nci.nih.gov/xml/owl/EVS/Thesaurus.owl#C35419	http://purl.obolibrary.org/obo/DOID_10205	1.0
http://ncicb.nci.nih.gov/xml/owl/EVS/Thesaurus.owl#C3542	http://purl.obolibrary.org/obo/DOID_1360	0.93432778
http://ncicb.nci.nih.gov/xml/owl/EVS/Thesaurus.owl#C35420	http://purl.obolibrary.org/obo/DOID_11257	0.94198656
http://ncicb.nci.nih.gov/xml/owl/EVS/Thesaurus.owl#C35424	http://purl.obolibrary.org/obo/DOID_1703	1.0
http://ncicb.nci.nih.gov/xml/owl/EVS/Thesaurus.owl#C3543	http://purl.obolibrary.org/obo/DOID_14546	0.93302929
http://ncicb.nci.nih.gov/xml/owl/EVS/Thesaurus.owl#C35436	http://purl.obolibrary.org/obo/DOID_11577	1.0
http://ncicb.nci.nih.gov/xml/owl/EVS/Thesaurus.owl#C35437	http://purl.obolibrary.org/obo/DOID_0050835	1.0
http://ncicb.nci.nih.gov/xml/owl/EVS/Thesaurus.owl#C35438	http://purl.obolibrary.org/obo/DOID_0050835	1.0
http://ncicb.nci.nih.gov/xml/owl/EVS/Thesaurus.owl#C3544	http://purl.obolibrary.org/obo/DOID_2599	0.94040459
http://ncicb.nci.nih.gov/xml/owl/EVS/Thesaurus.owl#C35441	http://purl.obolibrary.org/obo/DOID_13403	1.0
http://ncicb.nci.nih.gov/xml/owl/EVS/Thesaurus.owl#C35442	http://purl.obolibrary.org/obo/DOID_272	0.95436609
http://ncicb.nci.nih.gov/xml/owl/EVS/Thesaurus.owl#C35444	http://purl.obolibrary.org/obo/DOID_13139	1.0
http://ncicb.nci.nih.gov/xml/owl/EVS/Thesaurus.owl#C35445	http://purl.obolibrary.org/obo/DOID_4783	1.0
http://ncicb.nci.nih.gov/xml/owl/EVS/Thesaurus.owl#C3545	http://purl.obolibrary.org/obo/DOID_13476	0.94347209
http://ncicb.nci.nih.gov/xml/owl/EVS/Thesaurus.owl#C35458	http://purl.obolibrary.org/obo/DOID_9974	0.91948092
http://ncicb.nci.nih.gov/xml/owl/EVS/Thesaurus.owl#C3546	http://purl.obolibrary.org/obo/DOID_11472	0.91982156
http://ncicb.nci.nih.gov/xml/owl/EVS/Thesaurus.owl#C35467	http://purl.obolibrary.org/obo/DOID_6687	1.0
http://ncicb.nci.nih.gov/xml/owl/EVS/Thesaurus.owl#C35468	http://purl.obolibrary.org/obo/DOID_4449	0.96340597
http://ncicb.nci.nih.gov/xml/owl/EVS/Thesaurus.owl#C3547	http://purl.obolibrary.org/obo/DOID_5158	0.93542677
http://ncicb.nci.nih.gov/xml/owl/EVS/Thesaurus.owl#C3548	http://purl.obolibrary.org/obo/DOID_117	0.94677758
http://ncicb.nci.nih.gov/xml/owl/EVS/Thesaurus.owl#C3549	http://purl.obolibrary.org/obo/DOID_5559	0.91684359
http://ncicb.nci.nih.gov/xml/owl/EVS/Thesaurus.owl#C35492	http://purl.obolibrary.org/obo/DOID_602	0.984833
http://ncicb.nci.nih.gov/xml/owl/EVS/Thesaurus.owl#C35498	http://purl.obolibrary.org/obo/DOID_14115	1.0
http://ncicb.nci.nih.gov/xml/owl/EVS/Thesaurus.owl#C35501	http://purl.obolibrary.org/obo/DOID_4960	0.95850235
http://ncicb.nci.nih.gov/xml/owl/EVS/Thesaurus.owl#C35505	http://purl.obolibrary.org/obo/DOID_1936	0.93084639
http://ncicb.nci.nih.gov/xml/owl/EVS/Thesaurus.owl#C3552	http://purl.obolibrary.org/obo/DOID_363	0.93288773
http://ncicb.nci.nih.gov/xml/owl/EVS/Thesaurus.owl#C35527	http://purl.obolibrary.org/obo/DOID_0050835	1.0
http://ncicb.nci.nih.gov/xml/owl/EVS/Thesaurus.owl#C35528	http://purl.obolibrary.org/obo/DOID_0050460	1.0
http://ncicb.nci.nih.gov/xml/owl/EVS/Thesaurus.owl#C3553	http://purl.obolibrary.org/obo/DOID_7519	0.93434548
http://ncicb.nci.nih.gov/xml/owl/EVS/Thesaurus.owl#C35530	http://purl.obolibrary.org/obo/DOID_2228	1.0
http://ncicb.nci.nih.gov/xml/owl/EVS/Thesaurus.owl#C35543	http://purl.obolibrary.org/obo/DOID_5162	1.0
http://ncicb.nci.nih.gov/xml/owl/EVS/Thesaurus.owl#C35547	http://purl.obolibrary.org/obo/DOID_9682	0.91469073
http://ncicb.nci.nih.gov/xml/owl/EVS/Thesaurus.owl#C35550	http://purl.obolibrary.org/obo/DOID_4953	0.92394179
http://ncicb.nci.nih.gov/xml/owl/EVS/Thesaurus.owl#C35556	http://purl.obolibrary.org/obo/DOID_6787	0.94002968
http://ncicb.nci.nih.gov/xml/owl/EVS/Thesaurus.owl#C35558	http://purl.obolibrary.org/obo/DOID_7089	0.93699253
http://ncicb.nci.nih.gov/xml/owl/EVS/Thesaurus.owl#C3557	http://purl.obolibrary.org/obo/DOID_2401	0.94884932
http://ncicb.nci.nih.gov/xml/owl/EVS/Thesaurus.owl#C35574	http://purl.obolibrary.org/obo/DOID_6786	0.97059613
http://ncicb.nci.nih.gov/xml/owl/EVS/Thesaurus.owl#C35578	http://purl.obolibrary.org/obo/DOID_2828	1.0
http://ncicb.nci.nih.gov/xml/owl/EVS/Thesaurus.owl#C35587	http://purl.obolibrary.org/obo/DOID_14066	0.91889733
http://ncicb.nci.nih.gov/xml/owl/EVS/Thesaurus.owl#C35589	http://purl.obolibrary.org/obo/DOID_13405	1.0
http://ncicb.nci.nih.gov/xml/owl/EVS/Thesaurus.owl#C3559	http://purl.obolibrary.org/obo/DOID_13169	0.95616359
http://ncicb.nci.nih.gov/xml/owl/EVS/Thesaurus.owl#C35592	http://purl.obolibrary.org/obo/DOID_9765	1.0
http://ncicb.nci.nih.gov/xml/owl/EVS/Thesaurus.owl#C3560	http://purl.obolibrary.org/obo/DOID_3445	0.92689878
http://ncicb.nci.nih.gov/xml/owl/EVS/Thesaurus.owl#C35602	http://purl.obolibrary.org/obo/DOID_7441	1.0
http://ncicb.nci.nih.gov/xml/owl/EVS/Thesaurus.owl#C35603	http://purl.obolibrary.org/obo/DOID_7825	1.0
http://ncicb.nci.nih.gov/xml/owl/EVS/Thesaurus.owl#C35610	http://purl.obolibrary.org/obo/DOID_11713	0.94011658
http://ncicb.nci.nih.gov/xml/owl/EVS/Thesaurus.owl#C35614	http://purl.obolibrary.org/obo/DOID_603	1.0
http://ncicb.nci.nih.gov/xml/owl/EVS/Thesaurus.owl#C35616	http://purl.obolibrary.org/obo/DOID_2458	1.0
http://ncicb.nci.nih.gov/xml/owl/EVS/Thesaurus.owl#C35619	http://purl.obolibrary.org/obo/DOID_8536	0.95182097
http://ncicb.nci.nih.gov/xml/owl/EVS/Thesaurus.owl#C35620	http://purl.obolibrary.org/obo/DOID_9123	1.0
http://ncicb.nci.nih.gov/xml/owl/EVS/Thesaurus.owl#C35625	http://purl.obolibrary.org/obo/DOID_8500	0.9436565
http://ncicb.nci.nih.gov/xml/owl/EVS/Thesaurus.owl#C3563	http://purl.obolibrary.org/obo/DOID_294	0.94328338
http://ncicb.nci.nih.gov/xml/owl/EVS/Thesaurus.owl#C3564	http://purl.obolibrary.org/obo/DOID_5467	0.94797122
http://ncicb.nci.nih.gov/xml/owl/EVS/Thesaurus.owl#C3565	http://purl.obolibrary.org/obo/DOID_6199	0.94170344
http://ncicb.nci.nih.gov/xml/owl/EVS/Thesaurus.owl#C3566	http://purl.obolibrary.org/obo/DOID_12759	0.92814374
http://ncicb.nci.nih.gov/xml/owl/EVS/Thesaurus.owl#C3567	http://purl.obolibrary.org/obo/DOID_12756	0.94608122
http://ncicb.nci.nih.gov/xml/owl/EVS/Thesaurus.owl#C35685	http://purl.obolibrary.org/obo/DOID_8691	0.91110861
http://ncicb.nci.nih.gov/xml/owl/EVS/Thesaurus.owl#C35686	http://purl.obolibrary.org/obo/DOID_612	0.91833073
http://ncicb.nci.nih.gov/xml/owl/EVS/Thesaurus.owl#C3569	http://purl.obolibrary.org/obo/DOID_4205	0.90542805
http://ncicb.nci.nih.gov/xml/owl/EVS/Thesaurus.owl#C35690	http://purl.obolibrary.org/obo/DOID_6903	1.0
http://ncicb.nci.nih.gov/xml/owl/EVS/Thesaurus.owl#C35697	http://purl.obolibrary.org/obo/DOID_8133	0.91712397
http://ncicb.nci.nih.gov/xml/owl/EVS/Thesaurus.owl#C35699	http://purl.obolibrary.org/obo/DOID_6677	1.0
http://ncicb.nci.nih.gov/xml/owl/EVS/Thesaurus.owl#C35704	http://purl.obolibrary.org/obo/DOID_11213	1.0
http://ncicb.nci.nih.gov/xml/owl/EVS/Thesaurus.owl#C35706	http://purl.obolibrary.org/obo/DOID_4777	1.0
http://ncicb.nci.nih.gov/xml/owl/EVS/Thesaurus.owl#C35707	http://purl.obolibrary.org/obo/DOID_4779	1.0
http://ncicb.nci.nih.gov/xml/owl/EVS/Thesaurus.owl#C35709	http://purl.obolibrary.org/obo/DOID_6691	1.0
http://ncicb.nci.nih.gov/xml/owl/EVS/Thesaurus.owl#C3571	http://purl.obolibrary.org/obo/DOID_2815	1.0
http://ncicb.nci.nih.gov/xml/owl/EVS/Thesaurus.owl#C35714	http://purl.obolibrary.org/obo/DOID_2797	1.0
http://ncicb.nci.nih.gov/xml/owl/EVS/Thesaurus.owl#C35716	http://purl.obolibrary.org/obo/DOID_0050156	1.0
http://ncicb.nci.nih.gov/xml/owl/EVS/Thesaurus.owl#C35717	http://purl.obolibrary.org/obo/DOID_2801	1.0
http://ncicb.nci.nih.gov/xml/owl/EVS/Thesaurus.owl#C35718	http://purl.obolibrary.org/obo/DOID_3284	0.92007989
http://ncicb.nci.nih.gov/xml/owl/EVS/Thesaurus.owl#C3572	http://purl.obolibrary.org/obo/DOID_5612	0.91349429
http://ncicb.nci.nih.gov/xml/owl/EVS/Thesaurus.owl#C35720	http://purl.obolibrary.org/obo/DOID_1947	1.0
http://ncicb.nci.nih.gov/xml/owl/EVS/Thesaurus.owl#C35723	http://purl.obolibrary.org/obo/DOID_9561	0.96023476
http://ncicb.nci.nih.gov/xml/owl/EVS/Thesaurus.owl#C35742	http://purl.obolibrary.org/obo/DOID_0060118	0.95888633
http://ncicb.nci.nih.gov/xml/owl/EVS/Thesaurus.owl#C3575	http://purl.obolibrary.org/obo/DOID_170	0.91898525
http://ncicb.nci.nih.gov/xml/owl/EVS/Thesaurus.owl#C3576	http://purl.obolibrary.org/obo/DOID_5093	0.91631359
http://ncicb.nci.nih.gov/xml/owl/EVS/Thesaurus.owl#C35760	http://purl.obolibrary.org/obo/DOID_381	1.0
http://ncicb.nci.nih.gov/xml/owl/EVS/Thesaurus.owl#C35761	http://purl.obolibrary.org/obo/DOID_12084	1.0
http://ncicb.nci.nih.gov/xml/owl/EVS/Thesaurus.owl#C35764	http://purl.obolibrary.org/obo/DOID_10915	1.0
http://ncicb.nci.nih.gov/xml/owl/EVS/Thesaurus.owl#C35765	http://purl.obolibrary.org/obo/DOID_4231	1.0
http://ncicb.nci.nih.gov/xml/owl/EVS/Thesaurus.owl#C35767	http://purl.obolibrary.org/obo/DOID_2347	1.0
http://ncicb.nci.nih.gov/xml/owl/EVS/Thesaurus.owl#C35768	http://purl.obolibrary.org/obo/DOID_1936	1.0
http://ncicb.nci.nih.gov/xml/owl/EVS/Thesaurus.owl#C35770	http://purl.obolibrary.org/obo/DOID_5161	1.0
http://ncicb.nci.nih.gov/xml/owl/EVS/Thesaurus.owl#C35771	http://purl.obolibrary.org/obo/DOID_2348	0.93993849
http://ncicb.nci.nih.gov/xml/owl/EVS/Thesaurus.owl#C35774	http://purl.obolibrary.org/obo/DOID_4138	0.90228212
http://ncicb.nci.nih.gov/xml/owl/EVS/Thesaurus.owl#C35775	http://purl.obolibrary.org/obo/DOID_4353	0.97861868
http://ncicb.nci.nih.gov/xml/owl/EVS/Thesaurus.owl#C35780	http://purl.obolibrary.org/obo/DOID_7040	1.0
http://ncicb.nci.nih.gov/xml/owl/EVS/Thesaurus.owl#C35781	http://purl.obolibrary.org/obo/DOID_6522	1.0
http://ncicb.nci.nih.gov/xml/owl/EVS/Thesaurus.owl#C35782	http://purl.obolibrary.org/obo/DOID_6525	1.0
http://ncicb.nci.nih.gov/xml/owl/EVS/Thesaurus.owl#C35783	http://purl.obolibrary.org/obo/DOID_6523	1.0
http://ncicb.nci.nih.gov/xml/owl/EVS/Thesaurus.owl#C35786	http://purl.obolibrary.org/obo/DOID_817	1.0
http://ncicb.nci.nih.gov/xml/owl/EVS/Thesaurus.owl#C35792	http://purl.obolibrary.org/obo/DOID_9766	1.0
http://ncicb.nci.nih.gov/xml/owl/EVS/Thesaurus.owl#C35795	http://purl.obolibrary.org/obo/DOID_0060379	1.0
http://ncicb.nci.nih.gov/xml/owl/EVS/Thesaurus.owl#C35796	http://purl.obolibrary.org/obo/DOID_5224	1.0
http://ncicb.nci.nih.gov/xml/owl/EVS/Thesaurus.owl#C35798	http://purl.obolibrary.org/obo/DOID_4780	1.0
http://ncicb.nci.nih.gov/xml/owl/EVS/Thesaurus.owl#C35799	http://purl.obolibrary.org/obo/DOID_4781	1.0
http://ncicb.nci.nih.gov/xml/owl/EVS/Thesaurus.owl#C35800	http://purl.obolibrary.org/obo/DOID_4784	1.0
http://ncicb.nci.nih.gov/xml/owl/EVS/Thesaurus.owl#C35801	http://purl.obolibrary.org/obo/DOID_4782	1.0
http://ncicb.nci.nih.gov/xml/owl/EVS/Thesaurus.owl#C35805	http://purl.obolibrary.org/obo/DOID_12841	1.0
http://ncicb.nci.nih.gov/xml/owl/EVS/Thesaurus.owl#C35806	http://purl.obolibrary.org/obo/DOID_2800	1.0
http://ncicb.nci.nih.gov/xml/owl/EVS/Thesaurus.owl#C35807	http://purl.obolibrary.org/obo/DOID_13407	1.0
http://ncicb.nci.nih.gov/xml/owl/EVS/Thesaurus.owl#C35809	http://purl.obolibrary.org/obo/DOID_6686	1.0
http://ncicb.nci.nih.gov/xml/owl/EVS/Thesaurus.owl#C35812	http://purl.obolibrary.org/obo/DOID_10619	0.91028368
http://ncicb.nci.nih.gov/xml/owl/EVS/Thesaurus.owl#C35823	http://purl.obolibrary.org/obo/DOID_2529	0.96945184
http://ncicb.nci.nih.gov/xml/owl/EVS/Thesaurus.owl#C35827	http://purl.obolibrary.org/obo/DOID_14351	1.0
http://ncicb.nci.nih.gov/xml/owl/EVS/Thesaurus.owl#C35829	http://purl.obolibrary.org/obo/DOID_7187	1.0
http://ncicb.nci.nih.gov/xml/owl/EVS/Thesaurus.owl#C35830	http://purl.obolibrary.org/obo/DOID_7088	0.933061
http://ncicb.nci.nih.gov/xml/owl/EVS/Thesaurus.owl#C35850	http://purl.obolibrary.org/obo/DOID_1542	1.0
http://ncicb.nci.nih.gov/xml/owl/EVS/Thesaurus.owl#C35868	http://purl.obolibrary.org/obo/DOID_867	1.0
http://ncicb.nci.nih.gov/xml/owl/EVS/Thesaurus.owl#C35870	http://purl.obolibrary.org/obo/DOID_3376	0.93534178
http://ncicb.nci.nih.gov/xml/owl/EVS/Thesaurus.owl#C35871	http://purl.obolibrary.org/obo/DOID_4985	0.92632276
http://ncicb.nci.nih.gov/xml/owl/EVS/Thesaurus.owl#C35875	http://purl.obolibrary.org/obo/DOID_3904	0.95478821
http://ncicb.nci.nih.gov/xml/owl/EVS/Thesaurus.owl#C35878	http://purl.obolibrary.org/obo/DOID_2346	1.0
http://ncicb.nci.nih.gov/xml/owl/EVS/Thesaurus.owl#C35882	http://purl.obolibrary.org/obo/DOID_2373	1.0
http://ncicb.nci.nih.gov/xml/owl/EVS/Thesaurus.owl#C35885	http://purl.obolibrary.org/obo/DOID_2344	1.0
http://ncicb.nci.nih.gov/xml/owl/EVS/Thesaurus.owl#C3601	http://purl.obolibrary.org/obo/DOID_2598	1.0
http://ncicb.nci.nih.gov/xml/owl/EVS/Thesaurus.owl#C36053	http://purl.obolibrary.org/obo/DOID_4768	1.0
http://ncicb.nci.nih.gov/xml/owl/EVS/Thesaurus.owl#C36054	http://purl.obolibrary.org/obo/DOID_4767	0.92455053
http://ncicb.nci.nih.gov/xml/owl/EVS/Thesaurus.owl#C3606	http://purl.obolibrary.org/obo/DOID_10206	0.98806232
http://ncicb.nci.nih.gov/xml/owl/EVS/Thesaurus.owl#C3607	http://purl.obolibrary.org/obo/DOID_0060110	1.0
http://ncicb.nci.nih.gov/xml/owl/EVS/Thesaurus.owl#C36071	http://purl.obolibrary.org/obo/DOID_5221	1.0
http://ncicb.nci.nih.gov/xml/owl/EVS/Thesaurus.owl#C36076	http://purl.obolibrary.org/obo/DOID_193	1.0
http://ncicb.nci.nih.gov/xml/owl/EVS/Thesaurus.owl#C36077	http://purl.obolibrary.org/obo/DOID_4927	1.0
http://ncicb.nci.nih.gov/xml/owl/EVS/Thesaurus.owl#C36078	http://purl.obolibrary.org/obo/DOID_8955	1.0
http://ncicb.nci.nih.gov/xml/owl/EVS/Thesaurus.owl#C36079	http://purl.obolibrary.org/obo/DOID_5236	1.0
http://ncicb.nci.nih.gov/xml/owl/EVS/Thesaurus.owl#C3608	http://purl.obolibrary.org/obo/DOID_0060095	0.9212476
http://ncicb.nci.nih.gov/xml/owl/EVS/Thesaurus.owl#C36083	http://purl.obolibrary.org/obo/DOID_3013	1.0
http://ncicb.nci.nih.gov/xml/owl/EVS/Thesaurus.owl#C36086	http://purl.obolibrary.org/obo/DOID_6841	0.96068364
http://ncicb.nci.nih.gov/xml/owl/EVS/Thesaurus.owl#C36087	http://purl.obolibrary.org/obo/DOID_8224	1.0
http://ncicb.nci.nih.gov/xml/owl/EVS/Thesaurus.owl#C36088	http://purl.obolibrary.org/obo/DOID_8225	0.90932208
http://ncicb.nci.nih.gov/xml/owl/EVS/Thesaurus.owl#C36089	http://purl.obolibrary.org/obo/DOID_8227	1.0
http://ncicb.nci.nih.gov/xml/owl/EVS/Thesaurus.owl#C3609	http://purl.obolibrary.org/obo/DOID_0060095	1.0
http://ncicb.nci.nih.gov/xml/owl/EVS/Thesaurus.owl#C36090	http://purl.obolibrary.org/obo/DOID_1628	1.0
http://ncicb.nci.nih.gov/xml/owl/EVS/Thesaurus.owl#C36095	http://purl.obolibrary.org/obo/DOID_3701	1.0
http://ncicb.nci.nih.gov/xml/owl/EVS/Thesaurus.owl#C36096	http://purl.obolibrary.org/obo/DOID_8307	1.0
http://ncicb.nci.nih.gov/xml/owl/EVS/Thesaurus.owl#C36097	http://purl.obolibrary.org/obo/DOID_4112	1.0
http://ncicb.nci.nih.gov/xml/owl/EVS/Thesaurus.owl#C36098	http://purl.obolibrary.org/obo/DOID_6789	0.96555197
http://ncicb.nci.nih.gov/xml/owl/EVS/Thesaurus.owl#C36099	http://purl.obolibrary.org/obo/DOID_6847	0.96842635
http://ncicb.nci.nih.gov/xml/owl/EVS/Thesaurus.owl#C3610	http://purl.obolibrary.org/obo/DOID_0060114	1.0
http://ncicb.nci.nih.gov/xml/owl/EVS/Thesaurus.owl#C3611	http://purl.obolibrary.org/obo/DOID_0060109	1.0
http://ncicb.nci.nih.gov/xml/owl/EVS/Thesaurus.owl#C3614	http://purl.obolibrary.org/obo/DOID_512	0.90038437
http://ncicb.nci.nih.gov/xml/owl/EVS/Thesaurus.owl#C36169	http://purl.obolibrary.org/obo/DOID_0050197	0.91145098
http://ncicb.nci.nih.gov/xml/owl/EVS/Thesaurus.owl#C3617	http://purl.obolibrary.org/obo/DOID_11885	0.968876
http://ncicb.nci.nih.gov/xml/owl/EVS/Thesaurus.owl#C36171	http://purl.obolibrary.org/obo/DOID_4325	1.0
http://ncicb.nci.nih.gov/xml/owl/EVS/Thesaurus.owl#C3618	http://purl.obolibrary.org/obo/DOID_0050623	1.0
http://ncicb.nci.nih.gov/xml/owl/EVS/Thesaurus.owl#C3619	http://purl.obolibrary.org/obo/DOID_730	1.0
http://ncicb.nci.nih.gov/xml/owl/EVS/Thesaurus.owl#C36207	http://purl.obolibrary.org/obo/DOID_4147	0.92324615
http://ncicb.nci.nih.gov/xml/owl/EVS/Thesaurus.owl#C36260	http://purl.obolibrary.org/obo/DOID_4455	0.9365564
http://ncicb.nci.nih.gov/xml/owl/EVS/Thesaurus.owl#C3633	http://purl.obolibrary.org/obo/DOID_2517	0.99316192
http://ncicb.nci.nih.gov/xml/owl/EVS/Thesaurus.owl#C3634	http://purl.obolibrary.org/obo/DOID_5240	0.95375538
http://ncicb.nci.nih.gov/xml/owl/EVS/Thesaurus.owl#C3635	http://purl.obolibrary.org/obo/DOID_254	0.99025136
http://ncicb.nci.nih.gov/xml/owl/EVS/Thesaurus.owl#C3639	http://purl.obolibrary.org/obo/DOID_8802	0.96655339
http://ncicb.nci.nih.gov/xml/owl/EVS/Thesaurus.owl#C3640	http://purl.obolibrary.org/obo/DOID_8687	0.90149057
http://ncicb.nci.nih.gov/xml/owl/EVS/Thesaurus.owl#C36529	http://purl.obolibrary.org/obo/DOID_11665	1.0
http://ncicb.nci.nih.gov/xml/owl/EVS/Thesaurus.owl#C3654	http://purl.obolibrary.org/obo/DOID_10964	1.0
http://ncicb.nci.nih.gov/xml/owl/EVS/Thesaurus.owl#C3661	http://purl.obolibrary.org/obo/DOID_10691	0.97867876
http://ncicb.nci.nih.gov/xml/owl/EVS/Thesaurus.owl#C3662	http://purl.obolibrary.org/obo/DOID_9042	0.94620484
http://ncicb.nci.nih.gov/xml/owl/EVS/Thesaurus.owl#C36626	http://purl.obolibrary.org/obo/DOID_1085	1.0
http://ncicb.nci.nih.gov/xml/owl/EVS/Thesaurus.owl#C3663	http://purl.obolibrary.org/obo/DOID_8920	0.96164942
http://ncicb.nci.nih.gov/xml/owl/EVS/Thesaurus.owl#C3669	http://purl.obolibrary.org/obo/DOID_11801	0.95162725
http://ncicb.nci.nih.gov/xml/owl/EVS/Thesaurus.owl#C3677	http://purl.obolibrary.org/obo/DOID_0060072	1.0
http://ncicb.nci.nih.gov/xml/owl/EVS/Thesaurus.owl#C3680	http://purl.obolibrary.org/obo/DOID_5675	1.0
http://ncicb.nci.nih.gov/xml/owl/EVS/Thesaurus.owl#C3681	http://purl.obolibrary.org/obo/DOID_4903	1.0
http://ncicb.nci.nih.gov/xml/owl/EVS/Thesaurus.owl#C3685	http://purl.obolibrary.org/obo/DOID_5403	1.0
http://ncicb.nci.nih.gov/xml/owl/EVS/Thesaurus.owl#C3696	http://purl.obolibrary.org/obo/DOID_5077	1.0
http://ncicb.nci.nih.gov/xml/owl/EVS/Thesaurus.owl#C3697	http://purl.obolibrary.org/obo/DOID_5075	1.0
http://ncicb.nci.nih.gov/xml/owl/EVS/Thesaurus.owl#C3698	http://purl.obolibrary.org/obo/DOID_2626	1.0
http://ncicb.nci.nih.gov/xml/owl/EVS/Thesaurus.owl#C3699	http://purl.obolibrary.org/obo/DOID_468	1.0
http://ncicb.nci.nih.gov/xml/owl/EVS/Thesaurus.owl#C3700	http://purl.obolibrary.org/obo/DOID_5264	1.0
http://ncicb.nci.nih.gov/xml/owl/EVS/Thesaurus.owl#C3701	http://purl.obolibrary.org/obo/DOID_5268	1.0
http://ncicb.nci.nih.gov/xml/owl/EVS/Thesaurus.owl#C3703	http://purl.obolibrary.org/obo/DOID_10192	1.0
http://ncicb.nci.nih.gov/xml/owl/EVS/Thesaurus.owl#C3705	http://purl.obolibrary.org/obo/DOID_5702	1.0
http://ncicb.nci.nih.gov/xml/owl/EVS/Thesaurus.owl#C3706	http://purl.obolibrary.org/obo/DOID_3861	0.92176694
http://ncicb.nci.nih.gov/xml/owl/EVS/Thesaurus.owl#C3708	http://purl.obolibrary.org/obo/DOID_2994	0.91392601
http://ncicb.nci.nih.gov/xml/owl/EVS/Thesaurus.owl#C3712	http://purl.obolibrary.org/obo/DOID_139	0.99342114
http://ncicb.nci.nih.gov/xml/owl/EVS/Thesaurus.owl#C3713	http://purl.obolibrary.org/obo/DOID_2615	1.0
http://ncicb.nci.nih.gov/xml/owl/EVS/Thesaurus.owl#C3714	http://purl.obolibrary.org/obo/DOID_6193	1.0
http://ncicb.nci.nih.gov/xml/owl/EVS/Thesaurus.owl#C3716	http://purl.obolibrary.org/obo/DOID_171	0.95615155
http://ncicb.nci.nih.gov/xml/owl/EVS/Thesaurus.owl#C3717	http://purl.obolibrary.org/obo/DOID_166	1.0
http://ncicb.nci.nih.gov/xml/owl/EVS/Thesaurus.owl#C3720	http://purl.obolibrary.org/obo/DOID_0050744	1.0
http://ncicb.nci.nih.gov/xml/owl/EVS/Thesaurus.owl#C37212	http://purl.obolibrary.org/obo/DOID_6827	0.9151088
http://ncicb.nci.nih.gov/xml/owl/EVS/Thesaurus.owl#C37214	http://purl.obolibrary.org/obo/DOID_7717	1.0
http://ncicb.nci.nih.gov/xml/owl/EVS/Thesaurus.owl#C3722	http://purl.obolibrary.org/obo/DOID_0060315	0.94591182
http://ncicb.nci.nih.gov/xml/owl/EVS/Thesaurus.owl#C3725	http://purl.obolibrary.org/obo/DOID_3319	1.0
http://ncicb.nci.nih.gov/xml/owl/EVS/Thesaurus.owl#C37256	http://purl.obolibrary.org/obo/DOID_7577	1.0
http://ncicb.nci.nih.gov/xml/owl/EVS/Thesaurus.owl#C37257	http://purl.obolibrary.org/obo/DOID_3162	1.0
http://ncicb.nci.nih.gov/xml/owl/EVS/Thesaurus.owl#C3726	http://purl.obolibrary.org/obo/DOID_2609	1.0
http://ncicb.nci.nih.gov/xml/owl/EVS/Thesaurus.owl#C37261	http://purl.obolibrary.org/obo/DOID_3753	1.0
http://ncicb.nci.nih.gov/xml/owl/EVS/Thesaurus.owl#C37266	http://purl.obolibrary.org/obo/DOID_5429	1.0
http://ncicb.nci.nih.gov/xml/owl/EVS/Thesaurus.owl#C3727	http://purl.obolibrary.org/obo/DOID_4830	1.0
http://ncicb.nci.nih.gov/xml/owl/EVS/Thesaurus.owl#C3728	http://purl.obolibrary.org/obo/DOID_687	1.0
http://ncicb.nci.nih.gov/xml/owl/EVS/Thesaurus.owl#C3729	http://purl.obolibrary.org/obo/DOID_154	0.92064995
http://ncicb.nci.nih.gov/xml/owl/EVS/Thesaurus.owl#C37304	http://purl.obolibrary.org/obo/DOID_7086	0.99229002
http://ncicb.nci.nih.gov/xml/owl/EVS/Thesaurus.owl#C37308	http://purl.obolibrary.org/obo/DOID_1312	1.0
http://ncicb.nci.nih.gov/xml/owl/EVS/Thesaurus.owl#C3732	http://purl.obolibrary.org/obo/DOID_4765	1.0
http://ncicb.nci.nih.gov/xml/owl/EVS/Thesaurus.owl#C3733	http://purl.obolibrary.org/obo/DOID_3616	1.0
http://ncicb.nci.nih.gov/xml/owl/EVS/Thesaurus.owl#C3734	http://purl.obolibrary.org/obo/DOID_3314	1.0
http://ncicb.nci.nih.gov/xml/owl/EVS/Thesaurus.owl#C3737	http://purl.obolibrary.org/obo/DOID_4545	1.0
http://ncicb.nci.nih.gov/xml/owl/EVS/Thesaurus.owl#C3739	http://purl.obolibrary.org/obo/DOID_4415	0.9753139
http://ncicb.nci.nih.gov/xml/owl/EVS/Thesaurus.owl#C3742	http://purl.obolibrary.org/obo/DOID_0080109	0.91603184
http://ncicb.nci.nih.gov/xml/owl/EVS/Thesaurus.owl#C3744	http://purl.obolibrary.org/obo/DOID_1618	1.0
http://ncicb.nci.nih.gov/xml/owl/EVS/Thesaurus.owl#C3745	http://purl.obolibrary.org/obo/DOID_4233	0.90652627
http://ncicb.nci.nih.gov/xml/owl/EVS/Thesaurus.owl#C3746	http://purl.obolibrary.org/obo/DOID_3098	1.0
http://ncicb.nci.nih.gov/xml/owl/EVS/Thesaurus.owl#C3747	http://purl.obolibrary.org/obo/DOID_4266	0.9231599
http://ncicb.nci.nih.gov/xml/owl/EVS/Thesaurus.owl#C3748	http://purl.obolibrary.org/obo/DOID_5138	1.0
http://ncicb.nci.nih.gov/xml/owl/EVS/Thesaurus.owl#C3749	http://purl.obolibrary.org/obo/DOID_4051	1.0
http://ncicb.nci.nih.gov/xml/owl/EVS/Thesaurus.owl#C3750	http://purl.obolibrary.org/obo/DOID_4239	1.0
http://ncicb.nci.nih.gov/xml/owl/EVS/Thesaurus.owl#C3751	http://purl.obolibrary.org/obo/DOID_4310	0.98280072
http://ncicb.nci.nih.gov/xml/owl/EVS/Thesaurus.owl#C3752	http://purl.obolibrary.org/obo/DOID_3308	1.0
http://ncicb.nci.nih.gov/xml/owl/EVS/Thesaurus.owl#C3753	http://purl.obolibrary.org/obo/DOID_3304	1.0
http://ncicb.nci.nih.gov/xml/owl/EVS/Thesaurus.owl#C3754	http://purl.obolibrary.org/obo/DOID_3301	1.0
http://ncicb.nci.nih.gov/xml/owl/EVS/Thesaurus.owl#C3757	http://purl.obolibrary.org/obo/DOID_3596	0.97197044
http://ncicb.nci.nih.gov/xml/owl/EVS/Thesaurus.owl#C3758	http://purl.obolibrary.org/obo/DOID_0050868	1.0
http://ncicb.nci.nih.gov/xml/owl/EVS/Thesaurus.owl#C3760	http://purl.obolibrary.org/obo/DOID_3893	1.0
http://ncicb.nci.nih.gov/xml/owl/EVS/Thesaurus.owl#C3761	http://purl.obolibrary.org/obo/DOID_2065	1.0
http://ncicb.nci.nih.gov/xml/owl/EVS/Thesaurus.owl#C3762	http://purl.obolibrary.org/obo/DOID_746	1.0
http://ncicb.nci.nih.gov/xml/owl/EVS/Thesaurus.owl#C3766	http://purl.obolibrary.org/obo/DOID_4468	1.0
http://ncicb.nci.nih.gov/xml/owl/EVS/Thesaurus.owl#C3768	http://purl.obolibrary.org/obo/DOID_3025	1.0
http://ncicb.nci.nih.gov/xml/owl/EVS/Thesaurus.owl#C3769	http://purl.obolibrary.org/obo/DOID_5830	0.95043963
http://ncicb.nci.nih.gov/xml/owl/EVS/Thesaurus.owl#C3770	http://purl.obolibrary.org/obo/DOID_1798	0.92410427
http://ncicb.nci.nih.gov/xml/owl/EVS/Thesaurus.owl#C3771	http://purl.obolibrary.org/obo/DOID_0050938	1.0
http://ncicb.nci.nih.gov/xml/owl/EVS/Thesaurus.owl#C3772	http://purl.obolibrary.org/obo/DOID_4531	1.0
http://ncicb.nci.nih.gov/xml/owl/EVS/Thesaurus.owl#C3773	http://purl.obolibrary.org/obo/DOID_1800	1.0
http://ncicb.nci.nih.gov/xml/owl/EVS/Thesaurus.owl#C3774	http://purl.obolibrary.org/obo/DOID_3493	0.96510494
http://ncicb.nci.nih.gov/xml/owl/EVS/Thesaurus.owl#C3776	http://purl.obolibrary.org/obo/DOID_3603	1.0
http://ncicb.nci.nih.gov/xml/owl/EVS/Thesaurus.owl#C3777	http://purl.obolibrary.org/obo/DOID_3110	1.0
http://ncicb.nci.nih.gov/xml/owl/EVS/Thesaurus.owl#C3778	http://purl.obolibrary.org/obo/DOID_3114	1.0
http://ncicb.nci.nih.gov/xml/owl/EVS/Thesaurus.owl#C3780	http://purl.obolibrary.org/obo/DOID_4552	1.0
http://ncicb.nci.nih.gov/xml/owl/EVS/Thesaurus.owl#C3781	http://purl.obolibrary.org/obo/DOID_3737	1.0
http://ncicb.nci.nih.gov/xml/owl/EVS/Thesaurus.owl#C3783	http://purl.obolibrary.org/obo/DOID_5746	1.0
http://ncicb.nci.nih.gov/xml/owl/EVS/Thesaurus.owl#C3785	http://purl.obolibrary.org/obo/DOID_1627	1.0
http://ncicb.nci.nih.gov/xml/owl/EVS/Thesaurus.owl#C37864	http://purl.obolibrary.org/obo/DOID_6688	1.0
http://ncicb.nci.nih.gov/xml/owl/EVS/Thesaurus.owl#C3788	http://purl.obolibrary.org/obo/DOID_5078	1.0
http://ncicb.nci.nih.gov/xml/owl/EVS/Thesaurus.owl#C3789	http://purl.obolibrary.org/obo/DOID_369	1.0
http://ncicb.nci.nih.gov/xml/owl/EVS/Thesaurus.owl#C3790	http://purl.obolibrary.org/obo/DOID_4163	1.0
http://ncicb.nci.nih.gov/xml/owl/EVS/Thesaurus.owl#C3791	http://purl.obolibrary.org/obo/DOID_14174	1.0
http://ncicb.nci.nih.gov/xml/owl/EVS/Thesaurus.owl#C37913	http://purl.obolibrary.org/obo/DOID_12156	1.0
http://ncicb.nci.nih.gov/xml/owl/EVS/Thesaurus.owl#C3792	http://purl.obolibrary.org/obo/DOID_3168	1.0
http://ncicb.nci.nih.gov/xml/owl/EVS/Thesaurus.owl#C3793	http://purl.obolibrary.org/obo/DOID_3179	1.0
http://ncicb.nci.nih.gov/xml/owl/EVS/Thesaurus.owl#C37930	http://purl.obolibrary.org/obo/DOID_2089	1.0
http://ncicb.nci.nih.gov/xml/owl/EVS/Thesaurus.owl#C3794	http://purl.obolibrary.org/obo/DOID_4757	0.98549455
http://ncicb.nci.nih.gov/xml/owl/EVS/Thesaurus.owl#C3795	http://purl.obolibrary.org/obo/DOID_4843	0.92006099
http://ncicb.nci.nih.gov/xml/owl/EVS/Thesaurus.owl#C3796	http://purl.obolibrary.org/obo/DOID_3071	1.0
http://ncicb.nci.nih.gov/xml/owl/EVS/Thesaurus.owl#C3797	http://purl.obolibrary.org/obo/DOID_5151	1.0
http://ncicb.nci.nih.gov/xml/owl/EVS/Thesaurus.owl#C37977	http://purl.obolibrary.org/obo/DOID_0050336	1.0
http://ncicb.nci.nih.gov/xml/owl/EVS/Thesaurus.owl#C37979	http://purl.obolibrary.org/obo/DOID_8440	1.0
http://ncicb.nci.nih.gov/xml/owl/EVS/Thesaurus.owl#C3798	http://purl.obolibrary.org/obo/DOID_5940	1.0
http://ncicb.nci.nih.gov/xml/owl/EVS/Thesaurus.owl#C3800	http://purl.obolibrary.org/obo/DOID_0080190	0.90436351
http://ncicb.nci.nih.gov/xml/owl/EVS/Thesaurus.owl#C38003	http://purl.obolibrary.org/obo/DOID_864	1.0
http://ncicb.nci.nih.gov/xml/owl/EVS/Thesaurus.owl#C38006	http://purl.obolibrary.org/obo/DOID_1673	1.0
http://ncicb.nci.nih.gov/xml/owl/EVS/Thesaurus.owl#C3801	http://purl.obolibrary.org/obo/DOID_5241	1.0
http://ncicb.nci.nih.gov/xml/owl/EVS/Thesaurus.owl#C38011	http://purl.obolibrary.org/obo/DOID_3127	1.0
http://ncicb.nci.nih.gov/xml/owl/EVS/Thesaurus.owl#C3802	http://purl.obolibrary.org/obo/DOID_4359	1.0
http://ncicb.nci.nih.gov/xml/owl/EVS/Thesaurus.owl#C3808	http://purl.obolibrary.org/obo/DOID_3672	1.0
http://ncicb.nci.nih.gov/xml/owl/EVS/Thesaurus.owl#C3809	http://purl.obolibrary.org/obo/DOID_169	0.98176521
http://ncicb.nci.nih.gov/xml/owl/EVS/Thesaurus.owl#C3810	http://purl.obolibrary.org/obo/DOID_1115	1.0
http://ncicb.nci.nih.gov/xml/owl/EVS/Thesaurus.owl#C3811	http://purl.obolibrary.org/obo/DOID_8850	0.91643286
http://ncicb.nci.nih.gov/xml/owl/EVS/Thesaurus.owl#C38110	http://purl.obolibrary.org/obo/DOID_4304	1.0
http://ncicb.nci.nih.gov/xml/owl/EVS/Thesaurus.owl#C38111	http://purl.obolibrary.org/obo/DOID_4303	1.0
http://ncicb.nci.nih.gov/xml/owl/EVS/Thesaurus.owl#C38150	http://purl.obolibrary.org/obo/DOID_2643	1.0
http://ncicb.nci.nih.gov/xml/owl/EVS/Thesaurus.owl#C38151	http://purl.obolibrary.org/obo/DOID_3318	1.0
http://ncicb.nci.nih.gov/xml/owl/EVS/Thesaurus.owl#C38152	http://purl.obolibrary.org/obo/DOID_7267	0.90246975
http://ncicb.nci.nih.gov/xml/owl/EVS/Thesaurus.owl#C38153	http://purl.obolibrary.org/obo/DOID_3319	1.0
http://ncicb.nci.nih.gov/xml/owl/EVS/Thesaurus.owl#C38157	http://purl.obolibrary.org/obo/DOID_3379	0.97671479
http://ncicb.nci.nih.gov/xml/owl/EVS/Thesaurus.owl#C38158	http://purl.obolibrary.org/obo/DOID_5178	0.93884015
http://ncicb.nci.nih.gov/xml/owl/EVS/Thesaurus.owl#C3816	http://purl.obolibrary.org/obo/DOID_0080056	1.0
http://ncicb.nci.nih.gov/xml/owl/EVS/Thesaurus.owl#C38162	http://purl.obolibrary.org/obo/DOID_903	0.92934197
http://ncicb.nci.nih.gov/xml/owl/EVS/Thesaurus.owl#C3818	http://purl.obolibrary.org/obo/DOID_9120	0.96496165
http://ncicb.nci.nih.gov/xml/owl/EVS/Thesaurus.owl#C38342	http://purl.obolibrary.org/obo/DOID_7575	1.0
http://ncicb.nci.nih.gov/xml/owl/EVS/Thesaurus.owl#C3836	http://purl.obolibrary.org/obo/DOID_5223	1.0
http://ncicb.nci.nih.gov/xml/owl/EVS/Thesaurus.owl#C3841	http://purl.obolibrary.org/obo/DOID_255	0.912552
http://ncicb.nci.nih.gov/xml/owl/EVS/Thesaurus.owl#C3842	http://purl.obolibrary.org/obo/DOID_2140	0.93511689
http://ncicb.nci.nih.gov/xml/owl/EVS/Thesaurus.owl#C3843	http://purl.obolibrary.org/obo/DOID_2145	1.0
http://ncicb.nci.nih.gov/xml/owl/EVS/Thesaurus.owl#C3844	http://purl.obolibrary.org/obo/DOID_4948	1.0
http://ncicb.nci.nih.gov/xml/owl/EVS/Thesaurus.owl#C3845	http://purl.obolibrary.org/obo/DOID_7756	1.0
http://ncicb.nci.nih.gov/xml/owl/EVS/Thesaurus.owl#C3850	http://purl.obolibrary.org/obo/DOID_4905	1.0
http://ncicb.nci.nih.gov/xml/owl/EVS/Thesaurus.owl#C38504	http://purl.obolibrary.org/obo/DOID_0060182	1.0
http://ncicb.nci.nih.gov/xml/owl/EVS/Thesaurus.owl#C3853	http://purl.obolibrary.org/obo/DOID_0080178	0.95777345
http://ncicb.nci.nih.gov/xml/owl/EVS/Thesaurus.owl#C3856	http://purl.obolibrary.org/obo/DOID_5117	0.97793615
http://ncicb.nci.nih.gov/xml/owl/EVS/Thesaurus.owl#C3860	http://purl.obolibrary.org/obo/DOID_4682	1.0
http://ncicb.nci.nih.gov/xml/owl/EVS/Thesaurus.owl#C3861	http://purl.obolibrary.org/obo/DOID_7497	0.94715166
http://ncicb.nci.nih.gov/xml/owl/EVS/Thesaurus.owl#C3862	http://purl.obolibrary.org/obo/DOID_1614	0.9212361
http://ncicb.nci.nih.gov/xml/owl/EVS/Thesaurus.owl#C3863	http://purl.obolibrary.org/obo/DOID_1627	0.96126711
http://ncicb.nci.nih.gov/xml/owl/EVS/Thesaurus.owl#C3864	http://purl.obolibrary.org/obo/DOID_0050912	1.0
http://ncicb.nci.nih.gov/xml/owl/EVS/Thesaurus.owl#C3866	http://purl.obolibrary.org/obo/DOID_960	0.97673666
http://ncicb.nci.nih.gov/xml/owl/EVS/Thesaurus.owl#C38661	http://purl.obolibrary.org/obo/DOID_5820	1.0
http://ncicb.nci.nih.gov/xml/owl/EVS/Thesaurus.owl#C3867	http://purl.obolibrary.org/obo/DOID_1963	1.0
http://ncicb.nci.nih.gov/xml/owl/EVS/Thesaurus.owl#C3868	http://purl.obolibrary.org/obo/DOID_9253	1.0
http://ncicb.nci.nih.gov/xml/owl/EVS/Thesaurus.owl#C3869	http://purl.obolibrary.org/obo/DOID_271	0.98911458
http://ncicb.nci.nih.gov/xml/owl/EVS/Thesaurus.owl#C3872	http://purl.obolibrary.org/obo/DOID_2636	1.0
http://ncicb.nci.nih.gov/xml/owl/EVS/Thesaurus.owl#C3873	http://purl.obolibrary.org/obo/DOID_2156	1.0
http://ncicb.nci.nih.gov/xml/owl/EVS/Thesaurus.owl#C3874	http://purl.obolibrary.org/obo/DOID_4073	1.0
http://ncicb.nci.nih.gov/xml/owl/EVS/Thesaurus.owl#C3875	http://purl.obolibrary.org/obo/DOID_5503	1.0
http://ncicb.nci.nih.gov/xml/owl/EVS/Thesaurus.owl#C3876	http://purl.obolibrary.org/obo/DOID_10087	1.0
http://ncicb.nci.nih.gov/xml/owl/EVS/Thesaurus.owl#C38760	http://purl.obolibrary.org/obo/DOID_3038	1.0
http://ncicb.nci.nih.gov/xml/owl/EVS/Thesaurus.owl#C38762	http://purl.obolibrary.org/obo/DOID_4687	0.9843837
http://ncicb.nci.nih.gov/xml/owl/EVS/Thesaurus.owl#C3879	http://purl.obolibrary.org/obo/DOID_3973	0.99168128
http://ncicb.nci.nih.gov/xml/owl/EVS/Thesaurus.owl#C3881	http://purl.obolibrary.org/obo/DOID_9655	0.90668887
http://ncicb.nci.nih.gov/xml/owl/EVS/Thesaurus.owl#C3888	http://purl.obolibrary.org/obo/DOID_8411	1.0
http://ncicb.nci.nih.gov/xml/owl/EVS/Thesaurus.owl#C3889	http://purl.obolibrary.org/obo/DOID_1003	1.0
http://ncicb.nci.nih.gov/xml/owl/EVS/Thesaurus.owl#C3891	http://purl.obolibrary.org/obo/DOID_13399	1.0
http://ncicb.nci.nih.gov/xml/owl/EVS/Thesaurus.owl#C3892	http://purl.obolibrary.org/obo/DOID_0060128	0.95360076
http://ncicb.nci.nih.gov/xml/owl/EVS/Thesaurus.owl#C3894	http://purl.obolibrary.org/obo/DOID_9974	1.0
http://ncicb.nci.nih.gov/xml/owl/EVS/Thesaurus.owl#C3902	http://purl.obolibrary.org/obo/DOID_6951	0.90888786
http://ncicb.nci.nih.gov/xml/owl/EVS/Thesaurus.owl#C3903	http://purl.obolibrary.org/obo/DOID_5076	1.0
http://ncicb.nci.nih.gov/xml/owl/EVS/Thesaurus.owl#C3904	http://purl.obolibrary.org/obo/DOID_7826	0.93029183
http://ncicb.nci.nih.gov/xml/owl/EVS/Thesaurus.owl#C3908	http://purl.obolibrary.org/obo/DOID_4932	1.0
http://ncicb.nci.nih.gov/xml/owl/EVS/Thesaurus.owl#C3915	http://purl.obolibrary.org/obo/DOID_0050685	1.0
http://ncicb.nci.nih.gov/xml/owl/EVS/Thesaurus.owl#C3916	http://purl.obolibrary.org/obo/DOID_7608	0.95648903
http://ncicb.nci.nih.gov/xml/owl/EVS/Thesaurus.owl#C3917	http://purl.obolibrary.org/obo/DOID_0050918	1.0
http://ncicb.nci.nih.gov/xml/owl/EVS/Thesaurus.owl#C3918	http://purl.obolibrary.org/obo/DOID_5677	0.96510434
http://ncicb.nci.nih.gov/xml/owl/EVS/Thesaurus.owl#C3926	http://purl.obolibrary.org/obo/DOID_4028	1.0
http://ncicb.nci.nih.gov/xml/owl/EVS/Thesaurus.owl#C3927	http://purl.obolibrary.org/obo/DOID_5948	1.0
http://ncicb.nci.nih.gov/xml/owl/EVS/Thesaurus.owl#C39294	http://purl.obolibrary.org/obo/DOID_1394	0.92472458
http://ncicb.nci.nih.gov/xml/owl/EVS/Thesaurus.owl#C3945	http://purl.obolibrary.org/obo/DOID_4702	1.0
http://ncicb.nci.nih.gov/xml/owl/EVS/Thesaurus.owl#C3949	http://purl.obolibrary.org/obo/DOID_12899	0.99703646
http://ncicb.nci.nih.gov/xml/owl/EVS/Thesaurus.owl#C3953	http://purl.obolibrary.org/obo/DOID_9021	1.0
http://ncicb.nci.nih.gov/xml/owl/EVS/Thesaurus.owl#C39577	http://purl.obolibrary.org/obo/DOID_0110119	1.0
http://ncicb.nci.nih.gov/xml/owl/EVS/Thesaurus.owl#C3958	http://purl.obolibrary.org/obo/DOID_5728	0.95337987
http://ncicb.nci.nih.gov/xml/owl/EVS/Thesaurus.owl#C3959	http://purl.obolibrary.org/obo/DOID_3118	0.9208827
http://ncicb.nci.nih.gov/xml/owl/EVS/Thesaurus.owl#C39591	http://purl.obolibrary.org/obo/DOID_7465	0.9250657
http://ncicb.nci.nih.gov/xml/owl/EVS/Thesaurus.owl#C39611	http://purl.obolibrary.org/obo/DOID_2074	1.0
http://ncicb.nci.nih.gov/xml/owl/EVS/Thesaurus.owl#C3962	http://purl.obolibrary.org/obo/DOID_5810	1.0
http://ncicb.nci.nih.gov/xml/owl/EVS/Thesaurus.owl#C3963	http://purl.obolibrary.org/obo/DOID_5813	1.0
http://ncicb.nci.nih.gov/xml/owl/EVS/Thesaurus.owl#C39644	http://purl.obolibrary.org/obo/DOID_8691	0.92055082
http://ncicb.nci.nih.gov/xml/owl/EVS/Thesaurus.owl#C3965	http://purl.obolibrary.org/obo/DOID_0110843	1.0
http://ncicb.nci.nih.gov/xml/owl/EVS/Thesaurus.owl#C39658	http://purl.obolibrary.org/obo/DOID_2942	1.0
http://ncicb.nci.nih.gov/xml/owl/EVS/Thesaurus.owl#C39659	http://purl.obolibrary.org/obo/DOID_2942	0.91547042
http://ncicb.nci.nih.gov/xml/owl/EVS/Thesaurus.owl#C3966	http://purl.obolibrary.org/obo/DOID_0050427	0.90713888
http://ncicb.nci.nih.gov/xml/owl/EVS/Thesaurus.owl#C3967	http://purl.obolibrary.org/obo/DOID_0050427	0.90670359
http://ncicb.nci.nih.gov/xml/owl/EVS/Thesaurus.owl#C3968	http://purl.obolibrary.org/obo/DOID_0050427	0.90509838
http://ncicb.nci.nih.gov/xml/owl/EVS/Thesaurus.owl#C3976	http://purl.obolibrary.org/obo/DOID_9043	0.92239535
http://ncicb.nci.nih.gov/xml/owl/EVS/Thesaurus.owl#C3978	http://purl.obolibrary.org/obo/DOID_8255	0.92949194
http://ncicb.nci.nih.gov/xml/owl/EVS/Thesaurus.owl#C39783	http://purl.obolibrary.org/obo/DOID_5240	1.0
http://ncicb.nci.nih.gov/xml/owl/EVS/Thesaurus.owl#C39784	http://purl.obolibrary.org/obo/DOID_5102	0.90440536
http://ncicb.nci.nih.gov/xml/owl/EVS/Thesaurus.owl#C39789	http://purl.obolibrary.org/obo/DOID_4455	1.0
http://ncicb.nci.nih.gov/xml/owl/EVS/Thesaurus.owl#C3980	http://purl.obolibrary.org/obo/DOID_11832	1.0
http://ncicb.nci.nih.gov/xml/owl/EVS/Thesaurus.owl#C39807	http://purl.obolibrary.org/obo/DOID_4472	0.96045703
http://ncicb.nci.nih.gov/xml/owl/EVS/Thesaurus.owl#C39809	http://purl.obolibrary.org/obo/DOID_6258	0.9868896
http://ncicb.nci.nih.gov/xml/owl/EVS/Thesaurus.owl#C3981	http://purl.obolibrary.org/obo/DOID_8681	1.0
http://ncicb.nci.nih.gov/xml/owl/EVS/Thesaurus.owl#C39810	http://purl.obolibrary.org/obo/DOID_6259	0.98693365
http://ncicb.nci.nih.gov/xml/owl/EVS/Thesaurus.owl#C39812	http://purl.obolibrary.org/obo/DOID_2698	0.90611386
http://ncicb.nci.nih.gov/xml/owl/EVS/Thesaurus.owl#C39814	http://purl.obolibrary.org/obo/DOID_8083	1.0
http://ncicb.nci.nih.gov/xml/owl/EVS/Thesaurus.owl#C39815	http://purl.obolibrary.org/obo/DOID_8082	1.0
http://ncicb.nci.nih.gov/xml/owl/EVS/Thesaurus.owl#C39819	http://purl.obolibrary.org/obo/DOID_7969	1.0
http://ncicb.nci.nih.gov/xml/owl/EVS/Thesaurus.owl#C39820	http://purl.obolibrary.org/obo/DOID_7971	1.0
http://ncicb.nci.nih.gov/xml/owl/EVS/Thesaurus.owl#C39821	http://purl.obolibrary.org/obo/DOID_7600	1.0
http://ncicb.nci.nih.gov/xml/owl/EVS/Thesaurus.owl#C39822	http://purl.obolibrary.org/obo/DOID_7972	1.0
http://ncicb.nci.nih.gov/xml/owl/EVS/Thesaurus.owl#C39823	http://purl.obolibrary.org/obo/DOID_7968	1.0
http://ncicb.nci.nih.gov/xml/owl/EVS/Thesaurus.owl#C39824	http://purl.obolibrary.org/obo/DOID_7553	1.0
http://ncicb.nci.nih.gov/xml/owl/EVS/Thesaurus.owl#C39827	http://purl.obolibrary.org/obo/DOID_6476	1.0
http://ncicb.nci.nih.gov/xml/owl/EVS/Thesaurus.owl#C39828	http://purl.obolibrary.org/obo/DOID_7967	1.0
http://ncicb.nci.nih.gov/xml/owl/EVS/Thesaurus.owl#C39831	http://purl.obolibrary.org/obo/DOID_6239	1.0
http://ncicb.nci.nih.gov/xml/owl/EVS/Thesaurus.owl#C39832	http://purl.obolibrary.org/obo/DOID_3741	0.96184498
http://ncicb.nci.nih.gov/xml/owl/EVS/Thesaurus.owl#C39834	http://purl.obolibrary.org/obo/DOID_13110	1.0
http://ncicb.nci.nih.gov/xml/owl/EVS/Thesaurus.owl#C39838	http://purl.obolibrary.org/obo/DOID_8097	1.0
http://ncicb.nci.nih.gov/xml/owl/EVS/Thesaurus.owl#C39839	http://purl.obolibrary.org/obo/DOID_8096	1.0
http://ncicb.nci.nih.gov/xml/owl/EVS/Thesaurus.owl#C39842	http://purl.obolibrary.org/obo/DOID_5958	1.0
http://ncicb.nci.nih.gov/xml/owl/EVS/Thesaurus.owl#C39843	http://purl.obolibrary.org/obo/DOID_7694	1.0
http://ncicb.nci.nih.gov/xml/owl/EVS/Thesaurus.owl#C39844	http://purl.obolibrary.org/obo/DOID_7244	1.0
http://ncicb.nci.nih.gov/xml/owl/EVS/Thesaurus.owl#C39845	http://purl.obolibrary.org/obo/DOID_5957	1.0
http://ncicb.nci.nih.gov/xml/owl/EVS/Thesaurus.owl#C39847	http://purl.obolibrary.org/obo/DOID_8050	1.0
http://ncicb.nci.nih.gov/xml/owl/EVS/Thesaurus.owl#C39848	http://purl.obolibrary.org/obo/DOID_8051	1.0
http://ncicb.nci.nih.gov/xml/owl/EVS/Thesaurus.owl#C39849	http://purl.obolibrary.org/obo/DOID_6210	1.0
http://ncicb.nci.nih.gov/xml/owl/EVS/Thesaurus.owl#C39851	http://purl.obolibrary.org/obo/DOID_4006	1.0
http://ncicb.nci.nih.gov/xml/owl/EVS/Thesaurus.owl#C39853	http://purl.obolibrary.org/obo/DOID_6845	0.90067089
http://ncicb.nci.nih.gov/xml/owl/EVS/Thesaurus.owl#C39854	http://purl.obolibrary.org/obo/DOID_6065	0.93047601
http://ncicb.nci.nih.gov/xml/owl/EVS/Thesaurus.owl#C39857	http://purl.obolibrary.org/obo/DOID_5432	0.96094888
http://ncicb.nci.nih.gov/xml/owl/EVS/Thesaurus.owl#C39858	http://purl.obolibrary.org/obo/DOID_6933	0.95293117
http://ncicb.nci.nih.gov/xml/owl/EVS/Thesaurus.owl#C39859	http://purl.obolibrary.org/obo/DOID_6932	0.98594838
http://ncicb.nci.nih.gov/xml/owl/EVS/Thesaurus.owl#C39860	http://purl.obolibrary.org/obo/DOID_2392	1.0
http://ncicb.nci.nih.gov/xml/owl/EVS/Thesaurus.owl#C39864	http://purl.obolibrary.org/obo/DOID_7632	0.97014308
http://ncicb.nci.nih.gov/xml/owl/EVS/Thesaurus.owl#C39865	http://purl.obolibrary.org/obo/DOID_6721	0.96113449
http://ncicb.nci.nih.gov/xml/owl/EVS/Thesaurus.owl#C39866	http://purl.obolibrary.org/obo/DOID_738	0.95594704
http://ncicb.nci.nih.gov/xml/owl/EVS/Thesaurus.owl#C39867	http://purl.obolibrary.org/obo/DOID_736	0.96279311
http://ncicb.nci.nih.gov/xml/owl/EVS/Thesaurus.owl#C39868	http://purl.obolibrary.org/obo/DOID_8223	0.96506107
http://ncicb.nci.nih.gov/xml/owl/EVS/Thesaurus.owl#C39869	http://purl.obolibrary.org/obo/DOID_8259	0.969414
http://ncicb.nci.nih.gov/xml/owl/EVS/Thesaurus.owl#C39870	http://purl.obolibrary.org/obo/DOID_6167	0.95877111
http://ncicb.nci.nih.gov/xml/owl/EVS/Thesaurus.owl#C39872	http://purl.obolibrary.org/obo/DOID_5643	1.0
http://ncicb.nci.nih.gov/xml/owl/EVS/Thesaurus.owl#C39874	http://purl.obolibrary.org/obo/DOID_3749	1.0
http://ncicb.nci.nih.gov/xml/owl/EVS/Thesaurus.owl#C39885	http://purl.obolibrary.org/obo/DOID_7246	1.0
http://ncicb.nci.nih.gov/xml/owl/EVS/Thesaurus.owl#C39900	http://purl.obolibrary.org/obo/DOID_6166	1.0
http://ncicb.nci.nih.gov/xml/owl/EVS/Thesaurus.owl#C39906	http://purl.obolibrary.org/obo/DOID_14545	1.0
http://ncicb.nci.nih.gov/xml/owl/EVS/Thesaurus.owl#C39907	http://purl.obolibrary.org/obo/DOID_5724	1.0
http://ncicb.nci.nih.gov/xml/owl/EVS/Thesaurus.owl#C39908	http://purl.obolibrary.org/obo/DOID_3855	0.98190045
http://ncicb.nci.nih.gov/xml/owl/EVS/Thesaurus.owl#C39911	http://purl.obolibrary.org/obo/DOID_3579	1.0
http://ncicb.nci.nih.gov/xml/owl/EVS/Thesaurus.owl#C39915	http://purl.obolibrary.org/obo/DOID_4087	1.0
http://ncicb.nci.nih.gov/xml/owl/EVS/Thesaurus.owl#C39921	http://purl.obolibrary.org/obo/DOID_7891	1.0
http://ncicb.nci.nih.gov/xml/owl/EVS/Thesaurus.owl#C39923	http://purl.obolibrary.org/obo/DOID_7097	0.9418996
http://ncicb.nci.nih.gov/xml/owl/EVS/Thesaurus.owl#C39924	http://purl.obolibrary.org/obo/DOID_7097	1.0
http://ncicb.nci.nih.gov/xml/owl/EVS/Thesaurus.owl#C39925	http://purl.obolibrary.org/obo/DOID_7360	1.0
http://ncicb.nci.nih.gov/xml/owl/EVS/Thesaurus.owl#C39926	http://purl.obolibrary.org/obo/DOID_7930	1.0
http://ncicb.nci.nih.gov/xml/owl/EVS/Thesaurus.owl#C39927	http://purl.obolibrary.org/obo/DOID_7302	1.0
http://ncicb.nci.nih.gov/xml/owl/EVS/Thesaurus.owl#C39928	http://purl.obolibrary.org/obo/DOID_8193	1.0
http://ncicb.nci.nih.gov/xml/owl/EVS/Thesaurus.owl#C39929	http://purl.obolibrary.org/obo/DOID_8081	1.0
http://ncicb.nci.nih.gov/xml/owl/EVS/Thesaurus.owl#C39930	http://purl.obolibrary.org/obo/DOID_7435	1.0
http://ncicb.nci.nih.gov/xml/owl/EVS/Thesaurus.owl#C39931	http://purl.obolibrary.org/obo/DOID_8195	1.0
http://ncicb.nci.nih.gov/xml/owl/EVS/Thesaurus.owl#C39932	http://purl.obolibrary.org/obo/DOID_8362	1.0
http://ncicb.nci.nih.gov/xml/owl/EVS/Thesaurus.owl#C39934	http://purl.obolibrary.org/obo/DOID_4084	1.0
http://ncicb.nci.nih.gov/xml/owl/EVS/Thesaurus.owl#C39935	http://purl.obolibrary.org/obo/DOID_6693	1.0
http://ncicb.nci.nih.gov/xml/owl/EVS/Thesaurus.owl#C39942	http://purl.obolibrary.org/obo/DOID_4756	0.92411858
http://ncicb.nci.nih.gov/xml/owl/EVS/Thesaurus.owl#C39946	http://purl.obolibrary.org/obo/DOID_8394	1.0
http://ncicb.nci.nih.gov/xml/owl/EVS/Thesaurus.owl#C39947	http://purl.obolibrary.org/obo/DOID_6032	1.0
http://ncicb.nci.nih.gov/xml/owl/EVS/Thesaurus.owl#C39951	http://purl.obolibrary.org/obo/DOID_7675	1.0
http://ncicb.nci.nih.gov/xml/owl/EVS/Thesaurus.owl#C39952	http://purl.obolibrary.org/obo/DOID_7676	1.0
http://ncicb.nci.nih.gov/xml/owl/EVS/Thesaurus.owl#C39953	http://purl.obolibrary.org/obo/DOID_4739	1.0
http://ncicb.nci.nih.gov/xml/owl/EVS/Thesaurus.owl#C39955	http://purl.obolibrary.org/obo/DOID_5639	1.0
http://ncicb.nci.nih.gov/xml/owl/EVS/Thesaurus.owl#C39956	http://purl.obolibrary.org/obo/DOID_6483	1.0
http://ncicb.nci.nih.gov/xml/owl/EVS/Thesaurus.owl#C39958	http://purl.obolibrary.org/obo/DOID_512	1.0
http://ncicb.nci.nih.gov/xml/owl/EVS/Thesaurus.owl#C39959	http://purl.obolibrary.org/obo/DOID_8009	0.98123091
http://ncicb.nci.nih.gov/xml/owl/EVS/Thesaurus.owl#C3996	http://purl.obolibrary.org/obo/DOID_7442	0.96500552
http://ncicb.nci.nih.gov/xml/owl/EVS/Thesaurus.owl#C39961	http://purl.obolibrary.org/obo/DOID_7047	0.94172394
http://ncicb.nci.nih.gov/xml/owl/EVS/Thesaurus.owl#C39966	http://purl.obolibrary.org/obo/DOID_3577	0.90780377
http://ncicb.nci.nih.gov/xml/owl/EVS/Thesaurus.owl#C3997	http://purl.obolibrary.org/obo/DOID_3869	1.0
http://ncicb.nci.nih.gov/xml/owl/EVS/Thesaurus.owl#C39976	http://purl.obolibrary.org/obo/DOID_3577	1.0
http://ncicb.nci.nih.gov/xml/owl/EVS/Thesaurus.owl#C39985	http://purl.obolibrary.org/obo/DOID_3578	1.0
http://ncicb.nci.nih.gov/xml/owl/EVS/Thesaurus.owl#C39986	http://purl.obolibrary.org/obo/DOID_5351	1.0
http://ncicb.nci.nih.gov/xml/owl/EVS/Thesaurus.owl#C39987	http://purl.obolibrary.org/obo/DOID_6514	1.0
http://ncicb.nci.nih.gov/xml/owl/EVS/Thesaurus.owl#C39988	http://purl.obolibrary.org/obo/DOID_6511	1.0
http://ncicb.nci.nih.gov/xml/owl/EVS/Thesaurus.owl#C39989	http://purl.obolibrary.org/obo/DOID_6512	1.0
http://ncicb.nci.nih.gov/xml/owl/EVS/Thesaurus.owl#C39990	http://purl.obolibrary.org/obo/DOID_6774	0.975196
http://ncicb.nci.nih.gov/xml/owl/EVS/Thesaurus.owl#C39991	http://purl.obolibrary.org/obo/DOID_7665	1.0
http://ncicb.nci.nih.gov/xml/owl/EVS/Thesaurus.owl#C39992	http://purl.obolibrary.org/obo/DOID_6232	1.0
http://ncicb.nci.nih.gov/xml/owl/EVS/Thesaurus.owl#C39996	http://purl.obolibrary.org/obo/DOID_6314	1.0
http://ncicb.nci.nih.gov/xml/owl/EVS/Thesaurus.owl#C4001	http://purl.obolibrary.org/obo/DOID_6263	1.0
http://ncicb.nci.nih.gov/xml/owl/EVS/Thesaurus.owl#C40012	http://purl.obolibrary.org/obo/DOID_5209	1.0
http://ncicb.nci.nih.gov/xml/owl/EVS/Thesaurus.owl#C40016	http://purl.obolibrary.org/obo/DOID_4895	1.0
http://ncicb.nci.nih.gov/xml/owl/EVS/Thesaurus.owl#C40017	http://purl.obolibrary.org/obo/DOID_4894	1.0
http://ncicb.nci.nih.gov/xml/owl/EVS/Thesaurus.owl#C40018	http://purl.obolibrary.org/obo/DOID_6837	1.0
http://ncicb.nci.nih.gov/xml/owl/EVS/Thesaurus.owl#C40019	http://purl.obolibrary.org/obo/DOID_5725	1.0
http://ncicb.nci.nih.gov/xml/owl/EVS/Thesaurus.owl#C4002	http://purl.obolibrary.org/obo/DOID_3720	0.90473264
http://ncicb.nci.nih.gov/xml/owl/EVS/Thesaurus.owl#C40020	http://purl.obolibrary.org/obo/DOID_6838	1.0
http://ncicb.nci.nih.gov/xml/owl/EVS/Thesaurus.owl#C40021	http://purl.obolibrary.org/obo/DOID_2150	1.0
http://ncicb.nci.nih.gov/xml/owl/EVS/Thesaurus.owl#C40022	http://purl.obolibrary.org/obo/DOID_1791	1.0
http://ncicb.nci.nih.gov/xml/owl/EVS/Thesaurus.owl#C40023	http://purl.obolibrary.org/obo/DOID_4901	1.0
http://ncicb.nci.nih.gov/xml/owl/EVS/Thesaurus.owl#C40025	http://purl.obolibrary.org/obo/DOID_5744	1.0
http://ncicb.nci.nih.gov/xml/owl/EVS/Thesaurus.owl#C40031	http://purl.obolibrary.org/obo/DOID_5474	1.0
http://ncicb.nci.nih.gov/xml/owl/EVS/Thesaurus.owl#C40032	http://purl.obolibrary.org/obo/DOID_7320	1.0
http://ncicb.nci.nih.gov/xml/owl/EVS/Thesaurus.owl#C40033	http://purl.obolibrary.org/obo/DOID_6067	0.92924863
http://ncicb.nci.nih.gov/xml/owl/EVS/Thesaurus.owl#C40034	http://purl.obolibrary.org/obo/DOID_6278	1.0
http://ncicb.nci.nih.gov/xml/owl/EVS/Thesaurus.owl#C40039	http://purl.obolibrary.org/obo/DOID_3267	0.91476148
http://ncicb.nci.nih.gov/xml/owl/EVS/Thesaurus.owl#C4004	http://purl.obolibrary.org/obo/DOID_3717	1.0
http://ncicb.nci.nih.gov/xml/owl/EVS/Thesaurus.owl#C40040	http://purl.obolibrary.org/obo/DOID_6469	1.0
http://ncicb.nci.nih.gov/xml/owl/EVS/Thesaurus.owl#C40041	http://purl.obolibrary.org/obo/DOID_7013	1.0
http://ncicb.nci.nih.gov/xml/owl/EVS/Thesaurus.owl#C40051	http://purl.obolibrary.org/obo/DOID_6212	1.0
http://ncicb.nci.nih.gov/xml/owl/EVS/Thesaurus.owl#C40060	http://purl.obolibrary.org/obo/DOID_7411	0.90390182
http://ncicb.nci.nih.gov/xml/owl/EVS/Thesaurus.owl#C4007	http://purl.obolibrary.org/obo/DOID_13996	0.98421735
http://ncicb.nci.nih.gov/xml/owl/EVS/Thesaurus.owl#C40075	http://purl.obolibrary.org/obo/DOID_7191	1.0
http://ncicb.nci.nih.gov/xml/owl/EVS/Thesaurus.owl#C40077	http://purl.obolibrary.org/obo/DOID_0050934	0.90803808
http://ncicb.nci.nih.gov/xml/owl/EVS/Thesaurus.owl#C40078	http://purl.obolibrary.org/obo/DOID_5304	1.0
http://ncicb.nci.nih.gov/xml/owl/EVS/Thesaurus.owl#C40079	http://purl.obolibrary.org/obo/DOID_6554	1.0
http://ncicb.nci.nih.gov/xml/owl/EVS/Thesaurus.owl#C40085	http://purl.obolibrary.org/obo/DOID_5897	1.0
http://ncicb.nci.nih.gov/xml/owl/EVS/Thesaurus.owl#C40086	http://purl.obolibrary.org/obo/DOID_5896	1.0
http://ncicb.nci.nih.gov/xml/owl/EVS/Thesaurus.owl#C40092	http://purl.obolibrary.org/obo/DOID_5532	0.98628831
http://ncicb.nci.nih.gov/xml/owl/EVS/Thesaurus.owl#C40093	http://purl.obolibrary.org/obo/DOID_5531	1.0
http://ncicb.nci.nih.gov/xml/owl/EVS/Thesaurus.owl#C40099	http://purl.obolibrary.org/obo/DOID_5598	1.0
http://ncicb.nci.nih.gov/xml/owl/EVS/Thesaurus.owl#C40101	http://purl.obolibrary.org/obo/DOID_5752	0.92720354
http://ncicb.nci.nih.gov/xml/owl/EVS/Thesaurus.owl#C40103	http://purl.obolibrary.org/obo/DOID_3704	1.0
http://ncicb.nci.nih.gov/xml/owl/EVS/Thesaurus.owl#C40104	http://purl.obolibrary.org/obo/DOID_4008	1.0
http://ncicb.nci.nih.gov/xml/owl/EVS/Thesaurus.owl#C40109	http://purl.obolibrary.org/obo/DOID_3705	0.99032253
http://ncicb.nci.nih.gov/xml/owl/EVS/Thesaurus.owl#C4011	http://purl.obolibrary.org/obo/DOID_3864	1.0
http://ncicb.nci.nih.gov/xml/owl/EVS/Thesaurus.owl#C40111	http://purl.obolibrary.org/obo/DOID_5831	0.90742844
http://ncicb.nci.nih.gov/xml/owl/EVS/Thesaurus.owl#C40114	http://purl.obolibrary.org/obo/DOID_8211	0.91495848
http://ncicb.nci.nih.gov/xml/owl/EVS/Thesaurus.owl#C40118	http://purl.obolibrary.org/obo/DOID_5731	1.0
http://ncicb.nci.nih.gov/xml/owl/EVS/Thesaurus.owl#C40119	http://purl.obolibrary.org/obo/DOID_5730	1.0
http://ncicb.nci.nih.gov/xml/owl/EVS/Thesaurus.owl#C40120	http://purl.obolibrary.org/obo/DOID_10973	1.0
http://ncicb.nci.nih.gov/xml/owl/EVS/Thesaurus.owl#C40121	http://purl.obolibrary.org/obo/DOID_11427	1.0
http://ncicb.nci.nih.gov/xml/owl/EVS/Thesaurus.owl#C40124	http://purl.obolibrary.org/obo/DOID_1970	1.0
http://ncicb.nci.nih.gov/xml/owl/EVS/Thesaurus.owl#C40125	http://purl.obolibrary.org/obo/DOID_1973	1.0
http://ncicb.nci.nih.gov/xml/owl/EVS/Thesaurus.owl#C40127	http://purl.obolibrary.org/obo/DOID_5124	1.0
http://ncicb.nci.nih.gov/xml/owl/EVS/Thesaurus.owl#C40128	http://purl.obolibrary.org/obo/DOID_1965	1.0
http://ncicb.nci.nih.gov/xml/owl/EVS/Thesaurus.owl#C40129	http://purl.obolibrary.org/obo/DOID_5196	1.0
http://ncicb.nci.nih.gov/xml/owl/EVS/Thesaurus.owl#C40130	http://purl.obolibrary.org/obo/DOID_5324	0.95616424
http://ncicb.nci.nih.gov/xml/owl/EVS/Thesaurus.owl#C40131	http://purl.obolibrary.org/obo/DOID_5564	1.0
http://ncicb.nci.nih.gov/xml/owl/EVS/Thesaurus.owl#C40135	http://purl.obolibrary.org/obo/DOID_3700	1.0
http://ncicb.nci.nih.gov/xml/owl/EVS/Thesaurus.owl#C40136	http://purl.obolibrary.org/obo/DOID_5747	1.0
http://ncicb.nci.nih.gov/xml/owl/EVS/Thesaurus.owl#C40137	http://purl.obolibrary.org/obo/DOID_3699	1.0
http://ncicb.nci.nih.gov/xml/owl/EVS/Thesaurus.owl#C40138	http://purl.obolibrary.org/obo/DOID_5829	1.0
http://ncicb.nci.nih.gov/xml/owl/EVS/Thesaurus.owl#C40139	http://purl.obolibrary.org/obo/DOID_5302	1.0
http://ncicb.nci.nih.gov/xml/owl/EVS/Thesaurus.owl#C4014	http://purl.obolibrary.org/obo/DOID_3186	1.0
http://ncicb.nci.nih.gov/xml/owl/EVS/Thesaurus.owl#C40141	http://purl.obolibrary.org/obo/DOID_7514	0.99058694
http://ncicb.nci.nih.gov/xml/owl/EVS/Thesaurus.owl#C40144	http://purl.obolibrary.org/obo/DOID_3707	1.0
http://ncicb.nci.nih.gov/xml/owl/EVS/Thesaurus.owl#C40153	http://purl.obolibrary.org/obo/DOID_7664	1.0
http://ncicb.nci.nih.gov/xml/owl/EVS/Thesaurus.owl#C40154	http://purl.obolibrary.org/obo/DOID_4005	1.0
http://ncicb.nci.nih.gov/xml/owl/EVS/Thesaurus.owl#C40155	http://purl.obolibrary.org/obo/DOID_7139	1.0
http://ncicb.nci.nih.gov/xml/owl/EVS/Thesaurus.owl#C40156	http://purl.obolibrary.org/obo/DOID_2871	0.91081202
http://ncicb.nci.nih.gov/xml/owl/EVS/Thesaurus.owl#C40159	http://purl.obolibrary.org/obo/DOID_7962	0.94969851
http://ncicb.nci.nih.gov/xml/owl/EVS/Thesaurus.owl#C4016	http://purl.obolibrary.org/obo/DOID_184	1.0
http://ncicb.nci.nih.gov/xml/owl/EVS/Thesaurus.owl#C40163	http://purl.obolibrary.org/obo/DOID_7242	1.0
http://ncicb.nci.nih.gov/xml/owl/EVS/Thesaurus.owl#C40164	http://purl.obolibrary.org/obo/DOID_13951	1.0
http://ncicb.nci.nih.gov/xml/owl/EVS/Thesaurus.owl#C40165	http://purl.obolibrary.org/obo/DOID_7241	1.0
http://ncicb.nci.nih.gov/xml/owl/EVS/Thesaurus.owl#C40166	http://purl.obolibrary.org/obo/DOID_13956	1.0
http://ncicb.nci.nih.gov/xml/owl/EVS/Thesaurus.owl#C40167	http://purl.obolibrary.org/obo/DOID_13958	1.0
http://ncicb.nci.nih.gov/xml/owl/EVS/Thesaurus.owl#C40168	http://purl.obolibrary.org/obo/DOID_13957	1.0
http://ncicb.nci.nih.gov/xml/owl/EVS/Thesaurus.owl#C4017	http://purl.obolibrary.org/obo/DOID_3007	1.0
http://ncicb.nci.nih.gov/xml/owl/EVS/Thesaurus.owl#C40170	http://purl.obolibrary.org/obo/DOID_5917	1.0
http://ncicb.nci.nih.gov/xml/owl/EVS/Thesaurus.owl#C40172	http://purl.obolibrary.org/obo/DOID_13953	1.0
http://ncicb.nci.nih.gov/xml/owl/EVS/Thesaurus.owl#C40174	http://purl.obolibrary.org/obo/DOID_6139	1.0
http://ncicb.nci.nih.gov/xml/owl/EVS/Thesaurus.owl#C40175	http://purl.obolibrary.org/obo/DOID_6567	1.0
http://ncicb.nci.nih.gov/xml/owl/EVS/Thesaurus.owl#C40178	http://purl.obolibrary.org/obo/DOID_8302	0.98799366
http://ncicb.nci.nih.gov/xml/owl/EVS/Thesaurus.owl#C4018	http://purl.obolibrary.org/obo/DOID_3010	0.93731922
http://ncicb.nci.nih.gov/xml/owl/EVS/Thesaurus.owl#C40180	http://purl.obolibrary.org/obo/DOID_7437	1.0
http://ncicb.nci.nih.gov/xml/owl/EVS/Thesaurus.owl#C40187	http://purl.obolibrary.org/obo/DOID_7483	1.0
http://ncicb.nci.nih.gov/xml/owl/EVS/Thesaurus.owl#C40188	http://purl.obolibrary.org/obo/DOID_7961	1.0
http://ncicb.nci.nih.gov/xml/owl/EVS/Thesaurus.owl#C40189	http://purl.obolibrary.org/obo/DOID_7046	0.95513874
http://ncicb.nci.nih.gov/xml/owl/EVS/Thesaurus.owl#C40190	http://purl.obolibrary.org/obo/DOID_3743	1.0
http://ncicb.nci.nih.gov/xml/owl/EVS/Thesaurus.owl#C40193	http://purl.obolibrary.org/obo/DOID_7598	1.0
http://ncicb.nci.nih.gov/xml/owl/EVS/Thesaurus.owl#C4020	http://purl.obolibrary.org/obo/DOID_7603	0.92580688
http://ncicb.nci.nih.gov/xml/owl/EVS/Thesaurus.owl#C40201	http://purl.obolibrary.org/obo/DOID_5752	1.0
http://ncicb.nci.nih.gov/xml/owl/EVS/Thesaurus.owl#C40202	http://purl.obolibrary.org/obo/DOID_8340	1.0
http://ncicb.nci.nih.gov/xml/owl/EVS/Thesaurus.owl#C40203	http://purl.obolibrary.org/obo/DOID_8339	0.9526515
http://ncicb.nci.nih.gov/xml/owl/EVS/Thesaurus.owl#C40205	http://purl.obolibrary.org/obo/DOID_6101	0.97129434
http://ncicb.nci.nih.gov/xml/owl/EVS/Thesaurus.owl#C4021	http://purl.obolibrary.org/obo/DOID_3372	1.0
http://ncicb.nci.nih.gov/xml/owl/EVS/Thesaurus.owl#C40212	http://purl.obolibrary.org/obo/DOID_8361	1.0
http://ncicb.nci.nih.gov/xml/owl/EVS/Thesaurus.owl#C40213	http://purl.obolibrary.org/obo/DOID_6428	1.0
http://ncicb.nci.nih.gov/xml/owl/EVS/Thesaurus.owl#C40214	http://purl.obolibrary.org/obo/DOID_6659	1.0
http://ncicb.nci.nih.gov/xml/owl/EVS/Thesaurus.owl#C40215	http://purl.obolibrary.org/obo/DOID_9442	1.0
http://ncicb.nci.nih.gov/xml/owl/EVS/Thesaurus.owl#C40219	http://purl.obolibrary.org/obo/DOID_4227	1.0
http://ncicb.nci.nih.gov/xml/owl/EVS/Thesaurus.owl#C4022	http://purl.obolibrary.org/obo/DOID_6367	1.0
http://ncicb.nci.nih.gov/xml/owl/EVS/Thesaurus.owl#C40220	http://purl.obolibrary.org/obo/DOID_4520	0.90101463
http://ncicb.nci.nih.gov/xml/owl/EVS/Thesaurus.owl#C40225	http://purl.obolibrary.org/obo/DOID_4442	1.0
http://ncicb.nci.nih.gov/xml/owl/EVS/Thesaurus.owl#C40229	http://purl.obolibrary.org/obo/DOID_4111	1.0
http://ncicb.nci.nih.gov/xml/owl/EVS/Thesaurus.owl#C40230	http://purl.obolibrary.org/obo/DOID_5476	1.0
http://ncicb.nci.nih.gov/xml/owl/EVS/Thesaurus.owl#C40231	http://purl.obolibrary.org/obo/DOID_4995	1.0
http://ncicb.nci.nih.gov/xml/owl/EVS/Thesaurus.owl#C40232	http://purl.obolibrary.org/obo/DOID_8177	1.0
http://ncicb.nci.nih.gov/xml/owl/EVS/Thesaurus.owl#C40233	http://purl.obolibrary.org/obo/DOID_8178	1.0
http://ncicb.nci.nih.gov/xml/owl/EVS/Thesaurus.owl#C40234	http://purl.obolibrary.org/obo/DOID_8179	1.0
http://ncicb.nci.nih.gov/xml/owl/EVS/Thesaurus.owl#C40235	http://purl.obolibrary.org/obo/DOID_7878	1.0
http://ncicb.nci.nih.gov/xml/owl/EVS/Thesaurus.owl#C40236	http://purl.obolibrary.org/obo/DOID_5190	1.0
http://ncicb.nci.nih.gov/xml/owl/EVS/Thesaurus.owl#C40239	http://purl.obolibrary.org/obo/DOID_4413	0.97364795
http://ncicb.nci.nih.gov/xml/owl/EVS/Thesaurus.owl#C4024	http://purl.obolibrary.org/obo/DOID_3748	0.9248634
http://ncicb.nci.nih.gov/xml/owl/EVS/Thesaurus.owl#C40242	http://purl.obolibrary.org/obo/DOID_138	0.97681987
http://ncicb.nci.nih.gov/xml/owl/EVS/Thesaurus.owl#C4025	http://purl.obolibrary.org/obo/DOID_4914	0.92594528
http://ncicb.nci.nih.gov/xml/owl/EVS/Thesaurus.owl#C40250	http://purl.obolibrary.org/obo/DOID_134	0.97813267
http://ncicb.nci.nih.gov/xml/owl/EVS/Thesaurus.owl#C40255	http://purl.obolibrary.org/obo/DOID_133	1.0
http://ncicb.nci.nih.gov/xml/owl/EVS/Thesaurus.owl#C40256	http://purl.obolibrary.org/obo/DOID_5402	1.0
http://ncicb.nci.nih.gov/xml/owl/EVS/Thesaurus.owl#C40257	http://purl.obolibrary.org/obo/DOID_6809	1.0
http://ncicb.nci.nih.gov/xml/owl/EVS/Thesaurus.owl#C40258	http://purl.obolibrary.org/obo/DOID_8104	1.0
http://ncicb.nci.nih.gov/xml/owl/EVS/Thesaurus.owl#C40259	http://purl.obolibrary.org/obo/DOID_6613	1.0
http://ncicb.nci.nih.gov/xml/owl/EVS/Thesaurus.owl#C4026	http://purl.obolibrary.org/obo/DOID_3604	1.0
http://ncicb.nci.nih.gov/xml/owl/EVS/Thesaurus.owl#C40267	http://purl.obolibrary.org/obo/DOID_6848	0.94166553
http://ncicb.nci.nih.gov/xml/owl/EVS/Thesaurus.owl#C40268	http://purl.obolibrary.org/obo/DOID_6788	0.94841975
http://ncicb.nci.nih.gov/xml/owl/EVS/Thesaurus.owl#C4027	http://purl.obolibrary.org/obo/DOID_2097	0.95650327
http://ncicb.nci.nih.gov/xml/owl/EVS/Thesaurus.owl#C40270	http://purl.obolibrary.org/obo/DOID_5170	0.92745054
http://ncicb.nci.nih.gov/xml/owl/EVS/Thesaurus.owl#C40277	http://purl.obolibrary.org/obo/DOID_4117	1.0
http://ncicb.nci.nih.gov/xml/owl/EVS/Thesaurus.owl#C40278	http://purl.obolibrary.org/obo/DOID_136	1.0
http://ncicb.nci.nih.gov/xml/owl/EVS/Thesaurus.owl#C4028	http://purl.obolibrary.org/obo/DOID_3744	0.95670229
http://ncicb.nci.nih.gov/xml/owl/EVS/Thesaurus.owl#C40283	http://purl.obolibrary.org/obo/DOID_2072	0.98873615
http://ncicb.nci.nih.gov/xml/owl/EVS/Thesaurus.owl#C40284	http://purl.obolibrary.org/obo/DOID_7363	1.0
http://ncicb.nci.nih.gov/xml/owl/EVS/Thesaurus.owl#C40285	http://purl.obolibrary.org/obo/DOID_7409	1.0
http://ncicb.nci.nih.gov/xml/owl/EVS/Thesaurus.owl#C40286	http://purl.obolibrary.org/obo/DOID_7048	1.0
http://ncicb.nci.nih.gov/xml/owl/EVS/Thesaurus.owl#C40288	http://purl.obolibrary.org/obo/DOID_7408	0.96021402
http://ncicb.nci.nih.gov/xml/owl/EVS/Thesaurus.owl#C4029	http://purl.obolibrary.org/obo/DOID_3702	1.0
http://ncicb.nci.nih.gov/xml/owl/EVS/Thesaurus.owl#C40291	http://purl.obolibrary.org/obo/DOID_6943	1.0
http://ncicb.nci.nih.gov/xml/owl/EVS/Thesaurus.owl#C40292	http://purl.obolibrary.org/obo/DOID_2076	0.98686254
http://ncicb.nci.nih.gov/xml/owl/EVS/Thesaurus.owl#C40293	http://purl.obolibrary.org/obo/DOID_6961	1.0
http://ncicb.nci.nih.gov/xml/owl/EVS/Thesaurus.owl#C40295	http://purl.obolibrary.org/obo/DOID_4879	1.0
http://ncicb.nci.nih.gov/xml/owl/EVS/Thesaurus.owl#C40296	http://purl.obolibrary.org/obo/DOID_5630	1.0
http://ncicb.nci.nih.gov/xml/owl/EVS/Thesaurus.owl#C40297	http://purl.obolibrary.org/obo/DOID_3998	1.0
http://ncicb.nci.nih.gov/xml/owl/EVS/Thesaurus.owl#C40298	http://purl.obolibrary.org/obo/DOID_7140	1.0
http://ncicb.nci.nih.gov/xml/owl/EVS/Thesaurus.owl#C40299	http://purl.obolibrary.org/obo/DOID_5382	1.0
http://ncicb.nci.nih.gov/xml/owl/EVS/Thesaurus.owl#C4030	http://purl.obolibrary.org/obo/DOID_7244	0.92035133
http://ncicb.nci.nih.gov/xml/owl/EVS/Thesaurus.owl#C40300	http://purl.obolibrary.org/obo/DOID_6518	1.0
http://ncicb.nci.nih.gov/xml/owl/EVS/Thesaurus.owl#C40301	http://purl.obolibrary.org/obo/DOID_2075	1.0
http://ncicb.nci.nih.gov/xml/owl/EVS/Thesaurus.owl#C40305	http://purl.obolibrary.org/obo/DOID_6339	1.0
http://ncicb.nci.nih.gov/xml/owl/EVS/Thesaurus.owl#C40306	http://purl.obolibrary.org/obo/DOID_7565	1.0
http://ncicb.nci.nih.gov/xml/owl/EVS/Thesaurus.owl#C40307	http://purl.obolibrary.org/obo/DOID_7567	1.0
http://ncicb.nci.nih.gov/xml/owl/EVS/Thesaurus.owl#C40308	http://purl.obolibrary.org/obo/DOID_6448	1.0
http://ncicb.nci.nih.gov/xml/owl/EVS/Thesaurus.owl#C40309	http://purl.obolibrary.org/obo/DOID_5761	1.0
http://ncicb.nci.nih.gov/xml/owl/EVS/Thesaurus.owl#C4031	http://purl.obolibrary.org/obo/DOID_3742	1.0
http://ncicb.nci.nih.gov/xml/owl/EVS/Thesaurus.owl#C40310	http://purl.obolibrary.org/obo/DOID_4840	1.0
http://ncicb.nci.nih.gov/xml/owl/EVS/Thesaurus.owl#C40311	http://purl.obolibrary.org/obo/DOID_2064	1.0
http://ncicb.nci.nih.gov/xml/owl/EVS/Thesaurus.owl#C40312	http://purl.obolibrary.org/obo/DOID_2060	1.0
http://ncicb.nci.nih.gov/xml/owl/EVS/Thesaurus.owl#C40314	http://purl.obolibrary.org/obo/DOID_2080	1.0
http://ncicb.nci.nih.gov/xml/owl/EVS/Thesaurus.owl#C40315	http://purl.obolibrary.org/obo/DOID_4845	1.0
http://ncicb.nci.nih.gov/xml/owl/EVS/Thesaurus.owl#C40317	http://purl.obolibrary.org/obo/DOID_2096	1.0
http://ncicb.nci.nih.gov/xml/owl/EVS/Thesaurus.owl#C40318	http://purl.obolibrary.org/obo/DOID_5286	1.0
http://ncicb.nci.nih.gov/xml/owl/EVS/Thesaurus.owl#C40319	http://purl.obolibrary.org/obo/DOID_7491	1.0
http://ncicb.nci.nih.gov/xml/owl/EVS/Thesaurus.owl#C4032	http://purl.obolibrary.org/obo/DOID_3711	1.0
http://ncicb.nci.nih.gov/xml/owl/EVS/Thesaurus.owl#C40320	http://purl.obolibrary.org/obo/DOID_5313	1.0
http://ncicb.nci.nih.gov/xml/owl/EVS/Thesaurus.owl#C40321	http://purl.obolibrary.org/obo/DOID_5711	1.0
http://ncicb.nci.nih.gov/xml/owl/EVS/Thesaurus.owl#C40326	http://purl.obolibrary.org/obo/DOID_5142	1.0
http://ncicb.nci.nih.gov/xml/owl/EVS/Thesaurus.owl#C40328	http://purl.obolibrary.org/obo/DOID_5043	1.0
http://ncicb.nci.nih.gov/xml/owl/EVS/Thesaurus.owl#C40329	http://purl.obolibrary.org/obo/DOID_2093	1.0
http://ncicb.nci.nih.gov/xml/owl/EVS/Thesaurus.owl#C4033	http://purl.obolibrary.org/obo/DOID_4467	0.97257799
http://ncicb.nci.nih.gov/xml/owl/EVS/Thesaurus.owl#C40341	http://purl.obolibrary.org/obo/DOID_10892	1.0
http://ncicb.nci.nih.gov/xml/owl/EVS/Thesaurus.owl#C4035	http://purl.obolibrary.org/obo/DOID_3969	0.99016184
http://ncicb.nci.nih.gov/xml/owl/EVS/Thesaurus.owl#C40354	http://purl.obolibrary.org/obo/DOID_3609	1.0
http://ncicb.nci.nih.gov/xml/owl/EVS/Thesaurus.owl#C40355	http://purl.obolibrary.org/obo/DOID_8130	1.0
http://ncicb.nci.nih.gov/xml/owl/EVS/Thesaurus.owl#C40356	http://purl.obolibrary.org/obo/DOID_6657	1.0
http://ncicb.nci.nih.gov/xml/owl/EVS/Thesaurus.owl#C40357	http://purl.obolibrary.org/obo/DOID_7461	1.0
http://ncicb.nci.nih.gov/xml/owl/EVS/Thesaurus.owl#C40358	http://purl.obolibrary.org/obo/DOID_7460	1.0
http://ncicb.nci.nih.gov/xml/owl/EVS/Thesaurus.owl#C40359	http://purl.obolibrary.org/obo/DOID_7459	1.0
http://ncicb.nci.nih.gov/xml/owl/EVS/Thesaurus.owl#C40361	http://purl.obolibrary.org/obo/DOID_5623	1.0
http://ncicb.nci.nih.gov/xml/owl/EVS/Thesaurus.owl#C40364	http://purl.obolibrary.org/obo/DOID_7541	1.0
http://ncicb.nci.nih.gov/xml/owl/EVS/Thesaurus.owl#C40365	http://purl.obolibrary.org/obo/DOID_7076	1.0
http://ncicb.nci.nih.gov/xml/owl/EVS/Thesaurus.owl#C40366	http://purl.obolibrary.org/obo/DOID_6585	1.0
http://ncicb.nci.nih.gov/xml/owl/EVS/Thesaurus.owl#C40367	http://purl.obolibrary.org/obo/DOID_5743	1.0
http://ncicb.nci.nih.gov/xml/owl/EVS/Thesaurus.owl#C40368	http://purl.obolibrary.org/obo/DOID_5310	1.0
http://ncicb.nci.nih.gov/xml/owl/EVS/Thesaurus.owl#C40369	http://purl.obolibrary.org/obo/DOID_5760	1.0
http://ncicb.nci.nih.gov/xml/owl/EVS/Thesaurus.owl#C40370	http://purl.obolibrary.org/obo/DOID_6742	1.0
http://ncicb.nci.nih.gov/xml/owl/EVS/Thesaurus.owl#C40381	http://purl.obolibrary.org/obo/DOID_1637	1.0
http://ncicb.nci.nih.gov/xml/owl/EVS/Thesaurus.owl#C40382	http://purl.obolibrary.org/obo/DOID_1625	1.0
http://ncicb.nci.nih.gov/xml/owl/EVS/Thesaurus.owl#C40383	http://purl.obolibrary.org/obo/DOID_7540	1.0
http://ncicb.nci.nih.gov/xml/owl/EVS/Thesaurus.owl#C40384	http://purl.obolibrary.org/obo/DOID_7538	1.0
http://ncicb.nci.nih.gov/xml/owl/EVS/Thesaurus.owl#C40385	http://purl.obolibrary.org/obo/DOID_7521	1.0
http://ncicb.nci.nih.gov/xml/owl/EVS/Thesaurus.owl#C40387	http://purl.obolibrary.org/obo/DOID_8068	1.0
http://ncicb.nci.nih.gov/xml/owl/EVS/Thesaurus.owl#C40388	http://purl.obolibrary.org/obo/DOID_7520	1.0
http://ncicb.nci.nih.gov/xml/owl/EVS/Thesaurus.owl#C40389	http://purl.obolibrary.org/obo/DOID_3004	0.98640782
http://ncicb.nci.nih.gov/xml/owl/EVS/Thesaurus.owl#C40391	http://purl.obolibrary.org/obo/DOID_7312	1.0
http://ncicb.nci.nih.gov/xml/owl/EVS/Thesaurus.owl#C40392	http://purl.obolibrary.org/obo/DOID_2661	0.91723943
http://ncicb.nci.nih.gov/xml/owl/EVS/Thesaurus.owl#C40395	http://purl.obolibrary.org/obo/DOID_6776	0.90844536
http://ncicb.nci.nih.gov/xml/owl/EVS/Thesaurus.owl#C40396	http://purl.obolibrary.org/obo/DOID_5370	1.0
http://ncicb.nci.nih.gov/xml/owl/EVS/Thesaurus.owl#C40397	http://purl.obolibrary.org/obo/DOID_1629	1.0
http://ncicb.nci.nih.gov/xml/owl/EVS/Thesaurus.owl#C40399	http://purl.obolibrary.org/obo/DOID_1623	1.0
http://ncicb.nci.nih.gov/xml/owl/EVS/Thesaurus.owl#C40400	http://purl.obolibrary.org/obo/DOID_3011	1.0
http://ncicb.nci.nih.gov/xml/owl/EVS/Thesaurus.owl#C40407	http://purl.obolibrary.org/obo/DOID_5176	0.92949355
http://ncicb.nci.nih.gov/xml/owl/EVS/Thesaurus.owl#C40435	http://purl.obolibrary.org/obo/DOID_12594	1.0
http://ncicb.nci.nih.gov/xml/owl/EVS/Thesaurus.owl#C40439	http://purl.obolibrary.org/obo/DOID_7651	1.0
http://ncicb.nci.nih.gov/xml/owl/EVS/Thesaurus.owl#C4044	http://purl.obolibrary.org/obo/DOID_2876	1.0
http://ncicb.nci.nih.gov/xml/owl/EVS/Thesaurus.owl#C40440	http://purl.obolibrary.org/obo/DOID_7650	1.0
http://ncicb.nci.nih.gov/xml/owl/EVS/Thesaurus.owl#C40442	http://purl.obolibrary.org/obo/DOID_7591	1.0
http://ncicb.nci.nih.gov/xml/owl/EVS/Thesaurus.owl#C40443	http://purl.obolibrary.org/obo/DOID_2153	1.0
http://ncicb.nci.nih.gov/xml/owl/EVS/Thesaurus.owl#C40444	http://purl.obolibrary.org/obo/DOID_2143	1.0
http://ncicb.nci.nih.gov/xml/owl/EVS/Thesaurus.owl#C40445	http://purl.obolibrary.org/obo/DOID_7880	1.0
http://ncicb.nci.nih.gov/xml/owl/EVS/Thesaurus.owl#C40446	http://purl.obolibrary.org/obo/DOID_7347	1.0
http://ncicb.nci.nih.gov/xml/owl/EVS/Thesaurus.owl#C4045	http://purl.obolibrary.org/obo/DOID_3183	1.0
http://ncicb.nci.nih.gov/xml/owl/EVS/Thesaurus.owl#C4047	http://purl.obolibrary.org/obo/DOID_4851	1.0
http://ncicb.nci.nih.gov/xml/owl/EVS/Thesaurus.owl#C4048	http://purl.obolibrary.org/obo/DOID_6812	1.0
http://ncicb.nci.nih.gov/xml/owl/EVS/Thesaurus.owl#C4052	http://purl.obolibrary.org/obo/DOID_2101	1.0
http://ncicb.nci.nih.gov/xml/owl/EVS/Thesaurus.owl#C4055	http://purl.obolibrary.org/obo/DOID_4587	1.0
http://ncicb.nci.nih.gov/xml/owl/EVS/Thesaurus.owl#C40553	http://purl.obolibrary.org/obo/DOID_6678	1.0
http://ncicb.nci.nih.gov/xml/owl/EVS/Thesaurus.owl#C4060	http://purl.obolibrary.org/obo/DOID_3269	1.0
http://ncicb.nci.nih.gov/xml/owl/EVS/Thesaurus.owl#C4073	http://purl.obolibrary.org/obo/DOID_7614	0.95634061
http://ncicb.nci.nih.gov/xml/owl/EVS/Thesaurus.owl#C4076	http://purl.obolibrary.org/obo/DOID_2112	1.0
http://ncicb.nci.nih.gov/xml/owl/EVS/Thesaurus.owl#C4090	http://purl.obolibrary.org/obo/DOID_2705	0.9941051
http://ncicb.nci.nih.gov/xml/owl/EVS/Thesaurus.owl#C4094	http://purl.obolibrary.org/obo/DOID_5662	1.0
http://ncicb.nci.nih.gov/xml/owl/EVS/Thesaurus.owl#C40957	http://purl.obolibrary.org/obo/DOID_7269	1.0
http://ncicb.nci.nih.gov/xml/owl/EVS/Thesaurus.owl#C40958	http://purl.obolibrary.org/obo/DOID_8358	1.0
http://ncicb.nci.nih.gov/xml/owl/EVS/Thesaurus.owl#C40959	http://purl.obolibrary.org/obo/DOID_6706	1.0
http://ncicb.nci.nih.gov/xml/owl/EVS/Thesaurus.owl#C40962	http://purl.obolibrary.org/obo/DOID_8042	0.96811402
http://ncicb.nci.nih.gov/xml/owl/EVS/Thesaurus.owl#C4101	http://purl.obolibrary.org/obo/DOID_3177	1.0
http://ncicb.nci.nih.gov/xml/owl/EVS/Thesaurus.owl#C4102	http://purl.obolibrary.org/obo/DOID_4385	0.93494362
http://ncicb.nci.nih.gov/xml/owl/EVS/Thesaurus.owl#C4105	http://purl.obolibrary.org/obo/DOID_5521	1.0
http://ncicb.nci.nih.gov/xml/owl/EVS/Thesaurus.owl#C4109	http://purl.obolibrary.org/obo/DOID_4291	0.96394122
http://ncicb.nci.nih.gov/xml/owl/EVS/Thesaurus.owl#C4114	http://purl.obolibrary.org/obo/DOID_5376	0.91298622
http://ncicb.nci.nih.gov/xml/owl/EVS/Thesaurus.owl#C4115	http://purl.obolibrary.org/obo/DOID_2670	0.97736192
http://ncicb.nci.nih.gov/xml/owl/EVS/Thesaurus.owl#C4118	http://purl.obolibrary.org/obo/DOID_4630	0.98617047
http://ncicb.nci.nih.gov/xml/owl/EVS/Thesaurus.owl#C4120	http://purl.obolibrary.org/obo/DOID_4014	1.0
http://ncicb.nci.nih.gov/xml/owl/EVS/Thesaurus.owl#C4121	http://purl.obolibrary.org/obo/DOID_5522	0.9589656
http://ncicb.nci.nih.gov/xml/owl/EVS/Thesaurus.owl#C4122	http://purl.obolibrary.org/obo/DOID_4012	0.98790067
http://ncicb.nci.nih.gov/xml/owl/EVS/Thesaurus.owl#C4123	http://purl.obolibrary.org/obo/DOID_4943	1.0
http://ncicb.nci.nih.gov/xml/owl/EVS/Thesaurus.owl#C41236	http://purl.obolibrary.org/obo/DOID_4254	1.0
http://ncicb.nci.nih.gov/xml/owl/EVS/Thesaurus.owl#C41245	http://purl.obolibrary.org/obo/DOID_7237	1.0
http://ncicb.nci.nih.gov/xml/owl/EVS/Thesaurus.owl#C41246	http://purl.obolibrary.org/obo/DOID_7236	0.90927225
http://ncicb.nci.nih.gov/xml/owl/EVS/Thesaurus.owl#C41247	http://purl.obolibrary.org/obo/DOID_7235	1.0
http://ncicb.nci.nih.gov/xml/owl/EVS/Thesaurus.owl#C41248	http://purl.obolibrary.org/obo/DOID_3919	0.91549903
http://ncicb.nci.nih.gov/xml/owl/EVS/Thesaurus.owl#C4131	http://purl.obolibrary.org/obo/DOID_5015	1.0
http://ncicb.nci.nih.gov/xml/owl/EVS/Thesaurus.owl#C41352	http://purl.obolibrary.org/obo/DOID_10568	1.0
http://ncicb.nci.nih.gov/xml/owl/EVS/Thesaurus.owl#C41353	http://purl.obolibrary.org/obo/DOID_10371	1.0
http://ncicb.nci.nih.gov/xml/owl/EVS/Thesaurus.owl#C41354	http://purl.obolibrary.org/obo/DOID_10567	1.0
http://ncicb.nci.nih.gov/xml/owl/EVS/Thesaurus.owl#C4142	http://purl.obolibrary.org/obo/DOID_4917	1.0
http://ncicb.nci.nih.gov/xml/owl/EVS/Thesaurus.owl#C41426	http://purl.obolibrary.org/obo/DOID_5153	1.0
http://ncicb.nci.nih.gov/xml/owl/EVS/Thesaurus.owl#C41427	http://purl.obolibrary.org/obo/DOID_5152	1.0
http://ncicb.nci.nih.gov/xml/owl/EVS/Thesaurus.owl#C41430	http://purl.obolibrary.org/obo/DOID_956	1.0
http://ncicb.nci.nih.gov/xml/owl/EVS/Thesaurus.owl#C4146	http://purl.obolibrary.org/obo/DOID_4471	1.0
http://ncicb.nci.nih.gov/xml/owl/EVS/Thesaurus.owl#C4151	http://purl.obolibrary.org/obo/DOID_5390	1.0
http://ncicb.nci.nih.gov/xml/owl/EVS/Thesaurus.owl#C4152	http://purl.obolibrary.org/obo/DOID_5658	1.0
http://ncicb.nci.nih.gov/xml/owl/EVS/Thesaurus.owl#C4153	http://purl.obolibrary.org/obo/DOID_5310	1.0
http://ncicb.nci.nih.gov/xml/owl/EVS/Thesaurus.owl#C4154	http://purl.obolibrary.org/obo/DOID_7608	0.9099676
http://ncicb.nci.nih.gov/xml/owl/EVS/Thesaurus.owl#C4157	http://purl.obolibrary.org/obo/DOID_5385	1.0
http://ncicb.nci.nih.gov/xml/owl/EVS/Thesaurus.owl#C4159	http://purl.obolibrary.org/obo/DOID_5398	1.0
http://ncicb.nci.nih.gov/xml/owl/EVS/Thesaurus.owl#C41617	http://purl.obolibrary.org/obo/DOID_7642	1.0
http://ncicb.nci.nih.gov/xml/owl/EVS/Thesaurus.owl#C41618	http://purl.obolibrary.org/obo/DOID_7024	0.92797965
http://ncicb.nci.nih.gov/xml/owl/EVS/Thesaurus.owl#C41619	http://purl.obolibrary.org/obo/DOID_7733	1.0
http://ncicb.nci.nih.gov/xml/owl/EVS/Thesaurus.owl#C41620	http://purl.obolibrary.org/obo/DOID_8072	0.98883206
http://ncicb.nci.nih.gov/xml/owl/EVS/Thesaurus.owl#C4168	http://purl.obolibrary.org/obo/DOID_3895	1.0
http://ncicb.nci.nih.gov/xml/owl/EVS/Thesaurus.owl#C4169	http://purl.obolibrary.org/obo/DOID_4933	0.94294149
http://ncicb.nci.nih.gov/xml/owl/EVS/Thesaurus.owl#C4170	http://purl.obolibrary.org/obo/DOID_5444	1.0
http://ncicb.nci.nih.gov/xml/owl/EVS/Thesaurus.owl#C4171	http://purl.obolibrary.org/obo/DOID_5439	1.0
http://ncicb.nci.nih.gov/xml/owl/EVS/Thesaurus.owl#C4172	http://purl.obolibrary.org/obo/DOID_5445	1.0
http://ncicb.nci.nih.gov/xml/owl/EVS/Thesaurus.owl#C4173	http://purl.obolibrary.org/obo/DOID_5446	1.0
http://ncicb.nci.nih.gov/xml/owl/EVS/Thesaurus.owl#C4174	http://purl.obolibrary.org/obo/DOID_2648	1.0
http://ncicb.nci.nih.gov/xml/owl/EVS/Thesaurus.owl#C4176	http://purl.obolibrary.org/obo/DOID_6446	0.92687714
http://ncicb.nci.nih.gov/xml/owl/EVS/Thesaurus.owl#C4181	http://purl.obolibrary.org/obo/DOID_2614	1.0
http://ncicb.nci.nih.gov/xml/owl/EVS/Thesaurus.owl#C4189	http://purl.obolibrary.org/obo/DOID_4922	1.0
http://ncicb.nci.nih.gov/xml/owl/EVS/Thesaurus.owl#C4194	http://purl.obolibrary.org/obo/DOID_3008	0.96115613
http://ncicb.nci.nih.gov/xml/owl/EVS/Thesaurus.owl#C4199	http://purl.obolibrary.org/obo/DOID_5309	1.0
http://ncicb.nci.nih.gov/xml/owl/EVS/Thesaurus.owl#C42048	http://purl.obolibrary.org/obo/DOID_4160	1.0
http://ncicb.nci.nih.gov/xml/owl/EVS/Thesaurus.owl#C42057	http://purl.obolibrary.org/obo/DOID_5194	0.93655282
http://ncicb.nci.nih.gov/xml/owl/EVS/Thesaurus.owl#C42058	http://purl.obolibrary.org/obo/DOID_5193	1.0
http://ncicb.nci.nih.gov/xml/owl/EVS/Thesaurus.owl#C42059	http://purl.obolibrary.org/obo/DOID_7951	1.0
http://ncicb.nci.nih.gov/xml/owl/EVS/Thesaurus.owl#C42060	http://purl.obolibrary.org/obo/DOID_7949	1.0
http://ncicb.nci.nih.gov/xml/owl/EVS/Thesaurus.owl#C42080	http://purl.obolibrary.org/obo/DOID_3545	1.0
http://ncicb.nci.nih.gov/xml/owl/EVS/Thesaurus.owl#C4212	http://purl.obolibrary.org/obo/DOID_2696	0.94254637
http://ncicb.nci.nih.gov/xml/owl/EVS/Thesaurus.owl#C4213	http://purl.obolibrary.org/obo/DOID_4756	0.92052692
http://ncicb.nci.nih.gov/xml/owl/EVS/Thesaurus.owl#C4220	http://purl.obolibrary.org/obo/DOID_0050892	0.91416782
http://ncicb.nci.nih.gov/xml/owl/EVS/Thesaurus.owl#C4221	http://purl.obolibrary.org/obo/DOID_2431	0.90958732
http://ncicb.nci.nih.gov/xml/owl/EVS/Thesaurus.owl#C4222	http://purl.obolibrary.org/obo/DOID_2436	1.0
http://ncicb.nci.nih.gov/xml/owl/EVS/Thesaurus.owl#C4223	http://purl.obolibrary.org/obo/DOID_8020	1.0
http://ncicb.nci.nih.gov/xml/owl/EVS/Thesaurus.owl#C4225	http://purl.obolibrary.org/obo/DOID_10047	0.97299463
http://ncicb.nci.nih.gov/xml/owl/EVS/Thesaurus.owl#C4227	http://purl.obolibrary.org/obo/DOID_10044	0.96764487
http://ncicb.nci.nih.gov/xml/owl/EVS/Thesaurus.owl#C4236	http://purl.obolibrary.org/obo/DOID_4360	1.0
http://ncicb.nci.nih.gov/xml/owl/EVS/Thesaurus.owl#C4237	http://purl.obolibrary.org/obo/DOID_3162	0.91466528
http://ncicb.nci.nih.gov/xml/owl/EVS/Thesaurus.owl#C4242	http://purl.obolibrary.org/obo/DOID_0060123	1.0
http://ncicb.nci.nih.gov/xml/owl/EVS/Thesaurus.owl#C4243	http://purl.obolibrary.org/obo/DOID_7615	1.0
http://ncicb.nci.nih.gov/xml/owl/EVS/Thesaurus.owl#C4250	http://purl.obolibrary.org/obo/DOID_3382	0.90442252
http://ncicb.nci.nih.gov/xml/owl/EVS/Thesaurus.owl#C4252	http://purl.obolibrary.org/obo/DOID_3382	0.92087537
http://ncicb.nci.nih.gov/xml/owl/EVS/Thesaurus.owl#C4253	http://purl.obolibrary.org/obo/DOID_5703	1.0
http://ncicb.nci.nih.gov/xml/owl/EVS/Thesaurus.owl#C4254	http://purl.obolibrary.org/obo/DOID_10184	1.0
http://ncicb.nci.nih.gov/xml/owl/EVS/Thesaurus.owl#C4256	http://purl.obolibrary.org/obo/DOID_5139	1.0
http://ncicb.nci.nih.gov/xml/owl/EVS/Thesaurus.owl#C4257	http://purl.obolibrary.org/obo/DOID_5127	1.0
http://ncicb.nci.nih.gov/xml/owl/EVS/Thesaurus.owl#C4258	http://purl.obolibrary.org/obo/DOID_3250	1.0
http://ncicb.nci.nih.gov/xml/owl/EVS/Thesaurus.owl#C4259	http://purl.obolibrary.org/obo/DOID_4065	0.92181432
http://ncicb.nci.nih.gov/xml/owl/EVS/Thesaurus.owl#C4262	http://purl.obolibrary.org/obo/DOID_1373	1.0
http://ncicb.nci.nih.gov/xml/owl/EVS/Thesaurus.owl#C4264	http://purl.obolibrary.org/obo/DOID_4880	0.94092184
http://ncicb.nci.nih.gov/xml/owl/EVS/Thesaurus.owl#C4265	http://purl.obolibrary.org/obo/DOID_6823	1.0
http://ncicb.nci.nih.gov/xml/owl/EVS/Thesaurus.owl#C4267	http://purl.obolibrary.org/obo/DOID_2668	0.95319027
http://ncicb.nci.nih.gov/xml/owl/EVS/Thesaurus.owl#C4268	http://purl.obolibrary.org/obo/DOID_5758	1.0
http://ncicb.nci.nih.gov/xml/owl/EVS/Thesaurus.owl#C4270	http://purl.obolibrary.org/obo/DOID_4217	1.0
http://ncicb.nci.nih.gov/xml/owl/EVS/Thesaurus.owl#C42700	http://purl.obolibrary.org/obo/DOID_6171	1.0
http://ncicb.nci.nih.gov/xml/owl/EVS/Thesaurus.owl#C4271	http://purl.obolibrary.org/obo/DOID_2656	1.0
http://ncicb.nci.nih.gov/xml/owl/EVS/Thesaurus.owl#C4272	http://purl.obolibrary.org/obo/DOID_2639	1.0
http://ncicb.nci.nih.gov/xml/owl/EVS/Thesaurus.owl#C4273	http://purl.obolibrary.org/obo/DOID_7223	1.0
http://ncicb.nci.nih.gov/xml/owl/EVS/Thesaurus.owl#C4274	http://purl.obolibrary.org/obo/DOID_1631	0.91293716
http://ncicb.nci.nih.gov/xml/owl/EVS/Thesaurus.owl#C4275	http://purl.obolibrary.org/obo/DOID_10289	0.90147233
http://ncicb.nci.nih.gov/xml/owl/EVS/Thesaurus.owl#C4277	http://purl.obolibrary.org/obo/DOID_5487	1.0
http://ncicb.nci.nih.gov/xml/owl/EVS/Thesaurus.owl#C4278	http://purl.obolibrary.org/obo/DOID_5485	0.93042433
http://ncicb.nci.nih.gov/xml/owl/EVS/Thesaurus.owl#C4279	http://purl.obolibrary.org/obo/DOID_5492	1.0
http://ncicb.nci.nih.gov/xml/owl/EVS/Thesaurus.owl#C4282	http://purl.obolibrary.org/obo/DOID_4486	0.97621197
http://ncicb.nci.nih.gov/xml/owl/EVS/Thesaurus.owl#C4286	http://purl.obolibrary.org/obo/DOID_5566	0.95211059
http://ncicb.nci.nih.gov/xml/owl/EVS/Thesaurus.owl#C4287	http://purl.obolibrary.org/obo/DOID_5566	0.90673727
http://ncicb.nci.nih.gov/xml/owl/EVS/Thesaurus.owl#C4288	http://purl.obolibrary.org/obo/DOID_7202	0.9277789
http://ncicb.nci.nih.gov/xml/owl/EVS/Thesaurus.owl#C4290	http://purl.obolibrary.org/obo/DOID_3306	0.93623894
http://ncicb.nci.nih.gov/xml/owl/EVS/Thesaurus.owl#C4291	http://purl.obolibrary.org/obo/DOID_5208	1.0
http://ncicb.nci.nih.gov/xml/owl/EVS/Thesaurus.owl#C4296	http://purl.obolibrary.org/obo/DOID_467	1.0
http://ncicb.nci.nih.gov/xml/owl/EVS/Thesaurus.owl#C4298	http://purl.obolibrary.org/obo/DOID_14308	0.96926081
http://ncicb.nci.nih.gov/xml/owl/EVS/Thesaurus.owl#C4299	http://purl.obolibrary.org/obo/DOID_470	0.95254833
http://ncicb.nci.nih.gov/xml/owl/EVS/Thesaurus.owl#C4301	http://purl.obolibrary.org/obo/DOID_264	1.0
http://ncicb.nci.nih.gov/xml/owl/EVS/Thesaurus.owl#C4303	http://purl.obolibrary.org/obo/DOID_5861	1.0
http://ncicb.nci.nih.gov/xml/owl/EVS/Thesaurus.owl#C4304	http://purl.obolibrary.org/obo/DOID_4719	0.90247387
http://ncicb.nci.nih.gov/xml/owl/EVS/Thesaurus.owl#C4313	http://purl.obolibrary.org/obo/DOID_0050894	1.0
http://ncicb.nci.nih.gov/xml/owl/EVS/Thesaurus.owl#C4318	http://purl.obolibrary.org/obo/DOID_6128	1.0
http://ncicb.nci.nih.gov/xml/owl/EVS/Thesaurus.owl#C4319	http://purl.obolibrary.org/obo/DOID_5505	1.0
http://ncicb.nci.nih.gov/xml/owl/EVS/Thesaurus.owl#C4320	http://purl.obolibrary.org/obo/DOID_7008	1.0
http://ncicb.nci.nih.gov/xml/owl/EVS/Thesaurus.owl#C4321	http://purl.obolibrary.org/obo/DOID_7005	1.0
http://ncicb.nci.nih.gov/xml/owl/EVS/Thesaurus.owl#C4322	http://purl.obolibrary.org/obo/DOID_6726	1.0
http://ncicb.nci.nih.gov/xml/owl/EVS/Thesaurus.owl#C4323	http://purl.obolibrary.org/obo/DOID_4852	1.0
http://ncicb.nci.nih.gov/xml/owl/EVS/Thesaurus.owl#C4324	http://purl.obolibrary.org/obo/DOID_7305	1.0
http://ncicb.nci.nih.gov/xml/owl/EVS/Thesaurus.owl#C4325	http://purl.obolibrary.org/obo/DOID_3074	1.0
http://ncicb.nci.nih.gov/xml/owl/EVS/Thesaurus.owl#C4326	http://purl.obolibrary.org/obo/DOID_3181	0.92112887
http://ncicb.nci.nih.gov/xml/owl/EVS/Thesaurus.owl#C43263	http://purl.obolibrary.org/obo/DOID_9409	1.0
http://ncicb.nci.nih.gov/xml/owl/EVS/Thesaurus.owl#C4327	http://purl.obolibrary.org/obo/DOID_4790	1.0
http://ncicb.nci.nih.gov/xml/owl/EVS/Thesaurus.owl#C4329	http://purl.obolibrary.org/obo/DOID_7212	1.0
http://ncicb.nci.nih.gov/xml/owl/EVS/Thesaurus.owl#C4330	http://purl.obolibrary.org/obo/DOID_7211	1.0
http://ncicb.nci.nih.gov/xml/owl/EVS/Thesaurus.owl#C4331	http://purl.obolibrary.org/obo/DOID_7210	1.0
http://ncicb.nci.nih.gov/xml/owl/EVS/Thesaurus.owl#C4332	http://purl.obolibrary.org/obo/DOID_6548	1.0
http://ncicb.nci.nih.gov/xml/owl/EVS/Thesaurus.owl#C4333	http://purl.obolibrary.org/obo/DOID_7213	1.0
http://ncicb.nci.nih.gov/xml/owl/EVS/Thesaurus.owl#C4334	http://purl.obolibrary.org/obo/DOID_7613	0.95944774
http://ncicb.nci.nih.gov/xml/owl/EVS/Thesaurus.owl#C43345	http://purl.obolibrary.org/obo/DOID_4920	0.9474653
http://ncicb.nci.nih.gov/xml/owl/EVS/Thesaurus.owl#C4335	http://purl.obolibrary.org/obo/DOID_6707	1.0
http://ncicb.nci.nih.gov/xml/owl/EVS/Thesaurus.owl#C4336	http://purl.obolibrary.org/obo/DOID_5042	0.9100526
http://ncicb.nci.nih.gov/xml/owl/EVS/Thesaurus.owl#C4337	http://purl.obolibrary.org/obo/DOID_0050746	1.0
http://ncicb.nci.nih.gov/xml/owl/EVS/Thesaurus.owl#C4340	http://purl.obolibrary.org/obo/DOID_0050749	0.96936625
http://ncicb.nci.nih.gov/xml/owl/EVS/Thesaurus.owl#C4341	http://purl.obolibrary.org/obo/DOID_0050748	1.0
http://ncicb.nci.nih.gov/xml/owl/EVS/Thesaurus.owl#C4345	http://purl.obolibrary.org/obo/DOID_2226	1.0
http://ncicb.nci.nih.gov/xml/owl/EVS/Thesaurus.owl#C4347	http://purl.obolibrary.org/obo/DOID_7007	1.0
http://ncicb.nci.nih.gov/xml/owl/EVS/Thesaurus.owl#C4348	http://purl.obolibrary.org/obo/DOID_5715	0.95536113
http://ncicb.nci.nih.gov/xml/owl/EVS/Thesaurus.owl#C4349	http://purl.obolibrary.org/obo/DOID_234	1.0
http://ncicb.nci.nih.gov/xml/owl/EVS/Thesaurus.owl#C43558	http://purl.obolibrary.org/obo/DOID_3607	0.91015685
http://ncicb.nci.nih.gov/xml/owl/EVS/Thesaurus.owl#C4358	http://purl.obolibrary.org/obo/DOID_10040	0.96523589
http://ncicb.nci.nih.gov/xml/owl/EVS/Thesaurus.owl#C43586	http://purl.obolibrary.org/obo/DOID_3033	0.90900797
http://ncicb.nci.nih.gov/xml/owl/EVS/Thesaurus.owl#C43590	http://purl.obolibrary.org/obo/DOID_0080183	0.92378426
http://ncicb.nci.nih.gov/xml/owl/EVS/Thesaurus.owl#C4360	http://purl.obolibrary.org/obo/DOID_292	0.90470767
http://ncicb.nci.nih.gov/xml/owl/EVS/Thesaurus.owl#C4365	http://purl.obolibrary.org/obo/DOID_774	0.98059112
http://ncicb.nci.nih.gov/xml/owl/EVS/Thesaurus.owl#C4369	http://purl.obolibrary.org/obo/DOID_6059	0.92535061
http://ncicb.nci.nih.gov/xml/owl/EVS/Thesaurus.owl#C4374	http://purl.obolibrary.org/obo/DOID_3918	1.0
http://ncicb.nci.nih.gov/xml/owl/EVS/Thesaurus.owl#C4375	http://purl.obolibrary.org/obo/DOID_13317	1.0
http://ncicb.nci.nih.gov/xml/owl/EVS/Thesaurus.owl#C4376	http://purl.obolibrary.org/obo/DOID_1074	0.97752261
http://ncicb.nci.nih.gov/xml/owl/EVS/Thesaurus.owl#C4377	http://purl.obolibrary.org/obo/DOID_1062	1.0
http://ncicb.nci.nih.gov/xml/owl/EVS/Thesaurus.owl#C4380	http://purl.obolibrary.org/obo/DOID_518	0.91908687
http://ncicb.nci.nih.gov/xml/owl/EVS/Thesaurus.owl#C4381	http://purl.obolibrary.org/obo/DOID_2152	0.91417623
http://ncicb.nci.nih.gov/xml/owl/EVS/Thesaurus.owl#C4389	http://purl.obolibrary.org/obo/DOID_0080172	0.91101205
http://ncicb.nci.nih.gov/xml/owl/EVS/Thesaurus.owl#C4396	http://purl.obolibrary.org/obo/DOID_5719	0.92165786
http://ncicb.nci.nih.gov/xml/owl/EVS/Thesaurus.owl#C4397	http://purl.obolibrary.org/obo/DOID_297	0.92408335
http://ncicb.nci.nih.gov/xml/owl/EVS/Thesaurus.owl#C4413	http://purl.obolibrary.org/obo/DOID_9310	1.0
http://ncicb.nci.nih.gov/xml/owl/EVS/Thesaurus.owl#C4416	http://purl.obolibrary.org/obo/DOID_1364	0.96847743
http://ncicb.nci.nih.gov/xml/owl/EVS/Thesaurus.owl#C4419	http://purl.obolibrary.org/obo/DOID_1361	1.0
http://ncicb.nci.nih.gov/xml/owl/EVS/Thesaurus.owl#C4425	http://purl.obolibrary.org/obo/DOID_2597	1.0
http://ncicb.nci.nih.gov/xml/owl/EVS/Thesaurus.owl#C4426	http://purl.obolibrary.org/obo/DOID_10069	1.0
http://ncicb.nci.nih.gov/xml/owl/EVS/Thesaurus.owl#C4427	http://purl.obolibrary.org/obo/DOID_10069	0.90487486
http://ncicb.nci.nih.gov/xml/owl/EVS/Thesaurus.owl#C4432	http://purl.obolibrary.org/obo/DOID_7505	0.98994297
http://ncicb.nci.nih.gov/xml/owl/EVS/Thesaurus.owl#C4433	http://purl.obolibrary.org/obo/DOID_1521	0.90041518
http://ncicb.nci.nih.gov/xml/owl/EVS/Thesaurus.owl#C4434	http://purl.obolibrary.org/obo/DOID_11240	0.93869513
http://ncicb.nci.nih.gov/xml/owl/EVS/Thesaurus.owl#C4435	http://purl.obolibrary.org/obo/DOID_8170	0.92767042
http://ncicb.nci.nih.gov/xml/owl/EVS/Thesaurus.owl#C4436	http://purl.obolibrary.org/obo/DOID_4947	1.0
http://ncicb.nci.nih.gov/xml/owl/EVS/Thesaurus.owl#C4437	http://purl.obolibrary.org/obo/DOID_270	1.0
http://ncicb.nci.nih.gov/xml/owl/EVS/Thesaurus.owl#C4438	http://purl.obolibrary.org/obo/DOID_268	1.0
http://ncicb.nci.nih.gov/xml/owl/EVS/Thesaurus.owl#C4441	http://purl.obolibrary.org/obo/DOID_0050625	1.0
http://ncicb.nci.nih.gov/xml/owl/EVS/Thesaurus.owl#C4443	http://purl.obolibrary.org/obo/DOID_10022	1.0
http://ncicb.nci.nih.gov/xml/owl/EVS/Thesaurus.owl#C4448	http://purl.obolibrary.org/obo/DOID_12003	0.92561293
http://ncicb.nci.nih.gov/xml/owl/EVS/Thesaurus.owl#C4450	http://purl.obolibrary.org/obo/DOID_4556	1.0
http://ncicb.nci.nih.gov/xml/owl/EVS/Thesaurus.owl#C4452	http://purl.obolibrary.org/obo/DOID_5583	1.0
http://ncicb.nci.nih.gov/xml/owl/EVS/Thesaurus.owl#C4454	http://purl.obolibrary.org/obo/DOID_3683	1.0
http://ncicb.nci.nih.gov/xml/owl/EVS/Thesaurus.owl#C4455	http://purl.obolibrary.org/obo/DOID_5386	1.0
http://ncicb.nci.nih.gov/xml/owl/EVS/Thesaurus.owl#C4456	http://purl.obolibrary.org/obo/DOID_1790	1.0
http://ncicb.nci.nih.gov/xml/owl/EVS/Thesaurus.owl#C4457	http://purl.obolibrary.org/obo/DOID_0050695	0.92898244
http://ncicb.nci.nih.gov/xml/owl/EVS/Thesaurus.owl#C4459	http://purl.obolibrary.org/obo/DOID_8288	1.0
http://ncicb.nci.nih.gov/xml/owl/EVS/Thesaurus.owl#C4460	http://purl.obolibrary.org/obo/DOID_7643	1.0
http://ncicb.nci.nih.gov/xml/owl/EVS/Thesaurus.owl#C4462	http://purl.obolibrary.org/obo/DOID_7380	0.99565917
http://ncicb.nci.nih.gov/xml/owl/EVS/Thesaurus.owl#C4463	http://purl.obolibrary.org/obo/DOID_2433	0.93228012
http://ncicb.nci.nih.gov/xml/owl/EVS/Thesaurus.owl#C4468	http://purl.obolibrary.org/obo/DOID_4322	1.0
http://ncicb.nci.nih.gov/xml/owl/EVS/Thesaurus.owl#C4469	http://purl.obolibrary.org/obo/DOID_8426	0.98056448
http://ncicb.nci.nih.gov/xml/owl/EVS/Thesaurus.owl#C4472	http://purl.obolibrary.org/obo/DOID_4683	0.97532022
http://ncicb.nci.nih.gov/xml/owl/EVS/Thesaurus.owl#C4475	http://purl.obolibrary.org/obo/DOID_2438	0.91361898
http://ncicb.nci.nih.gov/xml/owl/EVS/Thesaurus.owl#C4478	http://purl.obolibrary.org/obo/DOID_5769	0.9910987
http://ncicb.nci.nih.gov/xml/owl/EVS/Thesaurus.owl#C4481	http://purl.obolibrary.org/obo/DOID_2425	1.0
http://ncicb.nci.nih.gov/xml/owl/EVS/Thesaurus.owl#C4482	http://purl.obolibrary.org/obo/DOID_5132	0.95593059
http://ncicb.nci.nih.gov/xml/owl/EVS/Thesaurus.owl#C4483	http://purl.obolibrary.org/obo/DOID_5147	1.0
http://ncicb.nci.nih.gov/xml/owl/EVS/Thesaurus.owl#C4484	http://purl.obolibrary.org/obo/DOID_5273	1.0
http://ncicb.nci.nih.gov/xml/owl/EVS/Thesaurus.owl#C4488	http://purl.obolibrary.org/obo/DOID_479	1.0
http://ncicb.nci.nih.gov/xml/owl/EVS/Thesaurus.owl#C4489	http://purl.obolibrary.org/obo/DOID_4517	1.0
http://ncicb.nci.nih.gov/xml/owl/EVS/Thesaurus.owl#C4490	http://purl.obolibrary.org/obo/DOID_2689	1.0
http://ncicb.nci.nih.gov/xml/owl/EVS/Thesaurus.owl#C4491	http://purl.obolibrary.org/obo/DOID_2430	0.98367101
http://ncicb.nci.nih.gov/xml/owl/EVS/Thesaurus.owl#C4504	http://purl.obolibrary.org/obo/DOID_3016	1.0
http://ncicb.nci.nih.gov/xml/owl/EVS/Thesaurus.owl#C4505	http://purl.obolibrary.org/obo/DOID_0060082	1.0
http://ncicb.nci.nih.gov/xml/owl/EVS/Thesaurus.owl#C4512	http://purl.obolibrary.org/obo/DOID_3267	1.0
http://ncicb.nci.nih.gov/xml/owl/EVS/Thesaurus.owl#C4514	http://purl.obolibrary.org/obo/DOID_2155	0.99460536
http://ncicb.nci.nih.gov/xml/owl/EVS/Thesaurus.owl#C4515	http://purl.obolibrary.org/obo/DOID_5550	0.9753648
http://ncicb.nci.nih.gov/xml/owl/EVS/Thesaurus.owl#C4517	http://purl.obolibrary.org/obo/DOID_0060111	1.0
http://ncicb.nci.nih.gov/xml/owl/EVS/Thesaurus.owl#C4518	http://purl.obolibrary.org/obo/DOID_5729	1.0
http://ncicb.nci.nih.gov/xml/owl/EVS/Thesaurus.owl#C4519	http://purl.obolibrary.org/obo/DOID_5636	1.0
http://ncicb.nci.nih.gov/xml/owl/EVS/Thesaurus.owl#C4524	http://purl.obolibrary.org/obo/DOID_4463	0.92804897
http://ncicb.nci.nih.gov/xml/owl/EVS/Thesaurus.owl#C4525	http://purl.obolibrary.org/obo/DOID_4242	1.0
http://ncicb.nci.nih.gov/xml/owl/EVS/Thesaurus.owl#C45256	http://purl.obolibrary.org/obo/DOID_9720	0.93984431
http://ncicb.nci.nih.gov/xml/owl/EVS/Thesaurus.owl#C4526	http://purl.obolibrary.org/obo/DOID_6245	0.98479533
http://ncicb.nci.nih.gov/xml/owl/EVS/Thesaurus.owl#C4527	http://purl.obolibrary.org/obo/DOID_262	1.0
http://ncicb.nci.nih.gov/xml/owl/EVS/Thesaurus.owl#C4528	http://purl.obolibrary.org/obo/DOID_6119	1.0
http://ncicb.nci.nih.gov/xml/owl/EVS/Thesaurus.owl#C4533	http://purl.obolibrary.org/obo/DOID_5648	0.9331966
http://ncicb.nci.nih.gov/xml/owl/EVS/Thesaurus.owl#C4534	http://purl.obolibrary.org/obo/DOID_3185	1.0
http://ncicb.nci.nih.gov/xml/owl/EVS/Thesaurus.owl#C4535	http://purl.obolibrary.org/obo/DOID_3184	1.0
http://ncicb.nci.nih.gov/xml/owl/EVS/Thesaurus.owl#C4536	http://purl.obolibrary.org/obo/DOID_4916	0.98853093
http://ncicb.nci.nih.gov/xml/owl/EVS/Thesaurus.owl#C4537	http://purl.obolibrary.org/obo/DOID_4992	1.0
http://ncicb.nci.nih.gov/xml/owl/EVS/Thesaurus.owl#C4538	http://purl.obolibrary.org/obo/DOID_5632	1.0
http://ncicb.nci.nih.gov/xml/owl/EVS/Thesaurus.owl#C4540	http://purl.obolibrary.org/obo/DOID_4870	1.0
http://ncicb.nci.nih.gov/xml/owl/EVS/Thesaurus.owl#C4541	http://purl.obolibrary.org/obo/DOID_298	1.0
http://ncicb.nci.nih.gov/xml/owl/EVS/Thesaurus.owl#C45428	http://purl.obolibrary.org/obo/DOID_10607	1.0
http://ncicb.nci.nih.gov/xml/owl/EVS/Thesaurus.owl#C4543	http://purl.obolibrary.org/obo/DOID_3259	1.0
http://ncicb.nci.nih.gov/xml/owl/EVS/Thesaurus.owl#C4546	http://purl.obolibrary.org/obo/DOID_14463	0.99015611
http://ncicb.nci.nih.gov/xml/owl/EVS/Thesaurus.owl#C4549	http://purl.obolibrary.org/obo/DOID_1748	1.0
http://ncicb.nci.nih.gov/xml/owl/EVS/Thesaurus.owl#C4550	http://purl.obolibrary.org/obo/DOID_1751	0.95510441
http://ncicb.nci.nih.gov/xml/owl/EVS/Thesaurus.owl#C4551	http://purl.obolibrary.org/obo/DOID_0050906	1.0
http://ncicb.nci.nih.gov/xml/owl/EVS/Thesaurus.owl#C4552	http://purl.obolibrary.org/obo/DOID_13538	0.93109095
http://ncicb.nci.nih.gov/xml/owl/EVS/Thesaurus.owl#C45525	http://purl.obolibrary.org/obo/DOID_4079	0.93354839
http://ncicb.nci.nih.gov/xml/owl/EVS/Thesaurus.owl#C4553	http://purl.obolibrary.org/obo/DOID_8400	0.93767035
http://ncicb.nci.nih.gov/xml/owl/EVS/Thesaurus.owl#C4554	http://purl.obolibrary.org/obo/DOID_3478	0.95368242
http://ncicb.nci.nih.gov/xml/owl/EVS/Thesaurus.owl#C45540	http://purl.obolibrary.org/obo/DOID_2784	0.91969734
http://ncicb.nci.nih.gov/xml/owl/EVS/Thesaurus.owl#C45544	http://purl.obolibrary.org/obo/DOID_0050932	1.0
http://ncicb.nci.nih.gov/xml/owl/EVS/Thesaurus.owl#C4558	http://purl.obolibrary.org/obo/DOID_6524	0.96613085
http://ncicb.nci.nih.gov/xml/owl/EVS/Thesaurus.owl#C4561	http://purl.obolibrary.org/obo/DOID_6438	0.9637897
http://ncicb.nci.nih.gov/xml/owl/EVS/Thesaurus.owl#C45627	http://purl.obolibrary.org/obo/DOID_4769	0.90271723
http://ncicb.nci.nih.gov/xml/owl/EVS/Thesaurus.owl#C4564	http://purl.obolibrary.org/obo/DOID_265	0.95696121
http://ncicb.nci.nih.gov/xml/owl/EVS/Thesaurus.owl#C4565	http://purl.obolibrary.org/obo/DOID_0060097	1.0
http://ncicb.nci.nih.gov/xml/owl/EVS/Thesaurus.owl#C45655	http://purl.obolibrary.org/obo/DOID_4488	1.0
http://ncicb.nci.nih.gov/xml/owl/EVS/Thesaurus.owl#C4566	http://purl.obolibrary.org/obo/DOID_7696	0.93185735
http://ncicb.nci.nih.gov/xml/owl/EVS/Thesaurus.owl#C45663	http://purl.obolibrary.org/obo/DOID_4488	0.91642714
http://ncicb.nci.nih.gov/xml/owl/EVS/Thesaurus.owl#C45665	http://purl.obolibrary.org/obo/DOID_4486	0.91836017
http://ncicb.nci.nih.gov/xml/owl/EVS/Thesaurus.owl#C4569	http://purl.obolibrary.org/obo/DOID_9299	0.92609221
http://ncicb.nci.nih.gov/xml/owl/EVS/Thesaurus.owl#C4570	http://purl.obolibrary.org/obo/DOID_5877	0.90753031
http://ncicb.nci.nih.gov/xml/owl/EVS/Thesaurus.owl#C4572	http://purl.obolibrary.org/obo/DOID_10155	0.93900961
http://ncicb.nci.nih.gov/xml/owl/EVS/Thesaurus.owl#C4574	http://purl.obolibrary.org/obo/DOID_5274	0.92291826
http://ncicb.nci.nih.gov/xml/owl/EVS/Thesaurus.owl#C45745	http://purl.obolibrary.org/obo/DOID_0080198	0.95420069
http://ncicb.nci.nih.gov/xml/owl/EVS/Thesaurus.owl#C4576	http://purl.obolibrary.org/obo/DOID_6098	0.9379822
http://ncicb.nci.nih.gov/xml/owl/EVS/Thesaurus.owl#C45837	http://purl.obolibrary.org/obo/DOID_7698	0.94008547
http://ncicb.nci.nih.gov/xml/owl/EVS/Thesaurus.owl#C4606	http://purl.obolibrary.org/obo/DOID_7105	0.90273213
http://ncicb.nci.nih.gov/xml/owl/EVS/Thesaurus.owl#C4609	http://purl.obolibrary.org/obo/DOID_4610	1.0
http://ncicb.nci.nih.gov/xml/owl/EVS/Thesaurus.owl#C4614	http://purl.obolibrary.org/obo/DOID_3178	1.0
http://ncicb.nci.nih.gov/xml/owl/EVS/Thesaurus.owl#C4616	http://purl.obolibrary.org/obo/DOID_10199	0.92875659
http://ncicb.nci.nih.gov/xml/owl/EVS/Thesaurus.owl#C4618	http://purl.obolibrary.org/obo/DOID_10203	0.92386913
http://ncicb.nci.nih.gov/xml/owl/EVS/Thesaurus.owl#C4619	http://purl.obolibrary.org/obo/DOID_13743	1.0
http://ncicb.nci.nih.gov/xml/owl/EVS/Thesaurus.owl#C4621	http://purl.obolibrary.org/obo/DOID_0060089	0.97252864
http://ncicb.nci.nih.gov/xml/owl/EVS/Thesaurus.owl#C4632	http://purl.obolibrary.org/obo/DOID_13691	0.99869937
http://ncicb.nci.nih.gov/xml/owl/EVS/Thesaurus.owl#C4633	http://purl.obolibrary.org/obo/DOID_10054	1.0
http://ncicb.nci.nih.gov/xml/owl/EVS/Thesaurus.owl#C4636	http://purl.obolibrary.org/obo/DOID_10540	1.0
http://ncicb.nci.nih.gov/xml/owl/EVS/Thesaurus.owl#C4640	http://purl.obolibrary.org/obo/DOID_1992	0.93117726
http://ncicb.nci.nih.gov/xml/owl/EVS/Thesaurus.owl#C4641	http://purl.obolibrary.org/obo/DOID_4863	1.0
http://ncicb.nci.nih.gov/xml/owl/EVS/Thesaurus.owl#C4643	http://purl.obolibrary.org/obo/DOID_13159	0.92899019
http://ncicb.nci.nih.gov/xml/owl/EVS/Thesaurus.owl#C4646	http://purl.obolibrary.org/obo/DOID_2025	1.0
http://ncicb.nci.nih.gov/xml/owl/EVS/Thesaurus.owl#C4647	http://purl.obolibrary.org/obo/DOID_10199	1.0
http://ncicb.nci.nih.gov/xml/owl/EVS/Thesaurus.owl#C4648	http://purl.obolibrary.org/obo/DOID_0050865	1.0
http://ncicb.nci.nih.gov/xml/owl/EVS/Thesaurus.owl#C4653	http://purl.obolibrary.org/obo/DOID_5665	0.93159926
http://ncicb.nci.nih.gov/xml/owl/EVS/Thesaurus.owl#C4655	http://purl.obolibrary.org/obo/DOID_1201	0.9160127
http://ncicb.nci.nih.gov/xml/owl/EVS/Thesaurus.owl#C4660	http://purl.obolibrary.org/obo/DOID_4957	0.90141821
http://ncicb.nci.nih.gov/xml/owl/EVS/Thesaurus.owl#C4662	http://purl.obolibrary.org/obo/DOID_5900	1.0
http://ncicb.nci.nih.gov/xml/owl/EVS/Thesaurus.owl#C4663	http://purl.obolibrary.org/obo/DOID_0050750	1.0
http://ncicb.nci.nih.gov/xml/owl/EVS/Thesaurus.owl#C4664	http://purl.obolibrary.org/obo/DOID_0050751	1.0
http://ncicb.nci.nih.gov/xml/owl/EVS/Thesaurus.owl#C4665	http://purl.obolibrary.org/obo/DOID_6536	1.0
http://ncicb.nci.nih.gov/xml/owl/EVS/Thesaurus.owl#C4669	http://purl.obolibrary.org/obo/DOID_11812	1.0
http://ncicb.nci.nih.gov/xml/owl/EVS/Thesaurus.owl#C4670	http://purl.obolibrary.org/obo/DOID_3017	1.0
http://ncicb.nci.nih.gov/xml/owl/EVS/Thesaurus.owl#C4671	http://purl.obolibrary.org/obo/DOID_5826	1.0
http://ncicb.nci.nih.gov/xml/owl/EVS/Thesaurus.owl#C4672	http://purl.obolibrary.org/obo/DOID_3577	0.9798907
http://ncicb.nci.nih.gov/xml/owl/EVS/Thesaurus.owl#C4675	http://purl.obolibrary.org/obo/DOID_7280	1.0
http://ncicb.nci.nih.gov/xml/owl/EVS/Thesaurus.owl#C4676	http://purl.obolibrary.org/obo/DOID_3842	1.0
http://ncicb.nci.nih.gov/xml/owl/EVS/Thesaurus.owl#C4680	http://purl.obolibrary.org/obo/DOID_8936	0.97908521
http://ncicb.nci.nih.gov/xml/owl/EVS/Thesaurus.owl#C4683	http://purl.obolibrary.org/obo/DOID_3507	1.0
http://ncicb.nci.nih.gov/xml/owl/EVS/Thesaurus.owl#C4687	http://purl.obolibrary.org/obo/DOID_2550	1.0
http://ncicb.nci.nih.gov/xml/owl/EVS/Thesaurus.owl#C4691	http://purl.obolibrary.org/obo/DOID_626	1.0
http://ncicb.nci.nih.gov/xml/owl/EVS/Thesaurus.owl#C4692	http://purl.obolibrary.org/obo/DOID_7400	1.0
http://ncicb.nci.nih.gov/xml/owl/EVS/Thesaurus.owl#C4699	http://purl.obolibrary.org/obo/DOID_3596	0.91928416
http://ncicb.nci.nih.gov/xml/owl/EVS/Thesaurus.owl#C4705	http://purl.obolibrary.org/obo/DOID_0050471	1.0
http://ncicb.nci.nih.gov/xml/owl/EVS/Thesaurus.owl#C4713	http://purl.obolibrary.org/obo/DOID_5500	1.0
http://ncicb.nci.nih.gov/xml/owl/EVS/Thesaurus.owl#C4714	http://purl.obolibrary.org/obo/DOID_5507	1.0
http://ncicb.nci.nih.gov/xml/owl/EVS/Thesaurus.owl#C4715	http://purl.obolibrary.org/obo/DOID_5648	1.0
http://ncicb.nci.nih.gov/xml/owl/EVS/Thesaurus.owl#C4716	http://purl.obolibrary.org/obo/DOID_4055	1.0
http://ncicb.nci.nih.gov/xml/owl/EVS/Thesaurus.owl#C4718	http://purl.obolibrary.org/obo/DOID_4588	1.0
http://ncicb.nci.nih.gov/xml/owl/EVS/Thesaurus.owl#C4719	http://purl.obolibrary.org/obo/DOID_4584	1.0
http://ncicb.nci.nih.gov/xml/owl/EVS/Thesaurus.owl#C4720	http://purl.obolibrary.org/obo/DOID_4591	1.0
http://ncicb.nci.nih.gov/xml/owl/EVS/Thesaurus.owl#C4721	http://purl.obolibrary.org/obo/DOID_4594	1.0
http://ncicb.nci.nih.gov/xml/owl/EVS/Thesaurus.owl#C4722	http://purl.obolibrary.org/obo/DOID_4210	1.0
http://ncicb.nci.nih.gov/xml/owl/EVS/Thesaurus.owl#C4724	http://purl.obolibrary.org/obo/DOID_3196	1.0
http://ncicb.nci.nih.gov/xml/owl/EVS/Thesaurus.owl#C4725	http://purl.obolibrary.org/obo/DOID_3847	1.0
http://ncicb.nci.nih.gov/xml/owl/EVS/Thesaurus.owl#C4726	http://purl.obolibrary.org/obo/DOID_3846	0.98764563
http://ncicb.nci.nih.gov/xml/owl/EVS/Thesaurus.owl#C4728	http://purl.obolibrary.org/obo/DOID_9599	1.0
http://ncicb.nci.nih.gov/xml/owl/EVS/Thesaurus.owl#C4731	http://purl.obolibrary.org/obo/DOID_870	1.0
http://ncicb.nci.nih.gov/xml/owl/EVS/Thesaurus.owl#C4733	http://purl.obolibrary.org/obo/DOID_3852	1.0
http://ncicb.nci.nih.gov/xml/owl/EVS/Thesaurus.owl#C4734	http://purl.obolibrary.org/obo/DOID_9547	0.94386828
http://ncicb.nci.nih.gov/xml/owl/EVS/Thesaurus.owl#C4748	http://purl.obolibrary.org/obo/DOID_6345	0.976152
http://ncicb.nci.nih.gov/xml/owl/EVS/Thesaurus.owl#C4753	http://purl.obolibrary.org/obo/DOID_1039	0.91511232
http://ncicb.nci.nih.gov/xml/owl/EVS/Thesaurus.owl#C4754	http://purl.obolibrary.org/obo/DOID_496	1.0
http://ncicb.nci.nih.gov/xml/owl/EVS/Thesaurus.owl#C4765	http://purl.obolibrary.org/obo/DOID_5099	0.93965888
http://ncicb.nci.nih.gov/xml/owl/EVS/Thesaurus.owl#C4766	http://purl.obolibrary.org/obo/DOID_4352	0.96166885
http://ncicb.nci.nih.gov/xml/owl/EVS/Thesaurus.owl#C4767	http://purl.obolibrary.org/obo/DOID_2174	1.0
http://ncicb.nci.nih.gov/xml/owl/EVS/Thesaurus.owl#C4772	http://purl.obolibrary.org/obo/DOID_1517	0.96157175
http://ncicb.nci.nih.gov/xml/owl/EVS/Thesaurus.owl#C4775	http://purl.obolibrary.org/obo/DOID_1737	1.0
http://ncicb.nci.nih.gov/xml/owl/EVS/Thesaurus.owl#C4777	http://purl.obolibrary.org/obo/DOID_0060087	0.97832561
http://ncicb.nci.nih.gov/xml/owl/EVS/Thesaurus.owl#C4778	http://purl.obolibrary.org/obo/DOID_3116	1.0
http://ncicb.nci.nih.gov/xml/owl/EVS/Thesaurus.owl#C4784	http://purl.obolibrary.org/obo/DOID_176	0.91734129
http://ncicb.nci.nih.gov/xml/owl/EVS/Thesaurus.owl#C47857	http://purl.obolibrary.org/obo/DOID_3443	1.0
http://ncicb.nci.nih.gov/xml/owl/EVS/Thesaurus.owl#C4786	http://purl.obolibrary.org/obo/DOID_1307	1.0
http://ncicb.nci.nih.gov/xml/owl/EVS/Thesaurus.owl#C4787	http://purl.obolibrary.org/obo/DOID_0050624	0.94713759
http://ncicb.nci.nih.gov/xml/owl/EVS/Thesaurus.owl#C4788	http://purl.obolibrary.org/obo/DOID_3093	0.93387139
http://ncicb.nci.nih.gov/xml/owl/EVS/Thesaurus.owl#C4789	http://purl.obolibrary.org/obo/DOID_0060115	1.0
http://ncicb.nci.nih.gov/xml/owl/EVS/Thesaurus.owl#C4793	http://purl.obolibrary.org/obo/DOID_1523	1.0
http://ncicb.nci.nih.gov/xml/owl/EVS/Thesaurus.owl#C4794	http://purl.obolibrary.org/obo/DOID_6760	1.0
http://ncicb.nci.nih.gov/xml/owl/EVS/Thesaurus.owl#C4795	http://purl.obolibrary.org/obo/DOID_2883	0.95776433
http://ncicb.nci.nih.gov/xml/owl/EVS/Thesaurus.owl#C4800	http://purl.obolibrary.org/obo/DOID_4645	0.91596276
http://ncicb.nci.nih.gov/xml/owl/EVS/Thesaurus.owl#C4801	http://purl.obolibrary.org/obo/DOID_3419	1.0
http://ncicb.nci.nih.gov/xml/owl/EVS/Thesaurus.owl#C4802	http://purl.obolibrary.org/obo/DOID_1289	0.90140057
http://ncicb.nci.nih.gov/xml/owl/EVS/Thesaurus.owl#C4807	http://purl.obolibrary.org/obo/DOID_6112	1.0
http://ncicb.nci.nih.gov/xml/owl/EVS/Thesaurus.owl#C4810	http://purl.obolibrary.org/obo/DOID_2095	0.94948411
http://ncicb.nci.nih.gov/xml/owl/EVS/Thesaurus.owl#C4815	http://purl.obolibrary.org/obo/DOID_3963	0.98339123
http://ncicb.nci.nih.gov/xml/owl/EVS/Thesaurus.owl#C4816	http://purl.obolibrary.org/obo/DOID_3159	0.92614335
http://ncicb.nci.nih.gov/xml/owl/EVS/Thesaurus.owl#C4817	http://purl.obolibrary.org/obo/DOID_3369	1.0
http://ncicb.nci.nih.gov/xml/owl/EVS/Thesaurus.owl#C4819	http://purl.obolibrary.org/obo/DOID_3151	1.0
http://ncicb.nci.nih.gov/xml/owl/EVS/Thesaurus.owl#C4822	http://purl.obolibrary.org/obo/DOID_3070	1.0
http://ncicb.nci.nih.gov/xml/owl/EVS/Thesaurus.owl#C4825	http://purl.obolibrary.org/obo/DOID_8858	0.92221564
http://ncicb.nci.nih.gov/xml/owl/EVS/Thesaurus.owl#C48259	http://purl.obolibrary.org/obo/DOID_13543	1.0
http://ncicb.nci.nih.gov/xml/owl/EVS/Thesaurus.owl#C4826	http://purl.obolibrary.org/obo/DOID_769	0.92752355
http://ncicb.nci.nih.gov/xml/owl/EVS/Thesaurus.owl#C4827	http://purl.obolibrary.org/obo/DOID_5718	0.99380887
http://ncicb.nci.nih.gov/xml/owl/EVS/Thesaurus.owl#C4828	http://purl.obolibrary.org/obo/DOID_0060643	1.0
http://ncicb.nci.nih.gov/xml/owl/EVS/Thesaurus.owl#C48280	http://purl.obolibrary.org/obo/DOID_11202	1.0
http://ncicb.nci.nih.gov/xml/owl/EVS/Thesaurus.owl#C4830	http://purl.obolibrary.org/obo/DOID_4939	0.96296138
http://ncicb.nci.nih.gov/xml/owl/EVS/Thesaurus.owl#C48305	http://purl.obolibrary.org/obo/DOID_0050892	0.96077842
http://ncicb.nci.nih.gov/xml/owl/EVS/Thesaurus.owl#C4832	http://purl.obolibrary.org/obo/DOID_12341	1.0
http://ncicb.nci.nih.gov/xml/owl/EVS/Thesaurus.owl#C4833	http://purl.obolibrary.org/obo/DOID_0050866	0.92566049
http://ncicb.nci.nih.gov/xml/owl/EVS/Thesaurus.owl#C4835	http://purl.obolibrary.org/obo/DOID_4985	0.90273654
http://ncicb.nci.nih.gov/xml/owl/EVS/Thesaurus.owl#C4836	http://purl.obolibrary.org/obo/DOID_7105	0.93588942
http://ncicb.nci.nih.gov/xml/owl/EVS/Thesaurus.owl#C48458	http://purl.obolibrary.org/obo/DOID_0050891	0.90594977
http://ncicb.nci.nih.gov/xml/owl/EVS/Thesaurus.owl#C4855	http://purl.obolibrary.org/obo/DOID_2600	1.0
http://ncicb.nci.nih.gov/xml/owl/EVS/Thesaurus.owl#C4856	http://purl.obolibrary.org/obo/DOID_5719	0.93002391
http://ncicb.nci.nih.gov/xml/owl/EVS/Thesaurus.owl#C4860	http://purl.obolibrary.org/obo/DOID_2784	1.0
http://ncicb.nci.nih.gov/xml/owl/EVS/Thesaurus.owl#C4861	http://purl.obolibrary.org/obo/DOID_8864	1.0
http://ncicb.nci.nih.gov/xml/owl/EVS/Thesaurus.owl#C48627	http://purl.obolibrary.org/obo/DOID_1858	1.0
http://ncicb.nci.nih.gov/xml/owl/EVS/Thesaurus.owl#C4863	http://purl.obolibrary.org/obo/DOID_10286	1.0
http://ncicb.nci.nih.gov/xml/owl/EVS/Thesaurus.owl#C4866	http://purl.obolibrary.org/obo/DOID_1294	0.94409657
http://ncicb.nci.nih.gov/xml/owl/EVS/Thesaurus.owl#C4869	http://purl.obolibrary.org/obo/DOID_4206	0.91097194
http://ncicb.nci.nih.gov/xml/owl/EVS/Thesaurus.owl#C4872	http://purl.obolibrary.org/obo/DOID_3459	1.0
http://ncicb.nci.nih.gov/xml/owl/EVS/Thesaurus.owl#C4877	http://purl.obolibrary.org/obo/DOID_2780	0.97617388
http://ncicb.nci.nih.gov/xml/owl/EVS/Thesaurus.owl#C4878	http://purl.obolibrary.org/obo/DOID_3905	1.0
http://ncicb.nci.nih.gov/xml/owl/EVS/Thesaurus.owl#C4879	http://purl.obolibrary.org/obo/DOID_2664	0.94126034
http://ncicb.nci.nih.gov/xml/owl/EVS/Thesaurus.owl#C4880	http://purl.obolibrary.org/obo/DOID_0060094	1.0
http://ncicb.nci.nih.gov/xml/owl/EVS/Thesaurus.owl#C4882	http://purl.obolibrary.org/obo/DOID_461	1.0
http://ncicb.nci.nih.gov/xml/owl/EVS/Thesaurus.owl#C48829	http://purl.obolibrary.org/obo/DOID_4977	0.94610298
http://ncicb.nci.nih.gov/xml/owl/EVS/Thesaurus.owl#C4883	http://purl.obolibrary.org/obo/DOID_4043	0.90731794
http://ncicb.nci.nih.gov/xml/owl/EVS/Thesaurus.owl#C4890	http://purl.obolibrary.org/obo/DOID_3119	0.90020621
http://ncicb.nci.nih.gov/xml/owl/EVS/Thesaurus.owl#C4893	http://purl.obolibrary.org/obo/DOID_731	1.0
http://ncicb.nci.nih.gov/xml/owl/EVS/Thesaurus.owl#C49012	http://purl.obolibrary.org/obo/DOID_4386	0.94505686
http://ncicb.nci.nih.gov/xml/owl/EVS/Thesaurus.owl#C4905	http://purl.obolibrary.org/obo/DOID_471	1.0
http://ncicb.nci.nih.gov/xml/owl/EVS/Thesaurus.owl#C4906	http://purl.obolibrary.org/obo/DOID_1540	0.91811728
http://ncicb.nci.nih.gov/xml/owl/EVS/Thesaurus.owl#C4908	http://purl.obolibrary.org/obo/DOID_4001	1.0
http://ncicb.nci.nih.gov/xml/owl/EVS/Thesaurus.owl#C4910	http://purl.obolibrary.org/obo/DOID_1520	1.0
http://ncicb.nci.nih.gov/xml/owl/EVS/Thesaurus.owl#C4911	http://purl.obolibrary.org/obo/DOID_5517	1.0
http://ncicb.nci.nih.gov/xml/owl/EVS/Thesaurus.owl#C4912	http://purl.obolibrary.org/obo/DOID_4007	1.0
http://ncicb.nci.nih.gov/xml/owl/EVS/Thesaurus.owl#C4913	http://purl.obolibrary.org/obo/DOID_120	0.91615289
http://ncicb.nci.nih.gov/xml/owl/EVS/Thesaurus.owl#C4914	http://purl.obolibrary.org/obo/DOID_3451	1.0
http://ncicb.nci.nih.gov/xml/owl/EVS/Thesaurus.owl#C4917	http://purl.obolibrary.org/obo/DOID_5409	1.0
http://ncicb.nci.nih.gov/xml/owl/EVS/Thesaurus.owl#C4918	http://purl.obolibrary.org/obo/DOID_10811	0.91463339
http://ncicb.nci.nih.gov/xml/owl/EVS/Thesaurus.owl#C4921	http://purl.obolibrary.org/obo/DOID_5240	0.92027062
http://ncicb.nci.nih.gov/xml/owl/EVS/Thesaurus.owl#C4923	http://purl.obolibrary.org/obo/DOID_2599	1.0
http://ncicb.nci.nih.gov/xml/owl/EVS/Thesaurus.owl#C4925	http://purl.obolibrary.org/obo/DOID_2994	0.92212689
http://ncicb.nci.nih.gov/xml/owl/EVS/Thesaurus.owl#C4933	http://purl.obolibrary.org/obo/DOID_7105	1.0
http://ncicb.nci.nih.gov/xml/owl/EVS/Thesaurus.owl#C4934	http://purl.obolibrary.org/obo/DOID_0060086	0.97700381
http://ncicb.nci.nih.gov/xml/owl/EVS/Thesaurus.owl#C4944	http://purl.obolibrary.org/obo/DOID_3643	1.0
http://ncicb.nci.nih.gov/xml/owl/EVS/Thesaurus.owl#C4945	http://purl.obolibrary.org/obo/DOID_7587	0.99415928
http://ncicb.nci.nih.gov/xml/owl/EVS/Thesaurus.owl#C4949	http://purl.obolibrary.org/obo/DOID_901	1.0
http://ncicb.nci.nih.gov/xml/owl/EVS/Thesaurus.owl#C4951	http://purl.obolibrary.org/obo/DOID_3069	1.0
http://ncicb.nci.nih.gov/xml/owl/EVS/Thesaurus.owl#C4956	http://purl.obolibrary.org/obo/DOID_3873	0.9279592
http://ncicb.nci.nih.gov/xml/owl/EVS/Thesaurus.owl#C4959	http://purl.obolibrary.org/obo/DOID_6114	1.0
http://ncicb.nci.nih.gov/xml/owl/EVS/Thesaurus.owl#C4960	http://purl.obolibrary.org/obo/DOID_6869	1.0
http://ncicb.nci.nih.gov/xml/owl/EVS/Thesaurus.owl#C4961	http://purl.obolibrary.org/obo/DOID_5940	0.90467578
http://ncicb.nci.nih.gov/xml/owl/EVS/Thesaurus.owl#C4962	http://purl.obolibrary.org/obo/DOID_3277	0.93942392
http://ncicb.nci.nih.gov/xml/owl/EVS/Thesaurus.owl#C4964	http://purl.obolibrary.org/obo/DOID_1659	0.93566287
http://ncicb.nci.nih.gov/xml/owl/EVS/Thesaurus.owl#C4966	http://purl.obolibrary.org/obo/DOID_4706	0.94651401
http://ncicb.nci.nih.gov/xml/owl/EVS/Thesaurus.owl#C4970	http://purl.obolibrary.org/obo/DOID_7398	0.91171765
http://ncicb.nci.nih.gov/xml/owl/EVS/Thesaurus.owl#C4972	http://purl.obolibrary.org/obo/DOID_3193	0.96673995
http://ncicb.nci.nih.gov/xml/owl/EVS/Thesaurus.owl#C4973	http://purl.obolibrary.org/obo/DOID_4697	1.0
http://ncicb.nci.nih.gov/xml/owl/EVS/Thesaurus.owl#C4978	http://purl.obolibrary.org/obo/DOID_9256	0.93950027
http://ncicb.nci.nih.gov/xml/owl/EVS/Thesaurus.owl#C4982	http://purl.obolibrary.org/obo/DOID_6004	1.0
http://ncicb.nci.nih.gov/xml/owl/EVS/Thesaurus.owl#C4983	http://purl.obolibrary.org/obo/DOID_6003	1.0
http://ncicb.nci.nih.gov/xml/owl/EVS/Thesaurus.owl#C4989	http://purl.obolibrary.org/obo/DOID_7757	1.0
http://ncicb.nci.nih.gov/xml/owl/EVS/Thesaurus.owl#C4991	http://purl.obolibrary.org/obo/DOID_635	0.93080038
http://ncicb.nci.nih.gov/xml/owl/EVS/Thesaurus.owl#C5027	http://purl.obolibrary.org/obo/DOID_5345	0.96955514
http://ncicb.nci.nih.gov/xml/owl/EVS/Thesaurus.owl#C5029	http://purl.obolibrary.org/obo/DOID_4064	0.90657473
http://ncicb.nci.nih.gov/xml/owl/EVS/Thesaurus.owl#C5041	http://purl.obolibrary.org/obo/DOID_92	1.0
http://ncicb.nci.nih.gov/xml/owl/EVS/Thesaurus.owl#C50459	http://purl.obolibrary.org/obo/DOID_0050697	0.93845105
http://ncicb.nci.nih.gov/xml/owl/EVS/Thesaurus.owl#C50466	http://purl.obolibrary.org/obo/DOID_0060224	1.0
http://ncicb.nci.nih.gov/xml/owl/EVS/Thesaurus.owl#C50481	http://purl.obolibrary.org/obo/DOID_115	1.0
http://ncicb.nci.nih.gov/xml/owl/EVS/Thesaurus.owl#C50486	http://purl.obolibrary.org/obo/DOID_3526	1.0
http://ncicb.nci.nih.gov/xml/owl/EVS/Thesaurus.owl#C50501	http://purl.obolibrary.org/obo/DOID_0050820	0.91852963
http://ncicb.nci.nih.gov/xml/owl/EVS/Thesaurus.owl#C50503	http://purl.obolibrary.org/obo/DOID_13336	1.0
http://ncicb.nci.nih.gov/xml/owl/EVS/Thesaurus.owl#C50515	http://purl.obolibrary.org/obo/DOID_8463	1.0
http://ncicb.nci.nih.gov/xml/owl/EVS/Thesaurus.owl#C50521	http://purl.obolibrary.org/obo/DOID_0080160	0.92467445
http://ncicb.nci.nih.gov/xml/owl/EVS/Thesaurus.owl#C50559	http://purl.obolibrary.org/obo/DOID_9598	1.0
http://ncicb.nci.nih.gov/xml/owl/EVS/Thesaurus.owl#C50575	http://purl.obolibrary.org/obo/DOID_987	1.0
http://ncicb.nci.nih.gov/xml/owl/EVS/Thesaurus.owl#C50577	http://purl.obolibrary.org/obo/DOID_6000	0.96137637
http://ncicb.nci.nih.gov/xml/owl/EVS/Thesaurus.owl#C50593	http://purl.obolibrary.org/obo/DOID_10443	1.0
http://ncicb.nci.nih.gov/xml/owl/EVS/Thesaurus.owl#C5061	http://purl.obolibrary.org/obo/DOID_2140	1.0
http://ncicb.nci.nih.gov/xml/owl/EVS/Thesaurus.owl#C50621	http://purl.obolibrary.org/obo/DOID_1406	1.0
http://ncicb.nci.nih.gov/xml/owl/EVS/Thesaurus.owl#C50625	http://purl.obolibrary.org/obo/DOID_114	0.91333652
http://ncicb.nci.nih.gov/xml/owl/EVS/Thesaurus.owl#C5063	http://purl.obolibrary.org/obo/DOID_10183	1.0
http://ncicb.nci.nih.gov/xml/owl/EVS/Thesaurus.owl#C50648	http://purl.obolibrary.org/obo/DOID_0050593	0.96907973
http://ncicb.nci.nih.gov/xml/owl/EVS/Thesaurus.owl#C50655	http://purl.obolibrary.org/obo/DOID_988	1.0
http://ncicb.nci.nih.gov/xml/owl/EVS/Thesaurus.owl#C50687	http://purl.obolibrary.org/obo/DOID_607	1.0
http://ncicb.nci.nih.gov/xml/owl/EVS/Thesaurus.owl#C50713	http://purl.obolibrary.org/obo/DOID_9477	1.0
http://ncicb.nci.nih.gov/xml/owl/EVS/Thesaurus.owl#C50721	http://purl.obolibrary.org/obo/DOID_12835	1.0
http://ncicb.nci.nih.gov/xml/owl/EVS/Thesaurus.owl#C50749	http://purl.obolibrary.org/obo/DOID_12156	0.94909608
http://ncicb.nci.nih.gov/xml/owl/EVS/Thesaurus.owl#C50766	http://purl.obolibrary.org/obo/DOID_2703	1.0
http://ncicb.nci.nih.gov/xml/owl/EVS/Thesaurus.owl#C50781	http://purl.obolibrary.org/obo/DOID_224	1.0
http://ncicb.nci.nih.gov/xml/owl/EVS/Thesaurus.owl#C50791	http://purl.obolibrary.org/obo/DOID_13148	1.0
http://ncicb.nci.nih.gov/xml/owl/EVS/Thesaurus.owl#C50795	http://purl.obolibrary.org/obo/DOID_3767	1.0
http://ncicb.nci.nih.gov/xml/owl/EVS/Thesaurus.owl#C50807	http://purl.obolibrary.org/obo/DOID_9726	1.0
http://ncicb.nci.nih.gov/xml/owl/EVS/Thesaurus.owl#C50842	http://purl.obolibrary.org/obo/DOID_4080	1.0
http://ncicb.nci.nih.gov/xml/owl/EVS/Thesaurus.owl#C50888	http://purl.obolibrary.org/obo/DOID_11502	1.0
http://ncicb.nci.nih.gov/xml/owl/EVS/Thesaurus.owl#C5098	http://purl.obolibrary.org/obo/DOID_5508	1.0
http://ncicb.nci.nih.gov/xml/owl/EVS/Thesaurus.owl#C5101	http://purl.obolibrary.org/obo/DOID_10194	1.0
http://ncicb.nci.nih.gov/xml/owl/EVS/Thesaurus.owl#C5102	http://purl.obolibrary.org/obo/DOID_292	1.0
http://ncicb.nci.nih.gov/xml/owl/EVS/Thesaurus.owl#C5105	http://purl.obolibrary.org/obo/DOID_0050861	1.0
http://ncicb.nci.nih.gov/xml/owl/EVS/Thesaurus.owl#C5112	http://purl.obolibrary.org/obo/DOID_2621	1.0
http://ncicb.nci.nih.gov/xml/owl/EVS/Thesaurus.owl#C5119	http://purl.obolibrary.org/obo/DOID_4698	1.0
http://ncicb.nci.nih.gov/xml/owl/EVS/Thesaurus.owl#C5122	http://purl.obolibrary.org/obo/DOID_1201	1.0
http://ncicb.nci.nih.gov/xml/owl/EVS/Thesaurus.owl#C51223	http://purl.obolibrary.org/obo/DOID_57	1.0
http://ncicb.nci.nih.gov/xml/owl/EVS/Thesaurus.owl#C5126	http://purl.obolibrary.org/obo/DOID_3843	1.0
http://ncicb.nci.nih.gov/xml/owl/EVS/Thesaurus.owl#C5128	http://purl.obolibrary.org/obo/DOID_4855	0.98933458
http://ncicb.nci.nih.gov/xml/owl/EVS/Thesaurus.owl#C5130	http://purl.obolibrary.org/obo/DOID_4877	1.0
http://ncicb.nci.nih.gov/xml/owl/EVS/Thesaurus.owl#C5134	http://purl.obolibrary.org/obo/DOID_1138	0.94142747
http://ncicb.nci.nih.gov/xml/owl/EVS/Thesaurus.owl#C5135	http://purl.obolibrary.org/obo/DOID_5615	1.0
http://ncicb.nci.nih.gov/xml/owl/EVS/Thesaurus.owl#C5140	http://purl.obolibrary.org/obo/DOID_8428	1.0
http://ncicb.nci.nih.gov/xml/owl/EVS/Thesaurus.owl#C5141	http://purl.obolibrary.org/obo/DOID_6581	1.0
http://ncicb.nci.nih.gov/xml/owl/EVS/Thesaurus.owl#C5144	http://purl.obolibrary.org/obo/DOID_1641	1.0
http://ncicb.nci.nih.gov/xml/owl/EVS/Thesaurus.owl#C5145	http://purl.obolibrary.org/obo/DOID_13742	0.99105722
http://ncicb.nci.nih.gov/xml/owl/EVS/Thesaurus.owl#C5146	http://purl.obolibrary.org/obo/DOID_6500	0.95086485
http://ncicb.nci.nih.gov/xml/owl/EVS/Thesaurus.owl#C5147	http://purl.obolibrary.org/obo/DOID_6501	0.9520061
http://ncicb.nci.nih.gov/xml/owl/EVS/Thesaurus.owl#C5152	http://purl.obolibrary.org/obo/DOID_14152	1.0
http://ncicb.nci.nih.gov/xml/owl/EVS/Thesaurus.owl#C5153	http://purl.obolibrary.org/obo/DOID_2133	1.0
http://ncicb.nci.nih.gov/xml/owl/EVS/Thesaurus.owl#C5154	http://purl.obolibrary.org/obo/DOID_2132	1.0
http://ncicb.nci.nih.gov/xml/owl/EVS/Thesaurus.owl#C5155	http://purl.obolibrary.org/obo/DOID_6871	1.0
http://ncicb.nci.nih.gov/xml/owl/EVS/Thesaurus.owl#C5156	http://purl.obolibrary.org/obo/DOID_4153	1.0
http://ncicb.nci.nih.gov/xml/owl/EVS/Thesaurus.owl#C5157	http://purl.obolibrary.org/obo/DOID_14150	1.0
http://ncicb.nci.nih.gov/xml/owl/EVS/Thesaurus.owl#C5158	http://purl.obolibrary.org/obo/DOID_14151	1.0
http://ncicb.nci.nih.gov/xml/owl/EVS/Thesaurus.owl#C5164	http://purl.obolibrary.org/obo/DOID_4680	1.0
http://ncicb.nci.nih.gov/xml/owl/EVS/Thesaurus.owl#C5165	http://purl.obolibrary.org/obo/DOID_5823	0.96463799
http://ncicb.nci.nih.gov/xml/owl/EVS/Thesaurus.owl#C5166	http://purl.obolibrary.org/obo/DOID_4679	1.0
http://ncicb.nci.nih.gov/xml/owl/EVS/Thesaurus.owl#C5169	http://purl.obolibrary.org/obo/DOID_3009	1.0
http://ncicb.nci.nih.gov/xml/owl/EVS/Thesaurus.owl#C5175	http://purl.obolibrary.org/obo/DOID_3503	0.92797393
http://ncicb.nci.nih.gov/xml/owl/EVS/Thesaurus.owl#C5177	http://purl.obolibrary.org/obo/DOID_5514	1.0
http://ncicb.nci.nih.gov/xml/owl/EVS/Thesaurus.owl#C5180	http://purl.obolibrary.org/obo/DOID_7983	1.0
http://ncicb.nci.nih.gov/xml/owl/EVS/Thesaurus.owl#C5183	http://purl.obolibrary.org/obo/DOID_206	1.0
http://ncicb.nci.nih.gov/xml/owl/EVS/Thesaurus.owl#C5184	http://purl.obolibrary.org/obo/DOID_4511	1.0
http://ncicb.nci.nih.gov/xml/owl/EVS/Thesaurus.owl#C5185	http://purl.obolibrary.org/obo/DOID_6001	1.0
http://ncicb.nci.nih.gov/xml/owl/EVS/Thesaurus.owl#C5186	http://purl.obolibrary.org/obo/DOID_5285	1.0
http://ncicb.nci.nih.gov/xml/owl/EVS/Thesaurus.owl#C5187	http://purl.obolibrary.org/obo/DOID_5701	1.0
http://ncicb.nci.nih.gov/xml/owl/EVS/Thesaurus.owl#C5189	http://purl.obolibrary.org/obo/DOID_7787	0.93876773
http://ncicb.nci.nih.gov/xml/owl/EVS/Thesaurus.owl#C5190	http://purl.obolibrary.org/obo/DOID_4060	1.0
http://ncicb.nci.nih.gov/xml/owl/EVS/Thesaurus.owl#C5193	http://purl.obolibrary.org/obo/DOID_1616	1.0
http://ncicb.nci.nih.gov/xml/owl/EVS/Thesaurus.owl#C5196	http://purl.obolibrary.org/obo/DOID_1631	1.0
http://ncicb.nci.nih.gov/xml/owl/EVS/Thesaurus.owl#C5198	http://purl.obolibrary.org/obo/DOID_5999	0.99106491
http://ncicb.nci.nih.gov/xml/owl/EVS/Thesaurus.owl#C5199	http://purl.obolibrary.org/obo/DOID_8335	0.98937154
http://ncicb.nci.nih.gov/xml/owl/EVS/Thesaurus.owl#C5201	http://purl.obolibrary.org/obo/DOID_7511	1.0
http://ncicb.nci.nih.gov/xml/owl/EVS/Thesaurus.owl#C5205	http://purl.obolibrary.org/obo/DOID_8310	0.98862553
http://ncicb.nci.nih.gov/xml/owl/EVS/Thesaurus.owl#C5210	http://purl.obolibrary.org/obo/DOID_6491	1.0
http://ncicb.nci.nih.gov/xml/owl/EVS/Thesaurus.owl#C5211	http://purl.obolibrary.org/obo/DOID_6492	1.0
http://ncicb.nci.nih.gov/xml/owl/EVS/Thesaurus.owl#C5212	http://purl.obolibrary.org/obo/DOID_3003	1.0
http://ncicb.nci.nih.gov/xml/owl/EVS/Thesaurus.owl#C5214	http://purl.obolibrary.org/obo/DOID_3458	1.0
http://ncicb.nci.nih.gov/xml/owl/EVS/Thesaurus.owl#C5228	http://purl.obolibrary.org/obo/DOID_3605	1.0
http://ncicb.nci.nih.gov/xml/owl/EVS/Thesaurus.owl#C5232	http://purl.obolibrary.org/obo/DOID_4527	1.0
http://ncicb.nci.nih.gov/xml/owl/EVS/Thesaurus.owl#C5234	http://purl.obolibrary.org/obo/DOID_5263	0.98146164
http://ncicb.nci.nih.gov/xml/owl/EVS/Thesaurus.owl#C5235	http://purl.obolibrary.org/obo/DOID_8023	0.9672066
http://ncicb.nci.nih.gov/xml/owl/EVS/Thesaurus.owl#C5236	http://purl.obolibrary.org/obo/DOID_4059	0.98094481
http://ncicb.nci.nih.gov/xml/owl/EVS/Thesaurus.owl#C5237	http://purl.obolibrary.org/obo/DOID_3002	0.97966719
http://ncicb.nci.nih.gov/xml/owl/EVS/Thesaurus.owl#C5238	http://purl.obolibrary.org/obo/DOID_4555	1.0
http://ncicb.nci.nih.gov/xml/owl/EVS/Thesaurus.owl#C5241	http://purl.obolibrary.org/obo/DOID_2996	0.94495356
http://ncicb.nci.nih.gov/xml/owl/EVS/Thesaurus.owl#C5242	http://purl.obolibrary.org/obo/DOID_6067	0.9388293
http://ncicb.nci.nih.gov/xml/owl/EVS/Thesaurus.owl#C5243	http://purl.obolibrary.org/obo/DOID_3606	1.0
http://ncicb.nci.nih.gov/xml/owl/EVS/Thesaurus.owl#C5247	http://purl.obolibrary.org/obo/DOID_6271	1.0
http://ncicb.nci.nih.gov/xml/owl/EVS/Thesaurus.owl#C5248	http://purl.obolibrary.org/obo/DOID_3716	0.96868533
http://ncicb.nci.nih.gov/xml/owl/EVS/Thesaurus.owl#C5250	http://purl.obolibrary.org/obo/DOID_8025	1.0
http://ncicb.nci.nih.gov/xml/owl/EVS/Thesaurus.owl#C5256	http://purl.obolibrary.org/obo/DOID_8118	0.94276506
http://ncicb.nci.nih.gov/xml/owl/EVS/Thesaurus.owl#C5259	http://purl.obolibrary.org/obo/DOID_5561	1.0
http://ncicb.nci.nih.gov/xml/owl/EVS/Thesaurus.owl#C5260	http://purl.obolibrary.org/obo/DOID_8118	1.0
http://ncicb.nci.nih.gov/xml/owl/EVS/Thesaurus.owl#C5265	http://purl.obolibrary.org/obo/DOID_10011	0.98667687
http://ncicb.nci.nih.gov/xml/owl/EVS/Thesaurus.owl#C5267	http://purl.obolibrary.org/obo/DOID_7986	0.98564512
http://ncicb.nci.nih.gov/xml/owl/EVS/Thesaurus.owl#C5268	http://purl.obolibrary.org/obo/DOID_4435	1.0
http://ncicb.nci.nih.gov/xml/owl/EVS/Thesaurus.owl#C5269	http://purl.obolibrary.org/obo/DOID_6113	1.0
http://ncicb.nci.nih.gov/xml/owl/EVS/Thesaurus.owl#C5270	http://purl.obolibrary.org/obo/DOID_5057	0.96239966
http://ncicb.nci.nih.gov/xml/owl/EVS/Thesaurus.owl#C5271	http://purl.obolibrary.org/obo/DOID_7482	1.0
http://ncicb.nci.nih.gov/xml/owl/EVS/Thesaurus.owl#C5272	http://purl.obolibrary.org/obo/DOID_4437	1.0
http://ncicb.nci.nih.gov/xml/owl/EVS/Thesaurus.owl#C5273	http://purl.obolibrary.org/obo/DOID_3772	1.0
http://ncicb.nci.nih.gov/xml/owl/EVS/Thesaurus.owl#C5275	http://purl.obolibrary.org/obo/DOID_7646	0.9143548
http://ncicb.nci.nih.gov/xml/owl/EVS/Thesaurus.owl#C5277	http://purl.obolibrary.org/obo/DOID_8006	0.91113997
http://ncicb.nci.nih.gov/xml/owl/EVS/Thesaurus.owl#C5278	http://purl.obolibrary.org/obo/DOID_7818	1.0
http://ncicb.nci.nih.gov/xml/owl/EVS/Thesaurus.owl#C5279	http://purl.obolibrary.org/obo/DOID_7054	0.99260223
http://ncicb.nci.nih.gov/xml/owl/EVS/Thesaurus.owl#C5280	http://purl.obolibrary.org/obo/DOID_4708	1.0
http://ncicb.nci.nih.gov/xml/owl/EVS/Thesaurus.owl#C5281	http://purl.obolibrary.org/obo/DOID_6381	1.0
http://ncicb.nci.nih.gov/xml/owl/EVS/Thesaurus.owl#C5282	http://purl.obolibrary.org/obo/DOID_6553	1.0
http://ncicb.nci.nih.gov/xml/owl/EVS/Thesaurus.owl#C5283	http://purl.obolibrary.org/obo/DOID_7103	1.0
http://ncicb.nci.nih.gov/xml/owl/EVS/Thesaurus.owl#C5284	http://purl.obolibrary.org/obo/DOID_7713	1.0
http://ncicb.nci.nih.gov/xml/owl/EVS/Thesaurus.owl#C5285	http://purl.obolibrary.org/obo/DOID_7819	1.0
http://ncicb.nci.nih.gov/xml/owl/EVS/Thesaurus.owl#C5286	http://purl.obolibrary.org/obo/DOID_4436	1.0
http://ncicb.nci.nih.gov/xml/owl/EVS/Thesaurus.owl#C5287	http://purl.obolibrary.org/obo/DOID_7824	1.0
http://ncicb.nci.nih.gov/xml/owl/EVS/Thesaurus.owl#C5288	http://purl.obolibrary.org/obo/DOID_8239	1.0
http://ncicb.nci.nih.gov/xml/owl/EVS/Thesaurus.owl#C5289	http://purl.obolibrary.org/obo/DOID_6517	1.0
http://ncicb.nci.nih.gov/xml/owl/EVS/Thesaurus.owl#C5290	http://purl.obolibrary.org/obo/DOID_8221	1.0
http://ncicb.nci.nih.gov/xml/owl/EVS/Thesaurus.owl#C5292	http://purl.obolibrary.org/obo/DOID_8000	1.0
http://ncicb.nci.nih.gov/xml/owl/EVS/Thesaurus.owl#C5293	http://purl.obolibrary.org/obo/DOID_6110	1.0
http://ncicb.nci.nih.gov/xml/owl/EVS/Thesaurus.owl#C5295	http://purl.obolibrary.org/obo/DOID_4209	0.95737922
http://ncicb.nci.nih.gov/xml/owl/EVS/Thesaurus.owl#C5296	http://purl.obolibrary.org/obo/DOID_7915	0.91036618
http://ncicb.nci.nih.gov/xml/owl/EVS/Thesaurus.owl#C5298	http://purl.obolibrary.org/obo/DOID_7515	0.92566961
http://ncicb.nci.nih.gov/xml/owl/EVS/Thesaurus.owl#C5299	http://purl.obolibrary.org/obo/DOID_8203	0.92139715
http://ncicb.nci.nih.gov/xml/owl/EVS/Thesaurus.owl#C5300	http://purl.obolibrary.org/obo/DOID_6337	1.0
http://ncicb.nci.nih.gov/xml/owl/EVS/Thesaurus.owl#C5301	http://purl.obolibrary.org/obo/DOID_4586	0.93820268
http://ncicb.nci.nih.gov/xml/owl/EVS/Thesaurus.owl#C5302	http://purl.obolibrary.org/obo/DOID_6115	1.0
http://ncicb.nci.nih.gov/xml/owl/EVS/Thesaurus.owl#C5303	http://purl.obolibrary.org/obo/DOID_8216	1.0
http://ncicb.nci.nih.gov/xml/owl/EVS/Thesaurus.owl#C5304	http://purl.obolibrary.org/obo/DOID_6335	0.99062377
http://ncicb.nci.nih.gov/xml/owl/EVS/Thesaurus.owl#C5307	http://purl.obolibrary.org/obo/DOID_5990	1.0
http://ncicb.nci.nih.gov/xml/owl/EVS/Thesaurus.owl#C5309	http://purl.obolibrary.org/obo/DOID_6854	0.97142446
http://ncicb.nci.nih.gov/xml/owl/EVS/Thesaurus.owl#C5310	http://purl.obolibrary.org/obo/DOID_3809	1.0
http://ncicb.nci.nih.gov/xml/owl/EVS/Thesaurus.owl#C5311	http://purl.obolibrary.org/obo/DOID_8058	1.0
http://ncicb.nci.nih.gov/xml/owl/EVS/Thesaurus.owl#C5313	http://purl.obolibrary.org/obo/DOID_7820	1.0
http://ncicb.nci.nih.gov/xml/owl/EVS/Thesaurus.owl#C5317	http://purl.obolibrary.org/obo/DOID_6085	1.0
http://ncicb.nci.nih.gov/xml/owl/EVS/Thesaurus.owl#C5323	http://purl.obolibrary.org/obo/DOID_6735	0.98899573
http://ncicb.nci.nih.gov/xml/owl/EVS/Thesaurus.owl#C53316	http://purl.obolibrary.org/obo/DOID_2286	0.92684001
http://ncicb.nci.nih.gov/xml/owl/EVS/Thesaurus.owl#C5334	http://purl.obolibrary.org/obo/DOID_5276	0.97555846
http://ncicb.nci.nih.gov/xml/owl/EVS/Thesaurus.owl#C5335	http://purl.obolibrary.org/obo/DOID_5272	1.0
http://ncicb.nci.nih.gov/xml/owl/EVS/Thesaurus.owl#C5336	http://purl.obolibrary.org/obo/DOID_6880	0.97118419
http://ncicb.nci.nih.gov/xml/owl/EVS/Thesaurus.owl#C5341	http://purl.obolibrary.org/obo/DOID_1114	1.0
http://ncicb.nci.nih.gov/xml/owl/EVS/Thesaurus.owl#C5342	http://purl.obolibrary.org/obo/DOID_4878	1.0
http://ncicb.nci.nih.gov/xml/owl/EVS/Thesaurus.owl#C5343	http://purl.obolibrary.org/obo/DOID_4686	1.0
http://ncicb.nci.nih.gov/xml/owl/EVS/Thesaurus.owl#C5344	http://purl.obolibrary.org/obo/DOID_959	0.97097749
http://ncicb.nci.nih.gov/xml/owl/EVS/Thesaurus.owl#C5345	http://purl.obolibrary.org/obo/DOID_6048	1.0
http://ncicb.nci.nih.gov/xml/owl/EVS/Thesaurus.owl#C53459	http://purl.obolibrary.org/obo/DOID_2602	1.0
http://ncicb.nci.nih.gov/xml/owl/EVS/Thesaurus.owl#C53482	http://purl.obolibrary.org/obo/DOID_8469	1.0
http://ncicb.nci.nih.gov/xml/owl/EVS/Thesaurus.owl#C5349	http://purl.obolibrary.org/obo/DOID_9299	0.91049719
http://ncicb.nci.nih.gov/xml/owl/EVS/Thesaurus.owl#C5350	http://purl.obolibrary.org/obo/DOID_7996	0.97017169
http://ncicb.nci.nih.gov/xml/owl/EVS/Thesaurus.owl#C53506	http://purl.obolibrary.org/obo/DOID_112	1.0
http://ncicb.nci.nih.gov/xml/owl/EVS/Thesaurus.owl#C5353	http://purl.obolibrary.org/obo/DOID_476	1.0
http://ncicb.nci.nih.gov/xml/owl/EVS/Thesaurus.owl#C5355	http://purl.obolibrary.org/obo/DOID_4266	1.0
http://ncicb.nci.nih.gov/xml/owl/EVS/Thesaurus.owl#C53556	http://purl.obolibrary.org/obo/DOID_0060079	0.98512989
http://ncicb.nci.nih.gov/xml/owl/EVS/Thesaurus.owl#C5356	http://purl.obolibrary.org/obo/DOID_5729	0.945898
http://ncicb.nci.nih.gov/xml/owl/EVS/Thesaurus.owl#C5359	http://purl.obolibrary.org/obo/DOID_9300	0.97589719
http://ncicb.nci.nih.gov/xml/owl/EVS/Thesaurus.owl#C5360	http://purl.obolibrary.org/obo/DOID_5044	0.98425442
http://ncicb.nci.nih.gov/xml/owl/EVS/Thesaurus.owl#C5361	http://purl.obolibrary.org/obo/DOID_6033	1.0
http://ncicb.nci.nih.gov/xml/owl/EVS/Thesaurus.owl#C5364	http://purl.obolibrary.org/obo/DOID_5261	0.98380059
http://ncicb.nci.nih.gov/xml/owl/EVS/Thesaurus.owl#C5365	http://purl.obolibrary.org/obo/DOID_6034	0.98975074
http://ncicb.nci.nih.gov/xml/owl/EVS/Thesaurus.owl#C53653	http://purl.obolibrary.org/obo/DOID_12935	1.0
http://ncicb.nci.nih.gov/xml/owl/EVS/Thesaurus.owl#C53654	http://purl.obolibrary.org/obo/DOID_0060036	0.92886406
http://ncicb.nci.nih.gov/xml/owl/EVS/Thesaurus.owl#C53655	http://purl.obolibrary.org/obo/DOID_4194	0.97537875
http://ncicb.nci.nih.gov/xml/owl/EVS/Thesaurus.owl#C53656	http://purl.obolibrary.org/obo/DOID_9700	1.0
http://ncicb.nci.nih.gov/xml/owl/EVS/Thesaurus.owl#C53662	http://purl.obolibrary.org/obo/DOID_10690	1.0
http://ncicb.nci.nih.gov/xml/owl/EVS/Thesaurus.owl#C5367	http://purl.obolibrary.org/obo/DOID_14534	0.98311412
http://ncicb.nci.nih.gov/xml/owl/EVS/Thesaurus.owl#C5368	http://purl.obolibrary.org/obo/DOID_6547	1.0
http://ncicb.nci.nih.gov/xml/owl/EVS/Thesaurus.owl#C53684	http://purl.obolibrary.org/obo/DOID_0060123	0.95612293
http://ncicb.nci.nih.gov/xml/owl/EVS/Thesaurus.owl#C53686	http://purl.obolibrary.org/obo/DOID_3544	1.0
http://ncicb.nci.nih.gov/xml/owl/EVS/Thesaurus.owl#C53707	http://purl.obolibrary.org/obo/DOID_3376	1.0
http://ncicb.nci.nih.gov/xml/owl/EVS/Thesaurus.owl#C5371	http://purl.obolibrary.org/obo/DOID_14535	1.0
http://ncicb.nci.nih.gov/xml/owl/EVS/Thesaurus.owl#C5373	http://purl.obolibrary.org/obo/DOID_7389	1.0
http://ncicb.nci.nih.gov/xml/owl/EVS/Thesaurus.owl#C5374	http://purl.obolibrary.org/obo/DOID_7388	1.0
http://ncicb.nci.nih.gov/xml/owl/EVS/Thesaurus.owl#C5375	http://purl.obolibrary.org/obo/DOID_8352	1.0
http://ncicb.nci.nih.gov/xml/owl/EVS/Thesaurus.owl#C5376	http://purl.obolibrary.org/obo/DOID_4510	0.98296219
http://ncicb.nci.nih.gov/xml/owl/EVS/Thesaurus.owl#C5378	http://purl.obolibrary.org/obo/DOID_4522	1.0
http://ncicb.nci.nih.gov/xml/owl/EVS/Thesaurus.owl#C5381	http://purl.obolibrary.org/obo/DOID_5547	1.0
http://ncicb.nci.nih.gov/xml/owl/EVS/Thesaurus.owl#C5386	http://purl.obolibrary.org/obo/DOID_5373	1.0
http://ncicb.nci.nih.gov/xml/owl/EVS/Thesaurus.owl#C5395	http://purl.obolibrary.org/obo/DOID_5775	0.98897862
http://ncicb.nci.nih.gov/xml/owl/EVS/Thesaurus.owl#C53953	http://purl.obolibrary.org/obo/DOID_3376	0.93252796
http://ncicb.nci.nih.gov/xml/owl/EVS/Thesaurus.owl#C5396	http://purl.obolibrary.org/obo/DOID_6610	1.0
http://ncicb.nci.nih.gov/xml/owl/EVS/Thesaurus.owl#C53971	http://purl.obolibrary.org/obo/DOID_0080031	0.91645962
http://ncicb.nci.nih.gov/xml/owl/EVS/Thesaurus.owl#C53972	http://purl.obolibrary.org/obo/DOID_4329	1.0
http://ncicb.nci.nih.gov/xml/owl/EVS/Thesaurus.owl#C5401	http://purl.obolibrary.org/obo/DOID_3860	1.0
http://ncicb.nci.nih.gov/xml/owl/EVS/Thesaurus.owl#C54039	http://purl.obolibrary.org/obo/DOID_0060104	0.93663287
http://ncicb.nci.nih.gov/xml/owl/EVS/Thesaurus.owl#C5406	http://purl.obolibrary.org/obo/DOID_6872	0.90063679
http://ncicb.nci.nih.gov/xml/owl/EVS/Thesaurus.owl#C5407	http://purl.obolibrary.org/obo/DOID_3873	0.91917473
http://ncicb.nci.nih.gov/xml/owl/EVS/Thesaurus.owl#C5408	http://purl.obolibrary.org/obo/DOID_4846	1.0
http://ncicb.nci.nih.gov/xml/owl/EVS/Thesaurus.owl#C5411	http://purl.obolibrary.org/obo/DOID_7233	0.91256177
http://ncicb.nci.nih.gov/xml/owl/EVS/Thesaurus.owl#C5412	http://purl.obolibrary.org/obo/DOID_6312	1.0
http://ncicb.nci.nih.gov/xml/owl/EVS/Thesaurus.owl#C5414	http://purl.obolibrary.org/obo/DOID_3200	0.98356164
http://ncicb.nci.nih.gov/xml/owl/EVS/Thesaurus.owl#C5419	http://purl.obolibrary.org/obo/DOID_4856	1.0
http://ncicb.nci.nih.gov/xml/owl/EVS/Thesaurus.owl#C54203	http://purl.obolibrary.org/obo/DOID_0050742	1.0
http://ncicb.nci.nih.gov/xml/owl/EVS/Thesaurus.owl#C5421	http://purl.obolibrary.org/obo/DOID_3201	0.92339474
http://ncicb.nci.nih.gov/xml/owl/EVS/Thesaurus.owl#C5423	http://purl.obolibrary.org/obo/DOID_4707	1.0
http://ncicb.nci.nih.gov/xml/owl/EVS/Thesaurus.owl#C5424	http://purl.obolibrary.org/obo/DOID_3617	1.0
http://ncicb.nci.nih.gov/xml/owl/EVS/Thesaurus.owl#C54244	http://purl.obolibrary.org/obo/DOID_5522	1.0
http://ncicb.nci.nih.gov/xml/owl/EVS/Thesaurus.owl#C54250	http://purl.obolibrary.org/obo/DOID_4830	0.91313404
http://ncicb.nci.nih.gov/xml/owl/EVS/Thesaurus.owl#C5426	http://purl.obolibrary.org/obo/DOID_6313	1.0
http://ncicb.nci.nih.gov/xml/owl/EVS/Thesaurus.owl#C5428	http://purl.obolibrary.org/obo/DOID_3639	1.0
http://ncicb.nci.nih.gov/xml/owl/EVS/Thesaurus.owl#C5429	http://purl.obolibrary.org/obo/DOID_4690	0.98970014
http://ncicb.nci.nih.gov/xml/owl/EVS/Thesaurus.owl#C5432	http://purl.obolibrary.org/obo/DOID_2516	0.96762979
http://ncicb.nci.nih.gov/xml/owl/EVS/Thesaurus.owl#C5433	http://purl.obolibrary.org/obo/DOID_2517	0.9561969
http://ncicb.nci.nih.gov/xml/owl/EVS/Thesaurus.owl#C5434	http://purl.obolibrary.org/obo/DOID_3197	0.99684066
http://ncicb.nci.nih.gov/xml/owl/EVS/Thesaurus.owl#C5437	http://purl.obolibrary.org/obo/DOID_371	1.0
http://ncicb.nci.nih.gov/xml/owl/EVS/Thesaurus.owl#C5438	http://purl.obolibrary.org/obo/DOID_6294	1.0
http://ncicb.nci.nih.gov/xml/owl/EVS/Thesaurus.owl#C5440	http://purl.obolibrary.org/obo/DOID_12969	1.0
http://ncicb.nci.nih.gov/xml/owl/EVS/Thesaurus.owl#C5441	http://purl.obolibrary.org/obo/DOID_3640	1.0
http://ncicb.nci.nih.gov/xml/owl/EVS/Thesaurus.owl#C5443	http://purl.obolibrary.org/obo/DOID_3641	1.0
http://ncicb.nci.nih.gov/xml/owl/EVS/Thesaurus.owl#C5449	http://purl.obolibrary.org/obo/DOID_502	0.98606491
http://ncicb.nci.nih.gov/xml/owl/EVS/Thesaurus.owl#C5450	http://purl.obolibrary.org/obo/DOID_4504	1.0
http://ncicb.nci.nih.gov/xml/owl/EVS/Thesaurus.owl#C5451	http://purl.obolibrary.org/obo/DOID_6293	1.0
http://ncicb.nci.nih.gov/xml/owl/EVS/Thesaurus.owl#C5452	http://purl.obolibrary.org/obo/DOID_6752	0.91677189
http://ncicb.nci.nih.gov/xml/owl/EVS/Thesaurus.owl#C5453	http://purl.obolibrary.org/obo/DOID_4151	1.0
http://ncicb.nci.nih.gov/xml/owl/EVS/Thesaurus.owl#C5461	http://purl.obolibrary.org/obo/DOID_4439	1.0
http://ncicb.nci.nih.gov/xml/owl/EVS/Thesaurus.owl#C5464	http://purl.obolibrary.org/obo/DOID_4048	1.0
http://ncicb.nci.nih.gov/xml/owl/EVS/Thesaurus.owl#C5465	http://purl.obolibrary.org/obo/DOID_6451	1.0
http://ncicb.nci.nih.gov/xml/owl/EVS/Thesaurus.owl#C5472	http://purl.obolibrary.org/obo/DOID_5593	1.0
http://ncicb.nci.nih.gov/xml/owl/EVS/Thesaurus.owl#C5473	http://purl.obolibrary.org/obo/DOID_6595	1.0
http://ncicb.nci.nih.gov/xml/owl/EVS/Thesaurus.owl#C5474	http://purl.obolibrary.org/obo/DOID_5635	1.0
http://ncicb.nci.nih.gov/xml/owl/EVS/Thesaurus.owl#C5475	http://purl.obolibrary.org/obo/DOID_5516	1.0
http://ncicb.nci.nih.gov/xml/owl/EVS/Thesaurus.owl#C5479	http://purl.obolibrary.org/obo/DOID_4847	1.0
http://ncicb.nci.nih.gov/xml/owl/EVS/Thesaurus.owl#C5481	http://purl.obolibrary.org/obo/DOID_275	1.0
http://ncicb.nci.nih.gov/xml/owl/EVS/Thesaurus.owl#C5484	http://purl.obolibrary.org/obo/DOID_10536	1.0
http://ncicb.nci.nih.gov/xml/owl/EVS/Thesaurus.owl#C5486	http://purl.obolibrary.org/obo/DOID_4716	1.0
http://ncicb.nci.nih.gov/xml/owl/EVS/Thesaurus.owl#C5488	http://purl.obolibrary.org/obo/DOID_5700	1.0
http://ncicb.nci.nih.gov/xml/owl/EVS/Thesaurus.owl#C5490	http://purl.obolibrary.org/obo/DOID_5519	1.0
http://ncicb.nci.nih.gov/xml/owl/EVS/Thesaurus.owl#C5491	http://purl.obolibrary.org/obo/DOID_5629	1.0
http://ncicb.nci.nih.gov/xml/owl/EVS/Thesaurus.owl#C5492	http://purl.obolibrary.org/obo/DOID_10656	1.0
http://ncicb.nci.nih.gov/xml/owl/EVS/Thesaurus.owl#C5493	http://purl.obolibrary.org/obo/DOID_10655	0.98384994
http://ncicb.nci.nih.gov/xml/owl/EVS/Thesaurus.owl#C5494	http://purl.obolibrary.org/obo/DOID_5259	1.0
http://ncicb.nci.nih.gov/xml/owl/EVS/Thesaurus.owl#C5495	http://purl.obolibrary.org/obo/DOID_5260	1.0
http://ncicb.nci.nih.gov/xml/owl/EVS/Thesaurus.owl#C5500	http://purl.obolibrary.org/obo/DOID_10657	0.94744289
http://ncicb.nci.nih.gov/xml/owl/EVS/Thesaurus.owl#C5503	http://purl.obolibrary.org/obo/DOID_5772	0.95915145
http://ncicb.nci.nih.gov/xml/owl/EVS/Thesaurus.owl#C5504	http://purl.obolibrary.org/obo/DOID_4955	1.0
http://ncicb.nci.nih.gov/xml/owl/EVS/Thesaurus.owl#C5511	http://purl.obolibrary.org/obo/DOID_3607	1.0
http://ncicb.nci.nih.gov/xml/owl/EVS/Thesaurus.owl#C5513	http://purl.obolibrary.org/obo/DOID_11241	1.0
http://ncicb.nci.nih.gov/xml/owl/EVS/Thesaurus.owl#C5514	http://purl.obolibrary.org/obo/DOID_5146	1.0
http://ncicb.nci.nih.gov/xml/owl/EVS/Thesaurus.owl#C5515	http://purl.obolibrary.org/obo/DOID_1522	1.0
http://ncicb.nci.nih.gov/xml/owl/EVS/Thesaurus.owl#C5516	http://purl.obolibrary.org/obo/DOID_6804	1.0
http://ncicb.nci.nih.gov/xml/owl/EVS/Thesaurus.owl#C5522	http://purl.obolibrary.org/obo/DOID_3252	1.0
http://ncicb.nci.nih.gov/xml/owl/EVS/Thesaurus.owl#C5524	http://purl.obolibrary.org/obo/DOID_7152	1.0
http://ncicb.nci.nih.gov/xml/owl/EVS/Thesaurus.owl#C5525	http://purl.obolibrary.org/obo/DOID_3251	1.0
http://ncicb.nci.nih.gov/xml/owl/EVS/Thesaurus.owl#C5526	http://purl.obolibrary.org/obo/DOID_5282	1.0
http://ncicb.nci.nih.gov/xml/owl/EVS/Thesaurus.owl#C5528	http://purl.obolibrary.org/obo/DOID_4524	1.0
http://ncicb.nci.nih.gov/xml/owl/EVS/Thesaurus.owl#C5531	http://purl.obolibrary.org/obo/DOID_10289	1.0
http://ncicb.nci.nih.gov/xml/owl/EVS/Thesaurus.owl#C5532	http://purl.obolibrary.org/obo/DOID_2885	1.0
http://ncicb.nci.nih.gov/xml/owl/EVS/Thesaurus.owl#C5533	http://purl.obolibrary.org/obo/DOID_10290	1.0
http://ncicb.nci.nih.gov/xml/owl/EVS/Thesaurus.owl#C5536	http://purl.obolibrary.org/obo/DOID_10287	1.0
http://ncicb.nci.nih.gov/xml/owl/EVS/Thesaurus.owl#C5538	http://purl.obolibrary.org/obo/DOID_5634	1.0
http://ncicb.nci.nih.gov/xml/owl/EVS/Thesaurus.owl#C5539	http://purl.obolibrary.org/obo/DOID_4868	1.0
http://ncicb.nci.nih.gov/xml/owl/EVS/Thesaurus.owl#C5543	http://purl.obolibrary.org/obo/DOID_3039	1.0
http://ncicb.nci.nih.gov/xml/owl/EVS/Thesaurus.owl#C5544	http://purl.obolibrary.org/obo/DOID_2887	1.0
http://ncicb.nci.nih.gov/xml/owl/EVS/Thesaurus.owl#C5545	http://purl.obolibrary.org/obo/DOID_2992	1.0
http://ncicb.nci.nih.gov/xml/owl/EVS/Thesaurus.owl#C5546	http://purl.obolibrary.org/obo/DOID_0050915	0.97941124
http://ncicb.nci.nih.gov/xml/owl/EVS/Thesaurus.owl#C5548	http://purl.obolibrary.org/obo/DOID_1995	0.98374766
http://ncicb.nci.nih.gov/xml/owl/EVS/Thesaurus.owl#C5549	http://purl.obolibrary.org/obo/DOID_5297	0.98505789
http://ncicb.nci.nih.gov/xml/owl/EVS/Thesaurus.owl#C5550	http://purl.obolibrary.org/obo/DOID_6190	0.94834316
http://ncicb.nci.nih.gov/xml/owl/EVS/Thesaurus.owl#C5551	http://purl.obolibrary.org/obo/DOID_6459	0.96339202
http://ncicb.nci.nih.gov/xml/owl/EVS/Thesaurus.owl#C5552	http://purl.obolibrary.org/obo/DOID_7160	0.97877085
http://ncicb.nci.nih.gov/xml/owl/EVS/Thesaurus.owl#C5553	http://purl.obolibrary.org/obo/DOID_1988	0.97828412
http://ncicb.nci.nih.gov/xml/owl/EVS/Thesaurus.owl#C5554	http://purl.obolibrary.org/obo/DOID_5528	0.92669392
http://ncicb.nci.nih.gov/xml/owl/EVS/Thesaurus.owl#C5555	http://purl.obolibrary.org/obo/DOID_6959	0.96028805
http://ncicb.nci.nih.gov/xml/owl/EVS/Thesaurus.owl#C5556	http://purl.obolibrary.org/obo/DOID_7356	0.98540401
http://ncicb.nci.nih.gov/xml/owl/EVS/Thesaurus.owl#C5559	http://purl.obolibrary.org/obo/DOID_4921	0.92965412
http://ncicb.nci.nih.gov/xml/owl/EVS/Thesaurus.owl#C5560	http://purl.obolibrary.org/obo/DOID_7566	1.0
http://ncicb.nci.nih.gov/xml/owl/EVS/Thesaurus.owl#C5567	http://purl.obolibrary.org/obo/DOID_2135	1.0
http://ncicb.nci.nih.gov/xml/owl/EVS/Thesaurus.owl#C5568	http://purl.obolibrary.org/obo/DOID_4280	1.0
http://ncicb.nci.nih.gov/xml/owl/EVS/Thesaurus.owl#C5572	http://purl.obolibrary.org/obo/DOID_12016	1.0
http://ncicb.nci.nih.gov/xml/owl/EVS/Thesaurus.owl#C5573	http://purl.obolibrary.org/obo/DOID_14384	1.0
http://ncicb.nci.nih.gov/xml/owl/EVS/Thesaurus.owl#C5574	http://purl.obolibrary.org/obo/DOID_910	1.0
http://ncicb.nci.nih.gov/xml/owl/EVS/Thesaurus.owl#C5585	http://purl.obolibrary.org/obo/DOID_2687	1.0
http://ncicb.nci.nih.gov/xml/owl/EVS/Thesaurus.owl#C5586	http://purl.obolibrary.org/obo/DOID_4749	1.0
http://ncicb.nci.nih.gov/xml/owl/EVS/Thesaurus.owl#C5592	http://purl.obolibrary.org/obo/DOID_3773	0.98162234
http://ncicb.nci.nih.gov/xml/owl/EVS/Thesaurus.owl#C5596	http://purl.obolibrary.org/obo/DOID_3024	0.97713256
http://ncicb.nci.nih.gov/xml/owl/EVS/Thesaurus.owl#C5598	http://purl.obolibrary.org/obo/DOID_3446	1.0
http://ncicb.nci.nih.gov/xml/owl/EVS/Thesaurus.owl#C5599	http://purl.obolibrary.org/obo/DOID_5267	0.92098355
http://ncicb.nci.nih.gov/xml/owl/EVS/Thesaurus.owl#C5600	http://purl.obolibrary.org/obo/DOID_4908	0.93527138
http://ncicb.nci.nih.gov/xml/owl/EVS/Thesaurus.owl#C5603	http://purl.obolibrary.org/obo/DOID_5545	0.94126958
http://ncicb.nci.nih.gov/xml/owl/EVS/Thesaurus.owl#C5608	http://purl.obolibrary.org/obo/DOID_5134	0.9215191
http://ncicb.nci.nih.gov/xml/owl/EVS/Thesaurus.owl#C5609	http://purl.obolibrary.org/obo/DOID_7531	0.95622075
http://ncicb.nci.nih.gov/xml/owl/EVS/Thesaurus.owl#C5611	http://purl.obolibrary.org/obo/DOID_4067	0.91397387
http://ncicb.nci.nih.gov/xml/owl/EVS/Thesaurus.owl#C5614	http://purl.obolibrary.org/obo/DOID_7639	0.97210586
http://ncicb.nci.nih.gov/xml/owl/EVS/Thesaurus.owl#C5615	http://purl.obolibrary.org/obo/DOID_5712	1.0
http://ncicb.nci.nih.gov/xml/owl/EVS/Thesaurus.owl#C5617	http://purl.obolibrary.org/obo/DOID_2410	0.98435187
http://ncicb.nci.nih.gov/xml/owl/EVS/Thesaurus.owl#C5627	http://purl.obolibrary.org/obo/DOID_4053	0.98000717
http://ncicb.nci.nih.gov/xml/owl/EVS/Thesaurus.owl#C5630	http://purl.obolibrary.org/obo/DOID_6958	1.0
http://ncicb.nci.nih.gov/xml/owl/EVS/Thesaurus.owl#C5649	http://purl.obolibrary.org/obo/DOID_6482	1.0
http://ncicb.nci.nih.gov/xml/owl/EVS/Thesaurus.owl#C5650	http://purl.obolibrary.org/obo/DOID_5588	1.0
http://ncicb.nci.nih.gov/xml/owl/EVS/Thesaurus.owl#C5660	http://purl.obolibrary.org/obo/DOID_5136	1.0
http://ncicb.nci.nih.gov/xml/owl/EVS/Thesaurus.owl#C5661	http://purl.obolibrary.org/obo/DOID_6608	1.0
http://ncicb.nci.nih.gov/xml/owl/EVS/Thesaurus.owl#C5666	http://purl.obolibrary.org/obo/DOID_4872	1.0
http://ncicb.nci.nih.gov/xml/owl/EVS/Thesaurus.owl#C5667	http://purl.obolibrary.org/obo/DOID_5265	1.0
http://ncicb.nci.nih.gov/xml/owl/EVS/Thesaurus.owl#C5668	http://purl.obolibrary.org/obo/DOID_5764	1.0
http://ncicb.nci.nih.gov/xml/owl/EVS/Thesaurus.owl#C5669	http://purl.obolibrary.org/obo/DOID_4769	1.0
http://ncicb.nci.nih.gov/xml/owl/EVS/Thesaurus.owl#C5670	http://purl.obolibrary.org/obo/DOID_5410	0.93558615
http://ncicb.nci.nih.gov/xml/owl/EVS/Thesaurus.owl#C5671	http://purl.obolibrary.org/obo/DOID_5767	0.98187768
http://ncicb.nci.nih.gov/xml/owl/EVS/Thesaurus.owl#C5672	http://purl.obolibrary.org/obo/DOID_6658	0.95475829
http://ncicb.nci.nih.gov/xml/owl/EVS/Thesaurus.owl#C5673	http://purl.obolibrary.org/obo/DOID_0050860	1.0
http://ncicb.nci.nih.gov/xml/owl/EVS/Thesaurus.owl#C5677	http://purl.obolibrary.org/obo/DOID_10656	0.9180063
http://ncicb.nci.nih.gov/xml/owl/EVS/Thesaurus.owl#C5687	http://purl.obolibrary.org/obo/DOID_1106	0.97206616
http://ncicb.nci.nih.gov/xml/owl/EVS/Thesaurus.owl#C5695	http://purl.obolibrary.org/obo/DOID_4119	0.9520179
http://ncicb.nci.nih.gov/xml/owl/EVS/Thesaurus.owl#C5696	http://purl.obolibrary.org/obo/DOID_4715	1.0
http://ncicb.nci.nih.gov/xml/owl/EVS/Thesaurus.owl#C5697	http://purl.obolibrary.org/obo/DOID_4118	1.0
http://ncicb.nci.nih.gov/xml/owl/EVS/Thesaurus.owl#C5698	http://purl.obolibrary.org/obo/DOID_5777	0.98225027
http://ncicb.nci.nih.gov/xml/owl/EVS/Thesaurus.owl#C5700	http://purl.obolibrary.org/obo/DOID_5040	0.91849238
http://ncicb.nci.nih.gov/xml/owl/EVS/Thesaurus.owl#C5701	http://purl.obolibrary.org/obo/DOID_10187	1.0
http://ncicb.nci.nih.gov/xml/owl/EVS/Thesaurus.owl#C5704	http://purl.obolibrary.org/obo/DOID_961	0.96573472
http://ncicb.nci.nih.gov/xml/owl/EVS/Thesaurus.owl#C5705	http://purl.obolibrary.org/obo/DOID_5694	0.97552878
http://ncicb.nci.nih.gov/xml/owl/EVS/Thesaurus.owl#C5707	http://purl.obolibrary.org/obo/DOID_1108	0.96484059
http://ncicb.nci.nih.gov/xml/owl/EVS/Thesaurus.owl#C5712	http://purl.obolibrary.org/obo/DOID_3917	1.0
http://ncicb.nci.nih.gov/xml/owl/EVS/Thesaurus.owl#C5713	http://purl.obolibrary.org/obo/DOID_7236	0.9292379
http://ncicb.nci.nih.gov/xml/owl/EVS/Thesaurus.owl#C5714	http://purl.obolibrary.org/obo/DOID_1792	0.98273516
http://ncicb.nci.nih.gov/xml/owl/EVS/Thesaurus.owl#C5715	http://purl.obolibrary.org/obo/DOID_1796	0.9811855
http://ncicb.nci.nih.gov/xml/owl/EVS/Thesaurus.owl#C5717	http://purl.obolibrary.org/obo/DOID_13313	1.0
http://ncicb.nci.nih.gov/xml/owl/EVS/Thesaurus.owl#C5718	http://purl.obolibrary.org/obo/DOID_7235	1.0
http://ncicb.nci.nih.gov/xml/owl/EVS/Thesaurus.owl#C5720	http://purl.obolibrary.org/obo/DOID_3497	1.0
http://ncicb.nci.nih.gov/xml/owl/EVS/Thesaurus.owl#C5721	http://purl.obolibrary.org/obo/DOID_5637	0.91270423
http://ncicb.nci.nih.gov/xml/owl/EVS/Thesaurus.owl#C5724	http://purl.obolibrary.org/obo/DOID_5751	1.0
http://ncicb.nci.nih.gov/xml/owl/EVS/Thesaurus.owl#C5725	http://purl.obolibrary.org/obo/DOID_8150	0.97271508
http://ncicb.nci.nih.gov/xml/owl/EVS/Thesaurus.owl#C5726	http://purl.obolibrary.org/obo/DOID_8150	0.95689756
http://ncicb.nci.nih.gov/xml/owl/EVS/Thesaurus.owl#C5727	http://purl.obolibrary.org/obo/DOID_4073	0.92314261
http://ncicb.nci.nih.gov/xml/owl/EVS/Thesaurus.owl#C5728	http://purl.obolibrary.org/obo/DOID_6827	0.97611028
http://ncicb.nci.nih.gov/xml/owl/EVS/Thesaurus.owl#C5731	http://purl.obolibrary.org/obo/DOID_7959	0.90050536
http://ncicb.nci.nih.gov/xml/owl/EVS/Thesaurus.owl#C5734	http://purl.obolibrary.org/obo/DOID_8135	1.0
http://ncicb.nci.nih.gov/xml/owl/EVS/Thesaurus.owl#C5735	http://purl.obolibrary.org/obo/DOID_8167	1.0
http://ncicb.nci.nih.gov/xml/owl/EVS/Thesaurus.owl#C5736	http://purl.obolibrary.org/obo/DOID_4058	1.0
http://ncicb.nci.nih.gov/xml/owl/EVS/Thesaurus.owl#C5743	http://purl.obolibrary.org/obo/DOID_7221	0.90915656
http://ncicb.nci.nih.gov/xml/owl/EVS/Thesaurus.owl#C5744	http://purl.obolibrary.org/obo/DOID_6998	0.97242033
http://ncicb.nci.nih.gov/xml/owl/EVS/Thesaurus.owl#C5745	http://purl.obolibrary.org/obo/DOID_3499	0.97380233
http://ncicb.nci.nih.gov/xml/owl/EVS/Thesaurus.owl#C5746	http://purl.obolibrary.org/obo/DOID_5150	0.98792332
http://ncicb.nci.nih.gov/xml/owl/EVS/Thesaurus.owl#C5747	http://purl.obolibrary.org/obo/DOID_5140	1.0
http://ncicb.nci.nih.gov/xml/owl/EVS/Thesaurus.owl#C5750	http://purl.obolibrary.org/obo/DOID_10190	1.0
http://ncicb.nci.nih.gov/xml/owl/EVS/Thesaurus.owl#C5753	http://purl.obolibrary.org/obo/DOID_917	1.0
http://ncicb.nci.nih.gov/xml/owl/EVS/Thesaurus.owl#C5754	http://purl.obolibrary.org/obo/DOID_5016	1.0
http://ncicb.nci.nih.gov/xml/owl/EVS/Thesaurus.owl#C5756	http://purl.obolibrary.org/obo/DOID_5296	1.0
http://ncicb.nci.nih.gov/xml/owl/EVS/Thesaurus.owl#C5775	http://purl.obolibrary.org/obo/DOID_7032	0.92522925
http://ncicb.nci.nih.gov/xml/owl/EVS/Thesaurus.owl#C5776	http://purl.obolibrary.org/obo/DOID_3494	0.95488334
http://ncicb.nci.nih.gov/xml/owl/EVS/Thesaurus.owl#C5777	http://purl.obolibrary.org/obo/DOID_5537	0.9217627
http://ncicb.nci.nih.gov/xml/owl/EVS/Thesaurus.owl#C5778	http://purl.obolibrary.org/obo/DOID_5624	0.91347128
http://ncicb.nci.nih.gov/xml/owl/EVS/Thesaurus.owl#C5787	http://purl.obolibrary.org/obo/DOID_3216	0.93535703
http://ncicb.nci.nih.gov/xml/owl/EVS/Thesaurus.owl#C5790	http://purl.obolibrary.org/obo/DOID_7233	1.0
http://ncicb.nci.nih.gov/xml/owl/EVS/Thesaurus.owl#C5792	http://purl.obolibrary.org/obo/DOID_7867	1.0
http://ncicb.nci.nih.gov/xml/owl/EVS/Thesaurus.owl#C5793	http://purl.obolibrary.org/obo/DOID_6634	1.0
http://ncicb.nci.nih.gov/xml/owl/EVS/Thesaurus.owl#C5794	http://purl.obolibrary.org/obo/DOID_6015	1.0
http://ncicb.nci.nih.gov/xml/owl/EVS/Thesaurus.owl#C5795	http://purl.obolibrary.org/obo/DOID_7430	1.0
http://ncicb.nci.nih.gov/xml/owl/EVS/Thesaurus.owl#C5802	http://purl.obolibrary.org/obo/DOID_4207	1.0
http://ncicb.nci.nih.gov/xml/owl/EVS/Thesaurus.owl#C5803	http://purl.obolibrary.org/obo/DOID_4434	0.98948342
http://ncicb.nci.nih.gov/xml/owl/EVS/Thesaurus.owl#C5822	http://purl.obolibrary.org/obo/DOID_4693	1.0
http://ncicb.nci.nih.gov/xml/owl/EVS/Thesaurus.owl#C5823	http://purl.obolibrary.org/obo/DOID_5913	1.0
http://ncicb.nci.nih.gov/xml/owl/EVS/Thesaurus.owl#C5824	http://purl.obolibrary.org/obo/DOID_8389	1.0
http://ncicb.nci.nih.gov/xml/owl/EVS/Thesaurus.owl#C5825	http://purl.obolibrary.org/obo/DOID_3421	1.0
http://ncicb.nci.nih.gov/xml/owl/EVS/Thesaurus.owl#C5826	http://purl.obolibrary.org/obo/DOID_14125	1.0
http://ncicb.nci.nih.gov/xml/owl/EVS/Thesaurus.owl#C5827	http://purl.obolibrary.org/obo/DOID_1760	1.0
http://ncicb.nci.nih.gov/xml/owl/EVS/Thesaurus.owl#C5828	http://purl.obolibrary.org/obo/DOID_3417	1.0
http://ncicb.nci.nih.gov/xml/owl/EVS/Thesaurus.owl#C5829	http://purl.obolibrary.org/obo/DOID_337	0.92603523
http://ncicb.nci.nih.gov/xml/owl/EVS/Thesaurus.owl#C5830	http://purl.obolibrary.org/obo/DOID_3198	1.0
http://ncicb.nci.nih.gov/xml/owl/EVS/Thesaurus.owl#C5831	http://purl.obolibrary.org/obo/DOID_12984	1.0
http://ncicb.nci.nih.gov/xml/owl/EVS/Thesaurus.owl#C5832	http://purl.obolibrary.org/obo/DOID_8022	1.0
http://ncicb.nci.nih.gov/xml/owl/EVS/Thesaurus.owl#C5834	http://purl.obolibrary.org/obo/DOID_4047	1.0
http://ncicb.nci.nih.gov/xml/owl/EVS/Thesaurus.owl#C5835	http://purl.obolibrary.org/obo/DOID_10201	1.0
http://ncicb.nci.nih.gov/xml/owl/EVS/Thesaurus.owl#C5839	http://purl.obolibrary.org/obo/DOID_4057	1.0
http://ncicb.nci.nih.gov/xml/owl/EVS/Thesaurus.owl#C5840	http://purl.obolibrary.org/obo/DOID_4513	1.0
http://ncicb.nci.nih.gov/xml/owl/EVS/Thesaurus.owl#C5841	http://purl.obolibrary.org/obo/DOID_5275	1.0
http://ncicb.nci.nih.gov/xml/owl/EVS/Thesaurus.owl#C5845	http://purl.obolibrary.org/obo/DOID_5926	0.90461344
http://ncicb.nci.nih.gov/xml/owl/EVS/Thesaurus.owl#C5847	http://purl.obolibrary.org/obo/DOID_3253	1.0
http://ncicb.nci.nih.gov/xml/owl/EVS/Thesaurus.owl#C5848	http://purl.obolibrary.org/obo/DOID_5293	1.0
http://ncicb.nci.nih.gov/xml/owl/EVS/Thesaurus.owl#C5849	http://purl.obolibrary.org/obo/DOID_7503	1.0
http://ncicb.nci.nih.gov/xml/owl/EVS/Thesaurus.owl#C5854	http://purl.obolibrary.org/obo/DOID_10209	1.0
http://ncicb.nci.nih.gov/xml/owl/EVS/Thesaurus.owl#C5855	http://purl.obolibrary.org/obo/DOID_5125	1.0
http://ncicb.nci.nih.gov/xml/owl/EVS/Thesaurus.owl#C5857	http://purl.obolibrary.org/obo/DOID_5438	1.0
http://ncicb.nci.nih.gov/xml/owl/EVS/Thesaurus.owl#C5860	http://purl.obolibrary.org/obo/DOID_3253	0.94840348
http://ncicb.nci.nih.gov/xml/owl/EVS/Thesaurus.owl#C5862	http://purl.obolibrary.org/obo/DOID_4681	0.92993069
http://ncicb.nci.nih.gov/xml/owl/EVS/Thesaurus.owl#C5904	http://purl.obolibrary.org/obo/DOID_0050904	0.94699776
http://ncicb.nci.nih.gov/xml/owl/EVS/Thesaurus.owl#C5907	http://purl.obolibrary.org/obo/DOID_0050904	0.90990758
http://ncicb.nci.nih.gov/xml/owl/EVS/Thesaurus.owl#C5937	http://purl.obolibrary.org/obo/DOID_0050931	1.0
http://ncicb.nci.nih.gov/xml/owl/EVS/Thesaurus.owl#C5961	http://purl.obolibrary.org/obo/DOID_3870	0.91046596
http://ncicb.nci.nih.gov/xml/owl/EVS/Thesaurus.owl#C5962	http://purl.obolibrary.org/obo/DOID_5396	1.0
http://ncicb.nci.nih.gov/xml/owl/EVS/Thesaurus.owl#C5964	http://purl.obolibrary.org/obo/DOID_6276	0.91146517
http://ncicb.nci.nih.gov/xml/owl/EVS/Thesaurus.owl#C5968	http://purl.obolibrary.org/obo/DOID_5056	1.0
http://ncicb.nci.nih.gov/xml/owl/EVS/Thesaurus.owl#C5969	http://purl.obolibrary.org/obo/DOID_4206	1.0
http://ncicb.nci.nih.gov/xml/owl/EVS/Thesaurus.owl#C5970	http://purl.obolibrary.org/obo/DOID_5059	1.0
http://ncicb.nci.nih.gov/xml/owl/EVS/Thesaurus.owl#C5972	http://purl.obolibrary.org/obo/DOID_7764	0.99182022
http://ncicb.nci.nih.gov/xml/owl/EVS/Thesaurus.owl#C5973	http://purl.obolibrary.org/obo/DOID_7763	0.98442012
http://ncicb.nci.nih.gov/xml/owl/EVS/Thesaurus.owl#C6015	http://purl.obolibrary.org/obo/DOID_4930	1.0
http://ncicb.nci.nih.gov/xml/owl/EVS/Thesaurus.owl#C6018	http://purl.obolibrary.org/obo/DOID_0050619	1.0
http://ncicb.nci.nih.gov/xml/owl/EVS/Thesaurus.owl#C6019	http://purl.obolibrary.org/obo/DOID_0050619	1.0
http://ncicb.nci.nih.gov/xml/owl/EVS/Thesaurus.owl#C6020	http://purl.obolibrary.org/obo/DOID_2877	0.96535826
http://ncicb.nci.nih.gov/xml/owl/EVS/Thesaurus.owl#C6021	http://purl.obolibrary.org/obo/DOID_5696	0.97243816
http://ncicb.nci.nih.gov/xml/owl/EVS/Thesaurus.owl#C6022	http://purl.obolibrary.org/obo/DOID_5288	0.97539353
http://ncicb.nci.nih.gov/xml/owl/EVS/Thesaurus.owl#C6023	http://purl.obolibrary.org/obo/DOID_5457	0.98983377
http://ncicb.nci.nih.gov/xml/owl/EVS/Thesaurus.owl#C6025	http://purl.obolibrary.org/obo/DOID_7144	1.0
http://ncicb.nci.nih.gov/xml/owl/EVS/Thesaurus.owl#C6026	http://purl.obolibrary.org/obo/DOID_472	0.95666897
http://ncicb.nci.nih.gov/xml/owl/EVS/Thesaurus.owl#C6027	http://purl.obolibrary.org/obo/DOID_10070	0.97321999
http://ncicb.nci.nih.gov/xml/owl/EVS/Thesaurus.owl#C6041	http://purl.obolibrary.org/obo/DOID_4515	0.98364246
http://ncicb.nci.nih.gov/xml/owl/EVS/Thesaurus.owl#C6043	http://purl.obolibrary.org/obo/DOID_4514	0.99461138
http://ncicb.nci.nih.gov/xml/owl/EVS/Thesaurus.owl#C6049	http://purl.obolibrary.org/obo/DOID_248	0.96155483
http://ncicb.nci.nih.gov/xml/owl/EVS/Thesaurus.owl#C6050	http://purl.obolibrary.org/obo/DOID_12002	0.96483117
http://ncicb.nci.nih.gov/xml/owl/EVS/Thesaurus.owl#C6051	http://purl.obolibrary.org/obo/DOID_4875	0.93235135
http://ncicb.nci.nih.gov/xml/owl/EVS/Thesaurus.owl#C6064	http://purl.obolibrary.org/obo/DOID_7910	1.0
http://ncicb.nci.nih.gov/xml/owl/EVS/Thesaurus.owl#C60641	http://purl.obolibrary.org/obo/DOID_0080183	1.0
http://ncicb.nci.nih.gov/xml/owl/EVS/Thesaurus.owl#C6065	http://purl.obolibrary.org/obo/DOID_2763	1.0
http://ncicb.nci.nih.gov/xml/owl/EVS/Thesaurus.owl#C6066	http://purl.obolibrary.org/obo/DOID_14547	1.0
http://ncicb.nci.nih.gov/xml/owl/EVS/Thesaurus.owl#C6067	http://purl.obolibrary.org/obo/DOID_2441	1.0
http://ncicb.nci.nih.gov/xml/owl/EVS/Thesaurus.owl#C6068	http://purl.obolibrary.org/obo/DOID_1355	1.0
http://ncicb.nci.nih.gov/xml/owl/EVS/Thesaurus.owl#C60709	http://purl.obolibrary.org/obo/DOID_0050911	0.91116393
http://ncicb.nci.nih.gov/xml/owl/EVS/Thesaurus.owl#C6074	http://purl.obolibrary.org/obo/DOID_10813	1.0
http://ncicb.nci.nih.gov/xml/owl/EVS/Thesaurus.owl#C6078	http://purl.obolibrary.org/obo/DOID_6425	1.0
http://ncicb.nci.nih.gov/xml/owl/EVS/Thesaurus.owl#C60780	http://purl.obolibrary.org/obo/DOID_3069	0.93505353
http://ncicb.nci.nih.gov/xml/owl/EVS/Thesaurus.owl#C60781	http://purl.obolibrary.org/obo/DOID_3069	1.0
http://ncicb.nci.nih.gov/xml/owl/EVS/Thesaurus.owl#C60785	http://purl.obolibrary.org/obo/DOID_0060328	0.9030931
http://ncicb.nci.nih.gov/xml/owl/EVS/Thesaurus.owl#C6079	http://purl.obolibrary.org/obo/DOID_295	1.0
http://ncicb.nci.nih.gov/xml/owl/EVS/Thesaurus.owl#C6081	http://purl.obolibrary.org/obo/DOID_4288	1.0
http://ncicb.nci.nih.gov/xml/owl/EVS/Thesaurus.owl#C6082	http://purl.obolibrary.org/obo/DOID_4287	1.0
http://ncicb.nci.nih.gov/xml/owl/EVS/Thesaurus.owl#C6083	http://purl.obolibrary.org/obo/DOID_5538	1.0
http://ncicb.nci.nih.gov/xml/owl/EVS/Thesaurus.owl#C6086	http://purl.obolibrary.org/obo/DOID_5526	1.0
http://ncicb.nci.nih.gov/xml/owl/EVS/Thesaurus.owl#C6089	http://purl.obolibrary.org/obo/DOID_4893	1.0
http://ncicb.nci.nih.gov/xml/owl/EVS/Thesaurus.owl#C6091	http://purl.obolibrary.org/obo/DOID_4685	1.0
http://ncicb.nci.nih.gov/xml/owl/EVS/Thesaurus.owl#C6092	http://purl.obolibrary.org/obo/DOID_5529	1.0
http://ncicb.nci.nih.gov/xml/owl/EVS/Thesaurus.owl#C6093	http://purl.obolibrary.org/obo/DOID_6198	0.96299398
http://ncicb.nci.nih.gov/xml/owl/EVS/Thesaurus.owl#C6095	http://purl.obolibrary.org/obo/DOID_9987	1.0
http://ncicb.nci.nih.gov/xml/owl/EVS/Thesaurus.owl#C6098	http://purl.obolibrary.org/obo/DOID_7328	1.0
http://ncicb.nci.nih.gov/xml/owl/EVS/Thesaurus.owl#C60989	http://purl.obolibrary.org/obo/DOID_437	1.0
http://ncicb.nci.nih.gov/xml/owl/EVS/Thesaurus.owl#C6099	http://purl.obolibrary.org/obo/DOID_6041	1.0
http://ncicb.nci.nih.gov/xml/owl/EVS/Thesaurus.owl#C6100	http://purl.obolibrary.org/obo/DOID_6996	1.0
http://ncicb.nci.nih.gov/xml/owl/EVS/Thesaurus.owl#C6102	http://purl.obolibrary.org/obo/DOID_7041	1.0
http://ncicb.nci.nih.gov/xml/owl/EVS/Thesaurus.owl#C6105	http://purl.obolibrary.org/obo/DOID_3479	0.95698118
http://ncicb.nci.nih.gov/xml/owl/EVS/Thesaurus.owl#C6117	http://purl.obolibrary.org/obo/DOID_6043	1.0
http://ncicb.nci.nih.gov/xml/owl/EVS/Thesaurus.owl#C6118	http://purl.obolibrary.org/obo/DOID_6997	1.0
http://ncicb.nci.nih.gov/xml/owl/EVS/Thesaurus.owl#C6119	http://purl.obolibrary.org/obo/DOID_7042	1.0
http://ncicb.nci.nih.gov/xml/owl/EVS/Thesaurus.owl#C6120	http://purl.obolibrary.org/obo/DOID_5465	0.95772851
http://ncicb.nci.nih.gov/xml/owl/EVS/Thesaurus.owl#C61233	http://purl.obolibrary.org/obo/DOID_0060284	1.0
http://ncicb.nci.nih.gov/xml/owl/EVS/Thesaurus.owl#C61235	http://purl.obolibrary.org/obo/DOID_0060479	1.0
http://ncicb.nci.nih.gov/xml/owl/EVS/Thesaurus.owl#C61236	http://purl.obolibrary.org/obo/DOID_1340	0.9821279
http://ncicb.nci.nih.gov/xml/owl/EVS/Thesaurus.owl#C61240	http://purl.obolibrary.org/obo/DOID_0060010	1.0
http://ncicb.nci.nih.gov/xml/owl/EVS/Thesaurus.owl#C61242	http://purl.obolibrary.org/obo/DOID_0050590	0.93112463
http://ncicb.nci.nih.gov/xml/owl/EVS/Thesaurus.owl#C61244	http://purl.obolibrary.org/obo/DOID_0060022	1.0
http://ncicb.nci.nih.gov/xml/owl/EVS/Thesaurus.owl#C61245	http://purl.obolibrary.org/obo/DOID_14773	1.0
http://ncicb.nci.nih.gov/xml/owl/EVS/Thesaurus.owl#C61249	http://purl.obolibrary.org/obo/DOID_2219	1.0
http://ncicb.nci.nih.gov/xml/owl/EVS/Thesaurus.owl#C61250	http://purl.obolibrary.org/obo/DOID_3211	1.0
http://ncicb.nci.nih.gov/xml/owl/EVS/Thesaurus.owl#C61251	http://purl.obolibrary.org/obo/DOID_10581	1.0
http://ncicb.nci.nih.gov/xml/owl/EVS/Thesaurus.owl#C61252	http://purl.obolibrary.org/obo/DOID_10588	1.0
http://ncicb.nci.nih.gov/xml/owl/EVS/Thesaurus.owl#C61253	http://purl.obolibrary.org/obo/DOID_10579	1.0
http://ncicb.nci.nih.gov/xml/owl/EVS/Thesaurus.owl#C61254	http://purl.obolibrary.org/obo/DOID_10587	1.0
http://ncicb.nci.nih.gov/xml/owl/EVS/Thesaurus.owl#C61255	http://purl.obolibrary.org/obo/DOID_1919	1.0
http://ncicb.nci.nih.gov/xml/owl/EVS/Thesaurus.owl#C61257	http://purl.obolibrary.org/obo/DOID_14503	1.0
http://ncicb.nci.nih.gov/xml/owl/EVS/Thesaurus.owl#C61258	http://purl.obolibrary.org/obo/DOID_0110731	0.96069974
http://ncicb.nci.nih.gov/xml/owl/EVS/Thesaurus.owl#C61259	http://purl.obolibrary.org/obo/DOID_12798	1.0
http://ncicb.nci.nih.gov/xml/owl/EVS/Thesaurus.owl#C61260	http://purl.obolibrary.org/obo/DOID_12799	1.0
http://ncicb.nci.nih.gov/xml/owl/EVS/Thesaurus.owl#C61261	http://purl.obolibrary.org/obo/DOID_12802	1.0
http://ncicb.nci.nih.gov/xml/owl/EVS/Thesaurus.owl#C61265	http://purl.obolibrary.org/obo/DOID_0060222	1.0
http://ncicb.nci.nih.gov/xml/owl/EVS/Thesaurus.owl#C61268	http://purl.obolibrary.org/obo/DOID_1926	1.0
http://ncicb.nci.nih.gov/xml/owl/EVS/Thesaurus.owl#C61269	http://purl.obolibrary.org/obo/DOID_14504	1.0
http://ncicb.nci.nih.gov/xml/owl/EVS/Thesaurus.owl#C61270	http://purl.obolibrary.org/obo/DOID_0080070	1.0
http://ncicb.nci.nih.gov/xml/owl/EVS/Thesaurus.owl#C61271	http://purl.obolibrary.org/obo/DOID_14497	1.0
http://ncicb.nci.nih.gov/xml/owl/EVS/Thesaurus.owl#C61272	http://purl.obolibrary.org/obo/DOID_2747	1.0
http://ncicb.nci.nih.gov/xml/owl/EVS/Thesaurus.owl#C61273	http://purl.obolibrary.org/obo/DOID_0050461	1.0
http://ncicb.nci.nih.gov/xml/owl/EVS/Thesaurus.owl#C61274	http://purl.obolibrary.org/obo/DOID_14500	1.0
http://ncicb.nci.nih.gov/xml/owl/EVS/Thesaurus.owl#C61276	http://purl.obolibrary.org/obo/DOID_0050120	0.90113509
http://ncicb.nci.nih.gov/xml/owl/EVS/Thesaurus.owl#C61277	http://purl.obolibrary.org/obo/DOID_9008	1.0
http://ncicb.nci.nih.gov/xml/owl/EVS/Thesaurus.owl#C61283	http://purl.obolibrary.org/obo/DOID_2988	1.0
http://ncicb.nci.nih.gov/xml/owl/EVS/Thesaurus.owl#C61284	http://purl.obolibrary.org/obo/DOID_8931	1.0
http://ncicb.nci.nih.gov/xml/owl/EVS/Thesaurus.owl#C6129	http://purl.obolibrary.org/obo/DOID_293	1.0
http://ncicb.nci.nih.gov/xml/owl/EVS/Thesaurus.owl#C6142	http://purl.obolibrary.org/obo/DOID_4919	1.0
http://ncicb.nci.nih.gov/xml/owl/EVS/Thesaurus.owl#C61420	http://purl.obolibrary.org/obo/DOID_14447	1.0
http://ncicb.nci.nih.gov/xml/owl/EVS/Thesaurus.owl#C6143	http://purl.obolibrary.org/obo/DOID_4918	1.0
http://ncicb.nci.nih.gov/xml/owl/EVS/Thesaurus.owl#C61443	http://purl.obolibrary.org/obo/DOID_13938	1.0
http://ncicb.nci.nih.gov/xml/owl/EVS/Thesaurus.owl#C61469	http://purl.obolibrary.org/obo/DOID_7997	1.0
http://ncicb.nci.nih.gov/xml/owl/EVS/Thesaurus.owl#C6148	http://purl.obolibrary.org/obo/DOID_5973	0.93737286
http://ncicb.nci.nih.gov/xml/owl/EVS/Thesaurus.owl#C6154	http://purl.obolibrary.org/obo/DOID_5539	1.0
http://ncicb.nci.nih.gov/xml/owl/EVS/Thesaurus.owl#C6155	http://purl.obolibrary.org/obo/DOID_4938	1.0
http://ncicb.nci.nih.gov/xml/owl/EVS/Thesaurus.owl#C61574	http://purl.obolibrary.org/obo/DOID_9460	1.0
http://ncicb.nci.nih.gov/xml/owl/EVS/Thesaurus.owl#C6160	http://purl.obolibrary.org/obo/DOID_6936	1.0
http://ncicb.nci.nih.gov/xml/owl/EVS/Thesaurus.owl#C6161	http://purl.obolibrary.org/obo/DOID_11887	1.0
http://ncicb.nci.nih.gov/xml/owl/EVS/Thesaurus.owl#C6162	http://purl.obolibrary.org/obo/DOID_11888	0.98175764
http://ncicb.nci.nih.gov/xml/owl/EVS/Thesaurus.owl#C6163	http://purl.obolibrary.org/obo/DOID_6481	1.0
http://ncicb.nci.nih.gov/xml/owl/EVS/Thesaurus.owl#C6164	http://purl.obolibrary.org/obo/DOID_11821	1.0
http://ncicb.nci.nih.gov/xml/owl/EVS/Thesaurus.owl#C6165	http://purl.obolibrary.org/obo/DOID_3750	0.97262824
http://ncicb.nci.nih.gov/xml/owl/EVS/Thesaurus.owl#C6166	http://purl.obolibrary.org/obo/DOID_6166	0.90320963
http://ncicb.nci.nih.gov/xml/owl/EVS/Thesaurus.owl#C6167	http://purl.obolibrary.org/obo/DOID_4910	0.96321505
http://ncicb.nci.nih.gov/xml/owl/EVS/Thesaurus.owl#C6170	http://purl.obolibrary.org/obo/DOID_8108	0.98742074
http://ncicb.nci.nih.gov/xml/owl/EVS/Thesaurus.owl#C6171	http://purl.obolibrary.org/obo/DOID_2142	0.98040646
http://ncicb.nci.nih.gov/xml/owl/EVS/Thesaurus.owl#C6172	http://purl.obolibrary.org/obo/DOID_5307	0.97994572
http://ncicb.nci.nih.gov/xml/owl/EVS/Thesaurus.owl#C6173	http://purl.obolibrary.org/obo/DOID_6934	0.98833406
http://ncicb.nci.nih.gov/xml/owl/EVS/Thesaurus.owl#C6174	http://purl.obolibrary.org/obo/DOID_6935	1.0
http://ncicb.nci.nih.gov/xml/owl/EVS/Thesaurus.owl#C6175	http://purl.obolibrary.org/obo/DOID_14489	0.93582428
http://ncicb.nci.nih.gov/xml/owl/EVS/Thesaurus.owl#C6176	http://purl.obolibrary.org/obo/DOID_6886	1.0
http://ncicb.nci.nih.gov/xml/owl/EVS/Thesaurus.owl#C6178	http://purl.obolibrary.org/obo/DOID_13109	1.0
http://ncicb.nci.nih.gov/xml/owl/EVS/Thesaurus.owl#C6179	http://purl.obolibrary.org/obo/DOID_5306	1.0
http://ncicb.nci.nih.gov/xml/owl/EVS/Thesaurus.owl#C6180	http://purl.obolibrary.org/obo/DOID_5176	0.9132669
http://ncicb.nci.nih.gov/xml/owl/EVS/Thesaurus.owl#C6183	http://purl.obolibrary.org/obo/DOID_5287	1.0
http://ncicb.nci.nih.gov/xml/owl/EVS/Thesaurus.owl#C6185	http://purl.obolibrary.org/obo/DOID_5699	1.0
http://ncicb.nci.nih.gov/xml/owl/EVS/Thesaurus.owl#C6187	http://purl.obolibrary.org/obo/DOID_6118	1.0
http://ncicb.nci.nih.gov/xml/owl/EVS/Thesaurus.owl#C6192	http://purl.obolibrary.org/obo/DOID_6932	0.9530555
http://ncicb.nci.nih.gov/xml/owl/EVS/Thesaurus.owl#C62015	http://purl.obolibrary.org/obo/DOID_0050821	0.94338995
http://ncicb.nci.nih.gov/xml/owl/EVS/Thesaurus.owl#C62018	http://purl.obolibrary.org/obo/DOID_11312	0.95393133
http://ncicb.nci.nih.gov/xml/owl/EVS/Thesaurus.owl#C6205	http://purl.obolibrary.org/obo/DOID_6052	1.0
http://ncicb.nci.nih.gov/xml/owl/EVS/Thesaurus.owl#C6206	http://purl.obolibrary.org/obo/DOID_6639	0.96135587
http://ncicb.nci.nih.gov/xml/owl/EVS/Thesaurus.owl#C6207	http://purl.obolibrary.org/obo/DOID_7429	1.0
http://ncicb.nci.nih.gov/xml/owl/EVS/Thesaurus.owl#C6208	http://purl.obolibrary.org/obo/DOID_7231	0.96188939
http://ncicb.nci.nih.gov/xml/owl/EVS/Thesaurus.owl#C6216	http://purl.obolibrary.org/obo/DOID_6386	0.93171442
http://ncicb.nci.nih.gov/xml/owl/EVS/Thesaurus.owl#C6220	http://purl.obolibrary.org/obo/DOID_6291	1.0
http://ncicb.nci.nih.gov/xml/owl/EVS/Thesaurus.owl#C62244	http://purl.obolibrary.org/obo/DOID_13884	1.0
http://ncicb.nci.nih.gov/xml/owl/EVS/Thesaurus.owl#C6237	http://purl.obolibrary.org/obo/DOID_2766	1.0
http://ncicb.nci.nih.gov/xml/owl/EVS/Thesaurus.owl#C6238	http://purl.obolibrary.org/obo/DOID_2764	1.0
http://ncicb.nci.nih.gov/xml/owl/EVS/Thesaurus.owl#C6239	http://purl.obolibrary.org/obo/DOID_7198	1.0
http://ncicb.nci.nih.gov/xml/owl/EVS/Thesaurus.owl#C6240	http://purl.obolibrary.org/obo/DOID_7684	1.0
http://ncicb.nci.nih.gov/xml/owl/EVS/Thesaurus.owl#C6244	http://purl.obolibrary.org/obo/DOID_9986	1.0
http://ncicb.nci.nih.gov/xml/owl/EVS/Thesaurus.owl#C6245	http://purl.obolibrary.org/obo/DOID_14459	0.98957145
http://ncicb.nci.nih.gov/xml/owl/EVS/Thesaurus.owl#C6246	http://purl.obolibrary.org/obo/DOID_3258	1.0
http://ncicb.nci.nih.gov/xml/owl/EVS/Thesaurus.owl#C6247	http://purl.obolibrary.org/obo/DOID_4384	1.0
http://ncicb.nci.nih.gov/xml/owl/EVS/Thesaurus.owl#C6248	http://purl.obolibrary.org/obo/DOID_12001	1.0
http://ncicb.nci.nih.gov/xml/owl/EVS/Thesaurus.owl#C62505	http://purl.obolibrary.org/obo/DOID_13636	1.0
http://ncicb.nci.nih.gov/xml/owl/EVS/Thesaurus.owl#C6253	http://purl.obolibrary.org/obo/DOID_6939	1.0
http://ncicb.nci.nih.gov/xml/owl/EVS/Thesaurus.owl#C62545	http://purl.obolibrary.org/obo/DOID_4331	1.0
http://ncicb.nci.nih.gov/xml/owl/EVS/Thesaurus.owl#C6256	http://purl.obolibrary.org/obo/DOID_2632	0.90893179
http://ncicb.nci.nih.gov/xml/owl/EVS/Thesaurus.owl#C62569	http://purl.obolibrary.org/obo/DOID_4603	1.0
http://ncicb.nci.nih.gov/xml/owl/EVS/Thesaurus.owl#C62578	http://purl.obolibrary.org/obo/DOID_14400	1.0
http://ncicb.nci.nih.gov/xml/owl/EVS/Thesaurus.owl#C62580	http://purl.obolibrary.org/obo/DOID_2799	1.0
http://ncicb.nci.nih.gov/xml/owl/EVS/Thesaurus.owl#C62586	http://purl.obolibrary.org/obo/DOID_0050157	1.0
http://ncicb.nci.nih.gov/xml/owl/EVS/Thesaurus.owl#C62591	http://purl.obolibrary.org/obo/DOID_9406	1.0
http://ncicb.nci.nih.gov/xml/owl/EVS/Thesaurus.owl#C62601	http://purl.obolibrary.org/obo/DOID_8947	0.90134108
http://ncicb.nci.nih.gov/xml/owl/EVS/Thesaurus.owl#C6261	http://purl.obolibrary.org/obo/DOID_2999	0.91469783
http://ncicb.nci.nih.gov/xml/owl/EVS/Thesaurus.owl#C6265	http://purl.obolibrary.org/obo/DOID_3706	1.0
http://ncicb.nci.nih.gov/xml/owl/EVS/Thesaurus.owl#C6267	http://purl.obolibrary.org/obo/DOID_5597	1.0
http://ncicb.nci.nih.gov/xml/owl/EVS/Thesaurus.owl#C6278	http://purl.obolibrary.org/obo/DOID_8186	1.0
http://ncicb.nci.nih.gov/xml/owl/EVS/Thesaurus.owl#C6279	http://purl.obolibrary.org/obo/DOID_5831	1.0
http://ncicb.nci.nih.gov/xml/owl/EVS/Thesaurus.owl#C62798	http://purl.obolibrary.org/obo/DOID_397	1.0
http://ncicb.nci.nih.gov/xml/owl/EVS/Thesaurus.owl#C6280	http://purl.obolibrary.org/obo/DOID_5301	1.0
http://ncicb.nci.nih.gov/xml/owl/EVS/Thesaurus.owl#C6282	http://purl.obolibrary.org/obo/DOID_5540	1.0
http://ncicb.nci.nih.gov/xml/owl/EVS/Thesaurus.owl#C6284	http://purl.obolibrary.org/obo/DOID_2127	1.0
http://ncicb.nci.nih.gov/xml/owl/EVS/Thesaurus.owl#C6285	http://purl.obolibrary.org/obo/DOID_5349	1.0
http://ncicb.nci.nih.gov/xml/owl/EVS/Thesaurus.owl#C6286	http://purl.obolibrary.org/obo/DOID_6286	0.929052
http://ncicb.nci.nih.gov/xml/owl/EVS/Thesaurus.owl#C6287	http://purl.obolibrary.org/obo/DOID_2870	1.0
http://ncicb.nci.nih.gov/xml/owl/EVS/Thesaurus.owl#C6326	http://purl.obolibrary.org/obo/DOID_5283	0.97802687
http://ncicb.nci.nih.gov/xml/owl/EVS/Thesaurus.owl#C6336	http://purl.obolibrary.org/obo/DOID_4113	1.0
http://ncicb.nci.nih.gov/xml/owl/EVS/Thesaurus.owl#C6337	http://purl.obolibrary.org/obo/DOID_5475	1.0
http://ncicb.nci.nih.gov/xml/owl/EVS/Thesaurus.owl#C6338	http://purl.obolibrary.org/obo/DOID_4994	0.98592842
http://ncicb.nci.nih.gov/xml/owl/EVS/Thesaurus.owl#C6339	http://purl.obolibrary.org/obo/DOID_5165	1.0
http://ncicb.nci.nih.gov/xml/owl/EVS/Thesaurus.owl#C6340	http://purl.obolibrary.org/obo/DOID_5289	0.98026091
http://ncicb.nci.nih.gov/xml/owl/EVS/Thesaurus.owl#C6341	http://purl.obolibrary.org/obo/DOID_5680	1.0
http://ncicb.nci.nih.gov/xml/owl/EVS/Thesaurus.owl#C6342	http://purl.obolibrary.org/obo/DOID_9445	0.97730333
http://ncicb.nci.nih.gov/xml/owl/EVS/Thesaurus.owl#C6343	http://purl.obolibrary.org/obo/DOID_5830	1.0
http://ncicb.nci.nih.gov/xml/owl/EVS/Thesaurus.owl#C6344	http://purl.obolibrary.org/obo/DOID_5303	1.0
http://ncicb.nci.nih.gov/xml/owl/EVS/Thesaurus.owl#C6346	http://purl.obolibrary.org/obo/DOID_4867	1.0
http://ncicb.nci.nih.gov/xml/owl/EVS/Thesaurus.owl#C6347	http://purl.obolibrary.org/obo/DOID_4743	1.0
http://ncicb.nci.nih.gov/xml/owl/EVS/Thesaurus.owl#C6356	http://purl.obolibrary.org/obo/DOID_4756	1.0
http://ncicb.nci.nih.gov/xml/owl/EVS/Thesaurus.owl#C6357	http://purl.obolibrary.org/obo/DOID_5331	1.0
http://ncicb.nci.nih.gov/xml/owl/EVS/Thesaurus.owl#C6358	http://purl.obolibrary.org/obo/DOID_192	0.95900518
http://ncicb.nci.nih.gov/xml/owl/EVS/Thesaurus.owl#C6359	http://purl.obolibrary.org/obo/DOID_4062	0.96848971
http://ncicb.nci.nih.gov/xml/owl/EVS/Thesaurus.owl#C63707	http://purl.obolibrary.org/obo/DOID_10159	0.92346811
http://ncicb.nci.nih.gov/xml/owl/EVS/Thesaurus.owl#C6373	http://purl.obolibrary.org/obo/DOID_125	0.98062634
http://ncicb.nci.nih.gov/xml/owl/EVS/Thesaurus.owl#C6374	http://purl.obolibrary.org/obo/DOID_137	1.0
http://ncicb.nci.nih.gov/xml/owl/EVS/Thesaurus.owl#C63743	http://purl.obolibrary.org/obo/DOID_3388	0.98103333
http://ncicb.nci.nih.gov/xml/owl/EVS/Thesaurus.owl#C6375	http://purl.obolibrary.org/obo/DOID_6944	1.0
http://ncicb.nci.nih.gov/xml/owl/EVS/Thesaurus.owl#C6378	http://purl.obolibrary.org/obo/DOID_4061	0.97582477
http://ncicb.nci.nih.gov/xml/owl/EVS/Thesaurus.owl#C6379	http://purl.obolibrary.org/obo/DOID_1910	1.0
http://ncicb.nci.nih.gov/xml/owl/EVS/Thesaurus.owl#C6380	http://purl.obolibrary.org/obo/DOID_2098	0.95259166
http://ncicb.nci.nih.gov/xml/owl/EVS/Thesaurus.owl#C6381	http://purl.obolibrary.org/obo/DOID_4301	0.94867128
http://ncicb.nci.nih.gov/xml/owl/EVS/Thesaurus.owl#C6382	http://purl.obolibrary.org/obo/DOID_745	0.90648276
http://ncicb.nci.nih.gov/xml/owl/EVS/Thesaurus.owl#C6383	http://purl.obolibrary.org/obo/DOID_3740	0.98641521
http://ncicb.nci.nih.gov/xml/owl/EVS/Thesaurus.owl#C6384	http://purl.obolibrary.org/obo/DOID_10207	1.0
http://ncicb.nci.nih.gov/xml/owl/EVS/Thesaurus.owl#C6386	http://purl.obolibrary.org/obo/DOID_4278	0.93567908
http://ncicb.nci.nih.gov/xml/owl/EVS/Thesaurus.owl#C6387	http://purl.obolibrary.org/obo/DOID_663	0.96965665
http://ncicb.nci.nih.gov/xml/owl/EVS/Thesaurus.owl#C6389	http://purl.obolibrary.org/obo/DOID_3445	1.0
http://ncicb.nci.nih.gov/xml/owl/EVS/Thesaurus.owl#C63924	http://purl.obolibrary.org/obo/DOID_10159	0.9060142
http://ncicb.nci.nih.gov/xml/owl/EVS/Thesaurus.owl#C6419	http://purl.obolibrary.org/obo/DOID_5697	0.96090609
http://ncicb.nci.nih.gov/xml/owl/EVS/Thesaurus.owl#C6434	http://purl.obolibrary.org/obo/DOID_2068	1.0
http://ncicb.nci.nih.gov/xml/owl/EVS/Thesaurus.owl#C6438	http://purl.obolibrary.org/obo/DOID_5568	0.96748257
http://ncicb.nci.nih.gov/xml/owl/EVS/Thesaurus.owl#C6447	http://purl.obolibrary.org/obo/DOID_5874	0.98814905
http://ncicb.nci.nih.gov/xml/owl/EVS/Thesaurus.owl#C6451	http://purl.obolibrary.org/obo/DOID_10146	0.95827866
http://ncicb.nci.nih.gov/xml/owl/EVS/Thesaurus.owl#C6454	http://purl.obolibrary.org/obo/DOID_7927	0.91092521
http://ncicb.nci.nih.gov/xml/owl/EVS/Thesaurus.owl#C6455	http://purl.obolibrary.org/obo/DOID_5530	0.94818908
http://ncicb.nci.nih.gov/xml/owl/EVS/Thesaurus.owl#C6456	http://purl.obolibrary.org/obo/DOID_7050	0.94839209
http://ncicb.nci.nih.gov/xml/owl/EVS/Thesaurus.owl#C6457	http://purl.obolibrary.org/obo/DOID_4678	0.96591562
http://ncicb.nci.nih.gov/xml/owl/EVS/Thesaurus.owl#C6458	http://purl.obolibrary.org/obo/DOID_5626	0.9555009
http://ncicb.nci.nih.gov/xml/owl/EVS/Thesaurus.owl#C6459	http://purl.obolibrary.org/obo/DOID_4923	0.9563669
http://ncicb.nci.nih.gov/xml/owl/EVS/Thesaurus.owl#C6460	http://purl.obolibrary.org/obo/DOID_7142	0.95051032
http://ncicb.nci.nih.gov/xml/owl/EVS/Thesaurus.owl#C6462	http://purl.obolibrary.org/obo/DOID_8137	0.95239508
http://ncicb.nci.nih.gov/xml/owl/EVS/Thesaurus.owl#C6463	http://purl.obolibrary.org/obo/DOID_8138	0.9510017
http://ncicb.nci.nih.gov/xml/owl/EVS/Thesaurus.owl#C6469	http://purl.obolibrary.org/obo/DOID_7542	0.96555442
http://ncicb.nci.nih.gov/xml/owl/EVS/Thesaurus.owl#C6470	http://purl.obolibrary.org/obo/DOID_3360	0.92687911
http://ncicb.nci.nih.gov/xml/owl/EVS/Thesaurus.owl#C6471	http://purl.obolibrary.org/obo/DOID_6696	0.94962007
http://ncicb.nci.nih.gov/xml/owl/EVS/Thesaurus.owl#C6472	http://purl.obolibrary.org/obo/DOID_6697	0.94140524
http://ncicb.nci.nih.gov/xml/owl/EVS/Thesaurus.owl#C6475	http://purl.obolibrary.org/obo/DOID_5867	1.0
http://ncicb.nci.nih.gov/xml/owl/EVS/Thesaurus.owl#C6481	http://purl.obolibrary.org/obo/DOID_0050905	1.0
http://ncicb.nci.nih.gov/xml/owl/EVS/Thesaurus.owl#C6483	http://purl.obolibrary.org/obo/DOID_9601	1.0
http://ncicb.nci.nih.gov/xml/owl/EVS/Thesaurus.owl#C6492	http://purl.obolibrary.org/obo/DOID_4419	1.0
http://ncicb.nci.nih.gov/xml/owl/EVS/Thesaurus.owl#C6496	http://purl.obolibrary.org/obo/DOID_4136	0.90452212
http://ncicb.nci.nih.gov/xml/owl/EVS/Thesaurus.owl#C6499	http://purl.obolibrary.org/obo/DOID_7016	1.0
http://ncicb.nci.nih.gov/xml/owl/EVS/Thesaurus.owl#C6500	http://purl.obolibrary.org/obo/DOID_7017	1.0
http://ncicb.nci.nih.gov/xml/owl/EVS/Thesaurus.owl#C6503	http://purl.obolibrary.org/obo/DOID_10208	1.0
http://ncicb.nci.nih.gov/xml/owl/EVS/Thesaurus.owl#C6504	http://purl.obolibrary.org/obo/DOID_3923	1.0
http://ncicb.nci.nih.gov/xml/owl/EVS/Thesaurus.owl#C6505	http://purl.obolibrary.org/obo/DOID_5690	1.0
http://ncicb.nci.nih.gov/xml/owl/EVS/Thesaurus.owl#C6507	http://purl.obolibrary.org/obo/DOID_5704	1.0
http://ncicb.nci.nih.gov/xml/owl/EVS/Thesaurus.owl#C6508	http://purl.obolibrary.org/obo/DOID_8233	1.0
http://ncicb.nci.nih.gov/xml/owl/EVS/Thesaurus.owl#C6509	http://purl.obolibrary.org/obo/DOID_5698	1.0
http://ncicb.nci.nih.gov/xml/owl/EVS/Thesaurus.owl#C6510	http://purl.obolibrary.org/obo/DOID_4310	0.93464983
http://ncicb.nci.nih.gov/xml/owl/EVS/Thesaurus.owl#C6511	http://purl.obolibrary.org/obo/DOID_4230	0.94210583
http://ncicb.nci.nih.gov/xml/owl/EVS/Thesaurus.owl#C6512	http://purl.obolibrary.org/obo/DOID_5128	1.0
http://ncicb.nci.nih.gov/xml/owl/EVS/Thesaurus.owl#C6514	http://purl.obolibrary.org/obo/DOID_4044	1.0
http://ncicb.nci.nih.gov/xml/owl/EVS/Thesaurus.owl#C6516	http://purl.obolibrary.org/obo/DOID_4043	0.93376601
http://ncicb.nci.nih.gov/xml/owl/EVS/Thesaurus.owl#C6519	http://purl.obolibrary.org/obo/DOID_3260	1.0
http://ncicb.nci.nih.gov/xml/owl/EVS/Thesaurus.owl#C65192	http://purl.obolibrary.org/obo/DOID_4929	1.0
http://ncicb.nci.nih.gov/xml/owl/EVS/Thesaurus.owl#C6522	http://purl.obolibrary.org/obo/DOID_3577	0.94937706
http://ncicb.nci.nih.gov/xml/owl/EVS/Thesaurus.owl#C6525	http://purl.obolibrary.org/obo/DOID_8274	0.96043372
http://ncicb.nci.nih.gov/xml/owl/EVS/Thesaurus.owl#C6526	http://purl.obolibrary.org/obo/DOID_8331	0.95228994
http://ncicb.nci.nih.gov/xml/owl/EVS/Thesaurus.owl#C6531	http://purl.obolibrary.org/obo/DOID_5485	0.90654451
http://ncicb.nci.nih.gov/xml/owl/EVS/Thesaurus.owl#C6532	http://purl.obolibrary.org/obo/DOID_314	0.93819022
http://ncicb.nci.nih.gov/xml/owl/EVS/Thesaurus.owl#C6533	http://purl.obolibrary.org/obo/DOID_5484	1.0
http://ncicb.nci.nih.gov/xml/owl/EVS/Thesaurus.owl#C6534	http://purl.obolibrary.org/obo/DOID_5495	1.0
http://ncicb.nci.nih.gov/xml/owl/EVS/Thesaurus.owl#C6539	http://purl.obolibrary.org/obo/DOID_6161	0.90644085
http://ncicb.nci.nih.gov/xml/owl/EVS/Thesaurus.owl#C6541	http://purl.obolibrary.org/obo/DOID_8149	0.99334794
http://ncicb.nci.nih.gov/xml/owl/EVS/Thesaurus.owl#C6542	http://purl.obolibrary.org/obo/DOID_6161	1.0
http://ncicb.nci.nih.gov/xml/owl/EVS/Thesaurus.owl#C6544	http://purl.obolibrary.org/obo/DOID_6160	0.97007662
http://ncicb.nci.nih.gov/xml/owl/EVS/Thesaurus.owl#C6545	http://purl.obolibrary.org/obo/DOID_6162	0.93030316
http://ncicb.nci.nih.gov/xml/owl/EVS/Thesaurus.owl#C6546	http://purl.obolibrary.org/obo/DOID_8036	1.0
http://ncicb.nci.nih.gov/xml/owl/EVS/Thesaurus.owl#C6547	http://purl.obolibrary.org/obo/DOID_7037	0.97739828
http://ncicb.nci.nih.gov/xml/owl/EVS/Thesaurus.owl#C6548	http://purl.obolibrary.org/obo/DOID_6229	0.97267067
http://ncicb.nci.nih.gov/xml/owl/EVS/Thesaurus.owl#C6549	http://purl.obolibrary.org/obo/DOID_8336	0.97802043
http://ncicb.nci.nih.gov/xml/owl/EVS/Thesaurus.owl#C6550	http://purl.obolibrary.org/obo/DOID_7340	0.97187269
http://ncicb.nci.nih.gov/xml/owl/EVS/Thesaurus.owl#C6552	http://purl.obolibrary.org/obo/DOID_6082	0.97697675
http://ncicb.nci.nih.gov/xml/owl/EVS/Thesaurus.owl#C6554	http://purl.obolibrary.org/obo/DOID_6230	0.97577661
http://ncicb.nci.nih.gov/xml/owl/EVS/Thesaurus.owl#C6555	http://purl.obolibrary.org/obo/DOID_469	0.94963902
http://ncicb.nci.nih.gov/xml/owl/EVS/Thesaurus.owl#C6557	http://purl.obolibrary.org/obo/DOID_3204	1.0
http://ncicb.nci.nih.gov/xml/owl/EVS/Thesaurus.owl#C6558	http://purl.obolibrary.org/obo/DOID_5149	1.0
http://ncicb.nci.nih.gov/xml/owl/EVS/Thesaurus.owl#C6559	http://purl.obolibrary.org/obo/DOID_5155	0.99431086
http://ncicb.nci.nih.gov/xml/owl/EVS/Thesaurus.owl#C6560	http://purl.obolibrary.org/obo/DOID_8420	0.98158485
http://ncicb.nci.nih.gov/xml/owl/EVS/Thesaurus.owl#C6561	http://purl.obolibrary.org/obo/DOID_8353	1.0
http://ncicb.nci.nih.gov/xml/owl/EVS/Thesaurus.owl#C6563	http://purl.obolibrary.org/obo/DOID_3675	1.0
http://ncicb.nci.nih.gov/xml/owl/EVS/Thesaurus.owl#C6565	http://purl.obolibrary.org/obo/DOID_8410	1.0
http://ncicb.nci.nih.gov/xml/owl/EVS/Thesaurus.owl#C6566	http://purl.obolibrary.org/obo/DOID_7762	0.95662731
http://ncicb.nci.nih.gov/xml/owl/EVS/Thesaurus.owl#C6568	http://purl.obolibrary.org/obo/DOID_4454	0.97375757
http://ncicb.nci.nih.gov/xml/owl/EVS/Thesaurus.owl#C6569	http://purl.obolibrary.org/obo/DOID_4773	1.0
http://ncicb.nci.nih.gov/xml/owl/EVS/Thesaurus.owl#C6573	http://purl.obolibrary.org/obo/DOID_8153	0.99648088
http://ncicb.nci.nih.gov/xml/owl/EVS/Thesaurus.owl#C6581	http://purl.obolibrary.org/obo/DOID_2647	1.0
http://ncicb.nci.nih.gov/xml/owl/EVS/Thesaurus.owl#C6582	http://purl.obolibrary.org/obo/DOID_2685	1.0
http://ncicb.nci.nih.gov/xml/owl/EVS/Thesaurus.owl#C6583	http://purl.obolibrary.org/obo/DOID_8305	1.0
http://ncicb.nci.nih.gov/xml/owl/EVS/Thesaurus.owl#C6584	http://purl.obolibrary.org/obo/DOID_8304	1.0
http://ncicb.nci.nih.gov/xml/owl/EVS/Thesaurus.owl#C6585	http://purl.obolibrary.org/obo/DOID_3361	0.97373557
http://ncicb.nci.nih.gov/xml/owl/EVS/Thesaurus.owl#C6586	http://purl.obolibrary.org/obo/DOID_3672	0.91364741
http://ncicb.nci.nih.gov/xml/owl/EVS/Thesaurus.owl#C6589	http://purl.obolibrary.org/obo/DOID_5809	0.9542169
http://ncicb.nci.nih.gov/xml/owl/EVS/Thesaurus.owl#C6590	http://purl.obolibrary.org/obo/DOID_3361	0.92911452
http://ncicb.nci.nih.gov/xml/owl/EVS/Thesaurus.owl#C6594	http://purl.obolibrary.org/obo/DOID_5195	0.97994554
http://ncicb.nci.nih.gov/xml/owl/EVS/Thesaurus.owl#C6598	http://purl.obolibrary.org/obo/DOID_5123	0.964517
http://ncicb.nci.nih.gov/xml/owl/EVS/Thesaurus.owl#C6601	http://purl.obolibrary.org/obo/DOID_5046	0.91964692
http://ncicb.nci.nih.gov/xml/owl/EVS/Thesaurus.owl#C6602	http://purl.obolibrary.org/obo/DOID_0060094	0.90444714
http://ncicb.nci.nih.gov/xml/owl/EVS/Thesaurus.owl#C6604	http://purl.obolibrary.org/obo/DOID_3354	0.96858513
http://ncicb.nci.nih.gov/xml/owl/EVS/Thesaurus.owl#C6606	http://purl.obolibrary.org/obo/DOID_4050	0.94422746
http://ncicb.nci.nih.gov/xml/owl/EVS/Thesaurus.owl#C6608	http://purl.obolibrary.org/obo/DOID_6209	0.96991229
http://ncicb.nci.nih.gov/xml/owl/EVS/Thesaurus.owl#C6613	http://purl.obolibrary.org/obo/DOID_4525	0.95268261
http://ncicb.nci.nih.gov/xml/owl/EVS/Thesaurus.owl#C6614	http://purl.obolibrary.org/obo/DOID_5713	0.94863719
http://ncicb.nci.nih.gov/xml/owl/EVS/Thesaurus.owl#C6617	http://purl.obolibrary.org/obo/DOID_4049	0.95339364
http://ncicb.nci.nih.gov/xml/owl/EVS/Thesaurus.owl#C6618	http://purl.obolibrary.org/obo/DOID_5488	0.95576262
http://ncicb.nci.nih.gov/xml/owl/EVS/Thesaurus.owl#C6619	http://purl.obolibrary.org/obo/DOID_5292	0.96454895
http://ncicb.nci.nih.gov/xml/owl/EVS/Thesaurus.owl#C6620	http://purl.obolibrary.org/obo/DOID_6759	0.93351305
http://ncicb.nci.nih.gov/xml/owl/EVS/Thesaurus.owl#C6624	http://purl.obolibrary.org/obo/DOID_4691	0.92810577
http://ncicb.nci.nih.gov/xml/owl/EVS/Thesaurus.owl#C6627	http://purl.obolibrary.org/obo/DOID_10661	0.9653486
http://ncicb.nci.nih.gov/xml/owl/EVS/Thesaurus.owl#C6628	http://purl.obolibrary.org/obo/DOID_10660	0.95917648
http://ncicb.nci.nih.gov/xml/owl/EVS/Thesaurus.owl#C6630	http://purl.obolibrary.org/obo/DOID_7077	0.98618245
http://ncicb.nci.nih.gov/xml/owl/EVS/Thesaurus.owl#C6631	http://purl.obolibrary.org/obo/DOID_12064	0.95646352
http://ncicb.nci.nih.gov/xml/owl/EVS/Thesaurus.owl#C6633	http://purl.obolibrary.org/obo/DOID_6868	0.95603603
http://ncicb.nci.nih.gov/xml/owl/EVS/Thesaurus.owl#C6635	http://purl.obolibrary.org/obo/DOID_6484	0.93127531
http://ncicb.nci.nih.gov/xml/owl/EVS/Thesaurus.owl#C6636	http://purl.obolibrary.org/obo/DOID_7921	0.97019511
http://ncicb.nci.nih.gov/xml/owl/EVS/Thesaurus.owl#C6643	http://purl.obolibrary.org/obo/DOID_6175	0.92473269
http://ncicb.nci.nih.gov/xml/owl/EVS/Thesaurus.owl#C6644	http://purl.obolibrary.org/obo/DOID_10195	1.0
http://ncicb.nci.nih.gov/xml/owl/EVS/Thesaurus.owl#C6650	http://purl.obolibrary.org/obo/DOID_3502	1.0
http://ncicb.nci.nih.gov/xml/owl/EVS/Thesaurus.owl#C6655	http://purl.obolibrary.org/obo/DOID_7136	0.92635983
http://ncicb.nci.nih.gov/xml/owl/EVS/Thesaurus.owl#C66760	http://purl.obolibrary.org/obo/DOID_8305	0.91453749
http://ncicb.nci.nih.gov/xml/owl/EVS/Thesaurus.owl#C66806	http://purl.obolibrary.org/obo/DOID_4790	0.91325629
http://ncicb.nci.nih.gov/xml/owl/EVS/Thesaurus.owl#C6683	http://purl.obolibrary.org/obo/DOID_5414	1.0
http://ncicb.nci.nih.gov/xml/owl/EVS/Thesaurus.owl#C6685	http://purl.obolibrary.org/obo/DOID_7169	1.0
http://ncicb.nci.nih.gov/xml/owl/EVS/Thesaurus.owl#C6686	http://purl.obolibrary.org/obo/DOID_6510	1.0
http://ncicb.nci.nih.gov/xml/owl/EVS/Thesaurus.owl#C66950	http://purl.obolibrary.org/obo/DOID_0060534	1.0
http://ncicb.nci.nih.gov/xml/owl/EVS/Thesaurus.owl#C6699	http://purl.obolibrary.org/obo/DOID_7168	1.0
http://ncicb.nci.nih.gov/xml/owl/EVS/Thesaurus.owl#C67006	http://purl.obolibrary.org/obo/DOID_3577	0.90421486
http://ncicb.nci.nih.gov/xml/owl/EVS/Thesaurus.owl#C67012	http://purl.obolibrary.org/obo/DOID_3577	0.95313996
http://ncicb.nci.nih.gov/xml/owl/EVS/Thesaurus.owl#C67090	http://purl.obolibrary.org/obo/DOID_5474	0.93016678
http://ncicb.nci.nih.gov/xml/owl/EVS/Thesaurus.owl#C6711	http://purl.obolibrary.org/obo/DOID_3723	0.98766762
http://ncicb.nci.nih.gov/xml/owl/EVS/Thesaurus.owl#C6712	http://purl.obolibrary.org/obo/DOID_6758	1.0
http://ncicb.nci.nih.gov/xml/owl/EVS/Thesaurus.owl#C6716	http://purl.obolibrary.org/obo/DOID_6762	0.94995284
http://ncicb.nci.nih.gov/xml/owl/EVS/Thesaurus.owl#C6719	http://purl.obolibrary.org/obo/DOID_10200	1.0
http://ncicb.nci.nih.gov/xml/owl/EVS/Thesaurus.owl#C6720	http://purl.obolibrary.org/obo/DOID_8043	1.0
http://ncicb.nci.nih.gov/xml/owl/EVS/Thesaurus.owl#C6724	http://purl.obolibrary.org/obo/DOID_6579	0.96053022
http://ncicb.nci.nih.gov/xml/owl/EVS/Thesaurus.owl#C6727	http://purl.obolibrary.org/obo/DOID_8712	1.0
http://ncicb.nci.nih.gov/xml/owl/EVS/Thesaurus.owl#C6729	http://purl.obolibrary.org/obo/DOID_0050424	0.92049664
http://ncicb.nci.nih.gov/xml/owl/EVS/Thesaurus.owl#C6730	http://purl.obolibrary.org/obo/DOID_5090	0.90838873
http://ncicb.nci.nih.gov/xml/owl/EVS/Thesaurus.owl#C67383	http://purl.obolibrary.org/obo/DOID_2730	1.0
http://ncicb.nci.nih.gov/xml/owl/EVS/Thesaurus.owl#C6741	http://purl.obolibrary.org/obo/DOID_6285	0.98515403
http://ncicb.nci.nih.gov/xml/owl/EVS/Thesaurus.owl#C6742	http://purl.obolibrary.org/obo/DOID_6284	0.93014431
http://ncicb.nci.nih.gov/xml/owl/EVS/Thesaurus.owl#C6743	http://purl.obolibrary.org/obo/DOID_5137	0.96250498
http://ncicb.nci.nih.gov/xml/owl/EVS/Thesaurus.owl#C6744	http://purl.obolibrary.org/obo/DOID_8012	0.96099949
http://ncicb.nci.nih.gov/xml/owl/EVS/Thesaurus.owl#C6745	http://purl.obolibrary.org/obo/DOID_7390	1.0
http://ncicb.nci.nih.gov/xml/owl/EVS/Thesaurus.owl#C6750	http://purl.obolibrary.org/obo/DOID_2435	0.9820075
http://ncicb.nci.nih.gov/xml/owl/EVS/Thesaurus.owl#C6752	http://purl.obolibrary.org/obo/DOID_5341	1.0
http://ncicb.nci.nih.gov/xml/owl/EVS/Thesaurus.owl#C6753	http://purl.obolibrary.org/obo/DOID_6856	1.0
http://ncicb.nci.nih.gov/xml/owl/EVS/Thesaurus.owl#C6754	http://purl.obolibrary.org/obo/DOID_6857	1.0
http://ncicb.nci.nih.gov/xml/owl/EVS/Thesaurus.owl#C6755	http://purl.obolibrary.org/obo/DOID_6858	1.0
http://ncicb.nci.nih.gov/xml/owl/EVS/Thesaurus.owl#C6756	http://purl.obolibrary.org/obo/DOID_8031	1.0
http://ncicb.nci.nih.gov/xml/owl/EVS/Thesaurus.owl#C6758	http://purl.obolibrary.org/obo/DOID_502	0.92375588
http://ncicb.nci.nih.gov/xml/owl/EVS/Thesaurus.owl#C6759	http://purl.obolibrary.org/obo/DOID_5553	1.0
http://ncicb.nci.nih.gov/xml/owl/EVS/Thesaurus.owl#C6761	http://purl.obolibrary.org/obo/DOID_6727	0.91071111
http://ncicb.nci.nih.gov/xml/owl/EVS/Thesaurus.owl#C6762	http://purl.obolibrary.org/obo/DOID_7134	0.91078717
http://ncicb.nci.nih.gov/xml/owl/EVS/Thesaurus.owl#C6763	http://purl.obolibrary.org/obo/DOID_7133	0.92806333
http://ncicb.nci.nih.gov/xml/owl/EVS/Thesaurus.owl#C6764	http://purl.obolibrary.org/obo/DOID_6552	0.91227233
http://ncicb.nci.nih.gov/xml/owl/EVS/Thesaurus.owl#C6766	http://purl.obolibrary.org/obo/DOID_7141	1.0
http://ncicb.nci.nih.gov/xml/owl/EVS/Thesaurus.owl#C6767	http://purl.obolibrary.org/obo/DOID_1660	0.94528157
http://ncicb.nci.nih.gov/xml/owl/EVS/Thesaurus.owl#C6769	http://purl.obolibrary.org/obo/DOID_4991	1.0
http://ncicb.nci.nih.gov/xml/owl/EVS/Thesaurus.owl#C6771	http://purl.obolibrary.org/obo/DOID_8057	1.0
http://ncicb.nci.nih.gov/xml/owl/EVS/Thesaurus.owl#C6775	http://purl.obolibrary.org/obo/DOID_4211	1.0
http://ncicb.nci.nih.gov/xml/owl/EVS/Thesaurus.owl#C6776	http://purl.obolibrary.org/obo/DOID_7634	1.0
http://ncicb.nci.nih.gov/xml/owl/EVS/Thesaurus.owl#C6777	http://purl.obolibrary.org/obo/DOID_8030	1.0
http://ncicb.nci.nih.gov/xml/owl/EVS/Thesaurus.owl#C6778	http://purl.obolibrary.org/obo/DOID_4141	1.0
http://ncicb.nci.nih.gov/xml/owl/EVS/Thesaurus.owl#C6779	http://purl.obolibrary.org/obo/DOID_7635	0.92953193
http://ncicb.nci.nih.gov/xml/owl/EVS/Thesaurus.owl#C6783	http://purl.obolibrary.org/obo/DOID_2671	1.0
http://ncicb.nci.nih.gov/xml/owl/EVS/Thesaurus.owl#C6786	http://purl.obolibrary.org/obo/DOID_6425	0.92065835
http://ncicb.nci.nih.gov/xml/owl/EVS/Thesaurus.owl#C6791	http://purl.obolibrary.org/obo/DOID_9036	0.90773362
http://ncicb.nci.nih.gov/xml/owl/EVS/Thesaurus.owl#C6792	http://purl.obolibrary.org/obo/DOID_6947	0.99605829
http://ncicb.nci.nih.gov/xml/owl/EVS/Thesaurus.owl#C6793	http://purl.obolibrary.org/obo/DOID_8002	1.0
http://ncicb.nci.nih.gov/xml/owl/EVS/Thesaurus.owl#C6794	http://purl.obolibrary.org/obo/DOID_6270	1.0
http://ncicb.nci.nih.gov/xml/owl/EVS/Thesaurus.owl#C6795	http://purl.obolibrary.org/obo/DOID_6703	1.0
http://ncicb.nci.nih.gov/xml/owl/EVS/Thesaurus.owl#C6796	http://purl.obolibrary.org/obo/DOID_173	0.92222852
http://ncicb.nci.nih.gov/xml/owl/EVS/Thesaurus.owl#C6798	http://purl.obolibrary.org/obo/DOID_5876	0.91725284
http://ncicb.nci.nih.gov/xml/owl/EVS/Thesaurus.owl#C6801	http://purl.obolibrary.org/obo/DOID_4418	1.0
http://ncicb.nci.nih.gov/xml/owl/EVS/Thesaurus.owl#C6808	http://purl.obolibrary.org/obo/DOID_7071	0.98837799
http://ncicb.nci.nih.gov/xml/owl/EVS/Thesaurus.owl#C6809	http://purl.obolibrary.org/obo/DOID_4853	0.96103781
http://ncicb.nci.nih.gov/xml/owl/EVS/Thesaurus.owl#C6810	http://purl.obolibrary.org/obo/DOID_12253	1.0
http://ncicb.nci.nih.gov/xml/owl/EVS/Thesaurus.owl#C6811	http://purl.obolibrary.org/obo/DOID_3751	1.0
http://ncicb.nci.nih.gov/xml/owl/EVS/Thesaurus.owl#C6812	http://purl.obolibrary.org/obo/DOID_6249	0.97622979
http://ncicb.nci.nih.gov/xml/owl/EVS/Thesaurus.owl#C6814	http://purl.obolibrary.org/obo/DOID_0050871	0.90617877
http://ncicb.nci.nih.gov/xml/owl/EVS/Thesaurus.owl#C6834	http://purl.obolibrary.org/obo/DOID_5387	1.0
http://ncicb.nci.nih.gov/xml/owl/EVS/Thesaurus.owl#C6835	http://purl.obolibrary.org/obo/DOID_7679	0.9372831
http://ncicb.nci.nih.gov/xml/owl/EVS/Thesaurus.owl#C6836	http://purl.obolibrary.org/obo/DOID_6559	1.0
http://ncicb.nci.nih.gov/xml/owl/EVS/Thesaurus.owl#C6837	http://purl.obolibrary.org/obo/DOID_6054	1.0
http://ncicb.nci.nih.gov/xml/owl/EVS/Thesaurus.owl#C6838	http://purl.obolibrary.org/obo/DOID_7679	1.0
http://ncicb.nci.nih.gov/xml/owl/EVS/Thesaurus.owl#C6839	http://purl.obolibrary.org/obo/DOID_8093	1.0
http://ncicb.nci.nih.gov/xml/owl/EVS/Thesaurus.owl#C6840	http://purl.obolibrary.org/obo/DOID_7868	1.0
http://ncicb.nci.nih.gov/xml/owl/EVS/Thesaurus.owl#C6841	http://purl.obolibrary.org/obo/DOID_7678	1.0
http://ncicb.nci.nih.gov/xml/owl/EVS/Thesaurus.owl#C6842	http://purl.obolibrary.org/obo/DOID_8060	1.0
http://ncicb.nci.nih.gov/xml/owl/EVS/Thesaurus.owl#C6843	http://purl.obolibrary.org/obo/DOID_6562	1.0
http://ncicb.nci.nih.gov/xml/owl/EVS/Thesaurus.owl#C6848	http://purl.obolibrary.org/obo/DOID_4892	1.0
http://ncicb.nci.nih.gov/xml/owl/EVS/Thesaurus.owl#C6849	http://purl.obolibrary.org/obo/DOID_1362	1.0
http://ncicb.nci.nih.gov/xml/owl/EVS/Thesaurus.owl#C6857	http://purl.obolibrary.org/obo/DOID_8255	0.94645214
http://ncicb.nci.nih.gov/xml/owl/EVS/Thesaurus.owl#C6865	http://purl.obolibrary.org/obo/DOID_7807	1.0
http://ncicb.nci.nih.gov/xml/owl/EVS/Thesaurus.owl#C68677	http://purl.obolibrary.org/obo/DOID_12531	1.0
http://ncicb.nci.nih.gov/xml/owl/EVS/Thesaurus.owl#C6870	http://purl.obolibrary.org/obo/DOID_5592	1.0
http://ncicb.nci.nih.gov/xml/owl/EVS/Thesaurus.owl#C6875	http://purl.obolibrary.org/obo/DOID_0050872	1.0
http://ncicb.nci.nih.gov/xml/owl/EVS/Thesaurus.owl#C6885	http://purl.obolibrary.org/obo/DOID_6723	0.90150934
http://ncicb.nci.nih.gov/xml/owl/EVS/Thesaurus.owl#C6886	http://purl.obolibrary.org/obo/DOID_6723	1.0
http://ncicb.nci.nih.gov/xml/owl/EVS/Thesaurus.owl#C6890	http://purl.obolibrary.org/obo/DOID_6379	0.94754887
http://ncicb.nci.nih.gov/xml/owl/EVS/Thesaurus.owl#C6891	http://purl.obolibrary.org/obo/DOID_8243	1.0
http://ncicb.nci.nih.gov/xml/owl/EVS/Thesaurus.owl#C6895	http://purl.obolibrary.org/obo/DOID_4993	1.0
http://ncicb.nci.nih.gov/xml/owl/EVS/Thesaurus.owl#C6899	http://purl.obolibrary.org/obo/DOID_1642	1.0
http://ncicb.nci.nih.gov/xml/owl/EVS/Thesaurus.owl#C6900	http://purl.obolibrary.org/obo/DOID_3593	1.0
http://ncicb.nci.nih.gov/xml/owl/EVS/Thesaurus.owl#C6902	http://purl.obolibrary.org/obo/DOID_4152	1.0
http://ncicb.nci.nih.gov/xml/owl/EVS/Thesaurus.owl#C6903	http://purl.obolibrary.org/obo/DOID_5504	1.0
http://ncicb.nci.nih.gov/xml/owl/EVS/Thesaurus.owl#C6904	http://purl.obolibrary.org/obo/DOID_3857	1.0
http://ncicb.nci.nih.gov/xml/owl/EVS/Thesaurus.owl#C6905	http://purl.obolibrary.org/obo/DOID_6458	1.0
http://ncicb.nci.nih.gov/xml/owl/EVS/Thesaurus.owl#C6906	http://purl.obolibrary.org/obo/DOID_2129	1.0
http://ncicb.nci.nih.gov/xml/owl/EVS/Thesaurus.owl#C6908	http://purl.obolibrary.org/obo/DOID_8368	1.0
http://ncicb.nci.nih.gov/xml/owl/EVS/Thesaurus.owl#C6909	http://purl.obolibrary.org/obo/DOID_5058	1.0
http://ncicb.nci.nih.gov/xml/owl/EVS/Thesaurus.owl#C6910	http://purl.obolibrary.org/obo/DOID_6344	0.90562505
http://ncicb.nci.nih.gov/xml/owl/EVS/Thesaurus.owl#C6911	http://purl.obolibrary.org/obo/DOID_4696	1.0
http://ncicb.nci.nih.gov/xml/owl/EVS/Thesaurus.owl#C6914	http://purl.obolibrary.org/obo/DOID_8651	1.0
http://ncicb.nci.nih.gov/xml/owl/EVS/Thesaurus.owl#C6921	http://purl.obolibrary.org/obo/DOID_7146	1.0
http://ncicb.nci.nih.gov/xml/owl/EVS/Thesaurus.owl#C6925	http://purl.obolibrary.org/obo/DOID_12239	1.0
http://ncicb.nci.nih.gov/xml/owl/EVS/Thesaurus.owl#C6930	http://purl.obolibrary.org/obo/DOID_154	1.0
http://ncicb.nci.nih.gov/xml/owl/EVS/Thesaurus.owl#C6933	http://purl.obolibrary.org/obo/DOID_7439	0.97874188
http://ncicb.nci.nih.gov/xml/owl/EVS/Thesaurus.owl#C6934	http://purl.obolibrary.org/obo/DOID_2426	1.0
http://ncicb.nci.nih.gov/xml/owl/EVS/Thesaurus.owl#C6935	http://purl.obolibrary.org/obo/DOID_1140	0.93854928
http://ncicb.nci.nih.gov/xml/owl/EVS/Thesaurus.owl#C6938	http://purl.obolibrary.org/obo/DOID_5667	1.0
http://ncicb.nci.nih.gov/xml/owl/EVS/Thesaurus.owl#C6940	http://purl.obolibrary.org/obo/DOID_3274	0.9076308
http://ncicb.nci.nih.gov/xml/owl/EVS/Thesaurus.owl#C6941	http://purl.obolibrary.org/obo/DOID_5996	0.98789179
http://ncicb.nci.nih.gov/xml/owl/EVS/Thesaurus.owl#C6943	http://purl.obolibrary.org/obo/DOID_5997	0.9820503
http://ncicb.nci.nih.gov/xml/owl/EVS/Thesaurus.owl#C6951	http://purl.obolibrary.org/obo/DOID_5176	0.96198517
http://ncicb.nci.nih.gov/xml/owl/EVS/Thesaurus.owl#C6954	http://purl.obolibrary.org/obo/DOID_5922	0.93809134
http://ncicb.nci.nih.gov/xml/owl/EVS/Thesaurus.owl#C6958	http://purl.obolibrary.org/obo/DOID_3076	0.93586963
http://ncicb.nci.nih.gov/xml/owl/EVS/Thesaurus.owl#C6960	http://purl.obolibrary.org/obo/DOID_3181	0.95700747
http://ncicb.nci.nih.gov/xml/owl/EVS/Thesaurus.owl#C6965	http://purl.obolibrary.org/obo/DOID_5032	0.9161337
http://ncicb.nci.nih.gov/xml/owl/EVS/Thesaurus.owl#C6966	http://purl.obolibrary.org/obo/DOID_1664	0.90853745
http://ncicb.nci.nih.gov/xml/owl/EVS/Thesaurus.owl#C6967	http://purl.obolibrary.org/obo/DOID_5030	1.0
http://ncicb.nci.nih.gov/xml/owl/EVS/Thesaurus.owl#C6968	http://purl.obolibrary.org/obo/DOID_4791	0.91648942
http://ncicb.nci.nih.gov/xml/owl/EVS/Thesaurus.owl#C6969	http://purl.obolibrary.org/obo/DOID_3206	1.0
http://ncicb.nci.nih.gov/xml/owl/EVS/Thesaurus.owl#C6970	http://purl.obolibrary.org/obo/DOID_3205	0.91938704
http://ncicb.nci.nih.gov/xml/owl/EVS/Thesaurus.owl#C6973	http://purl.obolibrary.org/obo/DOID_5714	1.0
http://ncicb.nci.nih.gov/xml/owl/EVS/Thesaurus.owl#C6975	http://purl.obolibrary.org/obo/DOID_4465	1.0
http://ncicb.nci.nih.gov/xml/owl/EVS/Thesaurus.owl#C6977	http://purl.obolibrary.org/obo/DOID_1634	1.0
http://ncicb.nci.nih.gov/xml/owl/EVS/Thesaurus.owl#C6980	http://purl.obolibrary.org/obo/DOID_7047	0.98369449
http://ncicb.nci.nih.gov/xml/owl/EVS/Thesaurus.owl#C6981	http://purl.obolibrary.org/obo/DOID_5908	0.91781503
http://ncicb.nci.nih.gov/xml/owl/EVS/Thesaurus.owl#C6982	http://purl.obolibrary.org/obo/DOID_5908	0.97533053
http://ncicb.nci.nih.gov/xml/owl/EVS/Thesaurus.owl#C6983	http://purl.obolibrary.org/obo/DOID_8013	0.97863525
http://ncicb.nci.nih.gov/xml/owl/EVS/Thesaurus.owl#C6984	http://purl.obolibrary.org/obo/DOID_7958	0.91335934
http://ncicb.nci.nih.gov/xml/owl/EVS/Thesaurus.owl#C6994	http://purl.obolibrary.org/obo/DOID_2816	0.92694885
http://ncicb.nci.nih.gov/xml/owl/EVS/Thesaurus.owl#C6995	http://purl.obolibrary.org/obo/DOID_2816	0.99398834
http://ncicb.nci.nih.gov/xml/owl/EVS/Thesaurus.owl#C6996	http://purl.obolibrary.org/obo/DOID_4994	0.91317469
http://ncicb.nci.nih.gov/xml/owl/EVS/Thesaurus.owl#C6997	http://purl.obolibrary.org/obo/DOID_6607	0.96395683
http://ncicb.nci.nih.gov/xml/owl/EVS/Thesaurus.owl#C6998	http://purl.obolibrary.org/obo/DOID_5126	1.0
http://ncicb.nci.nih.gov/xml/owl/EVS/Thesaurus.owl#C6999	http://purl.obolibrary.org/obo/DOID_5254	1.0
http://ncicb.nci.nih.gov/xml/owl/EVS/Thesaurus.owl#C7001	http://purl.obolibrary.org/obo/DOID_3813	1.0
http://ncicb.nci.nih.gov/xml/owl/EVS/Thesaurus.owl#C7002	http://purl.obolibrary.org/obo/DOID_7994	0.9588266
http://ncicb.nci.nih.gov/xml/owl/EVS/Thesaurus.owl#C7004	http://purl.obolibrary.org/obo/DOID_501	1.0
http://ncicb.nci.nih.gov/xml/owl/EVS/Thesaurus.owl#C7009	http://purl.obolibrary.org/obo/DOID_4438	1.0
http://ncicb.nci.nih.gov/xml/owl/EVS/Thesaurus.owl#C7010	http://purl.obolibrary.org/obo/DOID_7232	1.0
http://ncicb.nci.nih.gov/xml/owl/EVS/Thesaurus.owl#C7011	http://purl.obolibrary.org/obo/DOID_5341	0.90074921
http://ncicb.nci.nih.gov/xml/owl/EVS/Thesaurus.owl#C7012	http://purl.obolibrary.org/obo/DOID_6634	0.93476588
http://ncicb.nci.nih.gov/xml/owl/EVS/Thesaurus.owl#C7013	http://purl.obolibrary.org/obo/DOID_6017	1.0
http://ncicb.nci.nih.gov/xml/owl/EVS/Thesaurus.owl#C7014	http://purl.obolibrary.org/obo/DOID_6019	1.0
http://ncicb.nci.nih.gov/xml/owl/EVS/Thesaurus.owl#C7016	http://purl.obolibrary.org/obo/DOID_7945	0.92818958
http://ncicb.nci.nih.gov/xml/owl/EVS/Thesaurus.owl#C7017	http://purl.obolibrary.org/obo/DOID_5047	0.98544502
http://ncicb.nci.nih.gov/xml/owl/EVS/Thesaurus.owl#C7019	http://purl.obolibrary.org/obo/DOID_4647	1.0
http://ncicb.nci.nih.gov/xml/owl/EVS/Thesaurus.owl#C7027	http://purl.obolibrary.org/obo/DOID_7941	1.0
http://ncicb.nci.nih.gov/xml/owl/EVS/Thesaurus.owl#C7032	http://purl.obolibrary.org/obo/DOID_7051	0.95817143
http://ncicb.nci.nih.gov/xml/owl/EVS/Thesaurus.owl#C7035	http://purl.obolibrary.org/obo/DOID_6225	1.0
http://ncicb.nci.nih.gov/xml/owl/EVS/Thesaurus.owl#C7049	http://purl.obolibrary.org/obo/DOID_3076	0.99579841
http://ncicb.nci.nih.gov/xml/owl/EVS/Thesaurus.owl#C7052	http://purl.obolibrary.org/obo/DOID_4386	1.0
http://ncicb.nci.nih.gov/xml/owl/EVS/Thesaurus.owl#C7053	http://purl.obolibrary.org/obo/DOID_5776	0.99739218
http://ncicb.nci.nih.gov/xml/owl/EVS/Thesaurus.owl#C70548	http://purl.obolibrary.org/obo/DOID_1340	0.90661007
http://ncicb.nci.nih.gov/xml/owl/EVS/Thesaurus.owl#C70549	http://purl.obolibrary.org/obo/DOID_9810	0.90832019
http://ncicb.nci.nih.gov/xml/owl/EVS/Thesaurus.owl#C7059	http://purl.obolibrary.org/obo/DOID_3350	1.0
http://ncicb.nci.nih.gov/xml/owl/EVS/Thesaurus.owl#C7061	http://purl.obolibrary.org/obo/DOID_4645	0.90485775
http://ncicb.nci.nih.gov/xml/owl/EVS/Thesaurus.owl#C7063	http://purl.obolibrary.org/obo/DOID_3303	1.0
http://ncicb.nci.nih.gov/xml/owl/EVS/Thesaurus.owl#C70646	http://purl.obolibrary.org/obo/DOID_0060218	1.0
http://ncicb.nci.nih.gov/xml/owl/EVS/Thesaurus.owl#C7073	http://purl.obolibrary.org/obo/DOID_3443	1.0
http://ncicb.nci.nih.gov/xml/owl/EVS/Thesaurus.owl#C7076	http://purl.obolibrary.org/obo/DOID_3850	0.99053079
http://ncicb.nci.nih.gov/xml/owl/EVS/Thesaurus.owl#C7085	http://purl.obolibrary.org/obo/DOID_5271	0.95228302
http://ncicb.nci.nih.gov/xml/owl/EVS/Thesaurus.owl#C70938	http://purl.obolibrary.org/obo/DOID_1835	1.0
http://ncicb.nci.nih.gov/xml/owl/EVS/Thesaurus.owl#C7095	http://purl.obolibrary.org/obo/DOID_5798	1.0
http://ncicb.nci.nih.gov/xml/owl/EVS/Thesaurus.owl#C7097	http://purl.obolibrary.org/obo/DOID_5789	1.0
http://ncicb.nci.nih.gov/xml/owl/EVS/Thesaurus.owl#C7103	http://purl.obolibrary.org/obo/DOID_916	0.92022711
http://ncicb.nci.nih.gov/xml/owl/EVS/Thesaurus.owl#C7106	http://purl.obolibrary.org/obo/DOID_916	0.91316968
http://ncicb.nci.nih.gov/xml/owl/EVS/Thesaurus.owl#C71060	http://purl.obolibrary.org/obo/DOID_0050793	1.0
http://ncicb.nci.nih.gov/xml/owl/EVS/Thesaurus.owl#C71079	http://purl.obolibrary.org/obo/DOID_8536	1.0
http://ncicb.nci.nih.gov/xml/owl/EVS/Thesaurus.owl#C7109	http://purl.obolibrary.org/obo/DOID_5923	0.94723231
http://ncicb.nci.nih.gov/xml/owl/EVS/Thesaurus.owl#C7113	http://purl.obolibrary.org/obo/DOID_3001	0.92079616
http://ncicb.nci.nih.gov/xml/owl/EVS/Thesaurus.owl#C7126	http://purl.obolibrary.org/obo/DOID_5437	1.0
http://ncicb.nci.nih.gov/xml/owl/EVS/Thesaurus.owl#C7134	http://purl.obolibrary.org/obo/DOID_3376	0.92776501
http://ncicb.nci.nih.gov/xml/owl/EVS/Thesaurus.owl#C7135	http://purl.obolibrary.org/obo/DOID_4985	0.9175114
http://ncicb.nci.nih.gov/xml/owl/EVS/Thesaurus.owl#C7136	http://purl.obolibrary.org/obo/DOID_4659	1.0
http://ncicb.nci.nih.gov/xml/owl/EVS/Thesaurus.owl#C7137	http://purl.obolibrary.org/obo/DOID_3663	1.0
http://ncicb.nci.nih.gov/xml/owl/EVS/Thesaurus.owl#C7138	http://purl.obolibrary.org/obo/DOID_3666	0.99058771
http://ncicb.nci.nih.gov/xml/owl/EVS/Thesaurus.owl#C7149	http://purl.obolibrary.org/obo/DOID_9551	0.93603885
http://ncicb.nci.nih.gov/xml/owl/EVS/Thesaurus.owl#C7150	http://purl.obolibrary.org/obo/DOID_9550	0.93268943
http://ncicb.nci.nih.gov/xml/owl/EVS/Thesaurus.owl#C7153	http://purl.obolibrary.org/obo/DOID_3963	0.92048353
http://ncicb.nci.nih.gov/xml/owl/EVS/Thesaurus.owl#C7154	http://purl.obolibrary.org/obo/DOID_3367	1.0
http://ncicb.nci.nih.gov/xml/owl/EVS/Thesaurus.owl#C7157	http://purl.obolibrary.org/obo/DOID_5048	1.0
http://ncicb.nci.nih.gov/xml/owl/EVS/Thesaurus.owl#C7169	http://purl.obolibrary.org/obo/DOID_5510	0.98381263
http://ncicb.nci.nih.gov/xml/owl/EVS/Thesaurus.owl#C7173	http://purl.obolibrary.org/obo/DOID_6726	1.0
http://ncicb.nci.nih.gov/xml/owl/EVS/Thesaurus.owl#C71732	http://purl.obolibrary.org/obo/DOID_0060081	0.97755682
http://ncicb.nci.nih.gov/xml/owl/EVS/Thesaurus.owl#C7184	http://purl.obolibrary.org/obo/DOID_5821	0.92296493
http://ncicb.nci.nih.gov/xml/owl/EVS/Thesaurus.owl#C7202	http://purl.obolibrary.org/obo/DOID_2570	0.96965426
http://ncicb.nci.nih.gov/xml/owl/EVS/Thesaurus.owl#C72069	http://purl.obolibrary.org/obo/DOID_8472	1.0
http://ncicb.nci.nih.gov/xml/owl/EVS/Thesaurus.owl#C72070	http://purl.obolibrary.org/obo/DOID_418	1.0
http://ncicb.nci.nih.gov/xml/owl/EVS/Thesaurus.owl#C7210	http://purl.obolibrary.org/obo/DOID_0080148	1.0
http://ncicb.nci.nih.gov/xml/owl/EVS/Thesaurus.owl#C7267	http://purl.obolibrary.org/obo/DOID_7207	1.0
http://ncicb.nci.nih.gov/xml/owl/EVS/Thesaurus.owl#C7270	http://purl.obolibrary.org/obo/DOID_0080184	0.92102844
http://ncicb.nci.nih.gov/xml/owl/EVS/Thesaurus.owl#C7278	http://purl.obolibrary.org/obo/DOID_6405	1.0
http://ncicb.nci.nih.gov/xml/owl/EVS/Thesaurus.owl#C7279	http://purl.obolibrary.org/obo/DOID_6407	1.0
http://ncicb.nci.nih.gov/xml/owl/EVS/Thesaurus.owl#C7283	http://purl.obolibrary.org/obo/DOID_5118	1.0
http://ncicb.nci.nih.gov/xml/owl/EVS/Thesaurus.owl#C7285	http://purl.obolibrary.org/obo/DOID_6315	1.0
http://ncicb.nci.nih.gov/xml/owl/EVS/Thesaurus.owl#C7286	http://purl.obolibrary.org/obo/DOID_6231	0.92907953
http://ncicb.nci.nih.gov/xml/owl/EVS/Thesaurus.owl#C7296	http://purl.obolibrary.org/obo/DOID_710	1.0
http://ncicb.nci.nih.gov/xml/owl/EVS/Thesaurus.owl#C7297	http://purl.obolibrary.org/obo/DOID_4334	1.0
http://ncicb.nci.nih.gov/xml/owl/EVS/Thesaurus.owl#C7301	http://purl.obolibrary.org/obo/DOID_709	1.0
http://ncicb.nci.nih.gov/xml/owl/EVS/Thesaurus.owl#C7306	http://purl.obolibrary.org/obo/DOID_0050750	0.90805137
http://ncicb.nci.nih.gov/xml/owl/EVS/Thesaurus.owl#C7317	http://purl.obolibrary.org/obo/DOID_4115	0.92896491
http://ncicb.nci.nih.gov/xml/owl/EVS/Thesaurus.owl#C7327	http://purl.obolibrary.org/obo/DOID_5838	1.0
http://ncicb.nci.nih.gov/xml/owl/EVS/Thesaurus.owl#C7328	http://purl.obolibrary.org/obo/DOID_5842	0.99172699
http://ncicb.nci.nih.gov/xml/owl/EVS/Thesaurus.owl#C7336	http://purl.obolibrary.org/obo/DOID_9310	0.91297573
http://ncicb.nci.nih.gov/xml/owl/EVS/Thesaurus.owl#C7339	http://purl.obolibrary.org/obo/DOID_0060125	0.94697595
http://ncicb.nci.nih.gov/xml/owl/EVS/Thesaurus.owl#C7341	http://purl.obolibrary.org/obo/DOID_3165	0.93949085
http://ncicb.nci.nih.gov/xml/owl/EVS/Thesaurus.owl#C7353	http://purl.obolibrary.org/obo/DOID_12339	1.0
http://ncicb.nci.nih.gov/xml/owl/EVS/Thesaurus.owl#C7355	http://purl.obolibrary.org/obo/DOID_5974	0.93493116
http://ncicb.nci.nih.gov/xml/owl/EVS/Thesaurus.owl#C7356	http://purl.obolibrary.org/obo/DOID_5627	1.0
http://ncicb.nci.nih.gov/xml/owl/EVS/Thesaurus.owl#C7357	http://purl.obolibrary.org/obo/DOID_5859	1.0
http://ncicb.nci.nih.gov/xml/owl/EVS/Thesaurus.owl#C7359	http://purl.obolibrary.org/obo/DOID_2870	1.0
http://ncicb.nci.nih.gov/xml/owl/EVS/Thesaurus.owl#C7361	http://purl.obolibrary.org/obo/DOID_13160	0.96273947
http://ncicb.nci.nih.gov/xml/owl/EVS/Thesaurus.owl#C7362	http://purl.obolibrary.org/obo/DOID_7578	1.0
http://ncicb.nci.nih.gov/xml/owl/EVS/Thesaurus.owl#C7363	http://purl.obolibrary.org/obo/DOID_7511	0.92944074
http://ncicb.nci.nih.gov/xml/owl/EVS/Thesaurus.owl#C7367	http://purl.obolibrary.org/obo/DOID_5375	1.0
http://ncicb.nci.nih.gov/xml/owl/EVS/Thesaurus.owl#C7368	http://purl.obolibrary.org/obo/DOID_5374	0.92421961
http://ncicb.nci.nih.gov/xml/owl/EVS/Thesaurus.owl#C7376	http://purl.obolibrary.org/obo/DOID_7474	1.0
http://ncicb.nci.nih.gov/xml/owl/EVS/Thesaurus.owl#C7377	http://purl.obolibrary.org/obo/DOID_1324	0.90274817
http://ncicb.nci.nih.gov/xml/owl/EVS/Thesaurus.owl#C7378	http://purl.obolibrary.org/obo/DOID_10286	0.91930896
http://ncicb.nci.nih.gov/xml/owl/EVS/Thesaurus.owl#C7379	http://purl.obolibrary.org/obo/DOID_0050688	0.93554521
http://ncicb.nci.nih.gov/xml/owl/EVS/Thesaurus.owl#C7380	http://purl.obolibrary.org/obo/DOID_3969	0.90526754
http://ncicb.nci.nih.gov/xml/owl/EVS/Thesaurus.owl#C7383	http://purl.obolibrary.org/obo/DOID_6975	1.0
http://ncicb.nci.nih.gov/xml/owl/EVS/Thesaurus.owl#C7386	http://purl.obolibrary.org/obo/DOID_3278	1.0
http://ncicb.nci.nih.gov/xml/owl/EVS/Thesaurus.owl#C7393	http://purl.obolibrary.org/obo/DOID_14308	1.0
http://ncicb.nci.nih.gov/xml/owl/EVS/Thesaurus.owl#C7399	http://purl.obolibrary.org/obo/DOID_0050869	1.0
http://ncicb.nci.nih.gov/xml/owl/EVS/Thesaurus.owl#C7402	http://purl.obolibrary.org/obo/DOID_285	1.0
http://ncicb.nci.nih.gov/xml/owl/EVS/Thesaurus.owl#C7404	http://purl.obolibrary.org/obo/DOID_8969	0.90063405
http://ncicb.nci.nih.gov/xml/owl/EVS/Thesaurus.owl#C7405	http://purl.obolibrary.org/obo/DOID_8929	0.95220965
http://ncicb.nci.nih.gov/xml/owl/EVS/Thesaurus.owl#C7410	http://purl.obolibrary.org/obo/DOID_119	0.93345624
http://ncicb.nci.nih.gov/xml/owl/EVS/Thesaurus.owl#C7413	http://purl.obolibrary.org/obo/DOID_7334	1.0
http://ncicb.nci.nih.gov/xml/owl/EVS/Thesaurus.owl#C7414	http://purl.obolibrary.org/obo/DOID_5427	0.98699886
http://ncicb.nci.nih.gov/xml/owl/EVS/Thesaurus.owl#C7415	http://purl.obolibrary.org/obo/DOID_7333	0.99048841
http://ncicb.nci.nih.gov/xml/owl/EVS/Thesaurus.owl#C7416	http://purl.obolibrary.org/obo/DOID_8109	0.9674508
http://ncicb.nci.nih.gov/xml/owl/EVS/Thesaurus.owl#C7418	http://purl.obolibrary.org/obo/DOID_1984	0.92086774
http://ncicb.nci.nih.gov/xml/owl/EVS/Thesaurus.owl#C7419	http://purl.obolibrary.org/obo/DOID_174	1.0
http://ncicb.nci.nih.gov/xml/owl/EVS/Thesaurus.owl#C7420	http://purl.obolibrary.org/obo/DOID_2781	0.95001477
http://ncicb.nci.nih.gov/xml/owl/EVS/Thesaurus.owl#C7421	http://purl.obolibrary.org/obo/DOID_2781	0.9715665
http://ncicb.nci.nih.gov/xml/owl/EVS/Thesaurus.owl#C7440	http://purl.obolibrary.org/obo/DOID_2615	1.0
http://ncicb.nci.nih.gov/xml/owl/EVS/Thesaurus.owl#C7445	http://purl.obolibrary.org/obo/DOID_4860	0.91505373
http://ncicb.nci.nih.gov/xml/owl/EVS/Thesaurus.owl#C7449	http://purl.obolibrary.org/obo/DOID_3615	1.0
http://ncicb.nci.nih.gov/xml/owl/EVS/Thesaurus.owl#C7451	http://purl.obolibrary.org/obo/DOID_7014	1.0
http://ncicb.nci.nih.gov/xml/owl/EVS/Thesaurus.owl#C7453	http://purl.obolibrary.org/obo/DOID_2892	1.0
http://ncicb.nci.nih.gov/xml/owl/EVS/Thesaurus.owl#C7454	http://purl.obolibrary.org/obo/DOID_8207	0.96784198
http://ncicb.nci.nih.gov/xml/owl/EVS/Thesaurus.owl#C7457	http://purl.obolibrary.org/obo/DOID_2725	1.0
http://ncicb.nci.nih.gov/xml/owl/EVS/Thesaurus.owl#C7461	http://purl.obolibrary.org/obo/DOID_6255	0.95558697
http://ncicb.nci.nih.gov/xml/owl/EVS/Thesaurus.owl#C7462	http://purl.obolibrary.org/obo/DOID_7004	0.96014917
http://ncicb.nci.nih.gov/xml/owl/EVS/Thesaurus.owl#C7464	http://purl.obolibrary.org/obo/DOID_12603	0.90295327
http://ncicb.nci.nih.gov/xml/owl/EVS/Thesaurus.owl#C7468	http://purl.obolibrary.org/obo/DOID_2640	1.0
http://ncicb.nci.nih.gov/xml/owl/EVS/Thesaurus.owl#C7469	http://purl.obolibrary.org/obo/DOID_7177	1.0
http://ncicb.nci.nih.gov/xml/owl/EVS/Thesaurus.owl#C7470	http://purl.obolibrary.org/obo/DOID_4908	0.90282631
http://ncicb.nci.nih.gov/xml/owl/EVS/Thesaurus.owl#C7471	http://purl.obolibrary.org/obo/DOID_3692	1.0
http://ncicb.nci.nih.gov/xml/owl/EVS/Thesaurus.owl#C7472	http://purl.obolibrary.org/obo/DOID_4284	1.0
http://ncicb.nci.nih.gov/xml/owl/EVS/Thesaurus.owl#C7473	http://purl.obolibrary.org/obo/DOID_4283	1.0
http://ncicb.nci.nih.gov/xml/owl/EVS/Thesaurus.owl#C7476	http://purl.obolibrary.org/obo/DOID_8119	0.92852813
http://ncicb.nci.nih.gov/xml/owl/EVS/Thesaurus.owl#C7477	http://purl.obolibrary.org/obo/DOID_8119	0.95033509
http://ncicb.nci.nih.gov/xml/owl/EVS/Thesaurus.owl#C7478	http://purl.obolibrary.org/obo/DOID_1107	0.90520018
http://ncicb.nci.nih.gov/xml/owl/EVS/Thesaurus.owl#C7480	http://purl.obolibrary.org/obo/DOID_1963	0.92015958
http://ncicb.nci.nih.gov/xml/owl/EVS/Thesaurus.owl#C7481	http://purl.obolibrary.org/obo/DOID_3121	0.93416411
http://ncicb.nci.nih.gov/xml/owl/EVS/Thesaurus.owl#C7483	http://purl.obolibrary.org/obo/DOID_4682	0.92474622
http://ncicb.nci.nih.gov/xml/owl/EVS/Thesaurus.owl#C7484	http://purl.obolibrary.org/obo/DOID_2600	0.91653383
http://ncicb.nci.nih.gov/xml/owl/EVS/Thesaurus.owl#C7488	http://purl.obolibrary.org/obo/DOID_1350	1.0
http://ncicb.nci.nih.gov/xml/owl/EVS/Thesaurus.owl#C7489	http://purl.obolibrary.org/obo/DOID_6126	1.0
http://ncicb.nci.nih.gov/xml/owl/EVS/Thesaurus.owl#C74983	http://purl.obolibrary.org/obo/DOID_0060410	1.0
http://ncicb.nci.nih.gov/xml/owl/EVS/Thesaurus.owl#C74984	http://purl.obolibrary.org/obo/DOID_0080046	1.0
http://ncicb.nci.nih.gov/xml/owl/EVS/Thesaurus.owl#C74985	http://purl.obolibrary.org/obo/DOID_0080046	0.91593045
http://ncicb.nci.nih.gov/xml/owl/EVS/Thesaurus.owl#C74986	http://purl.obolibrary.org/obo/DOID_0060239	1.0
http://ncicb.nci.nih.gov/xml/owl/EVS/Thesaurus.owl#C74987	http://purl.obolibrary.org/obo/DOID_0060464	1.0
http://ncicb.nci.nih.gov/xml/owl/EVS/Thesaurus.owl#C74988	http://purl.obolibrary.org/obo/DOID_4621	1.0
http://ncicb.nci.nih.gov/xml/owl/EVS/Thesaurus.owl#C74995	http://purl.obolibrary.org/obo/DOID_4621	0.91254056
http://ncicb.nci.nih.gov/xml/owl/EVS/Thesaurus.owl#C74996	http://purl.obolibrary.org/obo/DOID_0050777	1.0
http://ncicb.nci.nih.gov/xml/owl/EVS/Thesaurus.owl#C74999	http://purl.obolibrary.org/obo/DOID_0060485	1.0
http://ncicb.nci.nih.gov/xml/owl/EVS/Thesaurus.owl#C75002	http://purl.obolibrary.org/obo/DOID_0090022	0.91507685
http://ncicb.nci.nih.gov/xml/owl/EVS/Thesaurus.owl#C75003	http://purl.obolibrary.org/obo/DOID_0060242	1.0
http://ncicb.nci.nih.gov/xml/owl/EVS/Thesaurus.owl#C75006	http://purl.obolibrary.org/obo/DOID_0050466	1.0
http://ncicb.nci.nih.gov/xml/owl/EVS/Thesaurus.owl#C75007	http://purl.obolibrary.org/obo/DOID_14323	0.91594547
http://ncicb.nci.nih.gov/xml/owl/EVS/Thesaurus.owl#C75008	http://purl.obolibrary.org/obo/DOID_0110948	1.0
http://ncicb.nci.nih.gov/xml/owl/EVS/Thesaurus.owl#C75011	http://purl.obolibrary.org/obo/DOID_0110950	1.0
http://ncicb.nci.nih.gov/xml/owl/EVS/Thesaurus.owl#C75012	http://purl.obolibrary.org/obo/DOID_2785	0.9563275
http://ncicb.nci.nih.gov/xml/owl/EVS/Thesaurus.owl#C75015	http://purl.obolibrary.org/obo/DOID_0110120	1.0
http://ncicb.nci.nih.gov/xml/owl/EVS/Thesaurus.owl#C75016	http://purl.obolibrary.org/obo/DOID_11725	1.0
http://ncicb.nci.nih.gov/xml/owl/EVS/Thesaurus.owl#C75018	http://purl.obolibrary.org/obo/DOID_2908	1.0
http://ncicb.nci.nih.gov/xml/owl/EVS/Thesaurus.owl#C75019	http://purl.obolibrary.org/obo/DOID_14748	1.0
http://ncicb.nci.nih.gov/xml/owl/EVS/Thesaurus.owl#C7502	http://purl.obolibrary.org/obo/DOID_1245	0.92036629
http://ncicb.nci.nih.gov/xml/owl/EVS/Thesaurus.owl#C75020	http://purl.obolibrary.org/obo/DOID_13994	1.0
http://ncicb.nci.nih.gov/xml/owl/EVS/Thesaurus.owl#C75034	http://purl.obolibrary.org/obo/DOID_14768	1.0
http://ncicb.nci.nih.gov/xml/owl/EVS/Thesaurus.owl#C7504	http://purl.obolibrary.org/obo/DOID_2673	1.0
http://ncicb.nci.nih.gov/xml/owl/EVS/Thesaurus.owl#C7510	http://purl.obolibrary.org/obo/DOID_1781	0.90738583
http://ncicb.nci.nih.gov/xml/owl/EVS/Thesaurus.owl#C75100	http://purl.obolibrary.org/obo/DOID_0050834	1.0
http://ncicb.nci.nih.gov/xml/owl/EVS/Thesaurus.owl#C75109	http://purl.obolibrary.org/obo/DOID_14743	1.0
http://ncicb.nci.nih.gov/xml/owl/EVS/Thesaurus.owl#C75118	http://purl.obolibrary.org/obo/DOID_4998	1.0
http://ncicb.nci.nih.gov/xml/owl/EVS/Thesaurus.owl#C75119	http://purl.obolibrary.org/obo/DOID_0050466	0.91376024
http://ncicb.nci.nih.gov/xml/owl/EVS/Thesaurus.owl#C75120	http://purl.obolibrary.org/obo/DOID_9467	1.0
http://ncicb.nci.nih.gov/xml/owl/EVS/Thesaurus.owl#C75122	http://purl.obolibrary.org/obo/DOID_13515	0.92176694
http://ncicb.nci.nih.gov/xml/owl/EVS/Thesaurus.owl#C7523	http://purl.obolibrary.org/obo/DOID_10154	0.94720364
http://ncicb.nci.nih.gov/xml/owl/EVS/Thesaurus.owl#C7525	http://purl.obolibrary.org/obo/DOID_4919	0.90868205
http://ncicb.nci.nih.gov/xml/owl/EVS/Thesaurus.owl#C75331	http://purl.obolibrary.org/obo/DOID_13515	0.91149414
http://ncicb.nci.nih.gov/xml/owl/EVS/Thesaurus.owl#C7538	http://purl.obolibrary.org/obo/DOID_6334	0.9279086
http://ncicb.nci.nih.gov/xml/owl/EVS/Thesaurus.owl#C7541	http://purl.obolibrary.org/obo/DOID_768	1.0
http://ncicb.nci.nih.gov/xml/owl/EVS/Thesaurus.owl#C7542	http://purl.obolibrary.org/obo/DOID_0050608	1.0
http://ncicb.nci.nih.gov/xml/owl/EVS/Thesaurus.owl#C7543	http://purl.obolibrary.org/obo/DOID_11819	0.95082146
http://ncicb.nci.nih.gov/xml/owl/EVS/Thesaurus.owl#C75459	http://purl.obolibrary.org/obo/DOID_0060578	1.0
http://ncicb.nci.nih.gov/xml/owl/EVS/Thesaurus.owl#C75460	http://purl.obolibrary.org/obo/DOID_0110878	0.91294855
http://ncicb.nci.nih.gov/xml/owl/EVS/Thesaurus.owl#C75462	http://purl.obolibrary.org/obo/DOID_1932	1.0
http://ncicb.nci.nih.gov/xml/owl/EVS/Thesaurus.owl#C75463	http://purl.obolibrary.org/obo/DOID_11983	1.0
http://ncicb.nci.nih.gov/xml/owl/EVS/Thesaurus.owl#C75466	http://purl.obolibrary.org/obo/DOID_1933	1.0
http://ncicb.nci.nih.gov/xml/owl/EVS/Thesaurus.owl#C75467	http://purl.obolibrary.org/obo/DOID_10595	1.0
http://ncicb.nci.nih.gov/xml/owl/EVS/Thesaurus.owl#C75468	http://purl.obolibrary.org/obo/DOID_0110148	1.0
http://ncicb.nci.nih.gov/xml/owl/EVS/Thesaurus.owl#C75469	http://purl.obolibrary.org/obo/DOID_0060768	1.0
http://ncicb.nci.nih.gov/xml/owl/EVS/Thesaurus.owl#C7547	http://purl.obolibrary.org/obo/DOID_11615	0.92266178
http://ncicb.nci.nih.gov/xml/owl/EVS/Thesaurus.owl#C75476	http://purl.obolibrary.org/obo/DOID_4621	0.94010687
http://ncicb.nci.nih.gov/xml/owl/EVS/Thesaurus.owl#C7548	http://purl.obolibrary.org/obo/DOID_263	0.93551916
http://ncicb.nci.nih.gov/xml/owl/EVS/Thesaurus.owl#C75480	http://purl.obolibrary.org/obo/DOID_3614	0.93250167
http://ncicb.nci.nih.gov/xml/owl/EVS/Thesaurus.owl#C75481	http://purl.obolibrary.org/obo/DOID_4501	0.95253098
http://ncicb.nci.nih.gov/xml/owl/EVS/Thesaurus.owl#C75482	http://purl.obolibrary.org/obo/DOID_11723	1.0
http://ncicb.nci.nih.gov/xml/owl/EVS/Thesaurus.owl#C75483	http://purl.obolibrary.org/obo/DOID_0060763	1.0
http://ncicb.nci.nih.gov/xml/owl/EVS/Thesaurus.owl#C75486	http://purl.obolibrary.org/obo/DOID_1838	1.0
http://ncicb.nci.nih.gov/xml/owl/EVS/Thesaurus.owl#C75487	http://purl.obolibrary.org/obo/DOID_3210	1.0
http://ncicb.nci.nih.gov/xml/owl/EVS/Thesaurus.owl#C75488	http://purl.obolibrary.org/obo/DOID_1206	1.0
http://ncicb.nci.nih.gov/xml/owl/EVS/Thesaurus.owl#C7550	http://purl.obolibrary.org/obo/DOID_0050933	0.95018786
http://ncicb.nci.nih.gov/xml/owl/EVS/Thesaurus.owl#C75545	http://purl.obolibrary.org/obo/DOID_12554	1.0
http://ncicb.nci.nih.gov/xml/owl/EVS/Thesaurus.owl#C7558	http://purl.obolibrary.org/obo/DOID_2871	1.0
http://ncicb.nci.nih.gov/xml/owl/EVS/Thesaurus.owl#C7563	http://purl.obolibrary.org/obo/DOID_3896	1.0
http://ncicb.nci.nih.gov/xml/owl/EVS/Thesaurus.owl#C7566	http://purl.obolibrary.org/obo/DOID_8029	0.97573662
http://ncicb.nci.nih.gov/xml/owl/EVS/Thesaurus.owl#C7567	http://purl.obolibrary.org/obo/DOID_5443	1.0
http://ncicb.nci.nih.gov/xml/owl/EVS/Thesaurus.owl#C7568	http://purl.obolibrary.org/obo/DOID_2061	1.0
http://ncicb.nci.nih.gov/xml/owl/EVS/Thesaurus.owl#C7569	http://purl.obolibrary.org/obo/DOID_3284	1.0
http://ncicb.nci.nih.gov/xml/owl/EVS/Thesaurus.owl#C7574	http://purl.obolibrary.org/obo/DOID_2885	1.0
http://ncicb.nci.nih.gov/xml/owl/EVS/Thesaurus.owl#C7575	http://purl.obolibrary.org/obo/DOID_3016	1.0
http://ncicb.nci.nih.gov/xml/owl/EVS/Thesaurus.owl#C7584	http://purl.obolibrary.org/obo/DOID_10041	1.0
http://ncicb.nci.nih.gov/xml/owl/EVS/Thesaurus.owl#C7586	http://purl.obolibrary.org/obo/DOID_2513	0.92948949
http://ncicb.nci.nih.gov/xml/owl/EVS/Thesaurus.owl#C7587	http://purl.obolibrary.org/obo/DOID_5825	1.0
http://ncicb.nci.nih.gov/xml/owl/EVS/Thesaurus.owl#C7596	http://purl.obolibrary.org/obo/DOID_2661	0.9060415
http://ncicb.nci.nih.gov/xml/owl/EVS/Thesaurus.owl#C7598	http://purl.obolibrary.org/obo/DOID_3381	0.97207087
http://ncicb.nci.nih.gov/xml/owl/EVS/Thesaurus.owl#C7604	http://purl.obolibrary.org/obo/DOID_10812	1.0
http://ncicb.nci.nih.gov/xml/owl/EVS/Thesaurus.owl#C7611	http://purl.obolibrary.org/obo/DOID_5815	1.0
http://ncicb.nci.nih.gov/xml/owl/EVS/Thesaurus.owl#C7617	http://purl.obolibrary.org/obo/DOID_0050622	0.94876927
http://ncicb.nci.nih.gov/xml/owl/EVS/Thesaurus.owl#C7631	http://purl.obolibrary.org/obo/DOID_6201	0.95611554
http://ncicb.nci.nih.gov/xml/owl/EVS/Thesaurus.owl#C7633	http://purl.obolibrary.org/obo/DOID_1788	1.0
http://ncicb.nci.nih.gov/xml/owl/EVS/Thesaurus.owl#C7636	http://purl.obolibrary.org/obo/DOID_891	1.0
http://ncicb.nci.nih.gov/xml/owl/EVS/Thesaurus.owl#C7637	http://purl.obolibrary.org/obo/DOID_1243	0.94269228
http://ncicb.nci.nih.gov/xml/owl/EVS/Thesaurus.owl#C7640	http://purl.obolibrary.org/obo/DOID_7488	0.92248994
http://ncicb.nci.nih.gov/xml/owl/EVS/Thesaurus.owl#C7641	http://purl.obolibrary.org/obo/DOID_8272	0.91820455
http://ncicb.nci.nih.gov/xml/owl/EVS/Thesaurus.owl#C7644	http://purl.obolibrary.org/obo/DOID_2776	1.0
http://ncicb.nci.nih.gov/xml/owl/EVS/Thesaurus.owl#C7646	http://purl.obolibrary.org/obo/DOID_8140	1.0
http://ncicb.nci.nih.gov/xml/owl/EVS/Thesaurus.owl#C7695	http://purl.obolibrary.org/obo/DOID_6228	0.98740917
http://ncicb.nci.nih.gov/xml/owl/EVS/Thesaurus.owl#C7700	http://purl.obolibrary.org/obo/DOID_4001	0.9050197
http://ncicb.nci.nih.gov/xml/owl/EVS/Thesaurus.owl#C7712	http://purl.obolibrary.org/obo/DOID_6039	1.0
http://ncicb.nci.nih.gov/xml/owl/EVS/Thesaurus.owl#C7718	http://purl.obolibrary.org/obo/DOID_3608	1.0
http://ncicb.nci.nih.gov/xml/owl/EVS/Thesaurus.owl#C7719	http://purl.obolibrary.org/obo/DOID_6316	1.0
http://ncicb.nci.nih.gov/xml/owl/EVS/Thesaurus.owl#C7720	http://purl.obolibrary.org/obo/DOID_0050893	1.0
http://ncicb.nci.nih.gov/xml/owl/EVS/Thesaurus.owl#C77201	http://purl.obolibrary.org/obo/DOID_1731	1.0
http://ncicb.nci.nih.gov/xml/owl/EVS/Thesaurus.owl#C7723	http://purl.obolibrary.org/obo/DOID_5262	1.0
http://ncicb.nci.nih.gov/xml/owl/EVS/Thesaurus.owl#C7724	http://purl.obolibrary.org/obo/DOID_10154	0.94827163
http://ncicb.nci.nih.gov/xml/owl/EVS/Thesaurus.owl#C7725	http://purl.obolibrary.org/obo/DOID_1738	0.99093592
http://ncicb.nci.nih.gov/xml/owl/EVS/Thesaurus.owl#C7726	http://purl.obolibrary.org/obo/DOID_5982	1.0
http://ncicb.nci.nih.gov/xml/owl/EVS/Thesaurus.owl#C7728	http://purl.obolibrary.org/obo/DOID_3444	0.95603555
http://ncicb.nci.nih.gov/xml/owl/EVS/Thesaurus.owl#C7729	http://purl.obolibrary.org/obo/DOID_5518	0.95315731
http://ncicb.nci.nih.gov/xml/owl/EVS/Thesaurus.owl#C7730	http://purl.obolibrary.org/obo/DOID_11838	0.95994198
http://ncicb.nci.nih.gov/xml/owl/EVS/Thesaurus.owl#C7731	http://purl.obolibrary.org/obo/DOID_4054	1.0
http://ncicb.nci.nih.gov/xml/owl/EVS/Thesaurus.owl#C7732	http://purl.obolibrary.org/obo/DOID_5534	1.0
http://ncicb.nci.nih.gov/xml/owl/EVS/Thesaurus.owl#C7733	http://purl.obolibrary.org/obo/DOID_5551	0.96542311
http://ncicb.nci.nih.gov/xml/owl/EVS/Thesaurus.owl#C7737	http://purl.obolibrary.org/obo/DOID_1901	0.97356677
http://ncicb.nci.nih.gov/xml/owl/EVS/Thesaurus.owl#C7739	http://purl.obolibrary.org/obo/DOID_2517	0.95761967
http://ncicb.nci.nih.gov/xml/owl/EVS/Thesaurus.owl#C7742	http://purl.obolibrary.org/obo/DOID_10071	0.98722297
http://ncicb.nci.nih.gov/xml/owl/EVS/Thesaurus.owl#C7751	http://purl.obolibrary.org/obo/DOID_5949	1.0
http://ncicb.nci.nih.gov/xml/owl/EVS/Thesaurus.owl#C7752	http://purl.obolibrary.org/obo/DOID_664	1.0
http://ncicb.nci.nih.gov/xml/owl/EVS/Thesaurus.owl#C7754	http://purl.obolibrary.org/obo/DOID_0050787	1.0
http://ncicb.nci.nih.gov/xml/owl/EVS/Thesaurus.owl#C7760	http://purl.obolibrary.org/obo/DOID_2544	1.0
http://ncicb.nci.nih.gov/xml/owl/EVS/Thesaurus.owl#C7765	http://purl.obolibrary.org/obo/DOID_9541	0.90624475
http://ncicb.nci.nih.gov/xml/owl/EVS/Thesaurus.owl#C7779	http://purl.obolibrary.org/obo/DOID_8208	1.0
http://ncicb.nci.nih.gov/xml/owl/EVS/Thesaurus.owl#C7780	http://purl.obolibrary.org/obo/DOID_3356	1.0
http://ncicb.nci.nih.gov/xml/owl/EVS/Thesaurus.owl#C7809	http://purl.obolibrary.org/obo/DOID_3516	1.0
http://ncicb.nci.nih.gov/xml/owl/EVS/Thesaurus.owl#C7811	http://purl.obolibrary.org/obo/DOID_5693	1.0
http://ncicb.nci.nih.gov/xml/owl/EVS/Thesaurus.owl#C7812	http://purl.obolibrary.org/obo/DOID_3722	1.0
http://ncicb.nci.nih.gov/xml/owl/EVS/Thesaurus.owl#C7813	http://purl.obolibrary.org/obo/DOID_9544	1.0
http://ncicb.nci.nih.gov/xml/owl/EVS/Thesaurus.owl#C78245	http://purl.obolibrary.org/obo/DOID_10273	0.92439193
http://ncicb.nci.nih.gov/xml/owl/EVS/Thesaurus.owl#C78246	http://purl.obolibrary.org/obo/DOID_11481	1.0
http://ncicb.nci.nih.gov/xml/owl/EVS/Thesaurus.owl#C78265	http://purl.obolibrary.org/obo/DOID_0060000	1.0
http://ncicb.nci.nih.gov/xml/owl/EVS/Thesaurus.owl#C78350	http://purl.obolibrary.org/obo/DOID_11199	1.0
http://ncicb.nci.nih.gov/xml/owl/EVS/Thesaurus.owl#C78359	http://purl.obolibrary.org/obo/DOID_0060180	0.90715355
http://ncicb.nci.nih.gov/xml/owl/EVS/Thesaurus.owl#C78394	http://purl.obolibrary.org/obo/DOID_2316	0.95096368
http://ncicb.nci.nih.gov/xml/owl/EVS/Thesaurus.owl#C78395	http://purl.obolibrary.org/obo/DOID_13864	0.97531289
http://ncicb.nci.nih.gov/xml/owl/EVS/Thesaurus.owl#C7846	http://purl.obolibrary.org/obo/DOID_4653	1.0
http://ncicb.nci.nih.gov/xml/owl/EVS/Thesaurus.owl#C7848	http://purl.obolibrary.org/obo/DOID_4656	1.0
http://ncicb.nci.nih.gov/xml/owl/EVS/Thesaurus.owl#C78565	http://purl.obolibrary.org/obo/DOID_11695	1.0
http://ncicb.nci.nih.gov/xml/owl/EVS/Thesaurus.owl#C78576	http://purl.obolibrary.org/obo/DOID_2468	0.91552156
http://ncicb.nci.nih.gov/xml/owl/EVS/Thesaurus.owl#C78579	http://purl.obolibrary.org/obo/DOID_5749	0.97046012
http://ncicb.nci.nih.gov/xml/owl/EVS/Thesaurus.owl#C78581	http://purl.obolibrary.org/obo/DOID_4306	0.900374
http://ncicb.nci.nih.gov/xml/owl/EVS/Thesaurus.owl#C78603	http://purl.obolibrary.org/obo/DOID_0060249	1.0
http://ncicb.nci.nih.gov/xml/owl/EVS/Thesaurus.owl#C78643	http://purl.obolibrary.org/obo/DOID_9392	1.0
http://ncicb.nci.nih.gov/xml/owl/EVS/Thesaurus.owl#C78650	http://purl.obolibrary.org/obo/DOID_62	0.97767621
http://ncicb.nci.nih.gov/xml/owl/EVS/Thesaurus.owl#C78797	http://purl.obolibrary.org/obo/DOID_10772	1.0
http://ncicb.nci.nih.gov/xml/owl/EVS/Thesaurus.owl#C7888	http://purl.obolibrary.org/obo/DOID_4906	0.94905114
http://ncicb.nci.nih.gov/xml/owl/EVS/Thesaurus.owl#C7889	http://purl.obolibrary.org/obo/DOID_10816	0.93113476
http://ncicb.nci.nih.gov/xml/owl/EVS/Thesaurus.owl#C7904	http://purl.obolibrary.org/obo/DOID_3283	1.0
http://ncicb.nci.nih.gov/xml/owl/EVS/Thesaurus.owl#C7915	http://purl.obolibrary.org/obo/DOID_6275	0.98687583
http://ncicb.nci.nih.gov/xml/owl/EVS/Thesaurus.owl#C7925	http://purl.obolibrary.org/obo/DOID_7827	0.98002559
http://ncicb.nci.nih.gov/xml/owl/EVS/Thesaurus.owl#C7928	http://purl.obolibrary.org/obo/DOID_8149	0.94284099
http://ncicb.nci.nih.gov/xml/owl/EVS/Thesaurus.owl#C7943	http://purl.obolibrary.org/obo/DOID_4239	1.0
http://ncicb.nci.nih.gov/xml/owl/EVS/Thesaurus.owl#C7944	http://purl.obolibrary.org/obo/DOID_8282	1.0
http://ncicb.nci.nih.gov/xml/owl/EVS/Thesaurus.owl#C7946	http://purl.obolibrary.org/obo/DOID_6332	1.0
http://ncicb.nci.nih.gov/xml/owl/EVS/Thesaurus.owl#C7947	http://purl.obolibrary.org/obo/DOID_5894	1.0
http://ncicb.nci.nih.gov/xml/owl/EVS/Thesaurus.owl#C79484	http://purl.obolibrary.org/obo/DOID_0050426	1.0
http://ncicb.nci.nih.gov/xml/owl/EVS/Thesaurus.owl#C7950	http://purl.obolibrary.org/obo/DOID_3457	0.98273206
http://ncicb.nci.nih.gov/xml/owl/EVS/Thesaurus.owl#C79532	http://purl.obolibrary.org/obo/DOID_4481	1.0
http://ncicb.nci.nih.gov/xml/owl/EVS/Thesaurus.owl#C79545	http://purl.obolibrary.org/obo/DOID_1762	1.0
http://ncicb.nci.nih.gov/xml/owl/EVS/Thesaurus.owl#C79550	http://purl.obolibrary.org/obo/DOID_9588	0.93419665
http://ncicb.nci.nih.gov/xml/owl/EVS/Thesaurus.owl#C7956	http://purl.obolibrary.org/obo/DOID_684	0.93296307
http://ncicb.nci.nih.gov/xml/owl/EVS/Thesaurus.owl#C79573	http://purl.obolibrary.org/obo/DOID_0060190	0.96908647
http://ncicb.nci.nih.gov/xml/owl/EVS/Thesaurus.owl#C7959	http://purl.obolibrary.org/obo/DOID_7463	1.0
http://ncicb.nci.nih.gov/xml/owl/EVS/Thesaurus.owl#C79596	http://purl.obolibrary.org/obo/DOID_13413	1.0
http://ncicb.nci.nih.gov/xml/owl/EVS/Thesaurus.owl#C79598	http://purl.obolibrary.org/obo/DOID_9471	0.96419066
http://ncicb.nci.nih.gov/xml/owl/EVS/Thesaurus.owl#C7966	http://purl.obolibrary.org/obo/DOID_3029	1.0
http://ncicb.nci.nih.gov/xml/owl/EVS/Thesaurus.owl#C7967	http://purl.obolibrary.org/obo/DOID_3033	0.98915058
http://ncicb.nci.nih.gov/xml/owl/EVS/Thesaurus.owl#C79698	http://purl.obolibrary.org/obo/DOID_1891	0.97592294
http://ncicb.nci.nih.gov/xml/owl/EVS/Thesaurus.owl#C79702	http://purl.obolibrary.org/obo/DOID_13117	1.0
http://ncicb.nci.nih.gov/xml/owl/EVS/Thesaurus.owl#C7973	http://purl.obolibrary.org/obo/DOID_3709	0.98111045
http://ncicb.nci.nih.gov/xml/owl/EVS/Thesaurus.owl#C7975	http://purl.obolibrary.org/obo/DOID_3495	1.0
http://ncicb.nci.nih.gov/xml/owl/EVS/Thesaurus.owl#C7977	http://purl.obolibrary.org/obo/DOID_5742	0.96529216
http://ncicb.nci.nih.gov/xml/owl/EVS/Thesaurus.owl#C7978	http://purl.obolibrary.org/obo/DOID_5746	1.0
http://ncicb.nci.nih.gov/xml/owl/EVS/Thesaurus.owl#C7980	http://purl.obolibrary.org/obo/DOID_7438	1.0
http://ncicb.nci.nih.gov/xml/owl/EVS/Thesaurus.owl#C7981	http://purl.obolibrary.org/obo/DOID_0050918	0.91918546
http://ncicb.nci.nih.gov/xml/owl/EVS/Thesaurus.owl#C7982	http://purl.obolibrary.org/obo/DOID_6740	0.92698443
http://ncicb.nci.nih.gov/xml/owl/EVS/Thesaurus.owl#C7985	http://purl.obolibrary.org/obo/DOID_4489	0.93317026
http://ncicb.nci.nih.gov/xml/owl/EVS/Thesaurus.owl#C7986	http://purl.obolibrary.org/obo/DOID_6037	0.91361189
http://ncicb.nci.nih.gov/xml/owl/EVS/Thesaurus.owl#C7990	http://purl.obolibrary.org/obo/DOID_7808	1.0
http://ncicb.nci.nih.gov/xml/owl/EVS/Thesaurus.owl#C7991	http://purl.obolibrary.org/obo/DOID_0050904	0.90650594
http://ncicb.nci.nih.gov/xml/owl/EVS/Thesaurus.owl#C7993	http://purl.obolibrary.org/obo/DOID_7609	0.9114511
http://ncicb.nci.nih.gov/xml/owl/EVS/Thesaurus.owl#C7994	http://purl.obolibrary.org/obo/DOID_7610	0.98306715
http://ncicb.nci.nih.gov/xml/owl/EVS/Thesaurus.owl#C79951	http://purl.obolibrary.org/obo/DOID_3172	1.0
http://ncicb.nci.nih.gov/xml/owl/EVS/Thesaurus.owl#C7998	http://purl.obolibrary.org/obo/DOID_7599	1.0
http://ncicb.nci.nih.gov/xml/owl/EVS/Thesaurus.owl#C7999	http://purl.obolibrary.org/obo/DOID_7927	1.0
http://ncicb.nci.nih.gov/xml/owl/EVS/Thesaurus.owl#C8000	http://purl.obolibrary.org/obo/DOID_5344	1.0
http://ncicb.nci.nih.gov/xml/owl/EVS/Thesaurus.owl#C80078	http://purl.obolibrary.org/obo/DOID_784	1.0
http://ncicb.nci.nih.gov/xml/owl/EVS/Thesaurus.owl#C80099	http://purl.obolibrary.org/obo/DOID_10787	1.00000036
http://ncicb.nci.nih.gov/xml/owl/EVS/Thesaurus.owl#C8011	http://purl.obolibrary.org/obo/DOID_6275	0.90661174
http://ncicb.nci.nih.gov/xml/owl/EVS/Thesaurus.owl#C8026	http://purl.obolibrary.org/obo/DOID_4866	1.0
http://ncicb.nci.nih.gov/xml/owl/EVS/Thesaurus.owl#C8028	http://purl.obolibrary.org/obo/DOID_5299	1.0
http://ncicb.nci.nih.gov/xml/owl/EVS/Thesaurus.owl#C8030	http://purl.obolibrary.org/obo/DOID_711	1.0
http://ncicb.nci.nih.gov/xml/owl/EVS/Thesaurus.owl#C80303	http://purl.obolibrary.org/obo/DOID_14039	1.0
http://ncicb.nci.nih.gov/xml/owl/EVS/Thesaurus.owl#C8054	http://purl.obolibrary.org/obo/DOID_3962	0.99256855
http://ncicb.nci.nih.gov/xml/owl/EVS/Thesaurus.owl#C8088	http://purl.obolibrary.org/obo/DOID_3520	0.96028852
http://ncicb.nci.nih.gov/xml/owl/EVS/Thesaurus.owl#C8090	http://purl.obolibrary.org/obo/DOID_7731	1.0
http://ncicb.nci.nih.gov/xml/owl/EVS/Thesaurus.owl#C8091	http://purl.obolibrary.org/obo/DOID_5695	0.97156364
http://ncicb.nci.nih.gov/xml/owl/EVS/Thesaurus.owl#C8095	http://purl.obolibrary.org/obo/DOID_7095	0.96997708
http://ncicb.nci.nih.gov/xml/owl/EVS/Thesaurus.owl#C8097	http://purl.obolibrary.org/obo/DOID_5893	1.0
http://ncicb.nci.nih.gov/xml/owl/EVS/Thesaurus.owl#C8106	http://purl.obolibrary.org/obo/DOID_5511	0.97520804
http://ncicb.nci.nih.gov/xml/owl/EVS/Thesaurus.owl#C8107	http://purl.obolibrary.org/obo/DOID_6511	0.90608269
http://ncicb.nci.nih.gov/xml/owl/EVS/Thesaurus.owl#C8108	http://purl.obolibrary.org/obo/DOID_5681	1.0
http://ncicb.nci.nih.gov/xml/owl/EVS/Thesaurus.owl#C8110	http://purl.obolibrary.org/obo/DOID_5118	0.96104801
http://ncicb.nci.nih.gov/xml/owl/EVS/Thesaurus.owl#C8111	http://purl.obolibrary.org/obo/DOID_6331	0.97434348
http://ncicb.nci.nih.gov/xml/owl/EVS/Thesaurus.owl#C8112	http://purl.obolibrary.org/obo/DOID_6231	0.97258067
http://ncicb.nci.nih.gov/xml/owl/EVS/Thesaurus.owl#C8113	http://purl.obolibrary.org/obo/DOID_6231	0.92385417
http://ncicb.nci.nih.gov/xml/owl/EVS/Thesaurus.owl#C8114	http://purl.obolibrary.org/obo/DOID_5936	0.98996001
http://ncicb.nci.nih.gov/xml/owl/EVS/Thesaurus.owl#C81315	http://purl.obolibrary.org/obo/DOID_9281	1.0
http://ncicb.nci.nih.gov/xml/owl/EVS/Thesaurus.owl#C8183	http://purl.obolibrary.org/obo/DOID_0050920	0.97840142
http://ncicb.nci.nih.gov/xml/owl/EVS/Thesaurus.owl#C8186	http://purl.obolibrary.org/obo/DOID_7031	0.94352168
http://ncicb.nci.nih.gov/xml/owl/EVS/Thesaurus.owl#C8187	http://purl.obolibrary.org/obo/DOID_7585	0.99168569
http://ncicb.nci.nih.gov/xml/owl/EVS/Thesaurus.owl#C8188	http://purl.obolibrary.org/obo/DOID_3752	0.96602976
http://ncicb.nci.nih.gov/xml/owl/EVS/Thesaurus.owl#C8189	http://purl.obolibrary.org/obo/DOID_7583	1.0
http://ncicb.nci.nih.gov/xml/owl/EVS/Thesaurus.owl#C8190	http://purl.obolibrary.org/obo/DOID_7584	0.9420625
http://ncicb.nci.nih.gov/xml/owl/EVS/Thesaurus.owl#C8191	http://purl.obolibrary.org/obo/DOID_7586	0.95151711
http://ncicb.nci.nih.gov/xml/owl/EVS/Thesaurus.owl#C8192	http://purl.obolibrary.org/obo/DOID_5515	1.0
http://ncicb.nci.nih.gov/xml/owl/EVS/Thesaurus.owl#C8193	http://purl.obolibrary.org/obo/DOID_0050619	1.0
http://ncicb.nci.nih.gov/xml/owl/EVS/Thesaurus.owl#C8194	http://purl.obolibrary.org/obo/DOID_4633	0.96122253
http://ncicb.nci.nih.gov/xml/owl/EVS/Thesaurus.owl#C8196	http://purl.obolibrary.org/obo/DOID_9072	0.90507936
http://ncicb.nci.nih.gov/xml/owl/EVS/Thesaurus.owl#C82339	http://purl.obolibrary.org/obo/DOID_0060888	1.0
http://ncicb.nci.nih.gov/xml/owl/EVS/Thesaurus.owl#C82341	http://purl.obolibrary.org/obo/DOID_1441	1.0
http://ncicb.nci.nih.gov/xml/owl/EVS/Thesaurus.owl#C82342	http://purl.obolibrary.org/obo/DOID_12858	1.0
http://ncicb.nci.nih.gov/xml/owl/EVS/Thesaurus.owl#C82343	http://purl.obolibrary.org/obo/DOID_9778	1.0
http://ncicb.nci.nih.gov/xml/owl/EVS/Thesaurus.owl#C8263	http://purl.obolibrary.org/obo/DOID_0080149	1.0
http://ncicb.nci.nih.gov/xml/owl/EVS/Thesaurus.owl#C8264	http://purl.obolibrary.org/obo/DOID_6939	0.98107153
http://ncicb.nci.nih.gov/xml/owl/EVS/Thesaurus.owl#C8267	http://purl.obolibrary.org/obo/DOID_2146	0.97728419
http://ncicb.nci.nih.gov/xml/owl/EVS/Thesaurus.owl#C8269	http://purl.obolibrary.org/obo/DOID_5890	0.93786401
http://ncicb.nci.nih.gov/xml/owl/EVS/Thesaurus.owl#C8271	http://purl.obolibrary.org/obo/DOID_7907	1.0
http://ncicb.nci.nih.gov/xml/owl/EVS/Thesaurus.owl#C8272	http://purl.obolibrary.org/obo/DOID_7817	1.0
http://ncicb.nci.nih.gov/xml/owl/EVS/Thesaurus.owl#C8273	http://purl.obolibrary.org/obo/DOID_5031	0.98078299
http://ncicb.nci.nih.gov/xml/owl/EVS/Thesaurus.owl#C8274	http://purl.obolibrary.org/obo/DOID_4858	1.0
http://ncicb.nci.nih.gov/xml/owl/EVS/Thesaurus.owl#C82833	http://purl.obolibrary.org/obo/DOID_0050770	1.0
http://ncicb.nci.nih.gov/xml/owl/EVS/Thesaurus.owl#C82863	http://purl.obolibrary.org/obo/DOID_865	0.91688854
http://ncicb.nci.nih.gov/xml/owl/EVS/Thesaurus.owl#C82865	http://purl.obolibrary.org/obo/DOID_0050429	1.0
http://ncicb.nci.nih.gov/xml/owl/EVS/Thesaurus.owl#C8287	http://purl.obolibrary.org/obo/DOID_6741	0.96713585
http://ncicb.nci.nih.gov/xml/owl/EVS/Thesaurus.owl#C8289	http://purl.obolibrary.org/obo/DOID_7656	0.98521399
http://ncicb.nci.nih.gov/xml/owl/EVS/Thesaurus.owl#C82892	http://purl.obolibrary.org/obo/DOID_12119	1.0
http://ncicb.nci.nih.gov/xml/owl/EVS/Thesaurus.owl#C8292	http://purl.obolibrary.org/obo/DOID_6648	1.0
http://ncicb.nci.nih.gov/xml/owl/EVS/Thesaurus.owl#C8293	http://purl.obolibrary.org/obo/DOID_7826	1.0
http://ncicb.nci.nih.gov/xml/owl/EVS/Thesaurus.owl#C8294	http://purl.obolibrary.org/obo/DOID_4074	1.0
http://ncicb.nci.nih.gov/xml/owl/EVS/Thesaurus.owl#C8299	http://purl.obolibrary.org/obo/DOID_9120	0.93615079
http://ncicb.nci.nih.gov/xml/owl/EVS/Thesaurus.owl#C82994	http://purl.obolibrary.org/obo/DOID_11573	1.0
http://ncicb.nci.nih.gov/xml/owl/EVS/Thesaurus.owl#C83009	http://purl.obolibrary.org/obo/DOID_423	0.93763673
http://ncicb.nci.nih.gov/xml/owl/EVS/Thesaurus.owl#C8312	http://purl.obolibrary.org/obo/DOID_7689	0.99463379
http://ncicb.nci.nih.gov/xml/owl/EVS/Thesaurus.owl#C8383	http://purl.obolibrary.org/obo/DOID_2697	0.97405851
http://ncicb.nci.nih.gov/xml/owl/EVS/Thesaurus.owl#C8388	http://purl.obolibrary.org/obo/DOID_5395	0.99192554
http://ncicb.nci.nih.gov/xml/owl/EVS/Thesaurus.owl#C8394	http://purl.obolibrary.org/obo/DOID_9149	0.96342438
http://ncicb.nci.nih.gov/xml/owl/EVS/Thesaurus.owl#C8395	http://purl.obolibrary.org/obo/DOID_8578	0.96078986
http://ncicb.nci.nih.gov/xml/owl/EVS/Thesaurus.owl#C8396	http://purl.obolibrary.org/obo/DOID_9173	0.95924264
http://ncicb.nci.nih.gov/xml/owl/EVS/Thesaurus.owl#C8397	http://purl.obolibrary.org/obo/DOID_8849	0.9630987
http://ncicb.nci.nih.gov/xml/owl/EVS/Thesaurus.owl#C8398	http://purl.obolibrary.org/obo/DOID_6700	1.0
http://ncicb.nci.nih.gov/xml/owl/EVS/Thesaurus.owl#C8399	http://purl.obolibrary.org/obo/DOID_6705	1.0
http://ncicb.nci.nih.gov/xml/owl/EVS/Thesaurus.owl#C8401	http://purl.obolibrary.org/obo/DOID_3218	1.0
http://ncicb.nci.nih.gov/xml/owl/EVS/Thesaurus.owl#C8403	http://purl.obolibrary.org/obo/DOID_2999	0.90451586
http://ncicb.nci.nih.gov/xml/owl/EVS/Thesaurus.owl#C8404	http://purl.obolibrary.org/obo/DOID_5977	1.0
http://ncicb.nci.nih.gov/xml/owl/EVS/Thesaurus.owl#C8408	http://purl.obolibrary.org/obo/DOID_5090	1.0
http://ncicb.nci.nih.gov/xml/owl/EVS/Thesaurus.owl#C8409	http://purl.obolibrary.org/obo/DOID_4840	0.91886967
http://ncicb.nci.nih.gov/xml/owl/EVS/Thesaurus.owl#C8410	http://purl.obolibrary.org/obo/DOID_4364	0.94478548
http://ncicb.nci.nih.gov/xml/owl/EVS/Thesaurus.owl#C8422	http://purl.obolibrary.org/obo/DOID_180	1.0
http://ncicb.nci.nih.gov/xml/owl/EVS/Thesaurus.owl#C84269	http://purl.obolibrary.org/obo/DOID_350	1.0
http://ncicb.nci.nih.gov/xml/owl/EVS/Thesaurus.owl#C84270	http://purl.obolibrary.org/obo/DOID_0080164	1.0
http://ncicb.nci.nih.gov/xml/owl/EVS/Thesaurus.owl#C84275	http://purl.obolibrary.org/obo/DOID_0080165	1.0
http://ncicb.nci.nih.gov/xml/owl/EVS/Thesaurus.owl#C84276	http://purl.obolibrary.org/obo/DOID_0080166	1.0
http://ncicb.nci.nih.gov/xml/owl/EVS/Thesaurus.owl#C84277	http://purl.obolibrary.org/obo/DOID_0080167	0.94383901
http://ncicb.nci.nih.gov/xml/owl/EVS/Thesaurus.owl#C8430	http://purl.obolibrary.org/obo/DOID_6214	0.98124003
http://ncicb.nci.nih.gov/xml/owl/EVS/Thesaurus.owl#C84316	http://purl.obolibrary.org/obo/DOID_13316	0.95560431
http://ncicb.nci.nih.gov/xml/owl/EVS/Thesaurus.owl#C84353	http://purl.obolibrary.org/obo/DOID_3385	0.9029519
http://ncicb.nci.nih.gov/xml/owl/EVS/Thesaurus.owl#C84354	http://purl.obolibrary.org/obo/DOID_10754	0.92273998
http://ncicb.nci.nih.gov/xml/owl/EVS/Thesaurus.owl#C84389	http://purl.obolibrary.org/obo/DOID_8506	1.0
http://ncicb.nci.nih.gov/xml/owl/EVS/Thesaurus.owl#C84391	http://purl.obolibrary.org/obo/DOID_10871	1.0
http://ncicb.nci.nih.gov/xml/owl/EVS/Thesaurus.owl#C84397	http://purl.obolibrary.org/obo/DOID_13372	1.0
http://ncicb.nci.nih.gov/xml/owl/EVS/Thesaurus.owl#C84444	http://purl.obolibrary.org/obo/DOID_9452	0.90793955
http://ncicb.nci.nih.gov/xml/owl/EVS/Thesaurus.owl#C84457	http://purl.obolibrary.org/obo/DOID_13207	1.0
http://ncicb.nci.nih.gov/xml/owl/EVS/Thesaurus.owl#C84473	http://purl.obolibrary.org/obo/DOID_1882	1.0
http://ncicb.nci.nih.gov/xml/owl/EVS/Thesaurus.owl#C84475	http://purl.obolibrary.org/obo/DOID_9563	1.0
http://ncicb.nci.nih.gov/xml/owl/EVS/Thesaurus.owl#C84476	http://purl.obolibrary.org/obo/DOID_3407	0.9623549
http://ncicb.nci.nih.gov/xml/owl/EVS/Thesaurus.owl#C84479	http://purl.obolibrary.org/obo/DOID_2452	1.0
http://ncicb.nci.nih.gov/xml/owl/EVS/Thesaurus.owl#C84481	http://purl.obolibrary.org/obo/DOID_2352	1.0
http://ncicb.nci.nih.gov/xml/owl/EVS/Thesaurus.owl#C84482	http://purl.obolibrary.org/obo/DOID_1681	0.94456327
http://ncicb.nci.nih.gov/xml/owl/EVS/Thesaurus.owl#C84484	http://purl.obolibrary.org/obo/DOID_11758	1.0
http://ncicb.nci.nih.gov/xml/owl/EVS/Thesaurus.owl#C84489	http://purl.obolibrary.org/obo/DOID_8986	1.0
http://ncicb.nci.nih.gov/xml/owl/EVS/Thesaurus.owl#C84492	http://purl.obolibrary.org/obo/DOID_13832	1.0
http://ncicb.nci.nih.gov/xml/owl/EVS/Thesaurus.owl#C84496	http://purl.obolibrary.org/obo/DOID_0050830	0.95599151
http://ncicb.nci.nih.gov/xml/owl/EVS/Thesaurus.owl#C84505	http://purl.obolibrary.org/obo/DOID_6419	1.0
http://ncicb.nci.nih.gov/xml/owl/EVS/Thesaurus.owl#C84506	http://purl.obolibrary.org/obo/DOID_1657	1.0
http://ncicb.nci.nih.gov/xml/owl/EVS/Thesaurus.owl#C84522	http://purl.obolibrary.org/obo/DOID_0060407	0.93426156
http://ncicb.nci.nih.gov/xml/owl/EVS/Thesaurus.owl#C84525	http://purl.obolibrary.org/obo/DOID_1386	1.0
http://ncicb.nci.nih.gov/xml/owl/EVS/Thesaurus.owl#C84527	http://purl.obolibrary.org/obo/DOID_0080043	1.0
http://ncicb.nci.nih.gov/xml/owl/EVS/Thesaurus.owl#C84528	http://purl.obolibrary.org/obo/DOID_13911	1.0
http://ncicb.nci.nih.gov/xml/owl/EVS/Thesaurus.owl#C84531	http://purl.obolibrary.org/obo/DOID_9250	1.0
http://ncicb.nci.nih.gov/xml/owl/EVS/Thesaurus.owl#C84532	http://purl.obolibrary.org/obo/DOID_2722	1.0
http://ncicb.nci.nih.gov/xml/owl/EVS/Thesaurus.owl#C84533	http://purl.obolibrary.org/obo/DOID_2449	1.0
http://ncicb.nci.nih.gov/xml/owl/EVS/Thesaurus.owl#C84535	http://purl.obolibrary.org/obo/DOID_10992	1.0
http://ncicb.nci.nih.gov/xml/owl/EVS/Thesaurus.owl#C84536	http://purl.obolibrary.org/obo/DOID_3890	1.0
http://ncicb.nci.nih.gov/xml/owl/EVS/Thesaurus.owl#C84537	http://purl.obolibrary.org/obo/DOID_0080154	0.97023106
http://ncicb.nci.nih.gov/xml/owl/EVS/Thesaurus.owl#C84538	http://purl.obolibrary.org/obo/DOID_0080153	1.0
http://ncicb.nci.nih.gov/xml/owl/EVS/Thesaurus.owl#C84539	http://purl.obolibrary.org/obo/DOID_0080154	1.0
http://ncicb.nci.nih.gov/xml/owl/EVS/Thesaurus.owl#C84540	http://purl.obolibrary.org/obo/DOID_3928	1.0
http://ncicb.nci.nih.gov/xml/owl/EVS/Thesaurus.owl#C84541	http://purl.obolibrary.org/obo/DOID_10113	0.96311378
http://ncicb.nci.nih.gov/xml/owl/EVS/Thesaurus.owl#C84542	http://purl.obolibrary.org/obo/DOID_4090	1.0
http://ncicb.nci.nih.gov/xml/owl/EVS/Thesaurus.owl#C84544	http://purl.obolibrary.org/obo/DOID_11329	1.0
http://ncicb.nci.nih.gov/xml/owl/EVS/Thesaurus.owl#C84545	http://purl.obolibrary.org/obo/DOID_4252	1.0
http://ncicb.nci.nih.gov/xml/owl/EVS/Thesaurus.owl#C84546	http://purl.obolibrary.org/obo/DOID_9270	1.0
http://ncicb.nci.nih.gov/xml/owl/EVS/Thesaurus.owl#C84547	http://purl.obolibrary.org/obo/DOID_13166	1.0
http://ncicb.nci.nih.gov/xml/owl/EVS/Thesaurus.owl#C84548	http://purl.obolibrary.org/obo/DOID_3413	1.0
http://ncicb.nci.nih.gov/xml/owl/EVS/Thesaurus.owl#C84549	http://purl.obolibrary.org/obo/DOID_0050473	1.0
http://ncicb.nci.nih.gov/xml/owl/EVS/Thesaurus.owl#C84551	http://purl.obolibrary.org/obo/DOID_9181	1.0
http://ncicb.nci.nih.gov/xml/owl/EVS/Thesaurus.owl#C84555	http://purl.obolibrary.org/obo/DOID_9120	0.94682288
http://ncicb.nci.nih.gov/xml/owl/EVS/Thesaurus.owl#C84559	http://purl.obolibrary.org/obo/DOID_0050434	1.0
http://ncicb.nci.nih.gov/xml/owl/EVS/Thesaurus.owl#C84560	http://purl.obolibrary.org/obo/DOID_0060668	1.0
http://ncicb.nci.nih.gov/xml/owl/EVS/Thesaurus.owl#C84563	http://purl.obolibrary.org/obo/DOID_12271	1.0
http://ncicb.nci.nih.gov/xml/owl/EVS/Thesaurus.owl#C84564	http://purl.obolibrary.org/obo/DOID_7147	1.0
http://ncicb.nci.nih.gov/xml/owl/EVS/Thesaurus.owl#C84565	http://purl.obolibrary.org/obo/DOID_7427	0.96066076
http://ncicb.nci.nih.gov/xml/owl/EVS/Thesaurus.owl#C84566	http://purl.obolibrary.org/obo/DOID_9808	1.0
http://ncicb.nci.nih.gov/xml/owl/EVS/Thesaurus.owl#C84569	http://purl.obolibrary.org/obo/DOID_14755	1.0
http://ncicb.nci.nih.gov/xml/owl/EVS/Thesaurus.owl#C84571	http://purl.obolibrary.org/obo/DOID_0050431	1.0
http://ncicb.nci.nih.gov/xml/owl/EVS/Thesaurus.owl#C84573	http://purl.obolibrary.org/obo/DOID_10320	1.0
http://ncicb.nci.nih.gov/xml/owl/EVS/Thesaurus.owl#C84574	http://purl.obolibrary.org/obo/DOID_913	0.98743618
http://ncicb.nci.nih.gov/xml/owl/EVS/Thesaurus.owl#C84576	http://purl.obolibrary.org/obo/DOID_14040	0.94969904
http://ncicb.nci.nih.gov/xml/owl/EVS/Thesaurus.owl#C84577	http://purl.obolibrary.org/obo/DOID_10627	0.9212907
http://ncicb.nci.nih.gov/xml/owl/EVS/Thesaurus.owl#C84578	http://purl.obolibrary.org/obo/DOID_898	1.0
http://ncicb.nci.nih.gov/xml/owl/EVS/Thesaurus.owl#C84579	http://purl.obolibrary.org/obo/DOID_0110861	1.0
http://ncicb.nci.nih.gov/xml/owl/EVS/Thesaurus.owl#C84581	http://purl.obolibrary.org/obo/DOID_9643	1.0
http://ncicb.nci.nih.gov/xml/owl/EVS/Thesaurus.owl#C84583	http://purl.obolibrary.org/obo/DOID_12386	1.0
http://ncicb.nci.nih.gov/xml/owl/EVS/Thesaurus.owl#C84585	http://purl.obolibrary.org/obo/DOID_0050476	1.0
http://ncicb.nci.nih.gov/xml/owl/EVS/Thesaurus.owl#C84586	http://purl.obolibrary.org/obo/DOID_11102	0.96070307
http://ncicb.nci.nih.gov/xml/owl/EVS/Thesaurus.owl#C84587	http://purl.obolibrary.org/obo/DOID_9883	1.0
http://ncicb.nci.nih.gov/xml/owl/EVS/Thesaurus.owl#C84588	http://purl.obolibrary.org/obo/DOID_1455	1.0
http://ncicb.nci.nih.gov/xml/owl/EVS/Thesaurus.owl#C84595	http://purl.obolibrary.org/obo/DOID_2217	1.0
http://ncicb.nci.nih.gov/xml/owl/EVS/Thesaurus.owl#C84596	http://purl.obolibrary.org/obo/DOID_3633	1.0
http://ncicb.nci.nih.gov/xml/owl/EVS/Thesaurus.owl#C84598	http://purl.obolibrary.org/obo/DOID_856	1.0
http://ncicb.nci.nih.gov/xml/owl/EVS/Thesaurus.owl#C84599	http://purl.obolibrary.org/obo/DOID_11976	1.0
http://ncicb.nci.nih.gov/xml/owl/EVS/Thesaurus.owl#C84600	http://purl.obolibrary.org/obo/DOID_3689	1.0
http://ncicb.nci.nih.gov/xml/owl/EVS/Thesaurus.owl#C84601	http://purl.obolibrary.org/obo/DOID_606	1.0
http://ncicb.nci.nih.gov/xml/owl/EVS/Thesaurus.owl#C84602	http://purl.obolibrary.org/obo/DOID_11077	1.0
http://ncicb.nci.nih.gov/xml/owl/EVS/Thesaurus.owl#C84605	http://purl.obolibrary.org/obo/DOID_10323	1.0
http://ncicb.nci.nih.gov/xml/owl/EVS/Thesaurus.owl#C84606	http://purl.obolibrary.org/obo/DOID_13945	0.90816325
http://ncicb.nci.nih.gov/xml/owl/EVS/Thesaurus.owl#C84607	http://purl.obolibrary.org/obo/DOID_4734	1.0
http://ncicb.nci.nih.gov/xml/owl/EVS/Thesaurus.owl#C84609	http://purl.obolibrary.org/obo/DOID_0050463	1.0
http://ncicb.nci.nih.gov/xml/owl/EVS/Thesaurus.owl#C8461	http://purl.obolibrary.org/obo/DOID_6322	1.0
http://ncicb.nci.nih.gov/xml/owl/EVS/Thesaurus.owl#C84611	http://purl.obolibrary.org/obo/DOID_3613	1.0
http://ncicb.nci.nih.gov/xml/owl/EVS/Thesaurus.owl#C84612	http://purl.obolibrary.org/obo/DOID_9280	0.92715561
http://ncicb.nci.nih.gov/xml/owl/EVS/Thesaurus.owl#C84615	http://purl.obolibrary.org/obo/DOID_5212	1.0
http://ncicb.nci.nih.gov/xml/owl/EVS/Thesaurus.owl#C84617	http://purl.obolibrary.org/obo/DOID_0060233	1.0
http://ncicb.nci.nih.gov/xml/owl/EVS/Thesaurus.owl#C84619	http://purl.obolibrary.org/obo/DOID_0050876	1.0
http://ncicb.nci.nih.gov/xml/owl/EVS/Thesaurus.owl#C84620	http://purl.obolibrary.org/obo/DOID_11258	1.0
http://ncicb.nci.nih.gov/xml/owl/EVS/Thesaurus.owl#C84622	http://purl.obolibrary.org/obo/DOID_525	1.0
http://ncicb.nci.nih.gov/xml/owl/EVS/Thesaurus.owl#C84623	http://purl.obolibrary.org/obo/DOID_636	1.0
http://ncicb.nci.nih.gov/xml/owl/EVS/Thesaurus.owl#C84624	http://purl.obolibrary.org/obo/DOID_9277	0.94931048
http://ncicb.nci.nih.gov/xml/owl/EVS/Thesaurus.owl#C84625	http://purl.obolibrary.org/obo/DOID_9246	1.0
http://ncicb.nci.nih.gov/xml/owl/EVS/Thesaurus.owl#C84626	http://purl.obolibrary.org/obo/DOID_0060669	1.0
http://ncicb.nci.nih.gov/xml/owl/EVS/Thesaurus.owl#C84628	http://purl.obolibrary.org/obo/DOID_4810	1.0
http://ncicb.nci.nih.gov/xml/owl/EVS/Thesaurus.owl#C84629	http://purl.obolibrary.org/obo/DOID_12140	1.0
http://ncicb.nci.nih.gov/xml/owl/EVS/Thesaurus.owl#C84630	http://purl.obolibrary.org/obo/DOID_1856	1.0
http://ncicb.nci.nih.gov/xml/owl/EVS/Thesaurus.owl#C84632	http://purl.obolibrary.org/obo/DOID_2581	1.0
http://ncicb.nci.nih.gov/xml/owl/EVS/Thesaurus.owl#C84633	http://purl.obolibrary.org/obo/DOID_12859	1.0
http://ncicb.nci.nih.gov/xml/owl/EVS/Thesaurus.owl#C84636	http://purl.obolibrary.org/obo/DOID_2536	0.99069297
http://ncicb.nci.nih.gov/xml/owl/EVS/Thesaurus.owl#C84639	http://purl.obolibrary.org/obo/DOID_9273	1.0
http://ncicb.nci.nih.gov/xml/owl/EVS/Thesaurus.owl#C84641	http://purl.obolibrary.org/obo/DOID_11836	1.0
http://ncicb.nci.nih.gov/xml/owl/EVS/Thesaurus.owl#C84642	http://purl.obolibrary.org/obo/DOID_13450	1.0
http://ncicb.nci.nih.gov/xml/owl/EVS/Thesaurus.owl#C84643	http://purl.obolibrary.org/obo/DOID_3783	1.0
http://ncicb.nci.nih.gov/xml/owl/EVS/Thesaurus.owl#C84644	http://purl.obolibrary.org/obo/DOID_0060217	1.0
http://ncicb.nci.nih.gov/xml/owl/EVS/Thesaurus.owl#C84646	http://purl.obolibrary.org/obo/DOID_1338	1.0
http://ncicb.nci.nih.gov/xml/owl/EVS/Thesaurus.owl#C84647	http://purl.obolibrary.org/obo/DOID_3635	1.0
http://ncicb.nci.nih.gov/xml/owl/EVS/Thesaurus.owl#C84648	http://purl.obolibrary.org/obo/DOID_422	1.0
http://ncicb.nci.nih.gov/xml/owl/EVS/Thesaurus.owl#C84649	http://purl.obolibrary.org/obo/DOID_9856	1.0
http://ncicb.nci.nih.gov/xml/owl/EVS/Thesaurus.owl#C84652	http://purl.obolibrary.org/obo/DOID_0050469	1.0
http://ncicb.nci.nih.gov/xml/owl/EVS/Thesaurus.owl#C84653	http://purl.obolibrary.org/obo/DOID_2339	1.0
http://ncicb.nci.nih.gov/xml/owl/EVS/Thesaurus.owl#C84655	http://purl.obolibrary.org/obo/DOID_2340	1.0
http://ncicb.nci.nih.gov/xml/owl/EVS/Thesaurus.owl#C84656	http://purl.obolibrary.org/obo/DOID_3803	1.0
http://ncicb.nci.nih.gov/xml/owl/EVS/Thesaurus.owl#C84663	http://purl.obolibrary.org/obo/DOID_3144	1.0
http://ncicb.nci.nih.gov/xml/owl/EVS/Thesaurus.owl#C84664	http://purl.obolibrary.org/obo/DOID_9266	1.0
http://ncicb.nci.nih.gov/xml/owl/EVS/Thesaurus.owl#C84667	http://purl.obolibrary.org/obo/DOID_4154	1.0
http://ncicb.nci.nih.gov/xml/owl/EVS/Thesaurus.owl#C84668	http://purl.obolibrary.org/obo/DOID_3764	1.0
http://ncicb.nci.nih.gov/xml/owl/EVS/Thesaurus.owl#C84669	http://purl.obolibrary.org/obo/DOID_9565	1.0
http://ncicb.nci.nih.gov/xml/owl/EVS/Thesaurus.owl#C84671	http://purl.obolibrary.org/obo/DOID_6652	1.0
http://ncicb.nci.nih.gov/xml/owl/EVS/Thesaurus.owl#C84672	http://purl.obolibrary.org/obo/DOID_14218	1.0
http://ncicb.nci.nih.gov/xml/owl/EVS/Thesaurus.owl#C84673	http://purl.obolibrary.org/obo/DOID_12930	1.0
http://ncicb.nci.nih.gov/xml/owl/EVS/Thesaurus.owl#C84675	http://purl.obolibrary.org/obo/DOID_11720	1.0
http://ncicb.nci.nih.gov/xml/owl/EVS/Thesaurus.owl#C84676	http://purl.obolibrary.org/obo/DOID_0050470	1.0
http://ncicb.nci.nih.gov/xml/owl/EVS/Thesaurus.owl#C84677	http://purl.obolibrary.org/obo/DOID_14418	1.0
http://ncicb.nci.nih.gov/xml/owl/EVS/Thesaurus.owl#C84681	http://purl.obolibrary.org/obo/DOID_14289	1.0
http://ncicb.nci.nih.gov/xml/owl/EVS/Thesaurus.owl#C84682	http://purl.obolibrary.org/obo/DOID_1496	1.0
http://ncicb.nci.nih.gov/xml/owl/EVS/Thesaurus.owl#C84684	http://purl.obolibrary.org/obo/DOID_12714	1.0
http://ncicb.nci.nih.gov/xml/owl/EVS/Thesaurus.owl#C84685	http://purl.obolibrary.org/obo/DOID_11726	1.0
http://ncicb.nci.nih.gov/xml/owl/EVS/Thesaurus.owl#C84686	http://purl.obolibrary.org/obo/DOID_3642	1.0
http://ncicb.nci.nih.gov/xml/owl/EVS/Thesaurus.owl#C84688	http://purl.obolibrary.org/obo/DOID_0050480	0.95087153
http://ncicb.nci.nih.gov/xml/owl/EVS/Thesaurus.owl#C84689	http://purl.obolibrary.org/obo/DOID_11256	1.0
http://ncicb.nci.nih.gov/xml/owl/EVS/Thesaurus.owl#C84690	http://purl.obolibrary.org/obo/DOID_4313	1.0
http://ncicb.nci.nih.gov/xml/owl/EVS/Thesaurus.owl#C84691	http://purl.obolibrary.org/obo/DOID_4959	1.0
http://ncicb.nci.nih.gov/xml/owl/EVS/Thesaurus.owl#C84692	http://purl.obolibrary.org/obo/DOID_4644	1.0
http://ncicb.nci.nih.gov/xml/owl/EVS/Thesaurus.owl#C84695	http://purl.obolibrary.org/obo/DOID_8743	1.0
http://ncicb.nci.nih.gov/xml/owl/EVS/Thesaurus.owl#C84696	http://purl.obolibrary.org/obo/DOID_0050467	1.0
http://ncicb.nci.nih.gov/xml/owl/EVS/Thesaurus.owl#C84697	http://purl.obolibrary.org/obo/DOID_13268	0.95158917
http://ncicb.nci.nih.gov/xml/owl/EVS/Thesaurus.owl#C84698	http://purl.obolibrary.org/obo/DOID_13270	1.0
http://ncicb.nci.nih.gov/xml/owl/EVS/Thesaurus.owl#C84701	http://purl.obolibrary.org/obo/DOID_14499	1.0
http://ncicb.nci.nih.gov/xml/owl/EVS/Thesaurus.owl#C84704	http://purl.obolibrary.org/obo/DOID_11727	1.0
http://ncicb.nci.nih.gov/xml/owl/EVS/Thesaurus.owl#C84705	http://purl.obolibrary.org/obo/DOID_2231	0.90302551
http://ncicb.nci.nih.gov/xml/owl/EVS/Thesaurus.owl#C84707	http://purl.obolibrary.org/obo/DOID_2987	1.0
http://ncicb.nci.nih.gov/xml/owl/EVS/Thesaurus.owl#C84708	http://purl.obolibrary.org/obo/DOID_0050440	1.0
http://ncicb.nci.nih.gov/xml/owl/EVS/Thesaurus.owl#C84709	http://purl.obolibrary.org/obo/DOID_1029	1.0
http://ncicb.nci.nih.gov/xml/owl/EVS/Thesaurus.owl#C84710	http://purl.obolibrary.org/obo/DOID_0050464	1.0
http://ncicb.nci.nih.gov/xml/owl/EVS/Thesaurus.owl#C84711	http://purl.obolibrary.org/obo/DOID_0050433	1.0
http://ncicb.nci.nih.gov/xml/owl/EVS/Thesaurus.owl#C84712	http://purl.obolibrary.org/obo/DOID_11042	1.0
http://ncicb.nci.nih.gov/xml/owl/EVS/Thesaurus.owl#C84713	http://purl.obolibrary.org/obo/DOID_0050665	1.0
http://ncicb.nci.nih.gov/xml/owl/EVS/Thesaurus.owl#C84715	http://purl.obolibrary.org/obo/DOID_2120	1.0
http://ncicb.nci.nih.gov/xml/owl/EVS/Thesaurus.owl#C84716	http://purl.obolibrary.org/obo/DOID_1381	1.0
http://ncicb.nci.nih.gov/xml/owl/EVS/Thesaurus.owl#C84717	http://purl.obolibrary.org/obo/DOID_14261	1.0
http://ncicb.nci.nih.gov/xml/owl/EVS/Thesaurus.owl#C84718	http://purl.obolibrary.org/obo/DOID_12705	1.0
http://ncicb.nci.nih.gov/xml/owl/EVS/Thesaurus.owl#C84719	http://purl.obolibrary.org/obo/DOID_9255	1.0
http://ncicb.nci.nih.gov/xml/owl/EVS/Thesaurus.owl#C84720	http://purl.obolibrary.org/obo/DOID_9869	0.97420579
http://ncicb.nci.nih.gov/xml/owl/EVS/Thesaurus.owl#C84721	http://purl.obolibrary.org/obo/DOID_11555	1.0
http://ncicb.nci.nih.gov/xml/owl/EVS/Thesaurus.owl#C84723	http://purl.obolibrary.org/obo/DOID_9870	1.0
http://ncicb.nci.nih.gov/xml/owl/EVS/Thesaurus.owl#C84724	http://purl.obolibrary.org/obo/DOID_2493	1.0
http://ncicb.nci.nih.gov/xml/owl/EVS/Thesaurus.owl#C84725	http://purl.obolibrary.org/obo/DOID_11044	1.0
http://ncicb.nci.nih.gov/xml/owl/EVS/Thesaurus.owl#C84727	http://purl.obolibrary.org/obo/DOID_4249	1.0
http://ncicb.nci.nih.gov/xml/owl/EVS/Thesaurus.owl#C84729	http://purl.obolibrary.org/obo/DOID_2739	1.0
http://ncicb.nci.nih.gov/xml/owl/EVS/Thesaurus.owl#C84730	http://purl.obolibrary.org/obo/DOID_0050450	1.0
http://ncicb.nci.nih.gov/xml/owl/EVS/Thesaurus.owl#C84733	http://purl.obolibrary.org/obo/DOID_2749	1.0
http://ncicb.nci.nih.gov/xml/owl/EVS/Thesaurus.owl#C84734	http://purl.obolibrary.org/obo/DOID_2752	1.0
http://ncicb.nci.nih.gov/xml/owl/EVS/Thesaurus.owl#C84735	http://purl.obolibrary.org/obo/DOID_2752	0.93144912
http://ncicb.nci.nih.gov/xml/owl/EVS/Thesaurus.owl#C84736	http://purl.obolibrary.org/obo/DOID_2748	0.99443936
http://ncicb.nci.nih.gov/xml/owl/EVS/Thesaurus.owl#C84737	http://purl.obolibrary.org/obo/DOID_2750	0.99544418
http://ncicb.nci.nih.gov/xml/owl/EVS/Thesaurus.owl#C84738	http://purl.obolibrary.org/obo/DOID_2746	1.0
http://ncicb.nci.nih.gov/xml/owl/EVS/Thesaurus.owl#C84739	http://purl.obolibrary.org/obo/DOID_3322	1.0
http://ncicb.nci.nih.gov/xml/owl/EVS/Thesaurus.owl#C84740	http://purl.obolibrary.org/obo/DOID_2907	1.0
http://ncicb.nci.nih.gov/xml/owl/EVS/Thesaurus.owl#C84741	http://purl.obolibrary.org/obo/DOID_0111044	1.0
http://ncicb.nci.nih.gov/xml/owl/EVS/Thesaurus.owl#C84743	http://purl.obolibrary.org/obo/DOID_429	1.0
http://ncicb.nci.nih.gov/xml/owl/EVS/Thesaurus.owl#C84744	http://purl.obolibrary.org/obo/DOID_1415	1.0
http://ncicb.nci.nih.gov/xml/owl/EVS/Thesaurus.owl#C84745	http://purl.obolibrary.org/obo/DOID_2736	1.0
http://ncicb.nci.nih.gov/xml/owl/EVS/Thesaurus.owl#C84746	http://purl.obolibrary.org/obo/DOID_4534	1.0
http://ncicb.nci.nih.gov/xml/owl/EVS/Thesaurus.owl#C84747	http://purl.obolibrary.org/obo/DOID_14472	1.0
http://ncicb.nci.nih.gov/xml/owl/EVS/Thesaurus.owl#C84748	http://purl.obolibrary.org/obo/DOID_1060	1.0
http://ncicb.nci.nih.gov/xml/owl/EVS/Thesaurus.owl#C84750	http://purl.obolibrary.org/obo/DOID_13133	1.0
http://ncicb.nci.nih.gov/xml/owl/EVS/Thesaurus.owl#C84751	http://purl.obolibrary.org/obo/DOID_883	1.0
http://ncicb.nci.nih.gov/xml/owl/EVS/Thesaurus.owl#C84753	http://purl.obolibrary.org/obo/DOID_11266	1.0
http://ncicb.nci.nih.gov/xml/owl/EVS/Thesaurus.owl#C84754	http://purl.obolibrary.org/obo/DOID_5230	1.0
http://ncicb.nci.nih.gov/xml/owl/EVS/Thesaurus.owl#C84756	http://purl.obolibrary.org/obo/DOID_893	1.0
http://ncicb.nci.nih.gov/xml/owl/EVS/Thesaurus.owl#C84758	http://purl.obolibrary.org/obo/DOID_14735	1.0
http://ncicb.nci.nih.gov/xml/owl/EVS/Thesaurus.owl#C84759	http://purl.obolibrary.org/obo/DOID_13269	1.0
http://ncicb.nci.nih.gov/xml/owl/EVS/Thesaurus.owl#C84760	http://purl.obolibrary.org/obo/DOID_0050448	1.0
http://ncicb.nci.nih.gov/xml/owl/EVS/Thesaurus.owl#C84761	http://purl.obolibrary.org/obo/DOID_2741	0.9253177
http://ncicb.nci.nih.gov/xml/owl/EVS/Thesaurus.owl#C84764	http://purl.obolibrary.org/obo/DOID_0111027	0.90578413
http://ncicb.nci.nih.gov/xml/owl/EVS/Thesaurus.owl#C84765	http://purl.obolibrary.org/obo/DOID_9263	1.0
http://ncicb.nci.nih.gov/xml/owl/EVS/Thesaurus.owl#C84768	http://purl.obolibrary.org/obo/DOID_10074	1.0
http://ncicb.nci.nih.gov/xml/owl/EVS/Thesaurus.owl#C84770	http://purl.obolibrary.org/obo/DOID_9279	1.0
http://ncicb.nci.nih.gov/xml/owl/EVS/Thesaurus.owl#C84771	http://purl.obolibrary.org/obo/DOID_3145	0.90506089
http://ncicb.nci.nih.gov/xml/owl/EVS/Thesaurus.owl#C84773	http://purl.obolibrary.org/obo/DOID_11984	1.0
http://ncicb.nci.nih.gov/xml/owl/EVS/Thesaurus.owl#C84774	http://purl.obolibrary.org/obo/DOID_1387	0.97080123
http://ncicb.nci.nih.gov/xml/owl/EVS/Thesaurus.owl#C84775	http://purl.obolibrary.org/obo/DOID_14452	1.0
http://ncicb.nci.nih.gov/xml/owl/EVS/Thesaurus.owl#C84776	http://purl.obolibrary.org/obo/DOID_1697	1.0
http://ncicb.nci.nih.gov/xml/owl/EVS/Thesaurus.owl#C84777	http://purl.obolibrary.org/obo/DOID_0060877	1.0
http://ncicb.nci.nih.gov/xml/owl/EVS/Thesaurus.owl#C84778	http://purl.obolibrary.org/obo/DOID_1702	1.0
http://ncicb.nci.nih.gov/xml/owl/EVS/Thesaurus.owl#C84779	http://purl.obolibrary.org/obo/DOID_1700	1.0
http://ncicb.nci.nih.gov/xml/owl/EVS/Thesaurus.owl#C84780	http://purl.obolibrary.org/obo/DOID_3109	1.0
http://ncicb.nci.nih.gov/xml/owl/EVS/Thesaurus.owl#C84784	http://purl.obolibrary.org/obo/DOID_10488	1.0
http://ncicb.nci.nih.gov/xml/owl/EVS/Thesaurus.owl#C84786	http://purl.obolibrary.org/obo/DOID_3429	1.0
http://ncicb.nci.nih.gov/xml/owl/EVS/Thesaurus.owl#C84787	http://purl.obolibrary.org/obo/DOID_3156	0.92269909
http://ncicb.nci.nih.gov/xml/owl/EVS/Thesaurus.owl#C84788	http://purl.obolibrary.org/obo/DOID_0050562	1.0
http://ncicb.nci.nih.gov/xml/owl/EVS/Thesaurus.owl#C84789	http://purl.obolibrary.org/obo/DOID_0050444	1.0
http://ncicb.nci.nih.gov/xml/owl/EVS/Thesaurus.owl#C84790	http://purl.obolibrary.org/obo/DOID_10486	1.0
http://ncicb.nci.nih.gov/xml/owl/EVS/Thesaurus.owl#C84793	http://purl.obolibrary.org/obo/DOID_2842	0.99633515
http://ncicb.nci.nih.gov/xml/owl/EVS/Thesaurus.owl#C84794	http://purl.obolibrary.org/obo/DOID_0050592	1.0
http://ncicb.nci.nih.gov/xml/owl/EVS/Thesaurus.owl#C84795	http://purl.obolibrary.org/obo/DOID_0060451	1.0
http://ncicb.nci.nih.gov/xml/owl/EVS/Thesaurus.owl#C84796	http://purl.obolibrary.org/obo/DOID_4890	1.0
http://ncicb.nci.nih.gov/xml/owl/EVS/Thesaurus.owl#C84797	http://purl.obolibrary.org/obo/DOID_0050144	1.0
http://ncicb.nci.nih.gov/xml/owl/EVS/Thesaurus.owl#C84798	http://purl.obolibrary.org/obo/DOID_12934	1.0
http://ncicb.nci.nih.gov/xml/owl/EVS/Thesaurus.owl#C84799	http://purl.obolibrary.org/obo/DOID_2382	1.0
http://ncicb.nci.nih.gov/xml/owl/EVS/Thesaurus.owl#C84800	http://purl.obolibrary.org/obo/DOID_0060165	1.0
http://ncicb.nci.nih.gov/xml/owl/EVS/Thesaurus.owl#C84801	http://purl.obolibrary.org/obo/DOID_2926	1.0
http://ncicb.nci.nih.gov/xml/owl/EVS/Thesaurus.owl#C84802	http://purl.obolibrary.org/obo/DOID_2510	1.0
http://ncicb.nci.nih.gov/xml/owl/EVS/Thesaurus.owl#C84804	http://purl.obolibrary.org/obo/DOID_3534	1.0
http://ncicb.nci.nih.gov/xml/owl/EVS/Thesaurus.owl#C84806	http://purl.obolibrary.org/obo/DOID_2538	1.0
http://ncicb.nci.nih.gov/xml/owl/EVS/Thesaurus.owl#C84807	http://purl.obolibrary.org/obo/DOID_3522	1.0
http://ncicb.nci.nih.gov/xml/owl/EVS/Thesaurus.owl#C84808	http://purl.obolibrary.org/obo/DOID_705	0.95895219
http://ncicb.nci.nih.gov/xml/owl/EVS/Thesaurus.owl#C84814	http://purl.obolibrary.org/obo/DOID_3652	1.0
http://ncicb.nci.nih.gov/xml/owl/EVS/Thesaurus.owl#C84816	http://purl.obolibrary.org/obo/DOID_0050561	1.0
http://ncicb.nci.nih.gov/xml/owl/EVS/Thesaurus.owl#C84820	http://purl.obolibrary.org/obo/DOID_14291	1.0
http://ncicb.nci.nih.gov/xml/owl/EVS/Thesaurus.owl#C84824	http://purl.obolibrary.org/obo/DOID_1024	1.0
http://ncicb.nci.nih.gov/xml/owl/EVS/Thesaurus.owl#C84825	http://purl.obolibrary.org/obo/DOID_2297	1.0
http://ncicb.nci.nih.gov/xml/owl/EVS/Thesaurus.owl#C84826	http://purl.obolibrary.org/obo/DOID_12217	1.0
http://ncicb.nci.nih.gov/xml/owl/EVS/Thesaurus.owl#C84827	http://purl.obolibrary.org/obo/DOID_0050477	1.0
http://ncicb.nci.nih.gov/xml/owl/EVS/Thesaurus.owl#C84828	http://purl.obolibrary.org/obo/DOID_11724	1.0
http://ncicb.nci.nih.gov/xml/owl/EVS/Thesaurus.owl#C84829	http://purl.obolibrary.org/obo/DOID_14498	0.95557177
http://ncicb.nci.nih.gov/xml/owl/EVS/Thesaurus.owl#C84830	http://purl.obolibrary.org/obo/DOID_1440	1.0
http://ncicb.nci.nih.gov/xml/owl/EVS/Thesaurus.owl#C84869	http://purl.obolibrary.org/obo/DOID_8545	0.93747741
http://ncicb.nci.nih.gov/xml/owl/EVS/Thesaurus.owl#C84882	http://purl.obolibrary.org/obo/DOID_1081	1.0
http://ncicb.nci.nih.gov/xml/owl/EVS/Thesaurus.owl#C84883	http://purl.obolibrary.org/obo/DOID_4327	1.0
http://ncicb.nci.nih.gov/xml/owl/EVS/Thesaurus.owl#C84885	http://purl.obolibrary.org/obo/DOID_3687	1.0
http://ncicb.nci.nih.gov/xml/owl/EVS/Thesaurus.owl#C84886	http://purl.obolibrary.org/obo/DOID_1761	1.0
http://ncicb.nci.nih.gov/xml/owl/EVS/Thesaurus.owl#C84887	http://purl.obolibrary.org/obo/DOID_4253	1.0
http://ncicb.nci.nih.gov/xml/owl/EVS/Thesaurus.owl#C84890	http://purl.obolibrary.org/obo/DOID_0050452	1.0
http://ncicb.nci.nih.gov/xml/owl/EVS/Thesaurus.owl#C84891	http://purl.obolibrary.org/obo/DOID_4271	1.0
http://ncicb.nci.nih.gov/xml/owl/EVS/Thesaurus.owl#C84892	http://purl.obolibrary.org/obo/DOID_3492	1.0
http://ncicb.nci.nih.gov/xml/owl/EVS/Thesaurus.owl#C84893	http://purl.obolibrary.org/obo/DOID_13501	1.0
http://ncicb.nci.nih.gov/xml/owl/EVS/Thesaurus.owl#C84894	http://purl.obolibrary.org/obo/DOID_0050472	1.0
http://ncicb.nci.nih.gov/xml/owl/EVS/Thesaurus.owl#C84895	http://purl.obolibrary.org/obo/DOID_13099	1.0
http://ncicb.nci.nih.gov/xml/owl/EVS/Thesaurus.owl#C84896	http://purl.obolibrary.org/obo/DOID_2368	1.0
http://ncicb.nci.nih.gov/xml/owl/EVS/Thesaurus.owl#C84897	http://purl.obolibrary.org/obo/DOID_12801	1.0
http://ncicb.nci.nih.gov/xml/owl/EVS/Thesaurus.owl#C84898	http://purl.obolibrary.org/obo/DOID_12801	1.0
http://ncicb.nci.nih.gov/xml/owl/EVS/Thesaurus.owl#C84901	http://purl.obolibrary.org/obo/DOID_12804	1.0
http://ncicb.nci.nih.gov/xml/owl/EVS/Thesaurus.owl#C84902	http://purl.obolibrary.org/obo/DOID_12804	1.0
http://ncicb.nci.nih.gov/xml/owl/EVS/Thesaurus.owl#C84903	http://purl.obolibrary.org/obo/DOID_12803	1.0
http://ncicb.nci.nih.gov/xml/owl/EVS/Thesaurus.owl#C84904	http://purl.obolibrary.org/obo/DOID_0060703	1.0
http://ncicb.nci.nih.gov/xml/owl/EVS/Thesaurus.owl#C84905	http://purl.obolibrary.org/obo/DOID_0050465	1.0
http://ncicb.nci.nih.gov/xml/owl/EVS/Thesaurus.owl#C84906	http://purl.obolibrary.org/obo/DOID_0050436	1.0
http://ncicb.nci.nih.gov/xml/owl/EVS/Thesaurus.owl#C84907	http://purl.obolibrary.org/obo/DOID_0060358	1.0
http://ncicb.nci.nih.gov/xml/owl/EVS/Thesaurus.owl#C84908	http://purl.obolibrary.org/obo/DOID_0050441	1.0
http://ncicb.nci.nih.gov/xml/owl/EVS/Thesaurus.owl#C84909	http://purl.obolibrary.org/obo/DOID_4752	1.0
http://ncicb.nci.nih.gov/xml/owl/EVS/Thesaurus.owl#C84910	http://purl.obolibrary.org/obo/DOID_9884	1.0
http://ncicb.nci.nih.gov/xml/owl/EVS/Thesaurus.owl#C84912	http://purl.obolibrary.org/obo/DOID_2106	1.0
http://ncicb.nci.nih.gov/xml/owl/EVS/Thesaurus.owl#C84914	http://purl.obolibrary.org/obo/DOID_450	0.94445455
http://ncicb.nci.nih.gov/xml/owl/EVS/Thesaurus.owl#C84915	http://purl.obolibrary.org/obo/DOID_8677	0.91434687
http://ncicb.nci.nih.gov/xml/owl/EVS/Thesaurus.owl#C84916	http://purl.obolibrary.org/obo/DOID_9602	1.0
http://ncicb.nci.nih.gov/xml/owl/EVS/Thesaurus.owl#C84917	http://purl.obolibrary.org/obo/DOID_4968	1.0
http://ncicb.nci.nih.gov/xml/owl/EVS/Thesaurus.owl#C84918	http://purl.obolibrary.org/obo/DOID_12679	1.0
http://ncicb.nci.nih.gov/xml/owl/EVS/Thesaurus.owl#C84919	http://purl.obolibrary.org/obo/DOID_12387	1.0
http://ncicb.nci.nih.gov/xml/owl/EVS/Thesaurus.owl#C84922	http://purl.obolibrary.org/obo/DOID_0050474	1.0
http://ncicb.nci.nih.gov/xml/owl/EVS/Thesaurus.owl#C84923	http://purl.obolibrary.org/obo/DOID_0080074	1.0
http://ncicb.nci.nih.gov/xml/owl/EVS/Thesaurus.owl#C84926	http://purl.obolibrary.org/obo/DOID_0050765	1.0
http://ncicb.nci.nih.gov/xml/owl/EVS/Thesaurus.owl#C84927	http://purl.obolibrary.org/obo/DOID_2367	0.92226523
http://ncicb.nci.nih.gov/xml/owl/EVS/Thesaurus.owl#C8493	http://purl.obolibrary.org/obo/DOID_5683	0.90338117
http://ncicb.nci.nih.gov/xml/owl/EVS/Thesaurus.owl#C84933	http://purl.obolibrary.org/obo/DOID_9409	0.94677681
http://ncicb.nci.nih.gov/xml/owl/EVS/Thesaurus.owl#C84934	http://purl.obolibrary.org/obo/DOID_8869	1.0
http://ncicb.nci.nih.gov/xml/owl/EVS/Thesaurus.owl#C84935	http://purl.obolibrary.org/obo/DOID_10035	0.92441845
http://ncicb.nci.nih.gov/xml/owl/EVS/Thesaurus.owl#C84937	http://purl.obolibrary.org/obo/DOID_9268	1.0
http://ncicb.nci.nih.gov/xml/owl/EVS/Thesaurus.owl#C84938	http://purl.obolibrary.org/obo/DOID_14223	1.0
http://ncicb.nci.nih.gov/xml/owl/EVS/Thesaurus.owl#C84939	http://purl.obolibrary.org/obo/DOID_11656	0.91503543
http://ncicb.nci.nih.gov/xml/owl/EVS/Thesaurus.owl#C8494	http://purl.obolibrary.org/obo/DOID_3883	1.0
http://ncicb.nci.nih.gov/xml/owl/EVS/Thesaurus.owl#C84940	http://purl.obolibrary.org/obo/DOID_1056	1.0
http://ncicb.nci.nih.gov/xml/owl/EVS/Thesaurus.owl#C84941	http://purl.obolibrary.org/obo/DOID_0050632	1.0
http://ncicb.nci.nih.gov/xml/owl/EVS/Thesaurus.owl#C84942	http://purl.obolibrary.org/obo/DOID_11719	1.0
http://ncicb.nci.nih.gov/xml/owl/EVS/Thesaurus.owl#C84947	http://purl.obolibrary.org/obo/DOID_14784	1.0
http://ncicb.nci.nih.gov/xml/owl/EVS/Thesaurus.owl#C8495	http://purl.obolibrary.org/obo/DOID_4648	0.9535085
http://ncicb.nci.nih.gov/xml/owl/EVS/Thesaurus.owl#C84950	http://purl.obolibrary.org/obo/DOID_1210	1.0
http://ncicb.nci.nih.gov/xml/owl/EVS/Thesaurus.owl#C84957	http://purl.obolibrary.org/obo/DOID_9271	0.98318517
http://ncicb.nci.nih.gov/xml/owl/EVS/Thesaurus.owl#C8496	http://purl.obolibrary.org/obo/DOID_5183	1.0
http://ncicb.nci.nih.gov/xml/owl/EVS/Thesaurus.owl#C84978	http://purl.obolibrary.org/obo/DOID_2256	1.0
http://ncicb.nci.nih.gov/xml/owl/EVS/Thesaurus.owl#C8498	http://purl.obolibrary.org/obo/DOID_6846	0.94491184
http://ncicb.nci.nih.gov/xml/owl/EVS/Thesaurus.owl#C84985	http://purl.obolibrary.org/obo/DOID_11991	1.0
http://ncicb.nci.nih.gov/xml/owl/EVS/Thesaurus.owl#C84986	http://purl.obolibrary.org/obo/DOID_0050449	1.0
http://ncicb.nci.nih.gov/xml/owl/EVS/Thesaurus.owl#C84987	http://purl.obolibrary.org/obo/DOID_9248	1.0
http://ncicb.nci.nih.gov/xml/owl/EVS/Thesaurus.owl#C84988	http://purl.obolibrary.org/obo/DOID_3981	1.0
http://ncicb.nci.nih.gov/xml/owl/EVS/Thesaurus.owl#C84989	http://purl.obolibrary.org/obo/DOID_12030	1.0
http://ncicb.nci.nih.gov/xml/owl/EVS/Thesaurus.owl#C84992	http://purl.obolibrary.org/obo/DOID_3389	0.93434536
http://ncicb.nci.nih.gov/xml/owl/EVS/Thesaurus.owl#C84995	http://purl.obolibrary.org/obo/DOID_10699	1.0
http://ncicb.nci.nih.gov/xml/owl/EVS/Thesaurus.owl#C85002	http://purl.obolibrary.org/obo/DOID_9631	1.0
http://ncicb.nci.nih.gov/xml/owl/EVS/Thesaurus.owl#C85005	http://purl.obolibrary.org/obo/DOID_906	0.96921152
http://ncicb.nci.nih.gov/xml/owl/EVS/Thesaurus.owl#C85008	http://purl.obolibrary.org/obo/DOID_11870	1.0
http://ncicb.nci.nih.gov/xml/owl/EVS/Thesaurus.owl#C85009	http://purl.obolibrary.org/obo/DOID_3263	1.0
http://ncicb.nci.nih.gov/xml/owl/EVS/Thesaurus.owl#C8501	http://purl.obolibrary.org/obo/DOID_4202	1.0
http://ncicb.nci.nih.gov/xml/owl/EVS/Thesaurus.owl#C85014	http://purl.obolibrary.org/obo/DOID_9212	1.0
http://ncicb.nci.nih.gov/xml/owl/EVS/Thesaurus.owl#C85015	http://purl.obolibrary.org/obo/DOID_3482	1.0
http://ncicb.nci.nih.gov/xml/owl/EVS/Thesaurus.owl#C85017	http://purl.obolibrary.org/obo/DOID_12961	1.0
http://ncicb.nci.nih.gov/xml/owl/EVS/Thesaurus.owl#C85018	http://purl.obolibrary.org/obo/DOID_853	1.0
http://ncicb.nci.nih.gov/xml/owl/EVS/Thesaurus.owl#C85019	http://purl.obolibrary.org/obo/DOID_3805	1.0
http://ncicb.nci.nih.gov/xml/owl/EVS/Thesaurus.owl#C85023	http://purl.obolibrary.org/obo/DOID_14283	1.0
http://ncicb.nci.nih.gov/xml/owl/EVS/Thesaurus.owl#C85026	http://purl.obolibrary.org/obo/DOID_681	1.0
http://ncicb.nci.nih.gov/xml/owl/EVS/Thesaurus.owl#C85027	http://purl.obolibrary.org/obo/DOID_318	1.0
http://ncicb.nci.nih.gov/xml/owl/EVS/Thesaurus.owl#C85028	http://purl.obolibrary.org/obo/DOID_678	1.0
http://ncicb.nci.nih.gov/xml/owl/EVS/Thesaurus.owl#C85030	http://purl.obolibrary.org/obo/DOID_14701	1.0
http://ncicb.nci.nih.gov/xml/owl/EVS/Thesaurus.owl#C85031	http://purl.obolibrary.org/obo/DOID_4970	1.0
http://ncicb.nci.nih.gov/xml/owl/EVS/Thesaurus.owl#C85032	http://purl.obolibrary.org/obo/DOID_13482	1.0
http://ncicb.nci.nih.gov/xml/owl/EVS/Thesaurus.owl#C85033	http://purl.obolibrary.org/obo/DOID_0060889	1.0
http://ncicb.nci.nih.gov/xml/owl/EVS/Thesaurus.owl#C85034	http://purl.obolibrary.org/obo/DOID_4479	1.0
http://ncicb.nci.nih.gov/xml/owl/EVS/Thesaurus.owl#C85035	http://purl.obolibrary.org/obo/DOID_11459	1.0
http://ncicb.nci.nih.gov/xml/owl/EVS/Thesaurus.owl#C85036	http://purl.obolibrary.org/obo/DOID_2738	1.0
http://ncicb.nci.nih.gov/xml/owl/EVS/Thesaurus.owl#C85037	http://purl.obolibrary.org/obo/DOID_12120	1.0
http://ncicb.nci.nih.gov/xml/owl/EVS/Thesaurus.owl#C85040	http://purl.obolibrary.org/obo/DOID_3651	0.97806031
http://ncicb.nci.nih.gov/xml/owl/EVS/Thesaurus.owl#C85041	http://purl.obolibrary.org/obo/DOID_2548	1.0
http://ncicb.nci.nih.gov/xml/owl/EVS/Thesaurus.owl#C85042	http://purl.obolibrary.org/obo/DOID_3223	0.93858832
http://ncicb.nci.nih.gov/xml/owl/EVS/Thesaurus.owl#C85045	http://purl.obolibrary.org/obo/DOID_10584	1.0
http://ncicb.nci.nih.gov/xml/owl/EVS/Thesaurus.owl#C85046	http://purl.obolibrary.org/obo/DOID_8465	1.0
http://ncicb.nci.nih.gov/xml/owl/EVS/Thesaurus.owl#C85047	http://purl.obolibrary.org/obo/DOID_2580	1.0
http://ncicb.nci.nih.gov/xml/owl/EVS/Thesaurus.owl#C85048	http://purl.obolibrary.org/obo/DOID_0060254	1.0
http://ncicb.nci.nih.gov/xml/owl/EVS/Thesaurus.owl#C85049	http://purl.obolibrary.org/obo/DOID_0110644	1.0
http://ncicb.nci.nih.gov/xml/owl/EVS/Thesaurus.owl#C85051	http://purl.obolibrary.org/obo/DOID_8781	0.96063137
http://ncicb.nci.nih.gov/xml/owl/EVS/Thesaurus.owl#C85052	http://purl.obolibrary.org/obo/DOID_3323	1.0
http://ncicb.nci.nih.gov/xml/owl/EVS/Thesaurus.owl#C85053	http://purl.obolibrary.org/obo/DOID_12798	0.94502407
http://ncicb.nci.nih.gov/xml/owl/EVS/Thesaurus.owl#C85056	http://purl.obolibrary.org/obo/DOID_4297	1.0
http://ncicb.nci.nih.gov/xml/owl/EVS/Thesaurus.owl#C85057	http://purl.obolibrary.org/obo/DOID_3140	1.0
http://ncicb.nci.nih.gov/xml/owl/EVS/Thesaurus.owl#C85059	http://purl.obolibrary.org/obo/DOID_13711	1.0
http://ncicb.nci.nih.gov/xml/owl/EVS/Thesaurus.owl#C8506	http://purl.obolibrary.org/obo/DOID_6086	0.99265343
http://ncicb.nci.nih.gov/xml/owl/EVS/Thesaurus.owl#C85062	http://purl.obolibrary.org/obo/DOID_4423	1.0
http://ncicb.nci.nih.gov/xml/owl/EVS/Thesaurus.owl#C85063	http://purl.obolibrary.org/obo/DOID_0060857	1.0
http://ncicb.nci.nih.gov/xml/owl/EVS/Thesaurus.owl#C85064	http://purl.obolibrary.org/obo/DOID_2945	1.0
http://ncicb.nci.nih.gov/xml/owl/EVS/Thesaurus.owl#C85068	http://purl.obolibrary.org/obo/DOID_14681	1.0
http://ncicb.nci.nih.gov/xml/owl/EVS/Thesaurus.owl#C85070	http://purl.obolibrary.org/obo/DOID_14501	1.0
http://ncicb.nci.nih.gov/xml/owl/EVS/Thesaurus.owl#C85071	http://purl.obolibrary.org/obo/DOID_14692	1.0
http://ncicb.nci.nih.gov/xml/owl/EVS/Thesaurus.owl#C85072	http://purl.obolibrary.org/obo/DOID_0050840	1.0
http://ncicb.nci.nih.gov/xml/owl/EVS/Thesaurus.owl#C85075	http://purl.obolibrary.org/obo/DOID_12377	1.0
http://ncicb.nci.nih.gov/xml/owl/EVS/Thesaurus.owl#C85078	http://purl.obolibrary.org/obo/DOID_0050817	1.0
http://ncicb.nci.nih.gov/xml/owl/EVS/Thesaurus.owl#C85079	http://purl.obolibrary.org/obo/DOID_1824	1.0
http://ncicb.nci.nih.gov/xml/owl/EVS/Thesaurus.owl#C85170	http://purl.obolibrary.org/obo/DOID_13366	1.0
http://ncicb.nci.nih.gov/xml/owl/EVS/Thesaurus.owl#C85171	http://purl.obolibrary.org/obo/DOID_8970	1.0
http://ncicb.nci.nih.gov/xml/owl/EVS/Thesaurus.owl#C85173	http://purl.obolibrary.org/obo/DOID_9007	1.0
http://ncicb.nci.nih.gov/xml/owl/EVS/Thesaurus.owl#C85175	http://purl.obolibrary.org/obo/DOID_3557	1.0
http://ncicb.nci.nih.gov/xml/owl/EVS/Thesaurus.owl#C85179	http://purl.obolibrary.org/obo/DOID_327	1.0
http://ncicb.nci.nih.gov/xml/owl/EVS/Thesaurus.owl#C85180	http://purl.obolibrary.org/obo/DOID_0050596	1.0
http://ncicb.nci.nih.gov/xml/owl/EVS/Thesaurus.owl#C85182	http://purl.obolibrary.org/obo/DOID_1388	1.0
http://ncicb.nci.nih.gov/xml/owl/EVS/Thesaurus.owl#C85183	http://purl.obolibrary.org/obo/DOID_12526	1.0
http://ncicb.nci.nih.gov/xml/owl/EVS/Thesaurus.owl#C85184	http://purl.obolibrary.org/obo/DOID_3320	1.0
http://ncicb.nci.nih.gov/xml/owl/EVS/Thesaurus.owl#C85185	http://purl.obolibrary.org/obo/DOID_11338	1.0
http://ncicb.nci.nih.gov/xml/owl/EVS/Thesaurus.owl#C85186	http://purl.obolibrary.org/obo/DOID_4662	1.0
http://ncicb.nci.nih.gov/xml/owl/EVS/Thesaurus.owl#C85187	http://purl.obolibrary.org/obo/DOID_13481	1.0
http://ncicb.nci.nih.gov/xml/owl/EVS/Thesaurus.owl#C85188	http://purl.obolibrary.org/obo/DOID_3103	1.0
http://ncicb.nci.nih.gov/xml/owl/EVS/Thesaurus.owl#C85191	http://purl.obolibrary.org/obo/DOID_11633	1.0
http://ncicb.nci.nih.gov/xml/owl/EVS/Thesaurus.owl#C85193	http://purl.obolibrary.org/obo/DOID_1278	1.0
http://ncicb.nci.nih.gov/xml/owl/EVS/Thesaurus.owl#C85198	http://purl.obolibrary.org/obo/DOID_13027	1.0
http://ncicb.nci.nih.gov/xml/owl/EVS/Thesaurus.owl#C85199	http://purl.obolibrary.org/obo/DOID_9784	1.0
http://ncicb.nci.nih.gov/xml/owl/EVS/Thesaurus.owl#C85202	http://purl.obolibrary.org/obo/DOID_0080169	0.95815665
http://ncicb.nci.nih.gov/xml/owl/EVS/Thesaurus.owl#C85207	http://purl.obolibrary.org/obo/DOID_3763	0.98176175
http://ncicb.nci.nih.gov/xml/owl/EVS/Thesaurus.owl#C85208	http://purl.obolibrary.org/obo/DOID_2123	1.0
http://ncicb.nci.nih.gov/xml/owl/EVS/Thesaurus.owl#C85213	http://purl.obolibrary.org/obo/DOID_0111054	1.0
http://ncicb.nci.nih.gov/xml/owl/EVS/Thesaurus.owl#C85217	http://purl.obolibrary.org/obo/DOID_0050439	1.0
http://ncicb.nci.nih.gov/xml/owl/EVS/Thesaurus.owl#C85218	http://purl.obolibrary.org/obo/DOID_12297	1.0
http://ncicb.nci.nih.gov/xml/owl/EVS/Thesaurus.owl#C85219	http://purl.obolibrary.org/obo/DOID_4346	1.0
http://ncicb.nci.nih.gov/xml/owl/EVS/Thesaurus.owl#C85222	http://purl.obolibrary.org/obo/DOID_9258	1.0
http://ncicb.nci.nih.gov/xml/owl/EVS/Thesaurus.owl#C85225	http://purl.obolibrary.org/obo/DOID_9931	1.0
http://ncicb.nci.nih.gov/xml/owl/EVS/Thesaurus.owl#C85226	http://purl.obolibrary.org/obo/DOID_0050475	1.0
http://ncicb.nci.nih.gov/xml/owl/EVS/Thesaurus.owl#C85227	http://purl.obolibrary.org/obo/DOID_10843	0.90436625
http://ncicb.nci.nih.gov/xml/owl/EVS/Thesaurus.owl#C85228	http://purl.obolibrary.org/obo/DOID_8476	1.0
http://ncicb.nci.nih.gov/xml/owl/EVS/Thesaurus.owl#C85238	http://purl.obolibrary.org/obo/DOID_0050468	1.0
http://ncicb.nci.nih.gov/xml/owl/EVS/Thesaurus.owl#C85239	http://purl.obolibrary.org/obo/DOID_905	1.0
http://ncicb.nci.nih.gov/xml/owl/EVS/Thesaurus.owl#C8525	http://purl.obolibrary.org/obo/DOID_5759	0.94171268
http://ncicb.nci.nih.gov/xml/owl/EVS/Thesaurus.owl#C8540	http://purl.obolibrary.org/obo/DOID_13081	0.99372691
http://ncicb.nci.nih.gov/xml/owl/EVS/Thesaurus.owl#C8541	http://purl.obolibrary.org/obo/DOID_256	0.95481426
http://ncicb.nci.nih.gov/xml/owl/EVS/Thesaurus.owl#C8562	http://purl.obolibrary.org/obo/DOID_1752	1.0
http://ncicb.nci.nih.gov/xml/owl/EVS/Thesaurus.owl#C8568	http://purl.obolibrary.org/obo/DOID_3542	0.94276065
http://ncicb.nci.nih.gov/xml/owl/EVS/Thesaurus.owl#C8574	http://purl.obolibrary.org/obo/DOID_0050908	0.910716
http://ncicb.nci.nih.gov/xml/owl/EVS/Thesaurus.owl#C8578	http://purl.obolibrary.org/obo/DOID_5509	1.0
http://ncicb.nci.nih.gov/xml/owl/EVS/Thesaurus.owl#C85861	http://purl.obolibrary.org/obo/DOID_14503	0.94589347
http://ncicb.nci.nih.gov/xml/owl/EVS/Thesaurus.owl#C85864	http://purl.obolibrary.org/obo/DOID_14503	0.94758826
http://ncicb.nci.nih.gov/xml/owl/EVS/Thesaurus.owl#C85865	http://purl.obolibrary.org/obo/DOID_0050735	0.95378715
http://ncicb.nci.nih.gov/xml/owl/EVS/Thesaurus.owl#C85874	http://purl.obolibrary.org/obo/DOID_10907	1.0
http://ncicb.nci.nih.gov/xml/owl/EVS/Thesaurus.owl#C8588	http://purl.obolibrary.org/obo/DOID_6084	0.97792941
http://ncicb.nci.nih.gov/xml/owl/EVS/Thesaurus.owl#C8591	http://purl.obolibrary.org/obo/DOID_5557	0.95540804
http://ncicb.nci.nih.gov/xml/owl/EVS/Thesaurus.owl#C8596	http://purl.obolibrary.org/obo/DOID_2066	1.0
http://ncicb.nci.nih.gov/xml/owl/EVS/Thesaurus.owl#C8601	http://purl.obolibrary.org/obo/DOID_8427	1.0
http://ncicb.nci.nih.gov/xml/owl/EVS/Thesaurus.owl#C8602	http://purl.obolibrary.org/obo/DOID_452	1.0
http://ncicb.nci.nih.gov/xml/owl/EVS/Thesaurus.owl#C8603	http://purl.obolibrary.org/obo/DOID_5975	0.94299912
http://ncicb.nci.nih.gov/xml/owl/EVS/Thesaurus.owl#C8612	http://purl.obolibrary.org/obo/DOID_0060117	1.0
http://ncicb.nci.nih.gov/xml/owl/EVS/Thesaurus.owl#C8614	http://purl.obolibrary.org/obo/DOID_3117	0.90912169
http://ncicb.nci.nih.gov/xml/owl/EVS/Thesaurus.owl#C8644	http://purl.obolibrary.org/obo/DOID_0080146	0.91568631
http://ncicb.nci.nih.gov/xml/owl/EVS/Thesaurus.owl#C86917	http://purl.obolibrary.org/obo/DOID_10610	0.92605734
http://ncicb.nci.nih.gov/xml/owl/EVS/Thesaurus.owl#C8696	http://purl.obolibrary.org/obo/DOID_7936	0.91106647
http://ncicb.nci.nih.gov/xml/owl/EVS/Thesaurus.owl#C8704	http://purl.obolibrary.org/obo/DOID_1788	1.0
http://ncicb.nci.nih.gov/xml/owl/EVS/Thesaurus.owl#C87069	http://purl.obolibrary.org/obo/DOID_674	1.0
http://ncicb.nci.nih.gov/xml/owl/EVS/Thesaurus.owl#C87072	http://purl.obolibrary.org/obo/DOID_10485	1.0
http://ncicb.nci.nih.gov/xml/owl/EVS/Thesaurus.owl#C87093	http://purl.obolibrary.org/obo/DOID_11049	1.0
http://ncicb.nci.nih.gov/xml/owl/EVS/Thesaurus.owl#C87101	http://purl.obolibrary.org/obo/DOID_9828	1.0
http://ncicb.nci.nih.gov/xml/owl/EVS/Thesaurus.owl#C8711	http://purl.obolibrary.org/obo/DOID_1909	0.93331403
http://ncicb.nci.nih.gov/xml/owl/EVS/Thesaurus.owl#C87110	http://purl.obolibrary.org/obo/DOID_1148	1.0
http://ncicb.nci.nih.gov/xml/owl/EVS/Thesaurus.owl#C8712	http://purl.obolibrary.org/obo/DOID_7428	1.0
http://ncicb.nci.nih.gov/xml/owl/EVS/Thesaurus.owl#C87121	http://purl.obolibrary.org/obo/DOID_758	1.0
http://ncicb.nci.nih.gov/xml/owl/EVS/Thesaurus.owl#C87125	http://purl.obolibrary.org/obo/DOID_11193	1.0
http://ncicb.nci.nih.gov/xml/owl/EVS/Thesaurus.owl#C8713	http://purl.obolibrary.org/obo/DOID_4650	1.0
http://ncicb.nci.nih.gov/xml/owl/EVS/Thesaurus.owl#C8714	http://purl.obolibrary.org/obo/DOID_4651	1.0
http://ncicb.nci.nih.gov/xml/owl/EVS/Thesaurus.owl#C8715	http://purl.obolibrary.org/obo/DOID_3674	0.94990408
http://ncicb.nci.nih.gov/xml/owl/EVS/Thesaurus.owl#C87167	http://purl.obolibrary.org/obo/DOID_13593	1.0
http://ncicb.nci.nih.gov/xml/owl/EVS/Thesaurus.owl#C8717	http://purl.obolibrary.org/obo/DOID_7293	1.0
http://ncicb.nci.nih.gov/xml/owl/EVS/Thesaurus.owl#C87175	http://purl.obolibrary.org/obo/DOID_9296	1.0
http://ncicb.nci.nih.gov/xml/owl/EVS/Thesaurus.owl#C8719	http://purl.obolibrary.org/obo/DOID_5533	1.0
http://ncicb.nci.nih.gov/xml/owl/EVS/Thesaurus.owl#C87497	http://purl.obolibrary.org/obo/DOID_631	1.0
http://ncicb.nci.nih.gov/xml/owl/EVS/Thesaurus.owl#C8778	http://purl.obolibrary.org/obo/DOID_5862	1.0
http://ncicb.nci.nih.gov/xml/owl/EVS/Thesaurus.owl#C8810	http://purl.obolibrary.org/obo/DOID_3357	0.97503006
http://ncicb.nci.nih.gov/xml/owl/EVS/Thesaurus.owl#C88411	http://purl.obolibrary.org/obo/DOID_10933	1.0
http://ncicb.nci.nih.gov/xml/owl/EVS/Thesaurus.owl#C88412	http://purl.obolibrary.org/obo/DOID_0060041	1.0
http://ncicb.nci.nih.gov/xml/owl/EVS/Thesaurus.owl#C88413	http://purl.obolibrary.org/obo/DOID_10939	1.0
http://ncicb.nci.nih.gov/xml/owl/EVS/Thesaurus.owl#C8851	http://purl.obolibrary.org/obo/DOID_0050745	1.0
http://ncicb.nci.nih.gov/xml/owl/EVS/Thesaurus.owl#C8863	http://purl.obolibrary.org/obo/DOID_0050748	0.93531156
http://ncicb.nci.nih.gov/xml/owl/EVS/Thesaurus.owl#C8881	http://purl.obolibrary.org/obo/DOID_4717	1.0
http://ncicb.nci.nih.gov/xml/owl/EVS/Thesaurus.owl#C8885	http://purl.obolibrary.org/obo/DOID_5677	0.93254381
http://ncicb.nci.nih.gov/xml/owl/EVS/Thesaurus.owl#C8893	http://purl.obolibrary.org/obo/DOID_2024	1.0
http://ncicb.nci.nih.gov/xml/owl/EVS/Thesaurus.owl#C89329	http://purl.obolibrary.org/obo/DOID_12995	1.0
http://ncicb.nci.nih.gov/xml/owl/EVS/Thesaurus.owl#C89332	http://purl.obolibrary.org/obo/DOID_8670	1.0
http://ncicb.nci.nih.gov/xml/owl/EVS/Thesaurus.owl#C89334	http://purl.obolibrary.org/obo/DOID_8927	0.94356388
http://ncicb.nci.nih.gov/xml/owl/EVS/Thesaurus.owl#C8955	http://purl.obolibrary.org/obo/DOID_14544	1.0
http://ncicb.nci.nih.gov/xml/owl/EVS/Thesaurus.owl#C8960	http://purl.obolibrary.org/obo/DOID_6244	0.94003391
http://ncicb.nci.nih.gov/xml/owl/EVS/Thesaurus.owl#C8964	http://purl.obolibrary.org/obo/DOID_315	0.94301224
http://ncicb.nci.nih.gov/xml/owl/EVS/Thesaurus.owl#C8965	http://purl.obolibrary.org/obo/DOID_1475	1.0
http://ncicb.nci.nih.gov/xml/owl/EVS/Thesaurus.owl#C8969	http://purl.obolibrary.org/obo/DOID_3347	0.9079169
http://ncicb.nci.nih.gov/xml/owl/EVS/Thesaurus.owl#C8970	http://purl.obolibrary.org/obo/DOID_6489	0.94598585
http://ncicb.nci.nih.gov/xml/owl/EVS/Thesaurus.owl#C8971	http://purl.obolibrary.org/obo/DOID_3246	1.0
http://ncicb.nci.nih.gov/xml/owl/EVS/Thesaurus.owl#C89715	http://purl.obolibrary.org/obo/DOID_6364	1.0
http://ncicb.nci.nih.gov/xml/owl/EVS/Thesaurus.owl#C8973	http://purl.obolibrary.org/obo/DOID_5169	0.95154452
http://ncicb.nci.nih.gov/xml/owl/EVS/Thesaurus.owl#C8978	http://purl.obolibrary.org/obo/DOID_2700	1.0
http://ncicb.nci.nih.gov/xml/owl/EVS/Thesaurus.owl#C8979	http://purl.obolibrary.org/obo/DOID_6468	1.0
http://ncicb.nci.nih.gov/xml/owl/EVS/Thesaurus.owl#C8984	http://purl.obolibrary.org/obo/DOID_2683	0.91418839
http://ncicb.nci.nih.gov/xml/owl/EVS/Thesaurus.owl#C8985	http://purl.obolibrary.org/obo/DOID_5482	1.0
http://ncicb.nci.nih.gov/xml/owl/EVS/Thesaurus.owl#C8986	http://purl.obolibrary.org/obo/DOID_5479	1.0
http://ncicb.nci.nih.gov/xml/owl/EVS/Thesaurus.owl#C8987	http://purl.obolibrary.org/obo/DOID_5477	1.0
http://ncicb.nci.nih.gov/xml/owl/EVS/Thesaurus.owl#C8988	http://purl.obolibrary.org/obo/DOID_5895	1.0
http://ncicb.nci.nih.gov/xml/owl/EVS/Thesaurus.owl#C8993	http://purl.obolibrary.org/obo/DOID_4939	1.0
http://ncicb.nci.nih.gov/xml/owl/EVS/Thesaurus.owl#C8997	http://purl.obolibrary.org/obo/DOID_0070003	1.0
http://ncicb.nci.nih.gov/xml/owl/EVS/Thesaurus.owl#C9003	http://purl.obolibrary.org/obo/DOID_656	0.96599108
http://ncicb.nci.nih.gov/xml/owl/EVS/Thesaurus.owl#C9006	http://purl.obolibrary.org/obo/DOID_6498	1.0
http://ncicb.nci.nih.gov/xml/owl/EVS/Thesaurus.owl#C9007	http://purl.obolibrary.org/obo/DOID_6945	1.0
http://ncicb.nci.nih.gov/xml/owl/EVS/Thesaurus.owl#C9009	http://purl.obolibrary.org/obo/DOID_7532	1.0
http://ncicb.nci.nih.gov/xml/owl/EVS/Thesaurus.owl#C9011	http://purl.obolibrary.org/obo/DOID_2658	1.0
http://ncicb.nci.nih.gov/xml/owl/EVS/Thesaurus.owl#C9012	http://purl.obolibrary.org/obo/DOID_7079	1.0
http://ncicb.nci.nih.gov/xml/owl/EVS/Thesaurus.owl#C9013	http://purl.obolibrary.org/obo/DOID_5565	1.0
http://ncicb.nci.nih.gov/xml/owl/EVS/Thesaurus.owl#C9014	http://purl.obolibrary.org/obo/DOID_2660	1.0
http://ncicb.nci.nih.gov/xml/owl/EVS/Thesaurus.owl#C9015	http://purl.obolibrary.org/obo/DOID_5566	1.0
http://ncicb.nci.nih.gov/xml/owl/EVS/Thesaurus.owl#C9022	http://purl.obolibrary.org/obo/DOID_7007	0.91091287
http://ncicb.nci.nih.gov/xml/owl/EVS/Thesaurus.owl#C9039	http://purl.obolibrary.org/obo/DOID_2893	0.97713339
http://ncicb.nci.nih.gov/xml/owl/EVS/Thesaurus.owl#C9041	http://purl.obolibrary.org/obo/DOID_7501	0.98242539
http://ncicb.nci.nih.gov/xml/owl/EVS/Thesaurus.owl#C9042	http://purl.obolibrary.org/obo/DOID_6383	1.0
http://ncicb.nci.nih.gov/xml/owl/EVS/Thesaurus.owl#C9043	http://purl.obolibrary.org/obo/DOID_7502	0.97690594
http://ncicb.nci.nih.gov/xml/owl/EVS/Thesaurus.owl#C9047	http://purl.obolibrary.org/obo/DOID_6938	0.97998482
http://ncicb.nci.nih.gov/xml/owl/EVS/Thesaurus.owl#C9048	http://purl.obolibrary.org/obo/DOID_7747	0.98474681
http://ncicb.nci.nih.gov/xml/owl/EVS/Thesaurus.owl#C9055	http://purl.obolibrary.org/obo/DOID_3999	1.0
http://ncicb.nci.nih.gov/xml/owl/EVS/Thesaurus.owl#C90598	http://purl.obolibrary.org/obo/DOID_3209	1.0
http://ncicb.nci.nih.gov/xml/owl/EVS/Thesaurus.owl#C9061	http://purl.obolibrary.org/obo/DOID_3449	0.95298713
http://ncicb.nci.nih.gov/xml/owl/EVS/Thesaurus.owl#C9063	http://purl.obolibrary.org/obo/DOID_5556	0.97699583
http://ncicb.nci.nih.gov/xml/owl/EVS/Thesaurus.owl#C9069	http://purl.obolibrary.org/obo/DOID_5580	0.94346666
http://ncicb.nci.nih.gov/xml/owl/EVS/Thesaurus.owl#C9080	http://purl.obolibrary.org/obo/DOID_7214	1.0
http://ncicb.nci.nih.gov/xml/owl/EVS/Thesaurus.owl#C9087	http://purl.obolibrary.org/obo/DOID_8632	1.0
http://ncicb.nci.nih.gov/xml/owl/EVS/Thesaurus.owl#C9088	http://purl.obolibrary.org/obo/DOID_6994	0.97093064
http://ncicb.nci.nih.gov/xml/owl/EVS/Thesaurus.owl#C9089	http://purl.obolibrary.org/obo/DOID_6566	1.0
http://ncicb.nci.nih.gov/xml/owl/EVS/Thesaurus.owl#C9090	http://purl.obolibrary.org/obo/DOID_6566	1.0
http://ncicb.nci.nih.gov/xml/owl/EVS/Thesaurus.owl#C9091	http://purl.obolibrary.org/obo/DOID_4813	1.0
http://ncicb.nci.nih.gov/xml/owl/EVS/Thesaurus.owl#C9106	http://purl.obolibrary.org/obo/DOID_734	0.90336144
http://ncicb.nci.nih.gov/xml/owl/EVS/Thesaurus.owl#C9118	http://purl.obolibrary.org/obo/DOID_1115	1.0
http://ncicb.nci.nih.gov/xml/owl/EVS/Thesaurus.owl#C9119	http://purl.obolibrary.org/obo/DOID_5605	1.0
http://ncicb.nci.nih.gov/xml/owl/EVS/Thesaurus.owl#C9120	http://purl.obolibrary.org/obo/DOID_3498	1.0
http://ncicb.nci.nih.gov/xml/owl/EVS/Thesaurus.owl#C9131	http://purl.obolibrary.org/obo/DOID_3610	1.0
http://ncicb.nci.nih.gov/xml/owl/EVS/Thesaurus.owl#C9133	http://purl.obolibrary.org/obo/DOID_4829	0.99397779
http://ncicb.nci.nih.gov/xml/owl/EVS/Thesaurus.owl#C9134	http://purl.obolibrary.org/obo/DOID_5592	1.0
http://ncicb.nci.nih.gov/xml/owl/EVS/Thesaurus.owl#C9135	http://purl.obolibrary.org/obo/DOID_6587	0.90936893
http://ncicb.nci.nih.gov/xml/owl/EVS/Thesaurus.owl#C9137	http://purl.obolibrary.org/obo/DOID_5421	0.93407929
http://ncicb.nci.nih.gov/xml/owl/EVS/Thesaurus.owl#C9140	http://purl.obolibrary.org/obo/DOID_0080146	0.9670319
http://ncicb.nci.nih.gov/xml/owl/EVS/Thesaurus.owl#C9143	http://purl.obolibrary.org/obo/DOID_0060592	1.0
http://ncicb.nci.nih.gov/xml/owl/EVS/Thesaurus.owl#C9145	http://purl.obolibrary.org/obo/DOID_3347	1.0
http://ncicb.nci.nih.gov/xml/owl/EVS/Thesaurus.owl#C9146	http://purl.obolibrary.org/obo/DOID_5189	0.93924153
http://ncicb.nci.nih.gov/xml/owl/EVS/Thesaurus.owl#C9147	http://purl.obolibrary.org/obo/DOID_5182	1.0
http://ncicb.nci.nih.gov/xml/owl/EVS/Thesaurus.owl#C9148	http://purl.obolibrary.org/obo/DOID_5191	1.0
http://ncicb.nci.nih.gov/xml/owl/EVS/Thesaurus.owl#C9149	http://purl.obolibrary.org/obo/DOID_5179	1.0
http://ncicb.nci.nih.gov/xml/owl/EVS/Thesaurus.owl#C9150	http://purl.obolibrary.org/obo/DOID_3255	0.95814824
http://ncicb.nci.nih.gov/xml/owl/EVS/Thesaurus.owl#C9151	http://purl.obolibrary.org/obo/DOID_6367	0.92275304
http://ncicb.nci.nih.gov/xml/owl/EVS/Thesaurus.owl#C9159	http://purl.obolibrary.org/obo/DOID_6217	1.0
http://ncicb.nci.nih.gov/xml/owl/EVS/Thesaurus.owl#C9161	http://purl.obolibrary.org/obo/DOID_5525	1.0
http://ncicb.nci.nih.gov/xml/owl/EVS/Thesaurus.owl#C9166	http://purl.obolibrary.org/obo/DOID_3500	1.0
http://ncicb.nci.nih.gov/xml/owl/EVS/Thesaurus.owl#C9168	http://purl.obolibrary.org/obo/DOID_7707	0.98616564
http://ncicb.nci.nih.gov/xml/owl/EVS/Thesaurus.owl#C9170	http://purl.obolibrary.org/obo/DOID_5535	1.0
http://ncicb.nci.nih.gov/xml/owl/EVS/Thesaurus.owl#C9174	http://purl.obolibrary.org/obo/DOID_4505	0.9719364
http://ncicb.nci.nih.gov/xml/owl/EVS/Thesaurus.owl#C9175	http://purl.obolibrary.org/obo/DOID_8437	0.98043281
http://ncicb.nci.nih.gov/xml/owl/EVS/Thesaurus.owl#C9180	http://purl.obolibrary.org/obo/DOID_6171	0.9598704
http://ncicb.nci.nih.gov/xml/owl/EVS/Thesaurus.owl#C9184	http://purl.obolibrary.org/obo/DOID_775	1.0
http://ncicb.nci.nih.gov/xml/owl/EVS/Thesaurus.owl#C9192	http://purl.obolibrary.org/obo/DOID_6170	1.0
http://ncicb.nci.nih.gov/xml/owl/EVS/Thesaurus.owl#C92188	http://purl.obolibrary.org/obo/DOID_4481	1.0
http://ncicb.nci.nih.gov/xml/owl/EVS/Thesaurus.owl#C92189	http://purl.obolibrary.org/obo/DOID_4481	0.91260016
http://ncicb.nci.nih.gov/xml/owl/EVS/Thesaurus.owl#C92191	http://purl.obolibrary.org/obo/DOID_507	1.0
http://ncicb.nci.nih.gov/xml/owl/EVS/Thesaurus.owl#C92196	http://purl.obolibrary.org/obo/DOID_1561	1.0
http://ncicb.nci.nih.gov/xml/owl/EVS/Thesaurus.owl#C92197	http://purl.obolibrary.org/obo/DOID_10935	1.0
http://ncicb.nci.nih.gov/xml/owl/EVS/Thesaurus.owl#C92198	http://purl.obolibrary.org/obo/DOID_1766	1.0
http://ncicb.nci.nih.gov/xml/owl/EVS/Thesaurus.owl#C92200	http://purl.obolibrary.org/obo/DOID_3324	1.0
http://ncicb.nci.nih.gov/xml/owl/EVS/Thesaurus.owl#C92202	http://purl.obolibrary.org/obo/DOID_1234	0.95361239
http://ncicb.nci.nih.gov/xml/owl/EVS/Thesaurus.owl#C92203	http://purl.obolibrary.org/obo/DOID_303	1.0
http://ncicb.nci.nih.gov/xml/owl/EVS/Thesaurus.owl#C9222	http://purl.obolibrary.org/obo/DOID_6163	0.9361552
http://ncicb.nci.nih.gov/xml/owl/EVS/Thesaurus.owl#C9224	http://purl.obolibrary.org/obo/DOID_11963	1.0
http://ncicb.nci.nih.gov/xml/owl/EVS/Thesaurus.owl#C9227	http://purl.obolibrary.org/obo/DOID_1924	1.0
http://ncicb.nci.nih.gov/xml/owl/EVS/Thesaurus.owl#C9231	http://purl.obolibrary.org/obo/DOID_3965	1.0
http://ncicb.nci.nih.gov/xml/owl/EVS/Thesaurus.owl#C9233	http://purl.obolibrary.org/obo/DOID_0050458	1.0
http://ncicb.nci.nih.gov/xml/owl/EVS/Thesaurus.owl#C9234	http://purl.obolibrary.org/obo/DOID_3637	0.98305416
http://ncicb.nci.nih.gov/xml/owl/EVS/Thesaurus.owl#C9235	http://purl.obolibrary.org/obo/DOID_349	1.0
http://ncicb.nci.nih.gov/xml/owl/EVS/Thesaurus.owl#C9242	http://purl.obolibrary.org/obo/DOID_219	0.93431205
http://ncicb.nci.nih.gov/xml/owl/EVS/Thesaurus.owl#C9245	http://purl.obolibrary.org/obo/DOID_3008	0.90828013
http://ncicb.nci.nih.gov/xml/owl/EVS/Thesaurus.owl#C92561	http://purl.obolibrary.org/obo/DOID_9923	1.0
http://ncicb.nci.nih.gov/xml/owl/EVS/Thesaurus.owl#C92562	http://purl.obolibrary.org/obo/DOID_11385	1.0
http://ncicb.nci.nih.gov/xml/owl/EVS/Thesaurus.owl#C92563	http://purl.obolibrary.org/obo/DOID_12685	1.0
http://ncicb.nci.nih.gov/xml/owl/EVS/Thesaurus.owl#C92565	http://purl.obolibrary.org/obo/DOID_0050856	1.0
http://ncicb.nci.nih.gov/xml/owl/EVS/Thesaurus.owl#C92567	http://purl.obolibrary.org/obo/DOID_11507	1.0
http://ncicb.nci.nih.gov/xml/owl/EVS/Thesaurus.owl#C92621	http://purl.obolibrary.org/obo/DOID_6088	1.0
http://ncicb.nci.nih.gov/xml/owl/EVS/Thesaurus.owl#C92622	http://purl.obolibrary.org/obo/DOID_14320	1.0
http://ncicb.nci.nih.gov/xml/owl/EVS/Thesaurus.owl#C92630	http://purl.obolibrary.org/obo/DOID_10938	1.0
http://ncicb.nci.nih.gov/xml/owl/EVS/Thesaurus.owl#C92631	http://purl.obolibrary.org/obo/DOID_10936	1.0
http://ncicb.nci.nih.gov/xml/owl/EVS/Thesaurus.owl#C92632	http://purl.obolibrary.org/obo/DOID_10646	1.0
http://ncicb.nci.nih.gov/xml/owl/EVS/Thesaurus.owl#C92633	http://purl.obolibrary.org/obo/DOID_10930	1.0
http://ncicb.nci.nih.gov/xml/owl/EVS/Thesaurus.owl#C92634	http://purl.obolibrary.org/obo/DOID_334	1.0
http://ncicb.nci.nih.gov/xml/owl/EVS/Thesaurus.owl#C92635	http://purl.obolibrary.org/obo/DOID_2745	1.0
http://ncicb.nci.nih.gov/xml/owl/EVS/Thesaurus.owl#C92636	http://purl.obolibrary.org/obo/DOID_1509	1.0
http://ncicb.nci.nih.gov/xml/owl/EVS/Thesaurus.owl#C92637	http://purl.obolibrary.org/obo/DOID_10931	1.0
http://ncicb.nci.nih.gov/xml/owl/EVS/Thesaurus.owl#C92638	http://purl.obolibrary.org/obo/DOID_10932	1.0
http://ncicb.nci.nih.gov/xml/owl/EVS/Thesaurus.owl#C9272	http://purl.obolibrary.org/obo/DOID_0050904	1.0
http://ncicb.nci.nih.gov/xml/owl/EVS/Thesaurus.owl#C92727	http://purl.obolibrary.org/obo/DOID_0050668	1.0
http://ncicb.nci.nih.gov/xml/owl/EVS/Thesaurus.owl#C9277	http://purl.obolibrary.org/obo/DOID_12286	1.0
http://ncicb.nci.nih.gov/xml/owl/EVS/Thesaurus.owl#C92780	http://purl.obolibrary.org/obo/DOID_0050696	1.0
http://ncicb.nci.nih.gov/xml/owl/EVS/Thesaurus.owl#C9281	http://purl.obolibrary.org/obo/DOID_6262	1.00000024
http://ncicb.nci.nih.gov/xml/owl/EVS/Thesaurus.owl#C9282	http://purl.obolibrary.org/obo/DOID_7848	1.0
http://ncicb.nci.nih.gov/xml/owl/EVS/Thesaurus.owl#C9285	http://purl.obolibrary.org/obo/DOID_4798	1.0
http://ncicb.nci.nih.gov/xml/owl/EVS/Thesaurus.owl#C92852	http://purl.obolibrary.org/obo/DOID_9478	1.0
http://ncicb.nci.nih.gov/xml/owl/EVS/Thesaurus.owl#C9286	http://purl.obolibrary.org/obo/DOID_4660	1.0
http://ncicb.nci.nih.gov/xml/owl/EVS/Thesaurus.owl#C9290	http://purl.obolibrary.org/obo/DOID_0070004	1.0
http://ncicb.nci.nih.gov/xml/owl/EVS/Thesaurus.owl#C9291	http://purl.obolibrary.org/obo/DOID_4908	1.0
http://ncicb.nci.nih.gov/xml/owl/EVS/Thesaurus.owl#C9293	http://purl.obolibrary.org/obo/DOID_3620	0.94494045
http://ncicb.nci.nih.gov/xml/owl/EVS/Thesaurus.owl#C9295	http://purl.obolibrary.org/obo/DOID_3664	1.0
http://ncicb.nci.nih.gov/xml/owl/EVS/Thesaurus.owl#C92950	http://purl.obolibrary.org/obo/DOID_7551	1.0
http://ncicb.nci.nih.gov/xml/owl/EVS/Thesaurus.owl#C9296	http://purl.obolibrary.org/obo/DOID_4944	1.0
http://ncicb.nci.nih.gov/xml/owl/EVS/Thesaurus.owl#C9297	http://purl.obolibrary.org/obo/DOID_3996	0.94448
http://ncicb.nci.nih.gov/xml/owl/EVS/Thesaurus.owl#C9300	http://purl.obolibrary.org/obo/DOID_12603	1.0
http://ncicb.nci.nih.gov/xml/owl/EVS/Thesaurus.owl#C9301	http://purl.obolibrary.org/obo/DOID_3234	1.0
http://ncicb.nci.nih.gov/xml/owl/EVS/Thesaurus.owl#C9303	http://purl.obolibrary.org/obo/DOID_4658	0.92469674
http://ncicb.nci.nih.gov/xml/owl/EVS/Thesaurus.owl#C93040	http://purl.obolibrary.org/obo/DOID_0050741	1.0
http://ncicb.nci.nih.gov/xml/owl/EVS/Thesaurus.owl#C93045	http://purl.obolibrary.org/obo/DOID_8442	1.0
http://ncicb.nci.nih.gov/xml/owl/EVS/Thesaurus.owl#C9305	http://purl.obolibrary.org/obo/DOID_162	1.0
http://ncicb.nci.nih.gov/xml/owl/EVS/Thesaurus.owl#C9306	http://purl.obolibrary.org/obo/DOID_1115	0.92329025
http://ncicb.nci.nih.gov/xml/owl/EVS/Thesaurus.owl#C9308	http://purl.obolibrary.org/obo/DOID_0060704	0.94916683
http://ncicb.nci.nih.gov/xml/owl/EVS/Thesaurus.owl#C9309	http://purl.obolibrary.org/obo/DOID_4440	1.0
http://ncicb.nci.nih.gov/xml/owl/EVS/Thesaurus.owl#C9313	http://purl.obolibrary.org/obo/DOID_4086	1.0
http://ncicb.nci.nih.gov/xml/owl/EVS/Thesaurus.owl#C9323	http://purl.obolibrary.org/obo/DOID_8660	0.93644476
http://ncicb.nci.nih.gov/xml/owl/EVS/Thesaurus.owl#C9325	http://purl.obolibrary.org/obo/DOID_3950	0.9420774
http://ncicb.nci.nih.gov/xml/owl/EVS/Thesaurus.owl#C93268	http://purl.obolibrary.org/obo/DOID_2129	1.0
http://ncicb.nci.nih.gov/xml/owl/EVS/Thesaurus.owl#C9327	http://purl.obolibrary.org/obo/DOID_660	0.95629656
http://ncicb.nci.nih.gov/xml/owl/EVS/Thesaurus.owl#C9328	http://purl.obolibrary.org/obo/DOID_10021	0.90184796
http://ncicb.nci.nih.gov/xml/owl/EVS/Thesaurus.owl#C9329	http://purl.obolibrary.org/obo/DOID_1521	0.94669074
http://ncicb.nci.nih.gov/xml/owl/EVS/Thesaurus.owl#C9330	http://purl.obolibrary.org/obo/DOID_4902	1.0
http://ncicb.nci.nih.gov/xml/owl/EVS/Thesaurus.owl#C9332	http://purl.obolibrary.org/obo/DOID_1357	0.95236933
http://ncicb.nci.nih.gov/xml/owl/EVS/Thesaurus.owl#C9333	http://purl.obolibrary.org/obo/DOID_11239	0.93785638
http://ncicb.nci.nih.gov/xml/owl/EVS/Thesaurus.owl#C9334	http://purl.obolibrary.org/obo/DOID_11054	0.93361557
http://ncicb.nci.nih.gov/xml/owl/EVS/Thesaurus.owl#C9336	http://purl.obolibrary.org/obo/DOID_4931	1.0
http://ncicb.nci.nih.gov/xml/owl/EVS/Thesaurus.owl#C9338	http://purl.obolibrary.org/obo/DOID_3953	0.91233081
http://ncicb.nci.nih.gov/xml/owl/EVS/Thesaurus.owl#C9341	http://purl.obolibrary.org/obo/DOID_3369	1.0
http://ncicb.nci.nih.gov/xml/owl/EVS/Thesaurus.owl#C9344	http://purl.obolibrary.org/obo/DOID_1664	1.0
http://ncicb.nci.nih.gov/xml/owl/EVS/Thesaurus.owl#C9346	http://purl.obolibrary.org/obo/DOID_11920	0.92525572
http://ncicb.nci.nih.gov/xml/owl/EVS/Thesaurus.owl#C9347	http://purl.obolibrary.org/obo/DOID_4876	0.9096126
http://ncicb.nci.nih.gov/xml/owl/EVS/Thesaurus.owl#C9348	http://purl.obolibrary.org/obo/DOID_355	1.0
http://ncicb.nci.nih.gov/xml/owl/EVS/Thesaurus.owl#C9349	http://purl.obolibrary.org/obo/DOID_3721	1.0
http://ncicb.nci.nih.gov/xml/owl/EVS/Thesaurus.owl#C9351	http://purl.obolibrary.org/obo/DOID_7474	0.94997233
http://ncicb.nci.nih.gov/xml/owl/EVS/Thesaurus.owl#C9356	http://purl.obolibrary.org/obo/DOID_14491	0.96894526
http://ncicb.nci.nih.gov/xml/owl/EVS/Thesaurus.owl#C9357	http://purl.obolibrary.org/obo/DOID_8567	1.0
http://ncicb.nci.nih.gov/xml/owl/EVS/Thesaurus.owl#C9359	http://purl.obolibrary.org/obo/DOID_4282	1.0
http://ncicb.nci.nih.gov/xml/owl/EVS/Thesaurus.owl#C9360	http://purl.obolibrary.org/obo/DOID_0080147	1.0
http://ncicb.nci.nih.gov/xml/owl/EVS/Thesaurus.owl#C9362	http://purl.obolibrary.org/obo/DOID_2401	0.95602709
http://ncicb.nci.nih.gov/xml/owl/EVS/Thesaurus.owl#C9363	http://purl.obolibrary.org/obo/DOID_13389	1.0
http://ncicb.nci.nih.gov/xml/owl/EVS/Thesaurus.owl#C9364	http://purl.obolibrary.org/obo/DOID_1293	1.0
http://ncicb.nci.nih.gov/xml/owl/EVS/Thesaurus.owl#C9370	http://purl.obolibrary.org/obo/DOID_4812	0.92175424
http://ncicb.nci.nih.gov/xml/owl/EVS/Thesaurus.owl#C9371	http://purl.obolibrary.org/obo/DOID_5921	0.95478028
http://ncicb.nci.nih.gov/xml/owl/EVS/Thesaurus.owl#C9372	http://purl.obolibrary.org/obo/DOID_7750	1.0
http://ncicb.nci.nih.gov/xml/owl/EVS/Thesaurus.owl#C9377	http://purl.obolibrary.org/obo/DOID_3187	1.0
http://ncicb.nci.nih.gov/xml/owl/EVS/Thesaurus.owl#C9383	http://purl.obolibrary.org/obo/DOID_1996	0.9242866
http://ncicb.nci.nih.gov/xml/owl/EVS/Thesaurus.owl#C9384	http://purl.obolibrary.org/obo/DOID_4451	1.0
http://ncicb.nci.nih.gov/xml/owl/EVS/Thesaurus.owl#C9385	http://purl.obolibrary.org/obo/DOID_4450	1.0
http://ncicb.nci.nih.gov/xml/owl/EVS/Thesaurus.owl#C9425	http://purl.obolibrary.org/obo/DOID_6197	1.0
http://ncicb.nci.nih.gov/xml/owl/EVS/Thesaurus.owl#C9426	http://purl.obolibrary.org/obo/DOID_4512	1.0
http://ncicb.nci.nih.gov/xml/owl/EVS/Thesaurus.owl#C9428	http://purl.obolibrary.org/obo/DOID_5253	1.0
http://ncicb.nci.nih.gov/xml/owl/EVS/Thesaurus.owl#C9429	http://purl.obolibrary.org/obo/DOID_3517	1.0
http://ncicb.nci.nih.gov/xml/owl/EVS/Thesaurus.owl#C9430	http://purl.obolibrary.org/obo/DOID_3507	0.928491
http://ncicb.nci.nih.gov/xml/owl/EVS/Thesaurus.owl#C94328	http://purl.obolibrary.org/obo/DOID_11037	1.0
http://ncicb.nci.nih.gov/xml/owl/EVS/Thesaurus.owl#C94331	http://purl.obolibrary.org/obo/DOID_11038	1.0
http://ncicb.nci.nih.gov/xml/owl/EVS/Thesaurus.owl#C94332	http://purl.obolibrary.org/obo/DOID_12401	1.0
http://ncicb.nci.nih.gov/xml/owl/EVS/Thesaurus.owl#C94333	http://purl.obolibrary.org/obo/DOID_12400	1.0
http://ncicb.nci.nih.gov/xml/owl/EVS/Thesaurus.owl#C94334	http://purl.obolibrary.org/obo/DOID_12402	1.0
http://ncicb.nci.nih.gov/xml/owl/EVS/Thesaurus.owl#C94335	http://purl.obolibrary.org/obo/DOID_12399	1.0
http://ncicb.nci.nih.gov/xml/owl/EVS/Thesaurus.owl#C94336	http://purl.obolibrary.org/obo/DOID_0050587	1.0
http://ncicb.nci.nih.gov/xml/owl/EVS/Thesaurus.owl#C94337	http://purl.obolibrary.org/obo/DOID_13868	1.0
http://ncicb.nci.nih.gov/xml/owl/EVS/Thesaurus.owl#C94349	http://purl.obolibrary.org/obo/DOID_13709	1.0
http://ncicb.nci.nih.gov/xml/owl/EVS/Thesaurus.owl#C94352	http://purl.obolibrary.org/obo/DOID_10236	1.0
http://ncicb.nci.nih.gov/xml/owl/EVS/Thesaurus.owl#C94353	http://purl.obolibrary.org/obo/DOID_1235	1.0
http://ncicb.nci.nih.gov/xml/owl/EVS/Thesaurus.owl#C94355	http://purl.obolibrary.org/obo/DOID_13351	1.0
http://ncicb.nci.nih.gov/xml/owl/EVS/Thesaurus.owl#C94356	http://purl.obolibrary.org/obo/DOID_10849	1.0
http://ncicb.nci.nih.gov/xml/owl/EVS/Thesaurus.owl#C94358	http://purl.obolibrary.org/obo/DOID_10817	1.0
http://ncicb.nci.nih.gov/xml/owl/EVS/Thesaurus.owl#C94359	http://purl.obolibrary.org/obo/DOID_1235	0.90861893
http://ncicb.nci.nih.gov/xml/owl/EVS/Thesaurus.owl#C94360	http://purl.obolibrary.org/obo/DOID_10834	1.0
http://ncicb.nci.nih.gov/xml/owl/EVS/Thesaurus.owl#C94362	http://purl.obolibrary.org/obo/DOID_1234	1.0
http://ncicb.nci.nih.gov/xml/owl/EVS/Thesaurus.owl#C94376	http://purl.obolibrary.org/obo/DOID_11328	1.0
http://ncicb.nci.nih.gov/xml/owl/EVS/Thesaurus.owl#C94378	http://purl.obolibrary.org/obo/DOID_5418	1.0
http://ncicb.nci.nih.gov/xml/owl/EVS/Thesaurus.owl#C94379	http://purl.obolibrary.org/obo/DOID_778	1.0
http://ncicb.nci.nih.gov/xml/owl/EVS/Thesaurus.owl#C9438	http://purl.obolibrary.org/obo/DOID_783	0.91190761
http://ncicb.nci.nih.gov/xml/owl/EVS/Thesaurus.owl#C94407	http://purl.obolibrary.org/obo/DOID_2965	1.0
http://ncicb.nci.nih.gov/xml/owl/EVS/Thesaurus.owl#C94408	http://purl.obolibrary.org/obo/DOID_4409	1.0
http://ncicb.nci.nih.gov/xml/owl/EVS/Thesaurus.owl#C94409	http://purl.obolibrary.org/obo/DOID_8643	1.0
http://ncicb.nci.nih.gov/xml/owl/EVS/Thesaurus.owl#C94575	http://purl.obolibrary.org/obo/DOID_8596	1.0
http://ncicb.nci.nih.gov/xml/owl/EVS/Thesaurus.owl#C9460	http://purl.obolibrary.org/obo/DOID_2962	1.0
http://ncicb.nci.nih.gov/xml/owl/EVS/Thesaurus.owl#C9461	http://purl.obolibrary.org/obo/DOID_7132	0.95548731
http://ncicb.nci.nih.gov/xml/owl/EVS/Thesaurus.owl#C9462	http://purl.obolibrary.org/obo/DOID_4869	1.0
http://ncicb.nci.nih.gov/xml/owl/EVS/Thesaurus.owl#C9463	http://purl.obolibrary.org/obo/DOID_4688	1.0
http://ncicb.nci.nih.gov/xml/owl/EVS/Thesaurus.owl#C9468	http://purl.obolibrary.org/obo/DOID_8354	1.0
http://ncicb.nci.nih.gov/xml/owl/EVS/Thesaurus.owl#C9469	http://purl.obolibrary.org/obo/DOID_8158	1.0
http://ncicb.nci.nih.gov/xml/owl/EVS/Thesaurus.owl#C9474	http://purl.obolibrary.org/obo/DOID_1974	1.0
http://ncicb.nci.nih.gov/xml/owl/EVS/Thesaurus.owl#C9475	http://purl.obolibrary.org/obo/DOID_4848	1.0
http://ncicb.nci.nih.gov/xml/owl/EVS/Thesaurus.owl#C9477	http://purl.obolibrary.org/obo/DOID_3078	1.0
http://ncicb.nci.nih.gov/xml/owl/EVS/Thesaurus.owl#C9482	http://purl.obolibrary.org/obo/DOID_2602	0.94047821
http://ncicb.nci.nih.gov/xml/owl/EVS/Thesaurus.owl#C94829	http://purl.obolibrary.org/obo/DOID_14464	1.0
http://ncicb.nci.nih.gov/xml/owl/EVS/Thesaurus.owl#C94830	http://purl.obolibrary.org/obo/DOID_11202	0.90879846
http://ncicb.nci.nih.gov/xml/owl/EVS/Thesaurus.owl#C9497	http://purl.obolibrary.org/obo/DOID_3868	0.98532569
http://ncicb.nci.nih.gov/xml/owl/EVS/Thesaurus.owl#C9499	http://purl.obolibrary.org/obo/DOID_7206	1.0
http://ncicb.nci.nih.gov/xml/owl/EVS/Thesaurus.owl#C9503	http://purl.obolibrary.org/obo/DOID_6641	1.0
http://ncicb.nci.nih.gov/xml/owl/EVS/Thesaurus.owl#C9505	http://purl.obolibrary.org/obo/DOID_2679	1.0
http://ncicb.nci.nih.gov/xml/owl/EVS/Thesaurus.owl#C95071	http://purl.obolibrary.org/obo/DOID_535	0.92443162
http://ncicb.nci.nih.gov/xml/owl/EVS/Thesaurus.owl#C95404	http://purl.obolibrary.org/obo/DOID_4148	0.90882653
http://ncicb.nci.nih.gov/xml/owl/EVS/Thesaurus.owl#C95437	http://purl.obolibrary.org/obo/DOID_2913	1.0
http://ncicb.nci.nih.gov/xml/owl/EVS/Thesaurus.owl#C95504	http://purl.obolibrary.org/obo/DOID_0110031	1.0
http://ncicb.nci.nih.gov/xml/owl/EVS/Thesaurus.owl#C95595	http://purl.obolibrary.org/obo/DOID_4432	1.0
http://ncicb.nci.nih.gov/xml/owl/EVS/Thesaurus.owl#C95596	http://purl.obolibrary.org/obo/DOID_5580	1.0
http://ncicb.nci.nih.gov/xml/owl/EVS/Thesaurus.owl#C95598	http://purl.obolibrary.org/obo/DOID_3892	0.97805172
http://ncicb.nci.nih.gov/xml/owl/EVS/Thesaurus.owl#C95616	http://purl.obolibrary.org/obo/DOID_5784	1.0
http://ncicb.nci.nih.gov/xml/owl/EVS/Thesaurus.owl#C95804	http://purl.obolibrary.org/obo/DOID_13001	0.98446143
http://ncicb.nci.nih.gov/xml/owl/EVS/Thesaurus.owl#C95834	http://purl.obolibrary.org/obo/DOID_1682	1.0
http://ncicb.nci.nih.gov/xml/owl/EVS/Thesaurus.owl#C95871	http://purl.obolibrary.org/obo/DOID_4715	0.98723954
http://ncicb.nci.nih.gov/xml/owl/EVS/Thesaurus.owl#C96061	http://purl.obolibrary.org/obo/DOID_4434	0.97781003
http://ncicb.nci.nih.gov/xml/owl/EVS/Thesaurus.owl#C96230	http://purl.obolibrary.org/obo/DOID_7138	1.0
http://ncicb.nci.nih.gov/xml/owl/EVS/Thesaurus.owl#C96406	http://purl.obolibrary.org/obo/DOID_8622	1.0
http://ncicb.nci.nih.gov/xml/owl/EVS/Thesaurus.owl#C96407	http://purl.obolibrary.org/obo/DOID_8536	0.92346936
http://ncicb.nci.nih.gov/xml/owl/EVS/Thesaurus.owl#C96410	http://purl.obolibrary.org/obo/DOID_4428	1.0
http://ncicb.nci.nih.gov/xml/owl/EVS/Thesaurus.owl#C96422	http://purl.obolibrary.org/obo/DOID_0050911	0.92076218
http://ncicb.nci.nih.gov/xml/owl/EVS/Thesaurus.owl#C96477	http://purl.obolibrary.org/obo/DOID_0050915	0.90172702
http://ncicb.nci.nih.gov/xml/owl/EVS/Thesaurus.owl#C96479	http://purl.obolibrary.org/obo/DOID_0050912	0.90070796
http://ncicb.nci.nih.gov/xml/owl/EVS/Thesaurus.owl#C96498	http://purl.obolibrary.org/obo/DOID_1523	0.92753965
http://ncicb.nci.nih.gov/xml/owl/EVS/Thesaurus.owl#C96510	http://purl.obolibrary.org/obo/DOID_6804	0.9517926
http://ncicb.nci.nih.gov/xml/owl/EVS/Thesaurus.owl#C96540	http://purl.obolibrary.org/obo/DOID_5545	0.95181483
http://ncicb.nci.nih.gov/xml/owl/EVS/Thesaurus.owl#C96716	http://purl.obolibrary.org/obo/DOID_4138	0.98154837
http://ncicb.nci.nih.gov/xml/owl/EVS/Thesaurus.owl#C96804	http://purl.obolibrary.org/obo/DOID_4928	0.92354214
http://ncicb.nci.nih.gov/xml/owl/EVS/Thesaurus.owl#C96839	http://purl.obolibrary.org/obo/DOID_271	0.93895322
http://ncicb.nci.nih.gov/xml/owl/EVS/Thesaurus.owl#C96963	http://purl.obolibrary.org/obo/DOID_0050922	0.91500092
http://ncicb.nci.nih.gov/xml/owl/EVS/Thesaurus.owl#C97041	http://purl.obolibrary.org/obo/DOID_172	1.0
http://ncicb.nci.nih.gov/xml/owl/EVS/Thesaurus.owl#C97074	http://purl.obolibrary.org/obo/DOID_12971	1.0
http://ncicb.nci.nih.gov/xml/owl/EVS/Thesaurus.owl#C97077	http://purl.obolibrary.org/obo/DOID_0050698	1.0
http://ncicb.nci.nih.gov/xml/owl/EVS/Thesaurus.owl#C97083	http://purl.obolibrary.org/obo/DOID_5362	1.0
http://ncicb.nci.nih.gov/xml/owl/EVS/Thesaurus.owl#C97085	http://purl.obolibrary.org/obo/DOID_519	1.0
http://ncicb.nci.nih.gov/xml/owl/EVS/Thesaurus.owl#C97089	http://purl.obolibrary.org/obo/DOID_0050013	0.98003078
http://ncicb.nci.nih.gov/xml/owl/EVS/Thesaurus.owl#C97090	http://purl.obolibrary.org/obo/DOID_9252	0.94753706
http://ncicb.nci.nih.gov/xml/owl/EVS/Thesaurus.owl#C97092	http://purl.obolibrary.org/obo/DOID_3146	1.0
http://ncicb.nci.nih.gov/xml/owl/EVS/Thesaurus.owl#C97093	http://purl.obolibrary.org/obo/DOID_811	1.0
http://ncicb.nci.nih.gov/xml/owl/EVS/Thesaurus.owl#C97095	http://purl.obolibrary.org/obo/DOID_2485	0.98570067
http://ncicb.nci.nih.gov/xml/owl/EVS/Thesaurus.owl#C97096	http://purl.obolibrary.org/obo/DOID_13268	1.0
http://ncicb.nci.nih.gov/xml/owl/EVS/Thesaurus.owl#C97109	http://purl.obolibrary.org/obo/DOID_1432	1.0
http://ncicb.nci.nih.gov/xml/owl/EVS/Thesaurus.owl#C97132	http://purl.obolibrary.org/obo/DOID_8659	0.93980759
http://ncicb.nci.nih.gov/xml/owl/EVS/Thesaurus.owl#C97136	http://purl.obolibrary.org/obo/DOID_8881	1.0
http://ncicb.nci.nih.gov/xml/owl/EVS/Thesaurus.owl#C97141	http://purl.obolibrary.org/obo/DOID_971	0.91869617
http://ncicb.nci.nih.gov/xml/owl/EVS/Thesaurus.owl#C97145	http://purl.obolibrary.org/obo/DOID_2518	1.0
http://ncicb.nci.nih.gov/xml/owl/EVS/Thesaurus.owl#C97155	http://purl.obolibrary.org/obo/DOID_93	1.0
http://ncicb.nci.nih.gov/xml/owl/EVS/Thesaurus.owl#C97159	http://purl.obolibrary.org/obo/DOID_0050432	1.0
http://ncicb.nci.nih.gov/xml/owl/EVS/Thesaurus.owl#C97160	http://purl.obolibrary.org/obo/DOID_1094	1.0
http://ncicb.nci.nih.gov/xml/owl/EVS/Thesaurus.owl#C97161	http://purl.obolibrary.org/obo/DOID_12849	1.0
http://ncicb.nci.nih.gov/xml/owl/EVS/Thesaurus.owl#C97165	http://purl.obolibrary.org/obo/DOID_12568	1.0
http://ncicb.nci.nih.gov/xml/owl/EVS/Thesaurus.owl#C97167	http://purl.obolibrary.org/obo/DOID_11243	1.0
http://ncicb.nci.nih.gov/xml/owl/EVS/Thesaurus.owl#C97168	http://purl.obolibrary.org/obo/DOID_0050670	1.0
http://ncicb.nci.nih.gov/xml/owl/EVS/Thesaurus.owl#C97172	http://purl.obolibrary.org/obo/DOID_2490	0.93127263
http://ncicb.nci.nih.gov/xml/owl/EVS/Thesaurus.owl#C97177	http://purl.obolibrary.org/obo/DOID_0050673	1.0
http://ncicb.nci.nih.gov/xml/owl/EVS/Thesaurus.owl#C97179	http://purl.obolibrary.org/obo/DOID_0060040	1.0
http://ncicb.nci.nih.gov/xml/owl/EVS/Thesaurus.owl#C97193	http://purl.obolibrary.org/obo/DOID_594	0.95045656
http://ncicb.nci.nih.gov/xml/owl/EVS/Thesaurus.owl#C97194	http://purl.obolibrary.org/obo/DOID_594	0.93589675
http://ncicb.nci.nih.gov/xml/owl/EVS/Thesaurus.owl#C97250	http://purl.obolibrary.org/obo/DOID_1059	1.0
http://ncicb.nci.nih.gov/xml/owl/EVS/Thesaurus.owl#C98130	http://purl.obolibrary.org/obo/DOID_2236	0.94642442
http://ncicb.nci.nih.gov/xml/owl/EVS/Thesaurus.owl#C98576	http://purl.obolibrary.org/obo/DOID_0110340	1.0
http://ncicb.nci.nih.gov/xml/owl/EVS/Thesaurus.owl#C98583	http://purl.obolibrary.org/obo/DOID_13481	0.91969329
http://ncicb.nci.nih.gov/xml/owl/EVS/Thesaurus.owl#C98585	http://purl.obolibrary.org/obo/DOID_4297	1.0
http://ncicb.nci.nih.gov/xml/owl/EVS/Thesaurus.owl#C98634	http://purl.obolibrary.org/obo/DOID_0060313	1.0
http://ncicb.nci.nih.gov/xml/owl/EVS/Thesaurus.owl#C98640	http://purl.obolibrary.org/obo/DOID_9275	1.0
http://ncicb.nci.nih.gov/xml/owl/EVS/Thesaurus.owl#C98641	http://purl.obolibrary.org/obo/DOID_0050726	1.0
http://ncicb.nci.nih.gov/xml/owl/EVS/Thesaurus.owl#C98647	http://purl.obolibrary.org/obo/DOID_0080155	1.0
http://ncicb.nci.nih.gov/xml/owl/EVS/Thesaurus.owl#C98670	http://purl.obolibrary.org/obo/DOID_13137	1.0
http://ncicb.nci.nih.gov/xml/owl/EVS/Thesaurus.owl#C98678	http://purl.obolibrary.org/obo/DOID_0060336	1.0
http://ncicb.nci.nih.gov/xml/owl/EVS/Thesaurus.owl#C98683	http://purl.obolibrary.org/obo/DOID_0110002	1.0
http://ncicb.nci.nih.gov/xml/owl/EVS/Thesaurus.owl#C98813	http://purl.obolibrary.org/obo/DOID_0060850	1.0
http://ncicb.nci.nih.gov/xml/owl/EVS/Thesaurus.owl#C98828	http://purl.obolibrary.org/obo/DOID_10486	0.9002915
http://ncicb.nci.nih.gov/xml/owl/EVS/Thesaurus.owl#C98841	http://purl.obolibrary.org/obo/DOID_14723	1.0
http://ncicb.nci.nih.gov/xml/owl/EVS/Thesaurus.owl#C98842	http://purl.obolibrary.org/obo/DOID_859	1.0
http://ncicb.nci.nih.gov/xml/owl/EVS/Thesaurus.owl#C98863	http://purl.obolibrary.org/obo/DOID_0080154	0.90047485
http://ncicb.nci.nih.gov/xml/owl/EVS/Thesaurus.owl#C98871	http://purl.obolibrary.org/obo/DOID_0090129	1.0
http://ncicb.nci.nih.gov/xml/owl/EVS/Thesaurus.owl#C98873	http://purl.obolibrary.org/obo/DOID_0060234	1.0
http://ncicb.nci.nih.gov/xml/owl/EVS/Thesaurus.owl#C98876	http://purl.obolibrary.org/obo/DOID_10908	0.93982881
http://ncicb.nci.nih.gov/xml/owl/EVS/Thesaurus.owl#C98877	http://purl.obolibrary.org/obo/DOID_12270	0.914671
http://ncicb.nci.nih.gov/xml/owl/EVS/Thesaurus.owl#C98893	http://purl.obolibrary.org/obo/DOID_3827	1.0
http://ncicb.nci.nih.gov/xml/owl/EVS/Thesaurus.owl#C98894	http://purl.obolibrary.org/obo/DOID_9955	1.0
http://ncicb.nci.nih.gov/xml/owl/EVS/Thesaurus.owl#C98898	http://purl.obolibrary.org/obo/DOID_10783	0.93648392
http://ncicb.nci.nih.gov/xml/owl/EVS/Thesaurus.owl#C98916	http://purl.obolibrary.org/obo/DOID_6406	1.0
http://ncicb.nci.nih.gov/xml/owl/EVS/Thesaurus.owl#C98920	http://purl.obolibrary.org/obo/DOID_2034	1.0
http://ncicb.nci.nih.gov/xml/owl/EVS/Thesaurus.owl#C98922	http://purl.obolibrary.org/obo/DOID_12929	1.0
http://ncicb.nci.nih.gov/xml/owl/EVS/Thesaurus.owl#C98930	http://purl.obolibrary.org/obo/DOID_0060471	1.0
http://ncicb.nci.nih.gov/xml/owl/EVS/Thesaurus.owl#C98931	http://purl.obolibrary.org/obo/DOID_0050646	1.0
http://ncicb.nci.nih.gov/xml/owl/EVS/Thesaurus.owl#C98933	http://purl.obolibrary.org/obo/DOID_2862	0.91962862
http://ncicb.nci.nih.gov/xml/owl/EVS/Thesaurus.owl#C98934	http://purl.obolibrary.org/obo/DOID_0060713	1.0
http://ncicb.nci.nih.gov/xml/owl/EVS/Thesaurus.owl#C98938	http://purl.obolibrary.org/obo/DOID_2216	0.9393056
http://ncicb.nci.nih.gov/xml/owl/EVS/Thesaurus.owl#C98940	http://purl.obolibrary.org/obo/DOID_2222	0.95836771
http://ncicb.nci.nih.gov/xml/owl/EVS/Thesaurus.owl#C98944	http://purl.obolibrary.org/obo/DOID_0050833	0.96082962
http://ncicb.nci.nih.gov/xml/owl/EVS/Thesaurus.owl#C98945	http://purl.obolibrary.org/obo/DOID_12642	1.0
http://ncicb.nci.nih.gov/xml/owl/EVS/Thesaurus.owl#C98949	http://purl.obolibrary.org/obo/DOID_4626	1.0
http://ncicb.nci.nih.gov/xml/owl/EVS/Thesaurus.owl#C98952	http://purl.obolibrary.org/obo/DOID_12638	1.0
http://ncicb.nci.nih.gov/xml/owl/EVS/Thesaurus.owl#C98964	http://purl.obolibrary.org/obo/DOID_14753	1.0
http://ncicb.nci.nih.gov/xml/owl/EVS/Thesaurus.owl#C98967	http://purl.obolibrary.org/obo/DOID_10426	1.0
http://ncicb.nci.nih.gov/xml/owl/EVS/Thesaurus.owl#C98978	http://purl.obolibrary.org/obo/DOID_0050778	1.0
http://ncicb.nci.nih.gov/xml/owl/EVS/Thesaurus.owl#C98986	http://purl.obolibrary.org/obo/DOID_14749	1.0
http://ncicb.nci.nih.gov/xml/owl/EVS/Thesaurus.owl#C98989	http://purl.obolibrary.org/obo/DOID_10629	1.0
http://ncicb.nci.nih.gov/xml/owl/EVS/Thesaurus.owl#C98997	http://purl.obolibrary.org/obo/DOID_0060327	1.0
http://ncicb.nci.nih.gov/xml/owl/EVS/Thesaurus.owl#C99000	http://purl.obolibrary.org/obo/DOID_11234	1.0
http://ncicb.nci.nih.gov/xml/owl/EVS/Thesaurus.owl#C99001	http://purl.obolibrary.org/obo/DOID_0110341	1.0
http://ncicb.nci.nih.gov/xml/owl/EVS/Thesaurus.owl#C99002	http://purl.obolibrary.org/obo/DOID_0110339	1.0
http://ncicb.nci.nih.gov/xml/owl/EVS/Thesaurus.owl#C99003	http://purl.obolibrary.org/obo/DOID_0110334	1.0
http://ncicb.nci.nih.gov/xml/owl/EVS/Thesaurus.owl#C99013	http://purl.obolibrary.org/obo/DOID_13088	1.0
http://ncicb.nci.nih.gov/xml/owl/EVS/Thesaurus.owl#C99025	http://purl.obolibrary.org/obo/DOID_3756	0.9774937
http://ncicb.nci.nih.gov/xml/owl/EVS/Thesaurus.owl#C99026	http://purl.obolibrary.org/obo/DOID_2451	0.96624297
http://ncicb.nci.nih.gov/xml/owl/EVS/Thesaurus.owl#C99027	http://purl.obolibrary.org/obo/DOID_4184	1.0
http://ncicb.nci.nih.gov/xml/owl/EVS/Thesaurus.owl#C99041	http://purl.obolibrary.org/obo/DOID_14766	1.0
http://ncicb.nci.nih.gov/xml/owl/EVS/Thesaurus.owl#C99059	http://purl.obolibrary.org/obo/DOID_10605	1.0
http://ncicb.nci.nih.gov/xml/owl/EVS/Thesaurus.owl#C99080	http://purl.obolibrary.org/obo/DOID_1089	1.0
http://ncicb.nci.nih.gov/xml/owl/EVS/Thesaurus.owl#C99085	http://purl.obolibrary.org/obo/DOID_0050887	1.0
http://ncicb.nci.nih.gov/xml/owl/EVS/Thesaurus.owl#C99088	http://purl.obolibrary.org/obo/DOID_8504	1.0
http://ncicb.nci.nih.gov/xml/owl/EVS/Thesaurus.owl#C99090	http://purl.obolibrary.org/obo/DOID_0060317	1.0
http://ncicb.nci.nih.gov/xml/owl/EVS/Thesaurus.owl#C99105	http://purl.obolibrary.org/obo/DOID_14679	1.0
http://ncicb.nci.nih.gov/xml/owl/EVS/Thesaurus.owl#C99109	http://purl.obolibrary.org/obo/DOID_0050560	1.0
http://ncicb.nci.nih.gov/xml/owl/EVS/Thesaurus.owl#C99248	http://purl.obolibrary.org/obo/DOID_11717	1.0
http://ncicb.nci.nih.gov/xml/owl/EVS/Thesaurus.owl#C99383	http://purl.obolibrary.org/obo/DOID_438	0.98449075
