SrcEntity	TgtEntity	Score
http://snomed.info/id/10060008	http://ncicb.nci.nih.gov/xml/owl/EVS/Thesaurus.owl#C4173	1.0
http://snomed.info/id/10069009	http://ncicb.nci.nih.gov/xml/owl/EVS/Thesaurus.owl#C4304	0.9797703
http://snomed.info/id/100721000119109	http://ncicb.nci.nih.gov/xml/owl/EVS/Thesaurus.owl#C102897	0.91615605
http://snomed.info/id/100731000119107	http://ncicb.nci.nih.gov/xml/owl/EVS/Thesaurus.owl#C116342	0.97622645
http://snomed.info/id/1010633008	http://ncicb.nci.nih.gov/xml/owl/EVS/Thesaurus.owl#C54400	0.92551601
http://snomed.info/id/1010656004	http://ncicb.nci.nih.gov/xml/owl/EVS/Thesaurus.owl#C167265	0.91444445
http://snomed.info/id/1010659006	http://ncicb.nci.nih.gov/xml/owl/EVS/Thesaurus.owl#C6645	0.9369719
http://snomed.info/id/1010660001	http://ncicb.nci.nih.gov/xml/owl/EVS/Thesaurus.owl#C6026	0.92390943
http://snomed.info/id/1010674008	http://ncicb.nci.nih.gov/xml/owl/EVS/Thesaurus.owl#C54360	0.90732223
http://snomed.info/id/101351000119105	http://ncicb.nci.nih.gov/xml/owl/EVS/Thesaurus.owl#C4302	0.98065287
http://snomed.info/id/101391000119100	http://ncicb.nci.nih.gov/xml/owl/EVS/Thesaurus.owl#C2945	0.92367017
http://snomed.info/id/101571000119107	http://ncicb.nci.nih.gov/xml/owl/EVS/Thesaurus.owl#C156462	0.95990616
http://snomed.info/id/10288008	http://ncicb.nci.nih.gov/xml/owl/EVS/Thesaurus.owl#C27084	1.0
http://snomed.info/id/10291008	http://ncicb.nci.nih.gov/xml/owl/EVS/Thesaurus.owl#C4234	0.90558648
http://snomed.info/id/103511000119103	http://ncicb.nci.nih.gov/xml/owl/EVS/Thesaurus.owl#C9499	0.93786508
http://snomed.info/id/103678008	http://ncicb.nci.nih.gov/xml/owl/EVS/Thesaurus.owl#C4069	0.94626701
http://snomed.info/id/103682005	http://ncicb.nci.nih.gov/xml/owl/EVS/Thesaurus.owl#C6918	0.96910381
http://snomed.info/id/103686008	http://ncicb.nci.nih.gov/xml/owl/EVS/Thesaurus.owl#C150495	1.0
http://snomed.info/id/103689001	http://ncicb.nci.nih.gov/xml/owl/EVS/Thesaurus.owl#C8460	0.99476516
http://snomed.info/id/103690005	http://ncicb.nci.nih.gov/xml/owl/EVS/Thesaurus.owl#C3249	1.0
http://snomed.info/id/103691009	http://ncicb.nci.nih.gov/xml/owl/EVS/Thesaurus.owl#C3250	1.0
http://snomed.info/id/10376009	http://ncicb.nci.nih.gov/xml/owl/EVS/Thesaurus.owl#C65163	1.0
http://snomed.info/id/104081000119103	http://ncicb.nci.nih.gov/xml/owl/EVS/Thesaurus.owl#C3793	0.97222877
http://snomed.info/id/10438002	http://ncicb.nci.nih.gov/xml/owl/EVS/Thesaurus.owl#C3060	1.0
http://snomed.info/id/104981000119104	http://ncicb.nci.nih.gov/xml/owl/EVS/Thesaurus.owl#C9377	0.97016156
http://snomed.info/id/105121000119102	http://ncicb.nci.nih.gov/xml/owl/EVS/Thesaurus.owl#C7736	0.94138777
http://snomed.info/id/10623005	http://ncicb.nci.nih.gov/xml/owl/EVS/Thesaurus.owl#C34609	0.96776283
http://snomed.info/id/10639003	http://ncicb.nci.nih.gov/xml/owl/EVS/Thesaurus.owl#C7812	1.0
http://snomed.info/id/10705005	http://ncicb.nci.nih.gov/xml/owl/EVS/Thesaurus.owl#C8978	1.0
http://snomed.info/id/10708511000119108	http://ncicb.nci.nih.gov/xml/owl/EVS/Thesaurus.owl#C3552	0.91338593
http://snomed.info/id/107561000119107	http://ncicb.nci.nih.gov/xml/owl/EVS/Thesaurus.owl#C5098	0.98082483
http://snomed.info/id/107581000119103	http://ncicb.nci.nih.gov/xml/owl/EVS/Thesaurus.owl#C7445	0.98035407
http://snomed.info/id/107691000119101	http://ncicb.nci.nih.gov/xml/owl/EVS/Thesaurus.owl#C9313	0.97285223
http://snomed.info/id/107694002	http://ncicb.nci.nih.gov/xml/owl/EVS/Thesaurus.owl#C48314	1.0
http://snomed.info/id/107791000119107	http://ncicb.nci.nih.gov/xml/owl/EVS/Thesaurus.owl#C114656	0.90900248
http://snomed.info/id/1078227006	http://ncicb.nci.nih.gov/xml/owl/EVS/Thesaurus.owl#C27876	0.95683903
http://snomed.info/id/1082601000112109	http://ncicb.nci.nih.gov/xml/owl/EVS/Thesaurus.owl#C150597	0.93748361
http://snomed.info/id/1082701000112100	http://ncicb.nci.nih.gov/xml/owl/EVS/Thesaurus.owl#C160920	0.98828816
http://snomed.info/id/108369006	http://ncicb.nci.nih.gov/xml/owl/EVS/Thesaurus.owl#C3262	1.0
http://snomed.info/id/109285009	http://ncicb.nci.nih.gov/xml/owl/EVS/Thesaurus.owl#C54658	0.90312892
http://snomed.info/id/109350007	http://ncicb.nci.nih.gov/xml/owl/EVS/Thesaurus.owl#C4616	0.90374058
http://snomed.info/id/109351006	http://ncicb.nci.nih.gov/xml/owl/EVS/Thesaurus.owl#C4616	0.93539399
http://snomed.info/id/109355002	http://ncicb.nci.nih.gov/xml/owl/EVS/Thesaurus.owl#C2917	1.0
http://snomed.info/id/109356001	http://ncicb.nci.nih.gov/xml/owl/EVS/Thesaurus.owl#C84509	0.97781515
http://snomed.info/id/109359008	http://ncicb.nci.nih.gov/xml/owl/EVS/Thesaurus.owl#C35427	0.93052781
http://snomed.info/id/109378008	http://ncicb.nci.nih.gov/xml/owl/EVS/Thesaurus.owl#C3234	0.95644993
http://snomed.info/id/109383000	http://ncicb.nci.nih.gov/xml/owl/EVS/Thesaurus.owl#C7631	0.93763191
http://snomed.info/id/109385007	http://ncicb.nci.nih.gov/xml/owl/EVS/Thesaurus.owl#C9087	1.0
http://snomed.info/id/109386008	http://ncicb.nci.nih.gov/xml/owl/EVS/Thesaurus.owl#C3550	0.96960104
http://snomed.info/id/109388009	http://ncicb.nci.nih.gov/xml/owl/EVS/Thesaurus.owl#C6749	0.97814882
http://snomed.info/id/109389001	http://ncicb.nci.nih.gov/xml/owl/EVS/Thesaurus.owl#C172955	0.95805144
http://snomed.info/id/109390005	http://ncicb.nci.nih.gov/xml/owl/EVS/Thesaurus.owl#C3551	0.9718827
http://snomed.info/id/109841003	http://ncicb.nci.nih.gov/xml/owl/EVS/Thesaurus.owl#C96792	0.91850716
http://snomed.info/id/109842005	http://ncicb.nci.nih.gov/xml/owl/EVS/Thesaurus.owl#C27814	0.90011722
http://snomed.info/id/109843000	http://ncicb.nci.nih.gov/xml/owl/EVS/Thesaurus.owl#C3728	1.0
http://snomed.info/id/109844006	http://ncicb.nci.nih.gov/xml/owl/EVS/Thesaurus.owl#C4438	0.98578197
http://snomed.info/id/109850001	http://ncicb.nci.nih.gov/xml/owl/EVS/Thesaurus.owl#C35180	0.96252501
http://snomed.info/id/109853004	http://ncicb.nci.nih.gov/xml/owl/EVS/Thesaurus.owl#C9350	0.97297919
http://snomed.info/id/109854005	http://ncicb.nci.nih.gov/xml/owl/EVS/Thesaurus.owl#C9350	0.92651367
http://snomed.info/id/109855006	http://ncicb.nci.nih.gov/xml/owl/EVS/Thesaurus.owl#C9350	0.93650943
http://snomed.info/id/109888004	http://ncicb.nci.nih.gov/xml/owl/EVS/Thesaurus.owl#C4018	0.98108822
http://snomed.info/id/109889007	http://ncicb.nci.nih.gov/xml/owl/EVS/Thesaurus.owl#C2924	0.92428637
http://snomed.info/id/1098981000119101	http://ncicb.nci.nih.gov/xml/owl/EVS/Thesaurus.owl#C7902	0.96520054
http://snomed.info/id/109913001	http://ncicb.nci.nih.gov/xml/owl/EVS/Thesaurus.owl#C4957	0.99748182
http://snomed.info/id/109915008	http://ncicb.nci.nih.gov/xml/owl/EVS/Thesaurus.owl#C4628	0.96793246
http://snomed.info/id/109962001	http://ncicb.nci.nih.gov/xml/owl/EVS/Thesaurus.owl#C27822	0.93137419
http://snomed.info/id/109966003	http://ncicb.nci.nih.gov/xml/owl/EVS/Thesaurus.owl#C3461	0.9538703
http://snomed.info/id/109977009	http://ncicb.nci.nih.gov/xml/owl/EVS/Thesaurus.owl#C4340	0.96936625
http://snomed.info/id/109978004	http://ncicb.nci.nih.gov/xml/owl/EVS/Thesaurus.owl#C3466	0.94842184
http://snomed.info/id/109979007	http://ncicb.nci.nih.gov/xml/owl/EVS/Thesaurus.owl#C3457	0.95052338
http://snomed.info/id/109982002	http://ncicb.nci.nih.gov/xml/owl/EVS/Thesaurus.owl#C3132	1.0
http://snomed.info/id/109983007	http://ncicb.nci.nih.gov/xml/owl/EVS/Thesaurus.owl#C35548	1.0
http://snomed.info/id/109988003	http://ncicb.nci.nih.gov/xml/owl/EVS/Thesaurus.owl#C27349	1.0
http://snomed.info/id/109989006	http://ncicb.nci.nih.gov/xml/owl/EVS/Thesaurus.owl#C3242	0.92350316
http://snomed.info/id/109991003	http://ncicb.nci.nih.gov/xml/owl/EVS/Thesaurus.owl#C2862	0.91572267
http://snomed.info/id/109992005	http://ncicb.nci.nih.gov/xml/owl/EVS/Thesaurus.owl#C3336	1.0
http://snomed.info/id/109995007	http://ncicb.nci.nih.gov/xml/owl/EVS/Thesaurus.owl#C3247	1.0
http://snomed.info/id/110002002	http://ncicb.nci.nih.gov/xml/owl/EVS/Thesaurus.owl#C3169	1.0
http://snomed.info/id/110006004	http://ncicb.nci.nih.gov/xml/owl/EVS/Thesaurus.owl#C3181	1.0
http://snomed.info/id/110007008	http://ncicb.nci.nih.gov/xml/owl/EVS/Thesaurus.owl#C3184	1.0
http://snomed.info/id/11010461000119101	http://ncicb.nci.nih.gov/xml/owl/EVS/Thesaurus.owl#C65154	0.91352153
http://snomed.info/id/110448004	http://ncicb.nci.nih.gov/xml/owl/EVS/Thesaurus.owl#C3826	1.0
http://snomed.info/id/110457005	http://ncicb.nci.nih.gov/xml/owl/EVS/Thesaurus.owl#C3734	0.91053307
http://snomed.info/id/110458000	http://ncicb.nci.nih.gov/xml/owl/EVS/Thesaurus.owl#C4311	0.91806585
http://snomed.info/id/110460003	http://ncicb.nci.nih.gov/xml/owl/EVS/Thesaurus.owl#C130197	0.95569116
http://snomed.info/id/11063000	http://ncicb.nci.nih.gov/xml/owl/EVS/Thesaurus.owl#C4316	1.0
http://snomed.info/id/11073003	http://ncicb.nci.nih.gov/xml/owl/EVS/Thesaurus.owl#C4253	1.0
http://snomed.info/id/110985001	http://ncicb.nci.nih.gov/xml/owl/EVS/Thesaurus.owl#C43331	0.90291941
http://snomed.info/id/11099005	http://ncicb.nci.nih.gov/xml/owl/EVS/Thesaurus.owl#C66757	1.0
http://snomed.info/id/111420009	http://ncicb.nci.nih.gov/xml/owl/EVS/Thesaurus.owl#C3663	0.96164942
http://snomed.info/id/112662005	http://ncicb.nci.nih.gov/xml/owl/EVS/Thesaurus.owl#C8335	0.96985501
http://snomed.info/id/112679004	http://ncicb.nci.nih.gov/xml/owl/EVS/Thesaurus.owl#C3345	1.0
http://snomed.info/id/112680001	http://ncicb.nci.nih.gov/xml/owl/EVS/Thesaurus.owl#C27095	1.0
http://snomed.info/id/112681002	http://ncicb.nci.nih.gov/xml/owl/EVS/Thesaurus.owl#C3804	0.96190405
http://snomed.info/id/112683004	http://ncicb.nci.nih.gov/xml/owl/EVS/Thesaurus.owl#C3705	1.0
http://snomed.info/id/112687003	http://ncicb.nci.nih.gov/xml/owl/EVS/Thesaurus.owl#C9283	0.93162727
http://snomed.info/id/11314008	http://ncicb.nci.nih.gov/xml/owl/EVS/Thesaurus.owl#C3662	0.94620484
http://snomed.info/id/1137644008	http://ncicb.nci.nih.gov/xml/owl/EVS/Thesaurus.owl#C27200	0.90606475
http://snomed.info/id/1141621000	http://ncicb.nci.nih.gov/xml/owl/EVS/Thesaurus.owl#C3531	0.97029525
http://snomed.info/id/1144305001	http://ncicb.nci.nih.gov/xml/owl/EVS/Thesaurus.owl#C27200	0.95530534
http://snomed.info/id/1144922006	http://ncicb.nci.nih.gov/xml/owl/EVS/Thesaurus.owl#C6885	1.0
http://snomed.info/id/1144924007	http://ncicb.nci.nih.gov/xml/owl/EVS/Thesaurus.owl#C7114	1.0
http://snomed.info/id/1144928005	http://ncicb.nci.nih.gov/xml/owl/EVS/Thesaurus.owl#C6454	1.0
http://snomed.info/id/11467009	http://ncicb.nci.nih.gov/xml/owl/EVS/Thesaurus.owl#C8965	0.94820267
http://snomed.info/id/11471000224106	http://ncicb.nci.nih.gov/xml/owl/EVS/Thesaurus.owl#C94764	1.0
http://snomed.info/id/1148845007	http://ncicb.nci.nih.gov/xml/owl/EVS/Thesaurus.owl#C7192	1.0
http://snomed.info/id/1148846008	http://ncicb.nci.nih.gov/xml/owl/EVS/Thesaurus.owl#C37264	0.96817017
http://snomed.info/id/1148851002	http://ncicb.nci.nih.gov/xml/owl/EVS/Thesaurus.owl#C7191	1.0
http://snomed.info/id/1148891004	http://ncicb.nci.nih.gov/xml/owl/EVS/Thesaurus.owl#C3218	0.92844999
http://snomed.info/id/1148904003	http://ncicb.nci.nih.gov/xml/owl/EVS/Thesaurus.owl#C7328	0.94730902
http://snomed.info/id/1148906001	http://ncicb.nci.nih.gov/xml/owl/EVS/Thesaurus.owl#C9288	0.98165089
http://snomed.info/id/1148935009	http://ncicb.nci.nih.gov/xml/owl/EVS/Thesaurus.owl#C6897	0.99396151
http://snomed.info/id/115216003	http://ncicb.nci.nih.gov/xml/owl/EVS/Thesaurus.owl#C4463	0.90941918
http://snomed.info/id/115219005	http://ncicb.nci.nih.gov/xml/owl/EVS/Thesaurus.owl#C4197	1.0
http://snomed.info/id/115220004	http://ncicb.nci.nih.gov/xml/owl/EVS/Thesaurus.owl#C4198	1.0
http://snomed.info/id/115222007	http://ncicb.nci.nih.gov/xml/owl/EVS/Thesaurus.owl#C3308	0.95089614
http://snomed.info/id/115223002	http://ncicb.nci.nih.gov/xml/owl/EVS/Thesaurus.owl#C54662	0.91444814
http://snomed.info/id/115224008	http://ncicb.nci.nih.gov/xml/owl/EVS/Thesaurus.owl#C9306	0.93511301
http://snomed.info/id/115225009	http://ncicb.nci.nih.gov/xml/owl/EVS/Thesaurus.owl#C3041	0.94218534
http://snomed.info/id/115226005	http://ncicb.nci.nih.gov/xml/owl/EVS/Thesaurus.owl#C6577	0.95690173
http://snomed.info/id/115227001	http://ncicb.nci.nih.gov/xml/owl/EVS/Thesaurus.owl#C4248	1.0
http://snomed.info/id/115228006	http://ncicb.nci.nih.gov/xml/owl/EVS/Thesaurus.owl#C4063	1.0
http://snomed.info/id/115230008	http://ncicb.nci.nih.gov/xml/owl/EVS/Thesaurus.owl#C3743	1.0
http://snomed.info/id/115231007	http://ncicb.nci.nih.gov/xml/owl/EVS/Thesaurus.owl#C8964	0.95946765
http://snomed.info/id/115232000	http://ncicb.nci.nih.gov/xml/owl/EVS/Thesaurus.owl#C3786	1.0
http://snomed.info/id/115233005	http://ncicb.nci.nih.gov/xml/owl/EVS/Thesaurus.owl#C3708	0.97674984
http://snomed.info/id/115234004	http://ncicb.nci.nih.gov/xml/owl/EVS/Thesaurus.owl#C3422	0.98912853
http://snomed.info/id/115235003	http://ncicb.nci.nih.gov/xml/owl/EVS/Thesaurus.owl#C7387	0.97047502
http://snomed.info/id/115236002	http://ncicb.nci.nih.gov/xml/owl/EVS/Thesaurus.owl#C3723	0.97142833
http://snomed.info/id/115238001	http://ncicb.nci.nih.gov/xml/owl/EVS/Thesaurus.owl#C3055	1.0
http://snomed.info/id/115239009	http://ncicb.nci.nih.gov/xml/owl/EVS/Thesaurus.owl#C9343	0.97552139
http://snomed.info/id/115240006	http://ncicb.nci.nih.gov/xml/owl/EVS/Thesaurus.owl#C3059	1.0
http://snomed.info/id/115242003	http://ncicb.nci.nih.gov/xml/owl/EVS/Thesaurus.owl#C4972	0.98454028
http://snomed.info/id/1153336009	http://ncicb.nci.nih.gov/xml/owl/EVS/Thesaurus.owl#C80299	0.96995509
http://snomed.info/id/1153337000	http://ncicb.nci.nih.gov/xml/owl/EVS/Thesaurus.owl#C3019	0.96124005
http://snomed.info/id/1153346006	http://ncicb.nci.nih.gov/xml/owl/EVS/Thesaurus.owl#C175451	0.94132328
http://snomed.info/id/1153347002	http://ncicb.nci.nih.gov/xml/owl/EVS/Thesaurus.owl#C157065	0.93019128
http://snomed.info/id/1153348007	http://ncicb.nci.nih.gov/xml/owl/EVS/Thesaurus.owl#C9017	0.90892386
http://snomed.info/id/1153355009	http://ncicb.nci.nih.gov/xml/owl/EVS/Thesaurus.owl#C5687	0.91971207
http://snomed.info/id/1153357001	http://ncicb.nci.nih.gov/xml/owl/EVS/Thesaurus.owl#C5513	0.96539074
http://snomed.info/id/1153367006	http://ncicb.nci.nih.gov/xml/owl/EVS/Thesaurus.owl#C6602	0.99147344
http://snomed.info/id/1153377008	http://ncicb.nci.nih.gov/xml/owl/EVS/Thesaurus.owl#C82192	0.99563837
http://snomed.info/id/1153379006	http://ncicb.nci.nih.gov/xml/owl/EVS/Thesaurus.owl#C82213	0.9802779
http://snomed.info/id/1153381008	http://ncicb.nci.nih.gov/xml/owl/EVS/Thesaurus.owl#C82212	0.97356957
http://snomed.info/id/1153387007	http://ncicb.nci.nih.gov/xml/owl/EVS/Thesaurus.owl#C27735	0.90148234
http://snomed.info/id/1153388002	http://ncicb.nci.nih.gov/xml/owl/EVS/Thesaurus.owl#C5806	0.90443259
http://snomed.info/id/1155771008	http://ncicb.nci.nih.gov/xml/owl/EVS/Thesaurus.owl#C4727	1.0
http://snomed.info/id/1155956002	http://ncicb.nci.nih.gov/xml/owl/EVS/Thesaurus.owl#C7191	1.0
http://snomed.info/id/1155957006	http://ncicb.nci.nih.gov/xml/owl/EVS/Thesaurus.owl#C7192	1.0
http://snomed.info/id/1155991005	http://ncicb.nci.nih.gov/xml/owl/EVS/Thesaurus.owl#C3814	0.96130109
http://snomed.info/id/1156023007	http://ncicb.nci.nih.gov/xml/owl/EVS/Thesaurus.owl#C7173	0.93740463
http://snomed.info/id/1156303003	http://ncicb.nci.nih.gov/xml/owl/EVS/Thesaurus.owl#C35765	0.91132313
http://snomed.info/id/1156413005	http://ncicb.nci.nih.gov/xml/owl/EVS/Thesaurus.owl#C4318	1.0
http://snomed.info/id/1156414004	http://ncicb.nci.nih.gov/xml/owl/EVS/Thesaurus.owl#C4325	0.96269089
http://snomed.info/id/1156415003	http://ncicb.nci.nih.gov/xml/owl/EVS/Thesaurus.owl#C4320	0.97664338
http://snomed.info/id/1156416002	http://ncicb.nci.nih.gov/xml/owl/EVS/Thesaurus.owl#C4321	0.97500473
http://snomed.info/id/1156417006	http://ncicb.nci.nih.gov/xml/owl/EVS/Thesaurus.owl#C4322	0.98008549
http://snomed.info/id/1156419009	http://ncicb.nci.nih.gov/xml/owl/EVS/Thesaurus.owl#C3758	1.0
http://snomed.info/id/1156420003	http://ncicb.nci.nih.gov/xml/owl/EVS/Thesaurus.owl#C8300	1.0
http://snomed.info/id/1156451005	http://ncicb.nci.nih.gov/xml/owl/EVS/Thesaurus.owl#C94764	1.0
http://snomed.info/id/1156452003	http://ncicb.nci.nih.gov/xml/owl/EVS/Thesaurus.owl#C4290	1.0
http://snomed.info/id/1156453008	http://ncicb.nci.nih.gov/xml/owl/EVS/Thesaurus.owl#C2947	1.0
http://snomed.info/id/1156454002	http://ncicb.nci.nih.gov/xml/owl/EVS/Thesaurus.owl#C3752	1.0
http://snomed.info/id/1156456000	http://ncicb.nci.nih.gov/xml/owl/EVS/Thesaurus.owl#C40315	0.97627276
http://snomed.info/id/1156459007	http://ncicb.nci.nih.gov/xml/owl/EVS/Thesaurus.owl#C4717	0.94593853
http://snomed.info/id/1156466008	http://ncicb.nci.nih.gov/xml/owl/EVS/Thesaurus.owl#C4345	0.94256753
http://snomed.info/id/1156471001	http://ncicb.nci.nih.gov/xml/owl/EVS/Thesaurus.owl#C4715	1.0
http://snomed.info/id/1156473003	http://ncicb.nci.nih.gov/xml/owl/EVS/Thesaurus.owl#C6966	1.0
http://snomed.info/id/1156474009	http://ncicb.nci.nih.gov/xml/owl/EVS/Thesaurus.owl#C3801	1.0
http://snomed.info/id/1156641000	http://ncicb.nci.nih.gov/xml/owl/EVS/Thesaurus.owl#C3698	0.93910944
http://snomed.info/id/1156647001	http://ncicb.nci.nih.gov/xml/owl/EVS/Thesaurus.owl#C4306	0.96093547
http://snomed.info/id/1156654007	http://ncicb.nci.nih.gov/xml/owl/EVS/Thesaurus.owl#C4133	0.93558341
http://snomed.info/id/1156661006	http://ncicb.nci.nih.gov/xml/owl/EVS/Thesaurus.owl#C9003	0.94100153
http://snomed.info/id/1156783003	http://ncicb.nci.nih.gov/xml/owl/EVS/Thesaurus.owl#C5549	0.97484672
http://snomed.info/id/1156786006	http://ncicb.nci.nih.gov/xml/owl/EVS/Thesaurus.owl#C5334	0.96835852
http://snomed.info/id/1156788007	http://ncicb.nci.nih.gov/xml/owl/EVS/Thesaurus.owl#C5494	0.9870382
http://snomed.info/id/1156795003	http://ncicb.nci.nih.gov/xml/owl/EVS/Thesaurus.owl#C5516	0.97956145
http://snomed.info/id/1156797006	http://ncicb.nci.nih.gov/xml/owl/EVS/Thesaurus.owl#C5550	0.9772349
http://snomed.info/id/1156799009	http://ncicb.nci.nih.gov/xml/owl/EVS/Thesaurus.owl#C7754	0.91023231
http://snomed.info/id/1156805003	http://ncicb.nci.nih.gov/xml/owl/EVS/Thesaurus.owl#C27855	1.0
http://snomed.info/id/1156806002	http://ncicb.nci.nih.gov/xml/owl/EVS/Thesaurus.owl#C166357	0.93071926
http://snomed.info/id/1156808001	http://ncicb.nci.nih.gov/xml/owl/EVS/Thesaurus.owl#C6311	0.91532153
http://snomed.info/id/1156833003	http://ncicb.nci.nih.gov/xml/owl/EVS/Thesaurus.owl#C7009	0.97537583
http://snomed.info/id/1156859000	http://ncicb.nci.nih.gov/xml/owl/EVS/Thesaurus.owl#C164251	0.96692228
http://snomed.info/id/1156873009	http://ncicb.nci.nih.gov/xml/owl/EVS/Thesaurus.owl#C3744	0.90936023
http://snomed.info/id/1156874003	http://ncicb.nci.nih.gov/xml/owl/EVS/Thesaurus.owl#C4880	0.9349438
http://snomed.info/id/1156902004	http://ncicb.nci.nih.gov/xml/owl/EVS/Thesaurus.owl#C156612	0.91883975
http://snomed.info/id/1156903009	http://ncicb.nci.nih.gov/xml/owl/EVS/Thesaurus.owl#C3017	0.90174311
http://snomed.info/id/1156904003	http://ncicb.nci.nih.gov/xml/owl/EVS/Thesaurus.owl#C3329	0.92766964
http://snomed.info/id/1156905002	http://ncicb.nci.nih.gov/xml/owl/EVS/Thesaurus.owl#C45924	0.99553484
http://snomed.info/id/1156906001	http://ncicb.nci.nih.gov/xml/owl/EVS/Thesaurus.owl#C7461	0.96432203
http://snomed.info/id/1156907005	http://ncicb.nci.nih.gov/xml/owl/EVS/Thesaurus.owl#C8011	0.97178257
http://snomed.info/id/1156908000	http://ncicb.nci.nih.gov/xml/owl/EVS/Thesaurus.owl#C45915	0.96459872
http://snomed.info/id/1156923005	http://ncicb.nci.nih.gov/xml/owl/EVS/Thesaurus.owl#C3222	1.0
http://snomed.info/id/1156930004	http://ncicb.nci.nih.gov/xml/owl/EVS/Thesaurus.owl#C3272	0.94696254
http://snomed.info/id/1156936005	http://ncicb.nci.nih.gov/xml/owl/EVS/Thesaurus.owl#C7462	0.97076017
http://snomed.info/id/1156946007	http://ncicb.nci.nih.gov/xml/owl/EVS/Thesaurus.owl#C4973	0.92108566
http://snomed.info/id/1156949000	http://ncicb.nci.nih.gov/xml/owl/EVS/Thesaurus.owl#C6911	0.96119112
http://snomed.info/id/1156971005	http://ncicb.nci.nih.gov/xml/owl/EVS/Thesaurus.owl#C2948	1.0
http://snomed.info/id/1156973008	http://ncicb.nci.nih.gov/xml/owl/EVS/Thesaurus.owl#C4871	0.97018462
http://snomed.info/id/1156974002	http://ncicb.nci.nih.gov/xml/owl/EVS/Thesaurus.owl#C3288	1.0
http://snomed.info/id/1156975001	http://ncicb.nci.nih.gov/xml/owl/EVS/Thesaurus.owl#C3358	1.0
http://snomed.info/id/1156977009	http://ncicb.nci.nih.gov/xml/owl/EVS/Thesaurus.owl#C4092	0.98974818
http://snomed.info/id/1157019008	http://ncicb.nci.nih.gov/xml/owl/EVS/Thesaurus.owl#C4055	1.0
http://snomed.info/id/1157020002	http://ncicb.nci.nih.gov/xml/owl/EVS/Thesaurus.owl#C6907	1.0
http://snomed.info/id/1157041008	http://ncicb.nci.nih.gov/xml/owl/EVS/Thesaurus.owl#C116342	1.0
http://snomed.info/id/1157043006	http://ncicb.nci.nih.gov/xml/owl/EVS/Thesaurus.owl#C60781	1.0
http://snomed.info/id/1157050005	http://ncicb.nci.nih.gov/xml/owl/EVS/Thesaurus.owl#C3041	0.9216851
http://snomed.info/id/1157060001	http://ncicb.nci.nih.gov/xml/owl/EVS/Thesaurus.owl#C7173	0.96712476
http://snomed.info/id/1157062009	http://ncicb.nci.nih.gov/xml/owl/EVS/Thesaurus.owl#C4325	0.93215716
http://snomed.info/id/1157064005	http://ncicb.nci.nih.gov/xml/owl/EVS/Thesaurus.owl#C4321	0.95434725
http://snomed.info/id/1157068008	http://ncicb.nci.nih.gov/xml/owl/EVS/Thesaurus.owl#C4322	0.95210767
http://snomed.info/id/1157070004	http://ncicb.nci.nih.gov/xml/owl/EVS/Thesaurus.owl#C40315	1.0
http://snomed.info/id/1157071000	http://ncicb.nci.nih.gov/xml/owl/EVS/Thesaurus.owl#C4717	1.0
http://snomed.info/id/1157073002	http://ncicb.nci.nih.gov/xml/owl/EVS/Thesaurus.owl#C7440	0.92999578
http://snomed.info/id/1157139005	http://ncicb.nci.nih.gov/xml/owl/EVS/Thesaurus.owl#C2915	0.95187104
http://snomed.info/id/1157141006	http://ncicb.nci.nih.gov/xml/owl/EVS/Thesaurus.owl#C4324	0.93210059
http://snomed.info/id/1157154004	http://ncicb.nci.nih.gov/xml/owl/EVS/Thesaurus.owl#C3748	1.0
http://snomed.info/id/1157155003	http://ncicb.nci.nih.gov/xml/owl/EVS/Thesaurus.owl#C4518	0.91219586
http://snomed.info/id/1157156002	http://ncicb.nci.nih.gov/xml/owl/EVS/Thesaurus.owl#C53316	1.0
http://snomed.info/id/1157158001	http://ncicb.nci.nih.gov/xml/owl/EVS/Thesaurus.owl#C82403	0.98043615
http://snomed.info/id/1157159009	http://ncicb.nci.nih.gov/xml/owl/EVS/Thesaurus.owl#C50401	1.0
http://snomed.info/id/1157162007	http://ncicb.nci.nih.gov/xml/owl/EVS/Thesaurus.owl#C4342	1.0
http://snomed.info/id/1157175007	http://ncicb.nci.nih.gov/xml/owl/EVS/Thesaurus.owl#C4518	1.0
http://snomed.info/id/1157176008	http://ncicb.nci.nih.gov/xml/owl/EVS/Thesaurus.owl#C9004	0.98307371
http://snomed.info/id/1157177004	http://ncicb.nci.nih.gov/xml/owl/EVS/Thesaurus.owl#C27684	0.98314744
http://snomed.info/id/1157181004	http://ncicb.nci.nih.gov/xml/owl/EVS/Thesaurus.owl#C79948	1.0
http://snomed.info/id/1157183001	http://ncicb.nci.nih.gov/xml/owl/EVS/Thesaurus.owl#C4072	0.98067868
http://snomed.info/id/1157239001	http://ncicb.nci.nih.gov/xml/owl/EVS/Thesaurus.owl#C4287	1.0
http://snomed.info/id/1157242007	http://ncicb.nci.nih.gov/xml/owl/EVS/Thesaurus.owl#C8986	0.95875341
http://snomed.info/id/1157243002	http://ncicb.nci.nih.gov/xml/owl/EVS/Thesaurus.owl#C8985	0.96327198
http://snomed.info/id/116063003	http://ncicb.nci.nih.gov/xml/owl/EVS/Thesaurus.owl#C3703	0.90713012
http://snomed.info/id/116064009	http://ncicb.nci.nih.gov/xml/owl/EVS/Thesaurus.owl#C49012	0.97820985
http://snomed.info/id/116371000119107	http://ncicb.nci.nih.gov/xml/owl/EVS/Thesaurus.owl#C3049	1.0
http://snomed.info/id/116381000119105	http://ncicb.nci.nih.gov/xml/owl/EVS/Thesaurus.owl#C3790	1.0
http://snomed.info/id/116691000119101	http://ncicb.nci.nih.gov/xml/owl/EVS/Thesaurus.owl#C4663	0.97135174
http://snomed.info/id/11671000	http://ncicb.nci.nih.gov/xml/owl/EVS/Thesaurus.owl#C2970	1.0
http://snomed.info/id/11793003	http://ncicb.nci.nih.gov/xml/owl/EVS/Thesaurus.owl#C142368	0.94221246
http://snomed.info/id/118285006	http://ncicb.nci.nih.gov/xml/owl/EVS/Thesaurus.owl#C3709	1.0
http://snomed.info/id/118286007	http://ncicb.nci.nih.gov/xml/owl/EVS/Thesaurus.owl#C3792	1.0
http://snomed.info/id/118287003	http://ncicb.nci.nih.gov/xml/owl/EVS/Thesaurus.owl#C6783	1.0
http://snomed.info/id/118599009	http://ncicb.nci.nih.gov/xml/owl/EVS/Thesaurus.owl#C9357	0.93954211
http://snomed.info/id/118600007	http://ncicb.nci.nih.gov/xml/owl/EVS/Thesaurus.owl#C3208	0.9226476
http://snomed.info/id/118601006	http://ncicb.nci.nih.gov/xml/owl/EVS/Thesaurus.owl#C3211	1.0
http://snomed.info/id/118602004	http://ncicb.nci.nih.gov/xml/owl/EVS/Thesaurus.owl#C6914	1.0
http://snomed.info/id/118605002	http://ncicb.nci.nih.gov/xml/owl/EVS/Thesaurus.owl#C7258	0.94483846
http://snomed.info/id/118606001	http://ncicb.nci.nih.gov/xml/owl/EVS/Thesaurus.owl#C164145	1.0
http://snomed.info/id/118607005	http://ncicb.nci.nih.gov/xml/owl/EVS/Thesaurus.owl#C6913	0.95279992
http://snomed.info/id/118608000	http://ncicb.nci.nih.gov/xml/owl/EVS/Thesaurus.owl#C27270	0.94275397
http://snomed.info/id/118609008	http://ncicb.nci.nih.gov/xml/owl/EVS/Thesaurus.owl#C3517	0.95085859
http://snomed.info/id/118610003	http://ncicb.nci.nih.gov/xml/owl/EVS/Thesaurus.owl#C9283	0.90339917
http://snomed.info/id/118611004	http://ncicb.nci.nih.gov/xml/owl/EVS/Thesaurus.owl#C3366	0.91690284
http://snomed.info/id/118612006	http://ncicb.nci.nih.gov/xml/owl/EVS/Thesaurus.owl#C7202	1.0
http://snomed.info/id/118613001	http://ncicb.nci.nih.gov/xml/owl/EVS/Thesaurus.owl#C7402	1.0
http://snomed.info/id/118616009	http://ncicb.nci.nih.gov/xml/owl/EVS/Thesaurus.owl#C65157	0.93309462
http://snomed.info/id/118617000	http://ncicb.nci.nih.gov/xml/owl/EVS/Thesaurus.owl#C2912	1.0
http://snomed.info/id/118618005	http://ncicb.nci.nih.gov/xml/owl/EVS/Thesaurus.owl#C3246	1.0
http://snomed.info/id/11873701000119107	http://ncicb.nci.nih.gov/xml/owl/EVS/Thesaurus.owl#C7584	0.90185797
http://snomed.info/id/119421006	http://ncicb.nci.nih.gov/xml/owl/EVS/Thesaurus.owl#C4511	0.98582101
http://snomed.info/id/119422004	http://ncicb.nci.nih.gov/xml/owl/EVS/Thesaurus.owl#C4512	0.98204595
http://snomed.info/id/119423009	http://ncicb.nci.nih.gov/xml/owl/EVS/Thesaurus.owl#C8110	0.93328357
http://snomed.info/id/12060004	http://ncicb.nci.nih.gov/xml/owl/EVS/Thesaurus.owl#C66804	1.0
http://snomed.info/id/12169001	http://ncicb.nci.nih.gov/xml/owl/EVS/Thesaurus.owl#C3474	1.0
http://snomed.info/id/121951000119101	http://ncicb.nci.nih.gov/xml/owl/EVS/Thesaurus.owl#C6245	0.98957157
http://snomed.info/id/12281000132104	http://ncicb.nci.nih.gov/xml/owl/EVS/Thesaurus.owl#C148427	0.92048538
http://snomed.info/id/122901000119109	http://ncicb.nci.nih.gov/xml/owl/EVS/Thesaurus.owl#C148427	0.90067965
http://snomed.info/id/12291000132102	http://ncicb.nci.nih.gov/xml/owl/EVS/Thesaurus.owl#C134319	1.0
http://snomed.info/id/12302002	http://ncicb.nci.nih.gov/xml/owl/EVS/Thesaurus.owl#C4023	1.0
http://snomed.info/id/12311000132101	http://ncicb.nci.nih.gov/xml/owl/EVS/Thesaurus.owl#C136488	0.90013045
http://snomed.info/id/123151001	http://ncicb.nci.nih.gov/xml/owl/EVS/Thesaurus.owl#C9011	1.0
http://snomed.info/id/12341000132100	http://ncicb.nci.nih.gov/xml/owl/EVS/Thesaurus.owl#C37869	0.96976846
http://snomed.info/id/12351000132102	http://ncicb.nci.nih.gov/xml/owl/EVS/Thesaurus.owl#C37869	0.99693519
http://snomed.info/id/12354007	http://ncicb.nci.nih.gov/xml/owl/EVS/Thesaurus.owl#C66814	1.0
http://snomed.info/id/123661000119106	http://ncicb.nci.nih.gov/xml/owl/EVS/Thesaurus.owl#C4038	0.96510887
http://snomed.info/id/123781000119107	http://ncicb.nci.nih.gov/xml/owl/EVS/Thesaurus.owl#C150043	0.94931078
http://snomed.info/id/123841004	http://ncicb.nci.nih.gov/xml/owl/EVS/Thesaurus.owl#C2940	0.94496697
http://snomed.info/id/123842006	http://ncicb.nci.nih.gov/xml/owl/EVS/Thesaurus.owl#C66951	0.96877694
http://snomed.info/id/123843001	http://ncicb.nci.nih.gov/xml/owl/EVS/Thesaurus.owl#C4984	0.96409816
http://snomed.info/id/123844007	http://ncicb.nci.nih.gov/xml/owl/EVS/Thesaurus.owl#C3012	0.96463603
http://snomed.info/id/123845008	http://ncicb.nci.nih.gov/xml/owl/EVS/Thesaurus.owl#C7359	0.96389484
http://snomed.info/id/12400006	http://ncicb.nci.nih.gov/xml/owl/EVS/Thesaurus.owl#C4122	1.0
http://snomed.info/id/12478003	http://ncicb.nci.nih.gov/xml/owl/EVS/Thesaurus.owl#C65178	1.0
http://snomed.info/id/125569002	http://ncicb.nci.nih.gov/xml/owl/EVS/Thesaurus.owl#C3042	0.91397142
http://snomed.info/id/125570001	http://ncicb.nci.nih.gov/xml/owl/EVS/Thesaurus.owl#C155875	0.91903728
http://snomed.info/id/126488004	http://ncicb.nci.nih.gov/xml/owl/EVS/Thesaurus.owl#C3372	0.98712683
http://snomed.info/id/126490003	http://ncicb.nci.nih.gov/xml/owl/EVS/Thesaurus.owl#C3398	0.99020207
http://snomed.info/id/126491004	http://ncicb.nci.nih.gov/xml/owl/EVS/Thesaurus.owl#C3363	0.96246481
http://snomed.info/id/126498005	http://ncicb.nci.nih.gov/xml/owl/EVS/Thesaurus.owl#C3191	0.91849482
http://snomed.info/id/126499002	http://ncicb.nci.nih.gov/xml/owl/EVS/Thesaurus.owl#C3031	0.9374184
http://snomed.info/id/126501005	http://ncicb.nci.nih.gov/xml/owl/EVS/Thesaurus.owl#C3000	0.90278924
http://snomed.info/id/126537000	http://ncicb.nci.nih.gov/xml/owl/EVS/Thesaurus.owl#C9343	0.9888348
http://snomed.info/id/126538005	http://ncicb.nci.nih.gov/xml/owl/EVS/Thesaurus.owl#C3375	0.91259533
http://snomed.info/id/126543003	http://ncicb.nci.nih.gov/xml/owl/EVS/Thesaurus.owl#C6792	0.9412722
http://snomed.info/id/126544009	http://ncicb.nci.nih.gov/xml/owl/EVS/Thesaurus.owl#C4416	0.93916237
http://snomed.info/id/126552007	http://ncicb.nci.nih.gov/xml/owl/EVS/Thesaurus.owl#C168693	0.90884614
http://snomed.info/id/126553002	http://ncicb.nci.nih.gov/xml/owl/EVS/Thesaurus.owl#C168698	0.95313329
http://snomed.info/id/126554008	http://ncicb.nci.nih.gov/xml/owl/EVS/Thesaurus.owl#C168672	0.95412326
http://snomed.info/id/126555009	http://ncicb.nci.nih.gov/xml/owl/EVS/Thesaurus.owl#C168673	0.9679054
http://snomed.info/id/126557001	http://ncicb.nci.nih.gov/xml/owl/EVS/Thesaurus.owl#C4744	0.90735716
http://snomed.info/id/126559003	http://ncicb.nci.nih.gov/xml/owl/EVS/Thesaurus.owl#C6730	0.9795146
http://snomed.info/id/126598008	http://ncicb.nci.nih.gov/xml/owl/EVS/Thesaurus.owl#C3810	0.9393822
http://snomed.info/id/126603000	http://ncicb.nci.nih.gov/xml/owl/EVS/Thesaurus.owl#C40216	0.90968233
http://snomed.info/id/126615001	http://ncicb.nci.nih.gov/xml/owl/EVS/Thesaurus.owl#C6912	0.91404271
http://snomed.info/id/126616000	http://ncicb.nci.nih.gov/xml/owl/EVS/Thesaurus.owl#C6514	0.95596087
http://snomed.info/id/126635000	http://ncicb.nci.nih.gov/xml/owl/EVS/Thesaurus.owl#C3260	0.97941214
http://snomed.info/id/126640008	http://ncicb.nci.nih.gov/xml/owl/EVS/Thesaurus.owl#C4929	0.98464888
http://snomed.info/id/126667002	http://ncicb.nci.nih.gov/xml/owl/EVS/Thesaurus.owl#C3355	0.94822073
http://snomed.info/id/126669004	http://ncicb.nci.nih.gov/xml/owl/EVS/Thesaurus.owl#C4413	0.91538757
http://snomed.info/id/126670003	http://ncicb.nci.nih.gov/xml/owl/EVS/Thesaurus.owl#C4413	0.98232412
http://snomed.info/id/126676009	http://ncicb.nci.nih.gov/xml/owl/EVS/Thesaurus.owl#C3219	0.98956501
http://snomed.info/id/126677000	http://ncicb.nci.nih.gov/xml/owl/EVS/Thesaurus.owl#C4416	0.97114378
http://snomed.info/id/126678005	http://ncicb.nci.nih.gov/xml/owl/EVS/Thesaurus.owl#C4419	0.99162793
http://snomed.info/id/126679002	http://ncicb.nci.nih.gov/xml/owl/EVS/Thesaurus.owl#C6792	0.98843902
http://snomed.info/id/126680004	http://ncicb.nci.nih.gov/xml/owl/EVS/Thesaurus.owl#C3257	0.93972498
http://snomed.info/id/126685009	http://ncicb.nci.nih.gov/xml/owl/EVS/Thesaurus.owl#C3325	0.93051648
http://snomed.info/id/126686005	http://ncicb.nci.nih.gov/xml/owl/EVS/Thesaurus.owl#C3127	0.98531729
http://snomed.info/id/126688006	http://ncicb.nci.nih.gov/xml/owl/EVS/Thesaurus.owl#C4424	0.93313211
http://snomed.info/id/126692004	http://ncicb.nci.nih.gov/xml/owl/EVS/Thesaurus.owl#C3156	0.95635617
http://snomed.info/id/126693009	http://ncicb.nci.nih.gov/xml/owl/EVS/Thesaurus.owl#C4425	0.98567551
http://snomed.info/id/126696001	http://ncicb.nci.nih.gov/xml/owl/EVS/Thesaurus.owl#C4426	0.98756415
http://snomed.info/id/126697005	http://ncicb.nci.nih.gov/xml/owl/EVS/Thesaurus.owl#C6793	0.99049193
http://snomed.info/id/126699008	http://ncicb.nci.nih.gov/xml/owl/EVS/Thesaurus.owl#C4933	0.99083215
http://snomed.info/id/126700009	http://ncicb.nci.nih.gov/xml/owl/EVS/Thesaurus.owl#C4933	0.93905383
http://snomed.info/id/126703006	http://ncicb.nci.nih.gov/xml/owl/EVS/Thesaurus.owl#C3419	0.95963562
http://snomed.info/id/126707007	http://ncicb.nci.nih.gov/xml/owl/EVS/Thesaurus.owl#C5671	0.9684177
http://snomed.info/id/126713003	http://ncicb.nci.nih.gov/xml/owl/EVS/Thesaurus.owl#C3200	0.9826988
http://snomed.info/id/126724001	http://ncicb.nci.nih.gov/xml/owl/EVS/Thesaurus.owl#C3786	0.97658849
http://snomed.info/id/126725000	http://ncicb.nci.nih.gov/xml/owl/EVS/Thesaurus.owl#C3221	0.92904824
http://snomed.info/id/126731002	http://ncicb.nci.nih.gov/xml/owl/EVS/Thesaurus.owl#C5346	0.95387727
http://snomed.info/id/126732009	http://ncicb.nci.nih.gov/xml/owl/EVS/Thesaurus.owl#C5349	0.95022029
http://snomed.info/id/126734005	http://ncicb.nci.nih.gov/xml/owl/EVS/Thesaurus.owl#C4651	0.91933161
http://snomed.info/id/126736007	http://ncicb.nci.nih.gov/xml/owl/EVS/Thesaurus.owl#C7387	0.98177683
http://snomed.info/id/126737003	http://ncicb.nci.nih.gov/xml/owl/EVS/Thesaurus.owl#C5348	0.97667193
http://snomed.info/id/126754006	http://ncicb.nci.nih.gov/xml/owl/EVS/Thesaurus.owl#C7387	0.91283101
http://snomed.info/id/126768004	http://ncicb.nci.nih.gov/xml/owl/EVS/Thesaurus.owl#C3052	0.92619979
http://snomed.info/id/126769007	http://ncicb.nci.nih.gov/xml/owl/EVS/Thesaurus.owl#C3141	0.97482389
http://snomed.info/id/126770008	http://ncicb.nci.nih.gov/xml/owl/EVS/Thesaurus.owl#C3191	0.95608723
http://snomed.info/id/126778001	http://ncicb.nci.nih.gov/xml/owl/EVS/Thesaurus.owl#C3416	0.97976291
http://snomed.info/id/126787005	http://ncicb.nci.nih.gov/xml/owl/EVS/Thesaurus.owl#C4407	0.98538166
http://snomed.info/id/126788000	http://ncicb.nci.nih.gov/xml/owl/EVS/Thesaurus.owl#C3314	0.989308
http://snomed.info/id/126790004	http://ncicb.nci.nih.gov/xml/owl/EVS/Thesaurus.owl#C3392	0.98451519
http://snomed.info/id/126792007	http://ncicb.nci.nih.gov/xml/owl/EVS/Thesaurus.owl#C3057	0.90248358
http://snomed.info/id/126795009	http://ncicb.nci.nih.gov/xml/owl/EVS/Thesaurus.owl#C3057	0.95559657
http://snomed.info/id/126797001	http://ncicb.nci.nih.gov/xml/owl/EVS/Thesaurus.owl#C7606	0.94556803
http://snomed.info/id/126798006	http://ncicb.nci.nih.gov/xml/owl/EVS/Thesaurus.owl#C4409	0.98373663
http://snomed.info/id/126799003	http://ncicb.nci.nih.gov/xml/owl/EVS/Thesaurus.owl#C4401	0.9805097
http://snomed.info/id/126802007	http://ncicb.nci.nih.gov/xml/owl/EVS/Thesaurus.owl#C4405	0.98751748
http://snomed.info/id/126805009	http://ncicb.nci.nih.gov/xml/owl/EVS/Thesaurus.owl#C4402	0.97941583
http://snomed.info/id/126806005	http://ncicb.nci.nih.gov/xml/owl/EVS/Thesaurus.owl#C4402	0.92310536
http://snomed.info/id/126807001	http://ncicb.nci.nih.gov/xml/owl/EVS/Thesaurus.owl#C4402	0.91746289
http://snomed.info/id/126808006	http://ncicb.nci.nih.gov/xml/owl/EVS/Thesaurus.owl#C35698	0.94697887
http://snomed.info/id/126809003	http://ncicb.nci.nih.gov/xml/owl/EVS/Thesaurus.owl#C3291	0.90697473
http://snomed.info/id/126810008	http://ncicb.nci.nih.gov/xml/owl/EVS/Thesaurus.owl#C3417	0.93602115
http://snomed.info/id/126813005	http://ncicb.nci.nih.gov/xml/owl/EVS/Thesaurus.owl#C4933	0.92658979
http://snomed.info/id/126817006	http://ncicb.nci.nih.gov/xml/owl/EVS/Thesaurus.owl#C3028	0.9527272
http://snomed.info/id/126818001	http://ncicb.nci.nih.gov/xml/owl/EVS/Thesaurus.owl#C4763	0.91212153
http://snomed.info/id/126819009	http://ncicb.nci.nih.gov/xml/owl/EVS/Thesaurus.owl#C3532	0.91233385
http://snomed.info/id/126820003	http://ncicb.nci.nih.gov/xml/owl/EVS/Thesaurus.owl#C4764	0.91387582
http://snomed.info/id/126821004	http://ncicb.nci.nih.gov/xml/owl/EVS/Thesaurus.owl#C3533	0.90312147
http://snomed.info/id/126822006	http://ncicb.nci.nih.gov/xml/owl/EVS/Thesaurus.owl#C3534	0.91507345
http://snomed.info/id/126824007	http://ncicb.nci.nih.gov/xml/owl/EVS/Thesaurus.owl#C3387	0.96154898
http://snomed.info/id/126832004	http://ncicb.nci.nih.gov/xml/owl/EVS/Thesaurus.owl#C4432	0.97835279
http://snomed.info/id/126833009	http://ncicb.nci.nih.gov/xml/owl/EVS/Thesaurus.owl#C2995	0.96572191
http://snomed.info/id/126834003	http://ncicb.nci.nih.gov/xml/owl/EVS/Thesaurus.owl#C8401	0.93827611
http://snomed.info/id/126835002	http://ncicb.nci.nih.gov/xml/owl/EVS/Thesaurus.owl#C3130	0.92166919
http://snomed.info/id/126838000	http://ncicb.nci.nih.gov/xml/owl/EVS/Thesaurus.owl#C2953	0.98452926
http://snomed.info/id/126839008	http://ncicb.nci.nih.gov/xml/owl/EVS/Thesaurus.owl#C4433	0.98750591
http://snomed.info/id/126846004	http://ncicb.nci.nih.gov/xml/owl/EVS/Thesaurus.owl#C4434	0.97701186
http://snomed.info/id/126847008	http://ncicb.nci.nih.gov/xml/owl/EVS/Thesaurus.owl#C3350	0.96591634
http://snomed.info/id/126848003	http://ncicb.nci.nih.gov/xml/owl/EVS/Thesaurus.owl#C4877	0.95709395
http://snomed.info/id/126850006	http://ncicb.nci.nih.gov/xml/owl/EVS/Thesaurus.owl#C2877	0.9309442
http://snomed.info/id/126853008	http://ncicb.nci.nih.gov/xml/owl/EVS/Thesaurus.owl#C2898	0.90788352
http://snomed.info/id/126854002	http://ncicb.nci.nih.gov/xml/owl/EVS/Thesaurus.owl#C3048	0.98437005
http://snomed.info/id/126855001	http://ncicb.nci.nih.gov/xml/owl/EVS/Thesaurus.owl#C4441	0.98072714
http://snomed.info/id/126857009	http://ncicb.nci.nih.gov/xml/owl/EVS/Thesaurus.owl#C2898	0.90582538
http://snomed.info/id/126858004	http://ncicb.nci.nih.gov/xml/owl/EVS/Thesaurus.owl#C4443	0.98933536
http://snomed.info/id/126859007	http://ncicb.nci.nih.gov/xml/owl/EVS/Thesaurus.owl#C3305	0.95968509
http://snomed.info/id/126865007	http://ncicb.nci.nih.gov/xml/owl/EVS/Thesaurus.owl#C3322	0.93977171
http://snomed.info/id/126872008	http://ncicb.nci.nih.gov/xml/owl/EVS/Thesaurus.owl#C3357	0.92457402
http://snomed.info/id/126879004	http://ncicb.nci.nih.gov/xml/owl/EVS/Thesaurus.owl#C3431	0.99195379
http://snomed.info/id/126880001	http://ncicb.nci.nih.gov/xml/owl/EVS/Thesaurus.owl#C3150	0.98329598
http://snomed.info/id/126881002	http://ncicb.nci.nih.gov/xml/owl/EVS/Thesaurus.owl#C8404	0.9897396
http://snomed.info/id/126882009	http://ncicb.nci.nih.gov/xml/owl/EVS/Thesaurus.owl#C3427	0.98784024
http://snomed.info/id/126883004	http://ncicb.nci.nih.gov/xml/owl/EVS/Thesaurus.owl#C3428	0.98674887
http://snomed.info/id/126885006	http://ncicb.nci.nih.gov/xml/owl/EVS/Thesaurus.owl#C2901	0.98032731
http://snomed.info/id/126891008	http://ncicb.nci.nih.gov/xml/owl/EVS/Thesaurus.owl#C2901	0.90309173
http://snomed.info/id/126895004	http://ncicb.nci.nih.gov/xml/owl/EVS/Thesaurus.owl#C3054	0.94488204
http://snomed.info/id/126896003	http://ncicb.nci.nih.gov/xml/owl/EVS/Thesaurus.owl#C3317	0.93974411
http://snomed.info/id/126899005	http://ncicb.nci.nih.gov/xml/owl/EVS/Thesaurus.owl#C3317	0.91587681
http://snomed.info/id/126900000	http://ncicb.nci.nih.gov/xml/owl/EVS/Thesaurus.owl#C3404	0.95441395
http://snomed.info/id/12690005	http://ncicb.nci.nih.gov/xml/owl/EVS/Thesaurus.owl#C4020	1.0
http://snomed.info/id/126902008	http://ncicb.nci.nih.gov/xml/owl/EVS/Thesaurus.owl#C39958	0.93090791
http://snomed.info/id/126905005	http://ncicb.nci.nih.gov/xml/owl/EVS/Thesaurus.owl#C4380	0.95728409
http://snomed.info/id/126906006	http://ncicb.nci.nih.gov/xml/owl/EVS/Thesaurus.owl#C3343	0.97673386
http://snomed.info/id/126907002	http://ncicb.nci.nih.gov/xml/owl/EVS/Thesaurus.owl#C3053	0.94400537
http://snomed.info/id/126908007	http://ncicb.nci.nih.gov/xml/owl/EVS/Thesaurus.owl#C3435	0.96434551
http://snomed.info/id/126909004	http://ncicb.nci.nih.gov/xml/owl/EVS/Thesaurus.owl#C6300	0.91854358
http://snomed.info/id/126916003	http://ncicb.nci.nih.gov/xml/owl/EVS/Thesaurus.owl#C3032	0.98444957
http://snomed.info/id/126920004	http://ncicb.nci.nih.gov/xml/owl/EVS/Thesaurus.owl#C4858	0.96646941
http://snomed.info/id/126921000	http://ncicb.nci.nih.gov/xml/owl/EVS/Thesaurus.owl#C3437	0.93949395
http://snomed.info/id/126922007	http://ncicb.nci.nih.gov/xml/owl/EVS/Thesaurus.owl#C3443	0.97354943
http://snomed.info/id/126923002	http://ncicb.nci.nih.gov/xml/owl/EVS/Thesaurus.owl#C7638	0.9102211
http://snomed.info/id/126924008	http://ncicb.nci.nih.gov/xml/owl/EVS/Thesaurus.owl#C7637	0.90544635
http://snomed.info/id/126925009	http://ncicb.nci.nih.gov/xml/owl/EVS/Thesaurus.owl#C3557	0.92678487
http://snomed.info/id/126926005	http://ncicb.nci.nih.gov/xml/owl/EVS/Thesaurus.owl#C2910	0.97989559
http://snomed.info/id/126928006	http://ncicb.nci.nih.gov/xml/owl/EVS/Thesaurus.owl#C5212	0.93153745
http://snomed.info/id/126937006	http://ncicb.nci.nih.gov/xml/owl/EVS/Thesaurus.owl#C4620	0.92045361
http://snomed.info/id/126938001	http://ncicb.nci.nih.gov/xml/owl/EVS/Thesaurus.owl#C120454	0.90619314
http://snomed.info/id/126947009	http://ncicb.nci.nih.gov/xml/owl/EVS/Thesaurus.owl#C5414	0.9835614
http://snomed.info/id/126948004	http://ncicb.nci.nih.gov/xml/owl/EVS/Thesaurus.owl#C5300	1.0
http://snomed.info/id/126950007	http://ncicb.nci.nih.gov/xml/owl/EVS/Thesaurus.owl#C3268	0.99265647
http://snomed.info/id/126951006	http://ncicb.nci.nih.gov/xml/owl/EVS/Thesaurus.owl#C9293	0.98823637
http://snomed.info/id/126952004	http://ncicb.nci.nih.gov/xml/owl/EVS/Thesaurus.owl#C2907	0.97935098
http://snomed.info/id/126953009	http://ncicb.nci.nih.gov/xml/owl/EVS/Thesaurus.owl#C4874	0.91688192
http://snomed.info/id/126954003	http://ncicb.nci.nih.gov/xml/owl/EVS/Thesaurus.owl#C5572	0.98800302
http://snomed.info/id/126955002	http://ncicb.nci.nih.gov/xml/owl/EVS/Thesaurus.owl#C5567	0.98910725
http://snomed.info/id/126956001	http://ncicb.nci.nih.gov/xml/owl/EVS/Thesaurus.owl#C5573	0.98590016
http://snomed.info/id/126957005	http://ncicb.nci.nih.gov/xml/owl/EVS/Thesaurus.owl#C5574	0.98898309
http://snomed.info/id/126959008	http://ncicb.nci.nih.gov/xml/owl/EVS/Thesaurus.owl#C3229	0.92161834
http://snomed.info/id/126960003	http://ncicb.nci.nih.gov/xml/owl/EVS/Thesaurus.owl#C2935	0.93870568
http://snomed.info/id/126961004	http://ncicb.nci.nih.gov/xml/owl/EVS/Thesaurus.owl#C4869	0.98595619
http://snomed.info/id/126962006	http://ncicb.nci.nih.gov/xml/owl/EVS/Thesaurus.owl#C3381	0.98925644
http://snomed.info/id/126963001	http://ncicb.nci.nih.gov/xml/owl/EVS/Thesaurus.owl#C5479	0.98555231
http://snomed.info/id/126965008	http://ncicb.nci.nih.gov/xml/owl/EVS/Thesaurus.owl#C3229	0.97245759
http://snomed.info/id/126966009	http://ncicb.nci.nih.gov/xml/owl/EVS/Thesaurus.owl#C2963	0.99229562
http://snomed.info/id/126967000	http://ncicb.nci.nih.gov/xml/owl/EVS/Thesaurus.owl#C5121	0.99244583
http://snomed.info/id/126969002	http://ncicb.nci.nih.gov/xml/owl/EVS/Thesaurus.owl#C6994	0.99556619
http://snomed.info/id/126970001	http://ncicb.nci.nih.gov/xml/owl/EVS/Thesaurus.owl#C5825	0.99161679
http://snomed.info/id/126971002	http://ncicb.nci.nih.gov/xml/owl/EVS/Thesaurus.owl#C5122	0.99322385
http://snomed.info/id/126972009	http://ncicb.nci.nih.gov/xml/owl/EVS/Thesaurus.owl#C5826	0.99206609
http://snomed.info/id/126973004	http://ncicb.nci.nih.gov/xml/owl/EVS/Thesaurus.owl#C5827	0.99386525
http://snomed.info/id/126975006	http://ncicb.nci.nih.gov/xml/owl/EVS/Thesaurus.owl#C5828	0.99203634
http://snomed.info/id/126976007	http://ncicb.nci.nih.gov/xml/owl/EVS/Thesaurus.owl#C5831	0.98889333
http://snomed.info/id/126977003	http://ncicb.nci.nih.gov/xml/owl/EVS/Thesaurus.owl#C5829	0.99296331
http://snomed.info/id/126978008	http://ncicb.nci.nih.gov/xml/owl/EVS/Thesaurus.owl#C5830	0.98498487
http://snomed.info/id/126979000	http://ncicb.nci.nih.gov/xml/owl/EVS/Thesaurus.owl#C5112	0.94640648
http://snomed.info/id/126980002	http://ncicb.nci.nih.gov/xml/owl/EVS/Thesaurus.owl#C3321	0.9262597
http://snomed.info/id/126996004	http://ncicb.nci.nih.gov/xml/owl/EVS/Thesaurus.owl#C2961	0.91999578
http://snomed.info/id/126997008	http://ncicb.nci.nih.gov/xml/owl/EVS/Thesaurus.owl#C4361	0.9669916
http://snomed.info/id/126998003	http://ncicb.nci.nih.gov/xml/owl/EVS/Thesaurus.owl#C4364	0.99282992
http://snomed.info/id/127000009	http://ncicb.nci.nih.gov/xml/owl/EVS/Thesaurus.owl#C3436	0.97510546
http://snomed.info/id/127001008	http://ncicb.nci.nih.gov/xml/owl/EVS/Thesaurus.owl#C2949	0.98824751
http://snomed.info/id/127002001	http://ncicb.nci.nih.gov/xml/owl/EVS/Thesaurus.owl#C4800	0.97883528
http://snomed.info/id/127003006	http://ncicb.nci.nih.gov/xml/owl/EVS/Thesaurus.owl#C3290	0.95728296
http://snomed.info/id/127004000	http://ncicb.nci.nih.gov/xml/owl/EVS/Thesaurus.owl#C4360	0.99005294
http://snomed.info/id/127006003	http://ncicb.nci.nih.gov/xml/owl/EVS/Thesaurus.owl#C4412	0.99048442
http://snomed.info/id/127018007	http://ncicb.nci.nih.gov/xml/owl/EVS/Thesaurus.owl#C3414	0.99047822
http://snomed.info/id/127020005	http://ncicb.nci.nih.gov/xml/owl/EVS/Thesaurus.owl#C3313	0.99038649
http://snomed.info/id/127021009	http://ncicb.nci.nih.gov/xml/owl/EVS/Thesaurus.owl#C2859	0.99016345
http://snomed.info/id/127022002	http://ncicb.nci.nih.gov/xml/owl/EVS/Thesaurus.owl#C2858	0.99036992
http://snomed.info/id/127023007	http://ncicb.nci.nih.gov/xml/owl/EVS/Thesaurus.owl#C4856	0.98911822
http://snomed.info/id/127024001	http://ncicb.nci.nih.gov/xml/owl/EVS/Thesaurus.owl#C3330	0.98962188
http://snomed.info/id/127026004	http://ncicb.nci.nih.gov/xml/owl/EVS/Thesaurus.owl#C3328	0.98508996
http://snomed.info/id/127027008	http://ncicb.nci.nih.gov/xml/owl/EVS/Thesaurus.owl#C3308	0.94647968
http://snomed.info/id/127032009	http://ncicb.nci.nih.gov/xml/owl/EVS/Thesaurus.owl#C4744	0.99117392
http://snomed.info/id/127070008	http://ncicb.nci.nih.gov/xml/owl/EVS/Thesaurus.owl#C7202	0.96605885
http://snomed.info/id/127225006	http://ncicb.nci.nih.gov/xml/owl/EVS/Thesaurus.owl#C3178	1.0
http://snomed.info/id/127230005	http://ncicb.nci.nih.gov/xml/owl/EVS/Thesaurus.owl#C3383	0.94083482
http://snomed.info/id/127231009	http://ncicb.nci.nih.gov/xml/owl/EVS/Thesaurus.owl#C3412	0.98421001
http://snomed.info/id/127232002	http://ncicb.nci.nih.gov/xml/owl/EVS/Thesaurus.owl#C35497	0.98674232
http://snomed.info/id/127237008	http://ncicb.nci.nih.gov/xml/owl/EVS/Thesaurus.owl#C3314	0.91150433
http://snomed.info/id/127239006	http://ncicb.nci.nih.gov/xml/owl/EVS/Thesaurus.owl#C3393	0.91553736
http://snomed.info/id/127248001	http://ncicb.nci.nih.gov/xml/owl/EVS/Thesaurus.owl#C3221	0.91955829
http://snomed.info/id/127253006	http://ncicb.nci.nih.gov/xml/owl/EVS/Thesaurus.owl#C3357	0.92429543
http://snomed.info/id/127255004	http://ncicb.nci.nih.gov/xml/owl/EVS/Thesaurus.owl#C35749	0.93045902
http://snomed.info/id/127570002	http://ncicb.nci.nih.gov/xml/owl/EVS/Thesaurus.owl#C3784	1.0
http://snomed.info/id/127571003	http://ncicb.nci.nih.gov/xml/owl/EVS/Thesaurus.owl#C3772	0.90445226
http://snomed.info/id/127572005	http://ncicb.nci.nih.gov/xml/owl/EVS/Thesaurus.owl#C35727	0.91933441
http://snomed.info/id/127573000	http://ncicb.nci.nih.gov/xml/owl/EVS/Thesaurus.owl#C35725	0.91635913
http://snomed.info/id/127574006	http://ncicb.nci.nih.gov/xml/owl/EVS/Thesaurus.owl#C35726	0.9565739
http://snomed.info/id/127577004	http://ncicb.nci.nih.gov/xml/owl/EVS/Thesaurus.owl#C4295	1.0
http://snomed.info/id/127578009	http://ncicb.nci.nih.gov/xml/owl/EVS/Thesaurus.owl#C3286	1.0
http://snomed.info/id/127579001	http://ncicb.nci.nih.gov/xml/owl/EVS/Thesaurus.owl#C3229	1.0
http://snomed.info/id/127580003	http://ncicb.nci.nih.gov/xml/owl/EVS/Thesaurus.owl#C4665	1.0
http://snomed.info/id/127581004	http://ncicb.nci.nih.gov/xml/owl/EVS/Thesaurus.owl#C9295	1.0
http://snomed.info/id/128050000	http://ncicb.nci.nih.gov/xml/owl/EVS/Thesaurus.owl#C164184	0.91493833
http://snomed.info/id/128348002	http://ncicb.nci.nih.gov/xml/owl/EVS/Thesaurus.owl#C3052	0.98989177
http://snomed.info/id/128415001	http://ncicb.nci.nih.gov/xml/owl/EVS/Thesaurus.owl#C3052	0.96788698
http://snomed.info/id/128462008	http://ncicb.nci.nih.gov/xml/owl/EVS/Thesaurus.owl#C4968	0.98418367
http://snomed.info/id/128474007	http://ncicb.nci.nih.gov/xml/owl/EVS/Thesaurus.owl#C3916	0.99279433
http://snomed.info/id/128475008	http://ncicb.nci.nih.gov/xml/owl/EVS/Thesaurus.owl#C3916	0.90616447
http://snomed.info/id/128621008	http://ncicb.nci.nih.gov/xml/owl/EVS/Thesaurus.owl#C6450	1.0
http://snomed.info/id/128622001	http://ncicb.nci.nih.gov/xml/owl/EVS/Thesaurus.owl#C35765	0.94758004
http://snomed.info/id/128623006	http://ncicb.nci.nih.gov/xml/owl/EVS/Thesaurus.owl#C3247	1.0
http://snomed.info/id/128626003	http://ncicb.nci.nih.gov/xml/owl/EVS/Thesaurus.owl#C66752	0.98739916
http://snomed.info/id/128627007	http://ncicb.nci.nih.gov/xml/owl/EVS/Thesaurus.owl#C65156	0.97293252
http://snomed.info/id/128628002	http://ncicb.nci.nih.gov/xml/owl/EVS/Thesaurus.owl#C6875	1.0
http://snomed.info/id/128630000	http://ncicb.nci.nih.gov/xml/owl/EVS/Thesaurus.owl#C65159	1.0
http://snomed.info/id/128631001	http://ncicb.nci.nih.gov/xml/owl/EVS/Thesaurus.owl#C63622	0.94355202
http://snomed.info/id/128632008	http://ncicb.nci.nih.gov/xml/owl/EVS/Thesaurus.owl#C65151	1.0
http://snomed.info/id/128633003	http://ncicb.nci.nih.gov/xml/owl/EVS/Thesaurus.owl#C65179	1.0
http://snomed.info/id/128634009	http://ncicb.nci.nih.gov/xml/owl/EVS/Thesaurus.owl#C54244	1.0
http://snomed.info/id/128635005	http://ncicb.nci.nih.gov/xml/owl/EVS/Thesaurus.owl#C65180	1.0
http://snomed.info/id/128636006	http://ncicb.nci.nih.gov/xml/owl/EVS/Thesaurus.owl#C62282	0.94905567
http://snomed.info/id/128637002	http://ncicb.nci.nih.gov/xml/owl/EVS/Thesaurus.owl#C27535	0.95042402
http://snomed.info/id/128639004	http://ncicb.nci.nih.gov/xml/owl/EVS/Thesaurus.owl#C65182	1.0
http://snomed.info/id/128642005	http://ncicb.nci.nih.gov/xml/owl/EVS/Thesaurus.owl#C95595	0.97246754
http://snomed.info/id/128643000	http://ncicb.nci.nih.gov/xml/owl/EVS/Thesaurus.owl#C65190	1.0
http://snomed.info/id/128644006	http://ncicb.nci.nih.gov/xml/owl/EVS/Thesaurus.owl#C66925	1.0
http://snomed.info/id/128646008	http://ncicb.nci.nih.gov/xml/owl/EVS/Thesaurus.owl#C27388	1.0
http://snomed.info/id/128647004	http://ncicb.nci.nih.gov/xml/owl/EVS/Thesaurus.owl#C65164	1.0
http://snomed.info/id/128649001	http://ncicb.nci.nih.gov/xml/owl/EVS/Thesaurus.owl#C5754	0.97782332
http://snomed.info/id/128650001	http://ncicb.nci.nih.gov/xml/owl/EVS/Thesaurus.owl#C43625	0.97863722
http://snomed.info/id/128651002	http://ncicb.nci.nih.gov/xml/owl/EVS/Thesaurus.owl#C9473	1.0
http://snomed.info/id/128652009	http://ncicb.nci.nih.gov/xml/owl/EVS/Thesaurus.owl#C65193	1.0
http://snomed.info/id/128653004	http://ncicb.nci.nih.gov/xml/owl/EVS/Thesaurus.owl#C38458	0.95483261
http://snomed.info/id/128655006	http://ncicb.nci.nih.gov/xml/owl/EVS/Thesaurus.owl#C5609	0.98152959
http://snomed.info/id/128658008	http://ncicb.nci.nih.gov/xml/owl/EVS/Thesaurus.owl#C72074	1.0
http://snomed.info/id/128661009	http://ncicb.nci.nih.gov/xml/owl/EVS/Thesaurus.owl#C7270	0.95592028
http://snomed.info/id/128662002	http://ncicb.nci.nih.gov/xml/owl/EVS/Thesaurus.owl#C4158	0.94124722
http://snomed.info/id/128663007	http://ncicb.nci.nih.gov/xml/owl/EVS/Thesaurus.owl#C65198	1.0
http://snomed.info/id/128665000	http://ncicb.nci.nih.gov/xml/owl/EVS/Thesaurus.owl#C4536	0.98853093
http://snomed.info/id/128666004	http://ncicb.nci.nih.gov/xml/owl/EVS/Thesaurus.owl#C157718	0.90246892
http://snomed.info/id/128667008	http://ncicb.nci.nih.gov/xml/owl/EVS/Thesaurus.owl#C4146	0.98138505
http://snomed.info/id/128668003	http://ncicb.nci.nih.gov/xml/owl/EVS/Thesaurus.owl#C27893	1.0
http://snomed.info/id/128669006	http://ncicb.nci.nih.gov/xml/owl/EVS/Thesaurus.owl#C6194	1.0
http://snomed.info/id/128670007	http://ncicb.nci.nih.gov/xml/owl/EVS/Thesaurus.owl#C27253	1.0
http://snomed.info/id/128671006	http://ncicb.nci.nih.gov/xml/owl/EVS/Thesaurus.owl#C65200	0.92650992
http://snomed.info/id/128672004	http://ncicb.nci.nih.gov/xml/owl/EVS/Thesaurus.owl#C3688	0.92925227
http://snomed.info/id/128674003	http://ncicb.nci.nih.gov/xml/owl/EVS/Thesaurus.owl#C46004	0.91714317
http://snomed.info/id/128678000	http://ncicb.nci.nih.gov/xml/owl/EVS/Thesaurus.owl#C46104	0.9111622
http://snomed.info/id/128680006	http://ncicb.nci.nih.gov/xml/owl/EVS/Thesaurus.owl#C27839	0.98101532
http://snomed.info/id/128681005	http://ncicb.nci.nih.gov/xml/owl/EVS/Thesaurus.owl#C27848	0.97510839
http://snomed.info/id/128682003	http://ncicb.nci.nih.gov/xml/owl/EVS/Thesaurus.owl#C66951	1.0
http://snomed.info/id/128684002	http://ncicb.nci.nih.gov/xml/owl/EVS/Thesaurus.owl#C43356	1.0
http://snomed.info/id/128687009	http://ncicb.nci.nih.gov/xml/owl/EVS/Thesaurus.owl#C65203	0.93114287
http://snomed.info/id/128693001	http://ncicb.nci.nih.gov/xml/owl/EVS/Thesaurus.owl#C45754	0.94669086
http://snomed.info/id/128694007	http://ncicb.nci.nih.gov/xml/owl/EVS/Thesaurus.owl#C7315	0.9432314
http://snomed.info/id/128695008	http://ncicb.nci.nih.gov/xml/owl/EVS/Thesaurus.owl#C66953	1.0
http://snomed.info/id/128703004	http://ncicb.nci.nih.gov/xml/owl/EVS/Thesaurus.owl#C5727	0.91438597
http://snomed.info/id/128704005	http://ncicb.nci.nih.gov/xml/owl/EVS/Thesaurus.owl#C66745	1.0
http://snomed.info/id/128705006	http://ncicb.nci.nih.gov/xml/owl/EVS/Thesaurus.owl#C27949	1.0
http://snomed.info/id/128706007	http://ncicb.nci.nih.gov/xml/owl/EVS/Thesaurus.owl#C66950	1.0
http://snomed.info/id/128707003	http://ncicb.nci.nih.gov/xml/owl/EVS/Thesaurus.owl#C6454	1.0
http://snomed.info/id/128708008	http://ncicb.nci.nih.gov/xml/owl/EVS/Thesaurus.owl#C7999	1.0
http://snomed.info/id/128709000	http://ncicb.nci.nih.gov/xml/owl/EVS/Thesaurus.owl#C6885	1.0
http://snomed.info/id/128710005	http://ncicb.nci.nih.gov/xml/owl/EVS/Thesaurus.owl#C6886	1.0
http://snomed.info/id/128711009	http://ncicb.nci.nih.gov/xml/owl/EVS/Thesaurus.owl#C6887	1.0
http://snomed.info/id/128712002	http://ncicb.nci.nih.gov/xml/owl/EVS/Thesaurus.owl#C7996	1.0
http://snomed.info/id/128713007	http://ncicb.nci.nih.gov/xml/owl/EVS/Thesaurus.owl#C6888	1.0
http://snomed.info/id/128714001	http://ncicb.nci.nih.gov/xml/owl/EVS/Thesaurus.owl#C6889	1.0
http://snomed.info/id/128715000	http://ncicb.nci.nih.gov/xml/owl/EVS/Thesaurus.owl#C7997	1.0
http://snomed.info/id/128716004	http://ncicb.nci.nih.gov/xml/owl/EVS/Thesaurus.owl#C7997	0.95811921
http://snomed.info/id/128717008	http://ncicb.nci.nih.gov/xml/owl/EVS/Thesaurus.owl#C3411	0.91730815
http://snomed.info/id/128718003	http://ncicb.nci.nih.gov/xml/owl/EVS/Thesaurus.owl#C53595	1.0
http://snomed.info/id/128722008	http://ncicb.nci.nih.gov/xml/owl/EVS/Thesaurus.owl#C66991	0.94218153
http://snomed.info/id/128723003	http://ncicb.nci.nih.gov/xml/owl/EVS/Thesaurus.owl#C3794	0.92534524
http://snomed.info/id/128724009	http://ncicb.nci.nih.gov/xml/owl/EVS/Thesaurus.owl#C39974	0.95979428
http://snomed.info/id/128725005	http://ncicb.nci.nih.gov/xml/owl/EVS/Thesaurus.owl#C39970	0.93306714
http://snomed.info/id/128726006	http://ncicb.nci.nih.gov/xml/owl/EVS/Thesaurus.owl#C4263	0.9453699
http://snomed.info/id/128727002	http://ncicb.nci.nih.gov/xml/owl/EVS/Thesaurus.owl#C39970	0.94727498
http://snomed.info/id/128728007	http://ncicb.nci.nih.gov/xml/owl/EVS/Thesaurus.owl#C39944	0.96739095
http://snomed.info/id/128730009	http://ncicb.nci.nih.gov/xml/owl/EVS/Thesaurus.owl#C4662	1.0
http://snomed.info/id/128731008	http://ncicb.nci.nih.gov/xml/owl/EVS/Thesaurus.owl#C6891	1.0
http://snomed.info/id/128732001	http://ncicb.nci.nih.gov/xml/owl/EVS/Thesaurus.owl#C48622	1.0
http://snomed.info/id/128734000	http://ncicb.nci.nih.gov/xml/owl/EVS/Thesaurus.owl#C121804	0.98372012
http://snomed.info/id/128735004	http://ncicb.nci.nih.gov/xml/owl/EVS/Thesaurus.owl#C8300	1.0
http://snomed.info/id/128736003	http://ncicb.nci.nih.gov/xml/owl/EVS/Thesaurus.owl#C7634	1.0
http://snomed.info/id/128737007	http://ncicb.nci.nih.gov/xml/owl/EVS/Thesaurus.owl#C6894	1.0
http://snomed.info/id/128738002	http://ncicb.nci.nih.gov/xml/owl/EVS/Thesaurus.owl#C49012	1.0
http://snomed.info/id/128739005	http://ncicb.nci.nih.gov/xml/owl/EVS/Thesaurus.owl#C49016	1.0
http://snomed.info/id/128740007	http://ncicb.nci.nih.gov/xml/owl/EVS/Thesaurus.owl#C142823	0.90438014
http://snomed.info/id/128741006	http://ncicb.nci.nih.gov/xml/owl/EVS/Thesaurus.owl#C35765	0.91625911
http://snomed.info/id/128742004	http://ncicb.nci.nih.gov/xml/owl/EVS/Thesaurus.owl#C4700	1.0
http://snomed.info/id/128743009	http://ncicb.nci.nih.gov/xml/owl/EVS/Thesaurus.owl#C6493	1.0
http://snomed.info/id/128744003	http://ncicb.nci.nih.gov/xml/owl/EVS/Thesaurus.owl#C6494	1.0
http://snomed.info/id/128745002	http://ncicb.nci.nih.gov/xml/owl/EVS/Thesaurus.owl#C6582	1.0
http://snomed.info/id/128746001	http://ncicb.nci.nih.gov/xml/owl/EVS/Thesaurus.owl#C6503	1.0
http://snomed.info/id/128747005	http://ncicb.nci.nih.gov/xml/owl/EVS/Thesaurus.owl#C40173	0.9091416
http://snomed.info/id/128748000	http://ncicb.nci.nih.gov/xml/owl/EVS/Thesaurus.owl#C6517	1.0
http://snomed.info/id/128749008	http://ncicb.nci.nih.gov/xml/owl/EVS/Thesaurus.owl#C6519	1.0
http://snomed.info/id/128752000	http://ncicb.nci.nih.gov/xml/owl/EVS/Thesaurus.owl#C6781	0.96059501
http://snomed.info/id/128753005	http://ncicb.nci.nih.gov/xml/owl/EVS/Thesaurus.owl#C6926	1.0
http://snomed.info/id/128754004	http://ncicb.nci.nih.gov/xml/owl/EVS/Thesaurus.owl#C53998	1.0
http://snomed.info/id/128755003	http://ncicb.nci.nih.gov/xml/owl/EVS/Thesaurus.owl#C54000	0.99735838
http://snomed.info/id/128757006	http://ncicb.nci.nih.gov/xml/owl/EVS/Thesaurus.owl#C7504	0.92946768
http://snomed.info/id/128758001	http://ncicb.nci.nih.gov/xml/owl/EVS/Thesaurus.owl#C6897	0.99072862
http://snomed.info/id/128760004	http://ncicb.nci.nih.gov/xml/owl/EVS/Thesaurus.owl#C39812	0.90611386
http://snomed.info/id/128761000	http://ncicb.nci.nih.gov/xml/owl/EVS/Thesaurus.owl#C5100	1.0
http://snomed.info/id/128762007	http://ncicb.nci.nih.gov/xml/owl/EVS/Thesaurus.owl#C66774	0.92959088
http://snomed.info/id/128763002	http://ncicb.nci.nih.gov/xml/owl/EVS/Thesaurus.owl#C5669	1.0
http://snomed.info/id/128764008	http://ncicb.nci.nih.gov/xml/owl/EVS/Thesaurus.owl#C35837	0.93476939
http://snomed.info/id/128765009	http://ncicb.nci.nih.gov/xml/owl/EVS/Thesaurus.owl#C124607	0.92083019
http://snomed.info/id/128766005	http://ncicb.nci.nih.gov/xml/owl/EVS/Thesaurus.owl#C121619	0.94622666
http://snomed.info/id/128767001	http://ncicb.nci.nih.gov/xml/owl/EVS/Thesaurus.owl#C6900	1.0
http://snomed.info/id/128768006	http://ncicb.nci.nih.gov/xml/owl/EVS/Thesaurus.owl#C7526	0.91543323
http://snomed.info/id/128769003	http://ncicb.nci.nih.gov/xml/owl/EVS/Thesaurus.owl#C4754	0.91825241
http://snomed.info/id/128770002	http://ncicb.nci.nih.gov/xml/owl/EVS/Thesaurus.owl#C6474	0.94632161
http://snomed.info/id/128771003	http://ncicb.nci.nih.gov/xml/owl/EVS/Thesaurus.owl#C53707	0.9070071
http://snomed.info/id/128772005	http://ncicb.nci.nih.gov/xml/owl/EVS/Thesaurus.owl#C8970	1.0
http://snomed.info/id/128773000	http://ncicb.nci.nih.gov/xml/owl/EVS/Thesaurus.owl#C53958	1.0
http://snomed.info/id/128775007	http://ncicb.nci.nih.gov/xml/owl/EVS/Thesaurus.owl#C6475	1.0
http://snomed.info/id/128776008	http://ncicb.nci.nih.gov/xml/owl/EVS/Thesaurus.owl#C6476	1.0
http://snomed.info/id/128777004	http://ncicb.nci.nih.gov/xml/owl/EVS/Thesaurus.owl#C3402	1.0
http://snomed.info/id/128778009	http://ncicb.nci.nih.gov/xml/owl/EVS/Thesaurus.owl#C6535	1.0
http://snomed.info/id/128779001	http://ncicb.nci.nih.gov/xml/owl/EVS/Thesaurus.owl#C54300	0.90147913
http://snomed.info/id/128780003	http://ncicb.nci.nih.gov/xml/owl/EVS/Thesaurus.owl#C173735	1.0
http://snomed.info/id/128781004	http://ncicb.nci.nih.gov/xml/owl/EVS/Thesaurus.owl#C4726	1.0
http://snomed.info/id/128782006	http://ncicb.nci.nih.gov/xml/owl/EVS/Thesaurus.owl#C4725	1.0
http://snomed.info/id/128783001	http://ncicb.nci.nih.gov/xml/owl/EVS/Thesaurus.owl#C7542	1.0
http://snomed.info/id/128784007	http://ncicb.nci.nih.gov/xml/owl/EVS/Thesaurus.owl#C6902	1.0
http://snomed.info/id/128785008	http://ncicb.nci.nih.gov/xml/owl/EVS/Thesaurus.owl#C48876	1.0
http://snomed.info/id/128786009	http://ncicb.nci.nih.gov/xml/owl/EVS/Thesaurus.owl#C6581	1.0
http://snomed.info/id/128787000	http://ncicb.nci.nih.gov/xml/owl/EVS/Thesaurus.owl#C9476	1.0
http://snomed.info/id/128788005	http://ncicb.nci.nih.gov/xml/owl/EVS/Thesaurus.owl#C9505	1.0
http://snomed.info/id/128790006	http://ncicb.nci.nih.gov/xml/owl/EVS/Thesaurus.owl#C6904	1.0
http://snomed.info/id/128792003	http://ncicb.nci.nih.gov/xml/owl/EVS/Thesaurus.owl#C6906	1.0
http://snomed.info/id/128793008	http://ncicb.nci.nih.gov/xml/owl/EVS/Thesaurus.owl#C66815	1.0
http://snomed.info/id/128794002	http://ncicb.nci.nih.gov/xml/owl/EVS/Thesaurus.owl#C66816	1.0
http://snomed.info/id/128797009	http://ncicb.nci.nih.gov/xml/owl/EVS/Thesaurus.owl#C7017	0.9914214
http://snomed.info/id/128799007	http://ncicb.nci.nih.gov/xml/owl/EVS/Thesaurus.owl#C6913	0.95279992
http://snomed.info/id/128800006	http://ncicb.nci.nih.gov/xml/owl/EVS/Thesaurus.owl#C6915	1.0
http://snomed.info/id/128801005	http://ncicb.nci.nih.gov/xml/owl/EVS/Thesaurus.owl#C9280	0.95395839
http://snomed.info/id/128802003	http://ncicb.nci.nih.gov/xml/owl/EVS/Thesaurus.owl#C4663	0.9661423
http://snomed.info/id/128803008	http://ncicb.nci.nih.gov/xml/owl/EVS/Thesaurus.owl#C4341	0.96475708
http://snomed.info/id/128804002	http://ncicb.nci.nih.gov/xml/owl/EVS/Thesaurus.owl#C7195	0.99473399
http://snomed.info/id/128805001	http://ncicb.nci.nih.gov/xml/owl/EVS/Thesaurus.owl#C173173	0.91895723
http://snomed.info/id/128806000	http://ncicb.nci.nih.gov/xml/owl/EVS/Thesaurus.owl#C9360	0.91524744
http://snomed.info/id/128807009	http://ncicb.nci.nih.gov/xml/owl/EVS/Thesaurus.owl#C8868	0.91072947
http://snomed.info/id/128808004	http://ncicb.nci.nih.gov/xml/owl/EVS/Thesaurus.owl#C6919	0.9095071
http://snomed.info/id/128809007	http://ncicb.nci.nih.gov/xml/owl/EVS/Thesaurus.owl#C3107	0.96277022
http://snomed.info/id/128810002	http://ncicb.nci.nih.gov/xml/owl/EVS/Thesaurus.owl#C150701	0.92262655
http://snomed.info/id/128813000	http://ncicb.nci.nih.gov/xml/owl/EVS/Thesaurus.owl#C27349	1.0
http://snomed.info/id/128814006	http://ncicb.nci.nih.gov/xml/owl/EVS/Thesaurus.owl#C6921	1.0
http://snomed.info/id/128815007	http://ncicb.nci.nih.gov/xml/owl/EVS/Thesaurus.owl#C9282	1.0
http://snomed.info/id/128816008	http://ncicb.nci.nih.gov/xml/owl/EVS/Thesaurus.owl#C9281	1.0
http://snomed.info/id/128817004	http://ncicb.nci.nih.gov/xml/owl/EVS/Thesaurus.owl#C7151	0.9088527
http://snomed.info/id/128818009	http://ncicb.nci.nih.gov/xml/owl/EVS/Thesaurus.owl#C4673	1.0
http://snomed.info/id/128819001	http://ncicb.nci.nih.gov/xml/owl/EVS/Thesaurus.owl#C4664	0.97063053
http://snomed.info/id/128820007	http://ncicb.nci.nih.gov/xml/owl/EVS/Thesaurus.owl#C4753	0.97285068
http://snomed.info/id/128821006	http://ncicb.nci.nih.gov/xml/owl/EVS/Thesaurus.owl#C4752	0.97744542
http://snomed.info/id/128825002	http://ncicb.nci.nih.gov/xml/owl/EVS/Thesaurus.owl#C3174	0.98343575
http://snomed.info/id/128826001	http://ncicb.nci.nih.gov/xml/owl/EVS/Thesaurus.owl#C3519	0.99416727
http://snomed.info/id/128827005	http://ncicb.nci.nih.gov/xml/owl/EVS/Thesaurus.owl#C9289	1.0
http://snomed.info/id/128828000	http://ncicb.nci.nih.gov/xml/owl/EVS/Thesaurus.owl#C9288	0.93421322
http://snomed.info/id/128830003	http://ncicb.nci.nih.gov/xml/owl/EVS/Thesaurus.owl#C8252	0.94196635
http://snomed.info/id/128831004	http://ncicb.nci.nih.gov/xml/owl/EVS/Thesaurus.owl#C3178	1.0
http://snomed.info/id/128832006	http://ncicb.nci.nih.gov/xml/owl/EVS/Thesaurus.owl#C9233	1.0
http://snomed.info/id/128833001	http://ncicb.nci.nih.gov/xml/owl/EVS/Thesaurus.owl#C8647	0.95762455
http://snomed.info/id/128834007	http://ncicb.nci.nih.gov/xml/owl/EVS/Thesaurus.owl#C3179	1.0
http://snomed.info/id/128837000	http://ncicb.nci.nih.gov/xml/owl/EVS/Thesaurus.owl#C6867	0.91965586
http://snomed.info/id/128838005	http://ncicb.nci.nih.gov/xml/owl/EVS/Thesaurus.owl#C27722	1.0
http://snomed.info/id/128839002	http://ncicb.nci.nih.gov/xml/owl/EVS/Thesaurus.owl#C4319	1.0
http://snomed.info/id/128840000	http://ncicb.nci.nih.gov/xml/owl/EVS/Thesaurus.owl#C3904	1.0
http://snomed.info/id/128841001	http://ncicb.nci.nih.gov/xml/owl/EVS/Thesaurus.owl#C3336	1.0
http://snomed.info/id/128849004	http://ncicb.nci.nih.gov/xml/owl/EVS/Thesaurus.owl#C4177	0.97427791
http://snomed.info/id/128850004	http://ncicb.nci.nih.gov/xml/owl/EVS/Thesaurus.owl#C4178	0.97269487
http://snomed.info/id/128851000	http://ncicb.nci.nih.gov/xml/owl/EVS/Thesaurus.owl#C7271	0.94711608
http://snomed.info/id/128853002	http://ncicb.nci.nih.gov/xml/owl/EVS/Thesaurus.owl#C4186	0.97918725
http://snomed.info/id/128854008	http://ncicb.nci.nih.gov/xml/owl/EVS/Thesaurus.owl#C4047	1.0
http://snomed.info/id/128855009	http://ncicb.nci.nih.gov/xml/owl/EVS/Thesaurus.owl#C95597	0.98693204
http://snomed.info/id/128856005	http://ncicb.nci.nih.gov/xml/owl/EVS/Thesaurus.owl#C3411	0.97101134
http://snomed.info/id/128857001	http://ncicb.nci.nih.gov/xml/owl/EVS/Thesaurus.owl#C39976	0.97583669
http://snomed.info/id/128858006	http://ncicb.nci.nih.gov/xml/owl/EVS/Thesaurus.owl#C3791	1.0
http://snomed.info/id/128859003	http://ncicb.nci.nih.gov/xml/owl/EVS/Thesaurus.owl#C7399	1.0
http://snomed.info/id/128860008	http://ncicb.nci.nih.gov/xml/owl/EVS/Thesaurus.owl#C4162	0.99469268
http://snomed.info/id/128862000	http://ncicb.nci.nih.gov/xml/owl/EVS/Thesaurus.owl#C62776	1.0
http://snomed.info/id/128877008	http://ncicb.nci.nih.gov/xml/owl/EVS/Thesaurus.owl#C65181	1.0
http://snomed.info/id/128880009	http://ncicb.nci.nih.gov/xml/owl/EVS/Thesaurus.owl#C66933	0.97775573
http://snomed.info/id/128882001	http://ncicb.nci.nih.gov/xml/owl/EVS/Thesaurus.owl#C6892	1.0
http://snomed.info/id/128883006	http://ncicb.nci.nih.gov/xml/owl/EVS/Thesaurus.owl#C6509	1.0
http://snomed.info/id/128884000	http://ncicb.nci.nih.gov/xml/owl/EVS/Thesaurus.owl#C7596	1.0
http://snomed.info/id/128885004	http://ncicb.nci.nih.gov/xml/owl/EVS/Thesaurus.owl#C40028	0.93808812
http://snomed.info/id/128886003	http://ncicb.nci.nih.gov/xml/owl/EVS/Thesaurus.owl#C67092	0.92075813
http://snomed.info/id/128887007	http://ncicb.nci.nih.gov/xml/owl/EVS/Thesaurus.owl#C66775	0.91679424
http://snomed.info/id/128889005	http://ncicb.nci.nih.gov/xml/owl/EVS/Thesaurus.owl#C2915	0.90632522
http://snomed.info/id/128896007	http://ncicb.nci.nih.gov/xml/owl/EVS/Thesaurus.owl#C6938	0.90906513
http://snomed.info/id/128897003	http://ncicb.nci.nih.gov/xml/owl/EVS/Thesaurus.owl#C162848	0.92379141
http://snomed.info/id/128898008	http://ncicb.nci.nih.gov/xml/owl/EVS/Thesaurus.owl#C27254	0.94901246
http://snomed.info/id/128901009	http://ncicb.nci.nih.gov/xml/owl/EVS/Thesaurus.owl#C3765	0.95843101
http://snomed.info/id/128903007	http://ncicb.nci.nih.gov/xml/owl/EVS/Thesaurus.owl#C4487	0.95270729
http://snomed.info/id/128904001	http://ncicb.nci.nih.gov/xml/owl/EVS/Thesaurus.owl#C53686	1.0
http://snomed.info/id/128905000	http://ncicb.nci.nih.gov/xml/owl/EVS/Thesaurus.owl#C2880	0.90416712
http://snomed.info/id/128906004	http://ncicb.nci.nih.gov/xml/owl/EVS/Thesaurus.owl#C4210	0.96640897
http://snomed.info/id/128908003	http://ncicb.nci.nih.gov/xml/owl/EVS/Thesaurus.owl#C4221	1.0
http://snomed.info/id/128909006	http://ncicb.nci.nih.gov/xml/owl/EVS/Thesaurus.owl#C5419	1.0
http://snomed.info/id/128910001	http://ncicb.nci.nih.gov/xml/owl/EVS/Thesaurus.owl#C66808	0.94550294
http://snomed.info/id/128912009	http://ncicb.nci.nih.gov/xml/owl/EVS/Thesaurus.owl#C4717	1.0
http://snomed.info/id/128913004	http://ncicb.nci.nih.gov/xml/owl/EVS/Thesaurus.owl#C66812	1.0
http://snomed.info/id/128914005	http://ncicb.nci.nih.gov/xml/owl/EVS/Thesaurus.owl#C4723	1.0
http://snomed.info/id/128915006	http://ncicb.nci.nih.gov/xml/owl/EVS/Thesaurus.owl#C27273	0.90173829
http://snomed.info/id/128916007	http://ncicb.nci.nih.gov/xml/owl/EVS/Thesaurus.owl#C4193	0.94146413
http://snomed.info/id/128917003	http://ncicb.nci.nih.gov/xml/owl/EVS/Thesaurus.owl#C7052	1.0
http://snomed.info/id/128918008	http://ncicb.nci.nih.gov/xml/owl/EVS/Thesaurus.owl#C8969	1.0
http://snomed.info/id/128919000	http://ncicb.nci.nih.gov/xml/owl/EVS/Thesaurus.owl#C6934	1.0
http://snomed.info/id/128920006	http://ncicb.nci.nih.gov/xml/owl/EVS/Thesaurus.owl#C7202	1.0
http://snomed.info/id/128921005	http://ncicb.nci.nih.gov/xml/owl/EVS/Thesaurus.owl#C4002	0.90641314
http://snomed.info/id/128922003	http://ncicb.nci.nih.gov/xml/owl/EVS/Thesaurus.owl#C3180	0.96830243
http://snomed.info/id/128923008	http://ncicb.nci.nih.gov/xml/owl/EVS/Thesaurus.owl#C3181	1.0
http://snomed.info/id/128924002	http://ncicb.nci.nih.gov/xml/owl/EVS/Thesaurus.owl#C3169	1.0
http://snomed.info/id/128928004	http://ncicb.nci.nih.gov/xml/owl/EVS/Thesaurus.owl#C3809	1.0
http://snomed.info/id/128929007	http://ncicb.nci.nih.gov/xml/owl/EVS/Thesaurus.owl#C3211	0.97398794
http://snomed.info/id/128930002	http://ncicb.nci.nih.gov/xml/owl/EVS/Thesaurus.owl#C9357	0.9777081
http://snomed.info/id/128931003	http://ncicb.nci.nih.gov/xml/owl/EVS/Thesaurus.owl#C3161	0.96274966
http://snomed.info/id/128932005	http://ncicb.nci.nih.gov/xml/owl/EVS/Thesaurus.owl#C9300	0.97604078
http://snomed.info/id/128933000	http://ncicb.nci.nih.gov/xml/owl/EVS/Thesaurus.owl#C3483	0.97063613
http://snomed.info/id/128934006	http://ncicb.nci.nih.gov/xml/owl/EVS/Thesaurus.owl#C3172	0.98043281
http://snomed.info/id/129000002	http://ncicb.nci.nih.gov/xml/owl/EVS/Thesaurus.owl#C150701	0.92262655
http://snomed.info/id/12933008	http://ncicb.nci.nih.gov/xml/owl/EVS/Thesaurus.owl#C3398	0.98043633
http://snomed.info/id/12943006	http://ncicb.nci.nih.gov/xml/owl/EVS/Thesaurus.owl#C66801	1.0
http://snomed.info/id/130181000119100	http://ncicb.nci.nih.gov/xml/owl/EVS/Thesaurus.owl#C157743	0.9113456
http://snomed.info/id/130221000119108	http://ncicb.nci.nih.gov/xml/owl/EVS/Thesaurus.owl#C5670	0.91399258
http://snomed.info/id/130431000119105	http://ncicb.nci.nih.gov/xml/owl/EVS/Thesaurus.owl#C96061	0.93390423
http://snomed.info/id/130441000119101	http://ncicb.nci.nih.gov/xml/owl/EVS/Thesaurus.owl#C135080	0.92627466
http://snomed.info/id/130451000119104	http://ncicb.nci.nih.gov/xml/owl/EVS/Thesaurus.owl#C135090	0.91136783
http://snomed.info/id/130461000119102	http://ncicb.nci.nih.gov/xml/owl/EVS/Thesaurus.owl#C135092	0.90255326
http://snomed.info/id/130471000119108	http://ncicb.nci.nih.gov/xml/owl/EVS/Thesaurus.owl#C96422	0.92027241
http://snomed.info/id/13048006	http://ncicb.nci.nih.gov/xml/owl/EVS/Thesaurus.owl#C6244	0.95985317
http://snomed.info/id/130531000119109	http://ncicb.nci.nih.gov/xml/owl/EVS/Thesaurus.owl#C135213	0.92299896
http://snomed.info/id/13238004	http://ncicb.nci.nih.gov/xml/owl/EVS/Thesaurus.owl#C4336	1.0
http://snomed.info/id/133751000119102	http://ncicb.nci.nih.gov/xml/owl/EVS/Thesaurus.owl#C4793	0.96550065
http://snomed.info/id/1338007	http://ncicb.nci.nih.gov/xml/owl/EVS/Thesaurus.owl#C156767	1.0
http://snomed.info/id/133850008	http://ncicb.nci.nih.gov/xml/owl/EVS/Thesaurus.owl#C34467	0.95698738
http://snomed.info/id/133851000119107	http://ncicb.nci.nih.gov/xml/owl/EVS/Thesaurus.owl#C173587	0.9081434
http://snomed.info/id/134209002	http://ncicb.nci.nih.gov/xml/owl/EVS/Thesaurus.owl#C7910	0.90105325
http://snomed.info/id/134306007	http://ncicb.nci.nih.gov/xml/owl/EVS/Thesaurus.owl#C7172	0.92219311
http://snomed.info/id/134312002	http://ncicb.nci.nih.gov/xml/owl/EVS/Thesaurus.owl#C4311	1.0
http://snomed.info/id/134328007	http://ncicb.nci.nih.gov/xml/owl/EVS/Thesaurus.owl#C3192	0.99238306
http://snomed.info/id/134335004	http://ncicb.nci.nih.gov/xml/owl/EVS/Thesaurus.owl#C3087	1.0
http://snomed.info/id/134344003	http://ncicb.nci.nih.gov/xml/owl/EVS/Thesaurus.owl#C95595	0.96228284
http://snomed.info/id/13583002	http://ncicb.nci.nih.gov/xml/owl/EVS/Thesaurus.owl#C9348	1.0
http://snomed.info/id/14269005	http://ncicb.nci.nih.gov/xml/owl/EVS/Thesaurus.owl#C8971	1.0
http://snomed.info/id/143291000119104	http://ncicb.nci.nih.gov/xml/owl/EVS/Thesaurus.owl#C158582	1.0
http://snomed.info/id/14494009	http://ncicb.nci.nih.gov/xml/owl/EVS/Thesaurus.owl#C4334	1.0
http://snomed.info/id/14537002	http://ncicb.nci.nih.gov/xml/owl/EVS/Thesaurus.owl#C7164	0.92981273
http://snomed.info/id/145501000119108	http://ncicb.nci.nih.gov/xml/owl/EVS/Thesaurus.owl#C7511	0.92166096
http://snomed.info/id/145751000119104	http://ncicb.nci.nih.gov/xml/owl/EVS/Thesaurus.owl#C3725	0.93409503
http://snomed.info/id/145831000119103	http://ncicb.nci.nih.gov/xml/owl/EVS/Thesaurus.owl#C4925	0.95362943
http://snomed.info/id/146801000119103	http://ncicb.nci.nih.gov/xml/owl/EVS/Thesaurus.owl#C3157	1.0
http://snomed.info/id/147121000119104	http://ncicb.nci.nih.gov/xml/owl/EVS/Thesaurus.owl#C3017	0.96064872
http://snomed.info/id/14799000	http://ncicb.nci.nih.gov/xml/owl/EVS/Thesaurus.owl#C3261	1.0
http://snomed.info/id/148911000119107	http://ncicb.nci.nih.gov/xml/owl/EVS/Thesaurus.owl#C156714	0.92331201
http://snomed.info/id/14990007	http://ncicb.nci.nih.gov/xml/owl/EVS/Thesaurus.owl#C2946	0.963772
http://snomed.info/id/1513001	http://ncicb.nci.nih.gov/xml/owl/EVS/Thesaurus.owl#C3717	1.0
http://snomed.info/id/15176003	http://ncicb.nci.nih.gov/xml/owl/EVS/Thesaurus.owl#C4200	1.0
http://snomed.info/id/15629411000119106	http://ncicb.nci.nih.gov/xml/owl/EVS/Thesaurus.owl#C3795	0.9843443
http://snomed.info/id/15641141000119100	http://ncicb.nci.nih.gov/xml/owl/EVS/Thesaurus.owl#C5338	0.97100806
http://snomed.info/id/1586004	http://ncicb.nci.nih.gov/xml/owl/EVS/Thesaurus.owl#C3696	1.0
http://snomed.info/id/15863451000119107	http://ncicb.nci.nih.gov/xml/owl/EVS/Thesaurus.owl#C5444	0.93009418
http://snomed.info/id/15949004	http://ncicb.nci.nih.gov/xml/owl/EVS/Thesaurus.owl#C7612	1.0
http://snomed.info/id/15957741000119108	http://ncicb.nci.nih.gov/xml/owl/EVS/Thesaurus.owl#C48305	0.90393424
http://snomed.info/id/16090008	http://ncicb.nci.nih.gov/xml/owl/EVS/Thesaurus.owl#C3701	1.0
http://snomed.info/id/16107003	http://ncicb.nci.nih.gov/xml/owl/EVS/Thesaurus.owl#C3358	0.93146461
http://snomed.info/id/16189002	http://ncicb.nci.nih.gov/xml/owl/EVS/Thesaurus.owl#C95596	0.94569385
http://snomed.info/id/16218761000119102	http://ncicb.nci.nih.gov/xml/owl/EVS/Thesaurus.owl#C4042	0.90256602
http://snomed.info/id/1623000	http://ncicb.nci.nih.gov/xml/owl/EVS/Thesaurus.owl#C3697	1.0
http://snomed.info/id/16294321000119104	http://ncicb.nci.nih.gov/xml/owl/EVS/Thesaurus.owl#C37268	0.99280739
http://snomed.info/id/1651000119109	http://ncicb.nci.nih.gov/xml/owl/EVS/Thesaurus.owl#C8294	0.91770035
http://snomed.info/id/16566002	http://ncicb.nci.nih.gov/xml/owl/EVS/Thesaurus.owl#C4274	1.0
http://snomed.info/id/1661000119106	http://ncicb.nci.nih.gov/xml/owl/EVS/Thesaurus.owl#C155908	0.92462742
http://snomed.info/id/16637101000119107	http://ncicb.nci.nih.gov/xml/owl/EVS/Thesaurus.owl#C5335	0.94900507
http://snomed.info/id/16741004	http://ncicb.nci.nih.gov/xml/owl/EVS/Thesaurus.owl#C4094	1.0
http://snomed.info/id/16822006	http://ncicb.nci.nih.gov/xml/owl/EVS/Thesaurus.owl#C3574	0.92210412
http://snomed.info/id/16893006	http://ncicb.nci.nih.gov/xml/owl/EVS/Thesaurus.owl#C66846	0.97472572
http://snomed.info/id/16903531000119107	http://ncicb.nci.nih.gov/xml/owl/EVS/Thesaurus.owl#C4723	0.95937961
http://snomed.info/id/16974005	http://ncicb.nci.nih.gov/xml/owl/EVS/Thesaurus.owl#C4022	0.97489786
http://snomed.info/id/1701000119104	http://ncicb.nci.nih.gov/xml/owl/EVS/Thesaurus.owl#C4349	0.93389624
http://snomed.info/id/17264009	http://ncicb.nci.nih.gov/xml/owl/EVS/Thesaurus.owl#C4397	1.0
http://snomed.info/id/17302008	http://ncicb.nci.nih.gov/xml/owl/EVS/Thesaurus.owl#C66803	1.0
http://snomed.info/id/1752006	http://ncicb.nci.nih.gov/xml/owl/EVS/Thesaurus.owl#C4151	1.0
http://snomed.info/id/17531008	http://ncicb.nci.nih.gov/xml/owl/EVS/Thesaurus.owl#C3951	0.9737407
http://snomed.info/id/17788007	http://ncicb.nci.nih.gov/xml/owl/EVS/Thesaurus.owl#C27753	0.97065914
http://snomed.info/id/17930004	http://ncicb.nci.nih.gov/xml/owl/EVS/Thesaurus.owl#C4229	1.0
http://snomed.info/id/18048008	http://ncicb.nci.nih.gov/xml/owl/EVS/Thesaurus.owl#C4105	1.0
http://snomed.info/id/18450009	http://ncicb.nci.nih.gov/xml/owl/EVS/Thesaurus.owl#C66753	1.0
http://snomed.info/id/184781000119102	http://ncicb.nci.nih.gov/xml/owl/EVS/Thesaurus.owl#C4029	0.91196257
http://snomed.info/id/184801000119103	http://ncicb.nci.nih.gov/xml/owl/EVS/Thesaurus.owl#C4541	0.94939321
http://snomed.info/id/184881000119106	http://ncicb.nci.nih.gov/xml/owl/EVS/Thesaurus.owl#C43584	0.93709648
http://snomed.info/id/184891000119109	http://ncicb.nci.nih.gov/xml/owl/EVS/Thesaurus.owl#C7888	0.93595618
http://snomed.info/id/18588008	http://ncicb.nci.nih.gov/xml/owl/EVS/Thesaurus.owl#C4279	1.0
http://snomed.info/id/18680006	http://ncicb.nci.nih.gov/xml/owl/EVS/Thesaurus.owl#C7689	0.92831898
http://snomed.info/id/187637005	http://ncicb.nci.nih.gov/xml/owl/EVS/Thesaurus.owl#C9345	0.92408484
http://snomed.info/id/187652003	http://ncicb.nci.nih.gov/xml/owl/EVS/Thesaurus.owl#C9318	0.92567879
http://snomed.info/id/187681002	http://ncicb.nci.nih.gov/xml/owl/EVS/Thesaurus.owl#C4836	0.95551443
http://snomed.info/id/187682009	http://ncicb.nci.nih.gov/xml/owl/EVS/Thesaurus.owl#C4836	0.93240654
http://snomed.info/id/187692001	http://ncicb.nci.nih.gov/xml/owl/EVS/Thesaurus.owl#C9321	0.9385199
http://snomed.info/id/187722004	http://ncicb.nci.nih.gov/xml/owl/EVS/Thesaurus.owl#C4763	0.97803116
http://snomed.info/id/187723009	http://ncicb.nci.nih.gov/xml/owl/EVS/Thesaurus.owl#C3532	0.97588265
http://snomed.info/id/187724003	http://ncicb.nci.nih.gov/xml/owl/EVS/Thesaurus.owl#C4764	0.96765
http://snomed.info/id/187725002	http://ncicb.nci.nih.gov/xml/owl/EVS/Thesaurus.owl#C3533	0.99146819
http://snomed.info/id/187726001	http://ncicb.nci.nih.gov/xml/owl/EVS/Thesaurus.owl#C3534	0.99149418
http://snomed.info/id/187727005	http://ncicb.nci.nih.gov/xml/owl/EVS/Thesaurus.owl#C3535	0.99094069
http://snomed.info/id/187741001	http://ncicb.nci.nih.gov/xml/owl/EVS/Thesaurus.owl#C8398	0.91790003
http://snomed.info/id/187760008	http://ncicb.nci.nih.gov/xml/owl/EVS/Thesaurus.owl#C7418	0.90874267
http://snomed.info/id/187767006	http://ncicb.nci.nih.gov/xml/owl/EVS/Thesaurus.owl#C7115	0.91044956
http://snomed.info/id/187769009	http://ncicb.nci.nih.gov/xml/owl/EVS/Thesaurus.owl#C34803	0.9162482
http://snomed.info/id/187801002	http://ncicb.nci.nih.gov/xml/owl/EVS/Thesaurus.owl#C156711	0.94793719
http://snomed.info/id/187821001	http://ncicb.nci.nih.gov/xml/owl/EVS/Thesaurus.owl#C4564	0.9548254
http://snomed.info/id/187841006	http://ncicb.nci.nih.gov/xml/owl/EVS/Thesaurus.owl#C3544	0.98702484
http://snomed.info/id/187842004	http://ncicb.nci.nih.gov/xml/owl/EVS/Thesaurus.owl#C3545	0.98307621
http://snomed.info/id/187956003	http://ncicb.nci.nih.gov/xml/owl/EVS/Thesaurus.owl#C168674	0.91042131
http://snomed.info/id/187957007	http://ncicb.nci.nih.gov/xml/owl/EVS/Thesaurus.owl#C4624	0.94905627
http://snomed.info/id/187988006	http://ncicb.nci.nih.gov/xml/owl/EVS/Thesaurus.owl#C6786	0.90745318
http://snomed.info/id/187989003	http://ncicb.nci.nih.gov/xml/owl/EVS/Thesaurus.owl#C128054	0.90142268
http://snomed.info/id/18799007	http://ncicb.nci.nih.gov/xml/owl/EVS/Thesaurus.owl#C6985	1.0
http://snomed.info/id/188029000	http://ncicb.nci.nih.gov/xml/owl/EVS/Thesaurus.owl#C9112	0.92538118
http://snomed.info/id/188050009	http://ncicb.nci.nih.gov/xml/owl/EVS/Thesaurus.owl#C8410	0.91409755
http://snomed.info/id/188147009	http://ncicb.nci.nih.gov/xml/owl/EVS/Thesaurus.owl#C120455	0.92649341
http://snomed.info/id/188163001	http://ncicb.nci.nih.gov/xml/owl/EVS/Thesaurus.owl#C120454	0.94164294
http://snomed.info/id/188176007	http://ncicb.nci.nih.gov/xml/owl/EVS/Thesaurus.owl#C3553	0.95950818
http://snomed.info/id/188177003	http://ncicb.nci.nih.gov/xml/owl/EVS/Thesaurus.owl#C3553	0.98730749
http://snomed.info/id/188188009	http://ncicb.nci.nih.gov/xml/owl/EVS/Thesaurus.owl#C2948	1.0
http://snomed.info/id/188189001	http://ncicb.nci.nih.gov/xml/owl/EVS/Thesaurus.owl#C3556	0.94114327
http://snomed.info/id/188192002	http://ncicb.nci.nih.gov/xml/owl/EVS/Thesaurus.owl#C27815	0.92691642
http://snomed.info/id/188209005	http://ncicb.nci.nih.gov/xml/owl/EVS/Thesaurus.owl#C7410	0.9535377
http://snomed.info/id/188230001	http://ncicb.nci.nih.gov/xml/owl/EVS/Thesaurus.owl#C7547	0.91884696
http://snomed.info/id/188234005	http://ncicb.nci.nih.gov/xml/owl/EVS/Thesaurus.owl#C161644	0.98558992
http://snomed.info/id/188244007	http://ncicb.nci.nih.gov/xml/owl/EVS/Thesaurus.owl#C9334	0.90363842
http://snomed.info/id/188250002	http://ncicb.nci.nih.gov/xml/owl/EVS/Thesaurus.owl#C7548	0.94114357
http://snomed.info/id/188263008	http://ncicb.nci.nih.gov/xml/owl/EVS/Thesaurus.owl#C4766	0.98913324
http://snomed.info/id/188264002	http://ncicb.nci.nih.gov/xml/owl/EVS/Thesaurus.owl#C4554	0.98171163
http://snomed.info/id/188272000	http://ncicb.nci.nih.gov/xml/owl/EVS/Thesaurus.owl#C3563	0.98734349
http://snomed.info/id/188273005	http://ncicb.nci.nih.gov/xml/owl/EVS/Thesaurus.owl#C175308	0.94562477
http://snomed.info/id/188274004	http://ncicb.nci.nih.gov/xml/owl/EVS/Thesaurus.owl#C3567	0.98848194
http://snomed.info/id/188280007	http://ncicb.nci.nih.gov/xml/owl/EVS/Thesaurus.owl#C4577	0.91084611
http://snomed.info/id/188286001	http://ncicb.nci.nih.gov/xml/owl/EVS/Thesaurus.owl#C175539	0.95356506
http://snomed.info/id/188287005	http://ncicb.nci.nih.gov/xml/owl/EVS/Thesaurus.owl#C4576	0.93594444
http://snomed.info/id/188292007	http://ncicb.nci.nih.gov/xml/owl/EVS/Thesaurus.owl#C4533	0.98335892
http://snomed.info/id/188307009	http://ncicb.nci.nih.gov/xml/owl/EVS/Thesaurus.owl#C3571	0.98400152
http://snomed.info/id/18831000119107	http://ncicb.nci.nih.gov/xml/owl/EVS/Thesaurus.owl#C3226	0.94584608
http://snomed.info/id/188361007	http://ncicb.nci.nih.gov/xml/owl/EVS/Thesaurus.owl#C3576	0.95487463
http://snomed.info/id/188366002	http://ncicb.nci.nih.gov/xml/owl/EVS/Thesaurus.owl#C156714	0.97678602
http://snomed.info/id/188469005	http://ncicb.nci.nih.gov/xml/owl/EVS/Thesaurus.owl#C6385	0.92546737
http://snomed.info/id/188478004	http://ncicb.nci.nih.gov/xml/owl/EVS/Thesaurus.owl#C35427	0.943883
http://snomed.info/id/188487008	http://ncicb.nci.nih.gov/xml/owl/EVS/Thesaurus.owl#C26919	0.92160916
http://snomed.info/id/188498009	http://ncicb.nci.nih.gov/xml/owl/EVS/Thesaurus.owl#C26919	1.0
http://snomed.info/id/188506004	http://ncicb.nci.nih.gov/xml/owl/EVS/Thesaurus.owl#C26960	0.98794347
http://snomed.info/id/188516007	http://ncicb.nci.nih.gov/xml/owl/EVS/Thesaurus.owl#C7309	0.94195378
http://snomed.info/id/18854008	http://ncicb.nci.nih.gov/xml/owl/EVS/Thesaurus.owl#C4291	1.0
http://snomed.info/id/18861007	http://ncicb.nci.nih.gov/xml/owl/EVS/Thesaurus.owl#C4205	1.0
http://snomed.info/id/188674006	http://ncicb.nci.nih.gov/xml/owl/EVS/Thesaurus.owl#C27266	0.9016093
http://snomed.info/id/188676008	http://ncicb.nci.nih.gov/xml/owl/EVS/Thesaurus.owl#C3210	0.91628349
http://snomed.info/id/188725004	http://ncicb.nci.nih.gov/xml/owl/EVS/Thesaurus.owl#C7539	1.0
http://snomed.info/id/188726003	http://ncicb.nci.nih.gov/xml/owl/EVS/Thesaurus.owl#C7539	0.90397066
http://snomed.info/id/188728002	http://ncicb.nci.nih.gov/xml/owl/EVS/Thesaurus.owl#C4343	1.0
http://snomed.info/id/188729005	http://ncicb.nci.nih.gov/xml/owl/EVS/Thesaurus.owl#C3184	0.95396245
http://snomed.info/id/188732008	http://ncicb.nci.nih.gov/xml/owl/EVS/Thesaurus.owl#C3172	1.0
http://snomed.info/id/188733003	http://ncicb.nci.nih.gov/xml/owl/EVS/Thesaurus.owl#C4563	0.95987141
http://snomed.info/id/188734009	http://ncicb.nci.nih.gov/xml/owl/EVS/Thesaurus.owl#C3179	1.0
http://snomed.info/id/188741003	http://ncicb.nci.nih.gov/xml/owl/EVS/Thesaurus.owl#C4982	0.93883467
http://snomed.info/id/188744006	http://ncicb.nci.nih.gov/xml/owl/EVS/Thesaurus.owl#C4861	0.93984544
http://snomed.info/id/188745007	http://ncicb.nci.nih.gov/xml/owl/EVS/Thesaurus.owl#C34774	1.0
http://snomed.info/id/188748009	http://ncicb.nci.nih.gov/xml/owl/EVS/Thesaurus.owl#C4861	0.91541618
http://snomed.info/id/188754005	http://ncicb.nci.nih.gov/xml/owl/EVS/Thesaurus.owl#C3170	0.91111267
http://snomed.info/id/188768003	http://ncicb.nci.nih.gov/xml/owl/EVS/Thesaurus.owl#C7463	0.933909
http://snomed.info/id/188798005	http://ncicb.nci.nih.gov/xml/owl/EVS/Thesaurus.owl#C4604	0.95165259
http://snomed.info/id/188800003	http://ncicb.nci.nih.gov/xml/owl/EVS/Thesaurus.owl#C3595	0.94060045
http://snomed.info/id/188802006	http://ncicb.nci.nih.gov/xml/owl/EVS/Thesaurus.owl#C3597	0.91655183
http://snomed.info/id/188803001	http://ncicb.nci.nih.gov/xml/owl/EVS/Thesaurus.owl#C3595	0.91797602
http://snomed.info/id/188848002	http://ncicb.nci.nih.gov/xml/owl/EVS/Thesaurus.owl#C4612	0.91869348
http://snomed.info/id/188857008	http://ncicb.nci.nih.gov/xml/owl/EVS/Thesaurus.owl#C156713	0.93485594
http://snomed.info/id/188915003	http://ncicb.nci.nih.gov/xml/owl/EVS/Thesaurus.owl#C4599	0.95649737
http://snomed.info/id/188917006	http://ncicb.nci.nih.gov/xml/owl/EVS/Thesaurus.owl#C3621	0.91196996
http://snomed.info/id/188932004	http://ncicb.nci.nih.gov/xml/owl/EVS/Thesaurus.owl#C8416	0.95384723
http://snomed.info/id/188987003	http://ncicb.nci.nih.gov/xml/owl/EVS/Thesaurus.owl#C4618	0.9461996
http://snomed.info/id/188988008	http://ncicb.nci.nih.gov/xml/owl/EVS/Thesaurus.owl#C4618	0.91398567
http://snomed.info/id/188990009	http://ncicb.nci.nih.gov/xml/owl/EVS/Thesaurus.owl#C4616	0.96972144
http://snomed.info/id/188991008	http://ncicb.nci.nih.gov/xml/owl/EVS/Thesaurus.owl#C6719	0.93817967
http://snomed.info/id/188992001	http://ncicb.nci.nih.gov/xml/owl/EVS/Thesaurus.owl#C6719	0.91160369
http://snomed.info/id/188993006	http://ncicb.nci.nih.gov/xml/owl/EVS/Thesaurus.owl#C35419	0.93748719
http://snomed.info/id/189017000	http://ncicb.nci.nih.gov/xml/owl/EVS/Thesaurus.owl#C4619	0.98715669
http://snomed.info/id/189024004	http://ncicb.nci.nih.gov/xml/owl/EVS/Thesaurus.owl#C128053	0.90915906
http://snomed.info/id/189130001	http://ncicb.nci.nih.gov/xml/owl/EVS/Thesaurus.owl#C8418	0.97961038
http://snomed.info/id/189138008	http://ncicb.nci.nih.gov/xml/owl/EVS/Thesaurus.owl#C3615	0.932486
http://snomed.info/id/189140003	http://ncicb.nci.nih.gov/xml/owl/EVS/Thesaurus.owl#C161643	0.97964901
http://snomed.info/id/189151003	http://ncicb.nci.nih.gov/xml/owl/EVS/Thesaurus.owl#C4555	0.97873557
http://snomed.info/id/189155007	http://ncicb.nci.nih.gov/xml/owl/EVS/Thesaurus.owl#C175307	0.95070058
http://snomed.info/id/189156008	http://ncicb.nci.nih.gov/xml/owl/EVS/Thesaurus.owl#C3626	1.0
http://snomed.info/id/189162003	http://ncicb.nci.nih.gov/xml/owl/EVS/Thesaurus.owl#C4963	0.96625692
http://snomed.info/id/189164002	http://ncicb.nci.nih.gov/xml/owl/EVS/Thesaurus.owl#C4807	1.0
http://snomed.info/id/189167009	http://ncicb.nci.nih.gov/xml/owl/EVS/Thesaurus.owl#C5134	0.94142729
http://snomed.info/id/189179009	http://ncicb.nci.nih.gov/xml/owl/EVS/Thesaurus.owl#C2964	1.0
http://snomed.info/id/189197001	http://ncicb.nci.nih.gov/xml/owl/EVS/Thesaurus.owl#C3635	0.9920072
http://snomed.info/id/189336000	http://ncicb.nci.nih.gov/xml/owl/EVS/Thesaurus.owl#C2924	0.90333635
http://snomed.info/id/189565007	http://ncicb.nci.nih.gov/xml/owl/EVS/Thesaurus.owl#C2906	0.94210547
http://snomed.info/id/189598002	http://ncicb.nci.nih.gov/xml/owl/EVS/Thesaurus.owl#C7680	1.0
http://snomed.info/id/189607006	http://ncicb.nci.nih.gov/xml/owl/EVS/Thesaurus.owl#C2915	0.99339205
http://snomed.info/id/18977007	http://ncicb.nci.nih.gov/xml/owl/EVS/Thesaurus.owl#C4165	0.98284656
http://snomed.info/id/189814006	http://ncicb.nci.nih.gov/xml/owl/EVS/Thesaurus.owl#C4265	1.0
http://snomed.info/id/189815007	http://ncicb.nci.nih.gov/xml/owl/EVS/Thesaurus.owl#C3732	1.0
http://snomed.info/id/189833001	http://ncicb.nci.nih.gov/xml/owl/EVS/Thesaurus.owl#C4282	0.95475954
http://snomed.info/id/189847002	http://ncicb.nci.nih.gov/xml/owl/EVS/Thesaurus.owl#C4287	1.0
http://snomed.info/id/189906004	http://ncicb.nci.nih.gov/xml/owl/EVS/Thesaurus.owl#C6965	0.92919129
http://snomed.info/id/189924002	http://ncicb.nci.nih.gov/xml/owl/EVS/Thesaurus.owl#C4323	1.0
http://snomed.info/id/189948006	http://ncicb.nci.nih.gov/xml/owl/EVS/Thesaurus.owl#C3269	1.0
http://snomed.info/id/189982000	http://ncicb.nci.nih.gov/xml/owl/EVS/Thesaurus.owl#C27824	0.99254632
http://snomed.info/id/190055003	http://ncicb.nci.nih.gov/xml/owl/EVS/Thesaurus.owl#C26813	0.94909632
http://snomed.info/id/19071004	http://ncicb.nci.nih.gov/xml/owl/EVS/Thesaurus.owl#C40164	0.94559872
http://snomed.info/id/190802005	http://ncicb.nci.nih.gov/xml/owl/EVS/Thesaurus.owl#C27486	1.0
http://snomed.info/id/190818004	http://ncicb.nci.nih.gov/xml/owl/EVS/Thesaurus.owl#C80307	1.0000006
http://snomed.info/id/19133005	http://ncicb.nci.nih.gov/xml/owl/EVS/Thesaurus.owl#C6727	0.96141571
http://snomed.info/id/19134004	http://ncicb.nci.nih.gov/xml/owl/EVS/Thesaurus.owl#C66765	1.0
http://snomed.info/id/19138001	http://ncicb.nci.nih.gov/xml/owl/EVS/Thesaurus.owl#C126877	1.0
http://snomed.info/id/1929004	http://ncicb.nci.nih.gov/xml/owl/EVS/Thesaurus.owl#C3211	0.9277665
http://snomed.info/id/19329008	http://ncicb.nci.nih.gov/xml/owl/EVS/Thesaurus.owl#C4166	0.98093992
http://snomed.info/id/19340000	http://ncicb.nci.nih.gov/xml/owl/EVS/Thesaurus.owl#C3212	0.95893842
http://snomed.info/id/195759002	http://ncicb.nci.nih.gov/xml/owl/EVS/Thesaurus.owl#C4367	1.0
http://snomed.info/id/196568006	http://ncicb.nci.nih.gov/xml/owl/EVS/Thesaurus.owl#C8425	1.0
http://snomed.info/id/197433003	http://ncicb.nci.nih.gov/xml/owl/EVS/Thesaurus.owl#C3909	0.9806931
http://snomed.info/id/19750001	http://ncicb.nci.nih.gov/xml/owl/EVS/Thesaurus.owl#C3825	1.0
http://snomed.info/id/19756007	http://ncicb.nci.nih.gov/xml/owl/EVS/Thesaurus.owl#C65188	1.0
http://snomed.info/id/197821004	http://ncicb.nci.nih.gov/xml/owl/EVS/Thesaurus.owl#C4530	0.9881134
http://snomed.info/id/198321009	http://ncicb.nci.nih.gov/xml/owl/EVS/Thesaurus.owl#C34519	1.0
http://snomed.info/id/19897006	http://ncicb.nci.nih.gov/xml/owl/EVS/Thesaurus.owl#C3798	1.0
http://snomed.info/id/19906005	http://ncicb.nci.nih.gov/xml/owl/EVS/Thesaurus.owl#C7541	1.0
http://snomed.info/id/19928005	http://ncicb.nci.nih.gov/xml/owl/EVS/Thesaurus.owl#C3042	1.0
http://snomed.info/id/19929002	http://ncicb.nci.nih.gov/xml/owl/EVS/Thesaurus.owl#C3734	1.0
http://snomed.info/id/201091002	http://ncicb.nci.nih.gov/xml/owl/EVS/Thesaurus.owl#C3374	1.0
http://snomed.info/id/201101007	http://ncicb.nci.nih.gov/xml/owl/EVS/Thesaurus.owl#C3148	1.0
http://snomed.info/id/201161009	http://ncicb.nci.nih.gov/xml/owl/EVS/Thesaurus.owl#C3074	0.95268041
http://snomed.info/id/201325006	http://ncicb.nci.nih.gov/xml/owl/EVS/Thesaurus.owl#C4632	0.99869931
http://snomed.info/id/2026006	http://ncicb.nci.nih.gov/xml/owl/EVS/Thesaurus.owl#C67090	1.0
http://snomed.info/id/20376005	http://ncicb.nci.nih.gov/xml/owl/EVS/Thesaurus.owl#C3677	0.93163037
http://snomed.info/id/20462008	http://ncicb.nci.nih.gov/xml/owl/EVS/Thesaurus.owl#C4313	1.0
http://snomed.info/id/208041000119100	http://ncicb.nci.nih.gov/xml/owl/EVS/Thesaurus.owl#C66951	0.93204761
http://snomed.info/id/20810002	http://ncicb.nci.nih.gov/xml/owl/EVS/Thesaurus.owl#C3736	0.91565531
http://snomed.info/id/20829008	http://ncicb.nci.nih.gov/xml/owl/EVS/Thesaurus.owl#C27287	0.96477097
http://snomed.info/id/20955008	http://ncicb.nci.nih.gov/xml/owl/EVS/Thesaurus.owl#C65186	0.96879739
http://snomed.info/id/20985003	http://ncicb.nci.nih.gov/xml/owl/EVS/Thesaurus.owl#C4299	0.95254827
http://snomed.info/id/21008007	http://ncicb.nci.nih.gov/xml/owl/EVS/Thesaurus.owl#C2971	1.0
http://snomed.info/id/210233007	http://ncicb.nci.nih.gov/xml/owl/EVS/Thesaurus.owl#C8461	1.0
http://snomed.info/id/21119008	http://ncicb.nci.nih.gov/xml/owl/EVS/Thesaurus.owl#C27816	0.95587897
http://snomed.info/id/21181001	http://ncicb.nci.nih.gov/xml/owl/EVS/Thesaurus.owl#C66746	1.0
http://snomed.info/id/21326004	http://ncicb.nci.nih.gov/xml/owl/EVS/Thesaurus.owl#C9137	0.92663842
http://snomed.info/id/21396005	http://ncicb.nci.nih.gov/xml/owl/EVS/Thesaurus.owl#C3703	1.0
http://snomed.info/id/2142002	http://ncicb.nci.nih.gov/xml/owl/EVS/Thesaurus.owl#C4225	0.98665601
http://snomed.info/id/21589007	http://ncicb.nci.nih.gov/xml/owl/EVS/Thesaurus.owl#C4049	1.0
http://snomed.info/id/21708004	http://ncicb.nci.nih.gov/xml/owl/EVS/Thesaurus.owl#C35870	0.92328554
http://snomed.info/id/21851000119103	http://ncicb.nci.nih.gov/xml/owl/EVS/Thesaurus.owl#C4220	0.9804166
http://snomed.info/id/21912003	http://ncicb.nci.nih.gov/xml/owl/EVS/Thesaurus.owl#C4288	0.90932596
http://snomed.info/id/21930005	http://ncicb.nci.nih.gov/xml/owl/EVS/Thesaurus.owl#C3688	1.0
http://snomed.info/id/21968007	http://ncicb.nci.nih.gov/xml/owl/EVS/Thesaurus.owl#C126594	0.93610334
http://snomed.info/id/22024005	http://ncicb.nci.nih.gov/xml/owl/EVS/Thesaurus.owl#C4159	1.0
http://snomed.info/id/22116003	http://ncicb.nci.nih.gov/xml/owl/EVS/Thesaurus.owl#C4180	1.0
http://snomed.info/id/22197008	http://ncicb.nci.nih.gov/xml/owl/EVS/Thesaurus.owl#C7400	0.97922343
http://snomed.info/id/2221008	http://ncicb.nci.nih.gov/xml/owl/EVS/Thesaurus.owl#C4295	0.92307067
http://snomed.info/id/22217002	http://ncicb.nci.nih.gov/xml/owl/EVS/Thesaurus.owl#C3903	1.0
http://snomed.info/id/22228003	http://ncicb.nci.nih.gov/xml/owl/EVS/Thesaurus.owl#C65196	1.0
http://snomed.info/id/22257004	http://ncicb.nci.nih.gov/xml/owl/EVS/Thesaurus.owl#C3942	0.92529279
http://snomed.info/id/2227007	http://ncicb.nci.nih.gov/xml/owl/EVS/Thesaurus.owl#C9325	0.98935461
http://snomed.info/id/22331004	http://ncicb.nci.nih.gov/xml/owl/EVS/Thesaurus.owl#C4861	0.96613431
http://snomed.info/id/226521000119108	http://ncicb.nci.nih.gov/xml/owl/EVS/Thesaurus.owl#C9321	0.9065823
http://snomed.info/id/22687000	http://ncicb.nci.nih.gov/xml/owl/EVS/Thesaurus.owl#C3780	1.0
http://snomed.info/id/22694002	http://ncicb.nci.nih.gov/xml/owl/EVS/Thesaurus.owl#C4202	1.0
http://snomed.info/id/22725004	http://ncicb.nci.nih.gov/xml/owl/EVS/Thesaurus.owl#C8336	0.9703213
http://snomed.info/id/22858003	http://ncicb.nci.nih.gov/xml/owl/EVS/Thesaurus.owl#C8371	1.0
http://snomed.info/id/230789008	http://ncicb.nci.nih.gov/xml/owl/EVS/Thesaurus.owl#C3268	0.90684789
http://snomed.info/id/23132008	http://ncicb.nci.nih.gov/xml/owl/EVS/Thesaurus.owl#C158963	0.93190384
http://snomed.info/id/231824001	http://ncicb.nci.nih.gov/xml/owl/EVS/Thesaurus.owl#C4354	0.97987211
http://snomed.info/id/231825000	http://ncicb.nci.nih.gov/xml/owl/EVS/Thesaurus.owl#C4355	0.98943043
http://snomed.info/id/231826004	http://ncicb.nci.nih.gov/xml/owl/EVS/Thesaurus.owl#C4356	0.9826436
http://snomed.info/id/231827008	http://ncicb.nci.nih.gov/xml/owl/EVS/Thesaurus.owl#C3880	0.9817329
http://snomed.info/id/231828003	http://ncicb.nci.nih.gov/xml/owl/EVS/Thesaurus.owl#C4357	0.99086177
http://snomed.info/id/231829006	http://ncicb.nci.nih.gov/xml/owl/EVS/Thesaurus.owl#C6786	0.99159712
http://snomed.info/id/231833004	http://ncicb.nci.nih.gov/xml/owl/EVS/Thesaurus.owl#C134831	0.94499242
http://snomed.info/id/231834005	http://ncicb.nci.nih.gov/xml/owl/EVS/Thesaurus.owl#C4358	0.95096916
http://snomed.info/id/231964001	http://ncicb.nci.nih.gov/xml/owl/EVS/Thesaurus.owl#C3142	0.94963598
http://snomed.info/id/232246001	http://ncicb.nci.nih.gov/xml/owl/EVS/Thesaurus.owl#C6933	0.90159547
http://snomed.info/id/232336001	http://ncicb.nci.nih.gov/xml/owl/EVS/Thesaurus.owl#C7073	0.91472447
http://snomed.info/id/232338000	http://ncicb.nci.nih.gov/xml/owl/EVS/Thesaurus.owl#C4412	0.91430312
http://snomed.info/id/232364006	http://ncicb.nci.nih.gov/xml/owl/EVS/Thesaurus.owl#C4369	0.90736079
http://snomed.info/id/232457008	http://ncicb.nci.nih.gov/xml/owl/EVS/Thesaurus.owl#C157733	1.0
http://snomed.info/id/23255001	http://ncicb.nci.nih.gov/xml/owl/EVS/Thesaurus.owl#C4308	0.92151123
http://snomed.info/id/232805002	http://ncicb.nci.nih.gov/xml/owl/EVS/Thesaurus.owl#C3595	0.95862597
http://snomed.info/id/233719000	http://ncicb.nci.nih.gov/xml/owl/EVS/Thesaurus.owl#C4370	0.9902178
http://snomed.info/id/233854003	http://ncicb.nci.nih.gov/xml/owl/EVS/Thesaurus.owl#C3499	1.0
http://snomed.info/id/233855002	http://ncicb.nci.nih.gov/xml/owl/EVS/Thesaurus.owl#C3499	0.91279477
http://snomed.info/id/233940007	http://ncicb.nci.nih.gov/xml/owl/EVS/Thesaurus.owl#C3005	0.90495223
http://snomed.info/id/2348006	http://ncicb.nci.nih.gov/xml/owl/EVS/Thesaurus.owl#C3762	1.0
http://snomed.info/id/235001002	http://ncicb.nci.nih.gov/xml/owl/EVS/Thesaurus.owl#C4693	1.0
http://snomed.info/id/235027002	http://ncicb.nci.nih.gov/xml/owl/EVS/Thesaurus.owl#C3187	0.92651701
http://snomed.info/id/235028007	http://ncicb.nci.nih.gov/xml/owl/EVS/Thesaurus.owl#C4694	1.0
http://snomed.info/id/235029004	http://ncicb.nci.nih.gov/xml/owl/EVS/Thesaurus.owl#C4695	1.0
http://snomed.info/id/235030009	http://ncicb.nci.nih.gov/xml/owl/EVS/Thesaurus.owl#C3187	0.92931402
http://snomed.info/id/235031008	http://ncicb.nci.nih.gov/xml/owl/EVS/Thesaurus.owl#C3187	0.94082147
http://snomed.info/id/235052000	http://ncicb.nci.nih.gov/xml/owl/EVS/Thesaurus.owl#C4372	0.91734368
http://snomed.info/id/235075007	http://ncicb.nci.nih.gov/xml/owl/EVS/Thesaurus.owl#C7606	0.95243382
http://snomed.info/id/235132004	http://ncicb.nci.nih.gov/xml/owl/EVS/Thesaurus.owl#C3361	0.98870516
http://snomed.info/id/235966007	http://ncicb.nci.nih.gov/xml/owl/EVS/Thesaurus.owl#C3874	0.9713434
http://snomed.info/id/235967003	http://ncicb.nci.nih.gov/xml/owl/EVS/Thesaurus.owl#C4374	0.97823477
http://snomed.info/id/235968008	http://ncicb.nci.nih.gov/xml/owl/EVS/Thesaurus.owl#C4613	0.9336406
http://snomed.info/id/236005001	http://ncicb.nci.nih.gov/xml/owl/EVS/Thesaurus.owl#C3815	1.0
http://snomed.info/id/236019001	http://ncicb.nci.nih.gov/xml/owl/EVS/Thesaurus.owl#C7337	0.92467654
http://snomed.info/id/23604003	http://ncicb.nci.nih.gov/xml/owl/EVS/Thesaurus.owl#C40424	1.0
http://snomed.info/id/236513009	http://ncicb.nci.nih.gov/xml/owl/EVS/Thesaurus.owl#C63532	0.96287602
http://snomed.info/id/236740006	http://ncicb.nci.nih.gov/xml/owl/EVS/Thesaurus.owl#C39908	0.96509564
http://snomed.info/id/236811000119101	http://ncicb.nci.nih.gov/xml/owl/EVS/Thesaurus.owl#C7477	0.98415297
http://snomed.info/id/237057005	http://ncicb.nci.nih.gov/xml/owl/EVS/Thesaurus.owl#C4381	0.96038544
http://snomed.info/id/237058000	http://ncicb.nci.nih.gov/xml/owl/EVS/Thesaurus.owl#C4862	0.91876966
http://snomed.info/id/237059008	http://ncicb.nci.nih.gov/xml/owl/EVS/Thesaurus.owl#C3873	0.97122407
http://snomed.info/id/237191007	http://ncicb.nci.nih.gov/xml/owl/EVS/Thesaurus.owl#C2939	0.92072099
http://snomed.info/id/237249000	http://ncicb.nci.nih.gov/xml/owl/EVS/Thesaurus.owl#C4871	1.0
http://snomed.info/id/237250000	http://ncicb.nci.nih.gov/xml/owl/EVS/Thesaurus.owl#C4871	0.95543885
http://snomed.info/id/237252008	http://ncicb.nci.nih.gov/xml/owl/EVS/Thesaurus.owl#C3757	0.97197044
http://snomed.info/id/237457000	http://ncicb.nci.nih.gov/xml/owl/EVS/Thesaurus.owl#C36087	0.90379786
http://snomed.info/id/237495005	http://ncicb.nci.nih.gov/xml/owl/EVS/Thesaurus.owl#C3415	0.99264264
http://snomed.info/id/237557003	http://ncicb.nci.nih.gov/xml/owl/EVS/Thesaurus.owl#C3415	0.91958809
http://snomed.info/id/238701007	http://ncicb.nci.nih.gov/xml/owl/EVS/Thesaurus.owl#C4233	1.0
http://snomed.info/id/238770007	http://ncicb.nci.nih.gov/xml/owl/EVS/Thesaurus.owl#C4391	1.0
http://snomed.info/id/238798005	http://ncicb.nci.nih.gov/xml/owl/EVS/Thesaurus.owl#C8965	0.95088297
http://snomed.info/id/238799002	http://ncicb.nci.nih.gov/xml/owl/EVS/Thesaurus.owl#C45485	1.0
http://snomed.info/id/238800003	http://ncicb.nci.nih.gov/xml/owl/EVS/Thesaurus.owl#C45485	0.95000011
http://snomed.info/id/238805008	http://ncicb.nci.nih.gov/xml/owl/EVS/Thesaurus.owl#C3203	0.95452851
http://snomed.info/id/238863004	http://ncicb.nci.nih.gov/xml/owl/EVS/Thesaurus.owl#C4700	0.97237045
http://snomed.info/id/238865006	http://ncicb.nci.nih.gov/xml/owl/EVS/Thesaurus.owl#C4811	1.0
http://snomed.info/id/239108002	http://ncicb.nci.nih.gov/xml/owl/EVS/Thesaurus.owl#C3804	0.90235388
http://snomed.info/id/239115005	http://ncicb.nci.nih.gov/xml/owl/EVS/Thesaurus.owl#C4703	1.0
http://snomed.info/id/239118007	http://ncicb.nci.nih.gov/xml/owl/EVS/Thesaurus.owl#C4740	1.0
http://snomed.info/id/239121009	http://ncicb.nci.nih.gov/xml/owl/EVS/Thesaurus.owl#C4172	1.0
http://snomed.info/id/239127008	http://ncicb.nci.nih.gov/xml/owl/EVS/Thesaurus.owl#C3074	0.93118262
http://snomed.info/id/239128003	http://ncicb.nci.nih.gov/xml/owl/EVS/Thesaurus.owl#C4704	1.0
http://snomed.info/id/239297008	http://ncicb.nci.nih.gov/xml/owl/EVS/Thesaurus.owl#C45607	0.96719354
http://snomed.info/id/23966000	http://ncicb.nci.nih.gov/xml/owl/EVS/Thesaurus.owl#C3932	0.97272986
http://snomed.info/id/239940004	http://ncicb.nci.nih.gov/xml/owl/EVS/Thesaurus.owl#C7930	1.0
http://snomed.info/id/24007003	http://ncicb.nci.nih.gov/xml/owl/EVS/Thesaurus.owl#C4264	0.99719346
http://snomed.info/id/240163000	http://ncicb.nci.nih.gov/xml/owl/EVS/Thesaurus.owl#C9321	0.95680428
http://snomed.info/id/240204004	http://ncicb.nci.nih.gov/xml/owl/EVS/Thesaurus.owl#C8964	0.95757759
http://snomed.info/id/240207006	http://ncicb.nci.nih.gov/xml/owl/EVS/Thesaurus.owl#C34467	1.0
http://snomed.info/id/24045002	http://ncicb.nci.nih.gov/xml/owl/EVS/Thesaurus.owl#C7450	1.0
http://snomed.info/id/240531002	http://ncicb.nci.nih.gov/xml/owl/EVS/Thesaurus.owl#C27122	0.93207282
http://snomed.info/id/240545008	http://ncicb.nci.nih.gov/xml/owl/EVS/Thesaurus.owl#C4394	1.0
http://snomed.info/id/24072005	http://ncicb.nci.nih.gov/xml/owl/EVS/Thesaurus.owl#C9300	0.93292719
http://snomed.info/id/241861008	http://ncicb.nci.nih.gov/xml/owl/EVS/Thesaurus.owl#C6030	0.99140465
http://snomed.info/id/2424003	http://ncicb.nci.nih.gov/xml/owl/EVS/Thesaurus.owl#C9118	0.9288463
http://snomed.info/id/24253004	http://ncicb.nci.nih.gov/xml/owl/EVS/Thesaurus.owl#C8334	0.93675166
http://snomed.info/id/24327009	http://ncicb.nci.nih.gov/xml/owl/EVS/Thesaurus.owl#C7468	1.0
http://snomed.info/id/24482001	http://ncicb.nci.nih.gov/xml/owl/EVS/Thesaurus.owl#C7559	1.0
http://snomed.info/id/2460001000004103	http://ncicb.nci.nih.gov/xml/owl/EVS/Thesaurus.owl#C6644	0.94381237
http://snomed.info/id/24604009	http://ncicb.nci.nih.gov/xml/owl/EVS/Thesaurus.owl#C3706	0.92176694
http://snomed.info/id/24653009	http://ncicb.nci.nih.gov/xml/owl/EVS/Thesaurus.owl#C4238	1.0
http://snomed.info/id/24762001	http://ncicb.nci.nih.gov/xml/owl/EVS/Thesaurus.owl#C4114	0.95526183
http://snomed.info/id/24815001	http://ncicb.nci.nih.gov/xml/owl/EVS/Thesaurus.owl#C4211	0.96256661
http://snomed.info/id/249446000	http://ncicb.nci.nih.gov/xml/owl/EVS/Thesaurus.owl#C4709	1.0
http://snomed.info/id/25081006	http://ncicb.nci.nih.gov/xml/owl/EVS/Thesaurus.owl#C114235	0.90806049
http://snomed.info/id/25173007	http://ncicb.nci.nih.gov/xml/owl/EVS/Thesaurus.owl#C4798	0.97955012
http://snomed.info/id/25190001	http://ncicb.nci.nih.gov/xml/owl/EVS/Thesaurus.owl#C4126	1.0
http://snomed.info/id/25239006	http://ncicb.nci.nih.gov/xml/owl/EVS/Thesaurus.owl#C8965	0.95333755
http://snomed.info/id/252986008	http://ncicb.nci.nih.gov/xml/owl/EVS/Thesaurus.owl#C3005	0.9398402
http://snomed.info/id/252989001	http://ncicb.nci.nih.gov/xml/owl/EVS/Thesaurus.owl#C2906	0.90459359
http://snomed.info/id/252994001	http://ncicb.nci.nih.gov/xml/owl/EVS/Thesaurus.owl#C4742	0.99372798
http://snomed.info/id/252995000	http://ncicb.nci.nih.gov/xml/owl/EVS/Thesaurus.owl#C7586	0.99308866
http://snomed.info/id/252996004	http://ncicb.nci.nih.gov/xml/owl/EVS/Thesaurus.owl#C4743	0.99512982
http://snomed.info/id/252998003	http://ncicb.nci.nih.gov/xml/owl/EVS/Thesaurus.owl#C3010	0.94587398
http://snomed.info/id/252999006	http://ncicb.nci.nih.gov/xml/owl/EVS/Thesaurus.owl#C3575	0.97534353
http://snomed.info/id/253000007	http://ncicb.nci.nih.gov/xml/owl/EVS/Thesaurus.owl#C3773	1.0
http://snomed.info/id/253001006	http://ncicb.nci.nih.gov/xml/owl/EVS/Thesaurus.owl#C9231	1.0
http://snomed.info/id/253002004	http://ncicb.nci.nih.gov/xml/owl/EVS/Thesaurus.owl#C43565	0.92888707
http://snomed.info/id/253004003	http://ncicb.nci.nih.gov/xml/owl/EVS/Thesaurus.owl#C4621	0.98583794
http://snomed.info/id/253006001	http://ncicb.nci.nih.gov/xml/owl/EVS/Thesaurus.owl#C95595	0.97246772
http://snomed.info/id/253013001	http://ncicb.nci.nih.gov/xml/owl/EVS/Thesaurus.owl#C7113	1.0
http://snomed.info/id/253014007	http://ncicb.nci.nih.gov/xml/owl/EVS/Thesaurus.owl#C40051	0.95875382
http://snomed.info/id/253015008	http://ncicb.nci.nih.gov/xml/owl/EVS/Thesaurus.owl#C40072	0.95548034
http://snomed.info/id/253020008	http://ncicb.nci.nih.gov/xml/owl/EVS/Thesaurus.owl#C7563	0.95797074
http://snomed.info/id/253021007	http://ncicb.nci.nih.gov/xml/owl/EVS/Thesaurus.owl#C4173	0.97857952
http://snomed.info/id/253025003	http://ncicb.nci.nih.gov/xml/owl/EVS/Thesaurus.owl#C4711	1.0
http://snomed.info/id/253026002	http://ncicb.nci.nih.gov/xml/owl/EVS/Thesaurus.owl#C4712	1.0
http://snomed.info/id/253029009	http://ncicb.nci.nih.gov/xml/owl/EVS/Thesaurus.owl#C3308	0.92554122
http://snomed.info/id/253032007	http://ncicb.nci.nih.gov/xml/owl/EVS/Thesaurus.owl#C48305	0.97837162
http://snomed.info/id/253038006	http://ncicb.nci.nih.gov/xml/owl/EVS/Thesaurus.owl#C66758	1.0
http://snomed.info/id/253042009	http://ncicb.nci.nih.gov/xml/owl/EVS/Thesaurus.owl#C38106	1.0
http://snomed.info/id/253046007	http://ncicb.nci.nih.gov/xml/owl/EVS/Thesaurus.owl#C4883	0.91429567
http://snomed.info/id/253047003	http://ncicb.nci.nih.gov/xml/owl/EVS/Thesaurus.owl#C4882	0.93066537
http://snomed.info/id/253051001	http://ncicb.nci.nih.gov/xml/owl/EVS/Thesaurus.owl#C4746	0.90314656
http://snomed.info/id/253053003	http://ncicb.nci.nih.gov/xml/owl/EVS/Thesaurus.owl#C3085	0.94165224
http://snomed.info/id/253057002	http://ncicb.nci.nih.gov/xml/owl/EVS/Thesaurus.owl#C8965	0.95449996
http://snomed.info/id/253061008	http://ncicb.nci.nih.gov/xml/owl/EVS/Thesaurus.owl#C3268	0.94714838
http://snomed.info/id/253062001	http://ncicb.nci.nih.gov/xml/owl/EVS/Thesaurus.owl#C9293	0.94043171
http://snomed.info/id/253067007	http://ncicb.nci.nih.gov/xml/owl/EVS/Thesaurus.owl#C4713	1.0
http://snomed.info/id/253068002	http://ncicb.nci.nih.gov/xml/owl/EVS/Thesaurus.owl#C4714	1.0
http://snomed.info/id/253071005	http://ncicb.nci.nih.gov/xml/owl/EVS/Thesaurus.owl#C4050	0.94780004
http://snomed.info/id/253072003	http://ncicb.nci.nih.gov/xml/owl/EVS/Thesaurus.owl#C6959	1.0
http://snomed.info/id/253074002	http://ncicb.nci.nih.gov/xml/owl/EVS/Thesaurus.owl#C4738	0.94755363
http://snomed.info/id/253079007	http://ncicb.nci.nih.gov/xml/owl/EVS/Thesaurus.owl#C6767	0.94724238
http://snomed.info/id/253081009	http://ncicb.nci.nih.gov/xml/owl/EVS/Thesaurus.owl#C4718	1.0
http://snomed.info/id/253083007	http://ncicb.nci.nih.gov/xml/owl/EVS/Thesaurus.owl#C4720	0.9887172
http://snomed.info/id/253084001	http://ncicb.nci.nih.gov/xml/owl/EVS/Thesaurus.owl#C4721	1.0
http://snomed.info/id/253085000	http://ncicb.nci.nih.gov/xml/owl/EVS/Thesaurus.owl#C8426	0.94963837
http://snomed.info/id/253086004	http://ncicb.nci.nih.gov/xml/owl/EVS/Thesaurus.owl#C4724	1.0
http://snomed.info/id/253087008	http://ncicb.nci.nih.gov/xml/owl/EVS/Thesaurus.owl#C6969	1.0
http://snomed.info/id/253088003	http://ncicb.nci.nih.gov/xml/owl/EVS/Thesaurus.owl#C6970	1.0
http://snomed.info/id/253091003	http://ncicb.nci.nih.gov/xml/owl/EVS/Thesaurus.owl#C121681	1.0
http://snomed.info/id/253092005	http://ncicb.nci.nih.gov/xml/owl/EVS/Thesaurus.owl#C92647	0.93281472
http://snomed.info/id/253093000	http://ncicb.nci.nih.gov/xml/owl/EVS/Thesaurus.owl#C6561	0.98476976
http://snomed.info/id/253094006	http://ncicb.nci.nih.gov/xml/owl/EVS/Thesaurus.owl#C4748	1.0
http://snomed.info/id/253096008	http://ncicb.nci.nih.gov/xml/owl/EVS/Thesaurus.owl#C9341	0.97185117
http://snomed.info/id/25370001	http://ncicb.nci.nih.gov/xml/owl/EVS/Thesaurus.owl#C3099	1.0
http://snomed.info/id/254242006	http://ncicb.nci.nih.gov/xml/owl/EVS/Thesaurus.owl#C8426	1.0
http://snomed.info/id/254290004	http://ncicb.nci.nih.gov/xml/owl/EVS/Thesaurus.owl#C4727	0.94833922
http://snomed.info/id/254414007	http://ncicb.nci.nih.gov/xml/owl/EVS/Thesaurus.owl#C6063	0.90269494
http://snomed.info/id/254427006	http://ncicb.nci.nih.gov/xml/owl/EVS/Thesaurus.owl#C9319	0.90889227
http://snomed.info/id/254429009	http://ncicb.nci.nih.gov/xml/owl/EVS/Thesaurus.owl#C3593	0.9148953
http://snomed.info/id/254434008	http://ncicb.nci.nih.gov/xml/owl/EVS/Thesaurus.owl#C8394	0.98340774
http://snomed.info/id/254435009	http://ncicb.nci.nih.gov/xml/owl/EVS/Thesaurus.owl#C8395	0.97880089
http://snomed.info/id/254436005	http://ncicb.nci.nih.gov/xml/owl/EVS/Thesaurus.owl#C35177	0.93358046
http://snomed.info/id/254437001	http://ncicb.nci.nih.gov/xml/owl/EVS/Thesaurus.owl#C4040	0.97856349
http://snomed.info/id/254462001	http://ncicb.nci.nih.gov/xml/owl/EVS/Thesaurus.owl#C6791	0.9769156
http://snomed.info/id/254463006	http://ncicb.nci.nih.gov/xml/owl/EVS/Thesaurus.owl#C35416	0.98057842
http://snomed.info/id/254465004	http://ncicb.nci.nih.gov/xml/owl/EVS/Thesaurus.owl#C8396	0.98000622
http://snomed.info/id/254466003	http://ncicb.nci.nih.gov/xml/owl/EVS/Thesaurus.owl#C8397	0.98060685
http://snomed.info/id/254504001	http://ncicb.nci.nih.gov/xml/owl/EVS/Thesaurus.owl#C4404	0.91065443
http://snomed.info/id/254521005	http://ncicb.nci.nih.gov/xml/owl/EVS/Thesaurus.owl#C4606	0.91032898
http://snomed.info/id/254529007	http://ncicb.nci.nih.gov/xml/owl/EVS/Thesaurus.owl#C3601	0.9120006
http://snomed.info/id/254530002	http://ncicb.nci.nih.gov/xml/owl/EVS/Thesaurus.owl#C162823	0.92279208
http://snomed.info/id/254531003	http://ncicb.nci.nih.gov/xml/owl/EVS/Thesaurus.owl#C162822	0.93667889
http://snomed.info/id/254532005	http://ncicb.nci.nih.gov/xml/owl/EVS/Thesaurus.owl#C3052	0.9719888
http://snomed.info/id/254535007	http://ncicb.nci.nih.gov/xml/owl/EVS/Thesaurus.owl#C150031	0.91324502
http://snomed.info/id/254539001	http://ncicb.nci.nih.gov/xml/owl/EVS/Thesaurus.owl#C150027	0.90375894
http://snomed.info/id/254547001	http://ncicb.nci.nih.gov/xml/owl/EVS/Thesaurus.owl#C3533	0.91996962
http://snomed.info/id/254549003	http://ncicb.nci.nih.gov/xml/owl/EVS/Thesaurus.owl#C3534	0.93101168
http://snomed.info/id/254551004	http://ncicb.nci.nih.gov/xml/owl/EVS/Thesaurus.owl#C3535	0.91207463
http://snomed.info/id/254553001	http://ncicb.nci.nih.gov/xml/owl/EVS/Thesaurus.owl#C6794	0.92267877
http://snomed.info/id/254555008	http://ncicb.nci.nih.gov/xml/owl/EVS/Thesaurus.owl#C8398	0.96439505
http://snomed.info/id/254557000	http://ncicb.nci.nih.gov/xml/owl/EVS/Thesaurus.owl#C8399	0.94373912
http://snomed.info/id/254561006	http://ncicb.nci.nih.gov/xml/owl/EVS/Thesaurus.owl#C6795	0.95520902
http://snomed.info/id/254570009	http://ncicb.nci.nih.gov/xml/owl/EVS/Thesaurus.owl#C4803	0.94543791
http://snomed.info/id/254573006	http://ncicb.nci.nih.gov/xml/owl/EVS/Thesaurus.owl#C4057	0.96343261
http://snomed.info/id/254582000	http://ncicb.nci.nih.gov/xml/owl/EVS/Thesaurus.owl#C9383	0.95073628
http://snomed.info/id/254587006	http://ncicb.nci.nih.gov/xml/owl/EVS/Thesaurus.owl#C3141	0.90606791
http://snomed.info/id/254589009	http://ncicb.nci.nih.gov/xml/owl/EVS/Thesaurus.owl#C155954	1.0
http://snomed.info/id/254601002	http://ncicb.nci.nih.gov/xml/owl/EVS/Thesaurus.owl#C4437	0.97738373
http://snomed.info/id/254604005	http://ncicb.nci.nih.gov/xml/owl/EVS/Thesaurus.owl#C4445	0.92987591
http://snomed.info/id/254609000	http://ncicb.nci.nih.gov/xml/owl/EVS/Thesaurus.owl#C3908	0.98006392
http://snomed.info/id/254619006	http://ncicb.nci.nih.gov/xml/owl/EVS/Thesaurus.owl#C6051	0.96693289
http://snomed.info/id/254620000	http://ncicb.nci.nih.gov/xml/owl/EVS/Thesaurus.owl#C4448	0.95588064
http://snomed.info/id/254621001	http://ncicb.nci.nih.gov/xml/owl/EVS/Thesaurus.owl#C157733	0.94004989
http://snomed.info/id/254623003	http://ncicb.nci.nih.gov/xml/owl/EVS/Thesaurus.owl#C64128	0.90596473
http://snomed.info/id/254625005	http://ncicb.nci.nih.gov/xml/owl/EVS/Thesaurus.owl#C7377	0.94021708
http://snomed.info/id/254626006	http://ncicb.nci.nih.gov/xml/owl/EVS/Thesaurus.owl#C3512	0.96865416
http://snomed.info/id/254627002	http://ncicb.nci.nih.gov/xml/owl/EVS/Thesaurus.owl#C4038	0.98842359
http://snomed.info/id/254629004	http://ncicb.nci.nih.gov/xml/owl/EVS/Thesaurus.owl#C4450	0.9847008
http://snomed.info/id/254631008	http://ncicb.nci.nih.gov/xml/owl/EVS/Thesaurus.owl#C4452	0.97674191
http://snomed.info/id/254632001	http://ncicb.nci.nih.gov/xml/owl/EVS/Thesaurus.owl#C4917	0.9832775
http://snomed.info/id/254634000	http://ncicb.nci.nih.gov/xml/owl/EVS/Thesaurus.owl#C3493	0.97632658
http://snomed.info/id/254635004	http://ncicb.nci.nih.gov/xml/owl/EVS/Thesaurus.owl#C4453	0.98608041
http://snomed.info/id/254637007	http://ncicb.nci.nih.gov/xml/owl/EVS/Thesaurus.owl#C2926	0.95907873
http://snomed.info/id/254640007	http://ncicb.nci.nih.gov/xml/owl/EVS/Thesaurus.owl#C4454	0.94988608
http://snomed.info/id/254642004	http://ncicb.nci.nih.gov/xml/owl/EVS/Thesaurus.owl#C4455	0.97496974
http://snomed.info/id/254644003	http://ncicb.nci.nih.gov/xml/owl/EVS/Thesaurus.owl#C3497	0.96686786
http://snomed.info/id/254645002	http://ncicb.nci.nih.gov/xml/owl/EVS/Thesaurus.owl#C7376	0.93496668
http://snomed.info/id/254647005	http://ncicb.nci.nih.gov/xml/owl/EVS/Thesaurus.owl#C6438	0.96631658
http://snomed.info/id/254649008	http://ncicb.nci.nih.gov/xml/owl/EVS/Thesaurus.owl#C7342	0.99161768
http://snomed.info/id/254650008	http://ncicb.nci.nih.gov/xml/owl/EVS/Thesaurus.owl#C2920	0.95329332
http://snomed.info/id/254651007	http://ncicb.nci.nih.gov/xml/owl/EVS/Thesaurus.owl#C4819	0.9761675
http://snomed.info/id/254652000	http://ncicb.nci.nih.gov/xml/owl/EVS/Thesaurus.owl#C4459	0.97550756
http://snomed.info/id/254653005	http://ncicb.nci.nih.gov/xml/owl/EVS/Thesaurus.owl#C4666	0.98945045
http://snomed.info/id/254654004	http://ncicb.nci.nih.gov/xml/owl/EVS/Thesaurus.owl#C4460	0.96384245
http://snomed.info/id/254655003	http://ncicb.nci.nih.gov/xml/owl/EVS/Thesaurus.owl#C6811	1.0
http://snomed.info/id/254656002	http://ncicb.nci.nih.gov/xml/owl/EVS/Thesaurus.owl#C2906	0.98302209
http://snomed.info/id/254658001	http://ncicb.nci.nih.gov/xml/owl/EVS/Thesaurus.owl#C7341	0.9915154
http://snomed.info/id/254659009	http://ncicb.nci.nih.gov/xml/owl/EVS/Thesaurus.owl#C4461	1.0
http://snomed.info/id/254661000	http://ncicb.nci.nih.gov/xml/owl/EVS/Thesaurus.owl#C4462	0.99168324
http://snomed.info/id/254662007	http://ncicb.nci.nih.gov/xml/owl/EVS/Thesaurus.owl#C3146	1.0
http://snomed.info/id/254663002	http://ncicb.nci.nih.gov/xml/owl/EVS/Thesaurus.owl#C3146	0.92058206
http://snomed.info/id/254670002	http://ncicb.nci.nih.gov/xml/owl/EVS/Thesaurus.owl#C97041	1.0
http://snomed.info/id/254693008	http://ncicb.nci.nih.gov/xml/owl/EVS/Thesaurus.owl#C4468	1.0
http://snomed.info/id/254694002	http://ncicb.nci.nih.gov/xml/owl/EVS/Thesaurus.owl#C4469	0.99574047
http://snomed.info/id/254695001	http://ncicb.nci.nih.gov/xml/owl/EVS/Thesaurus.owl#C43325	1.0
http://snomed.info/id/254696000	http://ncicb.nci.nih.gov/xml/owl/EVS/Thesaurus.owl#C27524	1.0
http://snomed.info/id/254698004	http://ncicb.nci.nih.gov/xml/owl/EVS/Thesaurus.owl#C4470	1.0
http://snomed.info/id/254699007	http://ncicb.nci.nih.gov/xml/owl/EVS/Thesaurus.owl#C43331	1.0
http://snomed.info/id/254701007	http://ncicb.nci.nih.gov/xml/owl/EVS/Thesaurus.owl#C2921	0.98484051
http://snomed.info/id/254702000	http://ncicb.nci.nih.gov/xml/owl/EVS/Thesaurus.owl#C2922	0.98424274
http://snomed.info/id/254705003	http://ncicb.nci.nih.gov/xml/owl/EVS/Thesaurus.owl#C4749	1.0
http://snomed.info/id/254706002	http://ncicb.nci.nih.gov/xml/owl/EVS/Thesaurus.owl#C43334	0.96979678
http://snomed.info/id/254707006	http://ncicb.nci.nih.gov/xml/owl/EVS/Thesaurus.owl#C5559	0.93714935
http://snomed.info/id/254712007	http://ncicb.nci.nih.gov/xml/owl/EVS/Thesaurus.owl#C7581	0.95862144
http://snomed.info/id/254713002	http://ncicb.nci.nih.gov/xml/owl/EVS/Thesaurus.owl#C4472	0.98093879
http://snomed.info/id/254715009	http://ncicb.nci.nih.gov/xml/owl/EVS/Thesaurus.owl#C6797	0.95496869
http://snomed.info/id/254716005	http://ncicb.nci.nih.gov/xml/owl/EVS/Thesaurus.owl#C7565	0.98839968
http://snomed.info/id/254718006	http://ncicb.nci.nih.gov/xml/owl/EVS/Thesaurus.owl#C6796	0.90205407
http://snomed.info/id/254722001	http://ncicb.nci.nih.gov/xml/owl/EVS/Thesaurus.owl#C6796	0.90453595
http://snomed.info/id/254723006	http://ncicb.nci.nih.gov/xml/owl/EVS/Thesaurus.owl#C6798	0.94160986
http://snomed.info/id/254724000	http://ncicb.nci.nih.gov/xml/owl/EVS/Thesaurus.owl#C6799	0.95878363
http://snomed.info/id/254726003	http://ncicb.nci.nih.gov/xml/owl/EVS/Thesaurus.owl#C6800	0.94393438
http://snomed.info/id/254727007	http://ncicb.nci.nih.gov/xml/owl/EVS/Thesaurus.owl#C3302	0.96737987
http://snomed.info/id/254731001	http://ncicb.nci.nih.gov/xml/owl/EVS/Thesaurus.owl#C4225	0.9682973
http://snomed.info/id/254732008	http://ncicb.nci.nih.gov/xml/owl/EVS/Thesaurus.owl#C4022	0.97072327
http://snomed.info/id/254733003	http://ncicb.nci.nih.gov/xml/owl/EVS/Thesaurus.owl#C54662	0.9288165
http://snomed.info/id/254734009	http://ncicb.nci.nih.gov/xml/owl/EVS/Thesaurus.owl#C48613	0.9539274
http://snomed.info/id/254735005	http://ncicb.nci.nih.gov/xml/owl/EVS/Thesaurus.owl#C4475	0.90562415
http://snomed.info/id/254739004	http://ncicb.nci.nih.gov/xml/owl/EVS/Thesaurus.owl#C4245	0.9875167
http://snomed.info/id/254747004	http://ncicb.nci.nih.gov/xml/owl/EVS/Thesaurus.owl#C9182	0.98475689
http://snomed.info/id/254748009	http://ncicb.nci.nih.gov/xml/owl/EVS/Thesaurus.owl#C3043	0.9008249
http://snomed.info/id/254749001	http://ncicb.nci.nih.gov/xml/owl/EVS/Thesaurus.owl#C7749	0.96967471
http://snomed.info/id/254750001	http://ncicb.nci.nih.gov/xml/owl/EVS/Thesaurus.owl#C6801	0.99041778
http://snomed.info/id/254754005	http://ncicb.nci.nih.gov/xml/owl/EVS/Thesaurus.owl#C4246	0.95731497
http://snomed.info/id/254756007	http://ncicb.nci.nih.gov/xml/owl/EVS/Thesaurus.owl#C4478	0.99109858
http://snomed.info/id/254758008	http://ncicb.nci.nih.gov/xml/owl/EVS/Thesaurus.owl#C4479	0.95035553
http://snomed.info/id/254761009	http://ncicb.nci.nih.gov/xml/owl/EVS/Thesaurus.owl#C128451	1.0
http://snomed.info/id/254763007	http://ncicb.nci.nih.gov/xml/owl/EVS/Thesaurus.owl#C5617	0.98387682
http://snomed.info/id/254765000	http://ncicb.nci.nih.gov/xml/owl/EVS/Thesaurus.owl#C4480	0.96607149
http://snomed.info/id/254766004	http://ncicb.nci.nih.gov/xml/owl/EVS/Thesaurus.owl#C4481	0.9785555
http://snomed.info/id/254767008	http://ncicb.nci.nih.gov/xml/owl/EVS/Thesaurus.owl#C4482	0.98320889
http://snomed.info/id/254771006	http://ncicb.nci.nih.gov/xml/owl/EVS/Thesaurus.owl#C121583	0.92831063
http://snomed.info/id/254785001	http://ncicb.nci.nih.gov/xml/owl/EVS/Thesaurus.owl#C27018	0.93568164
http://snomed.info/id/254786000	http://ncicb.nci.nih.gov/xml/owl/EVS/Thesaurus.owl#C4487	0.97365081
http://snomed.info/id/254788004	http://ncicb.nci.nih.gov/xml/owl/EVS/Thesaurus.owl#C4488	0.98573697
http://snomed.info/id/254793001	http://ncicb.nci.nih.gov/xml/owl/EVS/Thesaurus.owl#C53316	0.96838361
http://snomed.info/id/254794007	http://ncicb.nci.nih.gov/xml/owl/EVS/Thesaurus.owl#C4489	0.9880985
http://snomed.info/id/254795008	http://ncicb.nci.nih.gov/xml/owl/EVS/Thesaurus.owl#C4491	0.98647135
http://snomed.info/id/254796009	http://ncicb.nci.nih.gov/xml/owl/EVS/Thesaurus.owl#C4492	0.98774558
http://snomed.info/id/254797000	http://ncicb.nci.nih.gov/xml/owl/EVS/Thesaurus.owl#C4493	0.98828101
http://snomed.info/id/254798005	http://ncicb.nci.nih.gov/xml/owl/EVS/Thesaurus.owl#C4494	0.98453301
http://snomed.info/id/254802006	http://ncicb.nci.nih.gov/xml/owl/EVS/Thesaurus.owl#C4231	0.91595173
http://snomed.info/id/254804007	http://ncicb.nci.nih.gov/xml/owl/EVS/Thesaurus.owl#C4495	1.0
http://snomed.info/id/254805008	http://ncicb.nci.nih.gov/xml/owl/EVS/Thesaurus.owl#C3901	0.99199015
http://snomed.info/id/254806009	http://ncicb.nci.nih.gov/xml/owl/EVS/Thesaurus.owl#C3803	0.99256998
http://snomed.info/id/254807000	http://ncicb.nci.nih.gov/xml/owl/EVS/Thesaurus.owl#C4496	0.99495947
http://snomed.info/id/254808005	http://ncicb.nci.nih.gov/xml/owl/EVS/Thesaurus.owl#C4241	0.99363965
http://snomed.info/id/254810007	http://ncicb.nci.nih.gov/xml/owl/EVS/Thesaurus.owl#C4226	0.99023914
http://snomed.info/id/254811006	http://ncicb.nci.nih.gov/xml/owl/EVS/Thesaurus.owl#C66757	0.91305333
http://snomed.info/id/254815002	http://ncicb.nci.nih.gov/xml/owl/EVS/Thesaurus.owl#C4234	0.94773531
http://snomed.info/id/254818000	http://ncicb.nci.nih.gov/xml/owl/EVS/Thesaurus.owl#C3694	0.99120051
http://snomed.info/id/254827004	http://ncicb.nci.nih.gov/xml/owl/EVS/Thesaurus.owl#C4248	0.99029124
http://snomed.info/id/254830006	http://ncicb.nci.nih.gov/xml/owl/EVS/Thesaurus.owl#C4502	0.9951933
http://snomed.info/id/254836000	http://ncicb.nci.nih.gov/xml/owl/EVS/Thesaurus.owl#C8965	0.91013741
http://snomed.info/id/254837009	http://ncicb.nci.nih.gov/xml/owl/EVS/Thesaurus.owl#C9335	0.98416913
http://snomed.info/id/254838004	http://ncicb.nci.nih.gov/xml/owl/EVS/Thesaurus.owl#C4872	0.95773864
http://snomed.info/id/254839007	http://ncicb.nci.nih.gov/xml/owl/EVS/Thesaurus.owl#C7362	0.96486634
http://snomed.info/id/254840009	http://ncicb.nci.nih.gov/xml/owl/EVS/Thesaurus.owl#C4001	0.9670406
http://snomed.info/id/254844000	http://ncicb.nci.nih.gov/xml/owl/EVS/Thesaurus.owl#C4504	0.98372138
http://snomed.info/id/254845004	http://ncicb.nci.nih.gov/xml/owl/EVS/Thesaurus.owl#C3744	0.98716336
http://snomed.info/id/254846003	http://ncicb.nci.nih.gov/xml/owl/EVS/Thesaurus.owl#C4273	0.98855406
http://snomed.info/id/254847007	http://ncicb.nci.nih.gov/xml/owl/EVS/Thesaurus.owl#C4276	0.98860151
http://snomed.info/id/254849005	http://ncicb.nci.nih.gov/xml/owl/EVS/Thesaurus.owl#C40026	0.97453576
http://snomed.info/id/254850005	http://ncicb.nci.nih.gov/xml/owl/EVS/Thesaurus.owl#C7978	0.91722947
http://snomed.info/id/254851009	http://ncicb.nci.nih.gov/xml/owl/EVS/Thesaurus.owl#C4026	0.97743171
http://snomed.info/id/254852002	http://ncicb.nci.nih.gov/xml/owl/EVS/Thesaurus.owl#C7979	0.93927914
http://snomed.info/id/254856004	http://ncicb.nci.nih.gov/xml/owl/EVS/Thesaurus.owl#C4509	0.93975163
http://snomed.info/id/254857008	http://ncicb.nci.nih.gov/xml/owl/EVS/Thesaurus.owl#C4510	0.97467804
http://snomed.info/id/254858003	http://ncicb.nci.nih.gov/xml/owl/EVS/Thesaurus.owl#C4511	0.92889506
http://snomed.info/id/254859006	http://ncicb.nci.nih.gov/xml/owl/EVS/Thesaurus.owl#C3872	0.96549922
http://snomed.info/id/254860001	http://ncicb.nci.nih.gov/xml/owl/EVS/Thesaurus.owl#C8053	0.93910325
http://snomed.info/id/254862009	http://ncicb.nci.nih.gov/xml/owl/EVS/Thesaurus.owl#C6803	0.93411714
http://snomed.info/id/254863004	http://ncicb.nci.nih.gov/xml/owl/EVS/Thesaurus.owl#C6261	0.98129195
http://snomed.info/id/254865006	http://ncicb.nci.nih.gov/xml/owl/EVS/Thesaurus.owl#C3498	0.97607809
http://snomed.info/id/254866007	http://ncicb.nci.nih.gov/xml/owl/EVS/Thesaurus.owl#C2880	0.98421556
http://snomed.info/id/254867003	http://ncicb.nci.nih.gov/xml/owl/EVS/Thesaurus.owl#C3072	0.97548324
http://snomed.info/id/254868008	http://ncicb.nci.nih.gov/xml/owl/EVS/Thesaurus.owl#C4214	0.96161741
http://snomed.info/id/254869000	http://ncicb.nci.nih.gov/xml/owl/EVS/Thesaurus.owl#C4514	0.96531683
http://snomed.info/id/254870004	http://ncicb.nci.nih.gov/xml/owl/EVS/Thesaurus.owl#C4515	0.97536469
http://snomed.info/id/254872007	http://ncicb.nci.nih.gov/xml/owl/EVS/Thesaurus.owl#C8108	0.94874352
http://snomed.info/id/254873002	http://ncicb.nci.nih.gov/xml/owl/EVS/Thesaurus.owl#C4516	0.96458369
http://snomed.info/id/254874008	http://ncicb.nci.nih.gov/xml/owl/EVS/Thesaurus.owl#C8106	0.97520792
http://snomed.info/id/254875009	http://ncicb.nci.nih.gov/xml/owl/EVS/Thesaurus.owl#C7285	0.96153796
http://snomed.info/id/254877001	http://ncicb.nci.nih.gov/xml/owl/EVS/Thesaurus.owl#C6339	0.92616898
http://snomed.info/id/254878006	http://ncicb.nci.nih.gov/xml/owl/EVS/Thesaurus.owl#C7558	1.0
http://snomed.info/id/254881001	http://ncicb.nci.nih.gov/xml/owl/EVS/Thesaurus.owl#C3434	0.91330886
http://snomed.info/id/254882008	http://ncicb.nci.nih.gov/xml/owl/EVS/Thesaurus.owl#C40164	0.97950137
http://snomed.info/id/254883003	http://ncicb.nci.nih.gov/xml/owl/EVS/Thesaurus.owl#C4518	1.0
http://snomed.info/id/254884009	http://ncicb.nci.nih.gov/xml/owl/EVS/Thesaurus.owl#C40173	0.96126616
http://snomed.info/id/254886006	http://ncicb.nci.nih.gov/xml/owl/EVS/Thesaurus.owl#C4028	0.94599652
http://snomed.info/id/254887002	http://ncicb.nci.nih.gov/xml/owl/EVS/Thesaurus.owl#C4029	0.94717383
http://snomed.info/id/254888007	http://ncicb.nci.nih.gov/xml/owl/EVS/Thesaurus.owl#C4519	0.96273184
http://snomed.info/id/254889004	http://ncicb.nci.nih.gov/xml/owl/EVS/Thesaurus.owl#C4000	0.91696543
http://snomed.info/id/254890008	http://ncicb.nci.nih.gov/xml/owl/EVS/Thesaurus.owl#C4520	0.95503968
http://snomed.info/id/254893005	http://ncicb.nci.nih.gov/xml/owl/EVS/Thesaurus.owl#C3917	0.93185687
http://snomed.info/id/254894004	http://ncicb.nci.nih.gov/xml/owl/EVS/Thesaurus.owl#C4521	1.0
http://snomed.info/id/254895003	http://ncicb.nci.nih.gov/xml/owl/EVS/Thesaurus.owl#C4052	0.9549368
http://snomed.info/id/254896002	http://ncicb.nci.nih.gov/xml/owl/EVS/Thesaurus.owl#C40329	0.94897771
http://snomed.info/id/254897006	http://ncicb.nci.nih.gov/xml/owl/EVS/Thesaurus.owl#C40317	0.97627616
http://snomed.info/id/254898001	http://ncicb.nci.nih.gov/xml/owl/EVS/Thesaurus.owl#C4027	0.9697206
http://snomed.info/id/254900004	http://ncicb.nci.nih.gov/xml/owl/EVS/Thesaurus.owl#C4863	0.96412951
http://snomed.info/id/254901000	http://ncicb.nci.nih.gov/xml/owl/EVS/Thesaurus.owl#C4064	1.0
http://snomed.info/id/254908006	http://ncicb.nci.nih.gov/xml/owl/EVS/Thesaurus.owl#C7547	0.90811616
http://snomed.info/id/254912000	http://ncicb.nci.nih.gov/xml/owl/EVS/Thesaurus.owl#C162139	0.92047775
http://snomed.info/id/254913005	http://ncicb.nci.nih.gov/xml/owl/EVS/Thesaurus.owl#C3431	0.95531732
http://snomed.info/id/254914004	http://ncicb.nci.nih.gov/xml/owl/EVS/Thesaurus.owl#C3150	0.90831232
http://snomed.info/id/254915003	http://ncicb.nci.nih.gov/xml/owl/EVS/Thesaurus.owl#C4033	0.9681204
http://snomed.info/id/254918001	http://ncicb.nci.nih.gov/xml/owl/EVS/Thesaurus.owl#C4525	0.96960974
http://snomed.info/id/254921004	http://ncicb.nci.nih.gov/xml/owl/EVS/Thesaurus.owl#C3888	0.99130386
http://snomed.info/id/254922006	http://ncicb.nci.nih.gov/xml/owl/EVS/Thesaurus.owl#C4526	0.97662908
http://snomed.info/id/254923001	http://ncicb.nci.nih.gov/xml/owl/EVS/Thesaurus.owl#C4527	0.98361015
http://snomed.info/id/254935002	http://ncicb.nci.nih.gov/xml/owl/EVS/Thesaurus.owl#C4953	0.96782213
http://snomed.info/id/254938000	http://ncicb.nci.nih.gov/xml/owl/EVS/Thesaurus.owl#C60780	0.97586286
http://snomed.info/id/254939008	http://ncicb.nci.nih.gov/xml/owl/EVS/Thesaurus.owl#C156462	0.97810805
http://snomed.info/id/254940005	http://ncicb.nci.nih.gov/xml/owl/EVS/Thesaurus.owl#C9377	0.98504281
http://snomed.info/id/254942002	http://ncicb.nci.nih.gov/xml/owl/EVS/Thesaurus.owl#C3473	0.96148276
http://snomed.info/id/254943007	http://ncicb.nci.nih.gov/xml/owl/EVS/Thesaurus.owl#C8405	0.98181504
http://snomed.info/id/254945000	http://ncicb.nci.nih.gov/xml/owl/EVS/Thesaurus.owl#C4970	0.93410605
http://snomed.info/id/254946004	http://ncicb.nci.nih.gov/xml/owl/EVS/Thesaurus.owl#C4534	0.90644598
http://snomed.info/id/254947008	http://ncicb.nci.nih.gov/xml/owl/EVS/Thesaurus.owl#C4534	0.98558098
http://snomed.info/id/254948003	http://ncicb.nci.nih.gov/xml/owl/EVS/Thesaurus.owl#C4641	0.98327214
http://snomed.info/id/254949006	http://ncicb.nci.nih.gov/xml/owl/EVS/Thesaurus.owl#C3875	0.98562944
http://snomed.info/id/254950006	http://ncicb.nci.nih.gov/xml/owl/EVS/Thesaurus.owl#C4535	0.98858869
http://snomed.info/id/254954002	http://ncicb.nci.nih.gov/xml/owl/EVS/Thesaurus.owl#C5406	0.9753297
http://snomed.info/id/254955001	http://ncicb.nci.nih.gov/xml/owl/EVS/Thesaurus.owl#C4536	0.98853076
http://snomed.info/id/254956000	http://ncicb.nci.nih.gov/xml/owl/EVS/Thesaurus.owl#C3329	0.99282897
http://snomed.info/id/254957009	http://ncicb.nci.nih.gov/xml/owl/EVS/Thesaurus.owl#C7461	1.0
http://snomed.info/id/254958004	http://ncicb.nci.nih.gov/xml/owl/EVS/Thesaurus.owl#C7462	1.0
http://snomed.info/id/254959007	http://ncicb.nci.nih.gov/xml/owl/EVS/Thesaurus.owl#C8011	1.0
http://snomed.info/id/254960002	http://ncicb.nci.nih.gov/xml/owl/EVS/Thesaurus.owl#C45915	1.0
http://snomed.info/id/254962005	http://ncicb.nci.nih.gov/xml/owl/EVS/Thesaurus.owl#C4348	0.94226009
http://snomed.info/id/254963000	http://ncicb.nci.nih.gov/xml/owl/EVS/Thesaurus.owl#C43541	0.99522704
http://snomed.info/id/254965007	http://ncicb.nci.nih.gov/xml/owl/EVS/Thesaurus.owl#C43542	0.99621826
http://snomed.info/id/254968009	http://ncicb.nci.nih.gov/xml/owl/EVS/Thesaurus.owl#C3129	0.92935526
http://snomed.info/id/254972008	http://ncicb.nci.nih.gov/xml/owl/EVS/Thesaurus.owl#C170941	0.94813371
http://snomed.info/id/254974009	http://ncicb.nci.nih.gov/xml/owl/EVS/Thesaurus.owl#C170941	0.94737977
http://snomed.info/id/254976006	http://ncicb.nci.nih.gov/xml/owl/EVS/Thesaurus.owl#C4537	1.0
http://snomed.info/id/254978007	http://ncicb.nci.nih.gov/xml/owl/EVS/Thesaurus.owl#C4538	0.98176664
http://snomed.info/id/254979004	http://ncicb.nci.nih.gov/xml/owl/EVS/Thesaurus.owl#C4230	0.93433809
http://snomed.info/id/254980001	http://ncicb.nci.nih.gov/xml/owl/EVS/Thesaurus.owl#C4539	0.90171391
http://snomed.info/id/254986007	http://ncicb.nci.nih.gov/xml/owl/EVS/Thesaurus.owl#C3798	0.92070776
http://snomed.info/id/254987003	http://ncicb.nci.nih.gov/xml/owl/EVS/Thesaurus.owl#C4540	0.98376077
http://snomed.info/id/254988008	http://ncicb.nci.nih.gov/xml/owl/EVS/Thesaurus.owl#C4541	0.97910553
http://snomed.info/id/254989000	http://ncicb.nci.nih.gov/xml/owl/EVS/Thesaurus.owl#C6804	0.97500414
http://snomed.info/id/25499005	http://ncicb.nci.nih.gov/xml/owl/EVS/Thesaurus.owl#C9006	1.0
http://snomed.info/id/254992001	http://ncicb.nci.nih.gov/xml/owl/EVS/Thesaurus.owl#C4542	0.98706871
http://snomed.info/id/254994000	http://ncicb.nci.nih.gov/xml/owl/EVS/Thesaurus.owl#C4543	0.98710769
http://snomed.info/id/254995004	http://ncicb.nci.nih.gov/xml/owl/EVS/Thesaurus.owl#C4544	0.98581523
http://snomed.info/id/254997007	http://ncicb.nci.nih.gov/xml/owl/EVS/Thesaurus.owl#C4545	0.98974442
http://snomed.info/id/254998002	http://ncicb.nci.nih.gov/xml/owl/EVS/Thesaurus.owl#C4546	0.99015611
http://snomed.info/id/254999005	http://ncicb.nci.nih.gov/xml/owl/EVS/Thesaurus.owl#C4547	0.9827053
http://snomed.info/id/255003007	http://ncicb.nci.nih.gov/xml/owl/EVS/Thesaurus.owl#C4549	0.94186842
http://snomed.info/id/255006004	http://ncicb.nci.nih.gov/xml/owl/EVS/Thesaurus.owl#C4551	0.93178457
http://snomed.info/id/255008003	http://ncicb.nci.nih.gov/xml/owl/EVS/Thesaurus.owl#C4552	0.96098411
http://snomed.info/id/255012009	http://ncicb.nci.nih.gov/xml/owl/EVS/Thesaurus.owl#C9088	0.95799679
http://snomed.info/id/255015006	http://ncicb.nci.nih.gov/xml/owl/EVS/Thesaurus.owl#C4558	0.94556975
http://snomed.info/id/255017003	http://ncicb.nci.nih.gov/xml/owl/EVS/Thesaurus.owl#C174561	0.91653973
http://snomed.info/id/255019000	http://ncicb.nci.nih.gov/xml/owl/EVS/Thesaurus.owl#C174560	0.93857604
http://snomed.info/id/255020006	http://ncicb.nci.nih.gov/xml/owl/EVS/Thesaurus.owl#C4560	0.99170047
http://snomed.info/id/255021005	http://ncicb.nci.nih.gov/xml/owl/EVS/Thesaurus.owl#C4561	0.94960427
http://snomed.info/id/255022003	http://ncicb.nci.nih.gov/xml/owl/EVS/Thesaurus.owl#C4562	0.98814106
http://snomed.info/id/255024002	http://ncicb.nci.nih.gov/xml/owl/EVS/Thesaurus.owl#C174501	0.9819786
http://snomed.info/id/255026000	http://ncicb.nci.nih.gov/xml/owl/EVS/Thesaurus.owl#C174539	0.96919876
http://snomed.info/id/255028004	http://ncicb.nci.nih.gov/xml/owl/EVS/Thesaurus.owl#C8054	0.99256855
http://snomed.info/id/255029007	http://ncicb.nci.nih.gov/xml/owl/EVS/Thesaurus.owl#C4035	0.99016184
http://snomed.info/id/255030002	http://ncicb.nci.nih.gov/xml/owl/EVS/Thesaurus.owl#C7380	0.91625345
http://snomed.info/id/255031003	http://ncicb.nci.nih.gov/xml/owl/EVS/Thesaurus.owl#C3878	0.97960007
http://snomed.info/id/255032005	http://ncicb.nci.nih.gov/xml/owl/EVS/Thesaurus.owl#C3879	0.98646683
http://snomed.info/id/255034006	http://ncicb.nci.nih.gov/xml/owl/EVS/Thesaurus.owl#C3502	0.99520141
http://snomed.info/id/255035007	http://ncicb.nci.nih.gov/xml/owl/EVS/Thesaurus.owl#C9325	0.94207764
http://snomed.info/id/255036008	http://ncicb.nci.nih.gov/xml/owl/EVS/Thesaurus.owl#C9003	0.9659912
http://snomed.info/id/255037004	http://ncicb.nci.nih.gov/xml/owl/EVS/Thesaurus.owl#C4906	0.98955178
http://snomed.info/id/255046005	http://ncicb.nci.nih.gov/xml/owl/EVS/Thesaurus.owl#C3809	0.98176521
http://snomed.info/id/255047001	http://ncicb.nci.nih.gov/xml/owl/EVS/Thesaurus.owl#C126086	0.93864155
http://snomed.info/id/255055008	http://ncicb.nci.nih.gov/xml/owl/EVS/Thesaurus.owl#C3077	0.97695154
http://snomed.info/id/255056009	http://ncicb.nci.nih.gov/xml/owl/EVS/Thesaurus.owl#C4013	0.97297001
http://snomed.info/id/255057000	http://ncicb.nci.nih.gov/xml/owl/EVS/Thesaurus.owl#C173932	0.97750509
http://snomed.info/id/255058005	http://ncicb.nci.nih.gov/xml/owl/EVS/Thesaurus.owl#C3406	0.94718486
http://snomed.info/id/255059002	http://ncicb.nci.nih.gov/xml/owl/EVS/Thesaurus.owl#C4565	0.94815934
http://snomed.info/id/255066001	http://ncicb.nci.nih.gov/xml/owl/EVS/Thesaurus.owl#C164141	0.97095257
http://snomed.info/id/255067005	http://ncicb.nci.nih.gov/xml/owl/EVS/Thesaurus.owl#C9312	0.95495754
http://snomed.info/id/255069008	http://ncicb.nci.nih.gov/xml/owl/EVS/Thesaurus.owl#C9315	0.9255439
http://snomed.info/id/255071008	http://ncicb.nci.nih.gov/xml/owl/EVS/Thesaurus.owl#C4042	0.94766235
http://snomed.info/id/255072001	http://ncicb.nci.nih.gov/xml/owl/EVS/Thesaurus.owl#C3811	0.98321956
http://snomed.info/id/255074000	http://ncicb.nci.nih.gov/xml/owl/EVS/Thesaurus.owl#C4918	0.91198307
http://snomed.info/id/255077007	http://ncicb.nci.nih.gov/xml/owl/EVS/Thesaurus.owl#C4890	0.96664202
http://snomed.info/id/255081007	http://ncicb.nci.nih.gov/xml/owl/EVS/Thesaurus.owl#C3491	0.98205686
http://snomed.info/id/255084004	http://ncicb.nci.nih.gov/xml/owl/EVS/Thesaurus.owl#C6925	0.97482532
http://snomed.info/id/255086002	http://ncicb.nci.nih.gov/xml/owl/EVS/Thesaurus.owl#C27814	0.90140498
http://snomed.info/id/255088001	http://ncicb.nci.nih.gov/xml/owl/EVS/Thesaurus.owl#C7430	0.97956759
http://snomed.info/id/255096006	http://ncicb.nci.nih.gov/xml/owl/EVS/Thesaurus.owl#C4574	0.9121303
http://snomed.info/id/255107005	http://ncicb.nci.nih.gov/xml/owl/EVS/Thesaurus.owl#C7328	0.9813394
http://snomed.info/id/255108000	http://ncicb.nci.nih.gov/xml/owl/EVS/Thesaurus.owl#C4912	0.96855533
http://snomed.info/id/255109008	http://ncicb.nci.nih.gov/xml/owl/EVS/Thesaurus.owl#C2930	0.92475677
http://snomed.info/id/255110003	http://ncicb.nci.nih.gov/xml/owl/EVS/Thesaurus.owl#C39836	0.97163624
http://snomed.info/id/255111004	http://ncicb.nci.nih.gov/xml/owl/EVS/Thesaurus.owl#C4031	0.9719153
http://snomed.info/id/255114007	http://ncicb.nci.nih.gov/xml/owl/EVS/Thesaurus.owl#C4578	0.92696422
http://snomed.info/id/255115008	http://ncicb.nci.nih.gov/xml/owl/EVS/Thesaurus.owl#C4579	0.96918148
http://snomed.info/id/255118005	http://ncicb.nci.nih.gov/xml/owl/EVS/Thesaurus.owl#C3870	0.90474266
http://snomed.info/id/255119002	http://ncicb.nci.nih.gov/xml/owl/EVS/Thesaurus.owl#C3870	0.96470612
http://snomed.info/id/255121007	http://ncicb.nci.nih.gov/xml/owl/EVS/Thesaurus.owl#C27382	0.96811092
http://snomed.info/id/255127006	http://ncicb.nci.nih.gov/xml/owl/EVS/Thesaurus.owl#C35418	1.0
http://snomed.info/id/255143004	http://ncicb.nci.nih.gov/xml/owl/EVS/Thesaurus.owl#C4595	1.0
http://snomed.info/id/255148008	http://ncicb.nci.nih.gov/xml/owl/EVS/Thesaurus.owl#C4596	1.0
http://snomed.info/id/255154009	http://ncicb.nci.nih.gov/xml/owl/EVS/Thesaurus.owl#C4600	0.97690541
http://snomed.info/id/255155005	http://ncicb.nci.nih.gov/xml/owl/EVS/Thesaurus.owl#C4650	0.99125606
http://snomed.info/id/255157002	http://ncicb.nci.nih.gov/xml/owl/EVS/Thesaurus.owl#C4602	0.93259341
http://snomed.info/id/255158007	http://ncicb.nci.nih.gov/xml/owl/EVS/Thesaurus.owl#C4603	0.92753828
http://snomed.info/id/255166003	http://ncicb.nci.nih.gov/xml/owl/EVS/Thesaurus.owl#C8531	0.97710454
http://snomed.info/id/255167007	http://ncicb.nci.nih.gov/xml/owl/EVS/Thesaurus.owl#C4787	0.95964235
http://snomed.info/id/255169005	http://ncicb.nci.nih.gov/xml/owl/EVS/Thesaurus.owl#C4057	0.92958897
http://snomed.info/id/255181009	http://ncicb.nci.nih.gov/xml/owl/EVS/Thesaurus.owl#C8417	0.98520333
http://snomed.info/id/255184001	http://ncicb.nci.nih.gov/xml/owl/EVS/Thesaurus.owl#C4614	0.98250264
http://snomed.info/id/255185000	http://ncicb.nci.nih.gov/xml/owl/EVS/Thesaurus.owl#C8525	0.97330445
http://snomed.info/id/255186004	http://ncicb.nci.nih.gov/xml/owl/EVS/Thesaurus.owl#C7158	0.92182273
http://snomed.info/id/255187008	http://ncicb.nci.nih.gov/xml/owl/EVS/Thesaurus.owl#C4616	0.99045539
http://snomed.info/id/255188003	http://ncicb.nci.nih.gov/xml/owl/EVS/Thesaurus.owl#C40323	0.92241251
http://snomed.info/id/25603007	http://ncicb.nci.nih.gov/xml/owl/EVS/Thesaurus.owl#C173820	0.92984891
http://snomed.info/id/25874003	http://ncicb.nci.nih.gov/xml/owl/EVS/Thesaurus.owl#C40069	0.94571978
http://snomed.info/id/25889007	http://ncicb.nci.nih.gov/xml/owl/EVS/Thesaurus.owl#C3739	0.9753139
http://snomed.info/id/25910003	http://ncicb.nci.nih.gov/xml/owl/EVS/Thesaurus.owl#C2927	1.0
http://snomed.info/id/25911000119108	http://ncicb.nci.nih.gov/xml/owl/EVS/Thesaurus.owl#C3434	0.90624958
http://snomed.info/id/26019009	http://ncicb.nci.nih.gov/xml/owl/EVS/Thesaurus.owl#C66813	1.0
http://snomed.info/id/26138003	http://ncicb.nci.nih.gov/xml/owl/EVS/Thesaurus.owl#C4318	1.0
http://snomed.info/id/26372004	http://ncicb.nci.nih.gov/xml/owl/EVS/Thesaurus.owl#C3202	0.91887587
http://snomed.info/id/264549001	http://ncicb.nci.nih.gov/xml/owl/EVS/Thesaurus.owl#C4094	0.96965957
http://snomed.info/id/264550001	http://ncicb.nci.nih.gov/xml/owl/EVS/Thesaurus.owl#C36028	0.94818652
http://snomed.info/id/26496005	http://ncicb.nci.nih.gov/xml/owl/EVS/Thesaurus.owl#C3739	0.93433297
http://snomed.info/id/26638004	http://ncicb.nci.nih.gov/xml/owl/EVS/Thesaurus.owl#C4151	0.90651995
http://snomed.info/id/266569009	http://ncicb.nci.nih.gov/xml/owl/EVS/Thesaurus.owl#C2897	1.0
http://snomed.info/id/26735007	http://ncicb.nci.nih.gov/xml/owl/EVS/Thesaurus.owl#C3072	0.92419368
http://snomed.info/id/26810009	http://ncicb.nci.nih.gov/xml/owl/EVS/Thesaurus.owl#C2874	1.0
http://snomed.info/id/26888009	http://ncicb.nci.nih.gov/xml/owl/EVS/Thesaurus.owl#C4812	0.98381519
http://snomed.info/id/26904005	http://ncicb.nci.nih.gov/xml/owl/EVS/Thesaurus.owl#C121844	1.0
http://snomed.info/id/269463006	http://ncicb.nci.nih.gov/xml/owl/EVS/Thesaurus.owl#C4765	0.93567401
http://snomed.info/id/269469005	http://ncicb.nci.nih.gov/xml/owl/EVS/Thesaurus.owl#C4867	0.98298788
http://snomed.info/id/269480005	http://ncicb.nci.nih.gov/xml/owl/EVS/Thesaurus.owl#C116215	0.92262697
http://snomed.info/id/269481009	http://ncicb.nci.nih.gov/xml/owl/EVS/Thesaurus.owl#C8531	0.90893459
http://snomed.info/id/269485000	http://ncicb.nci.nih.gov/xml/owl/EVS/Thesaurus.owl#C4505	0.97318214
http://snomed.info/id/269489006	http://ncicb.nci.nih.gov/xml/owl/EVS/Thesaurus.owl#C4778	0.91795057
http://snomed.info/id/269515006	http://ncicb.nci.nih.gov/xml/owl/EVS/Thesaurus.owl#C3490	0.9034521
http://snomed.info/id/269516007	http://ncicb.nci.nih.gov/xml/owl/EVS/Thesaurus.owl#C4824	1.0
http://snomed.info/id/269533000	http://ncicb.nci.nih.gov/xml/owl/EVS/Thesaurus.owl#C4910	0.97723264
http://snomed.info/id/269544008	http://ncicb.nci.nih.gov/xml/owl/EVS/Thesaurus.owl#C7421	0.95234919
http://snomed.info/id/269578002	http://ncicb.nci.nih.gov/xml/owl/EVS/Thesaurus.owl#C133187	0.95074856
http://snomed.info/id/27078002	http://ncicb.nci.nih.gov/xml/owl/EVS/Thesaurus.owl#C4179	0.98343998
http://snomed.info/id/27090000	http://ncicb.nci.nih.gov/xml/owl/EVS/Thesaurus.owl#C2930	1.0
http://snomed.info/id/27092008	http://ncicb.nci.nih.gov/xml/owl/EVS/Thesaurus.owl#C4317	1.0
http://snomed.info/id/2710003	http://ncicb.nci.nih.gov/xml/owl/EVS/Thesaurus.owl#C4249	1.0
http://snomed.info/id/271468000	http://ncicb.nci.nih.gov/xml/owl/EVS/Thesaurus.owl#C156484	0.98361331
http://snomed.info/id/271481007	http://ncicb.nci.nih.gov/xml/owl/EVS/Thesaurus.owl#C4905	0.97598022
http://snomed.info/id/271527007	http://ncicb.nci.nih.gov/xml/owl/EVS/Thesaurus.owl#C5749	0.94521356
http://snomed.info/id/271944004	http://ncicb.nci.nih.gov/xml/owl/EVS/Thesaurus.owl#C3745	0.94710976
http://snomed.info/id/271956003	http://ncicb.nci.nih.gov/xml/owl/EVS/Thesaurus.owl#C4613	0.97516054
http://snomed.info/id/27230006	http://ncicb.nci.nih.gov/xml/owl/EVS/Thesaurus.owl#C111198	0.9663614
http://snomed.info/id/27313007	http://ncicb.nci.nih.gov/xml/owl/EVS/Thesaurus.owl#C4254	1.0
http://snomed.info/id/2735009	http://ncicb.nci.nih.gov/xml/owl/EVS/Thesaurus.owl#C3777	1.0
http://snomed.info/id/27391005	http://ncicb.nci.nih.gov/xml/owl/EVS/Thesaurus.owl#C8372	1.0
http://snomed.info/id/274084007	http://ncicb.nci.nih.gov/xml/owl/EVS/Thesaurus.owl#C8463	1.0
http://snomed.info/id/274085008	http://ncicb.nci.nih.gov/xml/owl/EVS/Thesaurus.owl#C4825	0.97151488
http://snomed.info/id/274087000	http://ncicb.nci.nih.gov/xml/owl/EVS/Thesaurus.owl#C8562	0.94097674
http://snomed.info/id/274088005	http://ncicb.nci.nih.gov/xml/owl/EVS/Thesaurus.owl#C8566	0.9412719
http://snomed.info/id/274089002	http://ncicb.nci.nih.gov/xml/owl/EVS/Thesaurus.owl#C3275	0.93563557
http://snomed.info/id/274134003	http://ncicb.nci.nih.gov/xml/owl/EVS/Thesaurus.owl#C3186	1.0
http://snomed.info/id/274897005	http://ncicb.nci.nih.gov/xml/owl/EVS/Thesaurus.owl#C4110	1.0
http://snomed.info/id/274898000	http://ncicb.nci.nih.gov/xml/owl/EVS/Thesaurus.owl#C27523	0.92318749
http://snomed.info/id/274899008	http://ncicb.nci.nih.gov/xml/owl/EVS/Thesaurus.owl#C4112	1.0
http://snomed.info/id/274900003	http://ncicb.nci.nih.gov/xml/owl/EVS/Thesaurus.owl#C4113	1.0
http://snomed.info/id/274901004	http://ncicb.nci.nih.gov/xml/owl/EVS/Thesaurus.owl#C7368	0.94844878
http://snomed.info/id/274902006	http://ncicb.nci.nih.gov/xml/owl/EVS/Thesaurus.owl#C3828	1.0
http://snomed.info/id/274944000	http://ncicb.nci.nih.gov/xml/owl/EVS/Thesaurus.owl#C65184	0.90616089
http://snomed.info/id/275266006	http://ncicb.nci.nih.gov/xml/owl/EVS/Thesaurus.owl#C168669	0.92282528
http://snomed.info/id/275269004	http://ncicb.nci.nih.gov/xml/owl/EVS/Thesaurus.owl#C8548	0.9827233
http://snomed.info/id/275465007	http://ncicb.nci.nih.gov/xml/owl/EVS/Thesaurus.owl#C4952	0.90059876
http://snomed.info/id/276418007	http://ncicb.nci.nih.gov/xml/owl/EVS/Thesaurus.owl#C3489	0.91642523
http://snomed.info/id/276728004	http://ncicb.nci.nih.gov/xml/owl/EVS/Thesaurus.owl#C7161	0.97554791
http://snomed.info/id/276751004	http://ncicb.nci.nih.gov/xml/owl/EVS/Thesaurus.owl#C4633	0.98031938
http://snomed.info/id/276799004	http://ncicb.nci.nih.gov/xml/owl/EVS/Thesaurus.owl#C4683	1.0
http://snomed.info/id/276803003	http://ncicb.nci.nih.gov/xml/owl/EVS/Thesaurus.owl#C4025	0.94647837
http://snomed.info/id/276804009	http://ncicb.nci.nih.gov/xml/owl/EVS/Thesaurus.owl#C4024	0.95743668
http://snomed.info/id/276805005	http://ncicb.nci.nih.gov/xml/owl/EVS/Thesaurus.owl#C3866	0.97321939
http://snomed.info/id/276809004	http://ncicb.nci.nih.gov/xml/owl/EVS/Thesaurus.owl#C27131	1.0
http://snomed.info/id/276811008	http://ncicb.nci.nih.gov/xml/owl/EVS/Thesaurus.owl#C4636	1.0
http://snomed.info/id/276812001	http://ncicb.nci.nih.gov/xml/owl/EVS/Thesaurus.owl#C3876	0.97889572
http://snomed.info/id/276816003	http://ncicb.nci.nih.gov/xml/owl/EVS/Thesaurus.owl#C96062	0.90496469
http://snomed.info/id/276818002	http://ncicb.nci.nih.gov/xml/owl/EVS/Thesaurus.owl#C96061	0.91137844
http://snomed.info/id/276822007	http://ncicb.nci.nih.gov/xml/owl/EVS/Thesaurus.owl#C4640	0.90139949
http://snomed.info/id/276826005	http://ncicb.nci.nih.gov/xml/owl/EVS/Thesaurus.owl#C162993	0.98620272
http://snomed.info/id/276827001	http://ncicb.nci.nih.gov/xml/owl/EVS/Thesaurus.owl#C4534	0.92668188
http://snomed.info/id/276836002	http://ncicb.nci.nih.gov/xml/owl/EVS/Thesaurus.owl#C7611	0.933707
http://snomed.info/id/276860003	http://ncicb.nci.nih.gov/xml/owl/EVS/Thesaurus.owl#C4643	0.95061469
http://snomed.info/id/276870001	http://ncicb.nci.nih.gov/xml/owl/EVS/Thesaurus.owl#C3867	0.98264813
http://snomed.info/id/276872009	http://ncicb.nci.nih.gov/xml/owl/EVS/Thesaurus.owl#C4645	1.0
http://snomed.info/id/276876007	http://ncicb.nci.nih.gov/xml/owl/EVS/Thesaurus.owl#C9055	0.96593028
http://snomed.info/id/276891009	http://ncicb.nci.nih.gov/xml/owl/EVS/Thesaurus.owl#C4647	0.98646152
http://snomed.info/id/276952000	http://ncicb.nci.nih.gov/xml/owl/EVS/Thesaurus.owl#C4648	0.97517872
http://snomed.info/id/276954004	http://ncicb.nci.nih.gov/xml/owl/EVS/Thesaurus.owl#C4041	0.96878904
http://snomed.info/id/276962007	http://ncicb.nci.nih.gov/xml/owl/EVS/Thesaurus.owl#C4649	0.98324102
http://snomed.info/id/276968006	http://ncicb.nci.nih.gov/xml/owl/EVS/Thesaurus.owl#C3286	0.91069728
http://snomed.info/id/276975007	http://ncicb.nci.nih.gov/xml/owl/EVS/Thesaurus.owl#C4855	0.92566144
http://snomed.info/id/277155005	http://ncicb.nci.nih.gov/xml/owl/EVS/Thesaurus.owl#C4652	0.96382403
http://snomed.info/id/277156006	http://ncicb.nci.nih.gov/xml/owl/EVS/Thesaurus.owl#C4653	0.9811272
http://snomed.info/id/277157002	http://ncicb.nci.nih.gov/xml/owl/EVS/Thesaurus.owl#C6807	0.97601187
http://snomed.info/id/277161008	http://ncicb.nci.nih.gov/xml/owl/EVS/Thesaurus.owl#C4733	1.0
http://snomed.info/id/277164000	http://ncicb.nci.nih.gov/xml/owl/EVS/Thesaurus.owl#C8311	0.91643757
http://snomed.info/id/277185000	http://ncicb.nci.nih.gov/xml/owl/EVS/Thesaurus.owl#C4655	1.0
http://snomed.info/id/277456001	http://ncicb.nci.nih.gov/xml/owl/EVS/Thesaurus.owl#C155803	0.92789096
http://snomed.info/id/277461004	http://ncicb.nci.nih.gov/xml/owl/EVS/Thesaurus.owl#C9477	0.97112834
http://snomed.info/id/277466009	http://ncicb.nci.nih.gov/xml/owl/EVS/Thesaurus.owl#C9308	1.0
http://snomed.info/id/277473004	http://ncicb.nci.nih.gov/xml/owl/EVS/Thesaurus.owl#C3163	0.9280327
http://snomed.info/id/277505007	http://ncicb.nci.nih.gov/xml/owl/EVS/Thesaurus.owl#C3222	0.96771479
http://snomed.info/id/277507004	http://ncicb.nci.nih.gov/xml/owl/EVS/Thesaurus.owl#C6809	0.96103781
http://snomed.info/id/277508009	http://ncicb.nci.nih.gov/xml/owl/EVS/Thesaurus.owl#C4659	0.98688424
http://snomed.info/id/277522009	http://ncicb.nci.nih.gov/xml/owl/EVS/Thesaurus.owl#C4660	0.90408278
http://snomed.info/id/277523004	http://ncicb.nci.nih.gov/xml/owl/EVS/Thesaurus.owl#C4661	1.0
http://snomed.info/id/277526007	http://ncicb.nci.nih.gov/xml/owl/EVS/Thesaurus.owl#C6890	0.91076946
http://snomed.info/id/277527003	http://ncicb.nci.nih.gov/xml/owl/EVS/Thesaurus.owl#C4662	0.97974819
http://snomed.info/id/277530005	http://ncicb.nci.nih.gov/xml/owl/EVS/Thesaurus.owl#C5317	0.95669454
http://snomed.info/id/277532002	http://ncicb.nci.nih.gov/xml/owl/EVS/Thesaurus.owl#C6890	0.94645059
http://snomed.info/id/277545003	http://ncicb.nci.nih.gov/xml/owl/EVS/Thesaurus.owl#C70649	1.0
http://snomed.info/id/277550009	http://ncicb.nci.nih.gov/xml/owl/EVS/Thesaurus.owl#C35424	1.0
http://snomed.info/id/277567002	http://ncicb.nci.nih.gov/xml/owl/EVS/Thesaurus.owl#C4752	1.0
http://snomed.info/id/277568007	http://ncicb.nci.nih.gov/xml/owl/EVS/Thesaurus.owl#C7401	1.0
http://snomed.info/id/277571004	http://ncicb.nci.nih.gov/xml/owl/EVS/Thesaurus.owl#C8644	0.96887243
http://snomed.info/id/277572006	http://ncicb.nci.nih.gov/xml/owl/EVS/Thesaurus.owl#C27798	0.92256445
http://snomed.info/id/277573001	http://ncicb.nci.nih.gov/xml/owl/EVS/Thesaurus.owl#C27797	1.0
http://snomed.info/id/277575008	http://ncicb.nci.nih.gov/xml/owl/EVS/Thesaurus.owl#C3183	0.964288
http://snomed.info/id/277577000	http://ncicb.nci.nih.gov/xml/owl/EVS/Thesaurus.owl#C3996	0.96500558
http://snomed.info/id/277580004	http://ncicb.nci.nih.gov/xml/owl/EVS/Thesaurus.owl#C4734	0.94386852
http://snomed.info/id/277589003	http://ncicb.nci.nih.gov/xml/owl/EVS/Thesaurus.owl#C3519	0.91673118
http://snomed.info/id/277597005	http://ncicb.nci.nih.gov/xml/owl/EVS/Thesaurus.owl#C6867	1.0
http://snomed.info/id/277601005	http://ncicb.nci.nih.gov/xml/owl/EVS/Thesaurus.owl#C7171	1.0
http://snomed.info/id/277602003	http://ncicb.nci.nih.gov/xml/owl/EVS/Thesaurus.owl#C3170	1.0
http://snomed.info/id/277604002	http://ncicb.nci.nih.gov/xml/owl/EVS/Thesaurus.owl#C26813	1.0
http://snomed.info/id/277610002	http://ncicb.nci.nih.gov/xml/owl/EVS/Thesaurus.owl#C27270	0.98025298
http://snomed.info/id/277611003	http://ncicb.nci.nih.gov/xml/owl/EVS/Thesaurus.owl#C27098	1.0
http://snomed.info/id/277612005	http://ncicb.nci.nih.gov/xml/owl/EVS/Thesaurus.owl#C27808	0.98972446
http://snomed.info/id/277615007	http://ncicb.nci.nih.gov/xml/owl/EVS/Thesaurus.owl#C6816	0.96258408
http://snomed.info/id/277616008	http://ncicb.nci.nih.gov/xml/owl/EVS/Thesaurus.owl#C8851	0.91968197
http://snomed.info/id/277617004	http://ncicb.nci.nih.gov/xml/owl/EVS/Thesaurus.owl#C138211	1.0
http://snomed.info/id/277619001	http://ncicb.nci.nih.gov/xml/owl/EVS/Thesaurus.owl#C4753	1.0
http://snomed.info/id/277626001	http://ncicb.nci.nih.gov/xml/owl/EVS/Thesaurus.owl#C8851	0.92602557
http://snomed.info/id/277628000	http://ncicb.nci.nih.gov/xml/owl/EVS/Thesaurus.owl#C27265	0.93210572
http://snomed.info/id/277629008	http://ncicb.nci.nih.gov/xml/owl/EVS/Thesaurus.owl#C27266	0.91491836
http://snomed.info/id/277637000	http://ncicb.nci.nih.gov/xml/owl/EVS/Thesaurus.owl#C3720	1.0
http://snomed.info/id/277642008	http://ncicb.nci.nih.gov/xml/owl/EVS/Thesaurus.owl#C4735	1.0
http://snomed.info/id/277643003	http://ncicb.nci.nih.gov/xml/owl/EVS/Thesaurus.owl#C4736	1.0
http://snomed.info/id/277654008	http://ncicb.nci.nih.gov/xml/owl/EVS/Thesaurus.owl#C4737	1.0
http://snomed.info/id/277664004	http://ncicb.nci.nih.gov/xml/owl/EVS/Thesaurus.owl#C6810	0.91546768
http://snomed.info/id/277844007	http://ncicb.nci.nih.gov/xml/owl/EVS/Thesaurus.owl#C38153	0.98063892
http://snomed.info/id/277942005	http://ncicb.nci.nih.gov/xml/owl/EVS/Thesaurus.owl#C27132	1.0
http://snomed.info/id/277980006	http://ncicb.nci.nih.gov/xml/owl/EVS/Thesaurus.owl#C3473	0.96878135
http://snomed.info/id/277984002	http://ncicb.nci.nih.gov/xml/owl/EVS/Thesaurus.owl#C3716	0.90508091
http://snomed.info/id/277985001	http://ncicb.nci.nih.gov/xml/owl/EVS/Thesaurus.owl#C66808	0.92200774
http://snomed.info/id/277987009	http://ncicb.nci.nih.gov/xml/owl/EVS/Thesaurus.owl#C3328	0.96336436
http://snomed.info/id/277990003	http://ncicb.nci.nih.gov/xml/owl/EVS/Thesaurus.owl#C67155	0.93573225
http://snomed.info/id/278024000	http://ncicb.nci.nih.gov/xml/owl/EVS/Thesaurus.owl#C159667	0.98484212
http://snomed.info/id/278043000	http://ncicb.nci.nih.gov/xml/owl/EVS/Thesaurus.owl#C6812	0.95515358
http://snomed.info/id/278046008	http://ncicb.nci.nih.gov/xml/owl/EVS/Thesaurus.owl#C4669	0.97393054
http://snomed.info/id/278050001	http://ncicb.nci.nih.gov/xml/owl/EVS/Thesaurus.owl#C4670	0.96690059
http://snomed.info/id/278051002	http://ncicb.nci.nih.gov/xml/owl/EVS/Thesaurus.owl#C5265	0.92229801
http://snomed.info/id/278052009	http://ncicb.nci.nih.gov/xml/owl/EVS/Thesaurus.owl#C4671	0.90265524
http://snomed.info/id/278054005	http://ncicb.nci.nih.gov/xml/owl/EVS/Thesaurus.owl#C3771	0.96858841
http://snomed.info/id/278055006	http://ncicb.nci.nih.gov/xml/owl/EVS/Thesaurus.owl#C39942	0.98602504
http://snomed.info/id/278057003	http://ncicb.nci.nih.gov/xml/owl/EVS/Thesaurus.owl#C4672	0.98938733
http://snomed.info/id/278065000	http://ncicb.nci.nih.gov/xml/owl/EVS/Thesaurus.owl#C55815	1.0
http://snomed.info/id/278385006	http://ncicb.nci.nih.gov/xml/owl/EVS/Thesaurus.owl#C39756	1.0
http://snomed.info/id/278388008	http://ncicb.nci.nih.gov/xml/owl/EVS/Thesaurus.owl#C173820	0.9579435
http://snomed.info/id/278397007	http://ncicb.nci.nih.gov/xml/owl/EVS/Thesaurus.owl#C39753	1.0
http://snomed.info/id/278398002	http://ncicb.nci.nih.gov/xml/owl/EVS/Thesaurus.owl#C27397	1.0
http://snomed.info/id/278399005	http://ncicb.nci.nih.gov/xml/owl/EVS/Thesaurus.owl#C39754	1.0
http://snomed.info/id/278400003	http://ncicb.nci.nih.gov/xml/owl/EVS/Thesaurus.owl#C27398	1.0
http://snomed.info/id/278401004	http://ncicb.nci.nih.gov/xml/owl/EVS/Thesaurus.owl#C39758	1.0
http://snomed.info/id/278404007	http://ncicb.nci.nih.gov/xml/owl/EVS/Thesaurus.owl#C4313	0.9151873
http://snomed.info/id/278407000	http://ncicb.nci.nih.gov/xml/owl/EVS/Thesaurus.owl#C39753	0.96810865
http://snomed.info/id/278408005	http://ncicb.nci.nih.gov/xml/owl/EVS/Thesaurus.owl#C39756	0.93830889
http://snomed.info/id/278409002	http://ncicb.nci.nih.gov/xml/owl/EVS/Thesaurus.owl#C4316	0.91941226
http://snomed.info/id/278453007	http://ncicb.nci.nih.gov/xml/owl/EVS/Thesaurus.owl#C4673	1.0
http://snomed.info/id/27849002	http://ncicb.nci.nih.gov/xml/owl/EVS/Thesaurus.owl#C27781	1.0
http://snomed.info/id/278491007	http://ncicb.nci.nih.gov/xml/owl/EVS/Thesaurus.owl#C9010	0.92163503
http://snomed.info/id/278697001	http://ncicb.nci.nih.gov/xml/owl/EVS/Thesaurus.owl#C3031	0.96289802
http://snomed.info/id/28047004	http://ncicb.nci.nih.gov/xml/owl/EVS/Thesaurus.owl#C3752	1.0
http://snomed.info/id/28054005	http://ncicb.nci.nih.gov/xml/owl/EVS/Thesaurus.owl#C3467	0.92630506
http://snomed.info/id/280959007	http://ncicb.nci.nih.gov/xml/owl/EVS/Thesaurus.owl#C175319	0.97293997
http://snomed.info/id/280960002	http://ncicb.nci.nih.gov/xml/owl/EVS/Thesaurus.owl#C175318	0.96308678
http://snomed.info/id/281560004	http://ncicb.nci.nih.gov/xml/owl/EVS/Thesaurus.owl#C4826	0.95829004
http://snomed.info/id/281561000	http://ncicb.nci.nih.gov/xml/owl/EVS/Thesaurus.owl#C99055	1.0
http://snomed.info/id/281562007	http://ncicb.nci.nih.gov/xml/owl/EVS/Thesaurus.owl#C4827	0.99380851
http://snomed.info/id/281591005	http://ncicb.nci.nih.gov/xml/owl/EVS/Thesaurus.owl#C162485	0.98917818
http://snomed.info/id/281700003	http://ncicb.nci.nih.gov/xml/owl/EVS/Thesaurus.owl#C39858	0.92026675
http://snomed.info/id/281702006	http://ncicb.nci.nih.gov/xml/owl/EVS/Thesaurus.owl#C8461	1.0
http://snomed.info/id/28237007	http://ncicb.nci.nih.gov/xml/owl/EVS/Thesaurus.owl#C66841	1.0
http://snomed.info/id/28307001	http://ncicb.nci.nih.gov/xml/owl/EVS/Thesaurus.owl#C3753	1.0
http://snomed.info/id/28351005	http://ncicb.nci.nih.gov/xml/owl/EVS/Thesaurus.owl#C3255	1.0
http://snomed.info/id/285310000	http://ncicb.nci.nih.gov/xml/owl/EVS/Thesaurus.owl#C7489	0.97456914
http://snomed.info/id/285311001	http://ncicb.nci.nih.gov/xml/owl/EVS/Thesaurus.owl#C4313	0.9406662
http://snomed.info/id/285312008	http://ncicb.nci.nih.gov/xml/owl/EVS/Thesaurus.owl#C177680	0.98176587
http://snomed.info/id/285426000	http://ncicb.nci.nih.gov/xml/owl/EVS/Thesaurus.owl#C150566	0.9426502
http://snomed.info/id/285430002	http://ncicb.nci.nih.gov/xml/owl/EVS/Thesaurus.owl#C3996	0.91734529
http://snomed.info/id/285432005	http://ncicb.nci.nih.gov/xml/owl/EVS/Thesaurus.owl#C9039	0.95837796
http://snomed.info/id/28558000	http://ncicb.nci.nih.gov/xml/owl/EVS/Thesaurus.owl#C4142	1.0
http://snomed.info/id/285636001	http://ncicb.nci.nih.gov/xml/owl/EVS/Thesaurus.owl#C3782	1.0
http://snomed.info/id/285769009	http://ncicb.nci.nih.gov/xml/owl/EVS/Thesaurus.owl#C27756	0.90630329
http://snomed.info/id/285776004	http://ncicb.nci.nih.gov/xml/owl/EVS/Thesaurus.owl#C6819	0.96942276
http://snomed.info/id/285836003	http://ncicb.nci.nih.gov/xml/owl/EVS/Thesaurus.owl#C40199	0.90703183
http://snomed.info/id/285838002	http://ncicb.nci.nih.gov/xml/owl/EVS/Thesaurus.owl#C94676	0.96191967
http://snomed.info/id/285839005	http://ncicb.nci.nih.gov/xml/owl/EVS/Thesaurus.owl#C9020	0.90784037
http://snomed.info/id/28655007	http://ncicb.nci.nih.gov/xml/owl/EVS/Thesaurus.owl#C3194	0.90041357
http://snomed.info/id/286887005	http://ncicb.nci.nih.gov/xml/owl/EVS/Thesaurus.owl#C7927	0.92106771
http://snomed.info/id/286891000	http://ncicb.nci.nih.gov/xml/owl/EVS/Thesaurus.owl#C133252	0.93384123
http://snomed.info/id/286905003	http://ncicb.nci.nih.gov/xml/owl/EVS/Thesaurus.owl#C53684	0.96169156
http://snomed.info/id/28733007	http://ncicb.nci.nih.gov/xml/owl/EVS/Thesaurus.owl#C3711	1.0
http://snomed.info/id/28899001	http://ncicb.nci.nih.gov/xml/owl/EVS/Thesaurus.owl#C2929	0.9449141
http://snomed.info/id/28953002	http://ncicb.nci.nih.gov/xml/owl/EVS/Thesaurus.owl#C66771	1.0
http://snomed.info/id/29020002	http://ncicb.nci.nih.gov/xml/owl/EVS/Thesaurus.owl#C4309	1.0
http://snomed.info/id/29074008	http://ncicb.nci.nih.gov/xml/owl/EVS/Thesaurus.owl#C3931	0.98153508
http://snomed.info/id/29370006	http://ncicb.nci.nih.gov/xml/owl/EVS/Thesaurus.owl#C4220	0.9804166
http://snomed.info/id/29421000119105	http://ncicb.nci.nih.gov/xml/owl/EVS/Thesaurus.owl#C7676	1.0
http://snomed.info/id/29431000119108	http://ncicb.nci.nih.gov/xml/owl/EVS/Thesaurus.owl#C4141	1.0
http://snomed.info/id/29609001	http://ncicb.nci.nih.gov/xml/owl/EVS/Thesaurus.owl#C3664	0.94296658
http://snomed.info/id/29792007	http://ncicb.nci.nih.gov/xml/owl/EVS/Thesaurus.owl#C4068	1.0
http://snomed.info/id/2985005	http://ncicb.nci.nih.gov/xml/owl/EVS/Thesaurus.owl#C47857	0.90787971
http://snomed.info/id/300987004	http://ncicb.nci.nih.gov/xml/owl/EVS/Thesaurus.owl#C4829	1.0
http://snomed.info/id/300988009	http://ncicb.nci.nih.gov/xml/owl/EVS/Thesaurus.owl#C4830	0.93408167
http://snomed.info/id/301036008	http://ncicb.nci.nih.gov/xml/owl/EVS/Thesaurus.owl#C27185	1.0
http://snomed.info/id/30156004	http://ncicb.nci.nih.gov/xml/owl/EVS/Thesaurus.owl#C3680	1.0
http://snomed.info/id/301756000	http://ncicb.nci.nih.gov/xml/owl/EVS/Thesaurus.owl#C177680	0.91151482
http://snomed.info/id/302819002	http://ncicb.nci.nih.gov/xml/owl/EVS/Thesaurus.owl#C3592	0.9041509
http://snomed.info/id/302820008	http://ncicb.nci.nih.gov/xml/owl/EVS/Thesaurus.owl#C4656	1.0
http://snomed.info/id/302821007	http://ncicb.nci.nih.gov/xml/owl/EVS/Thesaurus.owl#C27182	0.90862674
http://snomed.info/id/302823005	http://ncicb.nci.nih.gov/xml/owl/EVS/Thesaurus.owl#C95597	0.98693198
http://snomed.info/id/302824004	http://ncicb.nci.nih.gov/xml/owl/EVS/Thesaurus.owl#C95596	0.94569379
http://snomed.info/id/302826002	http://ncicb.nci.nih.gov/xml/owl/EVS/Thesaurus.owl#C9003	0.99243784
http://snomed.info/id/302827006	http://ncicb.nci.nih.gov/xml/owl/EVS/Thesaurus.owl#C27094	1.0
http://snomed.info/id/302828001	http://ncicb.nci.nih.gov/xml/owl/EVS/Thesaurus.owl#C3761	0.97512913
http://snomed.info/id/302829009	http://ncicb.nci.nih.gov/xml/owl/EVS/Thesaurus.owl#C4192	0.96781272
http://snomed.info/id/302831000	http://ncicb.nci.nih.gov/xml/owl/EVS/Thesaurus.owl#C4747	0.99772757
http://snomed.info/id/302833002	http://ncicb.nci.nih.gov/xml/owl/EVS/Thesaurus.owl#C3308	1.0
http://snomed.info/id/302834008	http://ncicb.nci.nih.gov/xml/owl/EVS/Thesaurus.owl#C3309	1.0
http://snomed.info/id/302835009	http://ncicb.nci.nih.gov/xml/owl/EVS/Thesaurus.owl#C3326	0.97163862
http://snomed.info/id/302836005	http://ncicb.nci.nih.gov/xml/owl/EVS/Thesaurus.owl#C43372	1.0
http://snomed.info/id/302837001	http://ncicb.nci.nih.gov/xml/owl/EVS/Thesaurus.owl#C9151	1.0
http://snomed.info/id/302838006	http://ncicb.nci.nih.gov/xml/owl/EVS/Thesaurus.owl#C3804	0.96163118
http://snomed.info/id/302840001	http://ncicb.nci.nih.gov/xml/owl/EVS/Thesaurus.owl#C66759	1.0
http://snomed.info/id/302841002	http://ncicb.nci.nih.gov/xml/owl/EVS/Thesaurus.owl#C7540	0.96531969
http://snomed.info/id/302842009	http://ncicb.nci.nih.gov/xml/owl/EVS/Thesaurus.owl#C4338	0.94999707
http://snomed.info/id/302843004	http://ncicb.nci.nih.gov/xml/owl/EVS/Thesaurus.owl#C35765	1.0
http://snomed.info/id/302846007	http://ncicb.nci.nih.gov/xml/owl/EVS/Thesaurus.owl#C3358	1.0
http://snomed.info/id/302847003	http://ncicb.nci.nih.gov/xml/owl/EVS/Thesaurus.owl#C3359	1.0
http://snomed.info/id/302849000	http://ncicb.nci.nih.gov/xml/owl/EVS/Thesaurus.owl#C114235	0.90806049
http://snomed.info/id/302851001	http://ncicb.nci.nih.gov/xml/owl/EVS/Thesaurus.owl#C3400	1.0
http://snomed.info/id/302856006	http://ncicb.nci.nih.gov/xml/owl/EVS/Thesaurus.owl#C4982	1.0
http://snomed.info/id/302857002	http://ncicb.nci.nih.gov/xml/owl/EVS/Thesaurus.owl#C3799	1.0
http://snomed.info/id/302861008	http://ncicb.nci.nih.gov/xml/owl/EVS/Thesaurus.owl#C35259	1.0
http://snomed.info/id/302862001	http://ncicb.nci.nih.gov/xml/owl/EVS/Thesaurus.owl#C3296	0.90217561
http://snomed.info/id/302863006	http://ncicb.nci.nih.gov/xml/owl/EVS/Thesaurus.owl#C8422	1.0
http://snomed.info/id/30289006	http://ncicb.nci.nih.gov/xml/owl/EVS/Thesaurus.owl#C3769	0.96406454
http://snomed.info/id/303017006	http://ncicb.nci.nih.gov/xml/owl/EVS/Thesaurus.owl#C27821	0.98211229
http://snomed.info/id/303055001	http://ncicb.nci.nih.gov/xml/owl/EVS/Thesaurus.owl#C8994	0.91960186
http://snomed.info/id/303057009	http://ncicb.nci.nih.gov/xml/owl/EVS/Thesaurus.owl#C8994	0.90044129
http://snomed.info/id/30383009	http://ncicb.nci.nih.gov/xml/owl/EVS/Thesaurus.owl#C4282	0.97398412
http://snomed.info/id/30440004	http://ncicb.nci.nih.gov/xml/owl/EVS/Thesaurus.owl#C8318	0.94403261
http://snomed.info/id/30494009	http://ncicb.nci.nih.gov/xml/owl/EVS/Thesaurus.owl#C4231	1.0
http://snomed.info/id/30546008	http://ncicb.nci.nih.gov/xml/owl/EVS/Thesaurus.owl#C3766	1.00000024
http://snomed.info/id/30649006	http://ncicb.nci.nih.gov/xml/owl/EVS/Thesaurus.owl#C3784	0.91212285
http://snomed.info/id/30664006	http://ncicb.nci.nih.gov/xml/owl/EVS/Thesaurus.owl#C3225	1.0
http://snomed.info/id/30699005	http://ncicb.nci.nih.gov/xml/owl/EVS/Thesaurus.owl#C2932	0.90372747
http://snomed.info/id/30713000	http://ncicb.nci.nih.gov/xml/owl/EVS/Thesaurus.owl#C157748	0.90222555
http://snomed.info/id/307219002	http://ncicb.nci.nih.gov/xml/owl/EVS/Thesaurus.owl#C4832	1.0
http://snomed.info/id/307502000	http://ncicb.nci.nih.gov/xml/owl/EVS/Thesaurus.owl#C4833	0.94061559
http://snomed.info/id/307573009	http://ncicb.nci.nih.gov/xml/owl/EVS/Thesaurus.owl#C53459	0.96459055
http://snomed.info/id/307575002	http://ncicb.nci.nih.gov/xml/owl/EVS/Thesaurus.owl#C48305	0.97837162
http://snomed.info/id/307576001	http://ncicb.nci.nih.gov/xml/owl/EVS/Thesaurus.owl#C53707	0.97103345
http://snomed.info/id/307591004	http://ncicb.nci.nih.gov/xml/owl/EVS/Thesaurus.owl#C8991	1.0
http://snomed.info/id/307592006	http://ncicb.nci.nih.gov/xml/owl/EVS/Thesaurus.owl#C3164	0.94759887
http://snomed.info/id/307593001	http://ncicb.nci.nih.gov/xml/owl/EVS/Thesaurus.owl#C3693	1.0
http://snomed.info/id/307596009	http://ncicb.nci.nih.gov/xml/owl/EVS/Thesaurus.owl#C4168	1.0
http://snomed.info/id/307597000	http://ncicb.nci.nih.gov/xml/owl/EVS/Thesaurus.owl#C7568	0.9130159
http://snomed.info/id/307598005	http://ncicb.nci.nih.gov/xml/owl/EVS/Thesaurus.owl#C4174	0.98744899
http://snomed.info/id/307599002	http://ncicb.nci.nih.gov/xml/owl/EVS/Thesaurus.owl#C40310	0.93562734
http://snomed.info/id/307601000	http://ncicb.nci.nih.gov/xml/owl/EVS/Thesaurus.owl#C3345	1.0
http://snomed.info/id/307604008	http://ncicb.nci.nih.gov/xml/owl/EVS/Thesaurus.owl#C142368	0.94221252
http://snomed.info/id/307605009	http://ncicb.nci.nih.gov/xml/owl/EVS/Thesaurus.owl#C3294	0.98196924
http://snomed.info/id/307606005	http://ncicb.nci.nih.gov/xml/owl/EVS/Thesaurus.owl#C3295	0.98774993
http://snomed.info/id/307607001	http://ncicb.nci.nih.gov/xml/owl/EVS/Thesaurus.owl#C3830	0.97137445
http://snomed.info/id/307608006	http://ncicb.nci.nih.gov/xml/owl/EVS/Thesaurus.owl#C4835	1.0
http://snomed.info/id/307610008	http://ncicb.nci.nih.gov/xml/owl/EVS/Thesaurus.owl#C4114	0.93892056
http://snomed.info/id/307617006	http://ncicb.nci.nih.gov/xml/owl/EVS/Thesaurus.owl#C3179	0.93236846
http://snomed.info/id/307618001	http://ncicb.nci.nih.gov/xml/owl/EVS/Thesaurus.owl#C4162	0.99469268
http://snomed.info/id/307623001	http://ncicb.nci.nih.gov/xml/owl/EVS/Thesaurus.owl#C3212	0.96068984
http://snomed.info/id/307624007	http://ncicb.nci.nih.gov/xml/owl/EVS/Thesaurus.owl#C4338	0.97493106
http://snomed.info/id/307625008	http://ncicb.nci.nih.gov/xml/owl/EVS/Thesaurus.owl#C4074	0.91648275
http://snomed.info/id/307633009	http://ncicb.nci.nih.gov/xml/owl/EVS/Thesaurus.owl#C66846	0.99236757
http://snomed.info/id/307634003	http://ncicb.nci.nih.gov/xml/owl/EVS/Thesaurus.owl#C66847	0.97669011
http://snomed.info/id/307635002	http://ncicb.nci.nih.gov/xml/owl/EVS/Thesaurus.owl#C67171	0.94775301
http://snomed.info/id/307637005	http://ncicb.nci.nih.gov/xml/owl/EVS/Thesaurus.owl#C8994	0.97557521
http://snomed.info/id/307647008	http://ncicb.nci.nih.gov/xml/owl/EVS/Thesaurus.owl#C8994	0.99002481
http://snomed.info/id/308121000	http://ncicb.nci.nih.gov/xml/owl/EVS/Thesaurus.owl#C3209	0.94123954
http://snomed.info/id/309084001	http://ncicb.nci.nih.gov/xml/owl/EVS/Thesaurus.owl#C3495	0.98593581
http://snomed.info/id/30924005	http://ncicb.nci.nih.gov/xml/owl/EVS/Thesaurus.owl#C3359	0.95690185
http://snomed.info/id/309245001	http://ncicb.nci.nih.gov/xml/owl/EVS/Thesaurus.owl#C7359	0.90979397
http://snomed.info/id/30962008	http://ncicb.nci.nih.gov/xml/owl/EVS/Thesaurus.owl#C7463	1.0
http://snomed.info/id/3102004	http://ncicb.nci.nih.gov/xml/owl/EVS/Thesaurus.owl#C4326	1.0
http://snomed.info/id/31047003	http://ncicb.nci.nih.gov/xml/owl/EVS/Thesaurus.owl#C3721	1.0
http://snomed.info/id/310504009	http://ncicb.nci.nih.gov/xml/owl/EVS/Thesaurus.owl#C3812	0.91928792
http://snomed.info/id/31069005	http://ncicb.nci.nih.gov/xml/owl/EVS/Thesaurus.owl#C3337	1.0
http://snomed.info/id/31104000	http://ncicb.nci.nih.gov/xml/owl/EVS/Thesaurus.owl#C66779	1.0
http://snomed.info/id/31131002	http://ncicb.nci.nih.gov/xml/owl/EVS/Thesaurus.owl#C65189	1.0
http://snomed.info/id/31186001	http://ncicb.nci.nih.gov/xml/owl/EVS/Thesaurus.owl#C53459	1.0
http://snomed.info/id/312104005	http://ncicb.nci.nih.gov/xml/owl/EVS/Thesaurus.owl#C4436	0.94239205
http://snomed.info/id/312823001	http://ncicb.nci.nih.gov/xml/owl/EVS/Thesaurus.owl#C4919	0.96931934
http://snomed.info/id/312935003	http://ncicb.nci.nih.gov/xml/owl/EVS/Thesaurus.owl#C3634	0.96975678
http://snomed.info/id/312937006	http://ncicb.nci.nih.gov/xml/owl/EVS/Thesaurus.owl#C4921	0.98363346
http://snomed.info/id/312938001	http://ncicb.nci.nih.gov/xml/owl/EVS/Thesaurus.owl#C174548	0.92802811
http://snomed.info/id/312949007	http://ncicb.nci.nih.gov/xml/owl/EVS/Thesaurus.owl#C174551	0.99249005
http://snomed.info/id/31296004	http://ncicb.nci.nih.gov/xml/owl/EVS/Thesaurus.owl#C66751	1.0
http://snomed.info/id/313249007	http://ncicb.nci.nih.gov/xml/owl/EVS/Thesaurus.owl#C6786	0.91843235
http://snomed.info/id/314191009	http://ncicb.nci.nih.gov/xml/owl/EVS/Thesaurus.owl#C5228	0.97728354
http://snomed.info/id/314336009	http://ncicb.nci.nih.gov/xml/owl/EVS/Thesaurus.owl#C6719	0.92794687
http://snomed.info/id/314512009	http://ncicb.nci.nih.gov/xml/owl/EVS/Thesaurus.owl#C4357	0.96793586
http://snomed.info/id/314515006	http://ncicb.nci.nih.gov/xml/owl/EVS/Thesaurus.owl#C4061	0.98499984
http://snomed.info/id/31470003	http://ncicb.nci.nih.gov/xml/owl/EVS/Thesaurus.owl#C9474	1.0
http://snomed.info/id/314921004	http://ncicb.nci.nih.gov/xml/owl/EVS/Thesaurus.owl#C4573	0.99435937
http://snomed.info/id/314922006	http://ncicb.nci.nih.gov/xml/owl/EVS/Thesaurus.owl#C3457	0.93459356
http://snomed.info/id/314923001	http://ncicb.nci.nih.gov/xml/owl/EVS/Thesaurus.owl#C6816	0.95942998
http://snomed.info/id/314925008	http://ncicb.nci.nih.gov/xml/owl/EVS/Thesaurus.owl#C138211	0.98910624
http://snomed.info/id/314926009	http://ncicb.nci.nih.gov/xml/owl/EVS/Thesaurus.owl#C3466	0.93418992
http://snomed.info/id/314927000	http://ncicb.nci.nih.gov/xml/owl/EVS/Thesaurus.owl#C4736	0.99110967
http://snomed.info/id/314929002	http://ncicb.nci.nih.gov/xml/owl/EVS/Thesaurus.owl#C148392	0.91433269
http://snomed.info/id/314930007	http://ncicb.nci.nih.gov/xml/owl/EVS/Thesaurus.owl#C4735	0.99177879
http://snomed.info/id/314932004	http://ncicb.nci.nih.gov/xml/owl/EVS/Thesaurus.owl#C4615	0.98581529
http://snomed.info/id/314933009	http://ncicb.nci.nih.gov/xml/owl/EVS/Thesaurus.owl#C4615	0.90537363
http://snomed.info/id/314934003	http://ncicb.nci.nih.gov/xml/owl/EVS/Thesaurus.owl#C8851	0.91585755
http://snomed.info/id/314947008	http://ncicb.nci.nih.gov/xml/owl/EVS/Thesaurus.owl#C95980	0.94032639
http://snomed.info/id/314965007	http://ncicb.nci.nih.gov/xml/owl/EVS/Thesaurus.owl#C3998	0.90076172
http://snomed.info/id/314966008	http://ncicb.nci.nih.gov/xml/owl/EVS/Thesaurus.owl#C9238	0.90129316
http://snomed.info/id/314968009	http://ncicb.nci.nih.gov/xml/owl/EVS/Thesaurus.owl#C9266	0.90238672
http://snomed.info/id/314974009	http://ncicb.nci.nih.gov/xml/owl/EVS/Thesaurus.owl#C150536	0.91322005
http://snomed.info/id/314976006	http://ncicb.nci.nih.gov/xml/owl/EVS/Thesaurus.owl#C9097	0.90793949
http://snomed.info/id/314987003	http://ncicb.nci.nih.gov/xml/owl/EVS/Thesaurus.owl#C156072	0.95239145
http://snomed.info/id/314988008	http://ncicb.nci.nih.gov/xml/owl/EVS/Thesaurus.owl#C5629	0.95505577
http://snomed.info/id/314989000	http://ncicb.nci.nih.gov/xml/owl/EVS/Thesaurus.owl#C114831	0.9484331
http://snomed.info/id/314990009	http://ncicb.nci.nih.gov/xml/owl/EVS/Thesaurus.owl#C3580	0.94667864
http://snomed.info/id/314991008	http://ncicb.nci.nih.gov/xml/owl/EVS/Thesaurus.owl#C8610	0.95523226
http://snomed.info/id/314992001	http://ncicb.nci.nih.gov/xml/owl/EVS/Thesaurus.owl#C6385	0.94240087
http://snomed.info/id/314994000	http://ncicb.nci.nih.gov/xml/owl/EVS/Thesaurus.owl#C7080	0.94679809
http://snomed.info/id/314995004	http://ncicb.nci.nih.gov/xml/owl/EVS/Thesaurus.owl#C7650	0.95444119
http://snomed.info/id/314996003	http://ncicb.nci.nih.gov/xml/owl/EVS/Thesaurus.owl#C7549	0.95462918
http://snomed.info/id/314997007	http://ncicb.nci.nih.gov/xml/owl/EVS/Thesaurus.owl#C7426	0.95168942
http://snomed.info/id/314998002	http://ncicb.nci.nih.gov/xml/owl/EVS/Thesaurus.owl#C8411	0.95217627
http://snomed.info/id/314999005	http://ncicb.nci.nih.gov/xml/owl/EVS/Thesaurus.owl#C8543	0.94719172
http://snomed.info/id/315000005	http://ncicb.nci.nih.gov/xml/owl/EVS/Thesaurus.owl#C4758	0.95119923
http://snomed.info/id/315001009	http://ncicb.nci.nih.gov/xml/owl/EVS/Thesaurus.owl#C7482	0.95276594
http://snomed.info/id/315002002	http://ncicb.nci.nih.gov/xml/owl/EVS/Thesaurus.owl#C95903	0.94488686
http://snomed.info/id/315003007	http://ncicb.nci.nih.gov/xml/owl/EVS/Thesaurus.owl#C7479	0.9468925
http://snomed.info/id/315004001	http://ncicb.nci.nih.gov/xml/owl/EVS/Thesaurus.owl#C7511	0.93703181
http://snomed.info/id/315006004	http://ncicb.nci.nih.gov/xml/owl/EVS/Thesaurus.owl#C3577	0.95895642
http://snomed.info/id/315007008	http://ncicb.nci.nih.gov/xml/owl/EVS/Thesaurus.owl#C7509	0.95205742
http://snomed.info/id/315058005	http://ncicb.nci.nih.gov/xml/owl/EVS/Thesaurus.owl#C164228	0.90822941
http://snomed.info/id/31671006	http://ncicb.nci.nih.gov/xml/owl/EVS/Thesaurus.owl#C9344	1.0
http://snomed.info/id/3172003	http://ncicb.nci.nih.gov/xml/owl/EVS/Thesaurus.owl#C4340	0.97481447
http://snomed.info/id/31794002	http://ncicb.nci.nih.gov/xml/owl/EVS/Thesaurus.owl#C4216	1.0
http://snomed.info/id/32048006	http://ncicb.nci.nih.gov/xml/owl/EVS/Thesaurus.owl#C2855	0.92361522
http://snomed.info/id/32071008	http://ncicb.nci.nih.gov/xml/owl/EVS/Thesaurus.owl#C4292	1.0
http://snomed.info/id/32140001	http://ncicb.nci.nih.gov/xml/owl/EVS/Thesaurus.owl#C2974	1.0
http://snomed.info/id/32236000	http://ncicb.nci.nih.gov/xml/owl/EVS/Thesaurus.owl#C3881	1.0
http://snomed.info/id/32272007	http://ncicb.nci.nih.gov/xml/owl/EVS/Thesaurus.owl#C6938	0.94224
http://snomed.info/id/32280000	http://ncicb.nci.nih.gov/xml/owl/EVS/Thesaurus.owl#C7539	0.94382852
http://snomed.info/id/32296002	http://ncicb.nci.nih.gov/xml/owl/EVS/Thesaurus.owl#C7363	1.0
http://snomed.info/id/32307003	http://ncicb.nci.nih.gov/xml/owl/EVS/Thesaurus.owl#C7486	0.91619545
http://snomed.info/id/32361000119104	http://ncicb.nci.nih.gov/xml/owl/EVS/Thesaurus.owl#C3841	0.94678378
http://snomed.info/id/32434004	http://ncicb.nci.nih.gov/xml/owl/EVS/Thesaurus.owl#C3763	1.0
http://snomed.info/id/32456001	http://ncicb.nci.nih.gov/xml/owl/EVS/Thesaurus.owl#C4956	0.92519653
http://snomed.info/id/32512003	http://ncicb.nci.nih.gov/xml/owl/EVS/Thesaurus.owl#C4219	1.0
http://snomed.info/id/32837003	http://ncicb.nci.nih.gov/xml/owl/EVS/Thesaurus.owl#C3801	0.95453906
http://snomed.info/id/32844007	http://ncicb.nci.nih.gov/xml/owl/EVS/Thesaurus.owl#C4290	1.0
http://snomed.info/id/32913002	http://ncicb.nci.nih.gov/xml/owl/EVS/Thesaurus.owl#C66718	0.9567821
http://snomed.info/id/33059009	http://ncicb.nci.nih.gov/xml/owl/EVS/Thesaurus.owl#C4112	1.0
http://snomed.info/id/33377007	http://ncicb.nci.nih.gov/xml/owl/EVS/Thesaurus.owl#C3086	1.0
http://snomed.info/id/33441000119100	http://ncicb.nci.nih.gov/xml/owl/EVS/Thesaurus.owl#C4619	0.90693361
http://snomed.info/id/33681003	http://ncicb.nci.nih.gov/xml/owl/EVS/Thesaurus.owl#C6469	0.9890784
http://snomed.info/id/33929001	http://ncicb.nci.nih.gov/xml/owl/EVS/Thesaurus.owl#C4298	1.0
http://snomed.info/id/34110004	http://ncicb.nci.nih.gov/xml/owl/EVS/Thesaurus.owl#C4209	0.96445709
http://snomed.info/id/34337008	http://ncicb.nci.nih.gov/xml/owl/EVS/Thesaurus.owl#C7910	0.90105325
http://snomed.info/id/34550005	http://ncicb.nci.nih.gov/xml/owl/EVS/Thesaurus.owl#C4223	1.0
http://snomed.info/id/34882000	http://ncicb.nci.nih.gov/xml/owl/EVS/Thesaurus.owl#C4273	0.95254934
http://snomed.info/id/34941004	http://ncicb.nci.nih.gov/xml/owl/EVS/Thesaurus.owl#C7501	1.0
http://snomed.info/id/350841000119107	http://ncicb.nci.nih.gov/xml/owl/EVS/Thesaurus.owl#C4965	0.96542639
http://snomed.info/id/351171000119101	http://ncicb.nci.nih.gov/xml/owl/EVS/Thesaurus.owl#C45550	0.93647498
http://snomed.info/id/35232005	http://ncicb.nci.nih.gov/xml/owl/EVS/Thesaurus.owl#C7688	0.91424876
http://snomed.info/id/35262004	http://ncicb.nci.nih.gov/xml/owl/EVS/Thesaurus.owl#C3796	1.0
http://snomed.info/id/35287006	http://ncicb.nci.nih.gov/xml/owl/EVS/Thesaurus.owl#C3520	0.97351855
http://snomed.info/id/354081000119101	http://ncicb.nci.nih.gov/xml/owl/EVS/Thesaurus.owl#C4124	0.91724938
http://snomed.info/id/35562000	http://ncicb.nci.nih.gov/xml/owl/EVS/Thesaurus.owl#C80307	1.0
http://snomed.info/id/35601003	http://ncicb.nci.nih.gov/xml/owl/EVS/Thesaurus.owl#C3996	1.0
http://snomed.info/id/35701008	http://ncicb.nci.nih.gov/xml/owl/EVS/Thesaurus.owl#C66817	1.0
http://snomed.info/id/35718007	http://ncicb.nci.nih.gov/xml/owl/EVS/Thesaurus.owl#C65175	0.96086413
http://snomed.info/id/35917007	http://ncicb.nci.nih.gov/xml/owl/EVS/Thesaurus.owl#C2852	0.96017724
http://snomed.info/id/359619007	http://ncicb.nci.nih.gov/xml/owl/EVS/Thesaurus.owl#C6965	0.9346348
http://snomed.info/id/35962006	http://ncicb.nci.nih.gov/xml/owl/EVS/Thesaurus.owl#C3946	1.0
http://snomed.info/id/359648001	http://ncicb.nci.nih.gov/xml/owl/EVS/Thesaurus.owl#C3250	0.91370028
http://snomed.info/id/359785002	http://ncicb.nci.nih.gov/xml/owl/EVS/Thesaurus.owl#C7650	0.93010318
http://snomed.info/id/359987004	http://ncicb.nci.nih.gov/xml/owl/EVS/Thesaurus.owl#C3153	1.0
http://snomed.info/id/360331008	http://ncicb.nci.nih.gov/xml/owl/EVS/Thesaurus.owl#C3359	0.98318589
http://snomed.info/id/36060005	http://ncicb.nci.nih.gov/xml/owl/EVS/Thesaurus.owl#C3087	1.0
http://snomed.info/id/36087009	http://ncicb.nci.nih.gov/xml/owl/EVS/Thesaurus.owl#C4141	1.0
http://snomed.info/id/36318001	http://ncicb.nci.nih.gov/xml/owl/EVS/Thesaurus.owl#C4168	1.0
http://snomed.info/id/363227003	http://ncicb.nci.nih.gov/xml/owl/EVS/Thesaurus.owl#C175933	0.9311192
http://snomed.info/id/363228008	http://ncicb.nci.nih.gov/xml/owl/EVS/Thesaurus.owl#C3000	0.98622119
http://snomed.info/id/363229000	http://ncicb.nci.nih.gov/xml/owl/EVS/Thesaurus.owl#C166354	0.96913141
http://snomed.info/id/363346000	http://ncicb.nci.nih.gov/xml/owl/EVS/Thesaurus.owl#C9305	0.97390181
http://snomed.info/id/363348004	http://ncicb.nci.nih.gov/xml/owl/EVS/Thesaurus.owl#C7485	0.95987886
http://snomed.info/id/363349007	http://ncicb.nci.nih.gov/xml/owl/EVS/Thesaurus.owl#C9331	0.95970207
http://snomed.info/id/363350007	http://ncicb.nci.nih.gov/xml/owl/EVS/Thesaurus.owl#C9329	0.98391783
http://snomed.info/id/363351006	http://ncicb.nci.nih.gov/xml/owl/EVS/Thesaurus.owl#C7418	0.95791769
http://snomed.info/id/363352004	http://ncicb.nci.nih.gov/xml/owl/EVS/Thesaurus.owl#C7379	0.95584339
http://snomed.info/id/363353009	http://ncicb.nci.nih.gov/xml/owl/EVS/Thesaurus.owl#C7481	0.97363961
http://snomed.info/id/363354003	http://ncicb.nci.nih.gov/xml/owl/EVS/Thesaurus.owl#C9311	0.95018679
http://snomed.info/id/363355002	http://ncicb.nci.nih.gov/xml/owl/EVS/Thesaurus.owl#C9338	0.98844057
http://snomed.info/id/363358000	http://ncicb.nci.nih.gov/xml/owl/EVS/Thesaurus.owl#C7377	0.97425425
http://snomed.info/id/363359008	http://ncicb.nci.nih.gov/xml/owl/EVS/Thesaurus.owl#C4765	0.98716563
http://snomed.info/id/363367000	http://ncicb.nci.nih.gov/xml/owl/EVS/Thesaurus.owl#C7502	0.95952117
http://snomed.info/id/363375006	http://ncicb.nci.nih.gov/xml/owl/EVS/Thesaurus.owl#C9345	0.98183298
http://snomed.info/id/363378008	http://ncicb.nci.nih.gov/xml/owl/EVS/Thesaurus.owl#C4762	0.98222435
http://snomed.info/id/363379000	http://ncicb.nci.nih.gov/xml/owl/EVS/Thesaurus.owl#C3525	0.98622447
http://snomed.info/id/363380002	http://ncicb.nci.nih.gov/xml/owl/EVS/Thesaurus.owl#C3526	0.98610622
http://snomed.info/id/363381003	http://ncicb.nci.nih.gov/xml/owl/EVS/Thesaurus.owl#C3527	0.98282641
http://snomed.info/id/363382005	http://ncicb.nci.nih.gov/xml/owl/EVS/Thesaurus.owl#C9317	0.90452498
http://snomed.info/id/363385007	http://ncicb.nci.nih.gov/xml/owl/EVS/Thesaurus.owl#C9318	0.97934574
http://snomed.info/id/363386008	http://ncicb.nci.nih.gov/xml/owl/EVS/Thesaurus.owl#C9320	0.98193729
http://snomed.info/id/363387004	http://ncicb.nci.nih.gov/xml/owl/EVS/Thesaurus.owl#C3528	0.98329163
http://snomed.info/id/363388009	http://ncicb.nci.nih.gov/xml/owl/EVS/Thesaurus.owl#C3529	0.98127818
http://snomed.info/id/363389001	http://ncicb.nci.nih.gov/xml/owl/EVS/Thesaurus.owl#C35177	0.98616117
http://snomed.info/id/363390005	http://ncicb.nci.nih.gov/xml/owl/EVS/Thesaurus.owl#C3530	0.97955894
http://snomed.info/id/363392002	http://ncicb.nci.nih.gov/xml/owl/EVS/Thesaurus.owl#C7398	0.91926765
http://snomed.info/id/363393007	http://ncicb.nci.nih.gov/xml/owl/EVS/Thesaurus.owl#C7404	0.96314323
http://snomed.info/id/363394001	http://ncicb.nci.nih.gov/xml/owl/EVS/Thesaurus.owl#C7404	0.94850045
http://snomed.info/id/363399006	http://ncicb.nci.nih.gov/xml/owl/EVS/Thesaurus.owl#C7190	0.98320472
http://snomed.info/id/363400004	http://ncicb.nci.nih.gov/xml/owl/EVS/Thesaurus.owl#C9323	0.97615069
http://snomed.info/id/363401000	http://ncicb.nci.nih.gov/xml/owl/EVS/Thesaurus.owl#C3531	0.9874565
http://snomed.info/id/363402007	http://ncicb.nci.nih.gov/xml/owl/EVS/Thesaurus.owl#C7512	0.95510155
http://snomed.info/id/363403002	http://ncicb.nci.nih.gov/xml/owl/EVS/Thesaurus.owl#C9328	0.95141512
http://snomed.info/id/363404008	http://ncicb.nci.nih.gov/xml/owl/EVS/Thesaurus.owl#C170919	0.929658
http://snomed.info/id/363406005	http://ncicb.nci.nih.gov/xml/owl/EVS/Thesaurus.owl#C9242	0.99386305
http://snomed.info/id/363410008	http://ncicb.nci.nih.gov/xml/owl/EVS/Thesaurus.owl#C177680	0.94120538
http://snomed.info/id/363411007	http://ncicb.nci.nih.gov/xml/owl/EVS/Thesaurus.owl#C9333	0.98097545
http://snomed.info/id/363414004	http://ncicb.nci.nih.gov/xml/owl/EVS/Thesaurus.owl#C7420	0.96270168
http://snomed.info/id/363415003	http://ncicb.nci.nih.gov/xml/owl/EVS/Thesaurus.owl#C156781	0.92297989
http://snomed.info/id/363416002	http://ncicb.nci.nih.gov/xml/owl/EVS/Thesaurus.owl#C7483	0.98273253
http://snomed.info/id/363417006	http://ncicb.nci.nih.gov/xml/owl/EVS/Thesaurus.owl#C3536	0.98982692
http://snomed.info/id/363418001	http://ncicb.nci.nih.gov/xml/owl/EVS/Thesaurus.owl#C9005	0.96411502
http://snomed.info/id/363420003	http://ncicb.nci.nih.gov/xml/owl/EVS/Thesaurus.owl#C3537	0.98921865
http://snomed.info/id/363422006	http://ncicb.nci.nih.gov/xml/owl/EVS/Thesaurus.owl#C4918	0.98290789
http://snomed.info/id/363425008	http://ncicb.nci.nih.gov/xml/owl/EVS/Thesaurus.owl#C3540	0.98817247
http://snomed.info/id/363426009	http://ncicb.nci.nih.gov/xml/owl/EVS/Thesaurus.owl#C3541	0.9873901
http://snomed.info/id/363427000	http://ncicb.nci.nih.gov/xml/owl/EVS/Thesaurus.owl#C3542	0.9831354
http://snomed.info/id/363428005	http://ncicb.nci.nih.gov/xml/owl/EVS/Thesaurus.owl#C3543	0.98750263
http://snomed.info/id/363429002	http://ncicb.nci.nih.gov/xml/owl/EVS/Thesaurus.owl#C7484	0.96079373
http://snomed.info/id/363430007	http://ncicb.nci.nih.gov/xml/owl/EVS/Thesaurus.owl#C3546	0.97976112
http://snomed.info/id/363432004	http://ncicb.nci.nih.gov/xml/owl/EVS/Thesaurus.owl#C9346	0.95519865
http://snomed.info/id/363434003	http://ncicb.nci.nih.gov/xml/owl/EVS/Thesaurus.owl#C4962	0.97973293
http://snomed.info/id/363435002	http://ncicb.nci.nih.gov/xml/owl/EVS/Thesaurus.owl#C3548	0.95504105
http://snomed.info/id/363436001	http://ncicb.nci.nih.gov/xml/owl/EVS/Thesaurus.owl#C4570	0.94671589
http://snomed.info/id/363437005	http://ncicb.nci.nih.gov/xml/owl/EVS/Thesaurus.owl#C4569	0.94247216
http://snomed.info/id/363441009	http://ncicb.nci.nih.gov/xml/owl/EVS/Thesaurus.owl#C128054	0.90557849
http://snomed.info/id/363443007	http://ncicb.nci.nih.gov/xml/owl/EVS/Thesaurus.owl#C7431	0.95835948
http://snomed.info/id/363444001	http://ncicb.nci.nih.gov/xml/owl/EVS/Thesaurus.owl#C7480	0.9842571
http://snomed.info/id/363445000	http://ncicb.nci.nih.gov/xml/owl/EVS/Thesaurus.owl#C7410	0.93881249
http://snomed.info/id/363446004	http://ncicb.nci.nih.gov/xml/owl/EVS/Thesaurus.owl#C7638	0.99031299
http://snomed.info/id/363447008	http://ncicb.nci.nih.gov/xml/owl/EVS/Thesaurus.owl#C7637	0.98860246
http://snomed.info/id/363449006	http://ncicb.nci.nih.gov/xml/owl/EVS/Thesaurus.owl#C7251	0.95018542
http://snomed.info/id/363452003	http://ncicb.nci.nih.gov/xml/owl/EVS/Thesaurus.owl#C3558	0.93595475
http://snomed.info/id/363453008	http://ncicb.nci.nih.gov/xml/owl/EVS/Thesaurus.owl#C3559	0.98756737
http://snomed.info/id/363454002	http://ncicb.nci.nih.gov/xml/owl/EVS/Thesaurus.owl#C3560	0.95930803
http://snomed.info/id/363457009	http://ncicb.nci.nih.gov/xml/owl/EVS/Thesaurus.owl#C7525	0.98478544
http://snomed.info/id/363458004	http://ncicb.nci.nih.gov/xml/owl/EVS/Thesaurus.owl#C7543	0.98119992
http://snomed.info/id/363459007	http://ncicb.nci.nih.gov/xml/owl/EVS/Thesaurus.owl#C7507	0.95417422
http://snomed.info/id/363461003	http://ncicb.nci.nih.gov/xml/owl/EVS/Thesaurus.owl#C4767	0.97722763
http://snomed.info/id/363462005	http://ncicb.nci.nih.gov/xml/owl/EVS/Thesaurus.owl#C3562	0.97702879
http://snomed.info/id/363463000	http://ncicb.nci.nih.gov/xml/owl/EVS/Thesaurus.owl#C3564	0.93018115
http://snomed.info/id/363464006	http://ncicb.nci.nih.gov/xml/owl/EVS/Thesaurus.owl#C3565	0.96390635
http://snomed.info/id/363465007	http://ncicb.nci.nih.gov/xml/owl/EVS/Thesaurus.owl#C3216	0.97392803
http://snomed.info/id/363466008	http://ncicb.nci.nih.gov/xml/owl/EVS/Thesaurus.owl#C3566	0.98680466
http://snomed.info/id/363473003	http://ncicb.nci.nih.gov/xml/owl/EVS/Thesaurus.owl#C3570	0.9006902
http://snomed.info/id/363474009	http://ncicb.nci.nih.gov/xml/owl/EVS/Thesaurus.owl#C4628	0.93514425
http://snomed.info/id/363475005	http://ncicb.nci.nih.gov/xml/owl/EVS/Thesaurus.owl#C3572	0.98134345
http://snomed.info/id/363477002	http://ncicb.nci.nih.gov/xml/owl/EVS/Thesaurus.owl#C5479	0.90774739
http://snomed.info/id/363478007	http://ncicb.nci.nih.gov/xml/owl/EVS/Thesaurus.owl#C7510	0.9882589
http://snomed.info/id/363481002	http://ncicb.nci.nih.gov/xml/owl/EVS/Thesaurus.owl#C9322	0.98616773
http://snomed.info/id/363482009	http://ncicb.nci.nih.gov/xml/owl/EVS/Thesaurus.owl#C4769	0.98225707
http://snomed.info/id/363483004	http://ncicb.nci.nih.gov/xml/owl/EVS/Thesaurus.owl#C3573	0.97432423
http://snomed.info/id/363484005	http://ncicb.nci.nih.gov/xml/owl/EVS/Thesaurus.owl#C156715	0.9498412
http://snomed.info/id/363485006	http://ncicb.nci.nih.gov/xml/owl/EVS/Thesaurus.owl#C4410	0.9789058
http://snomed.info/id/363489000	http://ncicb.nci.nih.gov/xml/owl/EVS/Thesaurus.owl#C4940	0.97829562
http://snomed.info/id/363490009	http://ncicb.nci.nih.gov/xml/owl/EVS/Thesaurus.owl#C7379	0.91457641
http://snomed.info/id/363492001	http://ncicb.nci.nih.gov/xml/owl/EVS/Thesaurus.owl#C3538	0.93778443
http://snomed.info/id/363493006	http://ncicb.nci.nih.gov/xml/owl/EVS/Thesaurus.owl#C156885	0.94112211
http://snomed.info/id/363494000	http://ncicb.nci.nih.gov/xml/owl/EVS/Thesaurus.owl#C3549	0.91885448
http://snomed.info/id/363495004	http://ncicb.nci.nih.gov/xml/owl/EVS/Thesaurus.owl#C4883	0.97307396
http://snomed.info/id/363497007	http://ncicb.nci.nih.gov/xml/owl/EVS/Thesaurus.owl#C4628	0.99205244
http://snomed.info/id/363498002	http://ncicb.nci.nih.gov/xml/owl/EVS/Thesaurus.owl#C170941	0.98787647
http://snomed.info/id/363499005	http://ncicb.nci.nih.gov/xml/owl/EVS/Thesaurus.owl#C3539	0.92406583
http://snomed.info/id/363500001	http://ncicb.nci.nih.gov/xml/owl/EVS/Thesaurus.owl#C35427	0.91991973
http://snomed.info/id/363505006	http://ncicb.nci.nih.gov/xml/owl/EVS/Thesaurus.owl#C9314	0.98350418
http://snomed.info/id/363507003	http://ncicb.nci.nih.gov/xml/owl/EVS/Thesaurus.owl#C7545	0.92683929
http://snomed.info/id/363508008	http://ncicb.nci.nih.gov/xml/owl/EVS/Thesaurus.owl#C4572	0.97177303
http://snomed.info/id/363509000	http://ncicb.nci.nih.gov/xml/owl/EVS/Thesaurus.owl#C7523	0.97232854
http://snomed.info/id/363514001	http://ncicb.nci.nih.gov/xml/owl/EVS/Thesaurus.owl#C4913	0.92909163
http://snomed.info/id/363515000	http://ncicb.nci.nih.gov/xml/owl/EVS/Thesaurus.owl#C8561	0.94022149
http://snomed.info/id/363516004	http://ncicb.nci.nih.gov/xml/owl/EVS/Thesaurus.owl#C7547	0.93907458
http://snomed.info/id/363517008	http://ncicb.nci.nih.gov/xml/owl/EVS/Thesaurus.owl#C9297	0.95966792
http://snomed.info/id/363518003	http://ncicb.nci.nih.gov/xml/owl/EVS/Thesaurus.owl#C7548	0.97453958
http://snomed.info/id/363658005	http://ncicb.nci.nih.gov/xml/owl/EVS/Thesaurus.owl#C157749	1.0
http://snomed.info/id/36425007	http://ncicb.nci.nih.gov/xml/owl/EVS/Thesaurus.owl#C4188	1.0
http://snomed.info/id/36517007	http://ncicb.nci.nih.gov/xml/owl/EVS/Thesaurus.owl#C34610	0.98676872
http://snomed.info/id/36591000119102	http://ncicb.nci.nih.gov/xml/owl/EVS/Thesaurus.owl#C3403	1.0
http://snomed.info/id/36721002	http://ncicb.nci.nih.gov/xml/owl/EVS/Thesaurus.owl#C4184	1.0
http://snomed.info/id/36741007	http://ncicb.nci.nih.gov/xml/owl/EVS/Thesaurus.owl#C9309	0.97136533
http://snomed.info/id/367651003	http://ncicb.nci.nih.gov/xml/owl/EVS/Thesaurus.owl#C65153	0.93734807
http://snomed.info/id/369487007	http://ncicb.nci.nih.gov/xml/owl/EVS/Thesaurus.owl#C161644	0.94667661
http://snomed.info/id/369488002	http://ncicb.nci.nih.gov/xml/owl/EVS/Thesaurus.owl#C161649	0.94962484
http://snomed.info/id/369602008	http://ncicb.nci.nih.gov/xml/owl/EVS/Thesaurus.owl#C7650	0.91124946
http://snomed.info/id/369609004	http://ncicb.nci.nih.gov/xml/owl/EVS/Thesaurus.owl#C6333	0.90164047
http://snomed.info/id/37039006	http://ncicb.nci.nih.gov/xml/owl/EVS/Thesaurus.owl#C2857	0.91119182
http://snomed.info/id/370468006	http://ncicb.nci.nih.gov/xml/owl/EVS/Thesaurus.owl#C27132	0.93644345
http://snomed.info/id/370967009	http://ncicb.nci.nih.gov/xml/owl/EVS/Thesaurus.owl#C7541	1.0
http://snomed.info/id/37138001	http://ncicb.nci.nih.gov/xml/owl/EVS/Thesaurus.owl#C4236	0.99999917
http://snomed.info/id/371481006	http://ncicb.nci.nih.gov/xml/owl/EVS/Thesaurus.owl#C3030	0.98731399
http://snomed.info/id/371486001	http://ncicb.nci.nih.gov/xml/owl/EVS/Thesaurus.owl#C3030	0.95939147
http://snomed.info/id/371962007	http://ncicb.nci.nih.gov/xml/owl/EVS/Thesaurus.owl#C4764	0.95698529
http://snomed.info/id/371963002	http://ncicb.nci.nih.gov/xml/owl/EVS/Thesaurus.owl#C9327	0.96994698
http://snomed.info/id/371964008	http://ncicb.nci.nih.gov/xml/owl/EVS/Thesaurus.owl#C9327	0.99184859
http://snomed.info/id/371965009	http://ncicb.nci.nih.gov/xml/owl/EVS/Thesaurus.owl#C4396	0.99087363
http://snomed.info/id/371966005	http://ncicb.nci.nih.gov/xml/owl/EVS/Thesaurus.owl#C4396	0.96030122
http://snomed.info/id/371967001	http://ncicb.nci.nih.gov/xml/owl/EVS/Thesaurus.owl#C3536	0.95675176
http://snomed.info/id/371972005	http://ncicb.nci.nih.gov/xml/owl/EVS/Thesaurus.owl#C3556	0.92202526
http://snomed.info/id/371973000	http://ncicb.nci.nih.gov/xml/owl/EVS/Thesaurus.owl#C3552	0.97574049
http://snomed.info/id/371974006	http://ncicb.nci.nih.gov/xml/owl/EVS/Thesaurus.owl#C9345	0.91209853
http://snomed.info/id/371976008	http://ncicb.nci.nih.gov/xml/owl/EVS/Thesaurus.owl#C9320	0.95589608
http://snomed.info/id/371977004	http://ncicb.nci.nih.gov/xml/owl/EVS/Thesaurus.owl#C9329	0.9537645
http://snomed.info/id/371978009	http://ncicb.nci.nih.gov/xml/owl/EVS/Thesaurus.owl#C4763	0.95909613
http://snomed.info/id/371979001	http://ncicb.nci.nih.gov/xml/owl/EVS/Thesaurus.owl#C3557	0.98740405
http://snomed.info/id/371980003	http://ncicb.nci.nih.gov/xml/owl/EVS/Thesaurus.owl#C3557	0.96184498
http://snomed.info/id/371982006	http://ncicb.nci.nih.gov/xml/owl/EVS/Thesaurus.owl#C3575	0.96604156
http://snomed.info/id/371983001	http://ncicb.nci.nih.gov/xml/owl/EVS/Thesaurus.owl#C3575	0.93231952
http://snomed.info/id/371986009	http://ncicb.nci.nih.gov/xml/owl/EVS/Thesaurus.owl#C4767	0.93651879
http://snomed.info/id/371987000	http://ncicb.nci.nih.gov/xml/owl/EVS/Thesaurus.owl#C7480	0.93583572
http://snomed.info/id/371991005	http://ncicb.nci.nih.gov/xml/owl/EVS/Thesaurus.owl#C3528	0.95645928
http://snomed.info/id/371992003	http://ncicb.nci.nih.gov/xml/owl/EVS/Thesaurus.owl#C4572	0.94676781
http://snomed.info/id/371993008	http://ncicb.nci.nih.gov/xml/owl/EVS/Thesaurus.owl#C3563	0.95759028
http://snomed.info/id/371996000	http://ncicb.nci.nih.gov/xml/owl/EVS/Thesaurus.owl#C7485	0.92792243
http://snomed.info/id/371998004	http://ncicb.nci.nih.gov/xml/owl/EVS/Thesaurus.owl#C3535	0.95930201
http://snomed.info/id/371999007	http://ncicb.nci.nih.gov/xml/owl/EVS/Thesaurus.owl#C3534	0.97084218
http://snomed.info/id/372000001	http://ncicb.nci.nih.gov/xml/owl/EVS/Thesaurus.owl#C4410	0.95634365
http://snomed.info/id/372001002	http://ncicb.nci.nih.gov/xml/owl/EVS/Thesaurus.owl#C9314	0.94379389
http://snomed.info/id/372002009	http://ncicb.nci.nih.gov/xml/owl/EVS/Thesaurus.owl#C3530	0.95208985
http://snomed.info/id/372003004	http://ncicb.nci.nih.gov/xml/owl/EVS/Thesaurus.owl#C9005	0.92170578
http://snomed.info/id/372004005	http://ncicb.nci.nih.gov/xml/owl/EVS/Thesaurus.owl#C3525	0.96461046
http://snomed.info/id/372005006	http://ncicb.nci.nih.gov/xml/owl/EVS/Thesaurus.owl#C7547	0.92799664
http://snomed.info/id/372009000	http://ncicb.nci.nih.gov/xml/owl/EVS/Thesaurus.owl#C3560	0.92084563
http://snomed.info/id/372010005	http://ncicb.nci.nih.gov/xml/owl/EVS/Thesaurus.owl#C4867	0.94479513
http://snomed.info/id/372013007	http://ncicb.nci.nih.gov/xml/owl/EVS/Thesaurus.owl#C3559	0.95452505
http://snomed.info/id/372014001	http://ncicb.nci.nih.gov/xml/owl/EVS/Thesaurus.owl#C9331	0.91618669
http://snomed.info/id/372016004	http://ncicb.nci.nih.gov/xml/owl/EVS/Thesaurus.owl#C3538	0.92791903
http://snomed.info/id/372017008	http://ncicb.nci.nih.gov/xml/owl/EVS/Thesaurus.owl#C3532	0.95894122
http://snomed.info/id/372020000	http://ncicb.nci.nih.gov/xml/owl/EVS/Thesaurus.owl#C7404	0.94091368
http://snomed.info/id/372023003	http://ncicb.nci.nih.gov/xml/owl/EVS/Thesaurus.owl#C3533	0.9627164
http://snomed.info/id/372024009	http://ncicb.nci.nih.gov/xml/owl/EVS/Thesaurus.owl#C9311	0.91018403
http://snomed.info/id/37206003	http://ncicb.nci.nih.gov/xml/owl/EVS/Thesaurus.owl#C4277	1.0
http://snomed.info/id/372062007	http://ncicb.nci.nih.gov/xml/owl/EVS/Thesaurus.owl#C4627	0.98581338
http://snomed.info/id/372063002	http://ncicb.nci.nih.gov/xml/owl/EVS/Thesaurus.owl#C4788	0.98952591
http://snomed.info/id/372064008	http://ncicb.nci.nih.gov/xml/owl/EVS/Thesaurus.owl#C2918	0.9139176
http://snomed.info/id/372087000	http://ncicb.nci.nih.gov/xml/owl/EVS/Thesaurus.owl#C84509	1.0
http://snomed.info/id/372095001	http://ncicb.nci.nih.gov/xml/owl/EVS/Thesaurus.owl#C3862	0.935197
http://snomed.info/id/372096000	http://ncicb.nci.nih.gov/xml/owl/EVS/Thesaurus.owl#C3862	0.97661585
http://snomed.info/id/372097009	http://ncicb.nci.nih.gov/xml/owl/EVS/Thesaurus.owl#C3553	0.98403382
http://snomed.info/id/372098004	http://ncicb.nci.nih.gov/xml/owl/EVS/Thesaurus.owl#C28327	0.97212964
http://snomed.info/id/372101000	http://ncicb.nci.nih.gov/xml/owl/EVS/Thesaurus.owl#C3860	0.98062623
http://snomed.info/id/372103002	http://ncicb.nci.nih.gov/xml/owl/EVS/Thesaurus.owl#C4923	0.9751147
http://snomed.info/id/372104008	http://ncicb.nci.nih.gov/xml/owl/EVS/Thesaurus.owl#C5972	0.98091239
http://snomed.info/id/372105009	http://ncicb.nci.nih.gov/xml/owl/EVS/Thesaurus.owl#C5973	0.98442018
http://snomed.info/id/372106005	http://ncicb.nci.nih.gov/xml/owl/EVS/Thesaurus.owl#C9061	0.9320178
http://snomed.info/id/372130007	http://ncicb.nci.nih.gov/xml/owl/EVS/Thesaurus.owl#C2920	0.9899987
http://snomed.info/id/372137005	http://ncicb.nci.nih.gov/xml/owl/EVS/Thesaurus.owl#C9335	0.93683332
http://snomed.info/id/372138000	http://ncicb.nci.nih.gov/xml/owl/EVS/Thesaurus.owl#C3513	0.93570036
http://snomed.info/id/372139008	http://ncicb.nci.nih.gov/xml/owl/EVS/Thesaurus.owl#C7481	0.93654108
http://snomed.info/id/372140005	http://ncicb.nci.nih.gov/xml/owl/EVS/Thesaurus.owl#C3844	0.97149688
http://snomed.info/id/372142002	http://ncicb.nci.nih.gov/xml/owl/EVS/Thesaurus.owl#C3850	0.93952429
http://snomed.info/id/372143007	http://ncicb.nci.nih.gov/xml/owl/EVS/Thesaurus.owl#C4911	0.93801451
http://snomed.info/id/372147008	http://ncicb.nci.nih.gov/xml/owl/EVS/Thesaurus.owl#C9087	0.97188509
http://snomed.info/id/372149006	http://ncicb.nci.nih.gov/xml/owl/EVS/Thesaurus.owl#C156475	1.0
http://snomed.info/id/372151005	http://ncicb.nci.nih.gov/xml/owl/EVS/Thesaurus.owl#C9118	0.9706791
http://snomed.info/id/372152003	http://ncicb.nci.nih.gov/xml/owl/EVS/Thesaurus.owl#C152076	1.0
http://snomed.info/id/372158004	http://ncicb.nci.nih.gov/xml/owl/EVS/Thesaurus.owl#C8925	0.97158664
http://snomed.info/id/372244006	http://ncicb.nci.nih.gov/xml/owl/EVS/Thesaurus.owl#C3224	0.93837124
http://snomed.info/id/37258009	http://ncicb.nci.nih.gov/xml/owl/EVS/Thesaurus.owl#C4308	0.93351173
http://snomed.info/id/37279009	http://ncicb.nci.nih.gov/xml/owl/EVS/Thesaurus.owl#C41137	0.94826114
http://snomed.info/id/37302003	http://ncicb.nci.nih.gov/xml/owl/EVS/Thesaurus.owl#C4164	0.98206168
http://snomed.info/id/37304002	http://ncicb.nci.nih.gov/xml/owl/EVS/Thesaurus.owl#C2922	0.94766754
http://snomed.info/id/373168002	http://ncicb.nci.nih.gov/xml/owl/EVS/Thesaurus.owl#C27824	1.0
http://snomed.info/id/373604002	http://ncicb.nci.nih.gov/xml/owl/EVS/Thesaurus.owl#C7727	1.0
http://snomed.info/id/373610002	http://ncicb.nci.nih.gov/xml/owl/EVS/Thesaurus.owl#C6034	0.9423992
http://snomed.info/id/37810007	http://ncicb.nci.nih.gov/xml/owl/EVS/Thesaurus.owl#C3172	0.93146265
http://snomed.info/id/37995004	http://ncicb.nci.nih.gov/xml/owl/EVS/Thesaurus.owl#C3190	1.0
http://snomed.info/id/3839000	http://ncicb.nci.nih.gov/xml/owl/EVS/Thesaurus.owl#C4152	1.0
http://snomed.info/id/38406003	http://ncicb.nci.nih.gov/xml/owl/EVS/Thesaurus.owl#C4267	1.0
http://snomed.info/id/38431002	http://ncicb.nci.nih.gov/xml/owl/EVS/Thesaurus.owl#C4331	1.0
http://snomed.info/id/384951004	http://ncicb.nci.nih.gov/xml/owl/EVS/Thesaurus.owl#C9272	0.98209071
http://snomed.info/id/384992008	http://ncicb.nci.nih.gov/xml/owl/EVS/Thesaurus.owl#C125890	1.0
http://snomed.info/id/38549000	http://ncicb.nci.nih.gov/xml/owl/EVS/Thesaurus.owl#C3692	1.0
http://snomed.info/id/387837005	http://ncicb.nci.nih.gov/xml/owl/EVS/Thesaurus.owl#C3377	0.98575306
http://snomed.info/id/387840005	http://ncicb.nci.nih.gov/xml/owl/EVS/Thesaurus.owl#C3081	0.90996581
http://snomed.info/id/387842002	http://ncicb.nci.nih.gov/xml/owl/EVS/Thesaurus.owl#C3081	0.98616713
http://snomed.info/id/387922007	http://ncicb.nci.nih.gov/xml/owl/EVS/Thesaurus.owl#C3010	0.9542824
http://snomed.info/id/387927001	http://ncicb.nci.nih.gov/xml/owl/EVS/Thesaurus.owl#C3010	0.95832175
http://snomed.info/id/388600004	http://ncicb.nci.nih.gov/xml/owl/EVS/Thesaurus.owl#C40315	1.0
http://snomed.info/id/388650006	http://ncicb.nci.nih.gov/xml/owl/EVS/Thesaurus.owl#C6747	1.0
http://snomed.info/id/388871003	http://ncicb.nci.nih.gov/xml/owl/EVS/Thesaurus.owl#C4538	0.93463248
http://snomed.info/id/388984008	http://ncicb.nci.nih.gov/xml/owl/EVS/Thesaurus.owl#C27515	1.0
http://snomed.info/id/388985009	http://ncicb.nci.nih.gov/xml/owl/EVS/Thesaurus.owl#C37264	0.98315704
http://snomed.info/id/388987001	http://ncicb.nci.nih.gov/xml/owl/EVS/Thesaurus.owl#C6895	1.0
http://snomed.info/id/38958001	http://ncicb.nci.nih.gov/xml/owl/EVS/Thesaurus.owl#C4158	1.0
http://snomed.info/id/38969003	http://ncicb.nci.nih.gov/xml/owl/EVS/Thesaurus.owl#C4233	1.0
http://snomed.info/id/3898006	http://ncicb.nci.nih.gov/xml/owl/EVS/Thesaurus.owl#C3677	1.0
http://snomed.info/id/39005004	http://ncicb.nci.nih.gov/xml/owl/EVS/Thesaurus.owl#C66808	0.98068821
http://snomed.info/id/39056008	http://ncicb.nci.nih.gov/xml/owl/EVS/Thesaurus.owl#C4102	1.0
http://snomed.info/id/39086001	http://ncicb.nci.nih.gov/xml/owl/EVS/Thesaurus.owl#C67171	0.96640599
http://snomed.info/id/39143003	http://ncicb.nci.nih.gov/xml/owl/EVS/Thesaurus.owl#C6577	1.0
http://snomed.info/id/39274007	http://ncicb.nci.nih.gov/xml/owl/EVS/Thesaurus.owl#C4227	1.00000012
http://snomed.info/id/39332000	http://ncicb.nci.nih.gov/xml/owl/EVS/Thesaurus.owl#C4110	1.0
http://snomed.info/id/393564001	http://ncicb.nci.nih.gov/xml/owl/EVS/Thesaurus.owl#C3059	1.0
http://snomed.info/id/39471001	http://ncicb.nci.nih.gov/xml/owl/EVS/Thesaurus.owl#C2942	1.0
http://snomed.info/id/394726009	http://ncicb.nci.nih.gov/xml/owl/EVS/Thesaurus.owl#C9006	1.0
http://snomed.info/id/394727000	http://ncicb.nci.nih.gov/xml/owl/EVS/Thesaurus.owl#C27548	1.0
http://snomed.info/id/394728005	http://ncicb.nci.nih.gov/xml/owl/EVS/Thesaurus.owl#C9007	1.0
http://snomed.info/id/395502002	http://ncicb.nci.nih.gov/xml/owl/EVS/Thesaurus.owl#C4801	0.95612174
http://snomed.info/id/395505000	http://ncicb.nci.nih.gov/xml/owl/EVS/Thesaurus.owl#C4801	0.99241573
http://snomed.info/id/39553005	http://ncicb.nci.nih.gov/xml/owl/EVS/Thesaurus.owl#C3830	1.0
http://snomed.info/id/396559007	http://ncicb.nci.nih.gov/xml/owl/EVS/Thesaurus.owl#C36029	0.95882702
http://snomed.info/id/396871009	http://ncicb.nci.nih.gov/xml/owl/EVS/Thesaurus.owl#C4845	1.0
http://snomed.info/id/397009000	http://ncicb.nci.nih.gov/xml/owl/EVS/Thesaurus.owl#C9295	0.94831061
http://snomed.info/id/397012002	http://ncicb.nci.nih.gov/xml/owl/EVS/Thesaurus.owl#C7137	1.0
http://snomed.info/id/397013007	http://ncicb.nci.nih.gov/xml/owl/EVS/Thesaurus.owl#C7138	0.98887604
http://snomed.info/id/397015000	http://ncicb.nci.nih.gov/xml/owl/EVS/Thesaurus.owl#C9284	0.93615991
http://snomed.info/id/397016004	http://ncicb.nci.nih.gov/xml/owl/EVS/Thesaurus.owl#C9235	0.93534237
http://snomed.info/id/397082006	http://ncicb.nci.nih.gov/xml/owl/EVS/Thesaurus.owl#C5904	1.0
http://snomed.info/id/397188008	http://ncicb.nci.nih.gov/xml/owl/EVS/Thesaurus.owl#C27517	1.0
http://snomed.info/id/397195004	http://ncicb.nci.nih.gov/xml/owl/EVS/Thesaurus.owl#C98709	0.94450915
http://snomed.info/id/39720002	http://ncicb.nci.nih.gov/xml/owl/EVS/Thesaurus.owl#C4167	0.98142916
http://snomed.info/id/397336008	http://ncicb.nci.nih.gov/xml/owl/EVS/Thesaurus.owl#C27262	0.99039507
http://snomed.info/id/397340004	http://ncicb.nci.nih.gov/xml/owl/EVS/Thesaurus.owl#C7175	0.99484909
http://snomed.info/id/397341000	http://ncicb.nci.nih.gov/xml/owl/EVS/Thesaurus.owl#C172130	0.93753672
http://snomed.info/id/397342007	http://ncicb.nci.nih.gov/xml/owl/EVS/Thesaurus.owl#C9289	0.955796
http://snomed.info/id/397343002	http://ncicb.nci.nih.gov/xml/owl/EVS/Thesaurus.owl#C27913	0.95647323
http://snomed.info/id/397345009	http://ncicb.nci.nih.gov/xml/owl/EVS/Thesaurus.owl#C7464	1.0
http://snomed.info/id/397347001	http://ncicb.nci.nih.gov/xml/owl/EVS/Thesaurus.owl#C80326	0.91687316
http://snomed.info/id/397348006	http://ncicb.nci.nih.gov/xml/owl/EVS/Thesaurus.owl#C8694	0.91091561
http://snomed.info/id/397349003	http://ncicb.nci.nih.gov/xml/owl/EVS/Thesaurus.owl#C8863	0.96766788
http://snomed.info/id/397350003	http://ncicb.nci.nih.gov/xml/owl/EVS/Thesaurus.owl#C3898	0.97598886
http://snomed.info/id/397351004	http://ncicb.nci.nih.gov/xml/owl/EVS/Thesaurus.owl#C7183	1.0
http://snomed.info/id/397353001	http://ncicb.nci.nih.gov/xml/owl/EVS/Thesaurus.owl#C3721	1.0
http://snomed.info/id/397356009	http://ncicb.nci.nih.gov/xml/owl/EVS/Thesaurus.owl#C9286	1.0
http://snomed.info/id/397357000	http://ncicb.nci.nih.gov/xml/owl/EVS/Thesaurus.owl#C9284	0.92694438
http://snomed.info/id/397358005	http://ncicb.nci.nih.gov/xml/owl/EVS/Thesaurus.owl#C9285	1.0
http://snomed.info/id/397378002	http://ncicb.nci.nih.gov/xml/owl/EVS/Thesaurus.owl#C6903	1.0
http://snomed.info/id/397379005	http://ncicb.nci.nih.gov/xml/owl/EVS/Thesaurus.owl#C6967	1.0
http://snomed.info/id/397380008	http://ncicb.nci.nih.gov/xml/owl/EVS/Thesaurus.owl#C9497	0.98840761
http://snomed.info/id/397381007	http://ncicb.nci.nih.gov/xml/owl/EVS/Thesaurus.owl#C7173	1.0
http://snomed.info/id/397400006	http://ncicb.nci.nih.gov/xml/owl/EVS/Thesaurus.owl#C7400	0.96550685
http://snomed.info/id/397467006	http://ncicb.nci.nih.gov/xml/owl/EVS/Thesaurus.owl#C7218	0.91478181
http://snomed.info/id/397468001	http://ncicb.nci.nih.gov/xml/owl/EVS/Thesaurus.owl#C9464	0.9646042
http://snomed.info/id/397469009	http://ncicb.nci.nih.gov/xml/owl/EVS/Thesaurus.owl#C7194	0.95619386
http://snomed.info/id/39772007	http://ncicb.nci.nih.gov/xml/owl/EVS/Thesaurus.owl#C3351	1.0
http://snomed.info/id/39781001	http://ncicb.nci.nih.gov/xml/owl/EVS/Thesaurus.owl#C3716	1.0
http://snomed.info/id/39795003	http://ncicb.nci.nih.gov/xml/owl/EVS/Thesaurus.owl#C6920	1.00000036
http://snomed.info/id/398028009	http://ncicb.nci.nih.gov/xml/owl/EVS/Thesaurus.owl#C7602	1.0
http://snomed.info/id/398660000	http://ncicb.nci.nih.gov/xml/owl/EVS/Thesaurus.owl#C4498	1.0
http://snomed.info/id/398670003	http://ncicb.nci.nih.gov/xml/owl/EVS/Thesaurus.owl#C9430	0.99490041
http://snomed.info/id/398679002	http://ncicb.nci.nih.gov/xml/owl/EVS/Thesaurus.owl#C39963	0.96092802
http://snomed.info/id/398696001	http://ncicb.nci.nih.gov/xml/owl/EVS/Thesaurus.owl#C3944	0.98607719
http://snomed.info/id/398943008	http://ncicb.nci.nih.gov/xml/owl/EVS/Thesaurus.owl#C3944	0.98085612
http://snomed.info/id/39896009	http://ncicb.nci.nih.gov/xml/owl/EVS/Thesaurus.owl#C4228	0.95629889
http://snomed.info/id/399068003	http://ncicb.nci.nih.gov/xml/owl/EVS/Thesaurus.owl#C7378	0.97485173
http://snomed.info/id/399326009	http://ncicb.nci.nih.gov/xml/owl/EVS/Thesaurus.owl#C9334	0.96117598
http://snomed.info/id/399399005	http://ncicb.nci.nih.gov/xml/owl/EVS/Thesaurus.owl#C61383	0.90345025
http://snomed.info/id/399408005	http://ncicb.nci.nih.gov/xml/owl/EVS/Thesaurus.owl#C164248	0.92691177
http://snomed.info/id/399422005	http://ncicb.nci.nih.gov/xml/owl/EVS/Thesaurus.owl#C5340	0.97823197
http://snomed.info/id/399449005	http://ncicb.nci.nih.gov/xml/owl/EVS/Thesaurus.owl#C40203	0.90684193
http://snomed.info/id/399456004	http://ncicb.nci.nih.gov/xml/owl/EVS/Thesaurus.owl#C3242	0.96003282
http://snomed.info/id/399464005	http://ncicb.nci.nih.gov/xml/owl/EVS/Thesaurus.owl#C2930	0.90301555
http://snomed.info/id/399468008	http://ncicb.nci.nih.gov/xml/owl/EVS/Thesaurus.owl#C8961	0.92341483
http://snomed.info/id/399469000	http://ncicb.nci.nih.gov/xml/owl/EVS/Thesaurus.owl#C6909	1.0
http://snomed.info/id/399475009	http://ncicb.nci.nih.gov/xml/owl/EVS/Thesaurus.owl#C48612	1.0
http://snomed.info/id/399477001	http://ncicb.nci.nih.gov/xml/owl/EVS/Thesaurus.owl#C45655	1.0
http://snomed.info/id/399487002	http://ncicb.nci.nih.gov/xml/owl/EVS/Thesaurus.owl#C38109	0.97144622
http://snomed.info/id/399490008	http://ncicb.nci.nih.gov/xml/owl/EVS/Thesaurus.owl#C2919	0.96430564
http://snomed.info/id/399533005	http://ncicb.nci.nih.gov/xml/owl/EVS/Thesaurus.owl#C9055	1.0
http://snomed.info/id/399547009	http://ncicb.nci.nih.gov/xml/owl/EVS/Thesaurus.owl#C54665	0.97459942
http://snomed.info/id/399569002	http://ncicb.nci.nih.gov/xml/owl/EVS/Thesaurus.owl#C2892	0.95145422
http://snomed.info/id/399585007	http://ncicb.nci.nih.gov/xml/owl/EVS/Thesaurus.owl#C9359	0.96847397
http://snomed.info/id/399590005	http://ncicb.nci.nih.gov/xml/owl/EVS/Thesaurus.owl#C5536	0.97369319
http://snomed.info/id/399632009	http://ncicb.nci.nih.gov/xml/owl/EVS/Thesaurus.owl#C9015	0.94527638
http://snomed.info/id/399648005	http://ncicb.nci.nih.gov/xml/owl/EVS/Thesaurus.owl#C4342	1.0
http://snomed.info/id/399709001	http://ncicb.nci.nih.gov/xml/owl/EVS/Thesaurus.owl#C6908	1.0
http://snomed.info/id/399712003	http://ncicb.nci.nih.gov/xml/owl/EVS/Thesaurus.owl#C39919	0.97259206
http://snomed.info/id/399730005	http://ncicb.nci.nih.gov/xml/owl/EVS/Thesaurus.owl#C5546	0.9659822
http://snomed.info/id/399746002	http://ncicb.nci.nih.gov/xml/owl/EVS/Thesaurus.owl#C27538	0.93432796
http://snomed.info/id/399882002	http://ncicb.nci.nih.gov/xml/owl/EVS/Thesaurus.owl#C3724	1.0
http://snomed.info/id/399883007	http://ncicb.nci.nih.gov/xml/owl/EVS/Thesaurus.owl#C3363	0.97240365
http://snomed.info/id/399909007	http://ncicb.nci.nih.gov/xml/owl/EVS/Thesaurus.owl#C6797	0.96849614
http://snomed.info/id/399919001	http://ncicb.nci.nih.gov/xml/owl/EVS/Thesaurus.owl#C2917	0.97008818
http://snomed.info/id/399921006	http://ncicb.nci.nih.gov/xml/owl/EVS/Thesaurus.owl#C3075	0.96048433
http://snomed.info/id/399931004	http://ncicb.nci.nih.gov/xml/owl/EVS/Thesaurus.owl#C121680	0.96831423
http://snomed.info/id/399933001	http://ncicb.nci.nih.gov/xml/owl/EVS/Thesaurus.owl#C4756	0.98335159
http://snomed.info/id/399935008	http://ncicb.nci.nih.gov/xml/owl/EVS/Thesaurus.owl#C2924	0.94434637
http://snomed.info/id/399949004	http://ncicb.nci.nih.gov/xml/owl/EVS/Thesaurus.owl#C6798	0.96783829
http://snomed.info/id/399950004	http://ncicb.nci.nih.gov/xml/owl/EVS/Thesaurus.owl#C3157	0.95353854
http://snomed.info/id/399956005	http://ncicb.nci.nih.gov/xml/owl/EVS/Thesaurus.owl#C7058	1.0
http://snomed.info/id/399962000	http://ncicb.nci.nih.gov/xml/owl/EVS/Thesaurus.owl#C8334	0.97941411
http://snomed.info/id/399973007	http://ncicb.nci.nih.gov/xml/owl/EVS/Thesaurus.owl#C172208	1.0
http://snomed.info/id/399975000	http://ncicb.nci.nih.gov/xml/owl/EVS/Thesaurus.owl#C3358	0.9565258
http://snomed.info/id/400001003	http://ncicb.nci.nih.gov/xml/owl/EVS/Thesaurus.owl#C7162	1.0
http://snomed.info/id/400006008	http://ncicb.nci.nih.gov/xml/owl/EVS/Thesaurus.owl#C3075	1.0
http://snomed.info/id/400007004	http://ncicb.nci.nih.gov/xml/owl/EVS/Thesaurus.owl#C8402	0.98731214
http://snomed.info/id/400010006	http://ncicb.nci.nih.gov/xml/owl/EVS/Thesaurus.owl#C7570	0.99482644
http://snomed.info/id/400011005	http://ncicb.nci.nih.gov/xml/owl/EVS/Thesaurus.owl#C3158	0.98763782
http://snomed.info/id/400031009	http://ncicb.nci.nih.gov/xml/owl/EVS/Thesaurus.owl#C3451	1.0
http://snomed.info/id/400049009	http://ncicb.nci.nih.gov/xml/owl/EVS/Thesaurus.owl#C7351	0.96518731
http://snomed.info/id/400052001	http://ncicb.nci.nih.gov/xml/owl/EVS/Thesaurus.owl#C7457	0.97071522
http://snomed.info/id/400063003	http://ncicb.nci.nih.gov/xml/owl/EVS/Thesaurus.owl#C3372	0.98712683
http://snomed.info/id/400065005	http://ncicb.nci.nih.gov/xml/owl/EVS/Thesaurus.owl#C50401	1.0
http://snomed.info/id/400071004	http://ncicb.nci.nih.gov/xml/owl/EVS/Thesaurus.owl#C27541	0.94206053
http://snomed.info/id/400087001	http://ncicb.nci.nih.gov/xml/owl/EVS/Thesaurus.owl#C4346	0.97631079
http://snomed.info/id/40009002	http://ncicb.nci.nih.gov/xml/owl/EVS/Thesaurus.owl#C2964	1.0
http://snomed.info/id/400091006	http://ncicb.nci.nih.gov/xml/owl/EVS/Thesaurus.owl#C8371	0.99007571
http://snomed.info/id/400093009	http://ncicb.nci.nih.gov/xml/owl/EVS/Thesaurus.owl#C6799	0.98016602
http://snomed.info/id/400095002	http://ncicb.nci.nih.gov/xml/owl/EVS/Thesaurus.owl#C7387	0.9099676
http://snomed.info/id/400096001	http://ncicb.nci.nih.gov/xml/owl/EVS/Thesaurus.owl#C7570	1.0
http://snomed.info/id/400099008	http://ncicb.nci.nih.gov/xml/owl/EVS/Thesaurus.owl#C7565	0.91633075
http://snomed.info/id/400101001	http://ncicb.nci.nih.gov/xml/owl/EVS/Thesaurus.owl#C7570	0.98486292
http://snomed.info/id/400102008	http://ncicb.nci.nih.gov/xml/owl/EVS/Thesaurus.owl#C27483	1.0
http://snomed.info/id/400103003	http://ncicb.nci.nih.gov/xml/owl/EVS/Thesaurus.owl#C126086	0.91697371
http://snomed.info/id/400104009	http://ncicb.nci.nih.gov/xml/owl/EVS/Thesaurus.owl#C6796	0.95034182
http://snomed.info/id/400110009	http://ncicb.nci.nih.gov/xml/owl/EVS/Thesaurus.owl#C8537	1.0
http://snomed.info/id/400121000	http://ncicb.nci.nih.gov/xml/owl/EVS/Thesaurus.owl#C3798	0.96449894
http://snomed.info/id/400122007	http://ncicb.nci.nih.gov/xml/owl/EVS/Thesaurus.owl#C3467	0.96524197
http://snomed.info/id/400129003	http://ncicb.nci.nih.gov/xml/owl/EVS/Thesaurus.owl#C6489	0.95822227
http://snomed.info/id/400131007	http://ncicb.nci.nih.gov/xml/owl/EVS/Thesaurus.owl#C7393	0.99070907
http://snomed.info/id/400132000	http://ncicb.nci.nih.gov/xml/owl/EVS/Thesaurus.owl#C5354	0.98801029
http://snomed.info/id/400137006	http://ncicb.nci.nih.gov/xml/owl/EVS/Thesaurus.owl#C156767	0.97054809
http://snomed.info/id/400142003	http://ncicb.nci.nih.gov/xml/owl/EVS/Thesaurus.owl#C3804	0.9004519
http://snomed.info/id/400149007	http://ncicb.nci.nih.gov/xml/owl/EVS/Thesaurus.owl#C4255	1.0
http://snomed.info/id/400153009	http://ncicb.nci.nih.gov/xml/owl/EVS/Thesaurus.owl#C3741	0.934403
http://snomed.info/id/400155002	http://ncicb.nci.nih.gov/xml/owl/EVS/Thesaurus.owl#C2929	0.96959978
http://snomed.info/id/400156001	http://ncicb.nci.nih.gov/xml/owl/EVS/Thesaurus.owl#C8538	0.94501835
http://snomed.info/id/400162006	http://ncicb.nci.nih.gov/xml/owl/EVS/Thesaurus.owl#C172207	1.0
http://snomed.info/id/400169002	http://ncicb.nci.nih.gov/xml/owl/EVS/Thesaurus.owl#C3157	0.91865736
http://snomed.info/id/400172009	http://ncicb.nci.nih.gov/xml/owl/EVS/Thesaurus.owl#C5559	0.96052587
http://snomed.info/id/400173004	http://ncicb.nci.nih.gov/xml/owl/EVS/Thesaurus.owl#C27255	0.97812182
http://snomed.info/id/400175006	http://ncicb.nci.nih.gov/xml/owl/EVS/Thesaurus.owl#C172632	0.98756391
http://snomed.info/id/400178008	http://ncicb.nci.nih.gov/xml/owl/EVS/Thesaurus.owl#C8965	1.0
http://snomed.info/id/400185007	http://ncicb.nci.nih.gov/xml/owl/EVS/Thesaurus.owl#C6490	0.99317068
http://snomed.info/id/400186008	http://ncicb.nci.nih.gov/xml/owl/EVS/Thesaurus.owl#C3372	0.9060933
http://snomed.info/id/400187004	http://ncicb.nci.nih.gov/xml/owl/EVS/Thesaurus.owl#C6800	0.96827632
http://snomed.info/id/400207007	http://ncicb.nci.nih.gov/xml/owl/EVS/Thesaurus.owl#C4092	0.98771745
http://snomed.info/id/400208002	http://ncicb.nci.nih.gov/xml/owl/EVS/Thesaurus.owl#C43345	0.95329291
http://snomed.info/id/400210000	http://ncicb.nci.nih.gov/xml/owl/EVS/Thesaurus.owl#C3085	1.0
http://snomed.info/id/400212008	http://ncicb.nci.nih.gov/xml/owl/EVS/Thesaurus.owl#C121500	0.9894973
http://snomed.info/id/40123003	http://ncicb.nci.nih.gov/xml/owl/EVS/Thesaurus.owl#C4260	1.0
http://snomed.info/id/401312001	http://ncicb.nci.nih.gov/xml/owl/EVS/Thesaurus.owl#C157574	0.94183058
http://snomed.info/id/401313006	http://ncicb.nci.nih.gov/xml/owl/EVS/Thesaurus.owl#C157573	0.90019077
http://snomed.info/id/40225001	http://ncicb.nci.nih.gov/xml/owl/EVS/Thesaurus.owl#C8965	0.95525575
http://snomed.info/id/40244008	http://ncicb.nci.nih.gov/xml/owl/EVS/Thesaurus.owl#C4239	1.0
http://snomed.info/id/402524007	http://ncicb.nci.nih.gov/xml/owl/EVS/Thesaurus.owl#C7585	0.92687261
http://snomed.info/id/402525008	http://ncicb.nci.nih.gov/xml/owl/EVS/Thesaurus.owl#C27535	0.9291144
http://snomed.info/id/402526009	http://ncicb.nci.nih.gov/xml/owl/EVS/Thesaurus.owl#C27538	0.92980266
http://snomed.info/id/402527000	http://ncicb.nci.nih.gov/xml/owl/EVS/Thesaurus.owl#C27539	0.90631747
http://snomed.info/id/402528005	http://ncicb.nci.nih.gov/xml/owl/EVS/Thesaurus.owl#C54665	0.95789552
http://snomed.info/id/402529002	http://ncicb.nci.nih.gov/xml/owl/EVS/Thesaurus.owl#C27541	0.92924094
http://snomed.info/id/402533009	http://ncicb.nci.nih.gov/xml/owl/EVS/Thesaurus.owl#C4346	0.97631067
http://snomed.info/id/402534003	http://ncicb.nci.nih.gov/xml/owl/EVS/Thesaurus.owl#C38110	0.91775227
http://snomed.info/id/402536001	http://ncicb.nci.nih.gov/xml/owl/EVS/Thesaurus.owl#C156767	0.93417907
http://snomed.info/id/402537005	http://ncicb.nci.nih.gov/xml/owl/EVS/Thesaurus.owl#C156769	1.0
http://snomed.info/id/402549006	http://ncicb.nci.nih.gov/xml/owl/EVS/Thesaurus.owl#C7576	0.93473804
http://snomed.info/id/402552003	http://ncicb.nci.nih.gov/xml/owl/EVS/Thesaurus.owl#C165529	0.92717355
http://snomed.info/id/402555001	http://ncicb.nci.nih.gov/xml/owl/EVS/Thesaurus.owl#C7571	0.91051483
http://snomed.info/id/402652009	http://ncicb.nci.nih.gov/xml/owl/EVS/Thesaurus.owl#C27529	0.98137182
http://snomed.info/id/402811003	http://ncicb.nci.nih.gov/xml/owl/EVS/Thesaurus.owl#C3792	0.94074637
http://snomed.info/id/402815007	http://ncicb.nci.nih.gov/xml/owl/EVS/Thesaurus.owl#C2929	1.0
http://snomed.info/id/402819001	http://ncicb.nci.nih.gov/xml/owl/EVS/Thesaurus.owl#C8014	0.95363873
http://snomed.info/id/402820007	http://ncicb.nci.nih.gov/xml/owl/EVS/Thesaurus.owl#C6082	0.92604399
http://snomed.info/id/402839002	http://ncicb.nci.nih.gov/xml/owl/EVS/Thesaurus.owl#C2874	0.91347665
http://snomed.info/id/402841001	http://ncicb.nci.nih.gov/xml/owl/EVS/Thesaurus.owl#C8596	0.97739822
http://snomed.info/id/402867006	http://ncicb.nci.nih.gov/xml/owl/EVS/Thesaurus.owl#C7457	1.0
http://snomed.info/id/402868001	http://ncicb.nci.nih.gov/xml/owl/EVS/Thesaurus.owl#C6524	0.95031327
http://snomed.info/id/402872002	http://ncicb.nci.nih.gov/xml/owl/EVS/Thesaurus.owl#C7343	0.98994452
http://snomed.info/id/402873007	http://ncicb.nci.nih.gov/xml/owl/EVS/Thesaurus.owl#C121500	0.92476916
http://snomed.info/id/402874001	http://ncicb.nci.nih.gov/xml/owl/EVS/Thesaurus.owl#C4972	0.96540076
http://snomed.info/id/402876004	http://ncicb.nci.nih.gov/xml/owl/EVS/Thesaurus.owl#C3798	0.95311069
http://snomed.info/id/402877008	http://ncicb.nci.nih.gov/xml/owl/EVS/Thesaurus.owl#C3358	0.97136748
http://snomed.info/id/402878003	http://ncicb.nci.nih.gov/xml/owl/EVS/Thesaurus.owl#C3708	1.0
http://snomed.info/id/402881008	http://ncicb.nci.nih.gov/xml/owl/EVS/Thesaurus.owl#C6858	0.96381831
http://snomed.info/id/402913004	http://ncicb.nci.nih.gov/xml/owl/EVS/Thesaurus.owl#C8374	1.0
http://snomed.info/id/40293003	http://ncicb.nci.nih.gov/xml/owl/EVS/Thesaurus.owl#C3726	1.0
http://snomed.info/id/403468003	http://ncicb.nci.nih.gov/xml/owl/EVS/Thesaurus.owl#C7729	0.99721676
http://snomed.info/id/403476001	http://ncicb.nci.nih.gov/xml/owl/EVS/Thesaurus.owl#C4756	0.9123897
http://snomed.info/id/403485001	http://ncicb.nci.nih.gov/xml/owl/EVS/Thesaurus.owl#C157575	0.94588369
http://snomed.info/id/403817006	http://ncicb.nci.nih.gov/xml/owl/EVS/Thesaurus.owl#C6727	0.90102035
http://snomed.info/id/403818001	http://ncicb.nci.nih.gov/xml/owl/EVS/Thesaurus.owl#C3797	1.0
http://snomed.info/id/403824007	http://ncicb.nci.nih.gov/xml/owl/EVS/Thesaurus.owl#C84905	0.95249116
http://snomed.info/id/403826009	http://ncicb.nci.nih.gov/xml/owl/EVS/Thesaurus.owl#C43351	0.90807819
http://snomed.info/id/403889000	http://ncicb.nci.nih.gov/xml/owl/EVS/Thesaurus.owl#C8174	0.97593701
http://snomed.info/id/403894000	http://ncicb.nci.nih.gov/xml/owl/EVS/Thesaurus.owl#C6083	0.90323567
http://snomed.info/id/403900000	http://ncicb.nci.nih.gov/xml/owl/EVS/Thesaurus.owl#C27084	1.0
http://snomed.info/id/403901001	http://ncicb.nci.nih.gov/xml/owl/EVS/Thesaurus.owl#C4460	0.95016605
http://snomed.info/id/403902008	http://ncicb.nci.nih.gov/xml/owl/EVS/Thesaurus.owl#C3727	1.0
http://snomed.info/id/403903003	http://ncicb.nci.nih.gov/xml/owl/EVS/Thesaurus.owl#C3774	0.90882969
http://snomed.info/id/403904009	http://ncicb.nci.nih.gov/xml/owl/EVS/Thesaurus.owl#C3781	0.94140041
http://snomed.info/id/403906006	http://ncicb.nci.nih.gov/xml/owl/EVS/Thesaurus.owl#C4104	1.0
http://snomed.info/id/403907002	http://ncicb.nci.nih.gov/xml/owl/EVS/Thesaurus.owl#C3146	0.90972221
http://snomed.info/id/403909004	http://ncicb.nci.nih.gov/xml/owl/EVS/Thesaurus.owl#C9359	0.96847409
http://snomed.info/id/403911008	http://ncicb.nci.nih.gov/xml/owl/EVS/Thesaurus.owl#C5568	0.97975671
http://snomed.info/id/403912001	http://ncicb.nci.nih.gov/xml/owl/EVS/Thesaurus.owl#C27537	0.96105266
http://snomed.info/id/403914000	http://ncicb.nci.nih.gov/xml/owl/EVS/Thesaurus.owl#C62284	1.0
http://snomed.info/id/403920004	http://ncicb.nci.nih.gov/xml/owl/EVS/Thesaurus.owl#C48612	0.96844524
http://snomed.info/id/403922007	http://ncicb.nci.nih.gov/xml/owl/EVS/Thesaurus.owl#C4227	0.96764511
http://snomed.info/id/403923002	http://ncicb.nci.nih.gov/xml/owl/EVS/Thesaurus.owl#C4237	0.98275632
http://snomed.info/id/403924008	http://ncicb.nci.nih.gov/xml/owl/EVS/Thesaurus.owl#C37257	0.98255801
http://snomed.info/id/403926005	http://ncicb.nci.nih.gov/xml/owl/EVS/Thesaurus.owl#C5915	0.93479294
http://snomed.info/id/403928006	http://ncicb.nci.nih.gov/xml/owl/EVS/Thesaurus.owl#C27522	1.0
http://snomed.info/id/403929003	http://ncicb.nci.nih.gov/xml/owl/EVS/Thesaurus.owl#C43326	1.0
http://snomed.info/id/403933005	http://ncicb.nci.nih.gov/xml/owl/EVS/Thesaurus.owl#C43336	1.0
http://snomed.info/id/403936002	http://ncicb.nci.nih.gov/xml/owl/EVS/Thesaurus.owl#C43356	0.93032247
http://snomed.info/id/403939009	http://ncicb.nci.nih.gov/xml/owl/EVS/Thesaurus.owl#C27255	0.92689323
http://snomed.info/id/403945001	http://ncicb.nci.nih.gov/xml/owl/EVS/Thesaurus.owl#C6088	1.0
http://snomed.info/id/403946000	http://ncicb.nci.nih.gov/xml/owl/EVS/Thesaurus.owl#C3301	0.96794569
http://snomed.info/id/403949007	http://ncicb.nci.nih.gov/xml/owl/EVS/Thesaurus.owl#C4169	0.93697125
http://snomed.info/id/403951006	http://ncicb.nci.nih.gov/xml/owl/EVS/Thesaurus.owl#C4176	0.92607099
http://snomed.info/id/403964007	http://ncicb.nci.nih.gov/xml/owl/EVS/Thesaurus.owl#C7457	0.94396889
http://snomed.info/id/403965008	http://ncicb.nci.nih.gov/xml/owl/EVS/Thesaurus.owl#C172206	1.0
http://snomed.info/id/403966009	http://ncicb.nci.nih.gov/xml/owl/EVS/Thesaurus.owl#C2882	0.9687435
http://snomed.info/id/403967000	http://ncicb.nci.nih.gov/xml/owl/EVS/Thesaurus.owl#C4754	1.0
http://snomed.info/id/403968005	http://ncicb.nci.nih.gov/xml/owl/EVS/Thesaurus.owl#C4296	1.0
http://snomed.info/id/403969002	http://ncicb.nci.nih.gov/xml/owl/EVS/Thesaurus.owl#C3060	1.0
http://snomed.info/id/403970001	http://ncicb.nci.nih.gov/xml/owl/EVS/Thesaurus.owl#C6750	0.98616385
http://snomed.info/id/403971002	http://ncicb.nci.nih.gov/xml/owl/EVS/Thesaurus.owl#C4223	0.93248266
http://snomed.info/id/403972009	http://ncicb.nci.nih.gov/xml/owl/EVS/Thesaurus.owl#C4491	0.90527606
http://snomed.info/id/403973004	http://ncicb.nci.nih.gov/xml/owl/EVS/Thesaurus.owl#C36079	1.0
http://snomed.info/id/403974005	http://ncicb.nci.nih.gov/xml/owl/EVS/Thesaurus.owl#C50401	0.95038474
http://snomed.info/id/403975006	http://ncicb.nci.nih.gov/xml/owl/EVS/Thesaurus.owl#C3203	1.0
http://snomed.info/id/403976007	http://ncicb.nci.nih.gov/xml/owl/EVS/Thesaurus.owl#C27505	1.0
http://snomed.info/id/403977003	http://ncicb.nci.nih.gov/xml/owl/EVS/Thesaurus.owl#C3088	1.0
http://snomed.info/id/403978008	http://ncicb.nci.nih.gov/xml/owl/EVS/Thesaurus.owl#C9112	0.93757129
http://snomed.info/id/403979000	http://ncicb.nci.nih.gov/xml/owl/EVS/Thesaurus.owl#C35874	0.92006576
http://snomed.info/id/403980002	http://ncicb.nci.nih.gov/xml/owl/EVS/Thesaurus.owl#C3084	1.0
http://snomed.info/id/403981003	http://ncicb.nci.nih.gov/xml/owl/EVS/Thesaurus.owl#C3800	1.0
http://snomed.info/id/403982005	http://ncicb.nci.nih.gov/xml/owl/EVS/Thesaurus.owl#C27511	1.0
http://snomed.info/id/403983000	http://ncicb.nci.nih.gov/xml/owl/EVS/Thesaurus.owl#C27510	1.0
http://snomed.info/id/403984006	http://ncicb.nci.nih.gov/xml/owl/EVS/Thesaurus.owl#C45475	1.0
http://snomed.info/id/403985007	http://ncicb.nci.nih.gov/xml/owl/EVS/Thesaurus.owl#C3088	0.92176306
http://snomed.info/id/403986008	http://ncicb.nci.nih.gov/xml/owl/EVS/Thesaurus.owl#C3205	1.0
http://snomed.info/id/403987004	http://ncicb.nci.nih.gov/xml/owl/EVS/Thesaurus.owl#C6486	0.98724592
http://snomed.info/id/403992002	http://ncicb.nci.nih.gov/xml/owl/EVS/Thesaurus.owl#C6485	0.98104578
http://snomed.info/id/403995000	http://ncicb.nci.nih.gov/xml/owl/EVS/Thesaurus.owl#C170888	1.0
http://snomed.info/id/403996004	http://ncicb.nci.nih.gov/xml/owl/EVS/Thesaurus.owl#C4244	1.0
http://snomed.info/id/404001007	http://ncicb.nci.nih.gov/xml/owl/EVS/Thesaurus.owl#C35765	0.90474093
http://snomed.info/id/404008001	http://ncicb.nci.nih.gov/xml/owl/EVS/Thesaurus.owl#C38105	1.0
http://snomed.info/id/404009009	http://ncicb.nci.nih.gov/xml/owl/EVS/Thesaurus.owl#C38108	0.91096151
http://snomed.info/id/404010004	http://ncicb.nci.nih.gov/xml/owl/EVS/Thesaurus.owl#C38108	0.98942828
http://snomed.info/id/404011000	http://ncicb.nci.nih.gov/xml/owl/EVS/Thesaurus.owl#C6493	0.97222781
http://snomed.info/id/404012007	http://ncicb.nci.nih.gov/xml/owl/EVS/Thesaurus.owl#C27546	1.0
http://snomed.info/id/404013002	http://ncicb.nci.nih.gov/xml/owl/EVS/Thesaurus.owl#C6494	0.92967319
http://snomed.info/id/404021008	http://ncicb.nci.nih.gov/xml/owl/EVS/Thesaurus.owl#C5277	0.96397239
http://snomed.info/id/404024000	http://ncicb.nci.nih.gov/xml/owl/EVS/Thesaurus.owl#C6970	1.0
http://snomed.info/id/404025004	http://ncicb.nci.nih.gov/xml/owl/EVS/Thesaurus.owl#C6969	1.0
http://snomed.info/id/404026003	http://ncicb.nci.nih.gov/xml/owl/EVS/Thesaurus.owl#C4724	1.0
http://snomed.info/id/404028002	http://ncicb.nci.nih.gov/xml/owl/EVS/Thesaurus.owl#C4328	0.92399448
http://snomed.info/id/404029005	http://ncicb.nci.nih.gov/xml/owl/EVS/Thesaurus.owl#C3272	1.0
http://snomed.info/id/404030000	http://ncicb.nci.nih.gov/xml/owl/EVS/Thesaurus.owl#C3272	0.9211005
http://snomed.info/id/404032008	http://ncicb.nci.nih.gov/xml/owl/EVS/Thesaurus.owl#C6558	1.0
http://snomed.info/id/404033003	http://ncicb.nci.nih.gov/xml/owl/EVS/Thesaurus.owl#C4328	1.0
http://snomed.info/id/404034009	http://ncicb.nci.nih.gov/xml/owl/EVS/Thesaurus.owl#C121680	1.0
http://snomed.info/id/404035005	http://ncicb.nci.nih.gov/xml/owl/EVS/Thesaurus.owl#C3474	1.0
http://snomed.info/id/404036006	http://ncicb.nci.nih.gov/xml/owl/EVS/Thesaurus.owl#C4973	1.0
http://snomed.info/id/404037002	http://ncicb.nci.nih.gov/xml/owl/EVS/Thesaurus.owl#C3798	1.0
http://snomed.info/id/404038007	http://ncicb.nci.nih.gov/xml/owl/EVS/Thesaurus.owl#C6561	0.98477018
http://snomed.info/id/404039004	http://ncicb.nci.nih.gov/xml/owl/EVS/Thesaurus.owl#C4748	0.96270049
http://snomed.info/id/404040002	http://ncicb.nci.nih.gov/xml/owl/EVS/Thesaurus.owl#C4335	1.0
http://snomed.info/id/404041003	http://ncicb.nci.nih.gov/xml/owl/EVS/Thesaurus.owl#C4336	1.0
http://snomed.info/id/404045007	http://ncicb.nci.nih.gov/xml/owl/EVS/Thesaurus.owl#C3700	0.90019387
http://snomed.info/id/404047004	http://ncicb.nci.nih.gov/xml/owl/EVS/Thesaurus.owl#C27494	0.90088356
http://snomed.info/id/404048009	http://ncicb.nci.nih.gov/xml/owl/EVS/Thesaurus.owl#C3358	0.93146455
http://snomed.info/id/404049001	http://ncicb.nci.nih.gov/xml/owl/EVS/Thesaurus.owl#C4260	1.0
http://snomed.info/id/404050001	http://ncicb.nci.nih.gov/xml/owl/EVS/Thesaurus.owl#C6517	1.0
http://snomed.info/id/404051002	http://ncicb.nci.nih.gov/xml/owl/EVS/Thesaurus.owl#C8971	1.0
http://snomed.info/id/404052009	http://ncicb.nci.nih.gov/xml/owl/EVS/Thesaurus.owl#C9150	0.9581483
http://snomed.info/id/404053004	http://ncicb.nci.nih.gov/xml/owl/EVS/Thesaurus.owl#C3749	1.0
http://snomed.info/id/404054005	http://ncicb.nci.nih.gov/xml/owl/EVS/Thesaurus.owl#C4258	1.0
http://snomed.info/id/404055006	http://ncicb.nci.nih.gov/xml/owl/EVS/Thesaurus.owl#C6519	1.0
http://snomed.info/id/404056007	http://ncicb.nci.nih.gov/xml/owl/EVS/Thesaurus.owl#C3750	1.0
http://snomed.info/id/404057003	http://ncicb.nci.nih.gov/xml/owl/EVS/Thesaurus.owl#C3733	1.0
http://snomed.info/id/404058008	http://ncicb.nci.nih.gov/xml/owl/EVS/Thesaurus.owl#C4254	1.0
http://snomed.info/id/404059000	http://ncicb.nci.nih.gov/xml/owl/EVS/Thesaurus.owl#C3703	1.0
http://snomed.info/id/404061009	http://ncicb.nci.nih.gov/xml/owl/EVS/Thesaurus.owl#C5910	0.97524476
http://snomed.info/id/404064001	http://ncicb.nci.nih.gov/xml/owl/EVS/Thesaurus.owl#C3702	1.0
http://snomed.info/id/404065000	http://ncicb.nci.nih.gov/xml/owl/EVS/Thesaurus.owl#C6503	1.0
http://snomed.info/id/404066004	http://ncicb.nci.nih.gov/xml/owl/EVS/Thesaurus.owl#C9502	1.0
http://snomed.info/id/404069006	http://ncicb.nci.nih.gov/xml/owl/EVS/Thesaurus.owl#C27781	1.0
http://snomed.info/id/404070007	http://ncicb.nci.nih.gov/xml/owl/EVS/Thesaurus.owl#C4252	1.0
http://snomed.info/id/404071006	http://ncicb.nci.nih.gov/xml/owl/EVS/Thesaurus.owl#C3705	1.0
http://snomed.info/id/404072004	http://ncicb.nci.nih.gov/xml/owl/EVS/Thesaurus.owl#C3704	1.0
http://snomed.info/id/404076001	http://ncicb.nci.nih.gov/xml/owl/EVS/Thesaurus.owl#C6582	1.0
http://snomed.info/id/404077005	http://ncicb.nci.nih.gov/xml/owl/EVS/Thesaurus.owl#C8810	1.0
http://snomed.info/id/404078000	http://ncicb.nci.nih.gov/xml/owl/EVS/Thesaurus.owl#C9482	1.0
http://snomed.info/id/404079008	http://ncicb.nci.nih.gov/xml/owl/EVS/Thesaurus.owl#C27502	1.0
http://snomed.info/id/404080006	http://ncicb.nci.nih.gov/xml/owl/EVS/Thesaurus.owl#C27481	1.0
http://snomed.info/id/404081005	http://ncicb.nci.nih.gov/xml/owl/EVS/Thesaurus.owl#C3011	1.0
http://snomed.info/id/404082003	http://ncicb.nci.nih.gov/xml/owl/EVS/Thesaurus.owl#C6577	1.0
http://snomed.info/id/404083008	http://ncicb.nci.nih.gov/xml/owl/EVS/Thesaurus.owl#C3254	1.0
http://snomed.info/id/404084002	http://ncicb.nci.nih.gov/xml/owl/EVS/Thesaurus.owl#C40323	1.0
http://snomed.info/id/404085001	http://ncicb.nci.nih.gov/xml/owl/EVS/Thesaurus.owl#C6936	0.93708527
http://snomed.info/id/404086000	http://ncicb.nci.nih.gov/xml/owl/EVS/Thesaurus.owl#C6581	1.0
http://snomed.info/id/404088004	http://ncicb.nci.nih.gov/xml/owl/EVS/Thesaurus.owl#C45202	1.0
http://snomed.info/id/404089007	http://ncicb.nci.nih.gov/xml/owl/EVS/Thesaurus.owl#C6586	1.0
http://snomed.info/id/404092006	http://ncicb.nci.nih.gov/xml/owl/EVS/Thesaurus.owl#C5628	0.94335598
http://snomed.info/id/404094007	http://ncicb.nci.nih.gov/xml/owl/EVS/Thesaurus.owl#C156087	0.92782193
http://snomed.info/id/40411000	http://ncicb.nci.nih.gov/xml/owl/EVS/Thesaurus.owl#C3460	1.0
http://snomed.info/id/404110001	http://ncicb.nci.nih.gov/xml/owl/EVS/Thesaurus.owl#C3246	0.90821916
http://snomed.info/id/404112009	http://ncicb.nci.nih.gov/xml/owl/EVS/Thesaurus.owl#C3246	0.91532034
http://snomed.info/id/404113004	http://ncicb.nci.nih.gov/xml/owl/EVS/Thesaurus.owl#C141143	0.93626618
http://snomed.info/id/404114005	http://ncicb.nci.nih.gov/xml/owl/EVS/Thesaurus.owl#C3246	0.94063014
http://snomed.info/id/404115006	http://ncicb.nci.nih.gov/xml/owl/EVS/Thesaurus.owl#C3246	0.91089493
http://snomed.info/id/404119000	http://ncicb.nci.nih.gov/xml/owl/EVS/Thesaurus.owl#C35794	1.0
http://snomed.info/id/404120006	http://ncicb.nci.nih.gov/xml/owl/EVS/Thesaurus.owl#C35794	0.95540065
http://snomed.info/id/404121005	http://ncicb.nci.nih.gov/xml/owl/EVS/Thesaurus.owl#C35794	0.94129848
http://snomed.info/id/404133000	http://ncicb.nci.nih.gov/xml/owl/EVS/Thesaurus.owl#C6918	0.9427532
http://snomed.info/id/404140004	http://ncicb.nci.nih.gov/xml/owl/EVS/Thesaurus.owl#C7230	0.90573108
http://snomed.info/id/404142007	http://ncicb.nci.nih.gov/xml/owl/EVS/Thesaurus.owl#C45216	0.90768957
http://snomed.info/id/404143002	http://ncicb.nci.nih.gov/xml/owl/EVS/Thesaurus.owl#C7217	0.92001516
http://snomed.info/id/404144008	http://ncicb.nci.nih.gov/xml/owl/EVS/Thesaurus.owl#C45193	0.99323332
http://snomed.info/id/404148006	http://ncicb.nci.nih.gov/xml/owl/EVS/Thesaurus.owl#C8851	0.91412288
http://snomed.info/id/404162004	http://ncicb.nci.nih.gov/xml/owl/EVS/Thesaurus.owl#C3356	1.0
http://snomed.info/id/404171008	http://ncicb.nci.nih.gov/xml/owl/EVS/Thesaurus.owl#C9303	1.0
http://snomed.info/id/40459000	http://ncicb.nci.nih.gov/xml/owl/EVS/Thesaurus.owl#C165723	0.92931998
http://snomed.info/id/404664002	http://ncicb.nci.nih.gov/xml/owl/EVS/Thesaurus.owl#C4537	0.90862548
http://snomed.info/id/40467008	http://ncicb.nci.nih.gov/xml/owl/EVS/Thesaurus.owl#C3945	1.0
http://snomed.info/id/405822008	http://ncicb.nci.nih.gov/xml/owl/EVS/Thesaurus.owl#C4044	0.9361527
http://snomed.info/id/405843009	http://ncicb.nci.nih.gov/xml/owl/EVS/Thesaurus.owl#C36263	0.91084647
http://snomed.info/id/405940008	http://ncicb.nci.nih.gov/xml/owl/EVS/Thesaurus.owl#C39814	0.93079007
http://snomed.info/id/405941007	http://ncicb.nci.nih.gov/xml/owl/EVS/Thesaurus.owl#C39815	0.92941779
http://snomed.info/id/405942000	http://ncicb.nci.nih.gov/xml/owl/EVS/Thesaurus.owl#C97058	0.95183921
http://snomed.info/id/406095005	http://ncicb.nci.nih.gov/xml/owl/EVS/Thesaurus.owl#C7322	0.90650809
http://snomed.info/id/406096006	http://ncicb.nci.nih.gov/xml/owl/EVS/Thesaurus.owl#C5241	1.0
http://snomed.info/id/406103009	http://ncicb.nci.nih.gov/xml/owl/EVS/Thesaurus.owl#C7347	0.95972925
http://snomed.info/id/4079000	http://ncicb.nci.nih.gov/xml/owl/EVS/Thesaurus.owl#C3772	1.0
http://snomed.info/id/408644002	http://ncicb.nci.nih.gov/xml/owl/EVS/Thesaurus.owl#C7889	0.95378983
http://snomed.info/id/408647009	http://ncicb.nci.nih.gov/xml/owl/EVS/Thesaurus.owl#C4004	0.94284415
http://snomed.info/id/408649007	http://ncicb.nci.nih.gov/xml/owl/EVS/Thesaurus.owl#C102872	0.9010824
http://snomed.info/id/40935003	http://ncicb.nci.nih.gov/xml/owl/EVS/Thesaurus.owl#C3707	1.0
http://snomed.info/id/409659004	http://ncicb.nci.nih.gov/xml/owl/EVS/Thesaurus.owl#C4957	0.9749766
http://snomed.info/id/409707002	http://ncicb.nci.nih.gov/xml/owl/EVS/Thesaurus.owl#C3107	0.99135274
http://snomed.info/id/41252002	http://ncicb.nci.nih.gov/xml/owl/EVS/Thesaurus.owl#C3797	1.0
http://snomed.info/id/413440007	http://ncicb.nci.nih.gov/xml/owl/EVS/Thesaurus.owl#C3167	0.97058475
http://snomed.info/id/413442004	http://ncicb.nci.nih.gov/xml/owl/EVS/Thesaurus.owl#C7318	0.98528624
http://snomed.info/id/413443009	http://ncicb.nci.nih.gov/xml/owl/EVS/Thesaurus.owl#C27753	0.98783416
http://snomed.info/id/413445002	http://ncicb.nci.nih.gov/xml/owl/EVS/Thesaurus.owl#C7718	0.96808869
http://snomed.info/id/413446001	http://ncicb.nci.nih.gov/xml/owl/EVS/Thesaurus.owl#C5543	0.98486698
http://snomed.info/id/413537009	http://ncicb.nci.nih.gov/xml/owl/EVS/Thesaurus.owl#C7528	1.0
http://snomed.info/id/413587002	http://ncicb.nci.nih.gov/xml/owl/EVS/Thesaurus.owl#C7149	0.93603915
http://snomed.info/id/413616009	http://ncicb.nci.nih.gov/xml/owl/EVS/Thesaurus.owl#C27907	1.0
http://snomed.info/id/413656006	http://ncicb.nci.nih.gov/xml/owl/EVS/Thesaurus.owl#C9110	0.92484444
http://snomed.info/id/41382006	http://ncicb.nci.nih.gov/xml/owl/EVS/Thesaurus.owl#C4272	0.92904586
http://snomed.info/id/413836008	http://ncicb.nci.nih.gov/xml/owl/EVS/Thesaurus.owl#C4563	0.95987141
http://snomed.info/id/413967009	http://ncicb.nci.nih.gov/xml/owl/EVS/Thesaurus.owl#C27260	0.96584105
http://snomed.info/id/413990004	http://ncicb.nci.nih.gov/xml/owl/EVS/Thesaurus.owl#C80280	0.98631233
http://snomed.info/id/414166008	http://ncicb.nci.nih.gov/xml/owl/EVS/Thesaurus.owl#C4684	0.97973788
http://snomed.info/id/414375004	http://ncicb.nci.nih.gov/xml/owl/EVS/Thesaurus.owl#C3952	1.0
http://snomed.info/id/414603003	http://ncicb.nci.nih.gov/xml/owl/EVS/Thesaurus.owl#C3187	0.96897781
http://snomed.info/id/414629003	http://ncicb.nci.nih.gov/xml/owl/EVS/Thesaurus.owl#C9308	1.0
http://snomed.info/id/414647009	http://ncicb.nci.nih.gov/xml/owl/EVS/Thesaurus.owl#C4628	0.96589828
http://snomed.info/id/414653009	http://ncicb.nci.nih.gov/xml/owl/EVS/Thesaurus.owl#C9295	1.0
http://snomed.info/id/414654003	http://ncicb.nci.nih.gov/xml/owl/EVS/Thesaurus.owl#C27910	0.98801351
http://snomed.info/id/414655002	http://ncicb.nci.nih.gov/xml/owl/EVS/Thesaurus.owl#C27909	0.91248411
http://snomed.info/id/414785000	http://ncicb.nci.nih.gov/xml/owl/EVS/Thesaurus.owl#C6932	0.96806085
http://snomed.info/id/414792005	http://ncicb.nci.nih.gov/xml/owl/EVS/Thesaurus.owl#C9290	1.0
http://snomed.info/id/414794006	http://ncicb.nci.nih.gov/xml/owl/EVS/Thesaurus.owl#C4345	0.97423249
http://snomed.info/id/414824005	http://ncicb.nci.nih.gov/xml/owl/EVS/Thesaurus.owl#C35370	0.97059554
http://snomed.info/id/414881000	http://ncicb.nci.nih.gov/xml/owl/EVS/Thesaurus.owl#C6486	1.0
http://snomed.info/id/414952002	http://ncicb.nci.nih.gov/xml/owl/EVS/Thesaurus.owl#C3722	0.99051547
http://snomed.info/id/415109007	http://ncicb.nci.nih.gov/xml/owl/EVS/Thesaurus.owl#C3242	0.96132743
http://snomed.info/id/415110002	http://ncicb.nci.nih.gov/xml/owl/EVS/Thesaurus.owl#C3242	0.96003282
http://snomed.info/id/415111003	http://ncicb.nci.nih.gov/xml/owl/EVS/Thesaurus.owl#C4665	1.0
http://snomed.info/id/415112005	http://ncicb.nci.nih.gov/xml/owl/EVS/Thesaurus.owl#C9349	1.0
http://snomed.info/id/415113000	http://ncicb.nci.nih.gov/xml/owl/EVS/Thesaurus.owl#C9349	0.98126018
http://snomed.info/id/415284008	http://ncicb.nci.nih.gov/xml/owl/EVS/Thesaurus.owl#C7168	0.90217352
http://snomed.info/id/41529000	http://ncicb.nci.nih.gov/xml/owl/EVS/Thesaurus.owl#C3517	0.96060795
http://snomed.info/id/41556003	http://ncicb.nci.nih.gov/xml/owl/EVS/Thesaurus.owl#C40970	1.0
http://snomed.info/id/415701004	http://ncicb.nci.nih.gov/xml/owl/EVS/Thesaurus.owl#C27908	0.98233896
http://snomed.info/id/41607009	http://ncicb.nci.nih.gov/xml/owl/EVS/Thesaurus.owl#C9385	1.0
http://snomed.info/id/41627005	http://ncicb.nci.nih.gov/xml/owl/EVS/Thesaurus.owl#C8383	0.93986726
http://snomed.info/id/416351002	http://ncicb.nci.nih.gov/xml/owl/EVS/Thesaurus.owl#C4537	0.97641397
http://snomed.info/id/416378000	http://ncicb.nci.nih.gov/xml/owl/EVS/Thesaurus.owl#C3146	0.98329574
http://snomed.info/id/416500007	http://ncicb.nci.nih.gov/xml/owl/EVS/Thesaurus.owl#C4822	0.97277027
http://snomed.info/id/416510003	http://ncicb.nci.nih.gov/xml/owl/EVS/Thesaurus.owl#C5102	0.98926085
http://snomed.info/id/416635001	http://ncicb.nci.nih.gov/xml/owl/EVS/Thesaurus.owl#C7105	1.0
http://snomed.info/id/416669000	http://ncicb.nci.nih.gov/xml/owl/EVS/Thesaurus.owl#C6985	1.0
http://snomed.info/id/416712009	http://ncicb.nci.nih.gov/xml/owl/EVS/Thesaurus.owl#C40076	0.92130005
http://snomed.info/id/416753001	http://ncicb.nci.nih.gov/xml/owl/EVS/Thesaurus.owl#C175259	0.98298204
http://snomed.info/id/416769008	http://ncicb.nci.nih.gov/xml/owl/EVS/Thesaurus.owl#C3877	0.92571604
http://snomed.info/id/416824008	http://ncicb.nci.nih.gov/xml/owl/EVS/Thesaurus.owl#C3086	1.0
http://snomed.info/id/416864007	http://ncicb.nci.nih.gov/xml/owl/EVS/Thesaurus.owl#C66812	1.0
http://snomed.info/id/416901002	http://ncicb.nci.nih.gov/xml/owl/EVS/Thesaurus.owl#C4557	0.9830327
http://snomed.info/id/417044008	http://ncicb.nci.nih.gov/xml/owl/EVS/Thesaurus.owl#C3110	0.94031495
http://snomed.info/id/417049003	http://ncicb.nci.nih.gov/xml/owl/EVS/Thesaurus.owl#C3146	0.94934148
http://snomed.info/id/417057000	http://ncicb.nci.nih.gov/xml/owl/EVS/Thesaurus.owl#C4646	1.0
http://snomed.info/id/417150000	http://ncicb.nci.nih.gov/xml/owl/EVS/Thesaurus.owl#C7105	1.0
http://snomed.info/id/417271000	http://ncicb.nci.nih.gov/xml/owl/EVS/Thesaurus.owl#C3110	0.94031495
http://snomed.info/id/417570003	http://ncicb.nci.nih.gov/xml/owl/EVS/Thesaurus.owl#C4646	1.0
http://snomed.info/id/417609007	http://ncicb.nci.nih.gov/xml/owl/EVS/Thesaurus.owl#C9011	0.91389346
http://snomed.info/id/417619001	http://ncicb.nci.nih.gov/xml/owl/EVS/Thesaurus.owl#C4537	0.98489845
http://snomed.info/id/417629008	http://ncicb.nci.nih.gov/xml/owl/EVS/Thesaurus.owl#C3794	0.98834389
http://snomed.info/id/417647002	http://ncicb.nci.nih.gov/xml/owl/EVS/Thesaurus.owl#C66807	0.98587185
http://snomed.info/id/417957003	http://ncicb.nci.nih.gov/xml/owl/EVS/Thesaurus.owl#C174507	0.93633431
http://snomed.info/id/418134006	http://ncicb.nci.nih.gov/xml/owl/EVS/Thesaurus.owl#C6120	0.93038356
http://snomed.info/id/418152006	http://ncicb.nci.nih.gov/xml/owl/EVS/Thesaurus.owl#C27910	0.92986572
http://snomed.info/id/418265009	http://ncicb.nci.nih.gov/xml/owl/EVS/Thesaurus.owl#C6858	0.96083474
http://snomed.info/id/418529003	http://ncicb.nci.nih.gov/xml/owl/EVS/Thesaurus.owl#C175330	0.92981827
http://snomed.info/id/418789003	http://ncicb.nci.nih.gov/xml/owl/EVS/Thesaurus.owl#C45216	0.90768963
http://snomed.info/id/419035001	http://ncicb.nci.nih.gov/xml/owl/EVS/Thesaurus.owl#C27909	0.9535771
http://snomed.info/id/419052002	http://ncicb.nci.nih.gov/xml/owl/EVS/Thesaurus.owl#C9297	0.98728746
http://snomed.info/id/419094004	http://ncicb.nci.nih.gov/xml/owl/EVS/Thesaurus.owl#C27915	0.98273575
http://snomed.info/id/419266001	http://ncicb.nci.nih.gov/xml/owl/EVS/Thesaurus.owl#C8421	0.93828309
http://snomed.info/id/419283005	http://ncicb.nci.nih.gov/xml/owl/EVS/Thesaurus.owl#C3467	0.95779341
http://snomed.info/id/419327006	http://ncicb.nci.nih.gov/xml/owl/EVS/Thesaurus.owl#C27789	1.0
http://snomed.info/id/419386004	http://ncicb.nci.nih.gov/xml/owl/EVS/Thesaurus.owl#C35794	1.0
http://snomed.info/id/419392005	http://ncicb.nci.nih.gov/xml/owl/EVS/Thesaurus.owl#C7162	1.0
http://snomed.info/id/419645003	http://ncicb.nci.nih.gov/xml/owl/EVS/Thesaurus.owl#C7607	0.99047422
http://snomed.info/id/419662008	http://ncicb.nci.nih.gov/xml/owl/EVS/Thesaurus.owl#C7217	0.9954077
http://snomed.info/id/419770008	http://ncicb.nci.nih.gov/xml/owl/EVS/Thesaurus.owl#C27122	1.0
http://snomed.info/id/419835002	http://ncicb.nci.nih.gov/xml/owl/EVS/Thesaurus.owl#C17609	1.0
http://snomed.info/id/419842002	http://ncicb.nci.nih.gov/xml/owl/EVS/Thesaurus.owl#C4833	0.91881144
http://snomed.info/id/419889000	http://ncicb.nci.nih.gov/xml/owl/EVS/Thesaurus.owl#C175316	0.98855484
http://snomed.info/id/419952004	http://ncicb.nci.nih.gov/xml/owl/EVS/Thesaurus.owl#C9011	1.0
http://snomed.info/id/419958000	http://ncicb.nci.nih.gov/xml/owl/EVS/Thesaurus.owl#C7607	0.94476038
http://snomed.info/id/420028002	http://ncicb.nci.nih.gov/xml/owl/EVS/Thesaurus.owl#C7230	0.90573108
http://snomed.info/id/420063007	http://ncicb.nci.nih.gov/xml/owl/EVS/Thesaurus.owl#C27914	1.0
http://snomed.info/id/420120006	http://ncicb.nci.nih.gov/xml/owl/EVS/Thesaurus.owl#C3868	1.0
http://snomed.info/id/420301000	http://ncicb.nci.nih.gov/xml/owl/EVS/Thesaurus.owl#C156123	0.93374091
http://snomed.info/id/420519005	http://ncicb.nci.nih.gov/xml/owl/EVS/Thesaurus.owl#C35690	0.91070795
http://snomed.info/id/420524008	http://ncicb.nci.nih.gov/xml/owl/EVS/Thesaurus.owl#C3992	0.94875139
http://snomed.info/id/420777000	http://ncicb.nci.nih.gov/xml/owl/EVS/Thesaurus.owl#C27483	0.94298428
http://snomed.info/id/420788006	http://ncicb.nci.nih.gov/xml/owl/EVS/Thesaurus.owl#C9184	0.91493833
http://snomed.info/id/420835009	http://ncicb.nci.nih.gov/xml/owl/EVS/Thesaurus.owl#C6093	0.9276768
http://snomed.info/id/420890002	http://ncicb.nci.nih.gov/xml/owl/EVS/Thesaurus.owl#C8694	0.91091561
http://snomed.info/id/421098004	http://ncicb.nci.nih.gov/xml/owl/EVS/Thesaurus.owl#C4255	0.9643777
http://snomed.info/id/421246008	http://ncicb.nci.nih.gov/xml/owl/EVS/Thesaurus.owl#C6919	0.9095071
http://snomed.info/id/421418009	http://ncicb.nci.nih.gov/xml/owl/EVS/Thesaurus.owl#C27909	0.95569825
http://snomed.info/id/421419001	http://ncicb.nci.nih.gov/xml/owl/EVS/Thesaurus.owl#C27483	0.90326691
http://snomed.info/id/421658000	http://ncicb.nci.nih.gov/xml/owl/EVS/Thesaurus.owl#C126409	0.90221751
http://snomed.info/id/421686008	http://ncicb.nci.nih.gov/xml/owl/EVS/Thesaurus.owl#C46096	0.90673578
http://snomed.info/id/42194009	http://ncicb.nci.nih.gov/xml/owl/EVS/Thesaurus.owl#C39954	0.94348693
http://snomed.info/id/421980000	http://ncicb.nci.nih.gov/xml/owl/EVS/Thesaurus.owl#C2927	0.907112
http://snomed.info/id/422172005	http://ncicb.nci.nih.gov/xml/owl/EVS/Thesaurus.owl#C27908	0.9526509
http://snomed.info/id/422282000	http://ncicb.nci.nih.gov/xml/owl/EVS/Thesaurus.owl#C4046	0.91310412
http://snomed.info/id/422375001	http://ncicb.nci.nih.gov/xml/owl/EVS/Thesaurus.owl#C7766	0.94475633
http://snomed.info/id/422541001	http://ncicb.nci.nih.gov/xml/owl/EVS/Thesaurus.owl#C4107	0.93400311
http://snomed.info/id/422581008	http://ncicb.nci.nih.gov/xml/owl/EVS/Thesaurus.owl#C3993	0.94637597
http://snomed.info/id/422691006	http://ncicb.nci.nih.gov/xml/owl/EVS/Thesaurus.owl#C167265	0.93401206
http://snomed.info/id/422736007	http://ncicb.nci.nih.gov/xml/owl/EVS/Thesaurus.owl#C4961	0.90121019
http://snomed.info/id/422782004	http://ncicb.nci.nih.gov/xml/owl/EVS/Thesaurus.owl#C7456	0.90088975
http://snomed.info/id/422833009	http://ncicb.nci.nih.gov/xml/owl/EVS/Thesaurus.owl#C8026	0.98168683
http://snomed.info/id/422853008	http://ncicb.nci.nih.gov/xml/owl/EVS/Thesaurus.owl#C7353	0.95930177
http://snomed.info/id/422886007	http://ncicb.nci.nih.gov/xml/owl/EVS/Thesaurus.owl#C3789	1.0
http://snomed.info/id/422985007	http://ncicb.nci.nih.gov/xml/owl/EVS/Thesaurus.owl#C3994	0.95237947
http://snomed.info/id/423038006	http://ncicb.nci.nih.gov/xml/owl/EVS/Thesaurus.owl#C35702	0.94231278
http://snomed.info/id/423158009	http://ncicb.nci.nih.gov/xml/owl/EVS/Thesaurus.owl#C4946	0.97813863
http://snomed.info/id/423189008	http://ncicb.nci.nih.gov/xml/owl/EVS/Thesaurus.owl#C5935	0.98300582
http://snomed.info/id/423195009	http://ncicb.nci.nih.gov/xml/owl/EVS/Thesaurus.owl#C175319	0.95274127
http://snomed.info/id/423318000	http://ncicb.nci.nih.gov/xml/owl/EVS/Thesaurus.owl#C6241	0.94614136
http://snomed.info/id/423325007	http://ncicb.nci.nih.gov/xml/owl/EVS/Thesaurus.owl#C6082	0.91050529
http://snomed.info/id/423361002	http://ncicb.nci.nih.gov/xml/owl/EVS/Thesaurus.owl#C4619	0.95657641
http://snomed.info/id/423424005	http://ncicb.nci.nih.gov/xml/owl/EVS/Thesaurus.owl#C5939	0.98160112
http://snomed.info/id/423425006	http://ncicb.nci.nih.gov/xml/owl/EVS/Thesaurus.owl#C6786	0.94334203
http://snomed.info/id/423464009	http://ncicb.nci.nih.gov/xml/owl/EVS/Thesaurus.owl#C8181	0.93111014
http://snomed.info/id/423471004	http://ncicb.nci.nih.gov/xml/owl/EVS/Thesaurus.owl#C96520	0.95199984
http://snomed.info/id/423506005	http://ncicb.nci.nih.gov/xml/owl/EVS/Thesaurus.owl#C6083	0.90136594
http://snomed.info/id/423586007	http://ncicb.nci.nih.gov/xml/owl/EVS/Thesaurus.owl#C129569	0.96547395
http://snomed.info/id/423595004	http://ncicb.nci.nih.gov/xml/owl/EVS/Thesaurus.owl#C2852	0.90721112
http://snomed.info/id/423607006	http://ncicb.nci.nih.gov/xml/owl/EVS/Thesaurus.owl#C5600	0.91822106
http://snomed.info/id/423610004	http://ncicb.nci.nih.gov/xml/owl/EVS/Thesaurus.owl#C3359	0.93372375
http://snomed.info/id/423615009	http://ncicb.nci.nih.gov/xml/owl/EVS/Thesaurus.owl#C5937	0.98287642
http://snomed.info/id/423627007	http://ncicb.nci.nih.gov/xml/owl/EVS/Thesaurus.owl#C8267	0.95779788
http://snomed.info/id/423673009	http://ncicb.nci.nih.gov/xml/owl/EVS/Thesaurus.owl#C8601	0.92045271
http://snomed.info/id/423699002	http://ncicb.nci.nih.gov/xml/owl/EVS/Thesaurus.owl#C3007	1.0
http://snomed.info/id/423708008	http://ncicb.nci.nih.gov/xml/owl/EVS/Thesaurus.owl#C5908	0.98508161
http://snomed.info/id/423793008	http://ncicb.nci.nih.gov/xml/owl/EVS/Thesaurus.owl#C5938	0.98038906
http://snomed.info/id/423807009	http://ncicb.nci.nih.gov/xml/owl/EVS/Thesaurus.owl#C3158	0.95718676
http://snomed.info/id/423812005	http://ncicb.nci.nih.gov/xml/owl/EVS/Thesaurus.owl#C164198	0.97804612
http://snomed.info/id/423816008	http://ncicb.nci.nih.gov/xml/owl/EVS/Thesaurus.owl#C8917	0.91902059
http://snomed.info/id/423829008	http://ncicb.nci.nih.gov/xml/owl/EVS/Thesaurus.owl#C4027	0.91689718
http://snomed.info/id/42392001	http://ncicb.nci.nih.gov/xml/owl/EVS/Thesaurus.owl#C3700	1.0
http://snomed.info/id/423987006	http://ncicb.nci.nih.gov/xml/owl/EVS/Thesaurus.owl#C6332	0.90521735
http://snomed.info/id/424078005	http://ncicb.nci.nih.gov/xml/owl/EVS/Thesaurus.owl#C8759	0.93845963
http://snomed.info/id/424190005	http://ncicb.nci.nih.gov/xml/owl/EVS/Thesaurus.owl#C154473	0.95305741
http://snomed.info/id/424279009	http://ncicb.nci.nih.gov/xml/owl/EVS/Thesaurus.owl#C7725	0.98019552
http://snomed.info/id/424334007	http://ncicb.nci.nih.gov/xml/owl/EVS/Thesaurus.owl#C3572	0.90718192
http://snomed.info/id/424413001	http://ncicb.nci.nih.gov/xml/owl/EVS/Thesaurus.owl#C9118	1.0
http://snomed.info/id/424440001	http://ncicb.nci.nih.gov/xml/owl/EVS/Thesaurus.owl#C7888	0.9608109
http://snomed.info/id/424454009	http://ncicb.nci.nih.gov/xml/owl/EVS/Thesaurus.owl#C8761	0.94206071
http://snomed.info/id/42450005	http://ncicb.nci.nih.gov/xml/owl/EVS/Thesaurus.owl#C36028	0.9517079
http://snomed.info/id/424567005	http://ncicb.nci.nih.gov/xml/owl/EVS/Thesaurus.owl#C5932	0.95262903
http://snomed.info/id/424568000	http://ncicb.nci.nih.gov/xml/owl/EVS/Thesaurus.owl#C3041	1.0
http://snomed.info/id/424631008	http://ncicb.nci.nih.gov/xml/owl/EVS/Thesaurus.owl#C6632	0.95542109
http://snomed.info/id/424632001	http://ncicb.nci.nih.gov/xml/owl/EVS/Thesaurus.owl#C8760	0.93785888
http://snomed.info/id/424779008	http://ncicb.nci.nih.gov/xml/owl/EVS/Thesaurus.owl#C173477	0.92183042
http://snomed.info/id/424849005	http://ncicb.nci.nih.gov/xml/owl/EVS/Thesaurus.owl#C156274	0.92704958
http://snomed.info/id/424952003	http://ncicb.nci.nih.gov/xml/owl/EVS/Thesaurus.owl#C9306	0.98598778
http://snomed.info/id/424993006	http://ncicb.nci.nih.gov/xml/owl/EVS/Thesaurus.owl#C8762	0.95050669
http://snomed.info/id/425066001	http://ncicb.nci.nih.gov/xml/owl/EVS/Thesaurus.owl#C150570	0.90564406
http://snomed.info/id/425127006	http://ncicb.nci.nih.gov/xml/owl/EVS/Thesaurus.owl#C5974	0.98324656
http://snomed.info/id/425178004	http://ncicb.nci.nih.gov/xml/owl/EVS/Thesaurus.owl#C43584	0.96445286
http://snomed.info/id/425213009	http://ncicb.nci.nih.gov/xml/owl/EVS/Thesaurus.owl#C9358	0.9292134
http://snomed.info/id/425225007	http://ncicb.nci.nih.gov/xml/owl/EVS/Thesaurus.owl#C8025	0.99752927
http://snomed.info/id/425231005	http://ncicb.nci.nih.gov/xml/owl/EVS/Thesaurus.owl#C27474	0.95339358
http://snomed.info/id/425327002	http://ncicb.nci.nih.gov/xml/owl/EVS/Thesaurus.owl#C128451	0.96085298
http://snomed.info/id/425333006	http://ncicb.nci.nih.gov/xml/owl/EVS/Thesaurus.owl#C4345	0.97423214
http://snomed.info/id/425535000	http://ncicb.nci.nih.gov/xml/owl/EVS/Thesaurus.owl#C3400	0.98763257
http://snomed.info/id/425657001	http://ncicb.nci.nih.gov/xml/owl/EVS/Thesaurus.owl#C7765	0.90624452
http://snomed.info/id/425749006	http://ncicb.nci.nih.gov/xml/owl/EVS/Thesaurus.owl#C4899	0.92589515
http://snomed.info/id/425868004	http://ncicb.nci.nih.gov/xml/owl/EVS/Thesaurus.owl#C3698	0.91695082
http://snomed.info/id/42596004	http://ncicb.nci.nih.gov/xml/owl/EVS/Thesaurus.owl#C3779	1.0
http://snomed.info/id/426071002	http://ncicb.nci.nih.gov/xml/owl/EVS/Thesaurus.owl#C158583	0.97078609
http://snomed.info/id/426191007	http://ncicb.nci.nih.gov/xml/owl/EVS/Thesaurus.owl#C7748	0.97960842
http://snomed.info/id/426248008	http://ncicb.nci.nih.gov/xml/owl/EVS/Thesaurus.owl#C4901	0.93479717
http://snomed.info/id/426370008	http://ncicb.nci.nih.gov/xml/owl/EVS/Thesaurus.owl#C4901	0.93493623
http://snomed.info/id/427056005	http://ncicb.nci.nih.gov/xml/owl/EVS/Thesaurus.owl#C4896	0.90703994
http://snomed.info/id/427141003	http://ncicb.nci.nih.gov/xml/owl/EVS/Thesaurus.owl#C158581	0.97875434
http://snomed.info/id/42717009	http://ncicb.nci.nih.gov/xml/owl/EVS/Thesaurus.owl#C67107	1.0
http://snomed.info/id/427186000	http://ncicb.nci.nih.gov/xml/owl/EVS/Thesaurus.owl#C170888	0.95289797
http://snomed.info/id/427359005	http://ncicb.nci.nih.gov/xml/owl/EVS/Thesaurus.owl#C55818	0.98150694
http://snomed.info/id/427492003	http://ncicb.nci.nih.gov/xml/owl/EVS/Thesaurus.owl#C167255	0.95696175
http://snomed.info/id/427642009	http://ncicb.nci.nih.gov/xml/owl/EVS/Thesaurus.owl#C131876	0.91063285
http://snomed.info/id/427658007	http://ncicb.nci.nih.gov/xml/owl/EVS/Thesaurus.owl#C8589	0.91386831
http://snomed.info/id/427744002	http://ncicb.nci.nih.gov/xml/owl/EVS/Thesaurus.owl#C96846	0.94920796
http://snomed.info/id/427942006	http://ncicb.nci.nih.gov/xml/owl/EVS/Thesaurus.owl#C5316	0.97694319
http://snomed.info/id/428054006	http://ncicb.nci.nih.gov/xml/owl/EVS/Thesaurus.owl#C96479	0.98254585
http://snomed.info/id/428061005	http://ncicb.nci.nih.gov/xml/owl/EVS/Thesaurus.owl#C3568	0.98317903
http://snomed.info/id/428100006	http://ncicb.nci.nih.gov/xml/owl/EVS/Thesaurus.owl#C3576	0.90294141
http://snomed.info/id/428281000	http://ncicb.nci.nih.gov/xml/owl/EVS/Thesaurus.owl#C4016	0.98926198
http://snomed.info/id/428367000	http://ncicb.nci.nih.gov/xml/owl/EVS/Thesaurus.owl#C2977	0.97657526
http://snomed.info/id/428905002	http://ncicb.nci.nih.gov/xml/owl/EVS/Thesaurus.owl#C4890	0.92999142
http://snomed.info/id/428954009	http://ncicb.nci.nih.gov/xml/owl/EVS/Thesaurus.owl#C132067	1.0
http://snomed.info/id/429033009	http://ncicb.nci.nih.gov/xml/owl/EVS/Thesaurus.owl#C4577	0.92214495
http://snomed.info/id/429114002	http://ncicb.nci.nih.gov/xml/owl/EVS/Thesaurus.owl#C7586	0.96416688
http://snomed.info/id/429408002	http://ncicb.nci.nih.gov/xml/owl/EVS/Thesaurus.owl#C132067	0.95810026
http://snomed.info/id/429565004	http://ncicb.nci.nih.gov/xml/owl/EVS/Thesaurus.owl#C5461	0.92007113
http://snomed.info/id/43019009	http://ncicb.nci.nih.gov/xml/owl/EVS/Thesaurus.owl#C84917	1.0
http://snomed.info/id/4305004	http://ncicb.nci.nih.gov/xml/owl/EVS/Thesaurus.owl#C66717	1.0
http://snomed.info/id/430750000	http://ncicb.nci.nih.gov/xml/owl/EVS/Thesaurus.owl#C9502	1.0
http://snomed.info/id/431371000124105	http://ncicb.nci.nih.gov/xml/owl/EVS/Thesaurus.owl#C6470	1.0
http://snomed.info/id/43149009	http://ncicb.nci.nih.gov/xml/owl/EVS/Thesaurus.owl#C3732	1.0
http://snomed.info/id/431911000124102	http://ncicb.nci.nih.gov/xml/owl/EVS/Thesaurus.owl#C9145	0.91057831
http://snomed.info/id/431921000124105	http://ncicb.nci.nih.gov/xml/owl/EVS/Thesaurus.owl#C3695	1.0
http://snomed.info/id/432328008	http://ncicb.nci.nih.gov/xml/owl/EVS/Thesaurus.owl#C3270	1.0
http://snomed.info/id/43233001	http://ncicb.nci.nih.gov/xml/owl/EVS/Thesaurus.owl#C7676	1.0
http://snomed.info/id/43296007	http://ncicb.nci.nih.gov/xml/owl/EVS/Thesaurus.owl#C4252	1.0
http://snomed.info/id/43369006	http://ncicb.nci.nih.gov/xml/owl/EVS/Thesaurus.owl#C4109	0.94072008
http://snomed.info/id/435471000124104	http://ncicb.nci.nih.gov/xml/owl/EVS/Thesaurus.owl#C155869	1.0
http://snomed.info/id/435571000124100	http://ncicb.nci.nih.gov/xml/owl/EVS/Thesaurus.owl#C3809	0.91608137
http://snomed.info/id/4392007	http://ncicb.nci.nih.gov/xml/owl/EVS/Thesaurus.owl#C114598	0.94291091
http://snomed.info/id/43985008	http://ncicb.nci.nih.gov/xml/owl/EVS/Thesaurus.owl#C7166	0.94039547
http://snomed.info/id/441313008	http://ncicb.nci.nih.gov/xml/owl/EVS/Thesaurus.owl#C7150	0.93710673
http://snomed.info/id/44155009	http://ncicb.nci.nih.gov/xml/owl/EVS/Thesaurus.owl#C7368	0.94844872
http://snomed.info/id/441559006	http://ncicb.nci.nih.gov/xml/owl/EVS/Thesaurus.owl#C7306	0.96621925
http://snomed.info/id/442172002	http://ncicb.nci.nih.gov/xml/owl/EVS/Thesaurus.owl#C36031	1.0
http://snomed.info/id/442537007	http://ncicb.nci.nih.gov/xml/owl/EVS/Thesaurus.owl#C5051	0.91117615
http://snomed.info/id/442868003	http://ncicb.nci.nih.gov/xml/owl/EVS/Thesaurus.owl#C9343	0.9053418
http://snomed.info/id/443093007	http://ncicb.nci.nih.gov/xml/owl/EVS/Thesaurus.owl#C3295	1.0
http://snomed.info/id/443144000	http://ncicb.nci.nih.gov/xml/owl/EVS/Thesaurus.owl#C152076	1.0
http://snomed.info/id/443333004	http://ncicb.nci.nih.gov/xml/owl/EVS/Thesaurus.owl#C3222	1.0
http://snomed.info/id/443354006	http://ncicb.nci.nih.gov/xml/owl/EVS/Thesaurus.owl#C3017	0.98433656
http://snomed.info/id/443400005	http://ncicb.nci.nih.gov/xml/owl/EVS/Thesaurus.owl#C27509	0.92495477
http://snomed.info/id/44342003	http://ncicb.nci.nih.gov/xml/owl/EVS/Thesaurus.owl#C4115	0.97502565
http://snomed.info/id/443487006	http://ncicb.nci.nih.gov/xml/owl/EVS/Thesaurus.owl#C4337	1.0
http://snomed.info/id/443489009	http://ncicb.nci.nih.gov/xml/owl/EVS/Thesaurus.owl#C2946	0.98448581
http://snomed.info/id/443492008	http://ncicb.nci.nih.gov/xml/owl/EVS/Thesaurus.owl#C2915	1.0
http://snomed.info/id/443493003	http://ncicb.nci.nih.gov/xml/owl/EVS/Thesaurus.owl#C8925	0.98369688
http://snomed.info/id/443496006	http://ncicb.nci.nih.gov/xml/owl/EVS/Thesaurus.owl#C3007	0.91432661
http://snomed.info/id/443520009	http://ncicb.nci.nih.gov/xml/owl/EVS/Thesaurus.owl#C2946	1.0
http://snomed.info/id/443643007	http://ncicb.nci.nih.gov/xml/owl/EVS/Thesaurus.owl#C3017	1.0
http://snomed.info/id/443648003	http://ncicb.nci.nih.gov/xml/owl/EVS/Thesaurus.owl#C9337	0.98935008
http://snomed.info/id/443675005	http://ncicb.nci.nih.gov/xml/owl/EVS/Thesaurus.owl#C9309	1.0
http://snomed.info/id/443677002	http://ncicb.nci.nih.gov/xml/owl/EVS/Thesaurus.owl#C9309	0.98895764
http://snomed.info/id/443719001	http://ncicb.nci.nih.gov/xml/owl/EVS/Thesaurus.owl#C3158	1.0
http://snomed.info/id/443734007	http://ncicb.nci.nih.gov/xml/owl/EVS/Thesaurus.owl#C38458	1.0
http://snomed.info/id/443771009	http://ncicb.nci.nih.gov/xml/owl/EVS/Thesaurus.owl#C3411	0.98741335
http://snomed.info/id/443790001	http://ncicb.nci.nih.gov/xml/owl/EVS/Thesaurus.owl#C3055	1.0
http://snomed.info/id/443811009	http://ncicb.nci.nih.gov/xml/owl/EVS/Thesaurus.owl#C129295	0.97663718
http://snomed.info/id/443818003	http://ncicb.nci.nih.gov/xml/owl/EVS/Thesaurus.owl#C3275	0.97675925
http://snomed.info/id/443892003	http://ncicb.nci.nih.gov/xml/owl/EVS/Thesaurus.owl#C3275	1.0
http://snomed.info/id/443936004	http://ncicb.nci.nih.gov/xml/owl/EVS/Thesaurus.owl#C3288	1.0
http://snomed.info/id/443937008	http://ncicb.nci.nih.gov/xml/owl/EVS/Thesaurus.owl#C3903	1.0
http://snomed.info/id/444057000	http://ncicb.nci.nih.gov/xml/owl/EVS/Thesaurus.owl#C7688	0.9038859
http://snomed.info/id/444231005	http://ncicb.nci.nih.gov/xml/owl/EVS/Thesaurus.owl#C3411	1.0
http://snomed.info/id/444408007	http://ncicb.nci.nih.gov/xml/owl/EVS/Thesaurus.owl#C4133	1.0
http://snomed.info/id/444545003	http://ncicb.nci.nih.gov/xml/owl/EVS/Thesaurus.owl#C8501	0.90360445
http://snomed.info/id/444591006	http://ncicb.nci.nih.gov/xml/owl/EVS/Thesaurus.owl#C137839	0.97471845
http://snomed.info/id/444596001	http://ncicb.nci.nih.gov/xml/owl/EVS/Thesaurus.owl#C7612	1.0
http://snomed.info/id/444597005	http://ncicb.nci.nih.gov/xml/owl/EVS/Thesaurus.owl#C172844	0.90486747
http://snomed.info/id/444604002	http://ncicb.nci.nih.gov/xml/owl/EVS/Thesaurus.owl#C5160	0.90751529
http://snomed.info/id/444689005	http://ncicb.nci.nih.gov/xml/owl/EVS/Thesaurus.owl#C5140	0.93595499
http://snomed.info/id/444712000	http://ncicb.nci.nih.gov/xml/owl/EVS/Thesaurus.owl#C9131	0.97270846
http://snomed.info/id/444739008	http://ncicb.nci.nih.gov/xml/owl/EVS/Thesaurus.owl#C175949	0.9762798
http://snomed.info/id/444898006	http://ncicb.nci.nih.gov/xml/owl/EVS/Thesaurus.owl#C7041	0.98804158
http://snomed.info/id/444910004	http://ncicb.nci.nih.gov/xml/owl/EVS/Thesaurus.owl#C9280	1.0
http://snomed.info/id/444911000	http://ncicb.nci.nih.gov/xml/owl/EVS/Thesaurus.owl#C82403	0.97917002
http://snomed.info/id/445030005	http://ncicb.nci.nih.gov/xml/owl/EVS/Thesaurus.owl#C7203	1.0
http://snomed.info/id/445105005	http://ncicb.nci.nih.gov/xml/owl/EVS/Thesaurus.owl#C7203	1.0
http://snomed.info/id/445227008	http://ncicb.nci.nih.gov/xml/owl/EVS/Thesaurus.owl#C9233	1.0
http://snomed.info/id/445238008	http://ncicb.nci.nih.gov/xml/owl/EVS/Thesaurus.owl#C2915	0.95187104
http://snomed.info/id/44524009	http://ncicb.nci.nih.gov/xml/owl/EVS/Thesaurus.owl#C3233	1.0
http://snomed.info/id/445269007	http://ncicb.nci.nih.gov/xml/owl/EVS/Thesaurus.owl#C3898	0.97598886
http://snomed.info/id/44529004	http://ncicb.nci.nih.gov/xml/owl/EVS/Thesaurus.owl#C4325	1.0
http://snomed.info/id/445305001	http://ncicb.nci.nih.gov/xml/owl/EVS/Thesaurus.owl#C4750	0.99082178
http://snomed.info/id/445406001	http://ncicb.nci.nih.gov/xml/owl/EVS/Thesaurus.owl#C8459	1.0
http://snomed.info/id/445448008	http://ncicb.nci.nih.gov/xml/owl/EVS/Thesaurus.owl#C7600	1.0
http://snomed.info/id/445492005	http://ncicb.nci.nih.gov/xml/owl/EVS/Thesaurus.owl#C27509	0.99266064
http://snomed.info/id/445513004	http://ncicb.nci.nih.gov/xml/owl/EVS/Thesaurus.owl#C5432	1.0
http://snomed.info/id/445736006	http://ncicb.nci.nih.gov/xml/owl/EVS/Thesaurus.owl#C5806	0.9765383
http://snomed.info/id/445737002	http://ncicb.nci.nih.gov/xml/owl/EVS/Thesaurus.owl#C5811	0.97763109
http://snomed.info/id/445738007	http://ncicb.nci.nih.gov/xml/owl/EVS/Thesaurus.owl#C27262	0.99039507
http://snomed.info/id/44598004	http://ncicb.nci.nih.gov/xml/owl/EVS/Thesaurus.owl#C3157	0.96546894
http://snomed.info/id/446022000	http://ncicb.nci.nih.gov/xml/owl/EVS/Thesaurus.owl#C3552	0.92326927
http://snomed.info/id/446023005	http://ncicb.nci.nih.gov/xml/owl/EVS/Thesaurus.owl#C27125	1.0
http://snomed.info/id/446076000	http://ncicb.nci.nih.gov/xml/owl/EVS/Thesaurus.owl#C40338	0.90203577
http://snomed.info/id/446124001	http://ncicb.nci.nih.gov/xml/owl/EVS/Thesaurus.owl#C27430	0.97289926
http://snomed.info/id/446189008	http://ncicb.nci.nih.gov/xml/owl/EVS/Thesaurus.owl#C7483	0.9494862
http://snomed.info/id/446352002	http://ncicb.nci.nih.gov/xml/owl/EVS/Thesaurus.owl#C9006	0.95142651
http://snomed.info/id/446578007	http://ncicb.nci.nih.gov/xml/owl/EVS/Thesaurus.owl#C40219	0.94756109
http://snomed.info/id/446593006	http://ncicb.nci.nih.gov/xml/owl/EVS/Thesaurus.owl#C121845	1.0
http://snomed.info/id/446710005	http://ncicb.nci.nih.gov/xml/owl/EVS/Thesaurus.owl#C5542	1.0
http://snomed.info/id/446711009	http://ncicb.nci.nih.gov/xml/owl/EVS/Thesaurus.owl#C5541	1.0
http://snomed.info/id/446832006	http://ncicb.nci.nih.gov/xml/owl/EVS/Thesaurus.owl#C4927	0.97656572
http://snomed.info/id/446887007	http://ncicb.nci.nih.gov/xml/owl/EVS/Thesaurus.owl#C40217	0.912691
http://snomed.info/id/446939001	http://ncicb.nci.nih.gov/xml/owl/EVS/Thesaurus.owl#C5412	0.97984648
http://snomed.info/id/447084007	http://ncicb.nci.nih.gov/xml/owl/EVS/Thesaurus.owl#C96768	0.92294425
http://snomed.info/id/447100004	http://ncicb.nci.nih.gov/xml/owl/EVS/Thesaurus.owl#C4341	1.0
http://snomed.info/id/447137005	http://ncicb.nci.nih.gov/xml/owl/EVS/Thesaurus.owl#C6452	1.0
http://snomed.info/id/447147008	http://ncicb.nci.nih.gov/xml/owl/EVS/Thesaurus.owl#C27094	0.94677281
http://snomed.info/id/447205003	http://ncicb.nci.nih.gov/xml/owl/EVS/Thesaurus.owl#C3734	0.92303371
http://snomed.info/id/447206002	http://ncicb.nci.nih.gov/xml/owl/EVS/Thesaurus.owl#C96770	0.907704
http://snomed.info/id/447240002	http://ncicb.nci.nih.gov/xml/owl/EVS/Thesaurus.owl#C27780	1.0
http://snomed.info/id/447249001	http://ncicb.nci.nih.gov/xml/owl/EVS/Thesaurus.owl#C4927	0.97656572
http://snomed.info/id/447251002	http://ncicb.nci.nih.gov/xml/owl/EVS/Thesaurus.owl#C4473	1.0
http://snomed.info/id/447389009	http://ncicb.nci.nih.gov/xml/owl/EVS/Thesaurus.owl#C6340	0.97470695
http://snomed.info/id/447390000	http://ncicb.nci.nih.gov/xml/owl/EVS/Thesaurus.owl#C6336	0.93885475
http://snomed.info/id/447416008	http://ncicb.nci.nih.gov/xml/owl/EVS/Thesaurus.owl#C7109	0.91576445
http://snomed.info/id/447420007	http://ncicb.nci.nih.gov/xml/owl/EVS/Thesaurus.owl#C8961	1.0
http://snomed.info/id/447596005	http://ncicb.nci.nih.gov/xml/owl/EVS/Thesaurus.owl#C27780	1.0
http://snomed.info/id/447643008	http://ncicb.nci.nih.gov/xml/owl/EVS/Thesaurus.owl#C95599	0.91012192
http://snomed.info/id/447644002	http://ncicb.nci.nih.gov/xml/owl/EVS/Thesaurus.owl#C66772	1.0
http://snomed.info/id/447730004	http://ncicb.nci.nih.gov/xml/owl/EVS/Thesaurus.owl#C129927	0.95475966
http://snomed.info/id/447732007	http://ncicb.nci.nih.gov/xml/owl/EVS/Thesaurus.owl#C6713	0.95994377
http://snomed.info/id/447765004	http://ncicb.nci.nih.gov/xml/owl/EVS/Thesaurus.owl#C39859	0.97485656
http://snomed.info/id/447781009	http://ncicb.nci.nih.gov/xml/owl/EVS/Thesaurus.owl#C3538	0.91736704
http://snomed.info/id/447785000	http://ncicb.nci.nih.gov/xml/owl/EVS/Thesaurus.owl#C27200	0.97575188
http://snomed.info/id/447792005	http://ncicb.nci.nih.gov/xml/owl/EVS/Thesaurus.owl#C2946	0.96660072
http://snomed.info/id/447799001	http://ncicb.nci.nih.gov/xml/owl/EVS/Thesaurus.owl#C3877	0.93226588
http://snomed.info/id/447804006	http://ncicb.nci.nih.gov/xml/owl/EVS/Thesaurus.owl#C3158	0.96525282
http://snomed.info/id/447882007	http://ncicb.nci.nih.gov/xml/owl/EVS/Thesaurus.owl#C7502	0.94850242
http://snomed.info/id/447883002	http://ncicb.nci.nih.gov/xml/owl/EVS/Thesaurus.owl#C3574	0.90537119
http://snomed.info/id/447885009	http://ncicb.nci.nih.gov/xml/owl/EVS/Thesaurus.owl#C157652	0.95560539
http://snomed.info/id/447888006	http://ncicb.nci.nih.gov/xml/owl/EVS/Thesaurus.owl#C40409	0.98892164
http://snomed.info/id/447893009	http://ncicb.nci.nih.gov/xml/owl/EVS/Thesaurus.owl#C6211	0.94341075
http://snomed.info/id/447951009	http://ncicb.nci.nih.gov/xml/owl/EVS/Thesaurus.owl#C4835	0.91697329
http://snomed.info/id/448015002	http://ncicb.nci.nih.gov/xml/owl/EVS/Thesaurus.owl#C170736	1.0
http://snomed.info/id/448135004	http://ncicb.nci.nih.gov/xml/owl/EVS/Thesaurus.owl#C6753	0.94204259
http://snomed.info/id/448136003	http://ncicb.nci.nih.gov/xml/owl/EVS/Thesaurus.owl#C173892	0.97056282
http://snomed.info/id/448139005	http://ncicb.nci.nih.gov/xml/owl/EVS/Thesaurus.owl#C6605	0.92923373
http://snomed.info/id/448147005	http://ncicb.nci.nih.gov/xml/owl/EVS/Thesaurus.owl#C5819	0.95952666
http://snomed.info/id/448148000	http://ncicb.nci.nih.gov/xml/owl/EVS/Thesaurus.owl#C7047	0.9899022
http://snomed.info/id/448212009	http://ncicb.nci.nih.gov/xml/owl/EVS/Thesaurus.owl#C37194	0.93475819
http://snomed.info/id/448214005	http://ncicb.nci.nih.gov/xml/owl/EVS/Thesaurus.owl#C7398	0.90864879
http://snomed.info/id/448215006	http://ncicb.nci.nih.gov/xml/owl/EVS/Thesaurus.owl#C7525	0.96171218
http://snomed.info/id/448216007	http://ncicb.nci.nih.gov/xml/owl/EVS/Thesaurus.owl#C7510	0.9421581
http://snomed.info/id/448217003	http://ncicb.nci.nih.gov/xml/owl/EVS/Thesaurus.owl#C161603	0.9226355
http://snomed.info/id/448220006	http://ncicb.nci.nih.gov/xml/owl/EVS/Thesaurus.owl#C121930	0.91632235
http://snomed.info/id/448229007	http://ncicb.nci.nih.gov/xml/owl/EVS/Thesaurus.owl#C5334	0.91961926
http://snomed.info/id/448233000	http://ncicb.nci.nih.gov/xml/owl/EVS/Thesaurus.owl#C9297	0.97956598
http://snomed.info/id/448250003	http://ncicb.nci.nih.gov/xml/owl/EVS/Thesaurus.owl#C6753	0.90277028
http://snomed.info/id/448254007	http://ncicb.nci.nih.gov/xml/owl/EVS/Thesaurus.owl#C114779	0.96019608
http://snomed.info/id/448270009	http://ncicb.nci.nih.gov/xml/owl/EVS/Thesaurus.owl#C6719	0.98796701
http://snomed.info/id/448273006	http://ncicb.nci.nih.gov/xml/owl/EVS/Thesaurus.owl#C7361	0.9255814
http://snomed.info/id/448298007	http://ncicb.nci.nih.gov/xml/owl/EVS/Thesaurus.owl#C162547	0.91360253
http://snomed.info/id/448300007	http://ncicb.nci.nih.gov/xml/owl/EVS/Thesaurus.owl#C40329	0.94793493
http://snomed.info/id/448314007	http://ncicb.nci.nih.gov/xml/owl/EVS/Thesaurus.owl#C3572	0.9309752
http://snomed.info/id/448315008	http://ncicb.nci.nih.gov/xml/owl/EVS/Thesaurus.owl#C7379	0.90737355
http://snomed.info/id/448372003	http://ncicb.nci.nih.gov/xml/owl/EVS/Thesaurus.owl#C5684	0.91491246
http://snomed.info/id/448401007	http://ncicb.nci.nih.gov/xml/owl/EVS/Thesaurus.owl#C8893	0.96139944
http://snomed.info/id/448428002	http://ncicb.nci.nih.gov/xml/owl/EVS/Thesaurus.owl#C5620	0.97133565
http://snomed.info/id/448509007	http://ncicb.nci.nih.gov/xml/owl/EVS/Thesaurus.owl#C7484	0.91159445
http://snomed.info/id/448546006	http://ncicb.nci.nih.gov/xml/owl/EVS/Thesaurus.owl#C6875	0.91690952
http://snomed.info/id/448554008	http://ncicb.nci.nih.gov/xml/owl/EVS/Thesaurus.owl#C3194	0.92834574
http://snomed.info/id/448563005	http://ncicb.nci.nih.gov/xml/owl/EVS/Thesaurus.owl#C4009	0.94260859
http://snomed.info/id/448610006	http://ncicb.nci.nih.gov/xml/owl/EVS/Thesaurus.owl#C7053	0.95845741
http://snomed.info/id/448664009	http://ncicb.nci.nih.gov/xml/owl/EVS/Thesaurus.owl#C7523	0.96238279
http://snomed.info/id/448665005	http://ncicb.nci.nih.gov/xml/owl/EVS/Thesaurus.owl#C7190	0.96976221
http://snomed.info/id/448668007	http://ncicb.nci.nih.gov/xml/owl/EVS/Thesaurus.owl#C35178	0.9218241
http://snomed.info/id/448675008	http://ncicb.nci.nih.gov/xml/owl/EVS/Thesaurus.owl#C4890	0.99211574
http://snomed.info/id/448708002	http://ncicb.nci.nih.gov/xml/owl/EVS/Thesaurus.owl#C3355	0.9889518
http://snomed.info/id/448710000	http://ncicb.nci.nih.gov/xml/owl/EVS/Thesaurus.owl#C9312	0.97980094
http://snomed.info/id/448863000	http://ncicb.nci.nih.gov/xml/owl/EVS/Thesaurus.owl#C3573	0.95135128
http://snomed.info/id/448864006	http://ncicb.nci.nih.gov/xml/owl/EVS/Thesaurus.owl#C7543	0.95528448
http://snomed.info/id/448865007	http://ncicb.nci.nih.gov/xml/owl/EVS/Thesaurus.owl#C7218	0.94271499
http://snomed.info/id/448930008	http://ncicb.nci.nih.gov/xml/owl/EVS/Thesaurus.owl#C8192	0.92026079
http://snomed.info/id/448954003	http://ncicb.nci.nih.gov/xml/owl/EVS/Thesaurus.owl#C7507	0.93153685
http://snomed.info/id/448989001	http://ncicb.nci.nih.gov/xml/owl/EVS/Thesaurus.owl#C3568	0.91925091
http://snomed.info/id/448990005	http://ncicb.nci.nih.gov/xml/owl/EVS/Thesaurus.owl#C4918	0.9596799
http://snomed.info/id/448992002	http://ncicb.nci.nih.gov/xml/owl/EVS/Thesaurus.owl#C9333	0.95608824
http://snomed.info/id/448993007	http://ncicb.nci.nih.gov/xml/owl/EVS/Thesaurus.owl#C7377	0.93525207
http://snomed.info/id/449034009	http://ncicb.nci.nih.gov/xml/owl/EVS/Thesaurus.owl#C9318	0.92833835
http://snomed.info/id/449052009	http://ncicb.nci.nih.gov/xml/owl/EVS/Thesaurus.owl#C6382	0.94114113
http://snomed.info/id/449072004	http://ncicb.nci.nih.gov/xml/owl/EVS/Thesaurus.owl#C38162	0.93524873
http://snomed.info/id/449073009	http://ncicb.nci.nih.gov/xml/owl/EVS/Thesaurus.owl#C3556	0.90849805
http://snomed.info/id/449074003	http://ncicb.nci.nih.gov/xml/owl/EVS/Thesaurus.owl#C4007	0.94510883
http://snomed.info/id/449096009	http://ncicb.nci.nih.gov/xml/owl/EVS/Thesaurus.owl#C4571	0.9893918
http://snomed.info/id/449108003	http://ncicb.nci.nih.gov/xml/owl/EVS/Thesaurus.owl#C9128	0.96288365
http://snomed.info/id/449156009	http://ncicb.nci.nih.gov/xml/owl/EVS/Thesaurus.owl#C9318	0.96065903
http://snomed.info/id/449220000	http://ncicb.nci.nih.gov/xml/owl/EVS/Thesaurus.owl#C7264	0.91482872
http://snomed.info/id/449221001	http://ncicb.nci.nih.gov/xml/owl/EVS/Thesaurus.owl#C71720	0.90566528
http://snomed.info/id/449248000	http://ncicb.nci.nih.gov/xml/owl/EVS/Thesaurus.owl#C3871	1.0
http://snomed.info/id/449253005	http://ncicb.nci.nih.gov/xml/owl/EVS/Thesaurus.owl#C175539	0.90350664
http://snomed.info/id/449254004	http://ncicb.nci.nih.gov/xml/owl/EVS/Thesaurus.owl#C7545	0.91764677
http://snomed.info/id/449257006	http://ncicb.nci.nih.gov/xml/owl/EVS/Thesaurus.owl#C3635	0.94394636
http://snomed.info/id/449259009	http://ncicb.nci.nih.gov/xml/owl/EVS/Thesaurus.owl#C126498	0.90134317
http://snomed.info/id/449292003	http://ncicb.nci.nih.gov/xml/owl/EVS/Thesaurus.owl#C5918	0.90213621
http://snomed.info/id/449293008	http://ncicb.nci.nih.gov/xml/owl/EVS/Thesaurus.owl#C9306	0.91753131
http://snomed.info/id/449309003	http://ncicb.nci.nih.gov/xml/owl/EVS/Thesaurus.owl#C3560	0.92242551
http://snomed.info/id/449318001	http://ncicb.nci.nih.gov/xml/owl/EVS/Thesaurus.owl#C5534	0.91952467
http://snomed.info/id/449386007	http://ncicb.nci.nih.gov/xml/owl/EVS/Thesaurus.owl#C27361	0.97783399
http://snomed.info/id/449410007	http://ncicb.nci.nih.gov/xml/owl/EVS/Thesaurus.owl#C5620	0.91930509
http://snomed.info/id/449418000	http://ncicb.nci.nih.gov/xml/owl/EVS/Thesaurus.owl#C150589	0.91191572
http://snomed.info/id/449419008	http://ncicb.nci.nih.gov/xml/owl/EVS/Thesaurus.owl#C80298	0.92938399
http://snomed.info/id/449420002	http://ncicb.nci.nih.gov/xml/owl/EVS/Thesaurus.owl#C3569	0.9459219
http://snomed.info/id/449487002	http://ncicb.nci.nih.gov/xml/owl/EVS/Thesaurus.owl#C35178	0.90765017
http://snomed.info/id/449732002	http://ncicb.nci.nih.gov/xml/owl/EVS/Thesaurus.owl#C3148	0.90116739
http://snomed.info/id/449799008	http://ncicb.nci.nih.gov/xml/owl/EVS/Thesaurus.owl#C3696	1.0
http://snomed.info/id/449801006	http://ncicb.nci.nih.gov/xml/owl/EVS/Thesaurus.owl#C3618	0.90341675
http://snomed.info/id/45024009	http://ncicb.nci.nih.gov/xml/owl/EVS/Thesaurus.owl#C3728	1.0
http://snomed.info/id/450595003	http://ncicb.nci.nih.gov/xml/owl/EVS/Thesaurus.owl#C8335	1.0
http://snomed.info/id/450697004	http://ncicb.nci.nih.gov/xml/owl/EVS/Thesaurus.owl#C4730	0.97707415
http://snomed.info/id/45083001	http://ncicb.nci.nih.gov/xml/owl/EVS/Thesaurus.owl#C3842	1.0
http://snomed.info/id/450890000	http://ncicb.nci.nih.gov/xml/owl/EVS/Thesaurus.owl#C7661	1.0
http://snomed.info/id/450891001	http://ncicb.nci.nih.gov/xml/owl/EVS/Thesaurus.owl#C94759	0.97927105
http://snomed.info/id/450894009	http://ncicb.nci.nih.gov/xml/owl/EVS/Thesaurus.owl#C166418	0.98611456
http://snomed.info/id/450895005	http://ncicb.nci.nih.gov/xml/owl/EVS/Thesaurus.owl#C164144	1.0
http://snomed.info/id/450896006	http://ncicb.nci.nih.gov/xml/owl/EVS/Thesaurus.owl#C42598	0.97386926
http://snomed.info/id/450897002	http://ncicb.nci.nih.gov/xml/owl/EVS/Thesaurus.owl#C95458	0.91264272
http://snomed.info/id/450899004	http://ncicb.nci.nih.gov/xml/owl/EVS/Thesaurus.owl#C92624	0.99185264
http://snomed.info/id/450900009	http://ncicb.nci.nih.gov/xml/owl/EVS/Thesaurus.owl#C92552	1.0
http://snomed.info/id/450901008	http://ncicb.nci.nih.gov/xml/owl/EVS/Thesaurus.owl#C94524	1.0
http://snomed.info/id/450902001	http://ncicb.nci.nih.gov/xml/owl/EVS/Thesaurus.owl#C92554	1.0
http://snomed.info/id/450906003	http://ncicb.nci.nih.gov/xml/owl/EVS/Thesaurus.owl#C80373	0.94566363
http://snomed.info/id/450908002	http://ncicb.nci.nih.gov/xml/owl/EVS/Thesaurus.owl#C45340	1.0
http://snomed.info/id/450909005	http://ncicb.nci.nih.gov/xml/owl/EVS/Thesaurus.owl#C7224	1.0
http://snomed.info/id/450910000	http://ncicb.nci.nih.gov/xml/owl/EVS/Thesaurus.owl#C7225	0.9055568
http://snomed.info/id/450911001	http://ncicb.nci.nih.gov/xml/owl/EVS/Thesaurus.owl#C27856	0.94221157
http://snomed.info/id/450912008	http://ncicb.nci.nih.gov/xml/owl/EVS/Thesaurus.owl#C81758	1.0
http://snomed.info/id/450913003	http://ncicb.nci.nih.gov/xml/owl/EVS/Thesaurus.owl#C82179	1.0
http://snomed.info/id/450914009	http://ncicb.nci.nih.gov/xml/owl/EVS/Thesaurus.owl#C82192	0.99563837
http://snomed.info/id/450915005	http://ncicb.nci.nih.gov/xml/owl/EVS/Thesaurus.owl#C82203	0.99644464
http://snomed.info/id/450916006	http://ncicb.nci.nih.gov/xml/owl/EVS/Thesaurus.owl#C82212	0.97356957
http://snomed.info/id/450917002	http://ncicb.nci.nih.gov/xml/owl/EVS/Thesaurus.owl#C82213	0.9724139
http://snomed.info/id/450920005	http://ncicb.nci.nih.gov/xml/owl/EVS/Thesaurus.owl#C80326	0.98067021
http://snomed.info/id/450928003	http://ncicb.nci.nih.gov/xml/owl/EVS/Thesaurus.owl#C82423	0.99443883
http://snomed.info/id/450935006	http://ncicb.nci.nih.gov/xml/owl/EVS/Thesaurus.owl#C43223	1.0
http://snomed.info/id/450937003	http://ncicb.nci.nih.gov/xml/owl/EVS/Thesaurus.owl#C82427	0.9916718
http://snomed.info/id/450946009	http://ncicb.nci.nih.gov/xml/owl/EVS/Thesaurus.owl#C82593	1.0
http://snomed.info/id/450947000	http://ncicb.nci.nih.gov/xml/owl/EVS/Thesaurus.owl#C82594	1.0
http://snomed.info/id/450948005	http://ncicb.nci.nih.gov/xml/owl/EVS/Thesaurus.owl#C96485	0.93195128
http://snomed.info/id/450949002	http://ncicb.nci.nih.gov/xml/owl/EVS/Thesaurus.owl#C80326	0.96373832
http://snomed.info/id/450950002	http://ncicb.nci.nih.gov/xml/owl/EVS/Thesaurus.owl#C80331	0.99041635
http://snomed.info/id/450951003	http://ncicb.nci.nih.gov/xml/owl/EVS/Thesaurus.owl#C80332	0.97819781
http://snomed.info/id/450952005	http://ncicb.nci.nih.gov/xml/owl/EVS/Thesaurus.owl#C80334	0.94461119
http://snomed.info/id/450953000	http://ncicb.nci.nih.gov/xml/owl/EVS/Thesaurus.owl#C80335	1.0
http://snomed.info/id/450954006	http://ncicb.nci.nih.gov/xml/owl/EVS/Thesaurus.owl#C80338	0.97020805
http://snomed.info/id/450955007	http://ncicb.nci.nih.gov/xml/owl/EVS/Thesaurus.owl#C80340	0.98107713
http://snomed.info/id/450956008	http://ncicb.nci.nih.gov/xml/owl/EVS/Thesaurus.owl#C80341	1.0
http://snomed.info/id/450958009	http://ncicb.nci.nih.gov/xml/owl/EVS/Thesaurus.owl#C3461	0.92858052
http://snomed.info/id/450959001	http://ncicb.nci.nih.gov/xml/owl/EVS/Thesaurus.owl#C9496	1.0
http://snomed.info/id/451501000124108	http://ncicb.nci.nih.gov/xml/owl/EVS/Thesaurus.owl#C3780	0.90011138
http://snomed.info/id/452241000124100	http://ncicb.nci.nih.gov/xml/owl/EVS/Thesaurus.owl#C4813	0.99088681
http://snomed.info/id/45410002	http://ncicb.nci.nih.gov/xml/owl/EVS/Thesaurus.owl#C3768	1.0
http://snomed.info/id/454521000124101	http://ncicb.nci.nih.gov/xml/owl/EVS/Thesaurus.owl#C165469	0.92526591
http://snomed.info/id/45490001	http://ncicb.nci.nih.gov/xml/owl/EVS/Thesaurus.owl#C65173	0.96472025
http://snomed.info/id/4553004	http://ncicb.nci.nih.gov/xml/owl/EVS/Thesaurus.owl#C3795	0.92006099
http://snomed.info/id/45572000	http://ncicb.nci.nih.gov/xml/owl/EVS/Thesaurus.owl#C7165	0.95039672
http://snomed.info/id/455733521000119103	http://ncicb.nci.nih.gov/xml/owl/EVS/Thesaurus.owl#C133252	0.91462165
http://snomed.info/id/457711000124107	http://ncicb.nci.nih.gov/xml/owl/EVS/Thesaurus.owl#C165537	1.0
http://snomed.info/id/457721000124104	http://ncicb.nci.nih.gov/xml/owl/EVS/Thesaurus.owl#C156094	0.97931832
http://snomed.info/id/458321000124102	http://ncicb.nci.nih.gov/xml/owl/EVS/Thesaurus.owl#C126109	1.0
http://snomed.info/id/4584002	http://ncicb.nci.nih.gov/xml/owl/EVS/Thesaurus.owl#C2928	1.0
http://snomed.info/id/45881000	http://ncicb.nci.nih.gov/xml/owl/EVS/Thesaurus.owl#C65195	1.0
http://snomed.info/id/4590003	http://ncicb.nci.nih.gov/xml/owl/EVS/Thesaurus.owl#C4124	1.0
http://snomed.info/id/459371000124108	http://ncicb.nci.nih.gov/xml/owl/EVS/Thesaurus.owl#C150577	0.90437716
http://snomed.info/id/459421000124101	http://ncicb.nci.nih.gov/xml/owl/EVS/Thesaurus.owl#C162549	0.96356708
http://snomed.info/id/461311000124107	http://ncicb.nci.nih.gov/xml/owl/EVS/Thesaurus.owl#C8836	1.0
http://snomed.info/id/461371000124103	http://ncicb.nci.nih.gov/xml/owl/EVS/Thesaurus.owl#C7833	0.98965317
http://snomed.info/id/461511000124101	http://ncicb.nci.nih.gov/xml/owl/EVS/Thesaurus.owl#C156771	0.99432749
http://snomed.info/id/46199002	http://ncicb.nci.nih.gov/xml/owl/EVS/Thesaurus.owl#C4113	1.0
http://snomed.info/id/46212000	http://ncicb.nci.nih.gov/xml/owl/EVS/Thesaurus.owl#C4276	0.94425756
http://snomed.info/id/4631006	http://ncicb.nci.nih.gov/xml/owl/EVS/Thesaurus.owl#C65192	1.0
http://snomed.info/id/46580000	http://ncicb.nci.nih.gov/xml/owl/EVS/Thesaurus.owl#C4118	0.93101388
http://snomed.info/id/46585005	http://ncicb.nci.nih.gov/xml/owl/EVS/Thesaurus.owl#C66750	1.0
http://snomed.info/id/46732000	http://ncicb.nci.nih.gov/xml/owl/EVS/Thesaurus.owl#C80280	0.95721549
http://snomed.info/id/46744002	http://ncicb.nci.nih.gov/xml/owl/EVS/Thesaurus.owl#C3465	1.0
http://snomed.info/id/47014000	http://ncicb.nci.nih.gov/xml/owl/EVS/Thesaurus.owl#C3972	0.97962266
http://snomed.info/id/472827002	http://ncicb.nci.nih.gov/xml/owl/EVS/Thesaurus.owl#C128637	1.0
http://snomed.info/id/47299001	http://ncicb.nci.nih.gov/xml/owl/EVS/Thesaurus.owl#C4136	1.0
http://snomed.info/id/473418001	http://ncicb.nci.nih.gov/xml/owl/EVS/Thesaurus.owl#C38342	0.92887312
http://snomed.info/id/47620003	http://ncicb.nci.nih.gov/xml/owl/EVS/Thesaurus.owl#C2972	1.0
http://snomed.info/id/47623001	http://ncicb.nci.nih.gov/xml/owl/EVS/Thesaurus.owl#C4242	0.98582017
http://snomed.info/id/47669001	http://ncicb.nci.nih.gov/xml/owl/EVS/Thesaurus.owl#C3085	0.90111881
http://snomed.info/id/4797003	http://ncicb.nci.nih.gov/xml/owl/EVS/Thesaurus.owl#C2853	1.0
http://snomed.info/id/48218007	http://ncicb.nci.nih.gov/xml/owl/EVS/Thesaurus.owl#C4101	1.0
http://snomed.info/id/48897006	http://ncicb.nci.nih.gov/xml/owl/EVS/Thesaurus.owl#C4257	1.0
http://snomed.info/id/48952003	http://ncicb.nci.nih.gov/xml/owl/EVS/Thesaurus.owl#C4324	1.0
http://snomed.info/id/49043004	http://ncicb.nci.nih.gov/xml/owl/EVS/Thesaurus.owl#C54317	1.0
http://snomed.info/id/4935000	http://ncicb.nci.nih.gov/xml/owl/EVS/Thesaurus.owl#C8376	1.0
http://snomed.info/id/49409001	http://ncicb.nci.nih.gov/xml/owl/EVS/Thesaurus.owl#C3901	1.0
http://snomed.info/id/49430005	http://ncicb.nci.nih.gov/xml/owl/EVS/Thesaurus.owl#C3194	0.96241349
http://snomed.info/id/49465005	http://ncicb.nci.nih.gov/xml/owl/EVS/Thesaurus.owl#C3926	1.0
http://snomed.info/id/4950009	http://ncicb.nci.nih.gov/xml/owl/EVS/Thesaurus.owl#C3366	0.91690284
http://snomed.info/id/4977000	http://ncicb.nci.nih.gov/xml/owl/EVS/Thesaurus.owl#C5193	0.90052462
http://snomed.info/id/49783001	http://ncicb.nci.nih.gov/xml/owl/EVS/Thesaurus.owl#C3311	1.0
http://snomed.info/id/49937004	http://ncicb.nci.nih.gov/xml/owl/EVS/Thesaurus.owl#C9087	0.96815401
http://snomed.info/id/50007008	http://ncicb.nci.nih.gov/xml/owl/EVS/Thesaurus.owl#C2947	1.0
http://snomed.info/id/50102004	http://ncicb.nci.nih.gov/xml/owl/EVS/Thesaurus.owl#C3463	0.9290868
http://snomed.info/id/5014008	http://ncicb.nci.nih.gov/xml/owl/EVS/Thesaurus.owl#C4212	1.0
http://snomed.info/id/50150000	http://ncicb.nci.nih.gov/xml/owl/EVS/Thesaurus.owl#C8991	1.0
http://snomed.info/id/5052009	http://ncicb.nci.nih.gov/xml/owl/EVS/Thesaurus.owl#C9231	1.0
http://snomed.info/id/50813003	http://ncicb.nci.nih.gov/xml/owl/EVS/Thesaurus.owl#C66756	1.0
http://snomed.info/id/50923006	http://ncicb.nci.nih.gov/xml/owl/EVS/Thesaurus.owl#C3976	0.96266401
http://snomed.info/id/50978000	http://ncicb.nci.nih.gov/xml/owl/EVS/Thesaurus.owl#C3186	1.0
http://snomed.info/id/51092000	http://ncicb.nci.nih.gov/xml/owl/EVS/Thesaurus.owl#C27911	0.95956659
http://snomed.info/id/511008	http://ncicb.nci.nih.gov/xml/owl/EVS/Thesaurus.owl#C4330	1.0
http://snomed.info/id/51217003	http://ncicb.nci.nih.gov/xml/owl/EVS/Thesaurus.owl#C114109	0.96665561
http://snomed.info/id/51319002	http://ncicb.nci.nih.gov/xml/owl/EVS/Thesaurus.owl#C7727	0.96654534
http://snomed.info/id/51398009	http://ncicb.nci.nih.gov/xml/owl/EVS/Thesaurus.owl#C3075	1.0
http://snomed.info/id/51549004	http://ncicb.nci.nih.gov/xml/owl/EVS/Thesaurus.owl#C3158	0.97019178
http://snomed.info/id/51608009	http://ncicb.nci.nih.gov/xml/owl/EVS/Thesaurus.owl#C3783	1.0
http://snomed.info/id/51617009	http://ncicb.nci.nih.gov/xml/owl/EVS/Thesaurus.owl#C4144	1.0
http://snomed.info/id/51642000	http://ncicb.nci.nih.gov/xml/owl/EVS/Thesaurus.owl#C4123	1.0
http://snomed.info/id/51697005	http://ncicb.nci.nih.gov/xml/owl/EVS/Thesaurus.owl#C3075	0.93635935
http://snomed.info/id/51747000	http://ncicb.nci.nih.gov/xml/owl/EVS/Thesaurus.owl#C3309	1.0
http://snomed.info/id/51757004	http://ncicb.nci.nih.gov/xml/owl/EVS/Thesaurus.owl#C37257	0.97077376
http://snomed.info/id/51793002	http://ncicb.nci.nih.gov/xml/owl/EVS/Thesaurus.owl#C4293	1.0
http://snomed.info/id/52040006	http://ncicb.nci.nih.gov/xml/owl/EVS/Thesaurus.owl#C4244	1.0
http://snomed.info/id/52178006	http://ncicb.nci.nih.gov/xml/owl/EVS/Thesaurus.owl#C3828	1.0
http://snomed.info/id/52205002	http://ncicb.nci.nih.gov/xml/owl/EVS/Thesaurus.owl#C4217	1.0
http://snomed.info/id/52220008	http://ncicb.nci.nih.gov/xml/owl/EVS/Thesaurus.owl#C3170	0.99000454
http://snomed.info/id/52248008	http://ncicb.nci.nih.gov/xml/owl/EVS/Thesaurus.owl#C3518	0.94489264
http://snomed.info/id/52299001	http://ncicb.nci.nih.gov/xml/owl/EVS/Thesaurus.owl#C3295	1.0
http://snomed.info/id/52399003	http://ncicb.nci.nih.gov/xml/owl/EVS/Thesaurus.owl#C66764	1.0
http://snomed.info/id/5244003	http://ncicb.nci.nih.gov/xml/owl/EVS/Thesaurus.owl#C3785	1.0
http://snomed.info/id/52707009	http://ncicb.nci.nih.gov/xml/owl/EVS/Thesaurus.owl#C6088	1.0
http://snomed.info/id/52967002	http://ncicb.nci.nih.gov/xml/owl/EVS/Thesaurus.owl#C3248	1.0
http://snomed.info/id/53305005	http://ncicb.nci.nih.gov/xml/owl/EVS/Thesaurus.owl#C66761	1.0
http://snomed.info/id/53530009	http://ncicb.nci.nih.gov/xml/owl/EVS/Thesaurus.owl#C4116	0.92156464
http://snomed.info/id/5356000	http://ncicb.nci.nih.gov/xml/owl/EVS/Thesaurus.owl#C8374	1.0
http://snomed.info/id/53618008	http://ncicb.nci.nih.gov/xml/owl/EVS/Thesaurus.owl#C4265	1.0
http://snomed.info/id/53633000	http://ncicb.nci.nih.gov/xml/owl/EVS/Thesaurus.owl#C7755	0.97728741
http://snomed.info/id/53654007	http://ncicb.nci.nih.gov/xml/owl/EVS/Thesaurus.owl#C3043	1.0
http://snomed.info/id/53801007	http://ncicb.nci.nih.gov/xml/owl/EVS/Thesaurus.owl#C3049	1.0
http://snomed.info/id/53880006	http://ncicb.nci.nih.gov/xml/owl/EVS/Thesaurus.owl#C4300	1.0
http://snomed.info/id/53968002	http://ncicb.nci.nih.gov/xml/owl/EVS/Thesaurus.owl#C67155	1.0
http://snomed.info/id/54087003	http://ncicb.nci.nih.gov/xml/owl/EVS/Thesaurus.owl#C7402	1.0
http://snomed.info/id/54124005	http://ncicb.nci.nih.gov/xml/owl/EVS/Thesaurus.owl#C3800	0.93391794
http://snomed.info/id/54249004	http://ncicb.nci.nih.gov/xml/owl/EVS/Thesaurus.owl#C3699	1.0
http://snomed.info/id/54292009	http://ncicb.nci.nih.gov/xml/owl/EVS/Thesaurus.owl#C2860	1.0
http://snomed.info/id/54482004	http://ncicb.nci.nih.gov/xml/owl/EVS/Thesaurus.owl#C4203	0.93935019
http://snomed.info/id/54666007	http://ncicb.nci.nih.gov/xml/owl/EVS/Thesaurus.owl#C4019	0.97878593
http://snomed.info/id/54734006	http://ncicb.nci.nih.gov/xml/owl/EVS/Thesaurus.owl#C40310	0.93562734
http://snomed.info/id/55020008	http://ncicb.nci.nih.gov/xml/owl/EVS/Thesaurus.owl#C8968	1.0
http://snomed.info/id/55021007	http://ncicb.nci.nih.gov/xml/owl/EVS/Thesaurus.owl#C3502	0.9002645
http://snomed.info/id/55094006	http://ncicb.nci.nih.gov/xml/owl/EVS/Thesaurus.owl#C4320	1.0
http://snomed.info/id/55150002	http://ncicb.nci.nih.gov/xml/owl/EVS/Thesaurus.owl#C3209	1.0
http://snomed.info/id/55310007	http://ncicb.nci.nih.gov/xml/owl/EVS/Thesaurus.owl#C34826	1.0
http://snomed.info/id/55333008	http://ncicb.nci.nih.gov/xml/owl/EVS/Thesaurus.owl#C3294	1.0
http://snomed.info/id/55342001	http://ncicb.nci.nih.gov/xml/owl/EVS/Thesaurus.owl#C3262	0.92773211
http://snomed.info/id/55353007	http://ncicb.nci.nih.gov/xml/owl/EVS/Thesaurus.owl#C9477	1.0
http://snomed.info/id/55681005	http://ncicb.nci.nih.gov/xml/owl/EVS/Thesaurus.owl#C7580	1.0
http://snomed.info/id/55937004	http://ncicb.nci.nih.gov/xml/owl/EVS/Thesaurus.owl#C3809	0.98176521
http://snomed.info/id/5601000119107	http://ncicb.nci.nih.gov/xml/owl/EVS/Thesaurus.owl#C3187	0.95205373
http://snomed.info/id/56364004	http://ncicb.nci.nih.gov/xml/owl/EVS/Thesaurus.owl#C3942	1.0
http://snomed.info/id/5645008	http://ncicb.nci.nih.gov/xml/owl/EVS/Thesaurus.owl#C121688	1.0
http://snomed.info/id/56468002	http://ncicb.nci.nih.gov/xml/owl/EVS/Thesaurus.owl#C4296	1.0
http://snomed.info/id/56484001	http://ncicb.nci.nih.gov/xml/owl/EVS/Thesaurus.owl#C7683	1.0
http://snomed.info/id/56565002	http://ncicb.nci.nih.gov/xml/owl/EVS/Thesaurus.owl#C3737	1.0
http://snomed.info/id/5658009	http://ncicb.nci.nih.gov/xml/owl/EVS/Thesaurus.owl#C4145	1.0
http://snomed.info/id/56665009	http://ncicb.nci.nih.gov/xml/owl/EVS/Thesaurus.owl#C27539	0.9533692
http://snomed.info/id/5688000	http://ncicb.nci.nih.gov/xml/owl/EVS/Thesaurus.owl#C65176	1.0
http://snomed.info/id/56944001	http://ncicb.nci.nih.gov/xml/owl/EVS/Thesaurus.owl#C8320	0.95328629
http://snomed.info/id/57141000	http://ncicb.nci.nih.gov/xml/owl/EVS/Thesaurus.owl#C4202	0.955221
http://snomed.info/id/57158005	http://ncicb.nci.nih.gov/xml/owl/EVS/Thesaurus.owl#C3978	0.96859658
http://snomed.info/id/57500000	http://ncicb.nci.nih.gov/xml/owl/EVS/Thesaurus.owl#C121932	1.0
http://snomed.info/id/57513006	http://ncicb.nci.nih.gov/xml/owl/EVS/Thesaurus.owl#C4134	1.0
http://snomed.info/id/57606003	http://ncicb.nci.nih.gov/xml/owl/EVS/Thesaurus.owl#C4722	1.0
http://snomed.info/id/57622002	http://ncicb.nci.nih.gov/xml/owl/EVS/Thesaurus.owl#C156613	0.92121476
http://snomed.info/id/57723004	http://ncicb.nci.nih.gov/xml/owl/EVS/Thesaurus.owl#C3254	1.0
http://snomed.info/id/58037000	http://ncicb.nci.nih.gov/xml/owl/EVS/Thesaurus.owl#C3076	1.0
http://snomed.info/id/58069009	http://ncicb.nci.nih.gov/xml/owl/EVS/Thesaurus.owl#C4176	1.0
http://snomed.info/id/58161009	http://ncicb.nci.nih.gov/xml/owl/EVS/Thesaurus.owl#C8987	1.0
http://snomed.info/id/58243007	http://ncicb.nci.nih.gov/xml/owl/EVS/Thesaurus.owl#C4251	1.0
http://snomed.info/id/5843004	http://ncicb.nci.nih.gov/xml/owl/EVS/Thesaurus.owl#C4121	1.0
http://snomed.info/id/58648008	http://ncicb.nci.nih.gov/xml/owl/EVS/Thesaurus.owl#C35548	0.93805504
http://snomed.info/id/58961005	http://ncicb.nci.nih.gov/xml/owl/EVS/Thesaurus.owl#C8196	0.90507936
http://snomed.info/id/59186007	http://ncicb.nci.nih.gov/xml/owl/EVS/Thesaurus.owl#C27523	0.9231872
http://snomed.info/id/59238007	http://ncicb.nci.nih.gov/xml/owl/EVS/Thesaurus.owl#C3714	1.0
http://snomed.info/id/59367005	http://ncicb.nci.nih.gov/xml/owl/EVS/Thesaurus.owl#C3727	1.0
http://snomed.info/id/59529006	http://ncicb.nci.nih.gov/xml/owl/EVS/Thesaurus.owl#C2906	0.9105466
http://snomed.info/id/5958006	http://ncicb.nci.nih.gov/xml/owl/EVS/Thesaurus.owl#C4099	1.0
http://snomed.info/id/60286009	http://ncicb.nci.nih.gov/xml/owl/EVS/Thesaurus.owl#C7678	1.0
http://snomed.info/id/60392001	http://ncicb.nci.nih.gov/xml/owl/EVS/Thesaurus.owl#C3799	0.95309931
http://snomed.info/id/60599006	http://ncicb.nci.nih.gov/xml/owl/EVS/Thesaurus.owl#C4310	1.0
http://snomed.info/id/60657004	http://ncicb.nci.nih.gov/xml/owl/EVS/Thesaurus.owl#C3106	1.0
http://snomed.info/id/60718004	http://ncicb.nci.nih.gov/xml/owl/EVS/Thesaurus.owl#C2996	1.0
http://snomed.info/id/608817003	http://ncicb.nci.nih.gov/xml/owl/EVS/Thesaurus.owl#C94524	1.0
http://snomed.info/id/60896008	http://ncicb.nci.nih.gov/xml/owl/EVS/Thesaurus.owl#C3975	0.96958679
http://snomed.info/id/609515005	http://ncicb.nci.nih.gov/xml/owl/EVS/Thesaurus.owl#C6900	1.0
http://snomed.info/id/609517002	http://ncicb.nci.nih.gov/xml/owl/EVS/Thesaurus.owl#C4699	0.91009092
http://snomed.info/id/61098004	http://ncicb.nci.nih.gov/xml/owl/EVS/Thesaurus.owl#C4108	1.0
http://snomed.info/id/61493004	http://ncicb.nci.nih.gov/xml/owl/EVS/Thesaurus.owl#C3892	1.0
http://snomed.info/id/61722000	http://ncicb.nci.nih.gov/xml/owl/EVS/Thesaurus.owl#C4143	1.0
http://snomed.info/id/61808009	http://ncicb.nci.nih.gov/xml/owl/EVS/Thesaurus.owl#C123329	1.0
http://snomed.info/id/61814002	http://ncicb.nci.nih.gov/xml/owl/EVS/Thesaurus.owl#C3694	1.0
http://snomed.info/id/62047007	http://ncicb.nci.nih.gov/xml/owl/EVS/Thesaurus.owl#C4083	1.0
http://snomed.info/id/62064005	http://ncicb.nci.nih.gov/xml/owl/EVS/Thesaurus.owl#C4456	1.0
http://snomed.info/id/6219000	http://ncicb.nci.nih.gov/xml/owl/EVS/Thesaurus.owl#C65153	1.0
http://snomed.info/id/62383007	http://ncicb.nci.nih.gov/xml/owl/EVS/Thesaurus.owl#C4259	0.92181444
http://snomed.info/id/62512005	http://ncicb.nci.nih.gov/xml/owl/EVS/Thesaurus.owl#C5375	0.92236495
http://snomed.info/id/62557001	http://ncicb.nci.nih.gov/xml/owl/EVS/Thesaurus.owl#C3958	0.96979845
http://snomed.info/id/62621002	http://ncicb.nci.nih.gov/xml/owl/EVS/Thesaurus.owl#C9430	1.0
http://snomed.info/id/62727008	http://ncicb.nci.nih.gov/xml/owl/EVS/Thesaurus.owl#C3927	1.0
http://snomed.info/id/63166000	http://ncicb.nci.nih.gov/xml/owl/EVS/Thesaurus.owl#C3803	1.0
http://snomed.info/id/63175003	http://ncicb.nci.nih.gov/xml/owl/EVS/Thesaurus.owl#C43277	0.92588788
http://snomed.info/id/63211008	http://ncicb.nci.nih.gov/xml/owl/EVS/Thesaurus.owl#C3400	1.0
http://snomed.info/id/63264007	http://ncicb.nci.nih.gov/xml/owl/EVS/Thesaurus.owl#C34448	1.0
http://snomed.info/id/6331000	http://ncicb.nci.nih.gov/xml/owl/EVS/Thesaurus.owl#C7752	1.0
http://snomed.info/id/63373002	http://ncicb.nci.nih.gov/xml/owl/EVS/Thesaurus.owl#C3205	1.0
http://snomed.info/id/63402005	http://ncicb.nci.nih.gov/xml/owl/EVS/Thesaurus.owl#C3223	1.0
http://snomed.info/id/63449009	http://ncicb.nci.nih.gov/xml/owl/EVS/Thesaurus.owl#C3749	1.0
http://snomed.info/id/63451008	http://ncicb.nci.nih.gov/xml/owl/EVS/Thesaurus.owl#C3712	1.0
http://snomed.info/id/63629005	http://ncicb.nci.nih.gov/xml/owl/EVS/Thesaurus.owl#C4255	0.96393746
http://snomed.info/id/63634009	http://ncicb.nci.nih.gov/xml/owl/EVS/Thesaurus.owl#C129295	0.97627831
http://snomed.info/id/63687009	http://ncicb.nci.nih.gov/xml/owl/EVS/Thesaurus.owl#C4163	0.9788478
http://snomed.info/id/6379007	http://ncicb.nci.nih.gov/xml/owl/EVS/Thesaurus.owl#C4135	1.0
http://snomed.info/id/6381009	http://ncicb.nci.nih.gov/xml/owl/EVS/Thesaurus.owl#C3082	1.0
http://snomed.info/id/64000002	http://ncicb.nci.nih.gov/xml/owl/EVS/Thesaurus.owl#C4573	0.91761971
http://snomed.info/id/64059005	http://ncicb.nci.nih.gov/xml/owl/EVS/Thesaurus.owl#C66811	1.0
http://snomed.info/id/64204000	http://ncicb.nci.nih.gov/xml/owl/EVS/Thesaurus.owl#C4104	1.0
http://snomed.info/id/6437002	http://ncicb.nci.nih.gov/xml/owl/EVS/Thesaurus.owl#C66800	1.0
http://snomed.info/id/64575004	http://ncicb.nci.nih.gov/xml/owl/EVS/Thesaurus.owl#C7540	0.94558042
http://snomed.info/id/64967004	http://ncicb.nci.nih.gov/xml/owl/EVS/Thesaurus.owl#C4333	1.0
http://snomed.info/id/65140001	http://ncicb.nci.nih.gov/xml/owl/EVS/Thesaurus.owl#C66763	1.0
http://snomed.info/id/65245004	http://ncicb.nci.nih.gov/xml/owl/EVS/Thesaurus.owl#C6504	0.91260463
http://snomed.info/id/65278006	http://ncicb.nci.nih.gov/xml/owl/EVS/Thesaurus.owl#C7985	0.97006929
http://snomed.info/id/65399007	http://ncicb.nci.nih.gov/xml/owl/EVS/Thesaurus.owl#C3107	1.0
http://snomed.info/id/65540008	http://ncicb.nci.nih.gov/xml/owl/EVS/Thesaurus.owl#C97041	1.0
http://snomed.info/id/65576009	http://ncicb.nci.nih.gov/xml/owl/EVS/Thesaurus.owl#C2939	0.9683314
http://snomed.info/id/65646006	http://ncicb.nci.nih.gov/xml/owl/EVS/Thesaurus.owl#C66778	1.0
http://snomed.info/id/65692009	http://ncicb.nci.nih.gov/xml/owl/EVS/Thesaurus.owl#C27091	0.92949462
http://snomed.info/id/65787003	http://ncicb.nci.nih.gov/xml/owl/EVS/Thesaurus.owl#C4192	0.96305704
http://snomed.info/id/66174008	http://ncicb.nci.nih.gov/xml/owl/EVS/Thesaurus.owl#C4478	0.98430604
http://snomed.info/id/66229009	http://ncicb.nci.nih.gov/xml/owl/EVS/Thesaurus.owl#C3084	1.0
http://snomed.info/id/66445009	http://ncicb.nci.nih.gov/xml/owl/EVS/Thesaurus.owl#C8321	0.96239722
http://snomed.info/id/66515009	http://ncicb.nci.nih.gov/xml/owl/EVS/Thesaurus.owl#C65187	0.97558969
http://snomed.info/id/67073007	http://ncicb.nci.nih.gov/xml/owl/EVS/Thesaurus.owl#C4181	1.0
http://snomed.info/id/67159000	http://ncicb.nci.nih.gov/xml/owl/EVS/Thesaurus.owl#C4240	0.90229893
http://snomed.info/id/67182003	http://ncicb.nci.nih.gov/xml/owl/EVS/Thesaurus.owl#C2973	1.0
http://snomed.info/id/67280001	http://ncicb.nci.nih.gov/xml/owl/EVS/Thesaurus.owl#C3704	1.0
http://snomed.info/id/67871000119105	http://ncicb.nci.nih.gov/xml/owl/EVS/Thesaurus.owl#C6356	0.98264909
http://snomed.info/id/681911000119108	http://ncicb.nci.nih.gov/xml/owl/EVS/Thesaurus.owl#C9120	0.91418964
http://snomed.info/id/682221000119103	http://ncicb.nci.nih.gov/xml/owl/EVS/Thesaurus.owl#C5123	0.94082528
http://snomed.info/id/682231000119100	http://ncicb.nci.nih.gov/xml/owl/EVS/Thesaurus.owl#C156035	0.96798134
http://snomed.info/id/682251000119106	http://ncicb.nci.nih.gov/xml/owl/EVS/Thesaurus.owl#C171036	0.97955817
http://snomed.info/id/682261000119108	http://ncicb.nci.nih.gov/xml/owl/EVS/Thesaurus.owl#C156036	0.96435559
http://snomed.info/id/682471000119103	http://ncicb.nci.nih.gov/xml/owl/EVS/Thesaurus.owl#C171036	0.90563023
http://snomed.info/id/683031000119101	http://ncicb.nci.nih.gov/xml/owl/EVS/Thesaurus.owl#C40410	0.97015089
http://snomed.info/id/683041000119105	http://ncicb.nci.nih.gov/xml/owl/EVS/Thesaurus.owl#C5977	0.96432149
http://snomed.info/id/683221000119107	http://ncicb.nci.nih.gov/xml/owl/EVS/Thesaurus.owl#C3944	0.90787351
http://snomed.info/id/68358000	http://ncicb.nci.nih.gov/xml/owl/EVS/Thesaurus.owl#C4201	1.0
http://snomed.info/id/683791000119100	http://ncicb.nci.nih.gov/xml/owl/EVS/Thesaurus.owl#C131575	0.94553322
http://snomed.info/id/683991000119103	http://ncicb.nci.nih.gov/xml/owl/EVS/Thesaurus.owl#C9049	0.97828233
http://snomed.info/id/6842002	http://ncicb.nci.nih.gov/xml/owl/EVS/Thesaurus.owl#C3740	1.0
http://snomed.info/id/68453008	http://ncicb.nci.nih.gov/xml/owl/EVS/Thesaurus.owl#C4979	0.95100725
http://snomed.info/id/685021000119103	http://ncicb.nci.nih.gov/xml/owl/EVS/Thesaurus.owl#C6477	0.98875642
http://snomed.info/id/685031000119100	http://ncicb.nci.nih.gov/xml/owl/EVS/Thesaurus.owl#C3699	0.9122622
http://snomed.info/id/685811000119100	http://ncicb.nci.nih.gov/xml/owl/EVS/Thesaurus.owl#C3192	0.90022671
http://snomed.info/id/687331000119109	http://ncicb.nci.nih.gov/xml/owl/EVS/Thesaurus.owl#C156120	0.91232371
http://snomed.info/id/68738004	http://ncicb.nci.nih.gov/xml/owl/EVS/Thesaurus.owl#C40217	0.912691
http://snomed.info/id/687771000119106	http://ncicb.nci.nih.gov/xml/owl/EVS/Thesaurus.owl#C151982	0.93574697
http://snomed.info/id/687881000119100	http://ncicb.nci.nih.gov/xml/owl/EVS/Thesaurus.owl#C151981	0.93084598
http://snomed.info/id/688151000119102	http://ncicb.nci.nih.gov/xml/owl/EVS/Thesaurus.owl#C41430	0.90439165
http://snomed.info/id/68827007	http://ncicb.nci.nih.gov/xml/owl/EVS/Thesaurus.owl#C4237	0.99999994
http://snomed.info/id/68880006	http://ncicb.nci.nih.gov/xml/owl/EVS/Thesaurus.owl#C65204	1.0
http://snomed.info/id/688861000119105	http://ncicb.nci.nih.gov/xml/owl/EVS/Thesaurus.owl#C8170	0.96269983
http://snomed.info/id/689311000119105	http://ncicb.nci.nih.gov/xml/owl/EVS/Thesaurus.owl#C4941	0.95718443
http://snomed.info/id/689361000119108	http://ncicb.nci.nih.gov/xml/owl/EVS/Thesaurus.owl#C8183	0.92607009
http://snomed.info/id/68944005	http://ncicb.nci.nih.gov/xml/owl/EVS/Thesaurus.owl#C4329	1.0
http://snomed.info/id/68956006	http://ncicb.nci.nih.gov/xml/owl/EVS/Thesaurus.owl#C2917	0.94467783
http://snomed.info/id/68979007	http://ncicb.nci.nih.gov/xml/owl/EVS/Thesaurus.owl#C3082	1.0
http://snomed.info/id/690121000119109	http://ncicb.nci.nih.gov/xml/owl/EVS/Thesaurus.owl#C6386	0.92666292
http://snomed.info/id/69028005	http://ncicb.nci.nih.gov/xml/owl/EVS/Thesaurus.owl#C3681	1.0
http://snomed.info/id/690751000119102	http://ncicb.nci.nih.gov/xml/owl/EVS/Thesaurus.owl#C5718	0.98344833
http://snomed.info/id/690761000119100	http://ncicb.nci.nih.gov/xml/owl/EVS/Thesaurus.owl#C5712	0.98135036
http://snomed.info/id/69077002	http://ncicb.nci.nih.gov/xml/owl/EVS/Thesaurus.owl#C3164	1.0
http://snomed.info/id/690771000119106	http://ncicb.nci.nih.gov/xml/owl/EVS/Thesaurus.owl#C38342	0.98627257
http://snomed.info/id/69291002	http://ncicb.nci.nih.gov/xml/owl/EVS/Thesaurus.owl#C7442	0.93461353
http://snomed.info/id/69515008	http://ncicb.nci.nih.gov/xml/owl/EVS/Thesaurus.owl#C3790	1.0
http://snomed.info/id/695751021000132104	http://ncicb.nci.nih.gov/xml/owl/EVS/Thesaurus.owl#C5258	0.97210526
http://snomed.info/id/697970009	http://ncicb.nci.nih.gov/xml/owl/EVS/Thesaurus.owl#C121932	1.0
http://snomed.info/id/698010001	http://ncicb.nci.nih.gov/xml/owl/EVS/Thesaurus.owl#C4696	0.95853573
http://snomed.info/id/698011002	http://ncicb.nci.nih.gov/xml/owl/EVS/Thesaurus.owl#C7992	0.94753587
http://snomed.info/id/698019000	http://ncicb.nci.nih.gov/xml/owl/EVS/Thesaurus.owl#C2894	0.90567917
http://snomed.info/id/698042007	http://ncicb.nci.nih.gov/xml/owl/EVS/Thesaurus.owl#C9345	0.90568441
http://snomed.info/id/698043002	http://ncicb.nci.nih.gov/xml/owl/EVS/Thesaurus.owl#C9318	0.90143371
http://snomed.info/id/698182002	http://ncicb.nci.nih.gov/xml/owl/EVS/Thesaurus.owl#C173476	0.97153747
http://snomed.info/id/698200003	http://ncicb.nci.nih.gov/xml/owl/EVS/Thesaurus.owl#C4835	0.90179485
http://snomed.info/id/698646006	http://ncicb.nci.nih.gov/xml/owl/EVS/Thesaurus.owl#C156725	0.9461115
http://snomed.info/id/699028006	http://ncicb.nci.nih.gov/xml/owl/EVS/Thesaurus.owl#C3716	1.0
http://snomed.info/id/699226002	http://ncicb.nci.nih.gov/xml/owl/EVS/Thesaurus.owl#C39756	0.95981842
http://snomed.info/id/699228001	http://ncicb.nci.nih.gov/xml/owl/EVS/Thesaurus.owl#C173929	1.0
http://snomed.info/id/699277009	http://ncicb.nci.nih.gov/xml/owl/EVS/Thesaurus.owl#C35836	0.95477861
http://snomed.info/id/699317002	http://ncicb.nci.nih.gov/xml/owl/EVS/Thesaurus.owl#C162485	0.93005985
http://snomed.info/id/699318007	http://ncicb.nci.nih.gov/xml/owl/EVS/Thesaurus.owl#C6968	0.91648942
http://snomed.info/id/699346009	http://ncicb.nci.nih.gov/xml/owl/EVS/Thesaurus.owl#C3266	0.91718429
http://snomed.info/id/699354006	http://ncicb.nci.nih.gov/xml/owl/EVS/Thesaurus.owl#C6095	0.98013228
http://snomed.info/id/699356008	http://ncicb.nci.nih.gov/xml/owl/EVS/Thesaurus.owl#C40219	0.9646585
http://snomed.info/id/699357004	http://ncicb.nci.nih.gov/xml/owl/EVS/Thesaurus.owl#C40223	0.96512061
http://snomed.info/id/699358009	http://ncicb.nci.nih.gov/xml/owl/EVS/Thesaurus.owl#C126998	0.96506739
http://snomed.info/id/699384003	http://ncicb.nci.nih.gov/xml/owl/EVS/Thesaurus.owl#C173680	0.99212366
http://snomed.info/id/699445009	http://ncicb.nci.nih.gov/xml/owl/EVS/Thesaurus.owl#C173820	0.91884631
http://snomed.info/id/699605009	http://ncicb.nci.nih.gov/xml/owl/EVS/Thesaurus.owl#C7387	1.0
http://snomed.info/id/699606005	http://ncicb.nci.nih.gov/xml/owl/EVS/Thesaurus.owl#C172206	1.0
http://snomed.info/id/699607001	http://ncicb.nci.nih.gov/xml/owl/EVS/Thesaurus.owl#C7457	0.94396889
http://snomed.info/id/699658004	http://ncicb.nci.nih.gov/xml/owl/EVS/Thesaurus.owl#C6560	1.0
http://snomed.info/id/699659007	http://ncicb.nci.nih.gov/xml/owl/EVS/Thesaurus.owl#C6560	1.0
http://snomed.info/id/699680001	http://ncicb.nci.nih.gov/xml/owl/EVS/Thesaurus.owl#C4713	0.91776377
http://snomed.info/id/699703008	http://ncicb.nci.nih.gov/xml/owl/EVS/Thesaurus.owl#C54039	1.0
http://snomed.info/id/699704002	http://ncicb.nci.nih.gov/xml/owl/EVS/Thesaurus.owl#C54039	1.0
http://snomed.info/id/699817008	http://ncicb.nci.nih.gov/xml/owl/EVS/Thesaurus.owl#C67560	0.96916711
http://snomed.info/id/699818003	http://ncicb.nci.nih.gov/xml/owl/EVS/Thesaurus.owl#C4664	0.97063029
http://snomed.info/id/699955004	http://ncicb.nci.nih.gov/xml/owl/EVS/Thesaurus.owl#C6514	0.99243492
http://snomed.info/id/700423003	http://ncicb.nci.nih.gov/xml/owl/EVS/Thesaurus.owl#C8294	0.95092148
http://snomed.info/id/700488005	http://ncicb.nci.nih.gov/xml/owl/EVS/Thesaurus.owl#C39948	0.91768771
http://snomed.info/id/7010000	http://ncicb.nci.nih.gov/xml/owl/EVS/Thesaurus.owl#C3693	1.0
http://snomed.info/id/70179006	http://ncicb.nci.nih.gov/xml/owl/EVS/Thesaurus.owl#C4436	1.0
http://snomed.info/id/702368000	http://ncicb.nci.nih.gov/xml/owl/EVS/Thesaurus.owl#C9192	0.96541989
http://snomed.info/id/702369008	http://ncicb.nci.nih.gov/xml/owl/EVS/Thesaurus.owl#C42700	0.96989977
http://snomed.info/id/702378002	http://ncicb.nci.nih.gov/xml/owl/EVS/Thesaurus.owl#C48287	1.0
http://snomed.info/id/702391001	http://ncicb.nci.nih.gov/xml/owl/EVS/Thesaurus.owl#C9385	1.0
http://snomed.info/id/702392008	http://ncicb.nci.nih.gov/xml/owl/EVS/Thesaurus.owl#C150595	1.0
http://snomed.info/id/702405001	http://ncicb.nci.nih.gov/xml/owl/EVS/Thesaurus.owl#C6357	0.94086593
http://snomed.info/id/702406000	http://ncicb.nci.nih.gov/xml/owl/EVS/Thesaurus.owl#C6358	0.97776741
http://snomed.info/id/702446006	http://ncicb.nci.nih.gov/xml/owl/EVS/Thesaurus.owl#C122688	1.0
http://snomed.info/id/702476004	http://ncicb.nci.nih.gov/xml/owl/EVS/Thesaurus.owl#C27722	1.0
http://snomed.info/id/702786004	http://ncicb.nci.nih.gov/xml/owl/EVS/Thesaurus.owl#C9464	0.91318327
http://snomed.info/id/702977001	http://ncicb.nci.nih.gov/xml/owl/EVS/Thesaurus.owl#C8968	0.9089725
http://snomed.info/id/703078002	http://ncicb.nci.nih.gov/xml/owl/EVS/Thesaurus.owl#C36050	0.92526484
http://snomed.info/id/703088001	http://ncicb.nci.nih.gov/xml/owl/EVS/Thesaurus.owl#C66841	0.95972705
http://snomed.info/id/703199001	http://ncicb.nci.nih.gov/xml/owl/EVS/Thesaurus.owl#C6026	0.91087145
http://snomed.info/id/703269000	http://ncicb.nci.nih.gov/xml/owl/EVS/Thesaurus.owl#C6645	0.94210285
http://snomed.info/id/703270004	http://ncicb.nci.nih.gov/xml/owl/EVS/Thesaurus.owl#C6645	0.95867389
http://snomed.info/id/703271000	http://ncicb.nci.nih.gov/xml/owl/EVS/Thesaurus.owl#C96840	0.98850691
http://snomed.info/id/703294004	http://ncicb.nci.nih.gov/xml/owl/EVS/Thesaurus.owl#C172207	1.0
http://snomed.info/id/703295003	http://ncicb.nci.nih.gov/xml/owl/EVS/Thesaurus.owl#C172208	0.96872175
http://snomed.info/id/703387000	http://ncicb.nci.nih.gov/xml/owl/EVS/Thesaurus.owl#C122687	0.96228898
http://snomed.info/id/703545003	http://ncicb.nci.nih.gov/xml/owl/EVS/Thesaurus.owl#C156034	0.90382963
http://snomed.info/id/703546002	http://ncicb.nci.nih.gov/xml/owl/EVS/Thesaurus.owl#C65163	0.91406059
http://snomed.info/id/703547006	http://ncicb.nci.nih.gov/xml/owl/EVS/Thesaurus.owl#C176010	0.91594177
http://snomed.info/id/703548001	http://ncicb.nci.nih.gov/xml/owl/EVS/Thesaurus.owl#C27789	0.94034356
http://snomed.info/id/703552001	http://ncicb.nci.nih.gov/xml/owl/EVS/Thesaurus.owl#C40363	0.97756237
http://snomed.info/id/703558002	http://ncicb.nci.nih.gov/xml/owl/EVS/Thesaurus.owl#C40152	0.93309504
http://snomed.info/id/703561001	http://ncicb.nci.nih.gov/xml/owl/EVS/Thesaurus.owl#C105556	0.90595841
http://snomed.info/id/703563003	http://ncicb.nci.nih.gov/xml/owl/EVS/Thesaurus.owl#C105555	0.90149474
http://snomed.info/id/703564009	http://ncicb.nci.nih.gov/xml/owl/EVS/Thesaurus.owl#C126310	0.96906316
http://snomed.info/id/703565005	http://ncicb.nci.nih.gov/xml/owl/EVS/Thesaurus.owl#C7281	0.90324152
http://snomed.info/id/703568007	http://ncicb.nci.nih.gov/xml/owl/EVS/Thesaurus.owl#C40090	0.91328037
http://snomed.info/id/703569004	http://ncicb.nci.nih.gov/xml/owl/EVS/Thesaurus.owl#C127905	0.9310174
http://snomed.info/id/703570003	http://ncicb.nci.nih.gov/xml/owl/EVS/Thesaurus.owl#C5214	0.90678978
http://snomed.info/id/703577000	http://ncicb.nci.nih.gov/xml/owl/EVS/Thesaurus.owl#C9134	0.96778685
http://snomed.info/id/703578005	http://ncicb.nci.nih.gov/xml/owl/EVS/Thesaurus.owl#C36084	0.98148131
http://snomed.info/id/703595002	http://ncicb.nci.nih.gov/xml/owl/EVS/Thesaurus.owl#C66718	0.94736725
http://snomed.info/id/703597005	http://ncicb.nci.nih.gov/xml/owl/EVS/Thesaurus.owl#C3794	0.9248684
http://snomed.info/id/703600006	http://ncicb.nci.nih.gov/xml/owl/EVS/Thesaurus.owl#C127005	0.97464365
http://snomed.info/id/703602003	http://ncicb.nci.nih.gov/xml/owl/EVS/Thesaurus.owl#C5241	0.97410864
http://snomed.info/id/703603008	http://ncicb.nci.nih.gov/xml/owl/EVS/Thesaurus.owl#C27496	1.0
http://snomed.info/id/703606000	http://ncicb.nci.nih.gov/xml/owl/EVS/Thesaurus.owl#C53594	0.9070909
http://snomed.info/id/703607009	http://ncicb.nci.nih.gov/xml/owl/EVS/Thesaurus.owl#C49017	1.0
http://snomed.info/id/703608004	http://ncicb.nci.nih.gov/xml/owl/EVS/Thesaurus.owl#C49025	1.0
http://snomed.info/id/703609007	http://ncicb.nci.nih.gov/xml/owl/EVS/Thesaurus.owl#C6496	1.0
http://snomed.info/id/703610002	http://ncicb.nci.nih.gov/xml/owl/EVS/Thesaurus.owl#C6485	0.9810456
http://snomed.info/id/703612005	http://ncicb.nci.nih.gov/xml/owl/EVS/Thesaurus.owl#C4818	1.0
http://snomed.info/id/703613000	http://ncicb.nci.nih.gov/xml/owl/EVS/Thesaurus.owl#C6488	1.0
http://snomed.info/id/703614006	http://ncicb.nci.nih.gov/xml/owl/EVS/Thesaurus.owl#C4818	1.0
http://snomed.info/id/703615007	http://ncicb.nci.nih.gov/xml/owl/EVS/Thesaurus.owl#C49024	1.0
http://snomed.info/id/703617004	http://ncicb.nci.nih.gov/xml/owl/EVS/Thesaurus.owl#C45202	1.0
http://snomed.info/id/703618009	http://ncicb.nci.nih.gov/xml/owl/EVS/Thesaurus.owl#C49027	1.0
http://snomed.info/id/703625002	http://ncicb.nci.nih.gov/xml/owl/EVS/Thesaurus.owl#C3992	0.93068224
http://snomed.info/id/703631004	http://ncicb.nci.nih.gov/xml/owl/EVS/Thesaurus.owl#C121774	1.0
http://snomed.info/id/703633001	http://ncicb.nci.nih.gov/xml/owl/EVS/Thesaurus.owl#C99180	1.0
http://snomed.info/id/703634007	http://ncicb.nci.nih.gov/xml/owl/EVS/Thesaurus.owl#C3958	0.96293724
http://snomed.info/id/703635008	http://ncicb.nci.nih.gov/xml/owl/EVS/Thesaurus.owl#C67563	1.0
http://snomed.info/id/703649004	http://ncicb.nci.nih.gov/xml/owl/EVS/Thesaurus.owl#C121788	1.0
http://snomed.info/id/703650004	http://ncicb.nci.nih.gov/xml/owl/EVS/Thesaurus.owl#C121789	1.0
http://snomed.info/id/703652007	http://ncicb.nci.nih.gov/xml/owl/EVS/Thesaurus.owl#C126311	0.93676728
http://snomed.info/id/703654008	http://ncicb.nci.nih.gov/xml/owl/EVS/Thesaurus.owl#C40018	0.981233
http://snomed.info/id/703655009	http://ncicb.nci.nih.gov/xml/owl/EVS/Thesaurus.owl#C40017	0.97738761
http://snomed.info/id/703658006	http://ncicb.nci.nih.gov/xml/owl/EVS/Thesaurus.owl#C121668	0.94259518
http://snomed.info/id/703659003	http://ncicb.nci.nih.gov/xml/owl/EVS/Thesaurus.owl#C27511	1.0
http://snomed.info/id/703660008	http://ncicb.nci.nih.gov/xml/owl/EVS/Thesaurus.owl#C45475	1.0
http://snomed.info/id/703661007	http://ncicb.nci.nih.gov/xml/owl/EVS/Thesaurus.owl#C53677	1.0
http://snomed.info/id/703692009	http://ncicb.nci.nih.gov/xml/owl/EVS/Thesaurus.owl#C53704	1.0
http://snomed.info/id/703693004	http://ncicb.nci.nih.gov/xml/owl/EVS/Thesaurus.owl#C53706	0.94000715
http://snomed.info/id/703694005	http://ncicb.nci.nih.gov/xml/owl/EVS/Thesaurus.owl#C6474	1.0
http://snomed.info/id/703695006	http://ncicb.nci.nih.gov/xml/owl/EVS/Thesaurus.owl#C121842	1.0
http://snomed.info/id/703696007	http://ncicb.nci.nih.gov/xml/owl/EVS/Thesaurus.owl#C121845	1.0
http://snomed.info/id/703697003	http://ncicb.nci.nih.gov/xml/owl/EVS/Thesaurus.owl#C121844	1.0
http://snomed.info/id/703699000	http://ncicb.nci.nih.gov/xml/owl/EVS/Thesaurus.owl#C9396	0.98802108
http://snomed.info/id/703700004	http://ncicb.nci.nih.gov/xml/owl/EVS/Thesaurus.owl#C9395	0.98832911
http://snomed.info/id/703702007	http://ncicb.nci.nih.gov/xml/owl/EVS/Thesaurus.owl#C6532	0.99669629
http://snomed.info/id/703703002	http://ncicb.nci.nih.gov/xml/owl/EVS/Thesaurus.owl#C3401	0.99652934
http://snomed.info/id/703707001	http://ncicb.nci.nih.gov/xml/owl/EVS/Thesaurus.owl#C27291	0.99220222
http://snomed.info/id/703708006	http://ncicb.nci.nih.gov/xml/owl/EVS/Thesaurus.owl#C121901	0.99334544
http://snomed.info/id/703710008	http://ncicb.nci.nih.gov/xml/owl/EVS/Thesaurus.owl#C121686	1.0
http://snomed.info/id/703815005	http://ncicb.nci.nih.gov/xml/owl/EVS/Thesaurus.owl#C45834	0.91950399
http://snomed.info/id/703816006	http://ncicb.nci.nih.gov/xml/owl/EVS/Thesaurus.owl#C45837	0.91520721
http://snomed.info/id/703818007	http://ncicb.nci.nih.gov/xml/owl/EVS/Thesaurus.owl#C7318	1.0
http://snomed.info/id/703820005	http://ncicb.nci.nih.gov/xml/owl/EVS/Thesaurus.owl#C82431	1.0
http://snomed.info/id/703821009	http://ncicb.nci.nih.gov/xml/owl/EVS/Thesaurus.owl#C8694	1.0
http://snomed.info/id/703822002	http://ncicb.nci.nih.gov/xml/owl/EVS/Thesaurus.owl#C81767	1.0
http://snomed.info/id/703826004	http://ncicb.nci.nih.gov/xml/owl/EVS/Thesaurus.owl#C3218	1.0
http://snomed.info/id/703827008	http://ncicb.nci.nih.gov/xml/owl/EVS/Thesaurus.owl#C7137	1.0
http://snomed.info/id/703836007	http://ncicb.nci.nih.gov/xml/owl/EVS/Thesaurus.owl#C7138	0.9984712
http://snomed.info/id/703843001	http://ncicb.nci.nih.gov/xml/owl/EVS/Thesaurus.owl#C38458	0.94504988
http://snomed.info/id/703844007	http://ncicb.nci.nih.gov/xml/owl/EVS/Thesaurus.owl#C94537	1.0
http://snomed.info/id/70401000	http://ncicb.nci.nih.gov/xml/owl/EVS/Thesaurus.owl#C65161	1.0
http://snomed.info/id/704147007	http://ncicb.nci.nih.gov/xml/owl/EVS/Thesaurus.owl#C156101	1.0
http://snomed.info/id/704152002	http://ncicb.nci.nih.gov/xml/owl/EVS/Thesaurus.owl#C156101	1.0
http://snomed.info/id/705061009	http://ncicb.nci.nih.gov/xml/owl/EVS/Thesaurus.owl#C68744	1.0
http://snomed.info/id/70511009	http://ncicb.nci.nih.gov/xml/owl/EVS/Thesaurus.owl#C66796	1.0
http://snomed.info/id/705145009	http://ncicb.nci.nih.gov/xml/owl/EVS/Thesaurus.owl#C7781	1.0
http://snomed.info/id/705155008	http://ncicb.nci.nih.gov/xml/owl/EVS/Thesaurus.owl#C4487	1.0
http://snomed.info/id/705176003	http://ncicb.nci.nih.gov/xml/owl/EVS/Thesaurus.owl#C6431	1.0
http://snomed.info/id/70555003	http://ncicb.nci.nih.gov/xml/owl/EVS/Thesaurus.owl#C126998	0.9434101
http://snomed.info/id/70594002	http://ncicb.nci.nih.gov/xml/owl/EVS/Thesaurus.owl#C3802	1.0
http://snomed.info/id/70600005	http://ncicb.nci.nih.gov/xml/owl/EVS/Thesaurus.owl#C7258	0.94483846
http://snomed.info/id/707146006	http://ncicb.nci.nih.gov/xml/owl/EVS/Thesaurus.owl#C166414	0.90503156
http://snomed.info/id/707339009	http://ncicb.nci.nih.gov/xml/owl/EVS/Thesaurus.owl#C6240	0.94229752
http://snomed.info/id/707342003	http://ncicb.nci.nih.gov/xml/owl/EVS/Thesaurus.owl#C6237	0.92984289
http://snomed.info/id/707347009	http://ncicb.nci.nih.gov/xml/owl/EVS/Thesaurus.owl#C9332	0.90341097
http://snomed.info/id/707354003	http://ncicb.nci.nih.gov/xml/owl/EVS/Thesaurus.owl#C6064	0.94957775
http://snomed.info/id/707355002	http://ncicb.nci.nih.gov/xml/owl/EVS/Thesaurus.owl#C6066	0.94135064
http://snomed.info/id/707356001	http://ncicb.nci.nih.gov/xml/owl/EVS/Thesaurus.owl#C6067	0.95536733
http://snomed.info/id/707359008	http://ncicb.nci.nih.gov/xml/owl/EVS/Thesaurus.owl#C6065	0.93029642
http://snomed.info/id/707363001	http://ncicb.nci.nih.gov/xml/owl/EVS/Thesaurus.owl#C4454	0.95712572
http://snomed.info/id/707374005	http://ncicb.nci.nih.gov/xml/owl/EVS/Thesaurus.owl#C5660	0.99059939
http://snomed.info/id/707375006	http://ncicb.nci.nih.gov/xml/owl/EVS/Thesaurus.owl#C5660	0.91396976
http://snomed.info/id/707376007	http://ncicb.nci.nih.gov/xml/owl/EVS/Thesaurus.owl#C5660	0.92835927
http://snomed.info/id/707381003	http://ncicb.nci.nih.gov/xml/owl/EVS/Thesaurus.owl#C3497	0.9143706
http://snomed.info/id/707382005	http://ncicb.nci.nih.gov/xml/owl/EVS/Thesaurus.owl#C5663	0.97099793
http://snomed.info/id/707387004	http://ncicb.nci.nih.gov/xml/owl/EVS/Thesaurus.owl#C5658	0.98097193
http://snomed.info/id/707388009	http://ncicb.nci.nih.gov/xml/owl/EVS/Thesaurus.owl#C4448	0.9280265
http://snomed.info/id/707403002	http://ncicb.nci.nih.gov/xml/owl/EVS/Thesaurus.owl#C45509	0.92061567
http://snomed.info/id/707404008	http://ncicb.nci.nih.gov/xml/owl/EVS/Thesaurus.owl#C45508	0.94555098
http://snomed.info/id/707405009	http://ncicb.nci.nih.gov/xml/owl/EVS/Thesaurus.owl#C9133	0.91996342
http://snomed.info/id/707407001	http://ncicb.nci.nih.gov/xml/owl/EVS/Thesaurus.owl#C45514	0.95236778
http://snomed.info/id/707409003	http://ncicb.nci.nih.gov/xml/owl/EVS/Thesaurus.owl#C5649	0.90946174
http://snomed.info/id/707411007	http://ncicb.nci.nih.gov/xml/owl/EVS/Thesaurus.owl#C5650	0.95652497
http://snomed.info/id/707422006	http://ncicb.nci.nih.gov/xml/owl/EVS/Thesaurus.owl#C54336	0.92084694
http://snomed.info/id/707423001	http://ncicb.nci.nih.gov/xml/owl/EVS/Thesaurus.owl#C54334	0.90134186
http://snomed.info/id/707426009	http://ncicb.nci.nih.gov/xml/owl/EVS/Thesaurus.owl#C54335	0.90791148
http://snomed.info/id/707427000	http://ncicb.nci.nih.gov/xml/owl/EVS/Thesaurus.owl#C8188	0.90239733
http://snomed.info/id/707432004	http://ncicb.nci.nih.gov/xml/owl/EVS/Thesaurus.owl#C168983	0.98185015
http://snomed.info/id/707451005	http://ncicb.nci.nih.gov/xml/owl/EVS/Thesaurus.owl#C3512	0.91289103
http://snomed.info/id/707453008	http://ncicb.nci.nih.gov/xml/owl/EVS/Thesaurus.owl#C45503	0.92014128
http://snomed.info/id/707454002	http://ncicb.nci.nih.gov/xml/owl/EVS/Thesaurus.owl#C45507	0.92365444
http://snomed.info/id/707455001	http://ncicb.nci.nih.gov/xml/owl/EVS/Thesaurus.owl#C45502	0.93508118
http://snomed.info/id/707457009	http://ncicb.nci.nih.gov/xml/owl/EVS/Thesaurus.owl#C45541	0.96393657
http://snomed.info/id/707458004	http://ncicb.nci.nih.gov/xml/owl/EVS/Thesaurus.owl#C45542	0.9656052
http://snomed.info/id/707464006	http://ncicb.nci.nih.gov/xml/owl/EVS/Thesaurus.owl#C142830	0.93571901
http://snomed.info/id/707465007	http://ncicb.nci.nih.gov/xml/owl/EVS/Thesaurus.owl#C45544	0.93138409
http://snomed.info/id/707466008	http://ncicb.nci.nih.gov/xml/owl/EVS/Thesaurus.owl#C5666	0.92236525
http://snomed.info/id/707492001	http://ncicb.nci.nih.gov/xml/owl/EVS/Thesaurus.owl#C4043	0.92088532
http://snomed.info/id/707575007	http://ncicb.nci.nih.gov/xml/owl/EVS/Thesaurus.owl#C4945	0.93612635
http://snomed.info/id/707576008	http://ncicb.nci.nih.gov/xml/owl/EVS/Thesaurus.owl#C8187	0.92263716
http://snomed.info/id/707594002	http://ncicb.nci.nih.gov/xml/owl/EVS/Thesaurus.owl#C5670	0.98424429
http://snomed.info/id/707596000	http://ncicb.nci.nih.gov/xml/owl/EVS/Thesaurus.owl#C45543	0.95257616
http://snomed.info/id/707625001	http://ncicb.nci.nih.gov/xml/owl/EVS/Thesaurus.owl#C6023	0.9565683
http://snomed.info/id/707660007	http://ncicb.nci.nih.gov/xml/owl/EVS/Thesaurus.owl#C54342	0.9021979
http://snomed.info/id/707664003	http://ncicb.nci.nih.gov/xml/owl/EVS/Thesaurus.owl#C8186	0.94547987
http://snomed.info/id/707670009	http://ncicb.nci.nih.gov/xml/owl/EVS/Thesaurus.owl#C5669	1.0
http://snomed.info/id/707671008	http://ncicb.nci.nih.gov/xml/owl/EVS/Thesaurus.owl#C45626	1.0
http://snomed.info/id/707672001	http://ncicb.nci.nih.gov/xml/owl/EVS/Thesaurus.owl#C45627	1.0
http://snomed.info/id/707673006	http://ncicb.nci.nih.gov/xml/owl/EVS/Thesaurus.owl#C45628	1.0
http://snomed.info/id/707703001	http://ncicb.nci.nih.gov/xml/owl/EVS/Thesaurus.owl#C8185	0.96003813
http://snomed.info/id/707704007	http://ncicb.nci.nih.gov/xml/owl/EVS/Thesaurus.owl#C4943	0.9212057
http://snomed.info/id/707705008	http://ncicb.nci.nih.gov/xml/owl/EVS/Thesaurus.owl#C7373	0.93475646
http://snomed.info/id/708504008	http://ncicb.nci.nih.gov/xml/owl/EVS/Thesaurus.owl#C8970	0.92004818
http://snomed.info/id/708518001	http://ncicb.nci.nih.gov/xml/owl/EVS/Thesaurus.owl#C9503	0.98564017
http://snomed.info/id/708971008	http://ncicb.nci.nih.gov/xml/owl/EVS/Thesaurus.owl#C7427	0.97493929
http://snomed.info/id/708973006	http://ncicb.nci.nih.gov/xml/owl/EVS/Thesaurus.owl#C154091	1.0
http://snomed.info/id/708974000	http://ncicb.nci.nih.gov/xml/owl/EVS/Thesaurus.owl#C170929	0.90437692
http://snomed.info/id/709002005	http://ncicb.nci.nih.gov/xml/owl/EVS/Thesaurus.owl#C4706	1.0
http://snomed.info/id/70910003	http://ncicb.nci.nih.gov/xml/owl/EVS/Thesaurus.owl#C9286	1.0
http://snomed.info/id/709190005	http://ncicb.nci.nih.gov/xml/owl/EVS/Thesaurus.owl#C8813	1.0
http://snomed.info/id/709191009	http://ncicb.nci.nih.gov/xml/owl/EVS/Thesaurus.owl#C156100	0.99197423
http://snomed.info/id/709194001	http://ncicb.nci.nih.gov/xml/owl/EVS/Thesaurus.owl#C158911	0.93504959
http://snomed.info/id/709196004	http://ncicb.nci.nih.gov/xml/owl/EVS/Thesaurus.owl#C148128	1.0
http://snomed.info/id/70971005	http://ncicb.nci.nih.gov/xml/owl/EVS/Thesaurus.owl#C4262	1.0
http://snomed.info/id/710193006	http://ncicb.nci.nih.gov/xml/owl/EVS/Thesaurus.owl#C34417	0.96913922
http://snomed.info/id/710195004	http://ncicb.nci.nih.gov/xml/owl/EVS/Thesaurus.owl#C35178	0.94372308
http://snomed.info/id/710211000	http://ncicb.nci.nih.gov/xml/owl/EVS/Thesaurus.owl#C121932	0.90710759
http://snomed.info/id/710798009	http://ncicb.nci.nih.gov/xml/owl/EVS/Thesaurus.owl#C66779	0.93664718
http://snomed.info/id/71086005	http://ncicb.nci.nih.gov/xml/owl/EVS/Thesaurus.owl#C3935	1.0
http://snomed.info/id/71101000119106	http://ncicb.nci.nih.gov/xml/owl/EVS/Thesaurus.owl#C7860	0.90667766
http://snomed.info/id/71109004	http://ncicb.nci.nih.gov/xml/owl/EVS/Thesaurus.owl#C66847	0.97847015
http://snomed.info/id/71111000119109	http://ncicb.nci.nih.gov/xml/owl/EVS/Thesaurus.owl#C9054	0.95736414
http://snomed.info/id/711329002	http://ncicb.nci.nih.gov/xml/owl/EVS/Thesaurus.owl#C7440	1.0
http://snomed.info/id/711414003	http://ncicb.nci.nih.gov/xml/owl/EVS/Thesaurus.owl#C45516	0.94751769
http://snomed.info/id/71232009	http://ncicb.nci.nih.gov/xml/owl/EVS/Thesaurus.owl#C7503	1.0
http://snomed.info/id/71244007	http://ncicb.nci.nih.gov/xml/owl/EVS/Thesaurus.owl#C3761	1.0
http://snomed.info/id/712750007	http://ncicb.nci.nih.gov/xml/owl/EVS/Thesaurus.owl#C4580	0.99083412
http://snomed.info/id/712849003	http://ncicb.nci.nih.gov/xml/owl/EVS/Thesaurus.owl#C36308	0.93892825
http://snomed.info/id/712989008	http://ncicb.nci.nih.gov/xml/owl/EVS/Thesaurus.owl#C7575	0.98059231
http://snomed.info/id/71314006	http://ncicb.nci.nih.gov/xml/owl/EVS/Thesaurus.owl#C4322	1.0
http://snomed.info/id/713189001	http://ncicb.nci.nih.gov/xml/owl/EVS/Thesaurus.owl#C65186	0.97911578
http://snomed.info/id/713293002	http://ncicb.nci.nih.gov/xml/owl/EVS/Thesaurus.owl#C6446	0.95473093
http://snomed.info/id/713306000	http://ncicb.nci.nih.gov/xml/owl/EVS/Thesaurus.owl#C135213	0.90277439
http://snomed.info/id/713516007	http://ncicb.nci.nih.gov/xml/owl/EVS/Thesaurus.owl#C6915	1.0
http://snomed.info/id/713577007	http://ncicb.nci.nih.gov/xml/owl/EVS/Thesaurus.owl#C8591	0.96931911
http://snomed.info/id/713582000	http://ncicb.nci.nih.gov/xml/owl/EVS/Thesaurus.owl#C4925	0.99210006
http://snomed.info/id/713588001	http://ncicb.nci.nih.gov/xml/owl/EVS/Thesaurus.owl#C6449	0.98979557
http://snomed.info/id/713609000	http://ncicb.nci.nih.gov/xml/owl/EVS/Thesaurus.owl#C9245	0.97815067
http://snomed.info/id/713646001	http://ncicb.nci.nih.gov/xml/owl/EVS/Thesaurus.owl#C9063	0.96737629
http://snomed.info/id/713718006	http://ncicb.nci.nih.gov/xml/owl/EVS/Thesaurus.owl#C8285	0.90335566
http://snomed.info/id/713739004	http://ncicb.nci.nih.gov/xml/owl/EVS/Thesaurus.owl#C5824	0.90910184
http://snomed.info/id/713897006	http://ncicb.nci.nih.gov/xml/owl/EVS/Thesaurus.owl#C8286	0.91082817
http://snomed.info/id/714251006	http://ncicb.nci.nih.gov/xml/owl/EVS/Thesaurus.owl#C128629	0.95944476
http://snomed.info/id/71440001	http://ncicb.nci.nih.gov/xml/owl/EVS/Thesaurus.owl#C3794	0.98015147
http://snomed.info/id/71447003	http://ncicb.nci.nih.gov/xml/owl/EVS/Thesaurus.owl#C3302	0.95718646
http://snomed.info/id/714809007	http://ncicb.nci.nih.gov/xml/owl/EVS/Thesaurus.owl#C2915	0.93778968
http://snomed.info/id/714810002	http://ncicb.nci.nih.gov/xml/owl/EVS/Thesaurus.owl#C2915	0.93778968
http://snomed.info/id/715561008	http://ncicb.nci.nih.gov/xml/owl/EVS/Thesaurus.owl#C9222	1.0
http://snomed.info/id/715634002	http://ncicb.nci.nih.gov/xml/owl/EVS/Thesaurus.owl#C8381	1.0
http://snomed.info/id/715664005	http://ncicb.nci.nih.gov/xml/owl/EVS/Thesaurus.owl#C9282	1.0
http://snomed.info/id/715903004	http://ncicb.nci.nih.gov/xml/owl/EVS/Thesaurus.owl#C66808	0.98068821
http://snomed.info/id/715904005	http://ncicb.nci.nih.gov/xml/owl/EVS/Thesaurus.owl#C6967	1.0
http://snomed.info/id/715907003	http://ncicb.nci.nih.gov/xml/owl/EVS/Thesaurus.owl#C157449	1.0
http://snomed.info/id/716077006	http://ncicb.nci.nih.gov/xml/owl/EVS/Thesaurus.owl#C8110	0.96805918
http://snomed.info/id/716179006	http://ncicb.nci.nih.gov/xml/owl/EVS/Thesaurus.owl#C92555	1.0
http://snomed.info/id/716274007	http://ncicb.nci.nih.gov/xml/owl/EVS/Thesaurus.owl#C62282	0.99317902
http://snomed.info/id/716594002	http://ncicb.nci.nih.gov/xml/owl/EVS/Thesaurus.owl#C39985	0.98317099
http://snomed.info/id/716655008	http://ncicb.nci.nih.gov/xml/owl/EVS/Thesaurus.owl#C9285	1.0
http://snomed.info/id/716659002	http://ncicb.nci.nih.gov/xml/owl/EVS/Thesaurus.owl#C34447	0.97294897
http://snomed.info/id/71666005	http://ncicb.nci.nih.gov/xml/owl/EVS/Thesaurus.owl#C3297	1.0
http://snomed.info/id/716787002	http://ncicb.nci.nih.gov/xml/owl/EVS/Thesaurus.owl#C92555	1.0
http://snomed.info/id/717731002	http://ncicb.nci.nih.gov/xml/owl/EVS/Thesaurus.owl#C6381	0.96954721
http://snomed.info/id/717735006	http://ncicb.nci.nih.gov/xml/owl/EVS/Thesaurus.owl#C9385	0.92945993
http://snomed.info/id/717736007	http://ncicb.nci.nih.gov/xml/owl/EVS/Thesaurus.owl#C39789	0.9381026
http://snomed.info/id/717780007	http://ncicb.nci.nih.gov/xml/owl/EVS/Thesaurus.owl#C80310	1.0
http://snomed.info/id/717916003	http://ncicb.nci.nih.gov/xml/owl/EVS/Thesaurus.owl#C96425	0.97040927
http://snomed.info/id/717919005	http://ncicb.nci.nih.gov/xml/owl/EVS/Thesaurus.owl#C27720	0.97879028
http://snomed.info/id/719049003	http://ncicb.nci.nih.gov/xml/owl/EVS/Thesaurus.owl#C3736	0.99071354
http://snomed.info/id/719052006	http://ncicb.nci.nih.gov/xml/owl/EVS/Thesaurus.owl#C162652	1.0
http://snomed.info/id/719105002	http://ncicb.nci.nih.gov/xml/owl/EVS/Thesaurus.owl#C3915	1.0
http://snomed.info/id/7199000	http://ncicb.nci.nih.gov/xml/owl/EVS/Thesaurus.owl#C3424	0.95085746
http://snomed.info/id/719952009	http://ncicb.nci.nih.gov/xml/owl/EVS/Thesaurus.owl#C9118	0.92219722
http://snomed.info/id/720344007	http://ncicb.nci.nih.gov/xml/owl/EVS/Thesaurus.owl#C5196	0.97551727
http://snomed.info/id/720346009	http://ncicb.nci.nih.gov/xml/owl/EVS/Thesaurus.owl#C9309	0.95503873
http://snomed.info/id/720487006	http://ncicb.nci.nih.gov/xml/owl/EVS/Thesaurus.owl#C53594	0.99135846
http://snomed.info/id/72079004	http://ncicb.nci.nih.gov/xml/owl/EVS/Thesaurus.owl#C170888	0.93713444
http://snomed.info/id/721188000	http://ncicb.nci.nih.gov/xml/owl/EVS/Thesaurus.owl#C3226	1.0
http://snomed.info/id/721193002	http://ncicb.nci.nih.gov/xml/owl/EVS/Thesaurus.owl#C27721	0.94469756
http://snomed.info/id/721194008	http://ncicb.nci.nih.gov/xml/owl/EVS/Thesaurus.owl#C5696	0.96296799
http://snomed.info/id/721303001	http://ncicb.nci.nih.gov/xml/owl/EVS/Thesaurus.owl#C82593	1.0
http://snomed.info/id/721304007	http://ncicb.nci.nih.gov/xml/owl/EVS/Thesaurus.owl#C82594	1.0
http://snomed.info/id/721305008	http://ncicb.nci.nih.gov/xml/owl/EVS/Thesaurus.owl#C7175	0.98340869
http://snomed.info/id/721306009	http://ncicb.nci.nih.gov/xml/owl/EVS/Thesaurus.owl#C8252	0.9361003
http://snomed.info/id/721308005	http://ncicb.nci.nih.gov/xml/owl/EVS/Thesaurus.owl#C7464	1.0
http://snomed.info/id/721310007	http://ncicb.nci.nih.gov/xml/owl/EVS/Thesaurus.owl#C8647	0.95762455
http://snomed.info/id/721311006	http://ncicb.nci.nih.gov/xml/owl/EVS/Thesaurus.owl#C80373	0.9502725
http://snomed.info/id/721313009	http://ncicb.nci.nih.gov/xml/owl/EVS/Thesaurus.owl#C81767	0.97883385
http://snomed.info/id/721314003	http://ncicb.nci.nih.gov/xml/owl/EVS/Thesaurus.owl#C81758	0.98861682
http://snomed.info/id/721535002	http://ncicb.nci.nih.gov/xml/owl/EVS/Thesaurus.owl#C3791	0.96980602
http://snomed.info/id/721540005	http://ncicb.nci.nih.gov/xml/owl/EVS/Thesaurus.owl#C3775	0.91829163
http://snomed.info/id/721545000	http://ncicb.nci.nih.gov/xml/owl/EVS/Thesaurus.owl#C4780	0.98929203
http://snomed.info/id/721546004	http://ncicb.nci.nih.gov/xml/owl/EVS/Thesaurus.owl#C174561	0.91425556
http://snomed.info/id/721548003	http://ncicb.nci.nih.gov/xml/owl/EVS/Thesaurus.owl#C175308	0.94498849
http://snomed.info/id/721549006	http://ncicb.nci.nih.gov/xml/owl/EVS/Thesaurus.owl#C4541	0.9388147
http://snomed.info/id/721555001	http://ncicb.nci.nih.gov/xml/owl/EVS/Thesaurus.owl#C96056	0.9258101
http://snomed.info/id/721557009	http://ncicb.nci.nih.gov/xml/owl/EVS/Thesaurus.owl#C5941	0.96085739
http://snomed.info/id/721560002	http://ncicb.nci.nih.gov/xml/owl/EVS/Thesaurus.owl#C6015	0.92585003
http://snomed.info/id/721561003	http://ncicb.nci.nih.gov/xml/owl/EVS/Thesaurus.owl#C6848	0.92989826
http://snomed.info/id/721567004	http://ncicb.nci.nih.gov/xml/owl/EVS/Thesaurus.owl#C3555	0.92598623
http://snomed.info/id/721569001	http://ncicb.nci.nih.gov/xml/owl/EVS/Thesaurus.owl#C40135	0.93223852
http://snomed.info/id/721570000	http://ncicb.nci.nih.gov/xml/owl/EVS/Thesaurus.owl#C53998	0.97309905
http://snomed.info/id/721573003	http://ncicb.nci.nih.gov/xml/owl/EVS/Thesaurus.owl#C4784	0.9585489
http://snomed.info/id/721575005	http://ncicb.nci.nih.gov/xml/owl/EVS/Thesaurus.owl#C147097	0.94106162
http://snomed.info/id/721576006	http://ncicb.nci.nih.gov/xml/owl/EVS/Thesaurus.owl#C176251	0.98765206
http://snomed.info/id/721581002	http://ncicb.nci.nih.gov/xml/owl/EVS/Thesaurus.owl#C6490	1.0
http://snomed.info/id/721594000	http://ncicb.nci.nih.gov/xml/owl/EVS/Thesaurus.owl#C4190	0.94633394
http://snomed.info/id/721595004	http://ncicb.nci.nih.gov/xml/owl/EVS/Thesaurus.owl#C7645	0.94873482
http://snomed.info/id/721596003	http://ncicb.nci.nih.gov/xml/owl/EVS/Thesaurus.owl#C176011	0.97990704
http://snomed.info/id/721597007	http://ncicb.nci.nih.gov/xml/owl/EVS/Thesaurus.owl#C62210	0.98326367
http://snomed.info/id/721598002	http://ncicb.nci.nih.gov/xml/owl/EVS/Thesaurus.owl#C9473	0.97826576
http://snomed.info/id/721601007	http://ncicb.nci.nih.gov/xml/owl/EVS/Thesaurus.owl#C5194	0.90122068
http://snomed.info/id/721602000	http://ncicb.nci.nih.gov/xml/owl/EVS/Thesaurus.owl#C6341	0.92135561
http://snomed.info/id/721603005	http://ncicb.nci.nih.gov/xml/owl/EVS/Thesaurus.owl#C7733	0.91070712
http://snomed.info/id/721607006	http://ncicb.nci.nih.gov/xml/owl/EVS/Thesaurus.owl#C68610	0.91007882
http://snomed.info/id/721625004	http://ncicb.nci.nih.gov/xml/owl/EVS/Thesaurus.owl#C95619	0.92618477
http://snomed.info/id/721626003	http://ncicb.nci.nih.gov/xml/owl/EVS/Thesaurus.owl#C5821	0.91449291
http://snomed.info/id/721627007	http://ncicb.nci.nih.gov/xml/owl/EVS/Thesaurus.owl#C5707	0.92614716
http://snomed.info/id/721630000	http://ncicb.nci.nih.gov/xml/owl/EVS/Thesaurus.owl#C5247	0.93350464
http://snomed.info/id/721638007	http://ncicb.nci.nih.gov/xml/owl/EVS/Thesaurus.owl#C95884	0.91208309
http://snomed.info/id/721644006	http://ncicb.nci.nih.gov/xml/owl/EVS/Thesaurus.owl#C135080	0.90733194
http://snomed.info/id/721670007	http://ncicb.nci.nih.gov/xml/owl/EVS/Thesaurus.owl#C5803	0.93335027
http://snomed.info/id/721671006	http://ncicb.nci.nih.gov/xml/owl/EVS/Thesaurus.owl#C96064	0.94568235
http://snomed.info/id/721672004	http://ncicb.nci.nih.gov/xml/owl/EVS/Thesaurus.owl#C43558	0.94988829
http://snomed.info/id/721673009	http://ncicb.nci.nih.gov/xml/owl/EVS/Thesaurus.owl#C60709	0.92077774
http://snomed.info/id/721697000	http://ncicb.nci.nih.gov/xml/owl/EVS/Thesaurus.owl#C170977	0.91908514
http://snomed.info/id/721698005	http://ncicb.nci.nih.gov/xml/owl/EVS/Thesaurus.owl#C5697	0.93739522
http://snomed.info/id/721700001	http://ncicb.nci.nih.gov/xml/owl/EVS/Thesaurus.owl#C5698	0.91739398
http://snomed.info/id/721701002	http://ncicb.nci.nih.gov/xml/owl/EVS/Thesaurus.owl#C176697	0.90908539
http://snomed.info/id/721709000	http://ncicb.nci.nih.gov/xml/owl/EVS/Thesaurus.owl#C8255	0.92499638
http://snomed.info/id/721716004	http://ncicb.nci.nih.gov/xml/owl/EVS/Thesaurus.owl#C35417	0.92628914
http://snomed.info/id/721718003	http://ncicb.nci.nih.gov/xml/owl/EVS/Thesaurus.owl#C6650	0.94471586
http://snomed.info/id/721719006	http://ncicb.nci.nih.gov/xml/owl/EVS/Thesaurus.owl#C6659	0.94175351
http://snomed.info/id/721725005	http://ncicb.nci.nih.gov/xml/owl/EVS/Thesaurus.owl#C170733	0.95573366
http://snomed.info/id/721762007	http://ncicb.nci.nih.gov/xml/owl/EVS/Thesaurus.owl#C45272	0.97201103
http://snomed.info/id/722103009	http://ncicb.nci.nih.gov/xml/owl/EVS/Thesaurus.owl#C153336	0.9251669
http://snomed.info/id/722513008	http://ncicb.nci.nih.gov/xml/owl/EVS/Thesaurus.owl#C27904	0.93019652
http://snomed.info/id/722517009	http://ncicb.nci.nih.gov/xml/owl/EVS/Thesaurus.owl#C3798	0.94448441
http://snomed.info/id/722523004	http://ncicb.nci.nih.gov/xml/owl/EVS/Thesaurus.owl#C4195	0.92521232
http://snomed.info/id/722524005	http://ncicb.nci.nih.gov/xml/owl/EVS/Thesaurus.owl#C97051	0.9491331
http://snomed.info/id/722528008	http://ncicb.nci.nih.gov/xml/owl/EVS/Thesaurus.owl#C5670	0.93523932
http://snomed.info/id/722529000	http://ncicb.nci.nih.gov/xml/owl/EVS/Thesaurus.owl#C9321	0.90799606
http://snomed.info/id/722542000	http://ncicb.nci.nih.gov/xml/owl/EVS/Thesaurus.owl#C7469	0.93687773
http://snomed.info/id/722670005	http://ncicb.nci.nih.gov/xml/owl/EVS/Thesaurus.owl#C7569	0.92821223
http://snomed.info/id/722674001	http://ncicb.nci.nih.gov/xml/owl/EVS/Thesaurus.owl#C5942	0.96744817
http://snomed.info/id/722676004	http://ncicb.nci.nih.gov/xml/owl/EVS/Thesaurus.owl#C6086	0.92786461
http://snomed.info/id/722678003	http://ncicb.nci.nih.gov/xml/owl/EVS/Thesaurus.owl#C7736	0.90351921
http://snomed.info/id/722679006	http://ncicb.nci.nih.gov/xml/owl/EVS/Thesaurus.owl#C40144	0.94489884
http://snomed.info/id/722680009	http://ncicb.nci.nih.gov/xml/owl/EVS/Thesaurus.owl#C27838	0.95954823
http://snomed.info/id/722681008	http://ncicb.nci.nih.gov/xml/owl/EVS/Thesaurus.owl#C40153	0.93463516
http://snomed.info/id/722683006	http://ncicb.nci.nih.gov/xml/owl/EVS/Thesaurus.owl#C128045	0.90757883
http://snomed.info/id/722684000	http://ncicb.nci.nih.gov/xml/owl/EVS/Thesaurus.owl#C105556	0.96754843
http://snomed.info/id/722685004	http://ncicb.nci.nih.gov/xml/owl/EVS/Thesaurus.owl#C105555	0.96662569
http://snomed.info/id/722690001	http://ncicb.nci.nih.gov/xml/owl/EVS/Thesaurus.owl#C8592	1.0
http://snomed.info/id/722707001	http://ncicb.nci.nih.gov/xml/owl/EVS/Thesaurus.owl#C8547	0.90943271
http://snomed.info/id/722714004	http://ncicb.nci.nih.gov/xml/owl/EVS/Thesaurus.owl#C6091	0.92931998
http://snomed.info/id/722795004	http://ncicb.nci.nih.gov/xml/owl/EVS/Thesaurus.owl#C94754	1.0
http://snomed.info/id/722832009	http://ncicb.nci.nih.gov/xml/owl/EVS/Thesaurus.owl#C176012	0.92349106
http://snomed.info/id/722953004	http://ncicb.nci.nih.gov/xml/owl/EVS/Thesaurus.owl#C37869	0.96278393
http://snomed.info/id/722954005	http://ncicb.nci.nih.gov/xml/owl/EVS/Thesaurus.owl#C37869	0.98498106
http://snomed.info/id/722955006	http://ncicb.nci.nih.gov/xml/owl/EVS/Thesaurus.owl#C39591	0.9546479
http://snomed.info/id/722956007	http://ncicb.nci.nih.gov/xml/owl/EVS/Thesaurus.owl#C4727	0.91118234
http://snomed.info/id/722957003	http://ncicb.nci.nih.gov/xml/owl/EVS/Thesaurus.owl#C7241	0.92411077
http://snomed.info/id/723009000	http://ncicb.nci.nih.gov/xml/owl/EVS/Thesaurus.owl#C6498	0.91510713
http://snomed.info/id/723076008	http://ncicb.nci.nih.gov/xml/owl/EVS/Thesaurus.owl#C6496	0.95851648
http://snomed.info/id/723081004	http://ncicb.nci.nih.gov/xml/owl/EVS/Thesaurus.owl#C7148	0.90095502
http://snomed.info/id/723164006	http://ncicb.nci.nih.gov/xml/owl/EVS/Thesaurus.owl#C27790	0.91981179
http://snomed.info/id/723174009	http://ncicb.nci.nih.gov/xml/owl/EVS/Thesaurus.owl#C8592	0.9118799
http://snomed.info/id/723182009	http://ncicb.nci.nih.gov/xml/owl/EVS/Thesaurus.owl#C8192	0.92848456
http://snomed.info/id/723301009	http://ncicb.nci.nih.gov/xml/owl/EVS/Thesaurus.owl#C133254	0.95816159
http://snomed.info/id/723850009	http://ncicb.nci.nih.gov/xml/owl/EVS/Thesaurus.owl#C4834	0.93642938
http://snomed.info/id/723889003	http://ncicb.nci.nih.gov/xml/owl/EVS/Thesaurus.owl#C80331	0.97576445
http://snomed.info/id/723976005	http://ncicb.nci.nih.gov/xml/owl/EVS/Thesaurus.owl#C3042	1.0
http://snomed.info/id/724171006	http://ncicb.nci.nih.gov/xml/owl/EVS/Thesaurus.owl#C4055	1.0
http://snomed.info/id/724552002	http://ncicb.nci.nih.gov/xml/owl/EVS/Thesaurus.owl#C6040	0.95750737
http://snomed.info/id/724554001	http://ncicb.nci.nih.gov/xml/owl/EVS/Thesaurus.owl#C3575	0.90486372
http://snomed.info/id/72457004	http://ncicb.nci.nih.gov/xml/owl/EVS/Thesaurus.owl#C4208	0.92260504
http://snomed.info/id/724577001	http://ncicb.nci.nih.gov/xml/owl/EVS/Thesaurus.owl#C6602	0.92158371
http://snomed.info/id/724581001	http://ncicb.nci.nih.gov/xml/owl/EVS/Thesaurus.owl#C34417	0.93331575
http://snomed.info/id/724645006	http://ncicb.nci.nih.gov/xml/owl/EVS/Thesaurus.owl#C9496	1.0
http://snomed.info/id/724648008	http://ncicb.nci.nih.gov/xml/owl/EVS/Thesaurus.owl#C7224	1.0
http://snomed.info/id/724649000	http://ncicb.nci.nih.gov/xml/owl/EVS/Thesaurus.owl#C6921	1.0
http://snomed.info/id/724650000	http://ncicb.nci.nih.gov/xml/owl/EVS/Thesaurus.owl#C9281	0.9736377
http://snomed.info/id/72495009	http://ncicb.nci.nih.gov/xml/owl/EVS/Thesaurus.owl#C26712	1.0
http://snomed.info/id/725167001	http://ncicb.nci.nih.gov/xml/owl/EVS/Thesaurus.owl#C60709	0.98034704
http://snomed.info/id/72519002	http://ncicb.nci.nih.gov/xml/owl/EVS/Thesaurus.owl#C3956	1.0
http://snomed.info/id/725391003	http://ncicb.nci.nih.gov/xml/owl/EVS/Thesaurus.owl#C9019	0.91823864
http://snomed.info/id/725967000	http://ncicb.nci.nih.gov/xml/owl/EVS/Thesaurus.owl#C5656	1.0
http://snomed.info/id/726097000	http://ncicb.nci.nih.gov/xml/owl/EVS/Thesaurus.owl#C38342	0.93782622
http://snomed.info/id/726115006	http://ncicb.nci.nih.gov/xml/owl/EVS/Thesaurus.owl#C6602	1.0
http://snomed.info/id/726420002	http://ncicb.nci.nih.gov/xml/owl/EVS/Thesaurus.owl#C5317	1.0
http://snomed.info/id/726421003	http://ncicb.nci.nih.gov/xml/owl/EVS/Thesaurus.owl#C45707	1.0
http://snomed.info/id/726423000	http://ncicb.nci.nih.gov/xml/owl/EVS/Thesaurus.owl#C45706	1.0
http://snomed.info/id/726424006	http://ncicb.nci.nih.gov/xml/owl/EVS/Thesaurus.owl#C40162	0.9205175
http://snomed.info/id/726545001	http://ncicb.nci.nih.gov/xml/owl/EVS/Thesaurus.owl#C164253	0.95760268
http://snomed.info/id/726652005	http://ncicb.nci.nih.gov/xml/owl/EVS/Thesaurus.owl#C6430	0.9297291
http://snomed.info/id/72787006	http://ncicb.nci.nih.gov/xml/owl/EVS/Thesaurus.owl#C3308	0.92554122
http://snomed.info/id/72889001	http://ncicb.nci.nih.gov/xml/owl/EVS/Thesaurus.owl#C4294	1.0
http://snomed.info/id/72891000119103	http://ncicb.nci.nih.gov/xml/owl/EVS/Thesaurus.owl#C172955	0.91749233
http://snomed.info/id/72900001	http://ncicb.nci.nih.gov/xml/owl/EVS/Thesaurus.owl#C155954	0.91468662
http://snomed.info/id/72905006	http://ncicb.nci.nih.gov/xml/owl/EVS/Thesaurus.owl#C4271	0.90930802
http://snomed.info/id/72907003	http://ncicb.nci.nih.gov/xml/owl/EVS/Thesaurus.owl#C9309	0.90636253
http://snomed.info/id/72938002	http://ncicb.nci.nih.gov/xml/owl/EVS/Thesaurus.owl#C65162	1.0
http://snomed.info/id/72969003	http://ncicb.nci.nih.gov/xml/owl/EVS/Thesaurus.owl#C65160	1.0
http://snomed.info/id/73103007	http://ncicb.nci.nih.gov/xml/owl/EVS/Thesaurus.owl#C6933	0.97874188
http://snomed.info/id/73219006	http://ncicb.nci.nih.gov/xml/owl/EVS/Thesaurus.owl#C3733	1.0
http://snomed.info/id/732977002	http://ncicb.nci.nih.gov/xml/owl/EVS/Thesaurus.owl#C2852	0.9080267
http://snomed.info/id/733074001	http://ncicb.nci.nih.gov/xml/owl/EVS/Thesaurus.owl#C174022	1.0
http://snomed.info/id/733075000	http://ncicb.nci.nih.gov/xml/owl/EVS/Thesaurus.owl#C45709	1.0
http://snomed.info/id/733102000	http://ncicb.nci.nih.gov/xml/owl/EVS/Thesaurus.owl#C35555	0.90817428
http://snomed.info/id/733123006	http://ncicb.nci.nih.gov/xml/owl/EVS/Thesaurus.owl#C129424	0.9917115
http://snomed.info/id/733144006	http://ncicb.nci.nih.gov/xml/owl/EVS/Thesaurus.owl#C156885	0.92174518
http://snomed.info/id/733163007	http://ncicb.nci.nih.gov/xml/owl/EVS/Thesaurus.owl#C96549	0.93491298
http://snomed.info/id/733343005	http://ncicb.nci.nih.gov/xml/owl/EVS/Thesaurus.owl#C4833	0.91595054
http://snomed.info/id/733344004	http://ncicb.nci.nih.gov/xml/owl/EVS/Thesaurus.owl#C4042	0.92059588
http://snomed.info/id/733349009	http://ncicb.nci.nih.gov/xml/owl/EVS/Thesaurus.owl#C4130	0.90482968
http://snomed.info/id/733351008	http://ncicb.nci.nih.gov/xml/owl/EVS/Thesaurus.owl#C95984	0.93400937
http://snomed.info/id/733352001	http://ncicb.nci.nih.gov/xml/owl/EVS/Thesaurus.owl#C4130	0.90269327
http://snomed.info/id/733359005	http://ncicb.nci.nih.gov/xml/owl/EVS/Thesaurus.owl#C8719	0.92804843
http://snomed.info/id/733360000	http://ncicb.nci.nih.gov/xml/owl/EVS/Thesaurus.owl#C40156	0.92434806
http://snomed.info/id/733361001	http://ncicb.nci.nih.gov/xml/owl/EVS/Thesaurus.owl#C5243	0.94508809
http://snomed.info/id/733414001	http://ncicb.nci.nih.gov/xml/owl/EVS/Thesaurus.owl#C7493	0.97752231
http://snomed.info/id/733470002	http://ncicb.nci.nih.gov/xml/owl/EVS/Thesaurus.owl#C6194	0.94398695
http://snomed.info/id/733471003	http://ncicb.nci.nih.gov/xml/owl/EVS/Thesaurus.owl#C4146	1.0
http://snomed.info/id/733523000	http://ncicb.nci.nih.gov/xml/owl/EVS/Thesaurus.owl#C7570	0.91516286
http://snomed.info/id/733602004	http://ncicb.nci.nih.gov/xml/owl/EVS/Thesaurus.owl#C126303	1.0
http://snomed.info/id/733603009	http://ncicb.nci.nih.gov/xml/owl/EVS/Thesaurus.owl#C126303	1.0
http://snomed.info/id/733607005	http://ncicb.nci.nih.gov/xml/owl/EVS/Thesaurus.owl#C6975	1.0
http://snomed.info/id/733608000	http://ncicb.nci.nih.gov/xml/owl/EVS/Thesaurus.owl#C6975	1.0
http://snomed.info/id/733832005	http://ncicb.nci.nih.gov/xml/owl/EVS/Thesaurus.owl#C129290	0.9181245
http://snomed.info/id/733836008	http://ncicb.nci.nih.gov/xml/owl/EVS/Thesaurus.owl#C38151	1.0
http://snomed.info/id/733837004	http://ncicb.nci.nih.gov/xml/owl/EVS/Thesaurus.owl#C129293	1.0
http://snomed.info/id/733840004	http://ncicb.nci.nih.gov/xml/owl/EVS/Thesaurus.owl#C129291	0.926844
http://snomed.info/id/733841000	http://ncicb.nci.nih.gov/xml/owl/EVS/Thesaurus.owl#C129271	0.90979809
http://snomed.info/id/733843002	http://ncicb.nci.nih.gov/xml/owl/EVS/Thesaurus.owl#C129321	0.98556101
http://snomed.info/id/733845009	http://ncicb.nci.nih.gov/xml/owl/EVS/Thesaurus.owl#C6192	1.0
http://snomed.info/id/733848006	http://ncicb.nci.nih.gov/xml/owl/EVS/Thesaurus.owl#C129327	1.0
http://snomed.info/id/733850003	http://ncicb.nci.nih.gov/xml/owl/EVS/Thesaurus.owl#C40165	0.94209266
http://snomed.info/id/733859002	http://ncicb.nci.nih.gov/xml/owl/EVS/Thesaurus.owl#C27547	1.0
http://snomed.info/id/733860007	http://ncicb.nci.nih.gov/xml/owl/EVS/Thesaurus.owl#C80299	1.0
http://snomed.info/id/733862004	http://ncicb.nci.nih.gov/xml/owl/EVS/Thesaurus.owl#C129309	0.95586306
http://snomed.info/id/733868000	http://ncicb.nci.nih.gov/xml/owl/EVS/Thesaurus.owl#C129351	1.0
http://snomed.info/id/733872001	http://ncicb.nci.nih.gov/xml/owl/EVS/Thesaurus.owl#C129442	0.92482489
http://snomed.info/id/733874000	http://ncicb.nci.nih.gov/xml/owl/EVS/Thesaurus.owl#C129442	0.91602331
http://snomed.info/id/733878002	http://ncicb.nci.nih.gov/xml/owl/EVS/Thesaurus.owl#C164144	0.95154321
http://snomed.info/id/733881007	http://ncicb.nci.nih.gov/xml/owl/EVS/Thesaurus.owl#C154494	0.94759196
http://snomed.info/id/733883005	http://ncicb.nci.nih.gov/xml/owl/EVS/Thesaurus.owl#C4123	0.90925032
http://snomed.info/id/733884004	http://ncicb.nci.nih.gov/xml/owl/EVS/Thesaurus.owl#C26712	0.9019115
http://snomed.info/id/733887006	http://ncicb.nci.nih.gov/xml/owl/EVS/Thesaurus.owl#C35836	0.95477861
http://snomed.info/id/733889009	http://ncicb.nci.nih.gov/xml/owl/EVS/Thesaurus.owl#C39750	0.92557073
http://snomed.info/id/733892008	http://ncicb.nci.nih.gov/xml/owl/EVS/Thesaurus.owl#C27516	1.0
http://snomed.info/id/733894009	http://ncicb.nci.nih.gov/xml/owl/EVS/Thesaurus.owl#C27518	1.0
http://snomed.info/id/733895005	http://ncicb.nci.nih.gov/xml/owl/EVS/Thesaurus.owl#C45339	1.0
http://snomed.info/id/733897002	http://ncicb.nci.nih.gov/xml/owl/EVS/Thesaurus.owl#C27542	0.95483279
http://snomed.info/id/733902001	http://ncicb.nci.nih.gov/xml/owl/EVS/Thesaurus.owl#C5407	1.0
http://snomed.info/id/733906003	http://ncicb.nci.nih.gov/xml/owl/EVS/Thesaurus.owl#C129431	0.98778045
http://snomed.info/id/733909005	http://ncicb.nci.nih.gov/xml/owl/EVS/Thesaurus.owl#C129440	0.90446895
http://snomed.info/id/733912008	http://ncicb.nci.nih.gov/xml/owl/EVS/Thesaurus.owl#C7500	1.0
http://snomed.info/id/733913003	http://ncicb.nci.nih.gov/xml/owl/EVS/Thesaurus.owl#C54303	0.99790376
http://snomed.info/id/733914009	http://ncicb.nci.nih.gov/xml/owl/EVS/Thesaurus.owl#C162466	1.0
http://snomed.info/id/733917002	http://ncicb.nci.nih.gov/xml/owl/EVS/Thesaurus.owl#C80297	0.9798981
http://snomed.info/id/733926004	http://ncicb.nci.nih.gov/xml/owl/EVS/Thesaurus.owl#C92629	0.98663384
http://snomed.info/id/734014001	http://ncicb.nci.nih.gov/xml/owl/EVS/Thesaurus.owl#C121955	0.93493474
http://snomed.info/id/734032001	http://ncicb.nci.nih.gov/xml/owl/EVS/Thesaurus.owl#C54300	1.0
http://snomed.info/id/734033006	http://ncicb.nci.nih.gov/xml/owl/EVS/Thesaurus.owl#C7097	0.99361455
http://snomed.info/id/734036003	http://ncicb.nci.nih.gov/xml/owl/EVS/Thesaurus.owl#C4524	0.98964691
http://snomed.info/id/734038002	http://ncicb.nci.nih.gov/xml/owl/EVS/Thesaurus.owl#C45638	1.0
http://snomed.info/id/734044003	http://ncicb.nci.nih.gov/xml/owl/EVS/Thesaurus.owl#C37193	0.91508228
http://snomed.info/id/734049008	http://ncicb.nci.nih.gov/xml/owl/EVS/Thesaurus.owl#C3363	0.93746442
http://snomed.info/id/734058001	http://ncicb.nci.nih.gov/xml/owl/EVS/Thesaurus.owl#C4189	0.9390595
http://snomed.info/id/734063002	http://ncicb.nci.nih.gov/xml/owl/EVS/Thesaurus.owl#C54299	0.94729328
http://snomed.info/id/734064008	http://ncicb.nci.nih.gov/xml/owl/EVS/Thesaurus.owl#C54298	0.94166398
http://snomed.info/id/734065009	http://ncicb.nci.nih.gov/xml/owl/EVS/Thesaurus.owl#C6990	0.94606388
http://snomed.info/id/734066005	http://ncicb.nci.nih.gov/xml/owl/EVS/Thesaurus.owl#C71720	0.98506308
http://snomed.info/id/734067001	http://ncicb.nci.nih.gov/xml/owl/EVS/Thesaurus.owl#C80309	1.0
http://snomed.info/id/734068006	http://ncicb.nci.nih.gov/xml/owl/EVS/Thesaurus.owl#C129501	0.98737466
http://snomed.info/id/734072005	http://ncicb.nci.nih.gov/xml/owl/EVS/Thesaurus.owl#C142827	1.0
http://snomed.info/id/734073000	http://ncicb.nci.nih.gov/xml/owl/EVS/Thesaurus.owl#C129444	0.95042491
http://snomed.info/id/734076008	http://ncicb.nci.nih.gov/xml/owl/EVS/Thesaurus.owl#C80289	1.0
http://snomed.info/id/734078009	http://ncicb.nci.nih.gov/xml/owl/EVS/Thesaurus.owl#C6834	0.98294479
http://snomed.info/id/734079001	http://ncicb.nci.nih.gov/xml/owl/EVS/Thesaurus.owl#C39755	0.93753994
http://snomed.info/id/734083001	http://ncicb.nci.nih.gov/xml/owl/EVS/Thesaurus.owl#C41426	1.0
http://snomed.info/id/734086009	http://ncicb.nci.nih.gov/xml/owl/EVS/Thesaurus.owl#C129318	0.98026335
http://snomed.info/id/734087000	http://ncicb.nci.nih.gov/xml/owl/EVS/Thesaurus.owl#C4915	0.9759286
http://snomed.info/id/734093008	http://ncicb.nci.nih.gov/xml/owl/EVS/Thesaurus.owl#C129499	0.96988553
http://snomed.info/id/734095001	http://ncicb.nci.nih.gov/xml/owl/EVS/Thesaurus.owl#C7491	1.0
http://snomed.info/id/734099007	http://ncicb.nci.nih.gov/xml/owl/EVS/Thesaurus.owl#C4826	0.99136883
http://snomed.info/id/734100004	http://ncicb.nci.nih.gov/xml/owl/EVS/Thesaurus.owl#C7635	1.0
http://snomed.info/id/734134003	http://ncicb.nci.nih.gov/xml/owl/EVS/Thesaurus.owl#C6905	1.0
http://snomed.info/id/734141009	http://ncicb.nci.nih.gov/xml/owl/EVS/Thesaurus.owl#C7310	0.91906321
http://snomed.info/id/734142002	http://ncicb.nci.nih.gov/xml/owl/EVS/Thesaurus.owl#C37869	0.91510868
http://snomed.info/id/734274003	http://ncicb.nci.nih.gov/xml/owl/EVS/Thesaurus.owl#C39946	0.98088491
http://snomed.info/id/734305000	http://ncicb.nci.nih.gov/xml/owl/EVS/Thesaurus.owl#C126975	0.95244509
http://snomed.info/id/73506006	http://ncicb.nci.nih.gov/xml/owl/EVS/Thesaurus.owl#C3746	1.0
http://snomed.info/id/735679005	http://ncicb.nci.nih.gov/xml/owl/EVS/Thesaurus.owl#C53493	0.92542559
http://snomed.info/id/735680008	http://ncicb.nci.nih.gov/xml/owl/EVS/Thesaurus.owl#C4834	0.97969604
http://snomed.info/id/735735001	http://ncicb.nci.nih.gov/xml/owl/EVS/Thesaurus.owl#C27031	0.90686858
http://snomed.info/id/735757008	http://ncicb.nci.nih.gov/xml/owl/EVS/Thesaurus.owl#C92629	0.92574757
http://snomed.info/id/735920008	http://ncicb.nci.nih.gov/xml/owl/EVS/Thesaurus.owl#C4766	0.92963177
http://snomed.info/id/736322001	http://ncicb.nci.nih.gov/xml/owl/EVS/Thesaurus.owl#C80297	0.97989798
http://snomed.info/id/73676002	http://ncicb.nci.nih.gov/xml/owl/EVS/Thesaurus.owl#C9341	0.97185111
http://snomed.info/id/737169005	http://ncicb.nci.nih.gov/xml/owl/EVS/Thesaurus.owl#C176005	0.94884318
http://snomed.info/id/737223000	http://ncicb.nci.nih.gov/xml/owl/EVS/Thesaurus.owl#C27260	0.96584105
http://snomed.info/id/737224006	http://ncicb.nci.nih.gov/xml/owl/EVS/Thesaurus.owl#C35765	0.94758004
http://snomed.info/id/737268008	http://ncicb.nci.nih.gov/xml/owl/EVS/Thesaurus.owl#C175497	0.94766206
http://snomed.info/id/737308008	http://ncicb.nci.nih.gov/xml/owl/EVS/Thesaurus.owl#C5958	0.9472844
http://snomed.info/id/737309000	http://ncicb.nci.nih.gov/xml/owl/EVS/Thesaurus.owl#C5940	0.94686759
http://snomed.info/id/737310005	http://ncicb.nci.nih.gov/xml/owl/EVS/Thesaurus.owl#C5943	0.95283711
http://snomed.info/id/73767002	http://ncicb.nci.nih.gov/xml/owl/EVS/Thesaurus.owl#C3742	1.0
http://snomed.info/id/738770003	http://ncicb.nci.nih.gov/xml/owl/EVS/Thesaurus.owl#C37193	0.91508228
http://snomed.info/id/73918009	http://ncicb.nci.nih.gov/xml/owl/EVS/Thesaurus.owl#C4332	1.0
http://snomed.info/id/73982001	http://ncicb.nci.nih.gov/xml/owl/EVS/Thesaurus.owl#C4321	1.0
http://snomed.info/id/7401000119101	http://ncicb.nci.nih.gov/xml/owl/EVS/Thesaurus.owl#C96480	0.96606112
http://snomed.info/id/74042001	http://ncicb.nci.nih.gov/xml/owl/EVS/Thesaurus.owl#C27092	0.99673659
http://snomed.info/id/74280008	http://ncicb.nci.nih.gov/xml/owl/EVS/Thesaurus.owl#C4153	1.0
http://snomed.info/id/7429002	http://ncicb.nci.nih.gov/xml/owl/EVS/Thesaurus.owl#C4222	1.0
http://snomed.info/id/74364000	http://ncicb.nci.nih.gov/xml/owl/EVS/Thesaurus.owl#C65154	0.91352129
http://snomed.info/id/74411000119100	http://ncicb.nci.nih.gov/xml/owl/EVS/Thesaurus.owl#C4064	0.92717594
http://snomed.info/id/74532006	http://ncicb.nci.nih.gov/xml/owl/EVS/Thesaurus.owl#C4822	1.0
http://snomed.info/id/74654000	http://ncicb.nci.nih.gov/xml/owl/EVS/Thesaurus.owl#C4337	1.0
http://snomed.info/id/74751003	http://ncicb.nci.nih.gov/xml/owl/EVS/Thesaurus.owl#C3754	1.0
http://snomed.info/id/74839008	http://ncicb.nci.nih.gov/xml/owl/EVS/Thesaurus.owl#C4306	0.9854514
http://snomed.info/id/75109009	http://ncicb.nci.nih.gov/xml/owl/EVS/Thesaurus.owl#C3751	0.98280072
http://snomed.info/id/75320001	http://ncicb.nci.nih.gov/xml/owl/EVS/Thesaurus.owl#C3757	0.97197044
http://snomed.info/id/75622000	http://ncicb.nci.nih.gov/xml/owl/EVS/Thesaurus.owl#C4303	1.0
http://snomed.info/id/75914009	http://ncicb.nci.nih.gov/xml/owl/EVS/Thesaurus.owl#C4315	1.0
http://snomed.info/id/75931002	http://ncicb.nci.nih.gov/xml/owl/EVS/Thesaurus.owl#C4235	0.90066463
http://snomed.info/id/762260000	http://ncicb.nci.nih.gov/xml/owl/EVS/Thesaurus.owl#C137839	0.98751891
http://snomed.info/id/762315004	http://ncicb.nci.nih.gov/xml/owl/EVS/Thesaurus.owl#C8252	0.92427659
http://snomed.info/id/762316003	http://ncicb.nci.nih.gov/xml/owl/EVS/Thesaurus.owl#C7183	0.96245843
http://snomed.info/id/762396004	http://ncicb.nci.nih.gov/xml/owl/EVS/Thesaurus.owl#C4616	0.96659052
http://snomed.info/id/762457009	http://ncicb.nci.nih.gov/xml/owl/EVS/Thesaurus.owl#C4324	0.94943058
http://snomed.info/id/762690000	http://ncicb.nci.nih.gov/xml/owl/EVS/Thesaurus.owl#C7164	0.98410434
http://snomed.info/id/762691001	http://ncicb.nci.nih.gov/xml/owl/EVS/Thesaurus.owl#C7164	0.98410434
http://snomed.info/id/76312009	http://ncicb.nci.nih.gov/xml/owl/EVS/Thesaurus.owl#C4021	1.0
http://snomed.info/id/76345009	http://ncicb.nci.nih.gov/xml/owl/EVS/Thesaurus.owl#C65184	1.0
http://snomed.info/id/763865009	http://ncicb.nci.nih.gov/xml/owl/EVS/Thesaurus.owl#C4047	1.0
http://snomed.info/id/763884007	http://ncicb.nci.nih.gov/xml/owl/EVS/Thesaurus.owl#C80309	1.0
http://snomed.info/id/76422004	http://ncicb.nci.nih.gov/xml/owl/EVS/Thesaurus.owl#C8319	0.94568384
http://snomed.info/id/764856008	http://ncicb.nci.nih.gov/xml/owl/EVS/Thesaurus.owl#C157718	1.0
http://snomed.info/id/764961009	http://ncicb.nci.nih.gov/xml/owl/EVS/Thesaurus.owl#C36260	1.0
http://snomed.info/id/764991004	http://ncicb.nci.nih.gov/xml/owl/EVS/Thesaurus.owl#C39807	0.9670673
http://snomed.info/id/765094003	http://ncicb.nci.nih.gov/xml/owl/EVS/Thesaurus.owl#C7572	0.98783797
http://snomed.info/id/765136002	http://ncicb.nci.nih.gov/xml/owl/EVS/Thesaurus.owl#C45339	1.0
http://snomed.info/id/76594008	http://ncicb.nci.nih.gov/xml/owl/EVS/Thesaurus.owl#C4683	0.9192909
http://snomed.info/id/766935007	http://ncicb.nci.nih.gov/xml/owl/EVS/Thesaurus.owl#C6620	1.0
http://snomed.info/id/767047005	http://ncicb.nci.nih.gov/xml/owl/EVS/Thesaurus.owl#C3717	0.91562927
http://snomed.info/id/767448007	http://ncicb.nci.nih.gov/xml/owl/EVS/Thesaurus.owl#C9344	1.0
http://snomed.info/id/767817009	http://ncicb.nci.nih.gov/xml/owl/EVS/Thesaurus.owl#C168698	0.93018067
http://snomed.info/id/768934004	http://ncicb.nci.nih.gov/xml/owl/EVS/Thesaurus.owl#C6911	1.0
http://snomed.info/id/76909002	http://ncicb.nci.nih.gov/xml/owl/EVS/Thesaurus.owl#C4817	1.0
http://snomed.info/id/769168000	http://ncicb.nci.nih.gov/xml/owl/EVS/Thesaurus.owl#C7674	1.0
http://snomed.info/id/769169008	http://ncicb.nci.nih.gov/xml/owl/EVS/Thesaurus.owl#C7675	1.0
http://snomed.info/id/77027006	http://ncicb.nci.nih.gov/xml/owl/EVS/Thesaurus.owl#C3702	1.0
http://snomed.info/id/77029009	http://ncicb.nci.nih.gov/xml/owl/EVS/Thesaurus.owl#C4207	0.99197698
http://snomed.info/id/770675008	http://ncicb.nci.nih.gov/xml/owl/EVS/Thesaurus.owl#C168672	0.92984611
http://snomed.info/id/770676009	http://ncicb.nci.nih.gov/xml/owl/EVS/Thesaurus.owl#C168673	0.95807183
http://snomed.info/id/77121009	http://ncicb.nci.nih.gov/xml/owl/EVS/Thesaurus.owl#C61246	1.0
http://snomed.info/id/771233008	http://ncicb.nci.nih.gov/xml/owl/EVS/Thesaurus.owl#C6481	1.0
http://snomed.info/id/772292003	http://ncicb.nci.nih.gov/xml/owl/EVS/Thesaurus.owl#C132067	0.9116205
http://snomed.info/id/77284006	http://ncicb.nci.nih.gov/xml/owl/EVS/Thesaurus.owl#C4018	0.97028613
http://snomed.info/id/772992009	http://ncicb.nci.nih.gov/xml/owl/EVS/Thesaurus.owl#C7153	0.92982191
http://snomed.info/id/77381001	http://ncicb.nci.nih.gov/xml/owl/EVS/Thesaurus.owl#C2912	1.0
http://snomed.info/id/773995001	http://ncicb.nci.nih.gov/xml/owl/EVS/Thesaurus.owl#C6860	1.0
http://snomed.info/id/77430005	http://ncicb.nci.nih.gov/xml/owl/EVS/Thesaurus.owl#C3184	1.0
http://snomed.info/id/77455004	http://ncicb.nci.nih.gov/xml/owl/EVS/Thesaurus.owl#C4258	1.0
http://snomed.info/id/778066006	http://ncicb.nci.nih.gov/xml/owl/EVS/Thesaurus.owl#C40182	0.96279454
http://snomed.info/id/77870005	http://ncicb.nci.nih.gov/xml/owl/EVS/Thesaurus.owl#C4213	1.0
http://snomed.info/id/78058005	http://ncicb.nci.nih.gov/xml/owl/EVS/Thesaurus.owl#C3758	0.93335766
http://snomed.info/id/780821007	http://ncicb.nci.nih.gov/xml/owl/EVS/Thesaurus.owl#C5726	0.94627732
http://snomed.info/id/781382000	http://ncicb.nci.nih.gov/xml/owl/EVS/Thesaurus.owl#C9242	0.94652903
http://snomed.info/id/781641005	http://ncicb.nci.nih.gov/xml/owl/EVS/Thesaurus.owl#C6557	1.0
http://snomed.info/id/78197004	http://ncicb.nci.nih.gov/xml/owl/EVS/Thesaurus.owl#C4188	0.90822679
http://snomed.info/id/78236000	http://ncicb.nci.nih.gov/xml/owl/EVS/Thesaurus.owl#C97097	1.0
http://snomed.info/id/782827000	http://ncicb.nci.nih.gov/xml/owl/EVS/Thesaurus.owl#C3714	1.0
http://snomed.info/id/782919005	http://ncicb.nci.nih.gov/xml/owl/EVS/Thesaurus.owl#C7243	0.94681346
http://snomed.info/id/783017000	http://ncicb.nci.nih.gov/xml/owl/EVS/Thesaurus.owl#C129785	1.0
http://snomed.info/id/78303004	http://ncicb.nci.nih.gov/xml/owl/EVS/Thesaurus.owl#C4329	0.91343713
http://snomed.info/id/783211008	http://ncicb.nci.nih.gov/xml/owl/EVS/Thesaurus.owl#C80310	0.94393766
http://snomed.info/id/783212001	http://ncicb.nci.nih.gov/xml/owl/EVS/Thesaurus.owl#C27683	0.95178592
http://snomed.info/id/783213006	http://ncicb.nci.nih.gov/xml/owl/EVS/Thesaurus.owl#C164250	1.0
http://snomed.info/id/783220004	http://ncicb.nci.nih.gov/xml/owl/EVS/Thesaurus.owl#C131911	1.0
http://snomed.info/id/78325005	http://ncicb.nci.nih.gov/xml/owl/EVS/Thesaurus.owl#C7602	1.0
http://snomed.info/id/783263001	http://ncicb.nci.nih.gov/xml/owl/EVS/Thesaurus.owl#C129786	1.0
http://snomed.info/id/783414002	http://ncicb.nci.nih.gov/xml/owl/EVS/Thesaurus.owl#C82217	0.98770958
http://snomed.info/id/783541009	http://ncicb.nci.nih.gov/xml/owl/EVS/Thesaurus.owl#C139012	1.0
http://snomed.info/id/783565007	http://ncicb.nci.nih.gov/xml/owl/EVS/Thesaurus.owl#C139021	0.99832612
http://snomed.info/id/783744003	http://ncicb.nci.nih.gov/xml/owl/EVS/Thesaurus.owl#C129787	1.0
http://snomed.info/id/78424008	http://ncicb.nci.nih.gov/xml/owl/EVS/Thesaurus.owl#C4174	1.0
http://snomed.info/id/784296005	http://ncicb.nci.nih.gov/xml/owl/EVS/Thesaurus.owl#C139005	0.98013806
http://snomed.info/id/784307009	http://ncicb.nci.nih.gov/xml/owl/EVS/Thesaurus.owl#C66746	1.0
http://snomed.info/id/78453009	http://ncicb.nci.nih.gov/xml/owl/EVS/Thesaurus.owl#C3902	1.0
http://snomed.info/id/784551004	http://ncicb.nci.nih.gov/xml/owl/EVS/Thesaurus.owl#C80375	1.0
http://snomed.info/id/78461000119105	http://ncicb.nci.nih.gov/xml/owl/EVS/Thesaurus.owl#C143013	0.91456479
http://snomed.info/id/78501000119105	http://ncicb.nci.nih.gov/xml/owl/EVS/Thesaurus.owl#C4616	0.97703552
http://snomed.info/id/785766008	http://ncicb.nci.nih.gov/xml/owl/EVS/Thesaurus.owl#C164255	1.0
http://snomed.info/id/785825000	http://ncicb.nci.nih.gov/xml/owl/EVS/Thesaurus.owl#C130039	1.0
http://snomed.info/id/786856002	http://ncicb.nci.nih.gov/xml/owl/EVS/Thesaurus.owl#C138181	1.0
http://snomed.info/id/786860004	http://ncicb.nci.nih.gov/xml/owl/EVS/Thesaurus.owl#C138191	1.0
http://snomed.info/id/786894002	http://ncicb.nci.nih.gov/xml/owl/EVS/Thesaurus.owl#C6484	0.90839285
http://snomed.info/id/786905007	http://ncicb.nci.nih.gov/xml/owl/EVS/Thesaurus.owl#C9006	0.91395241
http://snomed.info/id/786909001	http://ncicb.nci.nih.gov/xml/owl/EVS/Thesaurus.owl#C138195	1.0
http://snomed.info/id/786960000	http://ncicb.nci.nih.gov/xml/owl/EVS/Thesaurus.owl#C133494	0.95488858
http://snomed.info/id/787036009	http://ncicb.nci.nih.gov/xml/owl/EVS/Thesaurus.owl#C96058	1.0
http://snomed.info/id/787086003	http://ncicb.nci.nih.gov/xml/owl/EVS/Thesaurus.owl#C3804	0.9004519
http://snomed.info/id/787125004	http://ncicb.nci.nih.gov/xml/owl/EVS/Thesaurus.owl#C150405	0.92192006
http://snomed.info/id/787198005	http://ncicb.nci.nih.gov/xml/owl/EVS/Thesaurus.owl#C139023	1.0
http://snomed.info/id/787565006	http://ncicb.nci.nih.gov/xml/owl/EVS/Thesaurus.owl#C36081	0.99314898
http://snomed.info/id/787594004	http://ncicb.nci.nih.gov/xml/owl/EVS/Thesaurus.owl#C36080	0.99418741
http://snomed.info/id/78838008	http://ncicb.nci.nih.gov/xml/owl/EVS/Thesaurus.owl#C4323	1.0
http://snomed.info/id/788388009	http://ncicb.nci.nih.gov/xml/owl/EVS/Thesaurus.owl#C95598	0.91467988
http://snomed.info/id/788390005	http://ncicb.nci.nih.gov/xml/owl/EVS/Thesaurus.owl#C95598	0.91467988
http://snomed.info/id/788560004	http://ncicb.nci.nih.gov/xml/owl/EVS/Thesaurus.owl#C150566	0.96309584
http://snomed.info/id/788565009	http://ncicb.nci.nih.gov/xml/owl/EVS/Thesaurus.owl#C139021	0.99832612
http://snomed.info/id/788566005	http://ncicb.nci.nih.gov/xml/owl/EVS/Thesaurus.owl#C7933	0.95675194
http://snomed.info/id/788570002	http://ncicb.nci.nih.gov/xml/owl/EVS/Thesaurus.owl#C45366	1.0
http://snomed.info/id/788578009	http://ncicb.nci.nih.gov/xml/owl/EVS/Thesaurus.owl#C155774	1.0
http://snomed.info/id/788580003	http://ncicb.nci.nih.gov/xml/owl/EVS/Thesaurus.owl#C4311	1.0
http://snomed.info/id/788674000	http://ncicb.nci.nih.gov/xml/owl/EVS/Thesaurus.owl#C45366	1.0
http://snomed.info/id/788739007	http://ncicb.nci.nih.gov/xml/owl/EVS/Thesaurus.owl#C3497	1.0
http://snomed.info/id/788740009	http://ncicb.nci.nih.gov/xml/owl/EVS/Thesaurus.owl#C129782	0.91377872
http://snomed.info/id/788757008	http://ncicb.nci.nih.gov/xml/owl/EVS/Thesaurus.owl#C94524	0.90566325
http://snomed.info/id/788758003	http://ncicb.nci.nih.gov/xml/owl/EVS/Thesaurus.owl#C155774	0.90567786
http://snomed.info/id/789044001	http://ncicb.nci.nih.gov/xml/owl/EVS/Thesaurus.owl#C4177	0.91035259
http://snomed.info/id/789177000	http://ncicb.nci.nih.gov/xml/owl/EVS/Thesaurus.owl#C7930	1.0
http://snomed.info/id/789178005	http://ncicb.nci.nih.gov/xml/owl/EVS/Thesaurus.owl#C7931	0.97918713
http://snomed.info/id/789179002	http://ncicb.nci.nih.gov/xml/owl/EVS/Thesaurus.owl#C7932	0.96827185
http://snomed.info/id/789405004	http://ncicb.nci.nih.gov/xml/owl/EVS/Thesaurus.owl#C164205	1.0
http://snomed.info/id/789434005	http://ncicb.nci.nih.gov/xml/owl/EVS/Thesaurus.owl#C49024	0.91278338
http://snomed.info/id/789435006	http://ncicb.nci.nih.gov/xml/owl/EVS/Thesaurus.owl#C27726	1.0
http://snomed.info/id/789437003	http://ncicb.nci.nih.gov/xml/owl/EVS/Thesaurus.owl#C155304	0.92388725
http://snomed.info/id/789439000	http://ncicb.nci.nih.gov/xml/owl/EVS/Thesaurus.owl#C34609	1.0
http://snomed.info/id/789440003	http://ncicb.nci.nih.gov/xml/owl/EVS/Thesaurus.owl#C45327	1.0
http://snomed.info/id/789445008	http://ncicb.nci.nih.gov/xml/owl/EVS/Thesaurus.owl#C165498	1.0
http://snomed.info/id/789471007	http://ncicb.nci.nih.gov/xml/owl/EVS/Thesaurus.owl#C155978	0.90763462
http://snomed.info/id/789689004	http://ncicb.nci.nih.gov/xml/owl/EVS/Thesaurus.owl#C7930	0.95279056
http://snomed.info/id/789690008	http://ncicb.nci.nih.gov/xml/owl/EVS/Thesaurus.owl#C45607	0.94135332
http://snomed.info/id/789694004	http://ncicb.nci.nih.gov/xml/owl/EVS/Thesaurus.owl#C45660	0.93997484
http://snomed.info/id/789695003	http://ncicb.nci.nih.gov/xml/owl/EVS/Thesaurus.owl#C136716	0.98350161
http://snomed.info/id/789721005	http://ncicb.nci.nih.gov/xml/owl/EVS/Thesaurus.owl#C6085	0.92042392
http://snomed.info/id/789731003	http://ncicb.nci.nih.gov/xml/owl/EVS/Thesaurus.owl#C126598	0.95168811
http://snomed.info/id/789740004	http://ncicb.nci.nih.gov/xml/owl/EVS/Thesaurus.owl#C80310	1.0
http://snomed.info/id/789743002	http://ncicb.nci.nih.gov/xml/owl/EVS/Thesaurus.owl#C80310	0.92573291
http://snomed.info/id/79041005	http://ncicb.nci.nih.gov/xml/owl/EVS/Thesaurus.owl#C4196	1.0
http://snomed.info/id/79143006	http://ncicb.nci.nih.gov/xml/owl/EVS/Thesaurus.owl#C3776	1.0
http://snomed.info/id/79282002	http://ncicb.nci.nih.gov/xml/owl/EVS/Thesaurus.owl#C3482	1.0
http://snomed.info/id/792907004	http://ncicb.nci.nih.gov/xml/owl/EVS/Thesaurus.owl#C9120	0.92297959
http://snomed.info/id/79494009	http://ncicb.nci.nih.gov/xml/owl/EVS/Thesaurus.owl#C3685	1.0
http://snomed.info/id/80061003	http://ncicb.nci.nih.gov/xml/owl/EVS/Thesaurus.owl#C66802	1.0
http://snomed.info/id/80091008	http://ncicb.nci.nih.gov/xml/owl/EVS/Thesaurus.owl#C67006	0.9344514
http://snomed.info/id/803009	http://ncicb.nci.nih.gov/xml/owl/EVS/Thesaurus.owl#C3308	1.0
http://snomed.info/id/80549000	http://ncicb.nci.nih.gov/xml/owl/EVS/Thesaurus.owl#C3760	1.0
http://snomed.info/id/80570006	http://ncicb.nci.nih.gov/xml/owl/EVS/Thesaurus.owl#C4344	1.0
http://snomed.info/id/80699009	http://ncicb.nci.nih.gov/xml/owl/EVS/Thesaurus.owl#C8422	0.92767191
http://snomed.info/id/80727009	http://ncicb.nci.nih.gov/xml/owl/EVS/Thesaurus.owl#C4156	1.0
http://snomed.info/id/8097004	http://ncicb.nci.nih.gov/xml/owl/EVS/Thesaurus.owl#C4140	1.0
http://snomed.info/id/810003	http://ncicb.nci.nih.gov/xml/owl/EVS/Thesaurus.owl#C66758	1.0
http://snomed.info/id/81143000	http://ncicb.nci.nih.gov/xml/owl/EVS/Thesaurus.owl#C7567	1.0
http://snomed.info/id/81201000	http://ncicb.nci.nih.gov/xml/owl/EVS/Thesaurus.owl#C3801	1.0
http://snomed.info/id/81274009	http://ncicb.nci.nih.gov/xml/owl/EVS/Thesaurus.owl#C8359	1.0
http://snomed.info/id/81393009	http://ncicb.nci.nih.gov/xml/owl/EVS/Thesaurus.owl#C7560	1.0
http://snomed.info/id/81446001	http://ncicb.nci.nih.gov/xml/owl/EVS/Thesaurus.owl#C4125	1.0
http://snomed.info/id/8145008	http://ncicb.nci.nih.gov/xml/owl/EVS/Thesaurus.owl#C121787	0.97776055
http://snomed.info/id/816198009	http://ncicb.nci.nih.gov/xml/owl/EVS/Thesaurus.owl#C164249	1.0
http://snomed.info/id/816201004	http://ncicb.nci.nih.gov/xml/owl/EVS/Thesaurus.owl#C54659	1.0
http://snomed.info/id/816204007	http://ncicb.nci.nih.gov/xml/owl/EVS/Thesaurus.owl#C166405	0.92932516
http://snomed.info/id/816205008	http://ncicb.nci.nih.gov/xml/owl/EVS/Thesaurus.owl#C155304	0.92388725
http://snomed.info/id/816213009	http://ncicb.nci.nih.gov/xml/owl/EVS/Thesaurus.owl#C54659	1.0
http://snomed.info/id/81669005	http://ncicb.nci.nih.gov/xml/owl/EVS/Thesaurus.owl#C6727	1.0
http://snomed.info/id/816970007	http://ncicb.nci.nih.gov/xml/owl/EVS/Thesaurus.owl#C49079	0.91104943
http://snomed.info/id/816971006	http://ncicb.nci.nih.gov/xml/owl/EVS/Thesaurus.owl#C168592	1.0
http://snomed.info/id/816972004	http://ncicb.nci.nih.gov/xml/owl/EVS/Thesaurus.owl#C38111	0.96812057
http://snomed.info/id/816978000	http://ncicb.nci.nih.gov/xml/owl/EVS/Thesaurus.owl#C43354	1.0
http://snomed.info/id/816979008	http://ncicb.nci.nih.gov/xml/owl/EVS/Thesaurus.owl#C37272	0.97857106
http://snomed.info/id/816980006	http://ncicb.nci.nih.gov/xml/owl/EVS/Thesaurus.owl#C162539	0.97301555
http://snomed.info/id/817948000	http://ncicb.nci.nih.gov/xml/owl/EVS/Thesaurus.owl#C170889	1.0
http://snomed.info/id/817950008	http://ncicb.nci.nih.gov/xml/owl/EVS/Thesaurus.owl#C172204	0.99472719
http://snomed.info/id/817951007	http://ncicb.nci.nih.gov/xml/owl/EVS/Thesaurus.owl#C172637	1.0
http://snomed.info/id/817952000	http://ncicb.nci.nih.gov/xml/owl/EVS/Thesaurus.owl#C48306	0.97590607
http://snomed.info/id/817953005	http://ncicb.nci.nih.gov/xml/owl/EVS/Thesaurus.owl#C157246	1.0
http://snomed.info/id/818948002	http://ncicb.nci.nih.gov/xml/owl/EVS/Thesaurus.owl#C7662	1.0
http://snomed.info/id/818954001	http://ncicb.nci.nih.gov/xml/owl/EVS/Thesaurus.owl#C4118	0.98609811
http://snomed.info/id/818955000	http://ncicb.nci.nih.gov/xml/owl/EVS/Thesaurus.owl#C6871	0.91879857
http://snomed.info/id/818956004	http://ncicb.nci.nih.gov/xml/owl/EVS/Thesaurus.owl#C4117	0.95649064
http://snomed.info/id/818962009	http://ncicb.nci.nih.gov/xml/owl/EVS/Thesaurus.owl#C126310	0.90049386
http://snomed.info/id/818967003	http://ncicb.nci.nih.gov/xml/owl/EVS/Thesaurus.owl#C4327	0.98218364
http://snomed.info/id/81920005	http://ncicb.nci.nih.gov/xml/owl/EVS/Thesaurus.owl#C4137	1.0
http://snomed.info/id/82049002	http://ncicb.nci.nih.gov/xml/owl/EVS/Thesaurus.owl#C9009	1.0
http://snomed.info/id/82125002	http://ncicb.nci.nih.gov/xml/owl/EVS/Thesaurus.owl#C49107	0.98677254
http://snomed.info/id/8220004	http://ncicb.nci.nih.gov/xml/owl/EVS/Thesaurus.owl#C34584	1.0
http://snomed.info/id/82267002	http://ncicb.nci.nih.gov/xml/owl/EVS/Thesaurus.owl#C65154	1.0
http://snomed.info/id/822950002	http://ncicb.nci.nih.gov/xml/owl/EVS/Thesaurus.owl#C42058	1.0
http://snomed.info/id/822951003	http://ncicb.nci.nih.gov/xml/owl/EVS/Thesaurus.owl#C42057	1.0
http://snomed.info/id/822966000	http://ncicb.nci.nih.gov/xml/owl/EVS/Thesaurus.owl#C167365	1.0
http://snomed.info/id/822967009	http://ncicb.nci.nih.gov/xml/owl/EVS/Thesaurus.owl#C167364	1.0
http://snomed.info/id/822990004	http://ncicb.nci.nih.gov/xml/owl/EVS/Thesaurus.owl#C7577	0.9245069
http://snomed.info/id/82375006	http://ncicb.nci.nih.gov/xml/owl/EVS/Thesaurus.owl#C3764	1.0
http://snomed.info/id/8241005	http://ncicb.nci.nih.gov/xml/owl/EVS/Thesaurus.owl#C66792	1.0
http://snomed.info/id/82501000119102	http://ncicb.nci.nih.gov/xml/owl/EVS/Thesaurus.owl#C129292	0.95071959
http://snomed.info/id/82591005	http://ncicb.nci.nih.gov/xml/owl/EVS/Thesaurus.owl#C4019	0.92014724
http://snomed.info/id/826978004	http://ncicb.nci.nih.gov/xml/owl/EVS/Thesaurus.owl#C66933	0.97272962
http://snomed.info/id/827161000	http://ncicb.nci.nih.gov/xml/owl/EVS/Thesaurus.owl#C4287	0.95246816
http://snomed.info/id/827162007	http://ncicb.nci.nih.gov/xml/owl/EVS/Thesaurus.owl#C39995	0.91341853
http://snomed.info/id/8276007	http://ncicb.nci.nih.gov/xml/owl/EVS/Thesaurus.owl#C4226	0.99999994
http://snomed.info/id/830015009	http://ncicb.nci.nih.gov/xml/owl/EVS/Thesaurus.owl#C6808	0.99846333
http://snomed.info/id/830028002	http://ncicb.nci.nih.gov/xml/owl/EVS/Thesaurus.owl#C4548	0.9794783
http://snomed.info/id/830033003	http://ncicb.nci.nih.gov/xml/owl/EVS/Thesaurus.owl#C5508	0.91042888
http://snomed.info/id/830196006	http://ncicb.nci.nih.gov/xml/owl/EVS/Thesaurus.owl#C5156	0.9191528
http://snomed.info/id/83048004	http://ncicb.nci.nih.gov/xml/owl/EVS/Thesaurus.owl#C54301	1.0
http://snomed.info/id/83118000	http://ncicb.nci.nih.gov/xml/owl/EVS/Thesaurus.owl#C3808	0.95835513
http://snomed.info/id/83292005	http://ncicb.nci.nih.gov/xml/owl/EVS/Thesaurus.owl#C4287	0.93891442
http://snomed.info/id/833295000	http://ncicb.nci.nih.gov/xml/owl/EVS/Thesaurus.owl#C5156	0.90183735
http://snomed.info/id/83343001	http://ncicb.nci.nih.gov/xml/owl/EVS/Thesaurus.owl#C7457	1.0
http://snomed.info/id/835009	http://ncicb.nci.nih.gov/xml/owl/EVS/Thesaurus.owl#C7528	1.0
http://snomed.info/id/8360001	http://ncicb.nci.nih.gov/xml/owl/EVS/Thesaurus.owl#C8602	1.0
http://snomed.info/id/836274002	http://ncicb.nci.nih.gov/xml/owl/EVS/Thesaurus.owl#C27382	0.95837349
http://snomed.info/id/836276000	http://ncicb.nci.nih.gov/xml/owl/EVS/Thesaurus.owl#C164145	1.0
http://snomed.info/id/836277009	http://ncicb.nci.nih.gov/xml/owl/EVS/Thesaurus.owl#C6914	1.0
http://snomed.info/id/838281000	http://ncicb.nci.nih.gov/xml/owl/EVS/Thesaurus.owl#C150595	1.0
http://snomed.info/id/838297005	http://ncicb.nci.nih.gov/xml/owl/EVS/Thesaurus.owl#C5664	0.91044146
http://snomed.info/id/838304009	http://ncicb.nci.nih.gov/xml/owl/EVS/Thesaurus.owl#C3017	0.90997046
http://snomed.info/id/838311008	http://ncicb.nci.nih.gov/xml/owl/EVS/Thesaurus.owl#C96839	0.98917836
http://snomed.info/id/838318002	http://ncicb.nci.nih.gov/xml/owl/EVS/Thesaurus.owl#C43607	0.91398579
http://snomed.info/id/838340006	http://ncicb.nci.nih.gov/xml/owl/EVS/Thesaurus.owl#C80340	0.98107713
http://snomed.info/id/838341005	http://ncicb.nci.nih.gov/xml/owl/EVS/Thesaurus.owl#C80332	0.97819781
http://snomed.info/id/838342003	http://ncicb.nci.nih.gov/xml/owl/EVS/Thesaurus.owl#C80334	0.94997418
http://snomed.info/id/838343008	http://ncicb.nci.nih.gov/xml/owl/EVS/Thesaurus.owl#C80341	1.0
http://snomed.info/id/838344002	http://ncicb.nci.nih.gov/xml/owl/EVS/Thesaurus.owl#C80338	1.0
http://snomed.info/id/838346000	http://ncicb.nci.nih.gov/xml/owl/EVS/Thesaurus.owl#C80335	1.0
http://snomed.info/id/838355002	http://ncicb.nci.nih.gov/xml/owl/EVS/Thesaurus.owl#C9287	1.0
http://snomed.info/id/838374005	http://ncicb.nci.nih.gov/xml/owl/EVS/Thesaurus.owl#C67493	0.94491345
http://snomed.info/id/83944004	http://ncicb.nci.nih.gov/xml/owl/EVS/Thesaurus.owl#C35259	1.0
http://snomed.info/id/83950009	http://ncicb.nci.nih.gov/xml/owl/EVS/Thesaurus.owl#C4090	0.98178172
http://snomed.info/id/840423002	http://ncicb.nci.nih.gov/xml/owl/EVS/Thesaurus.owl#C96055	0.93467903
http://snomed.info/id/840424008	http://ncicb.nci.nih.gov/xml/owl/EVS/Thesaurus.owl#C5253	0.96170664
http://snomed.info/id/840514002	http://ncicb.nci.nih.gov/xml/owl/EVS/Thesaurus.owl#C3880	0.9247759
http://snomed.info/id/84427001	http://ncicb.nci.nih.gov/xml/owl/EVS/Thesaurus.owl#C126085	0.92818236
http://snomed.info/id/844591003	http://ncicb.nci.nih.gov/xml/owl/EVS/Thesaurus.owl#C54345	0.97022438
http://snomed.info/id/844592005	http://ncicb.nci.nih.gov/xml/owl/EVS/Thesaurus.owl#C6871	0.9792946
http://snomed.info/id/84631004	http://ncicb.nci.nih.gov/xml/owl/EVS/Thesaurus.owl#C9308	0.9407267
http://snomed.info/id/84664004	http://ncicb.nci.nih.gov/xml/owl/EVS/Thesaurus.owl#C4301	1.0
http://snomed.info/id/846643009	http://ncicb.nci.nih.gov/xml/owl/EVS/Thesaurus.owl#C4115	0.93019652
http://snomed.info/id/84919003	http://ncicb.nci.nih.gov/xml/owl/EVS/Thesaurus.owl#C7985	0.94555539
http://snomed.info/id/84983008	http://ncicb.nci.nih.gov/xml/owl/EVS/Thesaurus.owl#C3710	1.0
http://snomed.info/id/84999002	http://ncicb.nci.nih.gov/xml/owl/EVS/Thesaurus.owl#C62571	0.95761722
http://snomed.info/id/85583005	http://ncicb.nci.nih.gov/xml/owl/EVS/Thesaurus.owl#C3326	0.97163874
http://snomed.info/id/856006	http://ncicb.nci.nih.gov/xml/owl/EVS/Thesaurus.owl#C3148	1.0
http://snomed.info/id/85956000	http://ncicb.nci.nih.gov/xml/owl/EVS/Thesaurus.owl#C3727	0.9026432
http://snomed.info/id/86049000	http://ncicb.nci.nih.gov/xml/owl/EVS/Thesaurus.owl#C84509	1.0
http://snomed.info/id/860761007	http://ncicb.nci.nih.gov/xml/owl/EVS/Thesaurus.owl#C3017	0.93371016
http://snomed.info/id/860762000	http://ncicb.nci.nih.gov/xml/owl/EVS/Thesaurus.owl#C97051	0.91021454
http://snomed.info/id/860831008	http://ncicb.nci.nih.gov/xml/owl/EVS/Thesaurus.owl#C96846	0.97824258
http://snomed.info/id/860895001	http://ncicb.nci.nih.gov/xml/owl/EVS/Thesaurus.owl#C36086	0.96102601
http://snomed.info/id/86143001	http://ncicb.nci.nih.gov/xml/owl/EVS/Thesaurus.owl#C79951	1.0
http://snomed.info/id/86251006	http://ncicb.nci.nih.gov/xml/owl/EVS/Thesaurus.owl#C65157	1.0
http://snomed.info/id/863926008	http://ncicb.nci.nih.gov/xml/owl/EVS/Thesaurus.owl#C3088	1.0
http://snomed.info/id/86562005	http://ncicb.nci.nih.gov/xml/owl/EVS/Thesaurus.owl#C3234	0.91589266
http://snomed.info/id/865951006	http://ncicb.nci.nih.gov/xml/owl/EVS/Thesaurus.owl#C36077	0.90664828
http://snomed.info/id/865954003	http://ncicb.nci.nih.gov/xml/owl/EVS/Thesaurus.owl#C5214	0.94816715
http://snomed.info/id/866048009	http://ncicb.nci.nih.gov/xml/owl/EVS/Thesaurus.owl#C41246	0.95308834
http://snomed.info/id/866050001	http://ncicb.nci.nih.gov/xml/owl/EVS/Thesaurus.owl#C7016	0.97038251
http://snomed.info/id/866052009	http://ncicb.nci.nih.gov/xml/owl/EVS/Thesaurus.owl#C6879	0.98091936
http://snomed.info/id/866072004	http://ncicb.nci.nih.gov/xml/owl/EVS/Thesaurus.owl#C118828	0.92109275
http://snomed.info/id/866080006	http://ncicb.nci.nih.gov/xml/owl/EVS/Thesaurus.owl#C5371	0.96770656
http://snomed.info/id/866082003	http://ncicb.nci.nih.gov/xml/owl/EVS/Thesaurus.owl#C175345	0.93085605
http://snomed.info/id/866098005	http://ncicb.nci.nih.gov/xml/owl/EVS/Thesaurus.owl#C27856	0.97480422
http://snomed.info/id/866102002	http://ncicb.nci.nih.gov/xml/owl/EVS/Thesaurus.owl#C3880	0.95066416
http://snomed.info/id/866176003	http://ncicb.nci.nih.gov/xml/owl/EVS/Thesaurus.owl#C162566	0.94525939
http://snomed.info/id/8664001	http://ncicb.nci.nih.gov/xml/owl/EVS/Thesaurus.owl#C66760	0.95268953
http://snomed.info/id/86959002	http://ncicb.nci.nih.gov/xml/owl/EVS/Thesaurus.owl#C3254	0.9268806
http://snomed.info/id/870763009	http://ncicb.nci.nih.gov/xml/owl/EVS/Thesaurus.owl#C27875	0.95726418
http://snomed.info/id/87091000119101	http://ncicb.nci.nih.gov/xml/owl/EVS/Thesaurus.owl#C162993	0.94232821
http://snomed.info/id/87101000119106	http://ncicb.nci.nih.gov/xml/owl/EVS/Thesaurus.owl#C162993	0.94483918
http://snomed.info/id/87151000119105	http://ncicb.nci.nih.gov/xml/owl/EVS/Thesaurus.owl#C162993	0.91595262
http://snomed.info/id/871541008	http://ncicb.nci.nih.gov/xml/owl/EVS/Thesaurus.owl#C126806	0.92712116
http://snomed.info/id/87161000119107	http://ncicb.nci.nih.gov/xml/owl/EVS/Thesaurus.owl#C3017	0.92012668
http://snomed.info/id/87163000	http://ncicb.nci.nih.gov/xml/owl/EVS/Thesaurus.owl#C3161	0.90683168
http://snomed.info/id/87191000119100	http://ncicb.nci.nih.gov/xml/owl/EVS/Thesaurus.owl#C3788	1.0
http://snomed.info/id/87211000119104	http://ncicb.nci.nih.gov/xml/owl/EVS/Thesaurus.owl#C9505	1.0
http://snomed.info/id/8734000	http://ncicb.nci.nih.gov/xml/owl/EVS/Thesaurus.owl#C66777	1.0
http://snomed.info/id/87364003	http://ncicb.nci.nih.gov/xml/owl/EVS/Thesaurus.owl#C3270	1.0
http://snomed.info/id/87737001	http://ncicb.nci.nih.gov/xml/owl/EVS/Thesaurus.owl#C3774	1.0
http://snomed.info/id/878805009	http://ncicb.nci.nih.gov/xml/owl/EVS/Thesaurus.owl#C7995	1.0
http://snomed.info/id/878806005	http://ncicb.nci.nih.gov/xml/owl/EVS/Thesaurus.owl#C95606	0.97430062
http://snomed.info/id/878808006	http://ncicb.nci.nih.gov/xml/owl/EVS/Thesaurus.owl#C100093	0.9646309
http://snomed.info/id/878856000	http://ncicb.nci.nih.gov/xml/owl/EVS/Thesaurus.owl#C7930	0.95279056
http://snomed.info/id/878857009	http://ncicb.nci.nih.gov/xml/owl/EVS/Thesaurus.owl#C7933	0.95675194
http://snomed.info/id/878881002	http://ncicb.nci.nih.gov/xml/owl/EVS/Thesaurus.owl#C27132	1.0
http://snomed.info/id/87913009	http://ncicb.nci.nih.gov/xml/owl/EVS/Thesaurus.owl#C4275	1.0
http://snomed.info/id/879956005	http://ncicb.nci.nih.gov/xml/owl/EVS/Thesaurus.owl#C4482	0.93971378
http://snomed.info/id/879957001	http://ncicb.nci.nih.gov/xml/owl/EVS/Thesaurus.owl#C3434	0.93312585
http://snomed.info/id/879991002	http://ncicb.nci.nih.gov/xml/owl/EVS/Thesaurus.owl#C95596	0.97673571
http://snomed.info/id/879992009	http://ncicb.nci.nih.gov/xml/owl/EVS/Thesaurus.owl#C5731	0.92083931
http://snomed.info/id/88006009	http://ncicb.nci.nih.gov/xml/owl/EVS/Thesaurus.owl#C4241	1.0
http://snomed.info/id/88082008	http://ncicb.nci.nih.gov/xml/owl/EVS/Thesaurus.owl#C66757	0.91305315
http://snomed.info/id/88195001	http://ncicb.nci.nih.gov/xml/owl/EVS/Thesaurus.owl#C3750	1.0
http://snomed.info/id/88252006	http://ncicb.nci.nih.gov/xml/owl/EVS/Thesaurus.owl#C4715	1.0
http://snomed.info/id/88253001	http://ncicb.nci.nih.gov/xml/owl/EVS/Thesaurus.owl#C7492	0.90566945
http://snomed.info/id/88334008	http://ncicb.nci.nih.gov/xml/owl/EVS/Thesaurus.owl#C4287	0.95355493
http://snomed.info/id/88580009	http://ncicb.nci.nih.gov/xml/owl/EVS/Thesaurus.owl#C3957	1.0
http://snomed.info/id/88686005	http://ncicb.nci.nih.gov/xml/owl/EVS/Thesaurus.owl#C4314	0.9587912
http://snomed.info/id/890323004	http://ncicb.nci.nih.gov/xml/owl/EVS/Thesaurus.owl#C4707	0.98935515
http://snomed.info/id/89056007	http://ncicb.nci.nih.gov/xml/owl/EVS/Thesaurus.owl#C53316	1.0
http://snomed.info/id/89057003	http://ncicb.nci.nih.gov/xml/owl/EVS/Thesaurus.owl#C3953	0.96753532
http://snomed.info/id/89096009	http://ncicb.nci.nih.gov/xml/owl/EVS/Thesaurus.owl#C6966	1.0
http://snomed.info/id/895111002	http://ncicb.nci.nih.gov/xml/owl/EVS/Thesaurus.owl#C5156	0.95331734
http://snomed.info/id/89623007	http://ncicb.nci.nih.gov/xml/owl/EVS/Thesaurus.owl#C4268	1.0
http://snomed.info/id/896745008	http://ncicb.nci.nih.gov/xml/owl/EVS/Thesaurus.owl#C7195	0.99473399
http://snomed.info/id/897554004	http://ncicb.nci.nih.gov/xml/owl/EVS/Thesaurus.owl#C7571	0.90658379
http://snomed.info/id/897558001	http://ncicb.nci.nih.gov/xml/owl/EVS/Thesaurus.owl#C66754	1.0
http://snomed.info/id/89773001	http://ncicb.nci.nih.gov/xml/owl/EVS/Thesaurus.owl#C4157	1.0
http://snomed.info/id/89791006	http://ncicb.nci.nih.gov/xml/owl/EVS/Thesaurus.owl#C7568	0.9130159
http://snomed.info/id/89796001	http://ncicb.nci.nih.gov/xml/owl/EVS/Thesaurus.owl#C9303	1.0
http://snomed.info/id/89880005	http://ncicb.nci.nih.gov/xml/owl/EVS/Thesaurus.owl#C3788	0.93972653
http://snomed.info/id/89906000	http://ncicb.nci.nih.gov/xml/owl/EVS/Thesaurus.owl#C3781	1.0
http://snomed.info/id/900006	http://ncicb.nci.nih.gov/xml/owl/EVS/Thesaurus.owl#C27379	1.0
http://snomed.info/id/9001003	http://ncicb.nci.nih.gov/xml/owl/EVS/Thesaurus.owl#C2945	1.0
http://snomed.info/id/90120004	http://ncicb.nci.nih.gov/xml/owl/EVS/Thesaurus.owl#C3246	1.0
http://snomed.info/id/90121000	http://ncicb.nci.nih.gov/xml/owl/EVS/Thesaurus.owl#C65165	1.0
http://snomed.info/id/90685008	http://ncicb.nci.nih.gov/xml/owl/EVS/Thesaurus.owl#C3933	0.97278374
http://snomed.info/id/9078005	http://ncicb.nci.nih.gov/xml/owl/EVS/Thesaurus.owl#C3440	0.98348647
http://snomed.info/id/90811000119100	http://ncicb.nci.nih.gov/xml/owl/EVS/Thesaurus.owl#C132067	0.93925905
http://snomed.info/id/90955001	http://ncicb.nci.nih.gov/xml/owl/EVS/Thesaurus.owl#C4256	1.0
http://snomed.info/id/91002001	http://ncicb.nci.nih.gov/xml/owl/EVS/Thesaurus.owl#C3886	1.0
http://snomed.info/id/91131000119109	http://ncicb.nci.nih.gov/xml/owl/EVS/Thesaurus.owl#C6380	0.93140501
http://snomed.info/id/915007	http://ncicb.nci.nih.gov/xml/owl/EVS/Thesaurus.owl#C4232	0.968418
http://snomed.info/id/9155002	http://ncicb.nci.nih.gov/xml/owl/EVS/Thesaurus.owl#C7112	1.0
http://snomed.info/id/91854005	http://ncicb.nci.nih.gov/xml/owl/EVS/Thesaurus.owl#C4897	1.0
http://snomed.info/id/91855006	http://ncicb.nci.nih.gov/xml/owl/EVS/Thesaurus.owl#C9300	0.96859676
http://snomed.info/id/91856007	http://ncicb.nci.nih.gov/xml/owl/EVS/Thesaurus.owl#C4901	0.94158626
http://snomed.info/id/91857003	http://ncicb.nci.nih.gov/xml/owl/EVS/Thesaurus.owl#C7539	0.91095287
http://snomed.info/id/91858008	http://ncicb.nci.nih.gov/xml/owl/EVS/Thesaurus.owl#C3590	1.0
http://snomed.info/id/91860005	http://ncicb.nci.nih.gov/xml/owl/EVS/Thesaurus.owl#C3588	1.0
http://snomed.info/id/91861009	http://ncicb.nci.nih.gov/xml/owl/EVS/Thesaurus.owl#C27753	0.98450071
http://snomed.info/id/91959004	http://ncicb.nci.nih.gov/xml/owl/EVS/Thesaurus.owl#C5826	0.9106158
http://snomed.info/id/91960009	http://ncicb.nci.nih.gov/xml/owl/EVS/Thesaurus.owl#C5829	0.90835345
http://snomed.info/id/91966003	http://ncicb.nci.nih.gov/xml/owl/EVS/Thesaurus.owl#C9004	0.98860061
http://snomed.info/id/91967007	http://ncicb.nci.nih.gov/xml/owl/EVS/Thesaurus.owl#C3629	0.98720807
http://snomed.info/id/91968002	http://ncicb.nci.nih.gov/xml/owl/EVS/Thesaurus.owl#C4895	0.9844802
http://snomed.info/id/91971005	http://ncicb.nci.nih.gov/xml/owl/EVS/Thesaurus.owl#C4611	0.96572828
http://snomed.info/id/91972003	http://ncicb.nci.nih.gov/xml/owl/EVS/Thesaurus.owl#C4606	0.93185508
http://snomed.info/id/91975001	http://ncicb.nci.nih.gov/xml/owl/EVS/Thesaurus.owl#C3592	0.95522165
http://snomed.info/id/91978004	http://ncicb.nci.nih.gov/xml/owl/EVS/Thesaurus.owl#C4611	0.92174339
http://snomed.info/id/91981009	http://ncicb.nci.nih.gov/xml/owl/EVS/Thesaurus.owl#C4773	0.98777604
http://snomed.info/id/91987008	http://ncicb.nci.nih.gov/xml/owl/EVS/Thesaurus.owl#C35750	0.9396196
http://snomed.info/id/91990002	http://ncicb.nci.nih.gov/xml/owl/EVS/Thesaurus.owl#C3592	0.90571684
http://snomed.info/id/91992005	http://ncicb.nci.nih.gov/xml/owl/EVS/Thesaurus.owl#C3618	0.98991323
http://snomed.info/id/92015008	http://ncicb.nci.nih.gov/xml/owl/EVS/Thesaurus.owl#C8537	0.92723465
http://snomed.info/id/92017000	http://ncicb.nci.nih.gov/xml/owl/EVS/Thesaurus.owl#C8537	0.98820221
http://snomed.info/id/92018005	http://ncicb.nci.nih.gov/xml/owl/EVS/Thesaurus.owl#C4612	0.920546
http://snomed.info/id/92019002	http://ncicb.nci.nih.gov/xml/owl/EVS/Thesaurus.owl#C3489	0.93679154
http://snomed.info/id/92020008	http://ncicb.nci.nih.gov/xml/owl/EVS/Thesaurus.owl#C3599	0.92009509
http://snomed.info/id/92021007	http://ncicb.nci.nih.gov/xml/owl/EVS/Thesaurus.owl#C3609	0.93692082
http://snomed.info/id/92025003	http://ncicb.nci.nih.gov/xml/owl/EVS/Thesaurus.owl#C155792	0.93475741
http://snomed.info/id/92027006	http://ncicb.nci.nih.gov/xml/owl/EVS/Thesaurus.owl#C4880	0.98284167
http://snomed.info/id/92029009	http://ncicb.nci.nih.gov/xml/owl/EVS/Thesaurus.owl#C8549	0.982445
http://snomed.info/id/92030004	http://ncicb.nci.nih.gov/xml/owl/EVS/Thesaurus.owl#C4781	0.98142654
http://snomed.info/id/92039003	http://ncicb.nci.nih.gov/xml/owl/EVS/Thesaurus.owl#C4406	0.98888177
http://snomed.info/id/92040001	http://ncicb.nci.nih.gov/xml/owl/EVS/Thesaurus.owl#C4772	0.98685253
http://snomed.info/id/92050000	http://ncicb.nci.nih.gov/xml/owl/EVS/Thesaurus.owl#C4955	0.93291724
http://snomed.info/id/92051001	http://ncicb.nci.nih.gov/xml/owl/EVS/Thesaurus.owl#C4957	0.93867677
http://snomed.info/id/92056006	http://ncicb.nci.nih.gov/xml/owl/EVS/Thesaurus.owl#C3607	0.94351482
http://snomed.info/id/92058007	http://ncicb.nci.nih.gov/xml/owl/EVS/Thesaurus.owl#C8529	0.98677319
http://snomed.info/id/92059004	http://ncicb.nci.nih.gov/xml/owl/EVS/Thesaurus.owl#C3625	0.98983324
http://snomed.info/id/92060009	http://ncicb.nci.nih.gov/xml/owl/EVS/Thesaurus.owl#C4779	0.98796612
http://snomed.info/id/92063006	http://ncicb.nci.nih.gov/xml/owl/EVS/Thesaurus.owl#C4744	0.91484869
http://snomed.info/id/92065004	http://ncicb.nci.nih.gov/xml/owl/EVS/Thesaurus.owl#C2894	0.99027932
http://snomed.info/id/92068002	http://ncicb.nci.nih.gov/xml/owl/EVS/Thesaurus.owl#C3622	0.93969458
http://snomed.info/id/92069005	http://ncicb.nci.nih.gov/xml/owl/EVS/Thesaurus.owl#C4242	0.98662072
http://snomed.info/id/92070006	http://ncicb.nci.nih.gov/xml/owl/EVS/Thesaurus.owl#C3623	0.96537268
http://snomed.info/id/92080005	http://ncicb.nci.nih.gov/xml/owl/EVS/Thesaurus.owl#C4775	0.9663583
http://snomed.info/id/92083007	http://ncicb.nci.nih.gov/xml/owl/EVS/Thesaurus.owl#C4608	0.94446969
http://snomed.info/id/92085000	http://ncicb.nci.nih.gov/xml/owl/EVS/Thesaurus.owl#C4621	0.97431445
http://snomed.info/id/92086004	http://ncicb.nci.nih.gov/xml/owl/EVS/Thesaurus.owl#C4894	0.96541464
http://snomed.info/id/92088003	http://ncicb.nci.nih.gov/xml/owl/EVS/Thesaurus.owl#C3614	0.92931962
http://snomed.info/id/92089006	http://ncicb.nci.nih.gov/xml/owl/EVS/Thesaurus.owl#C4606	0.98820496
http://snomed.info/id/92091003	http://ncicb.nci.nih.gov/xml/owl/EVS/Thesaurus.owl#C3598	0.94845563
http://snomed.info/id/92092005	http://ncicb.nci.nih.gov/xml/owl/EVS/Thesaurus.owl#C4417	0.94934946
http://snomed.info/id/92093000	http://ncicb.nci.nih.gov/xml/owl/EVS/Thesaurus.owl#C4417	0.96927387
http://snomed.info/id/92096008	http://ncicb.nci.nih.gov/xml/owl/EVS/Thesaurus.owl#C4776	0.97950536
http://snomed.info/id/92097004	http://ncicb.nci.nih.gov/xml/owl/EVS/Thesaurus.owl#C4780	0.98929191
http://snomed.info/id/92099001	http://ncicb.nci.nih.gov/xml/owl/EVS/Thesaurus.owl#C5827	0.90198296
http://snomed.info/id/92100009	http://ncicb.nci.nih.gov/xml/owl/EVS/Thesaurus.owl#C4517	0.98535842
http://snomed.info/id/92102001	http://ncicb.nci.nih.gov/xml/owl/EVS/Thesaurus.owl#C3848	0.98575795
http://snomed.info/id/92103006	http://ncicb.nci.nih.gov/xml/owl/EVS/Thesaurus.owl#C4934	0.94748217
http://snomed.info/id/92109005	http://ncicb.nci.nih.gov/xml/owl/EVS/Thesaurus.owl#C3593	0.97403651
http://snomed.info/id/92115005	http://ncicb.nci.nih.gov/xml/owl/EVS/Thesaurus.owl#C4420	0.98728389
http://snomed.info/id/92117002	http://ncicb.nci.nih.gov/xml/owl/EVS/Thesaurus.owl#C4440	0.98532975
http://snomed.info/id/92118007	http://ncicb.nci.nih.gov/xml/owl/EVS/Thesaurus.owl#C4787	0.92304295
http://snomed.info/id/92119004	http://ncicb.nci.nih.gov/xml/owl/EVS/Thesaurus.owl#C4598	0.95484382
http://snomed.info/id/92123007	http://ncicb.nci.nih.gov/xml/owl/EVS/Thesaurus.owl#C4605	0.98658657
http://snomed.info/id/92124001	http://ncicb.nci.nih.gov/xml/owl/EVS/Thesaurus.owl#C8539	0.97927797
http://snomed.info/id/92126004	http://ncicb.nci.nih.gov/xml/owl/EVS/Thesaurus.owl#C4598	0.918428
http://snomed.info/id/92129006	http://ncicb.nci.nih.gov/xml/owl/EVS/Thesaurus.owl#C4403	0.98725861
http://snomed.info/id/92131002	http://ncicb.nci.nih.gov/xml/owl/EVS/Thesaurus.owl#C173932	0.9002555
http://snomed.info/id/92132009	http://ncicb.nci.nih.gov/xml/owl/EVS/Thesaurus.owl#C3605	0.96331298
http://snomed.info/id/92134005	http://ncicb.nci.nih.gov/xml/owl/EVS/Thesaurus.owl#C4888	0.96768153
http://snomed.info/id/92139000	http://ncicb.nci.nih.gov/xml/owl/EVS/Thesaurus.owl#C3596	0.98453772
http://snomed.info/id/92151003	http://ncicb.nci.nih.gov/xml/owl/EVS/Thesaurus.owl#C4609	0.98126137
http://snomed.info/id/92161005	http://ncicb.nci.nih.gov/xml/owl/EVS/Thesaurus.owl#C34417	0.93566054
http://snomed.info/id/92163008	http://ncicb.nci.nih.gov/xml/owl/EVS/Thesaurus.owl#C4606	0.90127122
http://snomed.info/id/92165001	http://ncicb.nci.nih.gov/xml/owl/EVS/Thesaurus.owl#C4778	0.98775339
http://snomed.info/id/92169007	http://ncicb.nci.nih.gov/xml/owl/EVS/Thesaurus.owl#C3621	0.98987842
http://snomed.info/id/92174004	http://ncicb.nci.nih.gov/xml/owl/EVS/Thesaurus.owl#C4606	0.93866956
http://snomed.info/id/92175003	http://ncicb.nci.nih.gov/xml/owl/EVS/Thesaurus.owl#C3601	0.95544523
http://snomed.info/id/92185002	http://ncicb.nci.nih.gov/xml/owl/EVS/Thesaurus.owl#C3591	0.96268946
http://snomed.info/id/92196005	http://ncicb.nci.nih.gov/xml/owl/EVS/Thesaurus.owl#C4454	0.98457521
http://snomed.info/id/92197001	http://ncicb.nci.nih.gov/xml/owl/EVS/Thesaurus.owl#C3636	0.99101657
http://snomed.info/id/92205005	http://ncicb.nci.nih.gov/xml/owl/EVS/Thesaurus.owl#C4771	0.98428303
http://snomed.info/id/92206006	http://ncicb.nci.nih.gov/xml/owl/EVS/Thesaurus.owl#C4620	0.98661602
http://snomed.info/id/92207002	http://ncicb.nci.nih.gov/xml/owl/EVS/Thesaurus.owl#C4777	0.95389849
http://snomed.info/id/92208007	http://ncicb.nci.nih.gov/xml/owl/EVS/Thesaurus.owl#C34417	0.92326707
http://snomed.info/id/92211008	http://ncicb.nci.nih.gov/xml/owl/EVS/Thesaurus.owl#C4414	0.98685223
http://snomed.info/id/92213006	http://ncicb.nci.nih.gov/xml/owl/EVS/Thesaurus.owl#C3604	0.91549838
http://snomed.info/id/92214000	http://ncicb.nci.nih.gov/xml/owl/EVS/Thesaurus.owl#C3604	0.93026364
http://snomed.info/id/92218002	http://ncicb.nci.nih.gov/xml/owl/EVS/Thesaurus.owl#C4602	0.98992378
http://snomed.info/id/92220004	http://ncicb.nci.nih.gov/xml/owl/EVS/Thesaurus.owl#C4411	0.98699534
http://snomed.info/id/92237006	http://ncicb.nci.nih.gov/xml/owl/EVS/Thesaurus.owl#C4882	0.98644406
http://snomed.info/id/92238001	http://ncicb.nci.nih.gov/xml/owl/EVS/Thesaurus.owl#C4607	0.95571524
http://snomed.info/id/92240006	http://ncicb.nci.nih.gov/xml/owl/EVS/Thesaurus.owl#C4603	0.90079302
http://snomed.info/id/92241005	http://ncicb.nci.nih.gov/xml/owl/EVS/Thesaurus.owl#C4603	0.98631412
http://snomed.info/id/92246000	http://ncicb.nci.nih.gov/xml/owl/EVS/Thesaurus.owl#C4884	0.98450857
http://snomed.info/id/92247009	http://ncicb.nci.nih.gov/xml/owl/EVS/Thesaurus.owl#C4789	0.97816581
http://snomed.info/id/92248004	http://ncicb.nci.nih.gov/xml/owl/EVS/Thesaurus.owl#C5197	0.95303947
http://snomed.info/id/92250007	http://ncicb.nci.nih.gov/xml/owl/EVS/Thesaurus.owl#C4603	0.92165047
http://snomed.info/id/92258000	http://ncicb.nci.nih.gov/xml/owl/EVS/Thesaurus.owl#C3620	0.98788559
http://snomed.info/id/92259008	http://ncicb.nci.nih.gov/xml/owl/EVS/Thesaurus.owl#C4604	0.92648005
http://snomed.info/id/92260003	http://ncicb.nci.nih.gov/xml/owl/EVS/Thesaurus.owl#C2895	0.9715538
http://snomed.info/id/92261004	http://ncicb.nci.nih.gov/xml/owl/EVS/Thesaurus.owl#C4599	0.98684853
http://snomed.info/id/92263001	http://ncicb.nci.nih.gov/xml/owl/EVS/Thesaurus.owl#C3594	0.96892184
http://snomed.info/id/92264007	http://ncicb.nci.nih.gov/xml/owl/EVS/Thesaurus.owl#C4612	0.97474706
http://snomed.info/id/92267000	http://ncicb.nci.nih.gov/xml/owl/EVS/Thesaurus.owl#C48314	0.9577294
http://snomed.info/id/92272009	http://ncicb.nci.nih.gov/xml/owl/EVS/Thesaurus.owl#C3630	0.98497081
http://snomed.info/id/92279000	http://ncicb.nci.nih.gov/xml/owl/EVS/Thesaurus.owl#C4770	0.98640835
http://snomed.info/id/92280002	http://ncicb.nci.nih.gov/xml/owl/EVS/Thesaurus.owl#C4770	0.91029304
http://snomed.info/id/92282005	http://ncicb.nci.nih.gov/xml/owl/EVS/Thesaurus.owl#C35750	0.90362215
http://snomed.info/id/92286008	http://ncicb.nci.nih.gov/xml/owl/EVS/Thesaurus.owl#C3489	0.95143586
http://snomed.info/id/92289001	http://ncicb.nci.nih.gov/xml/owl/EVS/Thesaurus.owl#C8536	0.91841608
http://snomed.info/id/92293007	http://ncicb.nci.nih.gov/xml/owl/EVS/Thesaurus.owl#C3597	0.93599665
http://snomed.info/id/92294001	http://ncicb.nci.nih.gov/xml/owl/EVS/Thesaurus.owl#C3631	0.98228908
http://snomed.info/id/92296004	http://ncicb.nci.nih.gov/xml/owl/EVS/Thesaurus.owl#C4782	0.98479164
http://snomed.info/id/92297008	http://ncicb.nci.nih.gov/xml/owl/EVS/Thesaurus.owl#C8545	0.95113176
http://snomed.info/id/92298003	http://ncicb.nci.nih.gov/xml/owl/EVS/Thesaurus.owl#C3603	0.90122014
http://snomed.info/id/92301004	http://ncicb.nci.nih.gov/xml/owl/EVS/Thesaurus.owl#C3596	0.91135067
http://snomed.info/id/92308005	http://ncicb.nci.nih.gov/xml/owl/EVS/Thesaurus.owl#C3613	0.98380423
http://snomed.info/id/92312004	http://ncicb.nci.nih.gov/xml/owl/EVS/Thesaurus.owl#C4886	0.94533914
http://snomed.info/id/92318000	http://ncicb.nci.nih.gov/xml/owl/EVS/Thesaurus.owl#C4774	0.96399951
http://snomed.info/id/92319008	http://ncicb.nci.nih.gov/xml/owl/EVS/Thesaurus.owl#C3616	0.98839498
http://snomed.info/id/92320002	http://ncicb.nci.nih.gov/xml/owl/EVS/Thesaurus.owl#C8531	0.94726783
http://snomed.info/id/92321003	http://ncicb.nci.nih.gov/xml/owl/EVS/Thesaurus.owl#C3624	0.97578883
http://snomed.info/id/92324006	http://ncicb.nci.nih.gov/xml/owl/EVS/Thesaurus.owl#C4447	0.92069656
http://snomed.info/id/92336000	http://ncicb.nci.nih.gov/xml/owl/EVS/Thesaurus.owl#C3615	0.95555949
http://snomed.info/id/92337009	http://ncicb.nci.nih.gov/xml/owl/EVS/Thesaurus.owl#C8525	0.98957461
http://snomed.info/id/92354001	http://ncicb.nci.nih.gov/xml/owl/EVS/Thesaurus.owl#C8417	0.92425728
http://snomed.info/id/92358003	http://ncicb.nci.nih.gov/xml/owl/EVS/Thesaurus.owl#C4354	0.95540035
http://snomed.info/id/92369000	http://ncicb.nci.nih.gov/xml/owl/EVS/Thesaurus.owl#C3591	0.94027323
http://snomed.info/id/92384009	http://ncicb.nci.nih.gov/xml/owl/EVS/Thesaurus.owl#C2896	0.98872459
http://snomed.info/id/92385005	http://ncicb.nci.nih.gov/xml/owl/EVS/Thesaurus.owl#C3600	0.98495519
http://snomed.info/id/92386006	http://ncicb.nci.nih.gov/xml/owl/EVS/Thesaurus.owl#C4404	0.98563254
http://snomed.info/id/92395003	http://ncicb.nci.nih.gov/xml/owl/EVS/Thesaurus.owl#C128053	0.90887994
http://snomed.info/id/92403000	http://ncicb.nci.nih.gov/xml/owl/EVS/Thesaurus.owl#C4422	0.95735842
http://snomed.info/id/92404006	http://ncicb.nci.nih.gov/xml/owl/EVS/Thesaurus.owl#C4422	0.98636186
http://snomed.info/id/92405007	http://ncicb.nci.nih.gov/xml/owl/EVS/Thesaurus.owl#C3627	0.99124759
http://snomed.info/id/92408009	http://ncicb.nci.nih.gov/xml/owl/EVS/Thesaurus.owl#C4902	0.94634604
http://snomed.info/id/92410006	http://ncicb.nci.nih.gov/xml/owl/EVS/Thesaurus.owl#C8416	0.97502512
http://snomed.info/id/92411005	http://ncicb.nci.nih.gov/xml/owl/EVS/Thesaurus.owl#C3599	0.96058589
http://snomed.info/id/92412003	http://ncicb.nci.nih.gov/xml/owl/EVS/Thesaurus.owl#C4427	0.98193967
http://snomed.info/id/92413008	http://ncicb.nci.nih.gov/xml/owl/EVS/Thesaurus.owl#C4601	0.98630404
http://snomed.info/id/92414002	http://ncicb.nci.nih.gov/xml/owl/EVS/Thesaurus.owl#C4891	0.91559911
http://snomed.info/id/92415001	http://ncicb.nci.nih.gov/xml/owl/EVS/Thesaurus.owl#C4891	0.90051317
http://snomed.info/id/92421002	http://ncicb.nci.nih.gov/xml/owl/EVS/Thesaurus.owl#C8414	0.98654467
http://snomed.info/id/92422009	http://ncicb.nci.nih.gov/xml/owl/EVS/Thesaurus.owl#C4879	0.9873578
http://snomed.info/id/92428008	http://ncicb.nci.nih.gov/xml/owl/EVS/Thesaurus.owl#C3612	0.95825589
http://snomed.info/id/92432002	http://ncicb.nci.nih.gov/xml/owl/EVS/Thesaurus.owl#C8612	0.94816166
http://snomed.info/id/92433007	http://ncicb.nci.nih.gov/xml/owl/EVS/Thesaurus.owl#C4447	0.92185193
http://snomed.info/id/92436004	http://ncicb.nci.nih.gov/xml/owl/EVS/Thesaurus.owl#C3598	0.90317291
http://snomed.info/id/92437008	http://ncicb.nci.nih.gov/xml/owl/EVS/Thesaurus.owl#C4458	0.9878971
http://snomed.info/id/92439006	http://ncicb.nci.nih.gov/xml/owl/EVS/Thesaurus.owl#C3628	0.9866116
http://snomed.info/id/92442000	http://ncicb.nci.nih.gov/xml/owl/EVS/Thesaurus.owl#C3592	0.92924404
http://snomed.info/id/92443005	http://ncicb.nci.nih.gov/xml/owl/EVS/Thesaurus.owl#C3592	0.98588222
http://snomed.info/id/92444004	http://ncicb.nci.nih.gov/xml/owl/EVS/Thesaurus.owl#C3594	0.96924967
http://snomed.info/id/92446002	http://ncicb.nci.nih.gov/xml/owl/EVS/Thesaurus.owl#C3602	0.96151197
http://snomed.info/id/92464009	http://ncicb.nci.nih.gov/xml/owl/EVS/Thesaurus.owl#C3617	0.9883762
http://snomed.info/id/92466006	http://ncicb.nci.nih.gov/xml/owl/EVS/Thesaurus.owl#C3619	0.96202123
http://snomed.info/id/92467002	http://ncicb.nci.nih.gov/xml/owl/EVS/Thesaurus.owl#C3618	0.91913188
http://snomed.info/id/92468007	http://ncicb.nci.nih.gov/xml/owl/EVS/Thesaurus.owl#C4893	0.98799539
http://snomed.info/id/92470003	http://ncicb.nci.nih.gov/xml/owl/EVS/Thesaurus.owl#C3609	0.96801019
http://snomed.info/id/92471004	http://ncicb.nci.nih.gov/xml/owl/EVS/Thesaurus.owl#C6104	0.98299807
http://snomed.info/id/92472006	http://ncicb.nci.nih.gov/xml/owl/EVS/Thesaurus.owl#C35698	0.98824233
http://snomed.info/id/92473001	http://ncicb.nci.nih.gov/xml/owl/EVS/Thesaurus.owl#C3610	0.95651615
http://snomed.info/id/92477000	http://ncicb.nci.nih.gov/xml/owl/EVS/Thesaurus.owl#C6063	0.91432852
http://snomed.info/id/92486005	http://ncicb.nci.nih.gov/xml/owl/EVS/Thesaurus.owl#C3611	0.97078031
http://snomed.info/id/92503002	http://ncicb.nci.nih.gov/xml/owl/EVS/Thesaurus.owl#C3274	1.0
http://snomed.info/id/92531006	http://ncicb.nci.nih.gov/xml/owl/EVS/Thesaurus.owl#C7794	0.91262048
http://snomed.info/id/92539008	http://ncicb.nci.nih.gov/xml/owl/EVS/Thesaurus.owl#C4593	0.91210866
http://snomed.info/id/92546004	http://ncicb.nci.nih.gov/xml/owl/EVS/Thesaurus.owl#C37266	0.93558991
http://snomed.info/id/92548003	http://ncicb.nci.nih.gov/xml/owl/EVS/Thesaurus.owl#C27790	0.92680985
http://snomed.info/id/92559007	http://ncicb.nci.nih.gov/xml/owl/EVS/Thesaurus.owl#C4594	0.98350078
http://snomed.info/id/92560002	http://ncicb.nci.nih.gov/xml/owl/EVS/Thesaurus.owl#C4428	0.92709768
http://snomed.info/id/92564006	http://ncicb.nci.nih.gov/xml/owl/EVS/Thesaurus.owl#C7347	0.90133029
http://snomed.info/id/92584005	http://ncicb.nci.nih.gov/xml/owl/EVS/Thesaurus.owl#C4592	0.90639639
http://snomed.info/id/92589000	http://ncicb.nci.nih.gov/xml/owl/EVS/Thesaurus.owl#C4442	0.90641284
http://snomed.info/id/92593006	http://ncicb.nci.nih.gov/xml/owl/EVS/Thesaurus.owl#C176580	0.97354245
http://snomed.info/id/92598002	http://ncicb.nci.nih.gov/xml/owl/EVS/Thesaurus.owl#C4429	0.91085702
http://snomed.info/id/92599005	http://ncicb.nci.nih.gov/xml/owl/EVS/Thesaurus.owl#C134663	0.90935534
http://snomed.info/id/92600008	http://ncicb.nci.nih.gov/xml/owl/EVS/Thesaurus.owl#C35180	0.91443551
http://snomed.info/id/92612007	http://ncicb.nci.nih.gov/xml/owl/EVS/Thesaurus.owl#C9101	0.90206867
http://snomed.info/id/92643000	http://ncicb.nci.nih.gov/xml/owl/EVS/Thesaurus.owl#C4588	0.90977812
http://snomed.info/id/92649001	http://ncicb.nci.nih.gov/xml/owl/EVS/Thesaurus.owl#C136486	0.90518469
http://snomed.info/id/92652009	http://ncicb.nci.nih.gov/xml/owl/EVS/Thesaurus.owl#C176503	0.97871447
http://snomed.info/id/92657003	http://ncicb.nci.nih.gov/xml/owl/EVS/Thesaurus.owl#C91741	0.97640902
http://snomed.info/id/92679008	http://ncicb.nci.nih.gov/xml/owl/EVS/Thesaurus.owl#C27790	0.95011026
http://snomed.info/id/92693001	http://ncicb.nci.nih.gov/xml/owl/EVS/Thesaurus.owl#C4431	0.91756004
http://snomed.info/id/92695008	http://ncicb.nci.nih.gov/xml/owl/EVS/Thesaurus.owl#C5017	0.90515947
http://snomed.info/id/92697000	http://ncicb.nci.nih.gov/xml/owl/EVS/Thesaurus.owl#C6193	0.90258837
http://snomed.info/id/92723003	http://ncicb.nci.nih.gov/xml/owl/EVS/Thesaurus.owl#C88120	0.90538937
http://snomed.info/id/9273005	http://ncicb.nci.nih.gov/xml/owl/EVS/Thesaurus.owl#C7754	1.0
http://snomed.info/id/92749008	http://ncicb.nci.nih.gov/xml/owl/EVS/Thesaurus.owl#C2906	0.91001409
http://snomed.info/id/92772005	http://ncicb.nci.nih.gov/xml/owl/EVS/Thesaurus.owl#C3639	0.93717152
http://snomed.info/id/92782006	http://ncicb.nci.nih.gov/xml/owl/EVS/Thesaurus.owl#C6149	0.91634679
http://snomed.info/id/92785008	http://ncicb.nci.nih.gov/xml/owl/EVS/Thesaurus.owl#C37266	0.92420983
http://snomed.info/id/92811003	http://ncicb.nci.nih.gov/xml/owl/EVS/Thesaurus.owl#C4898	1.0
http://snomed.info/id/92812005	http://ncicb.nci.nih.gov/xml/owl/EVS/Thesaurus.owl#C3483	0.9709385
http://snomed.info/id/92813000	http://ncicb.nci.nih.gov/xml/owl/EVS/Thesaurus.owl#C4901	0.95316881
http://snomed.info/id/92814006	http://ncicb.nci.nih.gov/xml/owl/EVS/Thesaurus.owl#C7539	0.90521103
http://snomed.info/id/92817004	http://ncicb.nci.nih.gov/xml/owl/EVS/Thesaurus.owl#C4899	0.94290721
http://snomed.info/id/92824003	http://ncicb.nci.nih.gov/xml/owl/EVS/Thesaurus.owl#C3273	1.0
http://snomed.info/id/9294008	http://ncicb.nci.nih.gov/xml/owl/EVS/Thesaurus.owl#C7328	0.95275652
http://snomed.info/id/93142004	http://ncicb.nci.nih.gov/xml/owl/EVS/Thesaurus.owl#C4896	1.0
http://snomed.info/id/93143009	http://ncicb.nci.nih.gov/xml/owl/EVS/Thesaurus.owl#C3161	0.95886314
http://snomed.info/id/93151007	http://ncicb.nci.nih.gov/xml/owl/EVS/Thesaurus.owl#C7301	0.91531229
http://snomed.info/id/93159009	http://ncicb.nci.nih.gov/xml/owl/EVS/Thesaurus.owl#C4616	0.92751431
http://snomed.info/id/93162007	http://ncicb.nci.nih.gov/xml/owl/EVS/Thesaurus.owl#C3606	0.98806208
http://snomed.info/id/93163002	http://ncicb.nci.nih.gov/xml/owl/EVS/Thesaurus.owl#C3192	1.0
http://snomed.info/id/93169003	http://ncicb.nci.nih.gov/xml/owl/EVS/Thesaurus.owl#C4901	1.0
http://snomed.info/id/93198004	http://ncicb.nci.nih.gov/xml/owl/EVS/Thesaurus.owl#C26960	0.9122135
http://snomed.info/id/93215006	http://ncicb.nci.nih.gov/xml/owl/EVS/Thesaurus.owl#C8410	0.90542436
http://snomed.info/id/93224002	http://ncicb.nci.nih.gov/xml/owl/EVS/Thesaurus.owl#C4358	0.94613695
http://snomed.info/id/93468003	http://ncicb.nci.nih.gov/xml/owl/EVS/Thesaurus.owl#C3633	0.99221563
http://snomed.info/id/93469006	http://ncicb.nci.nih.gov/xml/owl/EVS/Thesaurus.owl#C3869	0.98911458
http://snomed.info/id/93470007	http://ncicb.nci.nih.gov/xml/owl/EVS/Thesaurus.owl#C3634	0.98421925
http://snomed.info/id/93471006	http://ncicb.nci.nih.gov/xml/owl/EVS/Thesaurus.owl#C4905	0.99339706
http://snomed.info/id/93472004	http://ncicb.nci.nih.gov/xml/owl/EVS/Thesaurus.owl#C8541	0.95481426
http://snomed.info/id/93473009	http://ncicb.nci.nih.gov/xml/owl/EVS/Thesaurus.owl#C8540	0.98895776
http://snomed.info/id/93527005	http://ncicb.nci.nih.gov/xml/owl/EVS/Thesaurus.owl#C26961	0.91336924
http://snomed.info/id/93537000	http://ncicb.nci.nih.gov/xml/owl/EVS/Thesaurus.owl#C6914	0.9139443
http://snomed.info/id/93546006	http://ncicb.nci.nih.gov/xml/owl/EVS/Thesaurus.owl#C26956	0.92397821
http://snomed.info/id/93555009	http://ncicb.nci.nih.gov/xml/owl/EVS/Thesaurus.owl#C164145	0.90251648
http://snomed.info/id/93616000	http://ncicb.nci.nih.gov/xml/owl/EVS/Thesaurus.owl#C3434	0.93729925
http://snomed.info/id/93655004	http://ncicb.nci.nih.gov/xml/owl/EVS/Thesaurus.owl#C3510	0.95247585
http://snomed.info/id/93657007	http://ncicb.nci.nih.gov/xml/owl/EVS/Thesaurus.owl#C5826	0.90084308
http://snomed.info/id/93658002	http://ncicb.nci.nih.gov/xml/owl/EVS/Thesaurus.owl#C5829	0.90933794
http://snomed.info/id/93665005	http://ncicb.nci.nih.gov/xml/owl/EVS/Thesaurus.owl#C9338	0.96072018
http://snomed.info/id/93669004	http://ncicb.nci.nih.gov/xml/owl/EVS/Thesaurus.owl#C7379	0.92024505
http://snomed.info/id/93677000	http://ncicb.nci.nih.gov/xml/owl/EVS/Thesaurus.owl#C5375	0.90729135
http://snomed.info/id/93679002	http://ncicb.nci.nih.gov/xml/owl/EVS/Thesaurus.owl#C9333	0.94593942
http://snomed.info/id/93689003	http://ncicb.nci.nih.gov/xml/owl/EVS/Thesaurus.owl#C9334	0.9363746
http://snomed.info/id/93714009	http://ncicb.nci.nih.gov/xml/owl/EVS/Thesaurus.owl#C8538	0.9556179
http://snomed.info/id/93716006	http://ncicb.nci.nih.gov/xml/owl/EVS/Thesaurus.owl#C7547	0.9099043
http://snomed.info/id/93720005	http://ncicb.nci.nih.gov/xml/owl/EVS/Thesaurus.owl#C35501	0.92742801
http://snomed.info/id/93725000	http://ncicb.nci.nih.gov/xml/owl/EVS/Thesaurus.owl#C4016	0.95209265
http://snomed.info/id/93726004	http://ncicb.nci.nih.gov/xml/owl/EVS/Thesaurus.owl#C3570	0.96673614
http://snomed.info/id/93727008	http://ncicb.nci.nih.gov/xml/owl/EVS/Thesaurus.owl#C3568	0.94273752
http://snomed.info/id/93734005	http://ncicb.nci.nih.gov/xml/owl/EVS/Thesaurus.owl#C156885	0.90526474
http://snomed.info/id/93740003	http://ncicb.nci.nih.gov/xml/owl/EVS/Thesaurus.owl#C3574	0.90914422
http://snomed.info/id/93744007	http://ncicb.nci.nih.gov/xml/owl/EVS/Thesaurus.owl#C4627	0.94632995
http://snomed.info/id/93746009	http://ncicb.nci.nih.gov/xml/owl/EVS/Thesaurus.owl#C3569	0.90868556
http://snomed.info/id/93747000	http://ncicb.nci.nih.gov/xml/owl/EVS/Thesaurus.owl#C4628	0.9038896
http://snomed.info/id/93754006	http://ncicb.nci.nih.gov/xml/owl/EVS/Thesaurus.owl#C4580	0.9490118
http://snomed.info/id/93755007	http://ncicb.nci.nih.gov/xml/owl/EVS/Thesaurus.owl#C3566	0.95945656
http://snomed.info/id/93756008	http://ncicb.nci.nih.gov/xml/owl/EVS/Thesaurus.owl#C4766	0.92371166
http://snomed.info/id/93759001	http://ncicb.nci.nih.gov/xml/owl/EVS/Thesaurus.owl#C4624	0.97855312
http://snomed.info/id/93761005	http://ncicb.nci.nih.gov/xml/owl/EVS/Thesaurus.owl#C9242	0.94372904
http://snomed.info/id/93766000	http://ncicb.nci.nih.gov/xml/owl/EVS/Thesaurus.owl#C3565	0.91551179
http://snomed.info/id/93767009	http://ncicb.nci.nih.gov/xml/owl/EVS/Thesaurus.owl#C3571	0.95643502
http://snomed.info/id/93775003	http://ncicb.nci.nih.gov/xml/owl/EVS/Thesaurus.owl#C9328	0.92064202
http://snomed.info/id/93778001	http://ncicb.nci.nih.gov/xml/owl/EVS/Thesaurus.owl#C4570	0.91610801
http://snomed.info/id/93779009	http://ncicb.nci.nih.gov/xml/owl/EVS/Thesaurus.owl#C3553	0.9421584
http://snomed.info/id/93781006	http://ncicb.nci.nih.gov/xml/owl/EVS/Thesaurus.owl#C27815	0.91113371
http://snomed.info/id/93784003	http://ncicb.nci.nih.gov/xml/owl/EVS/Thesaurus.owl#C4836	0.96102917
http://snomed.info/id/93786001	http://ncicb.nci.nih.gov/xml/owl/EVS/Thesaurus.owl#C3541	0.90705156
http://snomed.info/id/93787005	http://ncicb.nci.nih.gov/xml/owl/EVS/Thesaurus.owl#C3541	0.94178611
http://snomed.info/id/93793002	http://ncicb.nci.nih.gov/xml/owl/EVS/Thesaurus.owl#C5827	0.92076176
http://snomed.info/id/93797001	http://ncicb.nci.nih.gov/xml/owl/EVS/Thesaurus.owl#C4913	0.90260267
http://snomed.info/id/93802007	http://ncicb.nci.nih.gov/xml/owl/EVS/Thesaurus.owl#C9318	0.94364202
http://snomed.info/id/93808006	http://ncicb.nci.nih.gov/xml/owl/EVS/Thesaurus.owl#C3542	0.95587581
http://snomed.info/id/93812000	http://ncicb.nci.nih.gov/xml/owl/EVS/Thesaurus.owl#C9317	0.91513741
http://snomed.info/id/93815003	http://ncicb.nci.nih.gov/xml/owl/EVS/Thesaurus.owl#C5828	0.91932404
http://snomed.info/id/93816002	http://ncicb.nci.nih.gov/xml/owl/EVS/Thesaurus.owl#C3544	0.95058763
http://snomed.info/id/93817006	http://ncicb.nci.nih.gov/xml/owl/EVS/Thesaurus.owl#C4575	0.94242114
http://snomed.info/id/93825008	http://ncicb.nci.nih.gov/xml/owl/EVS/Thesaurus.owl#C3548	0.93013602
http://snomed.info/id/93827000	http://ncicb.nci.nih.gov/xml/owl/EVS/Thesaurus.owl#C4566	0.95125812
http://snomed.info/id/93831006	http://ncicb.nci.nih.gov/xml/owl/EVS/Thesaurus.owl#C7190	0.93872964
http://snomed.info/id/93846004	http://ncicb.nci.nih.gov/xml/owl/EVS/Thesaurus.owl#C170919	0.92511398
http://snomed.info/id/93849006	http://ncicb.nci.nih.gov/xml/owl/EVS/Thesaurus.owl#C7548	0.94634849
http://snomed.info/id/93850006	http://ncicb.nci.nih.gov/xml/owl/EVS/Thesaurus.owl#C7638	0.96417969
http://snomed.info/id/93851005	http://ncicb.nci.nih.gov/xml/owl/EVS/Thesaurus.owl#C7637	0.9625029
http://snomed.info/id/93858004	http://ncicb.nci.nih.gov/xml/owl/EVS/Thesaurus.owl#C4836	0.91141236
http://snomed.info/id/93870000	http://ncicb.nci.nih.gov/xml/owl/EVS/Thesaurus.owl#C34803	0.95197165
http://snomed.info/id/93880001	http://ncicb.nci.nih.gov/xml/owl/EVS/Thesaurus.owl#C7377	0.93853945
http://snomed.info/id/93883004	http://ncicb.nci.nih.gov/xml/owl/EVS/Thesaurus.owl#C4762	0.9602688
http://snomed.info/id/93884005	http://ncicb.nci.nih.gov/xml/owl/EVS/Thesaurus.owl#C3862	0.90470469
http://snomed.info/id/93885006	http://ncicb.nci.nih.gov/xml/owl/EVS/Thesaurus.owl#C8561	0.91440147
http://snomed.info/id/93889000	http://ncicb.nci.nih.gov/xml/owl/EVS/Thesaurus.owl#C3540	0.95206255
http://snomed.info/id/93891008	http://ncicb.nci.nih.gov/xml/owl/EVS/Thesaurus.owl#C3549	0.90936762
http://snomed.info/id/93894000	http://ncicb.nci.nih.gov/xml/owl/EVS/Thesaurus.owl#C4765	0.94742149
http://snomed.info/id/93913006	http://ncicb.nci.nih.gov/xml/owl/EVS/Thesaurus.owl#C4883	0.95399898
http://snomed.info/id/93914000	http://ncicb.nci.nih.gov/xml/owl/EVS/Thesaurus.owl#C4569	0.92524463
http://snomed.info/id/93917007	http://ncicb.nci.nih.gov/xml/owl/EVS/Thesaurus.owl#C4918	0.9432438
http://snomed.info/id/93922007	http://ncicb.nci.nih.gov/xml/owl/EVS/Thesaurus.owl#C4940	0.92076766
http://snomed.info/id/93923002	http://ncicb.nci.nih.gov/xml/owl/EVS/Thesaurus.owl#C4788	0.95284808
http://snomed.info/id/93924008	http://ncicb.nci.nih.gov/xml/owl/EVS/Thesaurus.owl#C120455	0.91614735
http://snomed.info/id/93925009	http://ncicb.nci.nih.gov/xml/owl/EVS/Thesaurus.owl#C120454	0.94206059
http://snomed.info/id/93929003	http://ncicb.nci.nih.gov/xml/owl/EVS/Thesaurus.owl#C6995	0.97271442
http://snomed.info/id/93930008	http://ncicb.nci.nih.gov/xml/owl/EVS/Thesaurus.owl#C4768	0.96500349
http://snomed.info/id/93931007	http://ncicb.nci.nih.gov/xml/owl/EVS/Thesaurus.owl#C170941	0.95735306
http://snomed.info/id/93932000	http://ncicb.nci.nih.gov/xml/owl/EVS/Thesaurus.owl#C3562	0.93108094
http://snomed.info/id/93934004	http://ncicb.nci.nih.gov/xml/owl/EVS/Thesaurus.owl#C7431	0.92679018
http://snomed.info/id/93941005	http://ncicb.nci.nih.gov/xml/owl/EVS/Thesaurus.owl#C8559	0.92777121
http://snomed.info/id/93943008	http://ncicb.nci.nih.gov/xml/owl/EVS/Thesaurus.owl#C9322	0.96660614
http://snomed.info/id/9395006	http://ncicb.nci.nih.gov/xml/owl/EVS/Thesaurus.owl#C4243	1.0
http://snomed.info/id/93953009	http://ncicb.nci.nih.gov/xml/owl/EVS/Thesaurus.owl#C156715	0.92002523
http://snomed.info/id/93962006	http://ncicb.nci.nih.gov/xml/owl/EVS/Thesaurus.owl#C3573	0.93682957
http://snomed.info/id/93964007	http://ncicb.nci.nih.gov/xml/owl/EVS/Thesaurus.owl#C4769	0.93833727
http://snomed.info/id/93967000	http://ncicb.nci.nih.gov/xml/owl/EVS/Thesaurus.owl#C9323	0.96881282
http://snomed.info/id/93974005	http://ncicb.nci.nih.gov/xml/owl/EVS/Thesaurus.owl#C7378	0.94125801
http://snomed.info/id/93978008	http://ncicb.nci.nih.gov/xml/owl/EVS/Thesaurus.owl#C3531	0.9267925
http://snomed.info/id/93980002	http://ncicb.nci.nih.gov/xml/owl/EVS/Thesaurus.owl#C7420	0.93056768
http://snomed.info/id/93984006	http://ncicb.nci.nih.gov/xml/owl/EVS/Thesaurus.owl#C7418	0.92136359
http://snomed.info/id/93985007	http://ncicb.nci.nih.gov/xml/owl/EVS/Thesaurus.owl#C7525	0.96196049
http://snomed.info/id/93986008	http://ncicb.nci.nih.gov/xml/owl/EVS/Thesaurus.owl#C4571	0.90534604
http://snomed.info/id/93987004	http://ncicb.nci.nih.gov/xml/owl/EVS/Thesaurus.owl#C3216	0.92022651
http://snomed.info/id/94000008	http://ncicb.nci.nih.gov/xml/owl/EVS/Thesaurus.owl#C8409	0.97122782
http://snomed.info/id/94006002	http://ncicb.nci.nih.gov/xml/owl/EVS/Thesaurus.owl#C177680	0.92366958
http://snomed.info/id/94021008	http://ncicb.nci.nih.gov/xml/owl/EVS/Thesaurus.owl#C6786	0.91875732
http://snomed.info/id/94047004	http://ncicb.nci.nih.gov/xml/owl/EVS/Thesaurus.owl#C2920	0.94151694
http://snomed.info/id/94048009	http://ncicb.nci.nih.gov/xml/owl/EVS/Thesaurus.owl#C7523	0.96073997
http://snomed.info/id/94049001	http://ncicb.nci.nih.gov/xml/owl/EVS/Thesaurus.owl#C3529	0.9614141
http://snomed.info/id/94067008	http://ncicb.nci.nih.gov/xml/owl/EVS/Thesaurus.owl#C3543	0.93578136
http://snomed.info/id/94068003	http://ncicb.nci.nih.gov/xml/owl/EVS/Thesaurus.owl#C3572	0.94540924
http://snomed.info/id/94071006	http://ncicb.nci.nih.gov/xml/owl/EVS/Thesaurus.owl#C3539	0.90577596
http://snomed.info/id/94073009	http://ncicb.nci.nih.gov/xml/owl/EVS/Thesaurus.owl#C8408	0.94545603
http://snomed.info/id/94075002	http://ncicb.nci.nih.gov/xml/owl/EVS/Thesaurus.owl#C3546	0.9513467
http://snomed.info/id/94076001	http://ncicb.nci.nih.gov/xml/owl/EVS/Thesaurus.owl#C3527	0.9664591
http://snomed.info/id/94080006	http://ncicb.nci.nih.gov/xml/owl/EVS/Thesaurus.owl#C3545	0.95365727
http://snomed.info/id/94081005	http://ncicb.nci.nih.gov/xml/owl/EVS/Thesaurus.owl#C4810	0.97077447
http://snomed.info/id/94087009	http://ncicb.nci.nih.gov/xml/owl/EVS/Thesaurus.owl#C7251	0.92318529
http://snomed.info/id/94096009	http://ncicb.nci.nih.gov/xml/owl/EVS/Thesaurus.owl#C4962	0.95261282
http://snomed.info/id/94098005	http://ncicb.nci.nih.gov/xml/owl/EVS/Thesaurus.owl#C7510	0.94891536
http://snomed.info/id/94101009	http://ncicb.nci.nih.gov/xml/owl/EVS/Thesaurus.owl#C9345	0.94305122
http://snomed.info/id/94102002	http://ncicb.nci.nih.gov/xml/owl/EVS/Thesaurus.owl#C7404	0.92219448
http://snomed.info/id/94104001	http://ncicb.nci.nih.gov/xml/owl/EVS/Thesaurus.owl#C9346	0.92023665
http://snomed.info/id/94108003	http://ncicb.nci.nih.gov/xml/owl/EVS/Thesaurus.owl#C5122	0.90466869
http://snomed.info/id/94110001	http://ncicb.nci.nih.gov/xml/owl/EVS/Thesaurus.owl#C5825	0.90788496
http://snomed.info/id/94121005	http://ncicb.nci.nih.gov/xml/owl/EVS/Thesaurus.owl#C7543	0.93406516
http://snomed.info/id/94123008	http://ncicb.nci.nih.gov/xml/owl/EVS/Thesaurus.owl#C7507	0.90865445
http://snomed.info/id/94125001	http://ncicb.nci.nih.gov/xml/owl/EVS/Thesaurus.owl#C9297	0.9557668
http://snomed.info/id/94128004	http://ncicb.nci.nih.gov/xml/owl/EVS/Thesaurus.owl#C6105	0.94258666
http://snomed.info/id/94129007	http://ncicb.nci.nih.gov/xml/owl/EVS/Thesaurus.owl#C35177	0.96610022
http://snomed.info/id/94131003	http://ncicb.nci.nih.gov/xml/owl/EVS/Thesaurus.owl#C5831	0.91315019
http://snomed.info/id/94143002	http://ncicb.nci.nih.gov/xml/owl/EVS/Thesaurus.owl#C7502	0.925749
http://snomed.info/id/94152006	http://ncicb.nci.nih.gov/xml/owl/EVS/Thesaurus.owl#C4764	0.90432328
http://snomed.info/id/94160007	http://ncicb.nci.nih.gov/xml/owl/EVS/Thesaurus.owl#C156070	0.90069866
http://snomed.info/id/94161006	http://ncicb.nci.nih.gov/xml/owl/EVS/Thesaurus.owl#C8610	0.93409878
http://snomed.info/id/94164003	http://ncicb.nci.nih.gov/xml/owl/EVS/Thesaurus.owl#C171326	0.91581655
http://snomed.info/id/94165002	http://ncicb.nci.nih.gov/xml/owl/EVS/Thesaurus.owl#C5612	0.90034258
http://snomed.info/id/94172001	http://ncicb.nci.nih.gov/xml/owl/EVS/Thesaurus.owl#C7460	0.95062071
http://snomed.info/id/94180008	http://ncicb.nci.nih.gov/xml/owl/EVS/Thesaurus.owl#C35748	0.938375
http://snomed.info/id/94185003	http://ncicb.nci.nih.gov/xml/owl/EVS/Thesaurus.owl#C162751	0.90185404
http://snomed.info/id/94186002	http://ncicb.nci.nih.gov/xml/owl/EVS/Thesaurus.owl#C7650	0.93717062
http://snomed.info/id/94213007	http://ncicb.nci.nih.gov/xml/owl/EVS/Thesaurus.owl#C162549	0.93401766
http://snomed.info/id/94217008	http://ncicb.nci.nih.gov/xml/owl/EVS/Thesaurus.owl#C4582	0.93078858
http://snomed.info/id/94222008	http://ncicb.nci.nih.gov/xml/owl/EVS/Thesaurus.owl#C3580	0.93498564
http://snomed.info/id/94224009	http://ncicb.nci.nih.gov/xml/owl/EVS/Thesaurus.owl#C8550	0.9503516
http://snomed.info/id/94225005	http://ncicb.nci.nih.gov/xml/owl/EVS/Thesaurus.owl#C3813	0.92931277
http://snomed.info/id/94243009	http://ncicb.nci.nih.gov/xml/owl/EVS/Thesaurus.owl#C4015	0.93708766
http://snomed.info/id/94253005	http://ncicb.nci.nih.gov/xml/owl/EVS/Thesaurus.owl#C8530	0.93389714
http://snomed.info/id/94254004	http://ncicb.nci.nih.gov/xml/owl/EVS/Thesaurus.owl#C8554	0.93451595
http://snomed.info/id/94255003	http://ncicb.nci.nih.gov/xml/owl/EVS/Thesaurus.owl#C8553	0.94734859
http://snomed.info/id/94257006	http://ncicb.nci.nih.gov/xml/owl/EVS/Thesaurus.owl#C3557	0.91133475
http://snomed.info/id/94258001	http://ncicb.nci.nih.gov/xml/owl/EVS/Thesaurus.owl#C4624	0.93524849
http://snomed.info/id/94260004	http://ncicb.nci.nih.gov/xml/owl/EVS/Thesaurus.owl#C8411	0.93802243
http://snomed.info/id/94263002	http://ncicb.nci.nih.gov/xml/owl/EVS/Thesaurus.owl#C174496	0.92132139
http://snomed.info/id/94264008	http://ncicb.nci.nih.gov/xml/owl/EVS/Thesaurus.owl#C114831	0.93516487
http://snomed.info/id/94281000119101	http://ncicb.nci.nih.gov/xml/owl/EVS/Thesaurus.owl#C3226	0.94177771
http://snomed.info/id/94283001	http://ncicb.nci.nih.gov/xml/owl/EVS/Thesaurus.owl#C8544	0.94382954
http://snomed.info/id/94284007	http://ncicb.nci.nih.gov/xml/owl/EVS/Thesaurus.owl#C4836	0.91164869
http://snomed.info/id/94286009	http://ncicb.nci.nih.gov/xml/owl/EVS/Thesaurus.owl#C7479	0.93290025
http://snomed.info/id/94291000119103	http://ncicb.nci.nih.gov/xml/owl/EVS/Thesaurus.owl#C43585	0.91178131
http://snomed.info/id/94291005	http://ncicb.nci.nih.gov/xml/owl/EVS/Thesaurus.owl#C96953	0.94823927
http://snomed.info/id/94292003	http://ncicb.nci.nih.gov/xml/owl/EVS/Thesaurus.owl#C4586	0.92541581
http://snomed.info/id/94312000	http://ncicb.nci.nih.gov/xml/owl/EVS/Thesaurus.owl#C7482	0.93656123
http://snomed.info/id/94327000	http://ncicb.nci.nih.gov/xml/owl/EVS/Thesaurus.owl#C4889	0.94631606
http://snomed.info/id/94334003	http://ncicb.nci.nih.gov/xml/owl/EVS/Thesaurus.owl#C6028	0.94556153
http://snomed.info/id/94360002	http://ncicb.nci.nih.gov/xml/owl/EVS/Thesaurus.owl#C7549	0.93288082
http://snomed.info/id/9436005	http://ncicb.nci.nih.gov/xml/owl/EVS/Thesaurus.owl#C2856	0.91902113
http://snomed.info/id/94362005	http://ncicb.nci.nih.gov/xml/owl/EVS/Thesaurus.owl#C7637	0.90609616
http://snomed.info/id/94364006	http://ncicb.nci.nih.gov/xml/owl/EVS/Thesaurus.owl#C175329	0.93445313
http://snomed.info/id/94365007	http://ncicb.nci.nih.gov/xml/owl/EVS/Thesaurus.owl#C4581	0.93775427
http://snomed.info/id/94370000	http://ncicb.nci.nih.gov/xml/owl/EVS/Thesaurus.owl#C6031	0.92770696
http://snomed.info/id/94380001	http://ncicb.nci.nih.gov/xml/owl/EVS/Thesaurus.owl#C8542	0.92710352
http://snomed.info/id/94381002	http://ncicb.nci.nih.gov/xml/owl/EVS/Thesaurus.owl#C4758	0.93107224
http://snomed.info/id/94391008	http://ncicb.nci.nih.gov/xml/owl/EVS/Thesaurus.owl#C3577	0.92331284
http://snomed.info/id/94392001	http://ncicb.nci.nih.gov/xml/owl/EVS/Thesaurus.owl#C4904	0.9352119
http://snomed.info/id/94409002	http://ncicb.nci.nih.gov/xml/owl/EVS/Thesaurus.owl#C3578	0.94506609
http://snomed.info/id/94414003	http://ncicb.nci.nih.gov/xml/owl/EVS/Thesaurus.owl#C3534	0.9018721
http://snomed.info/id/94432003	http://ncicb.nci.nih.gov/xml/owl/EVS/Thesaurus.owl#C4883	0.90295625
http://snomed.info/id/94441008	http://ncicb.nci.nih.gov/xml/owl/EVS/Thesaurus.owl#C8528	0.93842655
http://snomed.info/id/94442001	http://ncicb.nci.nih.gov/xml/owl/EVS/Thesaurus.owl#C8547	0.94036669
http://snomed.info/id/94450005	http://ncicb.nci.nih.gov/xml/owl/EVS/Thesaurus.owl#C6995	0.92036074
http://snomed.info/id/94451009	http://ncicb.nci.nih.gov/xml/owl/EVS/Thesaurus.owl#C4768	0.91744518
http://snomed.info/id/94453007	http://ncicb.nci.nih.gov/xml/owl/EVS/Thesaurus.owl#C8556	0.91990775
http://snomed.info/id/94454001	http://ncicb.nci.nih.gov/xml/owl/EVS/Thesaurus.owl#C6029	0.93975639
http://snomed.info/id/94455000	http://ncicb.nci.nih.gov/xml/owl/EVS/Thesaurus.owl#C7456	0.92411554
http://snomed.info/id/94459006	http://ncicb.nci.nih.gov/xml/owl/EVS/Thesaurus.owl#C8543	0.91839343
http://snomed.info/id/94462009	http://ncicb.nci.nih.gov/xml/owl/EVS/Thesaurus.owl#C133712	0.93257505
http://snomed.info/id/94467003	http://ncicb.nci.nih.gov/xml/owl/EVS/Thesaurus.owl#C8557	0.94080454
http://snomed.info/id/94480000	http://ncicb.nci.nih.gov/xml/owl/EVS/Thesaurus.owl#C161583	0.90408093
http://snomed.info/id/94481001	http://ncicb.nci.nih.gov/xml/owl/EVS/Thesaurus.owl#C162549	0.94846398
http://snomed.info/id/94484009	http://ncicb.nci.nih.gov/xml/owl/EVS/Thesaurus.owl#C45762	0.94921309
http://snomed.info/id/94488007	http://ncicb.nci.nih.gov/xml/owl/EVS/Thesaurus.owl#C7546	0.94280112
http://snomed.info/id/94491007	http://ncicb.nci.nih.gov/xml/owl/EVS/Thesaurus.owl#C6805	0.92789108
http://snomed.info/id/94492000	http://ncicb.nci.nih.gov/xml/owl/EVS/Thesaurus.owl#C8546	0.9428038
http://snomed.info/id/94493005	http://ncicb.nci.nih.gov/xml/owl/EVS/Thesaurus.owl#C3579	0.94438761
http://snomed.info/id/94498001	http://ncicb.nci.nih.gov/xml/owl/EVS/Thesaurus.owl#C6030	0.90615541
http://snomed.info/id/94499009	http://ncicb.nci.nih.gov/xml/owl/EVS/Thesaurus.owl#C6029	0.91064483
http://snomed.info/id/94503003	http://ncicb.nci.nih.gov/xml/owl/EVS/Thesaurus.owl#C7080	0.93133891
http://snomed.info/id/94513006	http://ncicb.nci.nih.gov/xml/owl/EVS/Thesaurus.owl#C7426	0.93795735
http://snomed.info/id/94516003	http://ncicb.nci.nih.gov/xml/owl/EVS/Thesaurus.owl#C8555	0.93745953
http://snomed.info/id/94532000	http://ncicb.nci.nih.gov/xml/owl/EVS/Thesaurus.owl#C8409	0.91995299
http://snomed.info/id/94542003	http://ncicb.nci.nih.gov/xml/owl/EVS/Thesaurus.owl#C35748	0.90129805
http://snomed.info/id/94579000	http://ncicb.nci.nih.gov/xml/owl/EVS/Thesaurus.owl#C5629	0.93675476
http://snomed.info/id/94580002	http://ncicb.nci.nih.gov/xml/owl/EVS/Thesaurus.owl#C7524	0.94162875
http://snomed.info/id/94600009	http://ncicb.nci.nih.gov/xml/owl/EVS/Thesaurus.owl#C4585	0.94502836
http://snomed.info/id/94605004	http://ncicb.nci.nih.gov/xml/owl/EVS/Thesaurus.owl#C8527	0.93926424
http://snomed.info/id/94606003	http://ncicb.nci.nih.gov/xml/owl/EVS/Thesaurus.owl#C95903	0.93364018
http://snomed.info/id/94608002	http://ncicb.nci.nih.gov/xml/owl/EVS/Thesaurus.owl#C3527	0.90641153
http://snomed.info/id/94614009	http://ncicb.nci.nih.gov/xml/owl/EVS/Thesaurus.owl#C175934	0.95094395
http://snomed.info/id/94617002	http://ncicb.nci.nih.gov/xml/owl/EVS/Thesaurus.owl#C4810	0.9086569
http://snomed.info/id/94623007	http://ncicb.nci.nih.gov/xml/owl/EVS/Thesaurus.owl#C4584	0.93404615
http://snomed.info/id/94627008	http://ncicb.nci.nih.gov/xml/owl/EVS/Thesaurus.owl#C4583	0.93883985
http://snomed.info/id/94632009	http://ncicb.nci.nih.gov/xml/owl/EVS/Thesaurus.owl#C4903	0.92705995
http://snomed.info/id/94634005	http://ncicb.nci.nih.gov/xml/owl/EVS/Thesaurus.owl#C7509	0.93864316
http://snomed.info/id/94641004	http://ncicb.nci.nih.gov/xml/owl/EVS/Thesaurus.owl#C4887	0.92767203
http://snomed.info/id/94659001	http://ncicb.nci.nih.gov/xml/owl/EVS/Thesaurus.owl#C7544	0.92486244
http://snomed.info/id/94661005	http://ncicb.nci.nih.gov/xml/owl/EVS/Thesaurus.owl#C7573	0.93480814
http://snomed.info/id/94663008	http://ncicb.nci.nih.gov/xml/owl/EVS/Thesaurus.owl#C170943	0.94025797
http://snomed.info/id/94666000	http://ncicb.nci.nih.gov/xml/owl/EVS/Thesaurus.owl#C174507	0.91515589
http://snomed.info/id/94667009	http://ncicb.nci.nih.gov/xml/owl/EVS/Thesaurus.owl#C35177	0.91617656
http://snomed.info/id/94668004	http://ncicb.nci.nih.gov/xml/owl/EVS/Thesaurus.owl#C6333	0.9271642
http://snomed.info/id/94678001	http://ncicb.nci.nih.gov/xml/owl/EVS/Thesaurus.owl#C3579	0.91951448
http://snomed.info/id/94681006	http://ncicb.nci.nih.gov/xml/owl/EVS/Thesaurus.owl#C6332	0.93900716
http://snomed.info/id/94715001	http://ncicb.nci.nih.gov/xml/owl/EVS/Thesaurus.owl#C3246	0.91100252
http://snomed.info/id/94716000	http://ncicb.nci.nih.gov/xml/owl/EVS/Thesaurus.owl#C4899	1.0
http://snomed.info/id/94718004	http://ncicb.nci.nih.gov/xml/owl/EVS/Thesaurus.owl#C8613	1.0
http://snomed.info/id/94719007	http://ncicb.nci.nih.gov/xml/owl/EVS/Thesaurus.owl#C3520	0.95911336
http://snomed.info/id/94722009	http://ncicb.nci.nih.gov/xml/owl/EVS/Thesaurus.owl#C5826	0.92412841
http://snomed.info/id/94723004	http://ncicb.nci.nih.gov/xml/owl/EVS/Thesaurus.owl#C5829	0.93078989
http://snomed.info/id/94784008	http://ncicb.nci.nih.gov/xml/owl/EVS/Thesaurus.owl#C7172	0.90572745
http://snomed.info/id/94796001	http://ncicb.nci.nih.gov/xml/owl/EVS/Thesaurus.owl#C4364	0.90872711
http://snomed.info/id/94799008	http://ncicb.nci.nih.gov/xml/owl/EVS/Thesaurus.owl#C4744	0.91641587
http://snomed.info/id/94805002	http://ncicb.nci.nih.gov/xml/owl/EVS/Thesaurus.owl#C7148	0.95699012
http://snomed.info/id/94824004	http://ncicb.nci.nih.gov/xml/owl/EVS/Thesaurus.owl#C4933	0.91542023
http://snomed.info/id/94833002	http://ncicb.nci.nih.gov/xml/owl/EVS/Thesaurus.owl#C5827	0.91350693
http://snomed.info/id/94855005	http://ncicb.nci.nih.gov/xml/owl/EVS/Thesaurus.owl#C5828	0.91440362
http://snomed.info/id/94868002	http://ncicb.nci.nih.gov/xml/owl/EVS/Thesaurus.owl#C5830	0.90312743
http://snomed.info/id/94969009	http://ncicb.nci.nih.gov/xml/owl/EVS/Thesaurus.owl#C6994	0.91943872
http://snomed.info/id/94970005	http://ncicb.nci.nih.gov/xml/owl/EVS/Thesaurus.owl#C5121	0.92448729
http://snomed.info/id/95040006	http://ncicb.nci.nih.gov/xml/owl/EVS/Thesaurus.owl#C3363	0.91402704
http://snomed.info/id/95148002	http://ncicb.nci.nih.gov/xml/owl/EVS/Thesaurus.owl#C5122	0.90545368
http://snomed.info/id/95150005	http://ncicb.nci.nih.gov/xml/owl/EVS/Thesaurus.owl#C5825	0.92463666
http://snomed.info/id/95171000	http://ncicb.nci.nih.gov/xml/owl/EVS/Thesaurus.owl#C5831	0.91771221
http://snomed.info/id/95209008	http://ncicb.nci.nih.gov/xml/owl/EVS/Thesaurus.owl#C3585	1.0
http://snomed.info/id/95210003	http://ncicb.nci.nih.gov/xml/owl/EVS/Thesaurus.owl#C3180	0.96940738
http://snomed.info/id/95211004	http://ncicb.nci.nih.gov/xml/owl/EVS/Thesaurus.owl#C4366	0.91578174
http://snomed.info/id/95214007	http://ncicb.nci.nih.gov/xml/owl/EVS/Thesaurus.owl#C34803	0.99168056
http://snomed.info/id/95231000	http://ncicb.nci.nih.gov/xml/owl/EVS/Thesaurus.owl#C26959	0.98877782
http://snomed.info/id/95279007	http://ncicb.nci.nih.gov/xml/owl/EVS/Thesaurus.owl#C3434	0.93027169
http://snomed.info/id/95315005	http://ncicb.nci.nih.gov/xml/owl/EVS/Thesaurus.owl#C3434	0.98823249
http://snomed.info/id/9541000119105	http://ncicb.nci.nih.gov/xml/owl/EVS/Thesaurus.owl#C9166	0.92087042
http://snomed.info/id/95711003	http://ncicb.nci.nih.gov/xml/owl/EVS/Thesaurus.owl#C4556	0.98689032
http://snomed.info/id/96141000119105	http://ncicb.nci.nih.gov/xml/owl/EVS/Thesaurus.owl#C27479	0.95975649
http://snomed.info/id/9618003	http://ncicb.nci.nih.gov/xml/owl/EVS/Thesaurus.owl#C4199	1.0
http://snomed.info/id/9671003	http://ncicb.nci.nih.gov/xml/owl/EVS/Thesaurus.owl#C4245	1.0
http://snomed.info/id/9801004	http://ncicb.nci.nih.gov/xml/owl/EVS/Thesaurus.owl#C27005	1.0
http://snomed.info/id/985004	http://ncicb.nci.nih.gov/xml/owl/EVS/Thesaurus.owl#C3269	1.0
http://snomed.info/id/9903002	http://ncicb.nci.nih.gov/xml/owl/EVS/Thesaurus.owl#C8559	1.0
http://snomed.info/id/99101000119101	http://ncicb.nci.nih.gov/xml/owl/EVS/Thesaurus.owl#C6265	0.92235893
http://snomed.info/id/99111000119103	http://ncicb.nci.nih.gov/xml/owl/EVS/Thesaurus.owl#C4126	0.91511899
http://snomed.info/id/99131000119108	http://ncicb.nci.nih.gov/xml/owl/EVS/Thesaurus.owl#C4951	0.97455883
http://snomed.info/id/99571000119102	http://ncicb.nci.nih.gov/xml/owl/EVS/Thesaurus.owl#C36087	0.92908055
http://snomed.info/id/99741000119100	http://ncicb.nci.nih.gov/xml/owl/EVS/Thesaurus.owl#C8376	1.0
