SrcEntity	TgtEntity	Score
http://omim.org/entry/100070	http://www.orpha.net/ORDO/Orphanet_86	0.92655462
http://omim.org/entry/100100	http://www.orpha.net/ORDO/Orphanet_2970	1.0
http://omim.org/entry/100800	http://www.orpha.net/ORDO/Orphanet_15	1.0
http://omim.org/entry/101000	http://www.orpha.net/ORDO/Orphanet_637	1.0
http://omim.org/entry/101200	http://www.orpha.net/ORDO/Orphanet_87	1.0
http://omim.org/entry/101400	http://www.orpha.net/ORDO/Orphanet_794	1.0
http://omim.org/entry/101600	http://www.orpha.net/ORDO/Orphanet_710	1.0
http://omim.org/entry/101805	http://www.orpha.net/ORDO/Orphanet_1786	1.0
http://omim.org/entry/101850	http://www.orpha.net/ORDO/Orphanet_38	1.0
http://omim.org/entry/102150	http://www.orpha.net/ORDO/Orphanet_965	1.0
http://omim.org/entry/102370	http://www.orpha.net/ORDO/Orphanet_969	1.0
http://omim.org/entry/102500	http://www.orpha.net/ORDO/Orphanet_955	1.0
http://omim.org/entry/102510	http://www.orpha.net/ORDO/Orphanet_957	1.0
http://omim.org/entry/102520	http://www.orpha.net/ORDO/Orphanet_971	1.0
http://omim.org/entry/102660	http://www.orpha.net/ORDO/Orphanet_55881	1.0
http://omim.org/entry/102700	http://www.orpha.net/ORDO/Orphanet_277	0.91419446
http://omim.org/entry/103050	http://www.orpha.net/ORDO/Orphanet_46	1.0
http://omim.org/entry/103200	http://www.orpha.net/ORDO/Orphanet_36397	1.0
http://omim.org/entry/103420	http://www.orpha.net/ORDO/Orphanet_98604	0.92987263
http://omim.org/entry/103580	http://www.orpha.net/ORDO/Orphanet_79443	1.0
http://omim.org/entry/103900	http://www.orpha.net/ORDO/Orphanet_403	1.0
http://omim.org/entry/104510	http://www.orpha.net/ORDO/Orphanet_100034	1.0
http://omim.org/entry/104530	http://www.orpha.net/ORDO/Orphanet_100031	0.92410773
http://omim.org/entry/104570	http://www.orpha.net/ORDO/Orphanet_1028	1.0
http://omim.org/entry/105120	http://www.orpha.net/ORDO/Orphanet_444116	0.91481113
http://omim.org/entry/105200	http://www.orpha.net/ORDO/Orphanet_444116	0.94292057
http://omim.org/entry/105210	http://www.orpha.net/ORDO/Orphanet_444116	0.91215825
http://omim.org/entry/105580	http://www.orpha.net/ORDO/Orphanet_424013	0.96690035
http://omim.org/entry/105600	http://www.orpha.net/ORDO/Orphanet_98870	1.0
http://omim.org/entry/105830	http://www.orpha.net/ORDO/Orphanet_72	1.0
http://omim.org/entry/106100	http://www.orpha.net/ORDO/Orphanet_100050	0.91595566
http://omim.org/entry/106400	http://www.orpha.net/ORDO/Orphanet_2206	1.0
http://omim.org/entry/106750	http://www.orpha.net/ORDO/Orphanet_69125	1.0
http://omim.org/entry/106995	http://www.orpha.net/ORDO/Orphanet_90390	0.94282746
http://omim.org/entry/107200	http://www.orpha.net/ORDO/Orphanet_88620	1.0
http://omim.org/entry/108145	http://www.orpha.net/ORDO/Orphanet_1154	1.0
http://omim.org/entry/108200	http://www.orpha.net/ORDO/Orphanet_1144	1.0
http://omim.org/entry/108300	http://www.orpha.net/ORDO/Orphanet_90653	1.0
http://omim.org/entry/108500	http://www.orpha.net/ORDO/Orphanet_97	1.0
http://omim.org/entry/108600	http://www.orpha.net/ORDO/Orphanet_251282	0.90119934
http://omim.org/entry/108720	http://www.orpha.net/ORDO/Orphanet_1190	1.0
http://omim.org/entry/108721	http://www.orpha.net/ORDO/Orphanet_56305	1.0
http://omim.org/entry/108950	http://www.orpha.net/ORDO/Orphanet_844	1.0
http://omim.org/entry/108985	http://www.orpha.net/ORDO/Orphanet_86813	1.0
http://omim.org/entry/109000	http://www.orpha.net/ORDO/Orphanet_114	1.0
http://omim.org/entry/109100	http://www.orpha.net/ORDO/Orphanet_182228	0.90091228
http://omim.org/entry/109150	http://www.orpha.net/ORDO/Orphanet_98757	1.0
http://omim.org/entry/109300	http://www.orpha.net/ORDO/Orphanet_1228	1.0
http://omim.org/entry/109400	http://www.orpha.net/ORDO/Orphanet_377	1.0
http://omim.org/entry/110050	http://www.orpha.net/ORDO/Orphanet_1252	1.0
http://omim.org/entry/112200	http://www.orpha.net/ORDO/Orphanet_1059	1.0
http://omim.org/entry/112310	http://www.orpha.net/ORDO/Orphanet_1263	1.0
http://omim.org/entry/112350	http://www.orpha.net/ORDO/Orphanet_3344	1.0
http://omim.org/entry/112430	http://www.orpha.net/ORDO/Orphanet_2946	1.0
http://omim.org/entry/112500	http://www.orpha.net/ORDO/Orphanet_93388	1.0
http://omim.org/entry/112600	http://www.orpha.net/ORDO/Orphanet_93396	1.0
http://omim.org/entry/112800	http://www.orpha.net/ORDO/Orphanet_93394	1.0
http://omim.org/entry/112910	http://www.orpha.net/ORDO/Orphanet_93382	1.0
http://omim.org/entry/113000	http://www.orpha.net/ORDO/Orphanet_572385	1.0
http://omim.org/entry/113100	http://www.orpha.net/ORDO/Orphanet_93384	1.0
http://omim.org/entry/113477	http://www.orpha.net/ORDO/Orphanet_1292	1.0
http://omim.org/entry/113500	http://www.orpha.net/ORDO/Orphanet_93304	1.0
http://omim.org/entry/113750	http://www.orpha.net/ORDO/Orphanet_370097	1.0
http://omim.org/entry/113800	http://www.orpha.net/ORDO/Orphanet_312	1.0
http://omim.org/entry/113970	http://www.orpha.net/ORDO/Orphanet_543	1.0
http://omim.org/entry/114000	http://www.orpha.net/ORDO/Orphanet_1310	1.0
http://omim.org/entry/114140	http://www.orpha.net/ORDO/Orphanet_79141	1.0
http://omim.org/entry/114150	http://www.orpha.net/ORDO/Orphanet_1319	1.0
http://omim.org/entry/114290	http://www.orpha.net/ORDO/Orphanet_140	1.0
http://omim.org/entry/114300	http://www.orpha.net/ORDO/Orphanet_376	1.0
http://omim.org/entry/114550	http://www.orpha.net/ORDO/Orphanet_88673	1.0
http://omim.org/entry/114620	http://www.orpha.net/ORDO/Orphanet_363705	1.0
http://omim.org/entry/115250	http://www.orpha.net/ORDO/Orphanet_53296	1.0
http://omim.org/entry/115470	http://www.orpha.net/ORDO/Orphanet_195	1.0
http://omim.org/entry/116920	http://www.orpha.net/ORDO/Orphanet_99842	0.91202456
http://omim.org/entry/117550	http://www.orpha.net/ORDO/Orphanet_821	1.0
http://omim.org/entry/117650	http://www.orpha.net/ORDO/Orphanet_1393	1.0
http://omim.org/entry/118330	http://www.orpha.net/ORDO/Orphanet_1221	1.0
http://omim.org/entry/118400	http://www.orpha.net/ORDO/Orphanet_184	1.0
http://omim.org/entry/118420	http://www.orpha.net/ORDO/Orphanet_268882	1.0
http://omim.org/entry/118700	http://www.orpha.net/ORDO/Orphanet_1429	1.0
http://omim.org/entry/119500	http://www.orpha.net/ORDO/Orphanet_294963	1.0
http://omim.org/entry/119570	http://www.orpha.net/ORDO/Orphanet_99772	1.0
http://omim.org/entry/119600	http://www.orpha.net/ORDO/Orphanet_1452	1.0
http://omim.org/entry/119650	http://www.orpha.net/ORDO/Orphanet_1453	1.0
http://omim.org/entry/119900	http://www.orpha.net/ORDO/Orphanet_217059	1.0
http://omim.org/entry/120000	http://www.orpha.net/ORDO/Orphanet_1457	0.98073524
http://omim.org/entry/120300	http://www.orpha.net/ORDO/Orphanet_98945	1.0
http://omim.org/entry/121050	http://www.orpha.net/ORDO/Orphanet_115	1.0
http://omim.org/entry/121270	http://www.orpha.net/ORDO/Orphanet_1551	1.0
http://omim.org/entry/121300	http://www.orpha.net/ORDO/Orphanet_79273	1.0
http://omim.org/entry/121800	http://www.orpha.net/ORDO/Orphanet_98967	1.0
http://omim.org/entry/121850	http://www.orpha.net/ORDO/Orphanet_98970	1.0
http://omim.org/entry/122000	http://www.orpha.net/ORDO/Orphanet_98973	0.90358847
http://omim.org/entry/122200	http://www.orpha.net/ORDO/Orphanet_98964	1.0
http://omim.org/entry/122400	http://www.orpha.net/ORDO/Orphanet_293381	1.0
http://omim.org/entry/122440	http://www.orpha.net/ORDO/Orphanet_3194	1.0
http://omim.org/entry/122580	http://www.orpha.net/ORDO/Orphanet_2391	1.0
http://omim.org/entry/122780	http://www.orpha.net/ORDO/Orphanet_1508	1.0
http://omim.org/entry/122880	http://www.orpha.net/ORDO/Orphanet_1529	1.0
http://omim.org/entry/123150	http://www.orpha.net/ORDO/Orphanet_1540	1.0
http://omim.org/entry/123450	http://www.orpha.net/ORDO/Orphanet_281	1.0
http://omim.org/entry/123550	http://www.orpha.net/ORDO/Orphanet_93554	0.90853071
http://omim.org/entry/123560	http://www.orpha.net/ORDO/Orphanet_1547	1.0
http://omim.org/entry/123790	http://www.orpha.net/ORDO/Orphanet_1555	1.0
http://omim.org/entry/123853	http://www.orpha.net/ORDO/Orphanet_2674	1.0
http://omim.org/entry/124200	http://www.orpha.net/ORDO/Orphanet_218	1.0
http://omim.org/entry/125230	http://www.orpha.net/ORDO/Orphanet_3241	1.0
http://omim.org/entry/125350	http://www.orpha.net/ORDO/Orphanet_412206	1.0
http://omim.org/entry/125370	http://www.orpha.net/ORDO/Orphanet_101	1.0
http://omim.org/entry/125400	http://www.orpha.net/ORDO/Orphanet_99789	0.93703032
http://omim.org/entry/125420	http://www.orpha.net/ORDO/Orphanet_99791	0.94573385
http://omim.org/entry/125440	http://www.orpha.net/ORDO/Orphanet_99792	0.90989071
http://omim.org/entry/125500	http://www.orpha.net/ORDO/Orphanet_166265	1.0
http://omim.org/entry/125520	http://www.orpha.net/ORDO/Orphanet_567	1.0
http://omim.org/entry/125595	http://www.orpha.net/ORDO/Orphanet_86920	1.0
http://omim.org/entry/125630	http://www.orpha.net/ORDO/Orphanet_493342	1.0
http://omim.org/entry/125640	http://www.orpha.net/ORDO/Orphanet_1660	1.0
http://omim.org/entry/126050	http://www.orpha.net/ORDO/Orphanet_1146	1.0
http://omim.org/entry/126600	http://www.orpha.net/ORDO/Orphanet_75376	1.0
http://omim.org/entry/127400	http://www.orpha.net/ORDO/Orphanet_41	1.0
http://omim.org/entry/127600	http://www.orpha.net/ORDO/Orphanet_352657	1.0
http://omim.org/entry/127800	http://www.orpha.net/ORDO/Orphanet_1822	1.0
http://omim.org/entry/128230	http://www.orpha.net/ORDO/Orphanet_255	1.0
http://omim.org/entry/128235	http://www.orpha.net/ORDO/Orphanet_71517	1.0
http://omim.org/entry/129500	http://www.orpha.net/ORDO/Orphanet_189	1.0
http://omim.org/entry/129510	http://www.orpha.net/ORDO/Orphanet_1818	1.0
http://omim.org/entry/129810	http://www.orpha.net/ORDO/Orphanet_1896	0.90616411
http://omim.org/entry/129850	http://www.orpha.net/ORDO/Orphanet_1895	1.0
http://omim.org/entry/129900	http://www.orpha.net/ORDO/Orphanet_1896	0.91391748
http://omim.org/entry/130020	http://www.orpha.net/ORDO/Orphanet_285	1.0
http://omim.org/entry/130100	http://www.orpha.net/ORDO/Orphanet_79148	1.0
http://omim.org/entry/130650	http://www.orpha.net/ORDO/Orphanet_116	1.0
http://omim.org/entry/130710	http://www.orpha.net/ORDO/Orphanet_1928	1.0
http://omim.org/entry/130720	http://www.orpha.net/ORDO/Orphanet_2789	1.0
http://omim.org/entry/130900	http://www.orpha.net/ORDO/Orphanet_100032	0.9119553
http://omim.org/entry/131100	http://www.orpha.net/ORDO/Orphanet_652	1.0
http://omim.org/entry/131300	http://www.orpha.net/ORDO/Orphanet_1328	1.0
http://omim.org/entry/131705	http://www.orpha.net/ORDO/Orphanet_79411	1.0
http://omim.org/entry/132090	http://www.orpha.net/ORDO/Orphanet_25968	1.0
http://omim.org/entry/132600	http://www.orpha.net/ORDO/Orphanet_91414	1.0
http://omim.org/entry/132700	http://www.orpha.net/ORDO/Orphanet_211	1.0
http://omim.org/entry/133000	http://www.orpha.net/ORDO/Orphanet_231031	1.0
http://omim.org/entry/133020	http://www.orpha.net/ORDO/Orphanet_90026	1.0
http://omim.org/entry/133690	http://www.orpha.net/ORDO/Orphanet_1962	0.90838844
http://omim.org/entry/133900	http://www.orpha.net/ORDO/Orphanet_141145	1.0
http://omim.org/entry/134200	http://www.orpha.net/ORDO/Orphanet_2809	1.0
http://omim.org/entry/134750	http://www.orpha.net/ORDO/Orphanet_47612	1.0
http://omim.org/entry/134780	http://www.orpha.net/ORDO/Orphanet_1988	1.0
http://omim.org/entry/135100	http://www.orpha.net/ORDO/Orphanet_337	1.0
http://omim.org/entry/135750	http://www.orpha.net/ORDO/Orphanet_2378	1.0
http://omim.org/entry/136120	http://www.orpha.net/ORDO/Orphanet_79292	1.0
http://omim.org/entry/136140	http://www.orpha.net/ORDO/Orphanet_2044	1.0
http://omim.org/entry/136300	http://www.orpha.net/ORDO/Orphanet_2047	1.0
http://omim.org/entry/136500	http://www.orpha.net/ORDO/Orphanet_79133	1.0
http://omim.org/entry/136880	http://www.orpha.net/ORDO/Orphanet_227796	1.0
http://omim.org/entry/137270	http://www.orpha.net/ORDO/Orphanet_2069	1.0
http://omim.org/entry/137920	http://www.orpha.net/ORDO/Orphanet_93111	1.0
http://omim.org/entry/137940	http://www.orpha.net/ORDO/Orphanet_69735	1.0
http://omim.org/entry/138770	http://www.orpha.net/ORDO/Orphanet_2090	1.0
http://omim.org/entry/138930	http://www.orpha.net/ORDO/Orphanet_2097	1.0
http://omim.org/entry/139090	http://www.orpha.net/ORDO/Orphanet_721	1.0
http://omim.org/entry/139210	http://www.orpha.net/ORDO/Orphanet_2588	1.0
http://omim.org/entry/139300	http://www.orpha.net/ORDO/Orphanet_178345	1.0
http://omim.org/entry/139393	http://www.orpha.net/ORDO/Orphanet_231419	0.95949739
http://omim.org/entry/140000	http://www.orpha.net/ORDO/Orphanet_2438	1.0
http://omim.org/entry/140450	http://www.orpha.net/ORDO/Orphanet_1342	1.0
http://omim.org/entry/141000	http://www.orpha.net/ORDO/Orphanet_2330	1.0
http://omim.org/entry/141300	http://www.orpha.net/ORDO/Orphanet_1214	1.0
http://omim.org/entry/142340	http://www.orpha.net/ORDO/Orphanet_2140	1.0
http://omim.org/entry/142900	http://www.orpha.net/ORDO/Orphanet_392	1.0
http://omim.org/entry/143000	http://www.orpha.net/ORDO/Orphanet_91413	1.0
http://omim.org/entry/143100	http://www.orpha.net/ORDO/Orphanet_399	1.0
http://omim.org/entry/144150	http://www.orpha.net/ORDO/Orphanet_409	1.0
http://omim.org/entry/144190	http://www.orpha.net/ORDO/Orphanet_1336	1.0
http://omim.org/entry/144200	http://www.orpha.net/ORDO/Orphanet_2199	1.0
http://omim.org/entry/144700	http://www.orpha.net/ORDO/Orphanet_217071	0.96586317
http://omim.org/entry/144755	http://www.orpha.net/ORDO/Orphanet_443098	1.0
http://omim.org/entry/144800	http://www.orpha.net/ORDO/Orphanet_77296	1.0
http://omim.org/entry/145260	http://www.orpha.net/ORDO/Orphanet_88938	1.0
http://omim.org/entry/145700	http://www.orpha.net/ORDO/Orphanet_2222	1.0
http://omim.org/entry/145980	http://www.orpha.net/ORDO/Orphanet_93372	1.0
http://omim.org/entry/145981	http://www.orpha.net/ORDO/Orphanet_101049	1.0
http://omim.org/entry/146000	http://www.orpha.net/ORDO/Orphanet_429	1.0
http://omim.org/entry/146300	http://www.orpha.net/ORDO/Orphanet_247676	1.0
http://omim.org/entry/146510	http://www.orpha.net/ORDO/Orphanet_672	1.0
http://omim.org/entry/146590	http://www.orpha.net/ORDO/Orphanet_79503	1.0
http://omim.org/entry/146700	http://www.orpha.net/ORDO/Orphanet_79354	0.96235782
http://omim.org/entry/146800	http://www.orpha.net/ORDO/Orphanet_455	1.0
http://omim.org/entry/147251	http://www.orpha.net/ORDO/Orphanet_2287	1.0
http://omim.org/entry/147421	http://www.orpha.net/ORDO/Orphanet_611	1.0
http://omim.org/entry/147750	http://www.orpha.net/ORDO/Orphanet_2307	1.0
http://omim.org/entry/147770	http://www.orpha.net/ORDO/Orphanet_2316	1.0
http://omim.org/entry/147900	http://www.orpha.net/ORDO/Orphanet_2295	1.0
http://omim.org/entry/148050	http://www.orpha.net/ORDO/Orphanet_2332	1.0
http://omim.org/entry/148190	http://www.orpha.net/ORDO/Orphanet_2334	1.0
http://omim.org/entry/148370	http://www.orpha.net/ORDO/Orphanet_50943	1.0
http://omim.org/entry/148820	http://www.orpha.net/ORDO/Orphanet_896	1.0
http://omim.org/entry/149730	http://www.orpha.net/ORDO/Orphanet_2363	1.0
http://omim.org/entry/150230	http://www.orpha.net/ORDO/Orphanet_502	1.0
http://omim.org/entry/150250	http://www.orpha.net/ORDO/Orphanet_503	1.0
http://omim.org/entry/150260	http://www.orpha.net/ORDO/Orphanet_2808	1.0
http://omim.org/entry/150360	http://www.orpha.net/ORDO/Orphanet_2374	0.91662043
http://omim.org/entry/150800	http://www.orpha.net/ORDO/Orphanet_523	1.0
http://omim.org/entry/151050	http://www.orpha.net/ORDO/Orphanet_2658	1.0
http://omim.org/entry/151210	http://www.orpha.net/ORDO/Orphanet_85166	1.0
http://omim.org/entry/151623	http://www.orpha.net/ORDO/Orphanet_524	1.0
http://omim.org/entry/151660	http://www.orpha.net/ORDO/Orphanet_2348	1.0
http://omim.org/entry/151800	http://www.orpha.net/ORDO/Orphanet_2398	1.0
http://omim.org/entry/152700	http://www.orpha.net/ORDO/Orphanet_536	1.0
http://omim.org/entry/152800	http://www.orpha.net/ORDO/Orphanet_36204	1.0
http://omim.org/entry/153300	http://www.orpha.net/ORDO/Orphanet_662	1.0
http://omim.org/entry/153400	http://www.orpha.net/ORDO/Orphanet_33001	1.0
http://omim.org/entry/153630	http://www.orpha.net/ORDO/Orphanet_156207	1.0
http://omim.org/entry/154600	http://www.orpha.net/ORDO/Orphanet_91412	1.0
http://omim.org/entry/154700	http://www.orpha.net/ORDO/Orphanet_558	1.0
http://omim.org/entry/154780	http://www.orpha.net/ORDO/Orphanet_560	1.0
http://omim.org/entry/154800	http://www.orpha.net/ORDO/Orphanet_66646	1.0
http://omim.org/entry/155240	http://www.orpha.net/ORDO/Orphanet_99361	1.0
http://omim.org/entry/155255	http://www.orpha.net/ORDO/Orphanet_616	1.0
http://omim.org/entry/155720	http://www.orpha.net/ORDO/Orphanet_39044	1.0
http://omim.org/entry/155755	http://www.orpha.net/ORDO/Orphanet_252206	1.0
http://omim.org/entry/155900	http://www.orpha.net/ORDO/Orphanet_2483	1.0
http://omim.org/entry/155980	http://www.orpha.net/ORDO/Orphanet_3034	1.0
http://omim.org/entry/156232	http://www.orpha.net/ORDO/Orphanet_1836	1.0
http://omim.org/entry/156250	http://www.orpha.net/ORDO/Orphanet_2499	1.0
http://omim.org/entry/156400	http://www.orpha.net/ORDO/Orphanet_33067	1.0
http://omim.org/entry/156500	http://www.orpha.net/ORDO/Orphanet_174	1.0
http://omim.org/entry/156530	http://www.orpha.net/ORDO/Orphanet_2635	1.0
http://omim.org/entry/156550	http://www.orpha.net/ORDO/Orphanet_485	1.0
http://omim.org/entry/156600	http://www.orpha.net/ORDO/Orphanet_566	1.0
http://omim.org/entry/157800	http://www.orpha.net/ORDO/Orphanet_3238	1.0
http://omim.org/entry/157900	http://www.orpha.net/ORDO/Orphanet_570	1.0
http://omim.org/entry/157980	http://www.orpha.net/ORDO/Orphanet_2563	1.0
http://omim.org/entry/158300	http://www.orpha.net/ORDO/Orphanet_3377	1.0
http://omim.org/entry/158310	http://www.orpha.net/ORDO/Orphanet_1839	1.0
http://omim.org/entry/158600	http://www.orpha.net/ORDO/Orphanet_209341	0.90376931
http://omim.org/entry/159550	http://www.orpha.net/ORDO/Orphanet_2585	1.0
http://omim.org/entry/159595	http://www.orpha.net/ORDO/Orphanet_420611	1.0
http://omim.org/entry/160010	http://www.orpha.net/ORDO/Orphanet_99846	1.0
http://omim.org/entry/160120	http://www.orpha.net/ORDO/Orphanet_37612	1.0
http://omim.org/entry/160300	http://www.orpha.net/ORDO/Orphanet_206650	0.90156257
http://omim.org/entry/160800	http://www.orpha.net/ORDO/Orphanet_206973	0.90960455
http://omim.org/entry/161000	http://www.orpha.net/ORDO/Orphanet_69087	1.0
http://omim.org/entry/161200	http://www.orpha.net/ORDO/Orphanet_2614	1.0
http://omim.org/entry/162200	http://www.orpha.net/ORDO/Orphanet_636	1.0
http://omim.org/entry/162500	http://www.orpha.net/ORDO/Orphanet_640	1.0
http://omim.org/entry/162800	http://www.orpha.net/ORDO/Orphanet_2686	1.0
http://omim.org/entry/162830	http://www.orpha.net/ORDO/Orphanet_279943	1.0
http://omim.org/entry/162900	http://www.orpha.net/ORDO/Orphanet_294057	0.91581535
http://omim.org/entry/163400	http://www.orpha.net/ORDO/Orphanet_2633	1.0
http://omim.org/entry/164180	http://www.orpha.net/ORDO/Orphanet_1647	1.0
http://omim.org/entry/164185	http://www.orpha.net/ORDO/Orphanet_99922	1.0
http://omim.org/entry/164200	http://www.orpha.net/ORDO/Orphanet_2710	1.0
http://omim.org/entry/164220	http://www.orpha.net/ORDO/Orphanet_2353	1.0
http://omim.org/entry/164300	http://www.orpha.net/ORDO/Orphanet_270	1.0
http://omim.org/entry/164900	http://www.orpha.net/ORDO/Orphanet_2741	1.0
http://omim.org/entry/165660	http://www.orpha.net/ORDO/Orphanet_2760	1.0
http://omim.org/entry/166200	http://www.orpha.net/ORDO/Orphanet_216796	1.0
http://omim.org/entry/166210	http://www.orpha.net/ORDO/Orphanet_216804	1.0
http://omim.org/entry/166220	http://www.orpha.net/ORDO/Orphanet_216820	1.0
http://omim.org/entry/166260	http://www.orpha.net/ORDO/Orphanet_53697	1.0
http://omim.org/entry/166350	http://www.orpha.net/ORDO/Orphanet_2762	1.0
http://omim.org/entry/166450	http://www.orpha.net/ORDO/Orphanet_2777	1.0
http://omim.org/entry/166700	http://www.orpha.net/ORDO/Orphanet_1306	1.0
http://omim.org/entry/166750	http://www.orpha.net/ORDO/Orphanet_2791	1.0
http://omim.org/entry/166900	http://www.orpha.net/ORDO/Orphanet_98868	1.0
http://omim.org/entry/167000	http://www.orpha.net/ORDO/Orphanet_213500	1.0
http://omim.org/entry/167220	http://www.orpha.net/ORDO/Orphanet_1952	1.0
http://omim.org/entry/167300	http://www.orpha.net/ORDO/Orphanet_2800	1.0
http://omim.org/entry/167400	http://www.orpha.net/ORDO/Orphanet_46348	1.0
http://omim.org/entry/167730	http://www.orpha.net/ORDO/Orphanet_2399	1.0
http://omim.org/entry/167750	http://www.orpha.net/ORDO/Orphanet_675	1.0
http://omim.org/entry/168300	http://www.orpha.net/ORDO/Orphanet_684	1.0
http://omim.org/entry/168400	http://www.orpha.net/ORDO/Orphanet_2646	1.0
http://omim.org/entry/168550	http://www.orpha.net/ORDO/Orphanet_251290	1.0
http://omim.org/entry/168605	http://www.orpha.net/ORDO/Orphanet_178509	1.0
http://omim.org/entry/168860	http://www.orpha.net/ORDO/Orphanet_86789	1.0
http://omim.org/entry/169170	http://www.orpha.net/ORDO/Orphanet_2976	1.0
http://omim.org/entry/169500	http://www.orpha.net/ORDO/Orphanet_99027	1.0
http://omim.org/entry/169550	http://www.orpha.net/ORDO/Orphanet_2839	1.0
http://omim.org/entry/170100	http://www.orpha.net/ORDO/Orphanet_742	1.0
http://omim.org/entry/170500	http://www.orpha.net/ORDO/Orphanet_682	1.0
http://omim.org/entry/170700	http://www.orpha.net/ORDO/Orphanet_1795	1.0
http://omim.org/entry/171400	http://www.orpha.net/ORDO/Orphanet_247698	1.0
http://omim.org/entry/171480	http://www.orpha.net/ORDO/Orphanet_2878	0.9109838
http://omim.org/entry/173100	http://www.orpha.net/ORDO/Orphanet_231679	0.91589129
http://omim.org/entry/173200	http://www.orpha.net/ORDO/Orphanet_2897	1.0
http://omim.org/entry/173700	http://www.orpha.net/ORDO/Orphanet_222628	0.90927464
http://omim.org/entry/173800	http://www.orpha.net/ORDO/Orphanet_2911	1.0
http://omim.org/entry/174770	http://www.orpha.net/ORDO/Orphanet_330061	1.0
http://omim.org/entry/174800	http://www.orpha.net/ORDO/Orphanet_562	1.0
http://omim.org/entry/174810	http://www.orpha.net/ORDO/Orphanet_85195	1.0
http://omim.org/entry/174900	http://www.orpha.net/ORDO/Orphanet_2929	1.0
http://omim.org/entry/175200	http://www.orpha.net/ORDO/Orphanet_2869	1.0
http://omim.org/entry/175400	http://www.orpha.net/ORDO/Orphanet_104010	0.92313248
http://omim.org/entry/175690	http://www.orpha.net/ORDO/Orphanet_2935	1.0
http://omim.org/entry/175700	http://www.orpha.net/ORDO/Orphanet_380	1.0
http://omim.org/entry/175800	http://www.orpha.net/ORDO/Orphanet_79358	0.91742641
http://omim.org/entry/175860	http://www.orpha.net/ORDO/Orphanet_79502	1.0
http://omim.org/entry/176000	http://www.orpha.net/ORDO/Orphanet_79276	1.0
http://omim.org/entry/176090	http://www.orpha.net/ORDO/Orphanet_443057	0.90805703
http://omim.org/entry/176100	http://www.orpha.net/ORDO/Orphanet_101330	1.0
http://omim.org/entry/176200	http://www.orpha.net/ORDO/Orphanet_79473	1.0
http://omim.org/entry/176240	http://www.orpha.net/ORDO/Orphanet_2730	1.0
http://omim.org/entry/176270	http://www.orpha.net/ORDO/Orphanet_739	1.0
http://omim.org/entry/176410	http://www.orpha.net/ORDO/Orphanet_3000	1.0
http://omim.org/entry/176450	http://www.orpha.net/ORDO/Orphanet_1552	1.0
http://omim.org/entry/176670	http://www.orpha.net/ORDO/Orphanet_740	1.0
http://omim.org/entry/176920	http://www.orpha.net/ORDO/Orphanet_744	1.0
http://omim.org/entry/177170	http://www.orpha.net/ORDO/Orphanet_750	1.0
http://omim.org/entry/177800	http://www.orpha.net/ORDO/Orphanet_519339	1.0
http://omim.org/entry/177820	http://www.orpha.net/ORDO/Orphanet_52530	1.0
http://omim.org/entry/178370	http://www.orpha.net/ORDO/Orphanet_1207	1.0
http://omim.org/entry/178995	http://www.orpha.net/ORDO/Orphanet_64745	1.0
http://omim.org/entry/179613	http://www.orpha.net/ORDO/Orphanet_96167	1.0
http://omim.org/entry/179830	http://www.orpha.net/ORDO/Orphanet_47159	1.0
http://omim.org/entry/180000	http://www.orpha.net/ORDO/Orphanet_75326	1.0
http://omim.org/entry/180200	http://www.orpha.net/ORDO/Orphanet_790	1.0
http://omim.org/entry/180550	http://www.orpha.net/ORDO/Orphanet_91481	1.0
http://omim.org/entry/180730	http://www.orpha.net/ORDO/Orphanet_3110	1.0
http://omim.org/entry/180870	http://www.orpha.net/ORDO/Orphanet_3121	1.0
http://omim.org/entry/180900	http://www.orpha.net/ORDO/Orphanet_2709	1.0
http://omim.org/entry/180920	http://www.orpha.net/ORDO/Orphanet_86815	1.0
http://omim.org/entry/181030	http://www.orpha.net/ORDO/Orphanet_454821	1.0
http://omim.org/entry/181270	http://www.orpha.net/ORDO/Orphanet_2036	1.0
http://omim.org/entry/181350	http://www.orpha.net/ORDO/Orphanet_98853	0.98864007
http://omim.org/entry/181400	http://www.orpha.net/ORDO/Orphanet_85146	1.0
http://omim.org/entry/181405	http://www.orpha.net/ORDO/Orphanet_431255	1.0
http://omim.org/entry/181450	http://www.orpha.net/ORDO/Orphanet_3138	1.0
http://omim.org/entry/182150	http://www.orpha.net/ORDO/Orphanet_1968	1.0
http://omim.org/entry/182290	http://www.orpha.net/ORDO/Orphanet_819	1.0
http://omim.org/entry/182410	http://www.orpha.net/ORDO/Orphanet_820	1.0
http://omim.org/entry/182920	http://www.orpha.net/ORDO/Orphanet_268129	1.0
http://omim.org/entry/182940	http://www.orpha.net/ORDO/Orphanet_3388	0.90641379
http://omim.org/entry/183802	http://www.orpha.net/ORDO/Orphanet_2437	1.0
http://omim.org/entry/183900	http://www.orpha.net/ORDO/Orphanet_94068	1.0
http://omim.org/entry/184095	http://www.orpha.net/ORDO/Orphanet_263482	1.0
http://omim.org/entry/184252	http://www.orpha.net/ORDO/Orphanet_93314	1.0
http://omim.org/entry/184253	http://www.orpha.net/ORDO/Orphanet_93316	1.0
http://omim.org/entry/184255	http://www.orpha.net/ORDO/Orphanet_93315	1.0
http://omim.org/entry/184400	http://www.orpha.net/ORDO/Orphanet_3181	1.0
http://omim.org/entry/184460	http://www.orpha.net/ORDO/Orphanet_140917	1.0
http://omim.org/entry/184500	http://www.orpha.net/ORDO/Orphanet_841	1.0
http://omim.org/entry/184510	http://www.orpha.net/ORDO/Orphanet_3184	0.91442567
http://omim.org/entry/184705	http://www.orpha.net/ORDO/Orphanet_3186	1.0
http://omim.org/entry/184840	http://www.orpha.net/ORDO/Orphanet_166100	1.0
http://omim.org/entry/184850	http://www.orpha.net/ORDO/Orphanet_443192	0.96607357
http://omim.org/entry/184900	http://www.orpha.net/ORDO/Orphanet_2833	1.0
http://omim.org/entry/185000	http://www.orpha.net/ORDO/Orphanet_3203	1.0
http://omim.org/entry/185070	http://www.orpha.net/ORDO/Orphanet_3204	1.0
http://omim.org/entry/185100	http://www.orpha.net/ORDO/Orphanet_98681	0.91242814
http://omim.org/entry/185120	http://www.orpha.net/ORDO/Orphanet_2863	1.0
http://omim.org/entry/185300	http://www.orpha.net/ORDO/Orphanet_3205	1.0
http://omim.org/entry/185480	http://www.orpha.net/ORDO/Orphanet_3465	1.0
http://omim.org/entry/185500	http://www.orpha.net/ORDO/Orphanet_3193	1.0
http://omim.org/entry/185700	http://www.orpha.net/ORDO/Orphanet_3248	1.0
http://omim.org/entry/185750	http://www.orpha.net/ORDO/Orphanet_3246	1.0
http://omim.org/entry/186100	http://www.orpha.net/ORDO/Orphanet_93404	1.0
http://omim.org/entry/186200	http://www.orpha.net/ORDO/Orphanet_93405	1.0
http://omim.org/entry/186300	http://www.orpha.net/ORDO/Orphanet_93406	1.0
http://omim.org/entry/186570	http://www.orpha.net/ORDO/Orphanet_1412	1.0
http://omim.org/entry/186580	http://www.orpha.net/ORDO/Orphanet_90340	1.0
http://omim.org/entry/186700	http://www.orpha.net/ORDO/Orphanet_370034	0.91141725
http://omim.org/entry/187360	http://www.orpha.net/ORDO/Orphanet_397	1.0
http://omim.org/entry/187370	http://www.orpha.net/ORDO/Orphanet_251515	1.0
http://omim.org/entry/187500	http://www.orpha.net/ORDO/Orphanet_3303	1.0
http://omim.org/entry/187510	http://www.orpha.net/ORDO/Orphanet_2564	1.0
http://omim.org/entry/187600	http://www.orpha.net/ORDO/Orphanet_1860	1.0
http://omim.org/entry/187601	http://www.orpha.net/ORDO/Orphanet_93274	1.0
http://omim.org/entry/187760	http://www.orpha.net/ORDO/Orphanet_3317	1.0
http://omim.org/entry/188400	http://www.orpha.net/ORDO/Orphanet_567	1.0
http://omim.org/entry/188455	http://www.orpha.net/ORDO/Orphanet_93953	1.0
http://omim.org/entry/189500	http://www.orpha.net/ORDO/Orphanet_2228	1.0
http://omim.org/entry/189961	http://www.orpha.net/ORDO/Orphanet_3348	1.0
http://omim.org/entry/190340	http://www.orpha.net/ORDO/Orphanet_538756	1.0
http://omim.org/entry/190400	http://www.orpha.net/ORDO/Orphanet_221091	1.0
http://omim.org/entry/190685	http://www.orpha.net/ORDO/Orphanet_870	1.0
http://omim.org/entry/190900	http://www.orpha.net/ORDO/Orphanet_88629	1.0
http://omim.org/entry/191420	http://www.orpha.net/ORDO/Orphanet_1837	1.0
http://omim.org/entry/191520	http://www.orpha.net/ORDO/Orphanet_3408	1.0
http://omim.org/entry/191900	http://www.orpha.net/ORDO/Orphanet_575	1.0
http://omim.org/entry/192100	http://www.orpha.net/ORDO/Orphanet_99771	1.0
http://omim.org/entry/192315	http://www.orpha.net/ORDO/Orphanet_247691	1.0
http://omim.org/entry/192350	http://www.orpha.net/ORDO/Orphanet_887	1.0
http://omim.org/entry/192950	http://www.orpha.net/ORDO/Orphanet_178382	1.0
http://omim.org/entry/193090	http://www.orpha.net/ORDO/Orphanet_2967	1.0
http://omim.org/entry/193100	http://www.orpha.net/ORDO/Orphanet_89937	1.0
http://omim.org/entry/193300	http://www.orpha.net/ORDO/Orphanet_892	1.0
http://omim.org/entry/193400	http://www.orpha.net/ORDO/Orphanet_166078	1.0
http://omim.org/entry/193500	http://www.orpha.net/ORDO/Orphanet_894	1.0
http://omim.org/entry/193530	http://www.orpha.net/ORDO/Orphanet_952	1.0
http://omim.org/entry/193700	http://www.orpha.net/ORDO/Orphanet_2053	1.0
http://omim.org/entry/194050	http://www.orpha.net/ORDO/Orphanet_904	1.0
http://omim.org/entry/194080	http://www.orpha.net/ORDO/Orphanet_220	1.0
http://omim.org/entry/194190	http://www.orpha.net/ORDO/Orphanet_280	1.0
http://omim.org/entry/194350	http://www.orpha.net/ORDO/Orphanet_3466	1.0
http://omim.org/entry/200100	http://www.orpha.net/ORDO/Orphanet_14	1.0
http://omim.org/entry/200110	http://www.orpha.net/ORDO/Orphanet_920	1.0
http://omim.org/entry/200150	http://www.orpha.net/ORDO/Orphanet_2388	1.0
http://omim.org/entry/200400	http://www.orpha.net/ORDO/Orphanet_930	0.92156595
http://omim.org/entry/200450	http://www.orpha.net/ORDO/Orphanet_929	1.0
http://omim.org/entry/200600	http://www.orpha.net/ORDO/Orphanet_93299	1.0
http://omim.org/entry/200610	http://www.orpha.net/ORDO/Orphanet_93296	1.0
http://omim.org/entry/200900	http://www.orpha.net/ORDO/Orphanet_935	1.0
http://omim.org/entry/200990	http://www.orpha.net/ORDO/Orphanet_36	1.0
http://omim.org/entry/200995	http://www.orpha.net/ORDO/Orphanet_221054	1.0
http://omim.org/entry/201020	http://www.orpha.net/ORDO/Orphanet_65798	1.0
http://omim.org/entry/201050	http://www.orpha.net/ORDO/Orphanet_949	1.0
http://omim.org/entry/201100	http://www.orpha.net/ORDO/Orphanet_37	1.0
http://omim.org/entry/201200	http://www.orpha.net/ORDO/Orphanet_2500	1.0
http://omim.org/entry/201470	http://www.orpha.net/ORDO/Orphanet_309120	0.9074288
http://omim.org/entry/202110	http://www.orpha.net/ORDO/Orphanet_90793	1.0
http://omim.org/entry/202660	http://www.orpha.net/ORDO/Orphanet_991	1.0
http://omim.org/entry/203100	http://www.orpha.net/ORDO/Orphanet_79431	1.0
http://omim.org/entry/203200	http://www.orpha.net/ORDO/Orphanet_79432	1.0
http://omim.org/entry/203290	http://www.orpha.net/ORDO/Orphanet_79433	1.0
http://omim.org/entry/203330	http://www.orpha.net/ORDO/Orphanet_94090	1.0
http://omim.org/entry/203340	http://www.orpha.net/ORDO/Orphanet_2513	1.0
http://omim.org/entry/203450	http://www.orpha.net/ORDO/Orphanet_58	1.0
http://omim.org/entry/203500	http://www.orpha.net/ORDO/Orphanet_56	1.0
http://omim.org/entry/203750	http://www.orpha.net/ORDO/Orphanet_134	1.0
http://omim.org/entry/204870	http://www.orpha.net/ORDO/Orphanet_98957	1.0
http://omim.org/entry/205400	http://www.orpha.net/ORDO/Orphanet_31150	1.0
http://omim.org/entry/205700	http://www.orpha.net/ORDO/Orphanet_98375	1.0
http://omim.org/entry/206200	http://www.orpha.net/ORDO/Orphanet_209981	1.0
http://omim.org/entry/206550	http://www.orpha.net/ORDO/Orphanet_199279	1.0
http://omim.org/entry/206700	http://www.orpha.net/ORDO/Orphanet_1065	1.0
http://omim.org/entry/206920	http://www.orpha.net/ORDO/Orphanet_1106	1.0
http://omim.org/entry/207600	http://www.orpha.net/ORDO/Orphanet_3287	1.0
http://omim.org/entry/207750	http://www.orpha.net/ORDO/Orphanet_309020	0.93835115
http://omim.org/entry/207800	http://www.orpha.net/ORDO/Orphanet_90	1.0
http://omim.org/entry/207900	http://www.orpha.net/ORDO/Orphanet_23	1.0
http://omim.org/entry/207950	http://www.orpha.net/ORDO/Orphanet_1136	1.0
http://omim.org/entry/208050	http://www.orpha.net/ORDO/Orphanet_3342	1.0
http://omim.org/entry/208081	http://www.orpha.net/ORDO/Orphanet_109007	0.90417463
http://omim.org/entry/208250	http://www.orpha.net/ORDO/Orphanet_2848	1.0
http://omim.org/entry/208300	http://www.orpha.net/ORDO/Orphanet_1160	1.0
http://omim.org/entry/208400	http://www.orpha.net/ORDO/Orphanet_93	1.0
http://omim.org/entry/208900	http://www.orpha.net/ORDO/Orphanet_100	1.0
http://omim.org/entry/209500	http://www.orpha.net/ORDO/Orphanet_86819	1.0
http://omim.org/entry/209700	http://www.orpha.net/ORDO/Orphanet_79100	1.0
http://omim.org/entry/209885	http://www.orpha.net/ORDO/Orphanet_1231	1.0
http://omim.org/entry/209920	http://www.orpha.net/ORDO/Orphanet_572	1.0
http://omim.org/entry/210370	http://www.orpha.net/ORDO/Orphanet_41751	1.0
http://omim.org/entry/210700	http://www.orpha.net/ORDO/Orphanet_2617	1.0
http://omim.org/entry/210740	http://www.orpha.net/ORDO/Orphanet_1227	1.0
http://omim.org/entry/210900	http://www.orpha.net/ORDO/Orphanet_125	1.0
http://omim.org/entry/211000	http://www.orpha.net/ORDO/Orphanet_94086	1.0
http://omim.org/entry/211120	http://www.orpha.net/ORDO/Orphanet_1842	1.0
http://omim.org/entry/211180	http://www.orpha.net/ORDO/Orphanet_1270	1.0
http://omim.org/entry/211350	http://www.orpha.net/ORDO/Orphanet_1801	1.0
http://omim.org/entry/211450	http://www.orpha.net/ORDO/Orphanet_411501	1.0
http://omim.org/entry/211480	http://www.orpha.net/ORDO/Orphanet_36258	1.0
http://omim.org/entry/211600	http://www.orpha.net/ORDO/Orphanet_172	0.91770804
http://omim.org/entry/211750	http://www.orpha.net/ORDO/Orphanet_1308	1.0
http://omim.org/entry/211770	http://www.orpha.net/ORDO/Orphanet_1375	1.0
http://omim.org/entry/211800	http://www.orpha.net/ORDO/Orphanet_289601	1.0
http://omim.org/entry/211890	http://www.orpha.net/ORDO/Orphanet_1318	1.0
http://omim.org/entry/211910	http://www.orpha.net/ORDO/Orphanet_1327	1.0
http://omim.org/entry/211920	http://www.orpha.net/ORDO/Orphanet_1326	1.0
http://omim.org/entry/212065	http://www.orpha.net/ORDO/Orphanet_79318	1.0
http://omim.org/entry/212066	http://www.orpha.net/ORDO/Orphanet_79329	1.0
http://omim.org/entry/212138	http://www.orpha.net/ORDO/Orphanet_159	1.0
http://omim.org/entry/212140	http://www.orpha.net/ORDO/Orphanet_158	1.0
http://omim.org/entry/212350	http://www.orpha.net/ORDO/Orphanet_1369	1.0
http://omim.org/entry/212835	http://www.orpha.net/ORDO/Orphanet_1174	0.91058779
http://omim.org/entry/212895	http://www.orpha.net/ORDO/Orphanet_1177	1.0
http://omim.org/entry/213700	http://www.orpha.net/ORDO/Orphanet_909	1.0
http://omim.org/entry/214350	http://www.orpha.net/ORDO/Orphanet_1401	1.0
http://omim.org/entry/214400	http://www.orpha.net/ORDO/Orphanet_99948	1.0
http://omim.org/entry/214450	http://www.orpha.net/ORDO/Orphanet_79476	1.0
http://omim.org/entry/214800	http://www.orpha.net/ORDO/Orphanet_138	1.0
http://omim.org/entry/214900	http://www.orpha.net/ORDO/Orphanet_1414	1.0
http://omim.org/entry/215045	http://www.orpha.net/ORDO/Orphanet_50945	1.0
http://omim.org/entry/215100	http://www.orpha.net/ORDO/Orphanet_309789	1.0
http://omim.org/entry/215140	http://www.orpha.net/ORDO/Orphanet_1426	1.0
http://omim.org/entry/215300	http://www.orpha.net/ORDO/Orphanet_55880	1.0
http://omim.org/entry/215450	http://www.orpha.net/ORDO/Orphanet_1429	1.0
http://omim.org/entry/215700	http://www.orpha.net/ORDO/Orphanet_247525	1.0
http://omim.org/entry/216100	http://www.orpha.net/ORDO/Orphanet_2319	1.0
http://omim.org/entry/216550	http://www.orpha.net/ORDO/Orphanet_193	1.0
http://omim.org/entry/216700	http://www.orpha.net/ORDO/Orphanet_79147	1.0
http://omim.org/entry/217080	http://www.orpha.net/ORDO/Orphanet_1873	1.0
http://omim.org/entry/217090	http://www.orpha.net/ORDO/Orphanet_722	1.0
http://omim.org/entry/217095	http://www.orpha.net/ORDO/Orphanet_2445	1.0
http://omim.org/entry/217800	http://www.orpha.net/ORDO/Orphanet_98969	1.0
http://omim.org/entry/218030	http://www.orpha.net/ORDO/Orphanet_320	1.0
http://omim.org/entry/218040	http://www.orpha.net/ORDO/Orphanet_3071	1.0
http://omim.org/entry/218090	http://www.orpha.net/ORDO/Orphanet_1512	1.0
http://omim.org/entry/218300	http://www.orpha.net/ORDO/Orphanet_1513	1.0
http://omim.org/entry/218340	http://www.orpha.net/ORDO/Orphanet_1777	1.0
http://omim.org/entry/218600	http://www.orpha.net/ORDO/Orphanet_1225	1.0
http://omim.org/entry/218670	http://www.orpha.net/ORDO/Orphanet_1528	1.0
http://omim.org/entry/218800	http://www.orpha.net/ORDO/Orphanet_79234	1.0
http://omim.org/entry/218900	http://www.orpha.net/ORDO/Orphanet_1380	1.0
http://omim.org/entry/219200	http://www.orpha.net/ORDO/Orphanet_357058	1.0
http://omim.org/entry/219250	http://www.orpha.net/ORDO/Orphanet_1556	1.0
http://omim.org/entry/219500	http://www.orpha.net/ORDO/Orphanet_212	1.0
http://omim.org/entry/219700	http://www.orpha.net/ORDO/Orphanet_586	1.0
http://omim.org/entry/220100	http://www.orpha.net/ORDO/Orphanet_214	1.0
http://omim.org/entry/220120	http://www.orpha.net/ORDO/Orphanet_941	1.0
http://omim.org/entry/221350	http://www.orpha.net/ORDO/Orphanet_3239	0.91638261
http://omim.org/entry/221740	http://www.orpha.net/ORDO/Orphanet_3230	1.0
http://omim.org/entry/221790	http://www.orpha.net/ORDO/Orphanet_1659	1.0
http://omim.org/entry/221800	http://www.orpha.net/ORDO/Orphanet_79149	1.0
http://omim.org/entry/221810	http://www.orpha.net/ORDO/Orphanet_1657	1.0
http://omim.org/entry/222600	http://www.orpha.net/ORDO/Orphanet_628	1.0
http://omim.org/entry/222700	http://www.orpha.net/ORDO/Orphanet_470	1.0
http://omim.org/entry/222730	http://www.orpha.net/ORDO/Orphanet_2195	1.0
http://omim.org/entry/222748	http://www.orpha.net/ORDO/Orphanet_38874	1.0
http://omim.org/entry/222765	http://www.orpha.net/ORDO/Orphanet_309796	1.0
http://omim.org/entry/222900	http://www.orpha.net/ORDO/Orphanet_35122	1.0
http://omim.org/entry/223000	http://www.orpha.net/ORDO/Orphanet_53690	1.0
http://omim.org/entry/223340	http://www.orpha.net/ORDO/Orphanet_3439	1.0
http://omim.org/entry/223370	http://www.orpha.net/ORDO/Orphanet_235	1.0
http://omim.org/entry/223400	http://www.orpha.net/ORDO/Orphanet_1203	1.0
http://omim.org/entry/223900	http://www.orpha.net/ORDO/Orphanet_1764	1.0
http://omim.org/entry/224100	http://www.orpha.net/ORDO/Orphanet_98873	1.0
http://omim.org/entry/224300	http://www.orpha.net/ORDO/Orphanet_1782	1.0
http://omim.org/entry/224400	http://www.orpha.net/ORDO/Orphanet_156731	1.0
http://omim.org/entry/224410	http://www.orpha.net/ORDO/Orphanet_1865	1.0
http://omim.org/entry/225060	http://www.orpha.net/ORDO/Orphanet_3253	1.0
http://omim.org/entry/225500	http://www.orpha.net/ORDO/Orphanet_289	1.0
http://omim.org/entry/225753	http://www.orpha.net/ORDO/Orphanet_166063	1.0
http://omim.org/entry/226000	http://www.orpha.net/ORDO/Orphanet_2022	1.0
http://omim.org/entry/226300	http://www.orpha.net/ORDO/Orphanet_566175	0.91142827
http://omim.org/entry/226350	http://www.orpha.net/ORDO/Orphanet_3165	1.0
http://omim.org/entry/226700	http://www.orpha.net/ORDO/Orphanet_79404	1.0
http://omim.org/entry/226960	http://www.orpha.net/ORDO/Orphanet_1824	1.0
http://omim.org/entry/226980	http://www.orpha.net/ORDO/Orphanet_1667	1.0
http://omim.org/entry/227050	http://www.orpha.net/ORDO/Orphanet_98871	1.0
http://omim.org/entry/227090	http://www.orpha.net/ORDO/Orphanet_1954	1.0
http://omim.org/entry/227260	http://www.orpha.net/ORDO/Orphanet_1807	1.0
http://omim.org/entry/227270	http://www.orpha.net/ORDO/Orphanet_1972	1.0
http://omim.org/entry/227280	http://www.orpha.net/ORDO/Orphanet_1973	1.0
http://omim.org/entry/227330	http://www.orpha.net/ORDO/Orphanet_1974	1.0
http://omim.org/entry/228000	http://www.orpha.net/ORDO/Orphanet_333	1.0
http://omim.org/entry/228200	http://www.orpha.net/ORDO/Orphanet_2019	1.0
http://omim.org/entry/228600	http://www.orpha.net/ORDO/Orphanet_498474	1.0
http://omim.org/entry/229050	http://www.orpha.net/ORDO/Orphanet_90045	1.0
http://omim.org/entry/229100	http://www.orpha.net/ORDO/Orphanet_51208	1.0
http://omim.org/entry/229120	http://www.orpha.net/ORDO/Orphanet_3219	1.0
http://omim.org/entry/229300	http://www.orpha.net/ORDO/Orphanet_95	1.0
http://omim.org/entry/229400	http://www.orpha.net/ORDO/Orphanet_1791	1.0
http://omim.org/entry/229600	http://www.orpha.net/ORDO/Orphanet_469	1.0
http://omim.org/entry/229700	http://www.orpha.net/ORDO/Orphanet_348	1.0
http://omim.org/entry/229800	http://www.orpha.net/ORDO/Orphanet_2056	1.0
http://omim.org/entry/229850	http://www.orpha.net/ORDO/Orphanet_2059	1.0
http://omim.org/entry/230000	http://www.orpha.net/ORDO/Orphanet_349	1.0
http://omim.org/entry/230500	http://www.orpha.net/ORDO/Orphanet_79255	1.0
http://omim.org/entry/230600	http://www.orpha.net/ORDO/Orphanet_79256	1.0
http://omim.org/entry/230650	http://www.orpha.net/ORDO/Orphanet_79257	1.0
http://omim.org/entry/230740	http://www.orpha.net/ORDO/Orphanet_2067	1.0
http://omim.org/entry/230750	http://www.orpha.net/ORDO/Orphanet_2368	1.0
http://omim.org/entry/230800	http://www.orpha.net/ORDO/Orphanet_77259	1.0
http://omim.org/entry/230900	http://www.orpha.net/ORDO/Orphanet_77260	1.0
http://omim.org/entry/231000	http://www.orpha.net/ORDO/Orphanet_77261	1.0
http://omim.org/entry/231005	http://www.orpha.net/ORDO/Orphanet_2072	1.0
http://omim.org/entry/231060	http://www.orpha.net/ORDO/Orphanet_2075	1.0
http://omim.org/entry/231095	http://www.orpha.net/ORDO/Orphanet_1802	1.0
http://omim.org/entry/231100	http://www.orpha.net/ORDO/Orphanet_446	1.0
http://omim.org/entry/231200	http://www.orpha.net/ORDO/Orphanet_274	1.0
http://omim.org/entry/231550	http://www.orpha.net/ORDO/Orphanet_869	1.0
http://omim.org/entry/231680	http://www.orpha.net/ORDO/Orphanet_26791	1.0
http://omim.org/entry/231950	http://www.orpha.net/ORDO/Orphanet_33573	1.0
http://omim.org/entry/232240	http://www.orpha.net/ORDO/Orphanet_79201	0.90202242
http://omim.org/entry/233450	http://www.orpha.net/ORDO/Orphanet_375	1.0
http://omim.org/entry/234100	http://www.orpha.net/ORDO/Orphanet_2108	1.0
http://omim.org/entry/234500	http://www.orpha.net/ORDO/Orphanet_2116	1.0
http://omim.org/entry/234700	http://www.orpha.net/ORDO/Orphanet_60041	1.0
http://omim.org/entry/235000	http://www.orpha.net/ORDO/Orphanet_2128	1.0
http://omim.org/entry/235730	http://www.orpha.net/ORDO/Orphanet_2152	1.0
http://omim.org/entry/235800	http://www.orpha.net/ORDO/Orphanet_2157	1.0
http://omim.org/entry/235830	http://www.orpha.net/ORDO/Orphanet_2158	0.92746657
http://omim.org/entry/236000	http://www.orpha.net/ORDO/Orphanet_391	1.0
http://omim.org/entry/236110	http://www.orpha.net/ORDO/Orphanet_2167	1.0
http://omim.org/entry/236200	http://www.orpha.net/ORDO/Orphanet_394	1.0
http://omim.org/entry/236700	http://www.orpha.net/ORDO/Orphanet_2473	1.0
http://omim.org/entry/236792	http://www.orpha.net/ORDO/Orphanet_79314	1.0
http://omim.org/entry/236795	http://www.orpha.net/ORDO/Orphanet_939	1.0
http://omim.org/entry/236800	http://www.orpha.net/ORDO/Orphanet_79155	1.0
http://omim.org/entry/237400	http://www.orpha.net/ORDO/Orphanet_309147	1.0
http://omim.org/entry/237450	http://www.orpha.net/ORDO/Orphanet_3111	1.0
http://omim.org/entry/237500	http://www.orpha.net/ORDO/Orphanet_234	1.0
http://omim.org/entry/237900	http://www.orpha.net/ORDO/Orphanet_2312	1.0
http://omim.org/entry/238970	http://www.orpha.net/ORDO/Orphanet_415	1.0
http://omim.org/entry/239200	http://www.orpha.net/ORDO/Orphanet_417	0.92499143
http://omim.org/entry/239500	http://www.orpha.net/ORDO/Orphanet_419	1.0
http://omim.org/entry/239510	http://www.orpha.net/ORDO/Orphanet_79101	1.0
http://omim.org/entry/239800	http://www.orpha.net/ORDO/Orphanet_2213	1.0
http://omim.org/entry/241080	http://www.orpha.net/ORDO/Orphanet_3464	1.0
http://omim.org/entry/241090	http://www.orpha.net/ORDO/Orphanet_2232	0.90712315
http://omim.org/entry/241310	http://www.orpha.net/ORDO/Orphanet_1790	1.0
http://omim.org/entry/241500	http://www.orpha.net/ORDO/Orphanet_247651	1.0
http://omim.org/entry/241530	http://www.orpha.net/ORDO/Orphanet_157215	1.0
http://omim.org/entry/242300	http://www.orpha.net/ORDO/Orphanet_281097	0.94142824
http://omim.org/entry/242600	http://www.orpha.net/ORDO/Orphanet_42062	1.0
http://omim.org/entry/242840	http://www.orpha.net/ORDO/Orphanet_1493	1.0
http://omim.org/entry/243200	http://www.orpha.net/ORDO/Orphanet_238624	1.0
http://omim.org/entry/243300	http://www.orpha.net/ORDO/Orphanet_99960	0.97685277
http://omim.org/entry/243500	http://www.orpha.net/ORDO/Orphanet_33	1.0
http://omim.org/entry/243600	http://www.orpha.net/ORDO/Orphanet_1201	1.0
http://omim.org/entry/243800	http://www.orpha.net/ORDO/Orphanet_2315	1.0
http://omim.org/entry/244300	http://www.orpha.net/ORDO/Orphanet_2328	1.0
http://omim.org/entry/245050	http://www.orpha.net/ORDO/Orphanet_832	1.0
http://omim.org/entry/245100	http://www.orpha.net/ORDO/Orphanet_1399	1.0
http://omim.org/entry/245150	http://www.orpha.net/ORDO/Orphanet_85202	1.0
http://omim.org/entry/245190	http://www.orpha.net/ORDO/Orphanet_2347	1.0
http://omim.org/entry/245200	http://www.orpha.net/ORDO/Orphanet_487	1.0
http://omim.org/entry/245340	http://www.orpha.net/ORDO/Orphanet_171690	1.0
http://omim.org/entry/245348	http://www.orpha.net/ORDO/Orphanet_79244	1.0
http://omim.org/entry/245349	http://www.orpha.net/ORDO/Orphanet_255182	1.0
http://omim.org/entry/245550	http://www.orpha.net/ORDO/Orphanet_1296	1.0
http://omim.org/entry/245800	http://www.orpha.net/ORDO/Orphanet_2377	1.0
http://omim.org/entry/245900	http://www.orpha.net/ORDO/Orphanet_650	1.0
http://omim.org/entry/246200	http://www.orpha.net/ORDO/Orphanet_508	1.0
http://omim.org/entry/246450	http://www.orpha.net/ORDO/Orphanet_20	1.0
http://omim.org/entry/246550	http://www.orpha.net/ORDO/Orphanet_2390	1.0
http://omim.org/entry/246700	http://www.orpha.net/ORDO/Orphanet_71	1.0
http://omim.org/entry/246900	http://www.orpha.net/ORDO/Orphanet_2394	1.0
http://omim.org/entry/247410	http://www.orpha.net/ORDO/Orphanet_1563	1.0
http://omim.org/entry/247610	http://www.orpha.net/ORDO/Orphanet_79128	1.0
http://omim.org/entry/247990	http://www.orpha.net/ORDO/Orphanet_2083	1.0
http://omim.org/entry/248360	http://www.orpha.net/ORDO/Orphanet_943	1.0
http://omim.org/entry/248370	http://www.orpha.net/ORDO/Orphanet_90153	1.0
http://omim.org/entry/248450	http://www.orpha.net/ORDO/Orphanet_2717	1.0
http://omim.org/entry/248600	http://www.orpha.net/ORDO/Orphanet_511	1.0
http://omim.org/entry/248700	http://www.orpha.net/ORDO/Orphanet_2461	1.0
http://omim.org/entry/248760	http://www.orpha.net/ORDO/Orphanet_2172	0.91693908
http://omim.org/entry/248950	http://www.orpha.net/ORDO/Orphanet_2471	1.0
http://omim.org/entry/249100	http://www.orpha.net/ORDO/Orphanet_342	1.0
http://omim.org/entry/249270	http://www.orpha.net/ORDO/Orphanet_49827	1.0
http://omim.org/entry/249400	http://www.orpha.net/ORDO/Orphanet_2481	1.0
http://omim.org/entry/249420	http://www.orpha.net/ORDO/Orphanet_137834	1.0
http://omim.org/entry/249620	http://www.orpha.net/ORDO/Orphanet_2728	1.0
http://omim.org/entry/249700	http://www.orpha.net/ORDO/Orphanet_2632	1.0
http://omim.org/entry/250100	http://www.orpha.net/ORDO/Orphanet_512	1.0
http://omim.org/entry/250215	http://www.orpha.net/ORDO/Orphanet_1240	1.0
http://omim.org/entry/250220	http://www.orpha.net/ORDO/Orphanet_93317	1.0
http://omim.org/entry/250230	http://www.orpha.net/ORDO/Orphanet_166038	1.0
http://omim.org/entry/250250	http://www.orpha.net/ORDO/Orphanet_175	1.0
http://omim.org/entry/250950	http://www.orpha.net/ORDO/Orphanet_67046	1.0
http://omim.org/entry/250951	http://www.orpha.net/ORDO/Orphanet_67048	1.0
http://omim.org/entry/251100	http://www.orpha.net/ORDO/Orphanet_79310	0.93272513
http://omim.org/entry/251110	http://www.orpha.net/ORDO/Orphanet_79311	0.92985493
http://omim.org/entry/251190	http://www.orpha.net/ORDO/Orphanet_2643	1.0
http://omim.org/entry/251230	http://www.orpha.net/ORDO/Orphanet_572768	1.0
http://omim.org/entry/251255	http://www.orpha.net/ORDO/Orphanet_313795	1.0
http://omim.org/entry/251260	http://www.orpha.net/ORDO/Orphanet_647	1.0
http://omim.org/entry/252100	http://www.orpha.net/ORDO/Orphanet_2751	1.0
http://omim.org/entry/252700	http://www.orpha.net/ORDO/Orphanet_79213	0.92270249
http://omim.org/entry/252900	http://www.orpha.net/ORDO/Orphanet_79269	1.0
http://omim.org/entry/252920	http://www.orpha.net/ORDO/Orphanet_79270	1.0
http://omim.org/entry/252930	http://www.orpha.net/ORDO/Orphanet_79271	1.0
http://omim.org/entry/252940	http://www.orpha.net/ORDO/Orphanet_79272	1.0
http://omim.org/entry/253000	http://www.orpha.net/ORDO/Orphanet_309297	1.0
http://omim.org/entry/253010	http://www.orpha.net/ORDO/Orphanet_309310	1.0
http://omim.org/entry/253200	http://www.orpha.net/ORDO/Orphanet_583	1.0
http://omim.org/entry/253220	http://www.orpha.net/ORDO/Orphanet_584	1.0
http://omim.org/entry/253250	http://www.orpha.net/ORDO/Orphanet_2576	1.0
http://omim.org/entry/253260	http://www.orpha.net/ORDO/Orphanet_79241	1.0
http://omim.org/entry/253270	http://www.orpha.net/ORDO/Orphanet_79242	1.0
http://omim.org/entry/253600	http://www.orpha.net/ORDO/Orphanet_102015	0.90779966
http://omim.org/entry/254200	http://www.orpha.net/ORDO/Orphanet_589	1.0
http://omim.org/entry/254500	http://www.orpha.net/ORDO/Orphanet_29073	1.0
http://omim.org/entry/254600	http://www.orpha.net/ORDO/Orphanet_2587	1.0
http://omim.org/entry/254770	http://www.orpha.net/ORDO/Orphanet_307	1.0
http://omim.org/entry/254940	http://www.orpha.net/ORDO/Orphanet_1358	1.0
http://omim.org/entry/255990	http://www.orpha.net/ORDO/Orphanet_2663	1.0
http://omim.org/entry/256000	http://www.orpha.net/ORDO/Orphanet_506	1.0
http://omim.org/entry/256050	http://www.orpha.net/ORDO/Orphanet_56304	1.0
http://omim.org/entry/256500	http://www.orpha.net/ORDO/Orphanet_634	1.0
http://omim.org/entry/256540	http://www.orpha.net/ORDO/Orphanet_351	1.0
http://omim.org/entry/256690	http://www.orpha.net/ORDO/Orphanet_2673	1.0
http://omim.org/entry/256710	http://www.orpha.net/ORDO/Orphanet_33445	1.0
http://omim.org/entry/256800	http://www.orpha.net/ORDO/Orphanet_642	1.0
http://omim.org/entry/257200	http://www.orpha.net/ORDO/Orphanet_77292	1.0
http://omim.org/entry/257550	http://www.orpha.net/ORDO/Orphanet_98688	0.97217071
http://omim.org/entry/257960	http://www.orpha.net/ORDO/Orphanet_2718	1.0
http://omim.org/entry/257970	http://www.orpha.net/ORDO/Orphanet_2715	1.0
http://omim.org/entry/258040	http://www.orpha.net/ORDO/Orphanet_93929	1.0
http://omim.org/entry/258200	http://www.orpha.net/ORDO/Orphanet_2920	1.0
http://omim.org/entry/258320	http://www.orpha.net/ORDO/Orphanet_2736	1.0
http://omim.org/entry/258480	http://www.orpha.net/ORDO/Orphanet_2746	1.0
http://omim.org/entry/258501	http://www.orpha.net/ORDO/Orphanet_67047	1.0
http://omim.org/entry/258870	http://www.orpha.net/ORDO/Orphanet_414	1.0
http://omim.org/entry/259250	http://www.orpha.net/ORDO/Orphanet_2769	1.0
http://omim.org/entry/259420	http://www.orpha.net/ORDO/Orphanet_216812	1.0
http://omim.org/entry/259500	http://www.orpha.net/ORDO/Orphanet_668	1.0
http://omim.org/entry/259750	http://www.orpha.net/ORDO/Orphanet_85193	1.0
http://omim.org/entry/259770	http://www.orpha.net/ORDO/Orphanet_2788	1.0
http://omim.org/entry/259775	http://www.orpha.net/ORDO/Orphanet_1832	1.0
http://omim.org/entry/259780	http://www.orpha.net/ORDO/Orphanet_2793	1.0
http://omim.org/entry/259900	http://www.orpha.net/ORDO/Orphanet_93598	1.0
http://omim.org/entry/260000	http://www.orpha.net/ORDO/Orphanet_93599	1.0
http://omim.org/entry/260005	http://www.orpha.net/ORDO/Orphanet_33572	1.0
http://omim.org/entry/260470	http://www.orpha.net/ORDO/Orphanet_2806	1.0
http://omim.org/entry/260500	http://www.orpha.net/ORDO/Orphanet_2807	1.0
http://omim.org/entry/260530	http://www.orpha.net/ORDO/Orphanet_2812	1.0
http://omim.org/entry/260565	http://www.orpha.net/ORDO/Orphanet_2836	1.0
http://omim.org/entry/260660	http://www.orpha.net/ORDO/Orphanet_93333	1.0
http://omim.org/entry/260800	http://www.orpha.net/ORDO/Orphanet_2843	1.0
http://omim.org/entry/260920	http://www.orpha.net/ORDO/Orphanet_343	1.0
http://omim.org/entry/261000	http://www.orpha.net/ORDO/Orphanet_332	1.0
http://omim.org/entry/261540	http://www.orpha.net/ORDO/Orphanet_709	1.0
http://omim.org/entry/261550	http://www.orpha.net/ORDO/Orphanet_2856	0.93051064
http://omim.org/entry/261560	http://www.orpha.net/ORDO/Orphanet_2871	1.0
http://omim.org/entry/261575	http://www.orpha.net/ORDO/Orphanet_2876	1.0
http://omim.org/entry/261600	http://www.orpha.net/ORDO/Orphanet_716	1.0
http://omim.org/entry/262500	http://www.orpha.net/ORDO/Orphanet_633	1.0
http://omim.org/entry/262650	http://www.orpha.net/ORDO/Orphanet_629	1.0
http://omim.org/entry/262890	http://www.orpha.net/ORDO/Orphanet_806	1.0
http://omim.org/entry/263300	http://www.orpha.net/ORDO/Orphanet_729	1.0
http://omim.org/entry/263700	http://www.orpha.net/ORDO/Orphanet_79277	1.0
http://omim.org/entry/263750	http://www.orpha.net/ORDO/Orphanet_246	1.0
http://omim.org/entry/263800	http://www.orpha.net/ORDO/Orphanet_358	1.0
http://omim.org/entry/264090	http://www.orpha.net/ORDO/Orphanet_3455	1.0
http://omim.org/entry/264180	http://www.orpha.net/ORDO/Orphanet_85174	1.0
http://omim.org/entry/264300	http://www.orpha.net/ORDO/Orphanet_752	1.0
http://omim.org/entry/264470	http://www.orpha.net/ORDO/Orphanet_2971	1.0
http://omim.org/entry/264600	http://www.orpha.net/ORDO/Orphanet_753	1.0
http://omim.org/entry/264800	http://www.orpha.net/ORDO/Orphanet_758	1.0
http://omim.org/entry/265000	http://www.orpha.net/ORDO/Orphanet_2990	1.0
http://omim.org/entry/265100	http://www.orpha.net/ORDO/Orphanet_60025	1.0
http://omim.org/entry/265300	http://www.orpha.net/ORDO/Orphanet_2414	1.0
http://omim.org/entry/265380	http://www.orpha.net/ORDO/Orphanet_210122	1.0
http://omim.org/entry/265400	http://www.orpha.net/ORDO/Orphanet_71198	0.90216315
http://omim.org/entry/265430	http://www.orpha.net/ORDO/Orphanet_2257	1.0
http://omim.org/entry/265800	http://www.orpha.net/ORDO/Orphanet_763	1.0
http://omim.org/entry/265880	http://www.orpha.net/ORDO/Orphanet_3003	1.0
http://omim.org/entry/265900	http://www.orpha.net/ORDO/Orphanet_3005	1.0
http://omim.org/entry/266100	http://www.orpha.net/ORDO/Orphanet_3006	1.0
http://omim.org/entry/266130	http://www.orpha.net/ORDO/Orphanet_32	1.0
http://omim.org/entry/266150	http://www.orpha.net/ORDO/Orphanet_3008	1.0
http://omim.org/entry/266270	http://www.orpha.net/ORDO/Orphanet_3019	1.0
http://omim.org/entry/266280	http://www.orpha.net/ORDO/Orphanet_3021	1.0
http://omim.org/entry/266500	http://www.orpha.net/ORDO/Orphanet_773	1.0
http://omim.org/entry/266910	http://www.orpha.net/ORDO/Orphanet_3404	1.0
http://omim.org/entry/267000	http://www.orpha.net/ORDO/Orphanet_2849	1.0
http://omim.org/entry/267010	http://www.orpha.net/ORDO/Orphanet_3032	1.0
http://omim.org/entry/267430	http://www.orpha.net/ORDO/Orphanet_3033	1.0
http://omim.org/entry/267730	http://www.orpha.net/ORDO/Orphanet_86900	1.0
http://omim.org/entry/268000	http://www.orpha.net/ORDO/Orphanet_791	1.0
http://omim.org/entry/268025	http://www.orpha.net/ORDO/Orphanet_791	0.90809268
http://omim.org/entry/268100	http://www.orpha.net/ORDO/Orphanet_53540	1.0
http://omim.org/entry/268130	http://www.orpha.net/ORDO/Orphanet_3088	1.0
http://omim.org/entry/268300	http://www.orpha.net/ORDO/Orphanet_3103	1.0
http://omim.org/entry/268400	http://www.orpha.net/ORDO/Orphanet_221016	1.0
http://omim.org/entry/268700	http://www.orpha.net/ORDO/Orphanet_3124	1.0
http://omim.org/entry/268800	http://www.orpha.net/ORDO/Orphanet_796	1.0
http://omim.org/entry/268900	http://www.orpha.net/ORDO/Orphanet_3129	1.0
http://omim.org/entry/269160	http://www.orpha.net/ORDO/Orphanet_799	1.0
http://omim.org/entry/269200	http://www.orpha.net/ORDO/Orphanet_3143	1.0
http://omim.org/entry/269250	http://www.orpha.net/ORDO/Orphanet_3144	1.0
http://omim.org/entry/269600	http://www.orpha.net/ORDO/Orphanet_158029	0.96074969
http://omim.org/entry/269880	http://www.orpha.net/ORDO/Orphanet_3163	1.0
http://omim.org/entry/269920	http://www.orpha.net/ORDO/Orphanet_309324	0.97244984
http://omim.org/entry/269921	http://www.orpha.net/ORDO/Orphanet_3166	1.0
http://omim.org/entry/270400	http://www.orpha.net/ORDO/Orphanet_818	1.0
http://omim.org/entry/270460	http://www.orpha.net/ORDO/Orphanet_1355	1.0
http://omim.org/entry/271220	http://www.orpha.net/ORDO/Orphanet_431255	1.0
http://omim.org/entry/271510	http://www.orpha.net/ORDO/Orphanet_93357	1.0
http://omim.org/entry/271650	http://www.orpha.net/ORDO/Orphanet_93351	1.0
http://omim.org/entry/271900	http://www.orpha.net/ORDO/Orphanet_141	1.0
http://omim.org/entry/271930	http://www.orpha.net/ORDO/Orphanet_1576	1.0
http://omim.org/entry/271950	http://www.orpha.net/ORDO/Orphanet_99051	0.94516909
http://omim.org/entry/271960	http://www.orpha.net/ORDO/Orphanet_3191	1.0
http://omim.org/entry/271980	http://www.orpha.net/ORDO/Orphanet_22	1.0
http://omim.org/entry/272150	http://www.orpha.net/ORDO/Orphanet_498602	1.0
http://omim.org/entry/272200	http://www.orpha.net/ORDO/Orphanet_585	1.0
http://omim.org/entry/272300	http://www.orpha.net/ORDO/Orphanet_99731	1.0
http://omim.org/entry/272350	http://www.orpha.net/ORDO/Orphanet_3210	1.0
http://omim.org/entry/272440	http://www.orpha.net/ORDO/Orphanet_3255	1.0
http://omim.org/entry/272750	http://www.orpha.net/ORDO/Orphanet_309246	1.0
http://omim.org/entry/272800	http://www.orpha.net/ORDO/Orphanet_845	1.0
http://omim.org/entry/272950	http://www.orpha.net/ORDO/Orphanet_3291	1.0
http://omim.org/entry/273300	http://www.orpha.net/ORDO/Orphanet_363504	1.0
http://omim.org/entry/273730	http://www.orpha.net/ORDO/Orphanet_1861	1.0
http://omim.org/entry/273740	http://www.orpha.net/ORDO/Orphanet_1803	1.0
http://omim.org/entry/274000	http://www.orpha.net/ORDO/Orphanet_3320	1.0
http://omim.org/entry/274265	http://www.orpha.net/ORDO/Orphanet_3326	1.0
http://omim.org/entry/274270	http://www.orpha.net/ORDO/Orphanet_1675	1.0
http://omim.org/entry/274600	http://www.orpha.net/ORDO/Orphanet_705	1.0
http://omim.org/entry/275210	http://www.orpha.net/ORDO/Orphanet_1662	1.0
http://omim.org/entry/275220	http://www.orpha.net/ORDO/Orphanet_93322	1.0
http://omim.org/entry/275300	http://www.orpha.net/ORDO/Orphanet_3347	1.0
http://omim.org/entry/275370	http://www.orpha.net/ORDO/Orphanet_254749	0.90143096
http://omim.org/entry/275400	http://www.orpha.net/ORDO/Orphanet_3363	1.0
http://omim.org/entry/276600	http://www.orpha.net/ORDO/Orphanet_28378	1.0
http://omim.org/entry/276700	http://www.orpha.net/ORDO/Orphanet_882	1.0
http://omim.org/entry/276710	http://www.orpha.net/ORDO/Orphanet_69723	1.0
http://omim.org/entry/276900	http://www.orpha.net/ORDO/Orphanet_231169	1.0
http://omim.org/entry/277180	http://www.orpha.net/ORDO/Orphanet_48	1.0
http://omim.org/entry/277200	http://www.orpha.net/ORDO/Orphanet_439	1.0
http://omim.org/entry/277460	http://www.orpha.net/ORDO/Orphanet_96	1.0
http://omim.org/entry/277480	http://www.orpha.net/ORDO/Orphanet_166096	1.0
http://omim.org/entry/277590	http://www.orpha.net/ORDO/Orphanet_3447	1.0
http://omim.org/entry/277700	http://www.orpha.net/ORDO/Orphanet_902	1.0
http://omim.org/entry/277740	http://www.orpha.net/ORDO/Orphanet_2475	1.0
http://omim.org/entry/277900	http://www.orpha.net/ORDO/Orphanet_905	1.0
http://omim.org/entry/278000	http://www.orpha.net/ORDO/Orphanet_275761	1.0
http://omim.org/entry/278250	http://www.orpha.net/ORDO/Orphanet_2834	1.0
http://omim.org/entry/279000	http://www.orpha.net/ORDO/Orphanet_3471	1.0
http://omim.org/entry/300001	http://www.orpha.net/ORDO/Orphanet_281210	0.9070996
http://omim.org/entry/300068	http://www.orpha.net/ORDO/Orphanet_754	1.0
http://omim.org/entry/300076	http://www.orpha.net/ORDO/Orphanet_2571	1.0
http://omim.org/entry/300106	http://www.orpha.net/ORDO/Orphanet_93349	1.0
http://omim.org/entry/300114	http://www.orpha.net/ORDO/Orphanet_485350	1.0
http://omim.org/entry/300148	http://www.orpha.net/ORDO/Orphanet_85282	1.0
http://omim.org/entry/300194	http://www.orpha.net/ORDO/Orphanet_86818	1.0
http://omim.org/entry/300216	http://www.orpha.net/ORDO/Orphanet_190	1.0
http://omim.org/entry/300270	http://www.orpha.net/ORDO/Orphanet_977	1.0
http://omim.org/entry/300299	http://www.orpha.net/ORDO/Orphanet_86788	1.0
http://omim.org/entry/300322	http://www.orpha.net/ORDO/Orphanet_510	1.0
http://omim.org/entry/300323	http://www.orpha.net/ORDO/Orphanet_79233	1.0
http://omim.org/entry/300431	http://www.orpha.net/ORDO/Orphanet_1193	1.0
http://omim.org/entry/300500	http://www.orpha.net/ORDO/Orphanet_54	1.0
http://omim.org/entry/300519	http://www.orpha.net/ORDO/Orphanet_85321	1.0
http://omim.org/entry/300523	http://www.orpha.net/ORDO/Orphanet_59	1.0
http://omim.org/entry/300539	http://www.orpha.net/ORDO/Orphanet_93606	1.0
http://omim.org/entry/300559	http://www.orpha.net/ORDO/Orphanet_715	1.0
http://omim.org/entry/300650	http://www.orpha.net/ORDO/Orphanet_1000	1.0
http://omim.org/entry/300661	http://www.orpha.net/ORDO/Orphanet_3222	1.0
http://omim.org/entry/300696	http://www.orpha.net/ORDO/Orphanet_178461	1.0
http://omim.org/entry/300700	http://www.orpha.net/ORDO/Orphanet_998	1.0
http://omim.org/entry/300752	http://www.orpha.net/ORDO/Orphanet_443197	1.0
http://omim.org/entry/300755	http://www.orpha.net/ORDO/Orphanet_47	1.0
http://omim.org/entry/300778	http://www.orpha.net/ORDO/Orphanet_98955	1.0
http://omim.org/entry/300779	http://www.orpha.net/ORDO/Orphanet_293621	1.0
http://omim.org/entry/300813	http://www.orpha.net/ORDO/Orphanet_3273	1.0
http://omim.org/entry/300831	http://www.orpha.net/ORDO/Orphanet_251383	1.0
http://omim.org/entry/300843	http://www.orpha.net/ORDO/Orphanet_90001	1.0
http://omim.org/entry/300853	http://www.orpha.net/ORDO/Orphanet_317476	1.0
http://omim.org/entry/300855	http://www.orpha.net/ORDO/Orphanet_276432	1.0
http://omim.org/entry/300864	http://www.orpha.net/ORDO/Orphanet_163961	1.0
http://omim.org/entry/300869	http://www.orpha.net/ORDO/Orphanet_261483	0.90560842
http://omim.org/entry/300896	http://www.orpha.net/ORDO/Orphanet_356961	1.0
http://omim.org/entry/300934	http://www.orpha.net/ORDO/Orphanet_370927	1.0
http://omim.org/entry/300960	http://www.orpha.net/ORDO/Orphanet_401973	1.0
http://omim.org/entry/301000	http://www.orpha.net/ORDO/Orphanet_906	1.0
http://omim.org/entry/301026	http://www.orpha.net/ORDO/Orphanet_2662	1.0
http://omim.org/entry/301031	http://www.orpha.net/ORDO/Orphanet_371235	0.90608221
http://omim.org/entry/301054	http://www.orpha.net/ORDO/Orphanet_596753	1.0
http://omim.org/entry/301500	http://www.orpha.net/ORDO/Orphanet_324	1.0
http://omim.org/entry/301835	http://www.orpha.net/ORDO/Orphanet_1187	1.0
http://omim.org/entry/301845	http://www.orpha.net/ORDO/Orphanet_166113	1.0
http://omim.org/entry/301900	http://www.orpha.net/ORDO/Orphanet_127	1.0
http://omim.org/entry/301950	http://www.orpha.net/ORDO/Orphanet_1131	1.0
http://omim.org/entry/302000	http://www.orpha.net/ORDO/Orphanet_1867	1.0
http://omim.org/entry/302060	http://www.orpha.net/ORDO/Orphanet_111	1.0
http://omim.org/entry/302350	http://www.orpha.net/ORDO/Orphanet_627	1.0
http://omim.org/entry/302800	http://www.orpha.net/ORDO/Orphanet_64747	0.91397929
http://omim.org/entry/302905	http://www.orpha.net/ORDO/Orphanet_921	1.0
http://omim.org/entry/303100	http://www.orpha.net/ORDO/Orphanet_180	1.0
http://omim.org/entry/303350	http://www.orpha.net/ORDO/Orphanet_2466	1.0
http://omim.org/entry/303600	http://www.orpha.net/ORDO/Orphanet_192	1.0
http://omim.org/entry/303650	http://www.orpha.net/ORDO/Orphanet_1198	1.0
http://omim.org/entry/303700	http://www.orpha.net/ORDO/Orphanet_16	1.0
http://omim.org/entry/304050	http://www.orpha.net/ORDO/Orphanet_50	1.0
http://omim.org/entry/304110	http://www.orpha.net/ORDO/Orphanet_1520	1.0
http://omim.org/entry/304120	http://www.orpha.net/ORDO/Orphanet_90652	1.0
http://omim.org/entry/304150	http://www.orpha.net/ORDO/Orphanet_198	1.0
http://omim.org/entry/304350	http://www.orpha.net/ORDO/Orphanet_90646	1.0
http://omim.org/entry/304700	http://www.orpha.net/ORDO/Orphanet_52368	1.0
http://omim.org/entry/305400	http://www.orpha.net/ORDO/Orphanet_915	1.0
http://omim.org/entry/305550	http://www.orpha.net/ORDO/Orphanet_97232	1.0
http://omim.org/entry/305600	http://www.orpha.net/ORDO/Orphanet_2092	1.0
http://omim.org/entry/306700	http://www.orpha.net/ORDO/Orphanet_98878	1.0
http://omim.org/entry/306900	http://www.orpha.net/ORDO/Orphanet_98879	1.0
http://omim.org/entry/307030	http://www.orpha.net/ORDO/Orphanet_308993	1.0
http://omim.org/entry/308100	http://www.orpha.net/ORDO/Orphanet_461	1.0
http://omim.org/entry/308300	http://www.orpha.net/ORDO/Orphanet_464	1.0
http://omim.org/entry/308850	http://www.orpha.net/ORDO/Orphanet_2808	1.0
http://omim.org/entry/308990	http://www.orpha.net/ORDO/Orphanet_1652	1.0
http://omim.org/entry/309350	http://www.orpha.net/ORDO/Orphanet_2484	1.0
http://omim.org/entry/309400	http://www.orpha.net/ORDO/Orphanet_565	1.0
http://omim.org/entry/309510	http://www.orpha.net/ORDO/Orphanet_94083	1.0
http://omim.org/entry/309541	http://www.orpha.net/ORDO/Orphanet_369962	0.92432278
http://omim.org/entry/309900	http://www.orpha.net/ORDO/Orphanet_580	1.0
http://omim.org/entry/310300	http://www.orpha.net/ORDO/Orphanet_98863	0.93388999
http://omim.org/entry/310370	http://www.orpha.net/ORDO/Orphanet_98261	1.0
http://omim.org/entry/310400	http://www.orpha.net/ORDO/Orphanet_596	1.0
http://omim.org/entry/310440	http://www.orpha.net/ORDO/Orphanet_25980	1.0
http://omim.org/entry/310600	http://www.orpha.net/ORDO/Orphanet_649	1.0
http://omim.org/entry/311200	http://www.orpha.net/ORDO/Orphanet_140997	0.91368002
http://omim.org/entry/311300	http://www.orpha.net/ORDO/Orphanet_90650	1.0
http://omim.org/entry/311450	http://www.orpha.net/ORDO/Orphanet_2804	1.0
http://omim.org/entry/311510	http://www.orpha.net/ORDO/Orphanet_2379	1.0
http://omim.org/entry/311900	http://www.orpha.net/ORDO/Orphanet_2886	1.0
http://omim.org/entry/312080	http://www.orpha.net/ORDO/Orphanet_702	1.0
http://omim.org/entry/312170	http://www.orpha.net/ORDO/Orphanet_79243	1.0
http://omim.org/entry/312750	http://www.orpha.net/ORDO/Orphanet_778	1.0
http://omim.org/entry/312830	http://www.orpha.net/ORDO/Orphanet_3134	1.0
http://omim.org/entry/312870	http://www.orpha.net/ORDO/Orphanet_373	1.0
http://omim.org/entry/313420	http://www.orpha.net/ORDO/Orphanet_168544	1.0
http://omim.org/entry/314500	http://www.orpha.net/ORDO/Orphanet_3417	1.0
http://omim.org/entry/314580	http://www.orpha.net/ORDO/Orphanet_3454	1.0
http://omim.org/entry/314600	http://www.orpha.net/ORDO/Orphanet_3456	1.0
http://omim.org/entry/424500	http://www.orpha.net/ORDO/Orphanet_206484	1.0
http://omim.org/entry/500004	http://www.orpha.net/ORDO/Orphanet_886	1.0
http://omim.org/entry/500006	http://www.orpha.net/ORDO/Orphanet_217569	0.92530841
http://omim.org/entry/520000	http://www.orpha.net/ORDO/Orphanet_225	1.0
http://omim.org/entry/520100	http://www.orpha.net/ORDO/Orphanet_1670	1.0
http://omim.org/entry/530000	http://www.orpha.net/ORDO/Orphanet_480	1.0
http://omim.org/entry/535000	http://www.orpha.net/ORDO/Orphanet_104	1.0
http://omim.org/entry/540000	http://www.orpha.net/ORDO/Orphanet_550	1.0
http://omim.org/entry/551000	http://www.orpha.net/ORDO/Orphanet_254857	1.0
http://omim.org/entry/600072	http://www.orpha.net/ORDO/Orphanet_466	1.0
http://omim.org/entry/600117	http://www.orpha.net/ORDO/Orphanet_1799	1.0
http://omim.org/entry/600121	http://www.orpha.net/ORDO/Orphanet_309803	1.0
http://omim.org/entry/600195	http://www.orpha.net/ORDO/Orphanet_2451	0.91684306
http://omim.org/entry/600252	http://www.orpha.net/ORDO/Orphanet_2409	1.0
http://omim.org/entry/600268	http://www.orpha.net/ORDO/Orphanet_3339	1.0
http://omim.org/entry/600274	http://www.orpha.net/ORDO/Orphanet_282	1.0
http://omim.org/entry/600302	http://www.orpha.net/ORDO/Orphanet_2429	1.0
http://omim.org/entry/600331	http://www.orpha.net/ORDO/Orphanet_2825	1.0
http://omim.org/entry/600373	http://www.orpha.net/ORDO/Orphanet_1458	1.0
http://omim.org/entry/600383	http://www.orpha.net/ORDO/Orphanet_2496	1.0
http://omim.org/entry/600627	http://www.orpha.net/ORDO/Orphanet_2224	1.0
http://omim.org/entry/600705	http://www.orpha.net/ORDO/Orphanet_3130	1.0
http://omim.org/entry/600706	http://www.orpha.net/ORDO/Orphanet_521305	1.0
http://omim.org/entry/600740	http://www.orpha.net/ORDO/Orphanet_101050	1.0
http://omim.org/entry/600776	http://www.orpha.net/ORDO/Orphanet_1104	1.0
http://omim.org/entry/600790	http://www.orpha.net/ORDO/Orphanet_75373	1.0
http://omim.org/entry/600880	http://www.orpha.net/ORDO/Orphanet_131	1.0
http://omim.org/entry/600920	http://www.orpha.net/ORDO/Orphanet_2460	1.0
http://omim.org/entry/600972	http://www.orpha.net/ORDO/Orphanet_93298	1.0
http://omim.org/entry/601005	http://www.orpha.net/ORDO/Orphanet_65283	1.0
http://omim.org/entry/601095	http://www.orpha.net/ORDO/Orphanet_2115	1.0
http://omim.org/entry/601110	http://www.orpha.net/ORDO/Orphanet_79321	1.0
http://omim.org/entry/601160	http://www.orpha.net/ORDO/Orphanet_102011	0.91246301
http://omim.org/entry/601200	http://www.orpha.net/ORDO/Orphanet_64742	1.0
http://omim.org/entry/601224	http://www.orpha.net/ORDO/Orphanet_52022	1.0
http://omim.org/entry/601228	http://www.orpha.net/ORDO/Orphanet_157794	0.90393072
http://omim.org/entry/601238	http://www.orpha.net/ORDO/Orphanet_94122	1.0
http://omim.org/entry/601319	http://www.orpha.net/ORDO/Orphanet_1811	1.0
http://omim.org/entry/601321	http://www.orpha.net/ORDO/Orphanet_638	1.0
http://omim.org/entry/601338	http://www.orpha.net/ORDO/Orphanet_1171	0.90635836
http://omim.org/entry/601345	http://www.orpha.net/ORDO/Orphanet_69083	1.0
http://omim.org/entry/601358	http://www.orpha.net/ORDO/Orphanet_3051	1.0
http://omim.org/entry/601371	http://www.orpha.net/ORDO/Orphanet_98991	0.91694993
http://omim.org/entry/601375	http://www.orpha.net/ORDO/Orphanet_1808	1.0
http://omim.org/entry/601382	http://www.orpha.net/ORDO/Orphanet_99955	1.0
http://omim.org/entry/601399	http://www.orpha.net/ORDO/Orphanet_71290	1.0
http://omim.org/entry/601438	http://www.orpha.net/ORDO/Orphanet_2831	1.0
http://omim.org/entry/601449	http://www.orpha.net/ORDO/Orphanet_3235	1.0
http://omim.org/entry/601452	http://www.orpha.net/ORDO/Orphanet_398156	1.0
http://omim.org/entry/601455	http://www.orpha.net/ORDO/Orphanet_99950	1.0
http://omim.org/entry/601492	http://www.orpha.net/ORDO/Orphanet_67041	1.0
http://omim.org/entry/601536	http://www.orpha.net/ORDO/Orphanet_69739	1.0
http://omim.org/entry/601549	http://www.orpha.net/ORDO/Orphanet_98604	0.91412044
http://omim.org/entry/601553	http://www.orpha.net/ORDO/Orphanet_1573	0.90800571
http://omim.org/entry/601560	http://www.orpha.net/ORDO/Orphanet_166016	1.0
http://omim.org/entry/601596	http://www.orpha.net/ORDO/Orphanet_99949	1.0
http://omim.org/entry/601606	http://www.orpha.net/ORDO/Orphanet_867	0.94560903
http://omim.org/entry/601626	http://www.orpha.net/ORDO/Orphanet_519	1.0
http://omim.org/entry/601665	http://www.orpha.net/ORDO/Orphanet_77828	0.91883403
http://omim.org/entry/601706	http://www.orpha.net/ORDO/Orphanet_3214	1.0
http://omim.org/entry/601707	http://www.orpha.net/ORDO/Orphanet_1553	1.0
http://omim.org/entry/601709	http://www.orpha.net/ORDO/Orphanet_220436	1.0
http://omim.org/entry/601803	http://www.orpha.net/ORDO/Orphanet_884	1.0
http://omim.org/entry/601812	http://www.orpha.net/ORDO/Orphanet_363665	1.0
http://omim.org/entry/601829	http://www.orpha.net/ORDO/Orphanet_1787	1.0
http://omim.org/entry/601859	http://www.orpha.net/ORDO/Orphanet_3261	1.0
http://omim.org/entry/602089	http://www.orpha.net/ORDO/Orphanet_210589	0.91899252
http://omim.org/entry/602107	http://www.orpha.net/ORDO/Orphanet_84093	1.0
http://omim.org/entry/602111	http://www.orpha.net/ORDO/Orphanet_93356	1.0
http://omim.org/entry/602152	http://www.orpha.net/ORDO/Orphanet_140976	1.0
http://omim.org/entry/602248	http://www.orpha.net/ORDO/Orphanet_679	1.0
http://omim.org/entry/602271	http://www.orpha.net/ORDO/Orphanet_168549	1.0
http://omim.org/entry/602347	http://www.orpha.net/ORDO/Orphanet_79305	0.91128355
http://omim.org/entry/602361	http://www.orpha.net/ORDO/Orphanet_2763	1.0
http://omim.org/entry/602398	http://www.orpha.net/ORDO/Orphanet_35107	1.0
http://omim.org/entry/602440	http://www.orpha.net/ORDO/Orphanet_65684	1.0
http://omim.org/entry/602473	http://www.orpha.net/ORDO/Orphanet_51188	1.0
http://omim.org/entry/602501	http://www.orpha.net/ORDO/Orphanet_60040	1.0
http://omim.org/entry/602531	http://www.orpha.net/ORDO/Orphanet_79094	1.0
http://omim.org/entry/602535	http://www.orpha.net/ORDO/Orphanet_561	1.0
http://omim.org/entry/602557	http://www.orpha.net/ORDO/Orphanet_93352	1.0
http://omim.org/entry/602558	http://www.orpha.net/ORDO/Orphanet_1524	1.0
http://omim.org/entry/602579	http://www.orpha.net/ORDO/Orphanet_79319	1.0
http://omim.org/entry/602611	http://www.orpha.net/ORDO/Orphanet_163649	0.93001449
http://omim.org/entry/602849	http://www.orpha.net/ORDO/Orphanet_53271	1.0
http://omim.org/entry/603116	http://www.orpha.net/ORDO/Orphanet_85199	1.0
http://omim.org/entry/603147	http://www.orpha.net/ORDO/Orphanet_79320	1.0
http://omim.org/entry/603218	http://www.orpha.net/ORDO/Orphanet_157941	1.0
http://omim.org/entry/603233	http://www.orpha.net/ORDO/Orphanet_94089	1.0
http://omim.org/entry/603373	http://www.orpha.net/ORDO/Orphanet_99819	1.0
http://omim.org/entry/603438	http://www.orpha.net/ORDO/Orphanet_3268	0.90361106
http://omim.org/entry/603457	http://www.orpha.net/ORDO/Orphanet_2250	1.0
http://omim.org/entry/603471	http://www.orpha.net/ORDO/Orphanet_247585	1.0
http://omim.org/entry/603472	http://www.orpha.net/ORDO/Orphanet_2289	1.0
http://omim.org/entry/603511	http://www.orpha.net/ORDO/Orphanet_102014	0.93393832
http://omim.org/entry/603523	http://www.orpha.net/ORDO/Orphanet_264688	1.0
http://omim.org/entry/603543	http://www.orpha.net/ORDO/Orphanet_69085	1.0
http://omim.org/entry/603546	http://www.orpha.net/ORDO/Orphanet_93360	1.0
http://omim.org/entry/603554	http://www.orpha.net/ORDO/Orphanet_39041	1.0
http://omim.org/entry/603585	http://www.orpha.net/ORDO/Orphanet_238459	1.0
http://omim.org/entry/603642	http://www.orpha.net/ORDO/Orphanet_99103	0.9028464
http://omim.org/entry/603671	http://www.orpha.net/ORDO/Orphanet_1827	1.0
http://omim.org/entry/603737	http://www.orpha.net/ORDO/Orphanet_35807	1.0
http://omim.org/entry/603896	http://www.orpha.net/ORDO/Orphanet_135	1.0
http://omim.org/entry/603903	http://www.orpha.net/ORDO/Orphanet_232	1.0
http://omim.org/entry/604091	http://www.orpha.net/ORDO/Orphanet_31153	0.90055943
http://omim.org/entry/604093	http://www.orpha.net/ORDO/Orphanet_498	1.0
http://omim.org/entry/604131	http://www.orpha.net/ORDO/Orphanet_846	1.0
http://omim.org/entry/604168	http://www.orpha.net/ORDO/Orphanet_48431	0.94025159
http://omim.org/entry/604173	http://www.orpha.net/ORDO/Orphanet_221046	1.0
http://omim.org/entry/604213	http://www.orpha.net/ORDO/Orphanet_314597	1.0
http://omim.org/entry/604218	http://www.orpha.net/ORDO/Orphanet_85110	1.0
http://omim.org/entry/604250	http://www.orpha.net/ORDO/Orphanet_225123	1.0
http://omim.org/entry/604287	http://www.orpha.net/ORDO/Orphanet_139411	1.0
http://omim.org/entry/604290	http://www.orpha.net/ORDO/Orphanet_48818	1.0
http://omim.org/entry/604335	http://www.orpha.net/ORDO/Orphanet_99995	1.0
http://omim.org/entry/604367	http://www.orpha.net/ORDO/Orphanet_79083	1.0
http://omim.org/entry/604369	http://www.orpha.net/ORDO/Orphanet_309334	1.0
http://omim.org/entry/604431	http://www.orpha.net/ORDO/Orphanet_538096	1.0
http://omim.org/entry/604432	http://www.orpha.net/ORDO/Orphanet_98767	0.90417892
http://omim.org/entry/604484	http://www.orpha.net/ORDO/Orphanet_90117	1.0
http://omim.org/entry/604498	http://www.orpha.net/ORDO/Orphanet_3319	1.0
http://omim.org/entry/604536	http://www.orpha.net/ORDO/Orphanet_158668	1.0
http://omim.org/entry/604563	http://www.orpha.net/ORDO/Orphanet_99956	1.0
http://omim.org/entry/604571	http://www.orpha.net/ORDO/Orphanet_34592	1.0
http://omim.org/entry/604802	http://www.orpha.net/ORDO/Orphanet_157946	1.0
http://omim.org/entry/604809	http://www.orpha.net/ORDO/Orphanet_171700	1.0
http://omim.org/entry/604841	http://www.orpha.net/ORDO/Orphanet_90654	1.0
http://omim.org/entry/604856	http://www.orpha.net/ORDO/Orphanet_389	1.0
http://omim.org/entry/604919	http://www.orpha.net/ORDO/Orphanet_64755	1.0
http://omim.org/entry/605021	http://www.orpha.net/ORDO/Orphanet_352582	1.0
http://omim.org/entry/605039	http://www.orpha.net/ORDO/Orphanet_97297	1.0
http://omim.org/entry/605067	http://www.orpha.net/ORDO/Orphanet_1209	1.0
http://omim.org/entry/605130	http://www.orpha.net/ORDO/Orphanet_319182	1.0
http://omim.org/entry/605233	http://www.orpha.net/ORDO/Orphanet_275523	1.0
http://omim.org/entry/605258	http://www.orpha.net/ORDO/Orphanet_101089	0.92989093
http://omim.org/entry/605274	http://www.orpha.net/ORDO/Orphanet_85170	1.0
http://omim.org/entry/605280	http://www.orpha.net/ORDO/Orphanet_100994	0.92997891
http://omim.org/entry/605282	http://www.orpha.net/ORDO/Orphanet_363417	1.0
http://omim.org/entry/605285	http://www.orpha.net/ORDO/Orphanet_99953	1.0
http://omim.org/entry/605407	http://www.orpha.net/ORDO/Orphanet_101150	1.0
http://omim.org/entry/605479	http://www.orpha.net/ORDO/Orphanet_99961	0.97276568
http://omim.org/entry/605589	http://www.orpha.net/ORDO/Orphanet_64746	0.91381073
http://omim.org/entry/605627	http://www.orpha.net/ORDO/Orphanet_66625	1.0
http://omim.org/entry/605635	http://www.orpha.net/ORDO/Orphanet_404	1.0
http://omim.org/entry/605670	http://www.orpha.net/ORDO/Orphanet_67042	1.0
http://omim.org/entry/605808	http://www.orpha.net/ORDO/Orphanet_179	1.0
http://omim.org/entry/605820	http://www.orpha.net/ORDO/Orphanet_602	1.0
http://omim.org/entry/605850	http://www.orpha.net/ORDO/Orphanet_243343	1.0
http://omim.org/entry/605899	http://www.orpha.net/ORDO/Orphanet_407	1.0
http://omim.org/entry/605946	http://www.orpha.net/ORDO/Orphanet_85188	1.0
http://omim.org/entry/605967	http://www.orpha.net/ORDO/Orphanet_85203	1.0
http://omim.org/entry/606003	http://www.orpha.net/ORDO/Orphanet_101028	1.0
http://omim.org/entry/606054	http://www.orpha.net/ORDO/Orphanet_35	1.0
http://omim.org/entry/606056	http://www.orpha.net/ORDO/Orphanet_79330	1.0
http://omim.org/entry/606069	http://www.orpha.net/ORDO/Orphanet_139491	1.0
http://omim.org/entry/606170	http://www.orpha.net/ORDO/Orphanet_85201	1.0
http://omim.org/entry/606215	http://www.orpha.net/ORDO/Orphanet_98722	1.0
http://omim.org/entry/606232	http://www.orpha.net/ORDO/Orphanet_48652	1.0
http://omim.org/entry/606243	http://www.orpha.net/ORDO/Orphanet_163699	1.0
http://omim.org/entry/606353	http://www.orpha.net/ORDO/Orphanet_247604	1.0
http://omim.org/entry/606391	http://www.orpha.net/ORDO/Orphanet_552	1.0
http://omim.org/entry/606407	http://www.orpha.net/ORDO/Orphanet_163690	1.0
http://omim.org/entry/606438	http://www.orpha.net/ORDO/Orphanet_98934	1.0
http://omim.org/entry/606445	http://www.orpha.net/ORDO/Orphanet_300324	1.0
http://omim.org/entry/606482	http://www.orpha.net/ORDO/Orphanet_90114	0.90424281
http://omim.org/entry/606529	http://www.orpha.net/ORDO/Orphanet_139393	0.90366292
http://omim.org/entry/606552	http://www.orpha.net/ORDO/Orphanet_79136	1.0
http://omim.org/entry/606554	http://www.orpha.net/ORDO/Orphanet_79135	1.0
http://omim.org/entry/606574	http://www.orpha.net/ORDO/Orphanet_79435	1.0
http://omim.org/entry/606593	http://www.orpha.net/ORDO/Orphanet_99812	1.0
http://omim.org/entry/606664	http://www.orpha.net/ORDO/Orphanet_289891	1.0
http://omim.org/entry/606690	http://www.orpha.net/ORDO/Orphanet_538	1.0
http://omim.org/entry/606693	http://www.orpha.net/ORDO/Orphanet_306674	1.0
http://omim.org/entry/606719	http://www.orpha.net/ORDO/Orphanet_404560	1.0
http://omim.org/entry/606764	http://www.orpha.net/ORDO/Orphanet_44890	1.0
http://omim.org/entry/606768	http://www.orpha.net/ORDO/Orphanet_178400	1.0
http://omim.org/entry/606773	http://www.orpha.net/ORDO/Orphanet_141148	1.0
http://omim.org/entry/606785	http://www.orpha.net/ORDO/Orphanet_79235	1.0
http://omim.org/entry/606812	http://www.orpha.net/ORDO/Orphanet_24	1.0
http://omim.org/entry/606824	http://www.orpha.net/ORDO/Orphanet_35710	1.0
http://omim.org/entry/606835	http://www.orpha.net/ORDO/Orphanet_85169	1.0
http://omim.org/entry/606843	http://www.orpha.net/ORDO/Orphanet_101090	0.91316354
http://omim.org/entry/606854	http://www.orpha.net/ORDO/Orphanet_101070	1.0
http://omim.org/entry/606864	http://www.orpha.net/ORDO/Orphanet_97286	1.0
http://omim.org/entry/606952	http://www.orpha.net/ORDO/Orphanet_79434	1.0
http://omim.org/entry/607014	http://www.orpha.net/ORDO/Orphanet_93473	1.0
http://omim.org/entry/607015	http://www.orpha.net/ORDO/Orphanet_93476	1.0
http://omim.org/entry/607016	http://www.orpha.net/ORDO/Orphanet_93474	1.0
http://omim.org/entry/607091	http://www.orpha.net/ORDO/Orphanet_79332	1.0
http://omim.org/entry/607107	http://www.orpha.net/ORDO/Orphanet_150	1.0
http://omim.org/entry/607143	http://www.orpha.net/ORDO/Orphanet_79324	1.0
http://omim.org/entry/607208	http://www.orpha.net/ORDO/Orphanet_33069	1.0
http://omim.org/entry/607214	http://www.orpha.net/ORDO/Orphanet_94150	0.91080809
http://omim.org/entry/607323	http://www.orpha.net/ORDO/Orphanet_93293	1.0
http://omim.org/entry/607330	http://www.orpha.net/ORDO/Orphanet_46059	1.0
http://omim.org/entry/607364	http://www.orpha.net/ORDO/Orphanet_93605	1.0
http://omim.org/entry/607426	http://www.orpha.net/ORDO/Orphanet_35656	0.91498071
http://omim.org/entry/607432	http://www.orpha.net/ORDO/Orphanet_102009	0.95456773
http://omim.org/entry/607475	http://www.orpha.net/ORDO/Orphanet_85128	1.0
http://omim.org/entry/607616	http://www.orpha.net/ORDO/Orphanet_77293	1.0
http://omim.org/entry/607624	http://www.orpha.net/ORDO/Orphanet_79477	1.0
http://omim.org/entry/607656	http://www.orpha.net/ORDO/Orphanet_307766	1.0
http://omim.org/entry/607658	http://www.orpha.net/ORDO/Orphanet_307936	1.0
http://omim.org/entry/607685	http://www.orpha.net/ORDO/Orphanet_3260	1.0
http://omim.org/entry/607778	http://www.orpha.net/ORDO/Orphanet_63446	1.0
http://omim.org/entry/607785	http://www.orpha.net/ORDO/Orphanet_86834	1.0
http://omim.org/entry/607791	http://www.orpha.net/ORDO/Orphanet_90114	0.93126923
http://omim.org/entry/607812	http://www.orpha.net/ORDO/Orphanet_50814	1.0
http://omim.org/entry/607831	http://www.orpha.net/ORDO/Orphanet_99944	0.94745743
http://omim.org/entry/607859	http://www.orpha.net/ORDO/Orphanet_1063	1.0
http://omim.org/entry/607906	http://www.orpha.net/ORDO/Orphanet_79326	1.0
http://omim.org/entry/607907	http://www.orpha.net/ORDO/Orphanet_31112	1.0
http://omim.org/entry/608013	http://www.orpha.net/ORDO/Orphanet_85212	1.0
http://omim.org/entry/608022	http://www.orpha.net/ORDO/Orphanet_66637	1.0
http://omim.org/entry/608027	http://www.orpha.net/ORDO/Orphanet_97249	1.0
http://omim.org/entry/608068	http://www.orpha.net/ORDO/Orphanet_3243	1.0
http://omim.org/entry/608093	http://www.orpha.net/ORDO/Orphanet_86309	1.0
http://omim.org/entry/608104	http://www.orpha.net/ORDO/Orphanet_79325	1.0
http://omim.org/entry/608115	http://www.orpha.net/ORDO/Orphanet_64739	1.0
http://omim.org/entry/608149	http://www.orpha.net/ORDO/Orphanet_254519	1.0
http://omim.org/entry/608156	http://www.orpha.net/ORDO/Orphanet_178303	1.0
http://omim.org/entry/608184	http://www.orpha.net/ORDO/Orphanet_101091	0.96396387
http://omim.org/entry/608232	http://www.orpha.net/ORDO/Orphanet_521	1.0
http://omim.org/entry/608236	http://www.orpha.net/ORDO/Orphanet_140481	1.0
http://omim.org/entry/608266	http://www.orpha.net/ORDO/Orphanet_143	1.0
http://omim.org/entry/608290	http://www.orpha.net/ORDO/Orphanet_140936	1.0
http://omim.org/entry/608323	http://www.orpha.net/ORDO/Orphanet_90114	0.93015873
http://omim.org/entry/608340	http://www.orpha.net/ORDO/Orphanet_268337	0.94647777
http://omim.org/entry/608361	http://www.orpha.net/ORDO/Orphanet_93283	1.0
http://omim.org/entry/608390	http://www.orpha.net/ORDO/Orphanet_612	1.0
http://omim.org/entry/608415	http://www.orpha.net/ORDO/Orphanet_75374	1.0
http://omim.org/entry/608540	http://www.orpha.net/ORDO/Orphanet_79327	1.0
http://omim.org/entry/608572	http://www.orpha.net/ORDO/Orphanet_1200	1.0
http://omim.org/entry/608600	http://www.orpha.net/ORDO/Orphanet_79084	1.0
http://omim.org/entry/608612	http://www.orpha.net/ORDO/Orphanet_90154	1.0
http://omim.org/entry/608643	http://www.orpha.net/ORDO/Orphanet_35708	1.0
http://omim.org/entry/608649	http://www.orpha.net/ORDO/Orphanet_88621	1.0
http://omim.org/entry/608654	http://www.orpha.net/ORDO/Orphanet_64752	1.0
http://omim.org/entry/608710	http://www.orpha.net/ORDO/Orphanet_900	1.0
http://omim.org/entry/608776	http://www.orpha.net/ORDO/Orphanet_371235	0.9166947
http://omim.org/entry/608779	http://www.orpha.net/ORDO/Orphanet_79333	1.0
http://omim.org/entry/608782	http://www.orpha.net/ORDO/Orphanet_79246	1.0
http://omim.org/entry/608799	http://www.orpha.net/ORDO/Orphanet_79322	1.0
http://omim.org/entry/608800	http://www.orpha.net/ORDO/Orphanet_168593	0.95658547
http://omim.org/entry/608837	http://www.orpha.net/ORDO/Orphanet_319340	1.0
http://omim.org/entry/608957	http://www.orpha.net/ORDO/Orphanet_169085	1.0
http://omim.org/entry/608978	http://www.orpha.net/ORDO/Orphanet_3097	1.0
http://omim.org/entry/608980	http://www.orpha.net/ORDO/Orphanet_217266	1.0
http://omim.org/entry/609015	http://www.orpha.net/ORDO/Orphanet_746	1.0
http://omim.org/entry/609016	http://www.orpha.net/ORDO/Orphanet_5	1.0
http://omim.org/entry/609029	http://www.orpha.net/ORDO/Orphanet_96170	1.0
http://omim.org/entry/609052	http://www.orpha.net/ORDO/Orphanet_168555	1.0
http://omim.org/entry/609069	http://www.orpha.net/ORDO/Orphanet_65288	1.0
http://omim.org/entry/609128	http://www.orpha.net/ORDO/Orphanet_65720	1.0
http://omim.org/entry/609135	http://www.orpha.net/ORDO/Orphanet_182040	1.0
http://omim.org/entry/609152	http://www.orpha.net/ORDO/Orphanet_181399	0.92482245
http://omim.org/entry/609165	http://www.orpha.net/ORDO/Orphanet_281190	1.0
http://omim.org/entry/609166	http://www.orpha.net/ORDO/Orphanet_50815	1.0
http://omim.org/entry/609180	http://www.orpha.net/ORDO/Orphanet_79323	1.0
http://omim.org/entry/609227	http://www.orpha.net/ORDO/Orphanet_79478	1.0
http://omim.org/entry/609241	http://www.orpha.net/ORDO/Orphanet_79279	1.0
http://omim.org/entry/609284	http://www.orpha.net/ORDO/Orphanet_457074	0.93142939
http://omim.org/entry/609311	http://www.orpha.net/ORDO/Orphanet_99954	1.0
http://omim.org/entry/609322	http://www.orpha.net/ORDO/Orphanet_231108	0.91722655
http://omim.org/entry/609324	http://www.orpha.net/ORDO/Orphanet_166029	1.0
http://omim.org/entry/609325	http://www.orpha.net/ORDO/Orphanet_166032	1.0
http://omim.org/entry/609432	http://www.orpha.net/ORDO/Orphanet_157801	1.0
http://omim.org/entry/609460	http://www.orpha.net/ORDO/Orphanet_2462	1.0
http://omim.org/entry/609537	http://www.orpha.net/ORDO/Orphanet_268835	1.0
http://omim.org/entry/609628	http://www.orpha.net/ORDO/Orphanet_77297	1.0
http://omim.org/entry/610006	http://www.orpha.net/ORDO/Orphanet_79157	1.0
http://omim.org/entry/610048	http://www.orpha.net/ORDO/Orphanet_101068	1.0
http://omim.org/entry/610140	http://www.orpha.net/ORDO/Orphanet_168796	1.0
http://omim.org/entry/610198	http://www.orpha.net/ORDO/Orphanet_66634	1.0
http://omim.org/entry/610227	http://www.orpha.net/ORDO/Orphanet_168606	1.0
http://omim.org/entry/610247	http://www.orpha.net/ORDO/Orphanet_73247	0.91239655
http://omim.org/entry/610377	http://www.orpha.net/ORDO/Orphanet_29	1.0
http://omim.org/entry/610443	http://www.orpha.net/ORDO/Orphanet_96169	1.0
http://omim.org/entry/610455	http://www.orpha.net/ORDO/Orphanet_306658	1.0
http://omim.org/entry/610536	http://www.orpha.net/ORDO/Orphanet_79113	1.0
http://omim.org/entry/610539	http://www.orpha.net/ORDO/Orphanet_309252	1.0
http://omim.org/entry/610755	http://www.orpha.net/ORDO/Orphanet_276152	1.0
http://omim.org/entry/610768	http://www.orpha.net/ORDO/Orphanet_91131	1.0
http://omim.org/entry/610954	http://www.orpha.net/ORDO/Orphanet_2896	1.0
http://omim.org/entry/610967	http://www.orpha.net/ORDO/Orphanet_216828	1.0
http://omim.org/entry/611102	http://www.orpha.net/ORDO/Orphanet_94064	1.0
http://omim.org/entry/611182	http://www.orpha.net/ORDO/Orphanet_95428	1.0
http://omim.org/entry/611209	http://www.orpha.net/ORDO/Orphanet_263508	1.0
http://omim.org/entry/611228	http://www.orpha.net/ORDO/Orphanet_139515	1.0
http://omim.org/entry/611283	http://www.orpha.net/ORDO/Orphanet_79159	1.0
http://omim.org/entry/611377	http://www.orpha.net/ORDO/Orphanet_140908	1.0
http://omim.org/entry/611431	http://www.orpha.net/ORDO/Orphanet_137605	1.0
http://omim.org/entry/611489	http://www.orpha.net/ORDO/Orphanet_199247	1.0
http://omim.org/entry/611523	http://www.orpha.net/ORDO/Orphanet_166073	1.0
http://omim.org/entry/611556	http://www.orpha.net/ORDO/Orphanet_79201	0.9004913
http://omim.org/entry/611603	http://www.orpha.net/ORDO/Orphanet_102011	0.94831175
http://omim.org/entry/611705	http://www.orpha.net/ORDO/Orphanet_289377	1.0
http://omim.org/entry/611771	http://www.orpha.net/ORDO/Orphanet_329481	1.0
http://omim.org/entry/611775	http://www.orpha.net/ORDO/Orphanet_2331	1.0
http://omim.org/entry/611809	http://www.orpha.net/ORDO/Orphanet_139455	1.0
http://omim.org/entry/611816	http://www.orpha.net/ORDO/Orphanet_420561	1.0
http://omim.org/entry/611907	http://www.orpha.net/ORDO/Orphanet_209970	1.0
http://omim.org/entry/611929	http://www.orpha.net/ORDO/Orphanet_488434	1.0
http://omim.org/entry/611943	http://www.orpha.net/ORDO/Orphanet_420741	1.0
http://omim.org/entry/612015	http://www.orpha.net/ORDO/Orphanet_244310	1.0
http://omim.org/entry/612067	http://www.orpha.net/ORDO/Orphanet_210571	1.0
http://omim.org/entry/612099	http://www.orpha.net/ORDO/Orphanet_867	0.91119045
http://omim.org/entry/612119	http://www.orpha.net/ORDO/Orphanet_103909	1.0
http://omim.org/entry/612160	http://www.orpha.net/ORDO/Orphanet_569164	1.0
http://omim.org/entry/612237	http://www.orpha.net/ORDO/Orphanet_209916	1.0
http://omim.org/entry/612376	http://www.orpha.net/ORDO/Orphanet_520	1.0
http://omim.org/entry/612379	http://www.orpha.net/ORDO/Orphanet_324737	1.0
http://omim.org/entry/612462	http://www.orpha.net/ORDO/Orphanet_79444	1.0
http://omim.org/entry/612463	http://www.orpha.net/ORDO/Orphanet_79445	1.0
http://omim.org/entry/612529	http://www.orpha.net/ORDO/Orphanet_100033	0.90630341
http://omim.org/entry/612631	http://www.orpha.net/ORDO/Orphanet_86817	1.0
http://omim.org/entry/612656	http://www.orpha.net/ORDO/Orphanet_209967	1.0
http://omim.org/entry/612714	http://www.orpha.net/ORDO/Orphanet_199337	0.92839861
http://omim.org/entry/612716	http://www.orpha.net/ORDO/Orphanet_70594	1.0
http://omim.org/entry/612740	http://www.orpha.net/ORDO/Orphanet_95157	1.0
http://omim.org/entry/612813	http://www.orpha.net/ORDO/Orphanet_171866	1.0
http://omim.org/entry/612852	http://www.orpha.net/ORDO/Orphanet_210115	1.0
http://omim.org/entry/612867	http://www.orpha.net/ORDO/Orphanet_98959	1.0
http://omim.org/entry/612868	http://www.orpha.net/ORDO/Orphanet_98971	1.0
http://omim.org/entry/612916	http://www.orpha.net/ORDO/Orphanet_217017	1.0
http://omim.org/entry/612940	http://www.orpha.net/ORDO/Orphanet_357064	1.0
http://omim.org/entry/612946	http://www.orpha.net/ORDO/Orphanet_217026	1.0
http://omim.org/entry/612951	http://www.orpha.net/ORDO/Orphanet_85136	1.0
http://omim.org/entry/613001	http://www.orpha.net/ORDO/Orphanet_2396	1.0
http://omim.org/entry/613065	http://www.orpha.net/ORDO/Orphanet_513	1.0
http://omim.org/entry/613075	http://www.orpha.net/ORDO/Orphanet_217335	1.0
http://omim.org/entry/613078	http://www.orpha.net/ORDO/Orphanet_240760	1.0
http://omim.org/entry/613161	http://www.orpha.net/ORDO/Orphanet_65287	1.0
http://omim.org/entry/613163	http://www.orpha.net/ORDO/Orphanet_2066	1.0
http://omim.org/entry/613177	http://www.orpha.net/ORDO/Orphanet_221145	1.0
http://omim.org/entry/613179	http://www.orpha.net/ORDO/Orphanet_760	1.0
http://omim.org/entry/613205	http://www.orpha.net/ORDO/Orphanet_157973	1.0
http://omim.org/entry/613328	http://www.orpha.net/ORDO/Orphanet_221139	1.0
http://omim.org/entry/613330	http://www.orpha.net/ORDO/Orphanet_228387	1.0
http://omim.org/entry/613342	http://www.orpha.net/ORDO/Orphanet_2619	1.0
http://omim.org/entry/613371	http://www.orpha.net/ORDO/Orphanet_211017	0.90414619
http://omim.org/entry/613398	http://www.orpha.net/ORDO/Orphanet_280558	1.0
http://omim.org/entry/613406	http://www.orpha.net/ORDO/Orphanet_500163	1.0
http://omim.org/entry/613412	http://www.orpha.net/ORDO/Orphanet_73247	0.91012812
http://omim.org/entry/613470	http://www.orpha.net/ORDO/Orphanet_712	0.91135281
http://omim.org/entry/613471	http://www.orpha.net/ORDO/Orphanet_779	1.0
http://omim.org/entry/613489	http://www.orpha.net/ORDO/Orphanet_263501	1.0
http://omim.org/entry/613490	http://www.orpha.net/ORDO/Orphanet_60	1.0
http://omim.org/entry/613546	http://www.orpha.net/ORDO/Orphanet_91	1.0
http://omim.org/entry/613554	http://www.orpha.net/ORDO/Orphanet_166081	1.0
http://omim.org/entry/613573	http://www.orpha.net/ORDO/Orphanet_247827	0.92151499
http://omim.org/entry/613576	http://www.orpha.net/ORDO/Orphanet_247827	0.94261032
http://omim.org/entry/613587	http://www.orpha.net/ORDO/Orphanet_247834	1.0
http://omim.org/entry/613612	http://www.orpha.net/ORDO/Orphanet_263487	1.0
http://omim.org/entry/613616	http://www.orpha.net/ORDO/Orphanet_93600	1.0
http://omim.org/entry/613630	http://www.orpha.net/ORDO/Orphanet_465824	1.0
http://omim.org/entry/613661	http://www.orpha.net/ORDO/Orphanet_280071	1.0
http://omim.org/entry/613673	http://www.orpha.net/ORDO/Orphanet_293825	1.0
http://omim.org/entry/613677	http://www.orpha.net/ORDO/Orphanet_251274	1.0
http://omim.org/entry/613678	http://www.orpha.net/ORDO/Orphanet_93302	1.0
http://omim.org/entry/613680	http://www.orpha.net/ORDO/Orphanet_363444	1.0
http://omim.org/entry/613689	http://www.orpha.net/ORDO/Orphanet_238744	1.0
http://omim.org/entry/613697	http://www.orpha.net/ORDO/Orphanet_217607	0.9023959
http://omim.org/entry/613806	http://www.orpha.net/ORDO/Orphanet_171	1.0
http://omim.org/entry/613834	http://www.orpha.net/ORDO/Orphanet_404463	1.0
http://omim.org/entry/613855	http://www.orpha.net/ORDO/Orphanet_211067	1.0
http://omim.org/entry/613978	http://www.orpha.net/ORDO/Orphanet_93616	1.0
http://omim.org/entry/613985	http://www.orpha.net/ORDO/Orphanet_848	1.0
http://omim.org/entry/614008	http://www.orpha.net/ORDO/Orphanet_280576	1.0
http://omim.org/entry/614034	http://www.orpha.net/ORDO/Orphanet_562509	1.0
http://omim.org/entry/614037	http://www.orpha.net/ORDO/Orphanet_79507	1.0
http://omim.org/entry/614076	http://www.orpha.net/ORDO/Orphanet_231531	0.99331999
http://omim.org/entry/614077	http://www.orpha.net/ORDO/Orphanet_231537	0.99439776
http://omim.org/entry/614078	http://www.orpha.net/ORDO/Orphanet_280586	1.0
http://omim.org/entry/614096	http://www.orpha.net/ORDO/Orphanet_319504	0.90491831
http://omim.org/entry/614097	http://www.orpha.net/ORDO/Orphanet_926	1.0
http://omim.org/entry/614098	http://www.orpha.net/ORDO/Orphanet_435628	1.0
http://omim.org/entry/614111	http://www.orpha.net/ORDO/Orphanet_255138	1.0
http://omim.org/entry/614128	http://www.orpha.net/ORDO/Orphanet_284435	1.0
http://omim.org/entry/614156	http://www.orpha.net/ORDO/Orphanet_276405	1.0
http://omim.org/entry/614171	http://www.orpha.net/ORDO/Orphanet_280663	0.99317926
http://omim.org/entry/614261	http://www.orpha.net/ORDO/Orphanet_294016	1.0
http://omim.org/entry/614265	http://www.orpha.net/ORDO/Orphanet_289504	1.0
http://omim.org/entry/614286	http://www.orpha.net/ORDO/Orphanet_52688	1.0
http://omim.org/entry/614290	http://www.orpha.net/ORDO/Orphanet_3307	1.0
http://omim.org/entry/614303	http://www.orpha.net/ORDO/Orphanet_293936	1.0
http://omim.org/entry/614321	http://www.orpha.net/ORDO/Orphanet_488650	1.0
http://omim.org/entry/614323	http://www.orpha.net/ORDO/Orphanet_79150	1.0
http://omim.org/entry/614455	http://www.orpha.net/ORDO/Orphanet_90114	0.92491305
http://omim.org/entry/614491	http://www.orpha.net/ORDO/Orphanet_88939	1.0
http://omim.org/entry/614492	http://www.orpha.net/ORDO/Orphanet_88940	1.0
http://omim.org/entry/614495	http://www.orpha.net/ORDO/Orphanet_300525	1.0
http://omim.org/entry/614496	http://www.orpha.net/ORDO/Orphanet_300530	1.0
http://omim.org/entry/614507	http://www.orpha.net/ORDO/Orphanet_300536	1.0
http://omim.org/entry/614559	http://www.orpha.net/ORDO/Orphanet_313850	1.0
http://omim.org/entry/614576	http://www.orpha.net/ORDO/Orphanet_464443	1.0
http://omim.org/entry/614651	http://www.orpha.net/ORDO/Orphanet_35656	0.91973013
http://omim.org/entry/614653	http://www.orpha.net/ORDO/Orphanet_314381	1.0
http://omim.org/entry/614654	http://www.orpha.net/ORDO/Orphanet_35656	0.91286498
http://omim.org/entry/614674	http://www.orpha.net/ORDO/Orphanet_498251	1.0
http://omim.org/entry/614688	http://www.orpha.net/ORDO/Orphanet_269229	1.0
http://omim.org/entry/614723	http://www.orpha.net/ORDO/Orphanet_976	1.0
http://omim.org/entry/614727	http://www.orpha.net/ORDO/Orphanet_314667	1.0
http://omim.org/entry/614741	http://www.orpha.net/ORDO/Orphanet_447784	1.0
http://omim.org/entry/614817	http://www.orpha.net/ORDO/Orphanet_401996	1.0
http://omim.org/entry/614846	http://www.orpha.net/ORDO/Orphanet_314588	1.0
http://omim.org/entry/614857	http://www.orpha.net/ORDO/Orphanet_369955	0.9262135
http://omim.org/entry/614860	http://www.orpha.net/ORDO/Orphanet_420492	1.0
http://omim.org/entry/614875	http://www.orpha.net/ORDO/Orphanet_99646	0.90131468
http://omim.org/entry/614896	http://www.orpha.net/ORDO/Orphanet_324321	1.0
http://omim.org/entry/614921	http://www.orpha.net/ORDO/Orphanet_319646	1.0
http://omim.org/entry/614961	http://www.orpha.net/ORDO/Orphanet_324569	1.0
http://omim.org/entry/614969	http://www.orpha.net/ORDO/Orphanet_284339	1.0
http://omim.org/entry/614973	http://www.orpha.net/ORDO/Orphanet_398173	1.0
http://omim.org/entry/614974	http://www.orpha.net/ORDO/Orphanet_398189	1.0
http://omim.org/entry/615034	http://www.orpha.net/ORDO/Orphanet_420485	1.0
http://omim.org/entry/615042	http://www.orpha.net/ORDO/Orphanet_329178	1.0
http://omim.org/entry/615048	http://www.orpha.net/ORDO/Orphanet_276435	1.0
http://omim.org/entry/615065	http://www.orpha.net/ORDO/Orphanet_329457	1.0
http://omim.org/entry/615071	http://www.orpha.net/ORDO/Orphanet_319671	1.0
http://omim.org/entry/615073	http://www.orpha.net/ORDO/Orphanet_329466	1.0
http://omim.org/entry/615179	http://www.orpha.net/ORDO/Orphanet_352745	1.0
http://omim.org/entry/615185	http://www.orpha.net/ORDO/Orphanet_90114	0.90418297
http://omim.org/entry/615198	http://www.orpha.net/ORDO/Orphanet_500548	1.0
http://omim.org/entry/615237	http://www.orpha.net/ORDO/Orphanet_2301	1.0
http://omim.org/entry/615284	http://www.orpha.net/ORDO/Orphanet_363981	1.0
http://omim.org/entry/615312	http://www.orpha.net/ORDO/Orphanet_370091	1.0
http://omim.org/entry/615328	http://www.orpha.net/ORDO/Orphanet_363523	1.0
http://omim.org/entry/615376	http://www.orpha.net/ORDO/Orphanet_268337	0.90259868
http://omim.org/entry/615465	http://www.orpha.net/ORDO/Orphanet_2117	1.0
http://omim.org/entry/615486	http://www.orpha.net/ORDO/Orphanet_440427	1.0
http://omim.org/entry/615522	http://www.orpha.net/ORDO/Orphanet_324561	1.0
http://omim.org/entry/615537	http://www.orpha.net/ORDO/Orphanet_178307	1.0
http://omim.org/entry/615547	http://www.orpha.net/ORDO/Orphanet_398069	1.0
http://omim.org/entry/615548	http://www.orpha.net/ORDO/Orphanet_391397	1.0
http://omim.org/entry/615583	http://www.orpha.net/ORDO/Orphanet_508488	1.0
http://omim.org/entry/615597	http://www.orpha.net/ORDO/Orphanet_370924	1.0
http://omim.org/entry/615598	http://www.orpha.net/ORDO/Orphanet_140966	1.0
http://omim.org/entry/615604	http://www.orpha.net/ORDO/Orphanet_440731	1.0
http://omim.org/entry/615722	http://www.orpha.net/ORDO/Orphanet_401777	1.0
http://omim.org/entry/615803	http://www.orpha.net/ORDO/Orphanet_411493	1.0
http://omim.org/entry/615809	http://www.orpha.net/ORDO/Orphanet_369920	1.0
http://omim.org/entry/615873	http://www.orpha.net/ORDO/Orphanet_404448	1.0
http://omim.org/entry/615878	http://www.orpha.net/ORDO/Orphanet_480483	0.94338036
http://omim.org/entry/615879	http://www.orpha.net/ORDO/Orphanet_404443	1.0
http://omim.org/entry/615970	http://www.orpha.net/ORDO/Orphanet_168615	1.0
http://omim.org/entry/616029	http://www.orpha.net/ORDO/Orphanet_423454	1.0
http://omim.org/entry/616034	http://www.orpha.net/ORDO/Orphanet_431361	1.0
http://omim.org/entry/616055	http://www.orpha.net/ORDO/Orphanet_401953	1.0
http://omim.org/entry/616113	http://www.orpha.net/ORDO/Orphanet_453533	1.0
http://omim.org/entry/616115	http://www.orpha.net/ORDO/Orphanet_576349	1.0
http://omim.org/entry/616145	http://www.orpha.net/ORDO/Orphanet_1388	1.0
http://omim.org/entry/616154	http://www.orpha.net/ORDO/Orphanet_438178	1.0
http://omim.org/entry/616155	http://www.orpha.net/ORDO/Orphanet_64746	0.90574706
http://omim.org/entry/616200	http://www.orpha.net/ORDO/Orphanet_435953	1.0
http://omim.org/entry/616202	http://www.orpha.net/ORDO/Orphanet_444072	1.0
http://omim.org/entry/616221	http://www.orpha.net/ORDO/Orphanet_100031	0.9094131
http://omim.org/entry/616222	http://www.orpha.net/ORDO/Orphanet_254516	1.0
http://omim.org/entry/616271	http://www.orpha.net/ORDO/Orphanet_445038	1.0
http://omim.org/entry/616276	http://www.orpha.net/ORDO/Orphanet_35656	0.90033323
http://omim.org/entry/616364	http://www.orpha.net/ORDO/Orphanet_468678	1.0
http://omim.org/entry/616367	http://www.orpha.net/ORDO/Orphanet_443995	1.0
http://omim.org/entry/616368	http://www.orpha.net/ORDO/Orphanet_444077	1.0
http://omim.org/entry/616421	http://www.orpha.net/ORDO/Orphanet_1942	1.0
http://omim.org/entry/616449	http://www.orpha.net/ORDO/Orphanet_464738	1.0
http://omim.org/entry/616488	http://www.orpha.net/ORDO/Orphanet_478664	1.0
http://omim.org/entry/616516	http://www.orpha.net/ORDO/Orphanet_98855	0.98023945
http://omim.org/entry/616580	http://www.orpha.net/ORDO/Orphanet_453499	1.0
http://omim.org/entry/616583	http://www.orpha.net/ORDO/Orphanet_459051	1.0
http://omim.org/entry/616592	http://www.orpha.net/ORDO/Orphanet_477831	1.0
http://omim.org/entry/616606	http://www.orpha.net/ORDO/Orphanet_1440	1.0
http://omim.org/entry/616638	http://www.orpha.net/ORDO/Orphanet_457485	1.0
http://omim.org/entry/616651	http://www.orpha.net/ORDO/Orphanet_353298	1.0
http://omim.org/entry/616684	http://www.orpha.net/ORDO/Orphanet_391351	1.0
http://omim.org/entry/616716	http://www.orpha.net/ORDO/Orphanet_468717	1.0
http://omim.org/entry/616721	http://www.orpha.net/ORDO/Orphanet_468699	1.0
http://omim.org/entry/616737	http://www.orpha.net/ORDO/Orphanet_487796	1.0
http://omim.org/entry/616803	http://www.orpha.net/ORDO/Orphanet_530983	1.0
http://omim.org/entry/616828	http://www.orpha.net/ORDO/Orphanet_468684	1.0
http://omim.org/entry/616829	http://www.orpha.net/ORDO/Orphanet_466703	1.0
http://omim.org/entry/616854	http://www.orpha.net/ORDO/Orphanet_496751	1.0
http://omim.org/entry/616859	http://www.orpha.net/ORDO/Orphanet_401866	1.0
http://omim.org/entry/616897	http://www.orpha.net/ORDO/Orphanet_457378	1.0
http://omim.org/entry/616898	http://www.orpha.net/ORDO/Orphanet_261190	0.90423656
http://omim.org/entry/616954	http://www.orpha.net/ORDO/Orphanet_488642	1.0
http://omim.org/entry/617049	http://www.orpha.net/ORDO/Orphanet_480476	0.94470185
http://omim.org/entry/617066	http://www.orpha.net/ORDO/Orphanet_486815	1.0
http://omim.org/entry/617087	http://www.orpha.net/ORDO/Orphanet_64746	0.91793978
http://omim.org/entry/617107	http://www.orpha.net/ORDO/Orphanet_500095	1.0
http://omim.org/entry/617140	http://www.orpha.net/ORDO/Orphanet_500150	1.0
http://omim.org/entry/617158	http://www.orpha.net/ORDO/Orphanet_602	1.0
http://omim.org/entry/617248	http://www.orpha.net/ORDO/Orphanet_505208	1.0
http://omim.org/entry/617284	http://www.orpha.net/ORDO/Orphanet_589618	0.92734206
http://omim.org/entry/617303	http://www.orpha.net/ORDO/Orphanet_79213	0.90671533
http://omim.org/entry/617347	http://www.orpha.net/ORDO/Orphanet_412	1.0
http://omim.org/entry/617402	http://www.orpha.net/ORDO/Orphanet_357074	0.92119461
http://omim.org/entry/617403	http://www.orpha.net/ORDO/Orphanet_357074	0.91544741
http://omim.org/entry/617507	http://www.orpha.net/ORDO/Orphanet_99807	1.0
http://omim.org/entry/617557	http://www.orpha.net/ORDO/Orphanet_506358	1.0
http://omim.org/entry/617616	http://www.orpha.net/ORDO/Orphanet_513456	1.0
http://omim.org/entry/617682	http://www.orpha.net/ORDO/Orphanet_529965	1.0
http://omim.org/entry/617698	http://www.orpha.net/ORDO/Orphanet_505216	1.0
http://omim.org/entry/617769	http://www.orpha.net/ORDO/Orphanet_589527	0.99636424
http://omim.org/entry/617770	http://www.orpha.net/ORDO/Orphanet_589522	0.99742198
http://omim.org/entry/617936	http://www.orpha.net/ORDO/Orphanet_132	1.0
http://omim.org/entry/617991	http://www.orpha.net/ORDO/Orphanet_589905	1.0
http://omim.org/entry/618036	http://www.orpha.net/ORDO/Orphanet_64746	0.90382129
http://omim.org/entry/618148	http://www.orpha.net/ORDO/Orphanet_562538	0.90183902
http://omim.org/entry/618386	http://www.orpha.net/ORDO/Orphanet_100032	0.90012944
http://omim.org/entry/618397	http://www.orpha.net/ORDO/Orphanet_565624	0.92890948
http://omim.org/entry/618398	http://www.orpha.net/ORDO/Orphanet_86884	1.0
http://omim.org/entry/618463	http://www.orpha.net/ORDO/Orphanet_31153	0.9190703
http://omim.org/entry/618612	http://www.orpha.net/ORDO/Orphanet_435365	0.93883491
http://omim.org/entry/618618	http://www.orpha.net/ORDO/Orphanet_163649	1.0
http://omim.org/entry/618625	http://www.orpha.net/ORDO/Orphanet_221008	1.0
http://omim.org/entry/618660	http://www.orpha.net/ORDO/Orphanet_90030	1.0
http://omim.org/entry/619028	http://www.orpha.net/ORDO/Orphanet_35656	0.92786115
http://omim.org/entry/619075	http://www.orpha.net/ORDO/Orphanet_544488	1.0
http://omim.org/entry/619165	http://www.orpha.net/ORDO/Orphanet_597733	1.0
http://omim.org/entry/619182	http://www.orpha.net/ORDO/Orphanet_314022	1.0
http://omim.org/entry/619451	http://www.orpha.net/ORDO/Orphanet_357074	0.90743828
http://omim.org/entry/619574	http://www.orpha.net/ORDO/Orphanet_64746	0.90784597
http://www.omim.org/phenotypicSeries/PS100070	http://www.orpha.net/ORDO/Orphanet_86	1.0
http://www.omim.org/phenotypicSeries/PS100300	http://www.orpha.net/ORDO/Orphanet_974	1.0
http://www.omim.org/phenotypicSeries/PS101800	http://www.orpha.net/ORDO/Orphanet_950	1.0
http://www.omim.org/phenotypicSeries/PS102200	http://www.orpha.net/ORDO/Orphanet_99408	1.0
http://www.omim.org/phenotypicSeries/PS103900	http://www.orpha.net/ORDO/Orphanet_371861	0.94073749
http://www.omim.org/phenotypicSeries/PS104290	http://www.orpha.net/ORDO/Orphanet_2131	1.0
http://www.omim.org/phenotypicSeries/PS104500	http://www.orpha.net/ORDO/Orphanet_88661	1.0
http://www.omim.org/phenotypicSeries/PS105250	http://www.orpha.net/ORDO/Orphanet_137807	1.0
http://www.omim.org/phenotypicSeries/PS105400	http://www.orpha.net/ORDO/Orphanet_803	1.0
http://www.omim.org/phenotypicSeries/PS105650	http://www.orpha.net/ORDO/Orphanet_124	1.0
http://www.omim.org/phenotypicSeries/PS106100	http://www.orpha.net/ORDO/Orphanet_91378	1.0
http://www.omim.org/phenotypicSeries/PS106600	http://www.orpha.net/ORDO/Orphanet_99798	1.0
http://www.omim.org/phenotypicSeries/PS107250	http://www.orpha.net/ORDO/Orphanet_88632	1.0
http://www.omim.org/phenotypicSeries/PS107480	http://www.orpha.net/ORDO/Orphanet_857	1.0
http://www.omim.org/phenotypicSeries/PS107970	http://www.orpha.net/ORDO/Orphanet_247	1.0
http://www.omim.org/phenotypicSeries/PS108120	http://www.orpha.net/ORDO/Orphanet_97120	1.0
http://www.omim.org/phenotypicSeries/PS108300	http://www.orpha.net/ORDO/Orphanet_828	1.0
http://www.omim.org/phenotypicSeries/PS108600	http://www.orpha.net/ORDO/Orphanet_316226	1.0
http://www.omim.org/phenotypicSeries/PS108800	http://www.orpha.net/ORDO/Orphanet_1478	1.0
http://www.omim.org/phenotypicSeries/PS109720	http://www.orpha.net/ORDO/Orphanet_186	1.0
http://www.omim.org/phenotypicSeries/PS112240	http://www.orpha.net/ORDO/Orphanet_2050	1.0
http://www.omim.org/phenotypicSeries/PS113900	http://www.orpha.net/ORDO/Orphanet_871	1.0
http://www.omim.org/phenotypicSeries/PS115150	http://www.orpha.net/ORDO/Orphanet_1340	1.0
http://www.omim.org/phenotypicSeries/PS115200	http://www.orpha.net/ORDO/Orphanet_217604	1.0
http://www.omim.org/phenotypicSeries/PS115210	http://www.orpha.net/ORDO/Orphanet_217635	1.0
http://www.omim.org/phenotypicSeries/PS118220	http://www.orpha.net/ORDO/Orphanet_166	0.90942335
http://www.omim.org/phenotypicSeries/PS118450	http://www.orpha.net/ORDO/Orphanet_52	1.0
http://www.omim.org/phenotypicSeries/PS119530	http://www.orpha.net/ORDO/Orphanet_139039	0.90497869
http://www.omim.org/phenotypicSeries/PS119580	http://www.orpha.net/ORDO/Orphanet_1997	1.0
http://www.omim.org/phenotypicSeries/PS120100	http://www.orpha.net/ORDO/Orphanet_47045	1.0
http://www.omim.org/phenotypicSeries/PS120435	http://www.orpha.net/ORDO/Orphanet_443909	1.0
http://www.omim.org/phenotypicSeries/PS121200	http://www.orpha.net/ORDO/Orphanet_1949	1.0
http://www.omim.org/phenotypicSeries/PS122000	http://www.orpha.net/ORDO/Orphanet_98973	1.0
http://www.omim.org/phenotypicSeries/PS122100	http://www.orpha.net/ORDO/Orphanet_98954	1.0
http://www.omim.org/phenotypicSeries/PS122470	http://www.orpha.net/ORDO/Orphanet_199	1.0
http://www.omim.org/phenotypicSeries/PS123000	http://www.orpha.net/ORDO/Orphanet_1522	1.0
http://www.omim.org/phenotypicSeries/PS123100	http://www.orpha.net/ORDO/Orphanet_1531	1.0
http://www.omim.org/phenotypicSeries/PS123700	http://www.orpha.net/ORDO/Orphanet_209	1.0
http://www.omim.org/phenotypicSeries/PS126800	http://www.orpha.net/ORDO/Orphanet_233	1.0
http://www.omim.org/phenotypicSeries/PS127000	http://www.orpha.net/ORDO/Orphanet_2333	1.0
http://www.omim.org/phenotypicSeries/PS127500	http://www.orpha.net/ORDO/Orphanet_241	1.0
http://www.omim.org/phenotypicSeries/PS127550	http://www.orpha.net/ORDO/Orphanet_1775	1.0
http://www.omim.org/phenotypicSeries/PS128100	http://www.orpha.net/ORDO/Orphanet_200037	0.90297741
http://www.omim.org/phenotypicSeries/PS130000	http://www.orpha.net/ORDO/Orphanet_98249	1.0
http://www.omim.org/phenotypicSeries/PS131100	http://www.orpha.net/ORDO/Orphanet_276161	1.0
http://www.omim.org/phenotypicSeries/PS131760	http://www.orpha.net/ORDO/Orphanet_304	1.0
http://www.omim.org/phenotypicSeries/PS132400	http://www.orpha.net/ORDO/Orphanet_251	1.0
http://www.omim.org/phenotypicSeries/PS133100	http://www.orpha.net/ORDO/Orphanet_90042	1.0
http://www.omim.org/phenotypicSeries/PS135500	http://www.orpha.net/ORDO/Orphanet_3473	1.0
http://www.omim.org/phenotypicSeries/PS135700	http://www.orpha.net/ORDO/Orphanet_45358	1.0
http://www.omim.org/phenotypicSeries/PS135900	http://www.orpha.net/ORDO/Orphanet_1465	1.0
http://www.omim.org/phenotypicSeries/PS136500	http://www.orpha.net/ORDO/Orphanet_398166	1.0
http://www.omim.org/phenotypicSeries/PS136760	http://www.orpha.net/ORDO/Orphanet_250	1.0
http://www.omim.org/phenotypicSeries/PS136800	http://www.orpha.net/ORDO/Orphanet_98974	1.0
http://www.omim.org/phenotypicSeries/PS137800	http://www.orpha.net/ORDO/Orphanet_182067	1.0
http://www.omim.org/phenotypicSeries/PS137950	http://www.orpha.net/ORDO/Orphanet_84090	1.0
http://www.omim.org/phenotypicSeries/PS142623	http://www.orpha.net/ORDO/Orphanet_388	1.0
http://www.omim.org/phenotypicSeries/PS143890	http://www.orpha.net/ORDO/Orphanet_477811	0.91421568
http://www.omim.org/phenotypicSeries/PS145000	http://www.orpha.net/ORDO/Orphanet_181408	0.93038404
http://www.omim.org/phenotypicSeries/PS145260	http://www.orpha.net/ORDO/Orphanet_444916	0.90812892
http://www.omim.org/phenotypicSeries/PS145600	http://www.orpha.net/ORDO/Orphanet_466658	0.92134929
http://www.omim.org/phenotypicSeries/PS146200	http://www.orpha.net/ORDO/Orphanet_181405	0.91208005
http://www.omim.org/phenotypicSeries/PS147920	http://www.orpha.net/ORDO/Orphanet_2322	1.0
http://www.omim.org/phenotypicSeries/PS147950	http://www.orpha.net/ORDO/Orphanet_174590	0.94365191
http://www.omim.org/phenotypicSeries/PS149400	http://www.orpha.net/ORDO/Orphanet_306773	1.0
http://www.omim.org/phenotypicSeries/PS151100	http://www.orpha.net/ORDO/Orphanet_500	1.0
http://www.omim.org/phenotypicSeries/PS151623	http://www.orpha.net/ORDO/Orphanet_524	1.0
http://www.omim.org/phenotypicSeries/PS151660	http://www.orpha.net/ORDO/Orphanet_98306	1.0
http://www.omim.org/phenotypicSeries/PS153100	http://www.orpha.net/ORDO/Orphanet_211255	0.91787881
http://www.omim.org/phenotypicSeries/PS154500	http://www.orpha.net/ORDO/Orphanet_861	1.0
http://www.omim.org/phenotypicSeries/PS156200	http://www.orpha.net/ORDO/Orphanet_178469	0.92579418
http://www.omim.org/phenotypicSeries/PS158810	http://www.orpha.net/ORDO/Orphanet_610	1.0
http://www.omim.org/phenotypicSeries/PS158900	http://www.orpha.net/ORDO/Orphanet_269	1.0
http://www.omim.org/phenotypicSeries/PS160150	http://www.orpha.net/ORDO/Orphanet_595	1.0
http://www.omim.org/phenotypicSeries/PS160565	http://www.orpha.net/ORDO/Orphanet_2593	1.0
http://www.omim.org/phenotypicSeries/PS160900	http://www.orpha.net/ORDO/Orphanet_206647	1.0
http://www.omim.org/phenotypicSeries/PS161800	http://www.orpha.net/ORDO/Orphanet_607	1.0
http://www.omim.org/phenotypicSeries/PS162091	http://www.orpha.net/ORDO/Orphanet_93921	1.0
http://www.omim.org/phenotypicSeries/PS162400	http://www.orpha.net/ORDO/Orphanet_140471	1.0
http://www.omim.org/phenotypicSeries/PS163950	http://www.orpha.net/ORDO/Orphanet_648	1.0
http://www.omim.org/phenotypicSeries/PS164310	http://www.orpha.net/ORDO/Orphanet_98897	1.0
http://www.omim.org/phenotypicSeries/PS166200	http://www.orpha.net/ORDO/Orphanet_666	1.0
http://www.omim.org/phenotypicSeries/PS166780	http://www.orpha.net/ORDO/Orphanet_2792	1.0
http://www.omim.org/phenotypicSeries/PS167200	http://www.orpha.net/ORDO/Orphanet_2309	1.0
http://www.omim.org/phenotypicSeries/PS175100	http://www.orpha.net/ORDO/Orphanet_733	1.0
http://www.omim.org/phenotypicSeries/PS175800	http://www.orpha.net/ORDO/Orphanet_79358	1.0
http://www.omim.org/phenotypicSeries/PS176400	http://www.orpha.net/ORDO/Orphanet_759	1.0
http://www.omim.org/phenotypicSeries/PS176670	http://www.orpha.net/ORDO/Orphanet_740	1.0
http://www.omim.org/phenotypicSeries/PS179800	http://www.orpha.net/ORDO/Orphanet_18	1.0
http://www.omim.org/phenotypicSeries/PS180500	http://www.orpha.net/ORDO/Orphanet_782	1.0
http://www.omim.org/phenotypicSeries/PS180849	http://www.orpha.net/ORDO/Orphanet_783	1.0
http://www.omim.org/phenotypicSeries/PS180860	http://www.orpha.net/ORDO/Orphanet_813	1.0
http://www.omim.org/phenotypicSeries/PS182250	http://www.orpha.net/ORDO/Orphanet_85191	1.0
http://www.omim.org/phenotypicSeries/PS183600	http://www.orpha.net/ORDO/Orphanet_2440	1.0
http://www.omim.org/phenotypicSeries/PS184255	http://www.orpha.net/ORDO/Orphanet_254	1.0
http://www.omim.org/phenotypicSeries/PS184260	http://www.orpha.net/ORDO/Orphanet_166272	1.0
http://www.omim.org/phenotypicSeries/PS184840	http://www.orpha.net/ORDO/Orphanet_1427	1.0
http://www.omim.org/phenotypicSeries/PS185800	http://www.orpha.net/ORDO/Orphanet_3250	1.0
http://www.omim.org/phenotypicSeries/PS186500	http://www.orpha.net/ORDO/Orphanet_3237	1.0
http://www.omim.org/phenotypicSeries/PS187300	http://www.orpha.net/ORDO/Orphanet_774	1.0
http://www.omim.org/phenotypicSeries/PS188580	http://www.orpha.net/ORDO/Orphanet_79102	1.0
http://www.omim.org/phenotypicSeries/PS190350	http://www.orpha.net/ORDO/Orphanet_324764	1.0
http://www.omim.org/phenotypicSeries/PS190440	http://www.orpha.net/ORDO/Orphanet_3366	1.0
http://www.omim.org/phenotypicSeries/PS191100	http://www.orpha.net/ORDO/Orphanet_805	1.0
http://www.omim.org/phenotypicSeries/PS192600	http://www.orpha.net/ORDO/Orphanet_217598	0.9488284
http://www.omim.org/phenotypicSeries/PS193100	http://www.orpha.net/ORDO/Orphanet_437	1.0
http://www.omim.org/phenotypicSeries/PS193500	http://www.orpha.net/ORDO/Orphanet_3440	1.0
http://www.omim.org/phenotypicSeries/PS193670	http://www.orpha.net/ORDO/Orphanet_51636	1.0
http://www.omim.org/phenotypicSeries/PS193900	http://www.orpha.net/ORDO/Orphanet_171723	1.0
http://www.omim.org/phenotypicSeries/PS194070	http://www.orpha.net/ORDO/Orphanet_654	1.0
http://www.omim.org/phenotypicSeries/PS200600	http://www.orpha.net/ORDO/Orphanet_932	1.0
http://www.omim.org/phenotypicSeries/PS201000	http://www.orpha.net/ORDO/Orphanet_65759	1.0
http://www.omim.org/phenotypicSeries/PS202700	http://www.orpha.net/ORDO/Orphanet_42738	1.0
http://www.omim.org/phenotypicSeries/PS203100	http://www.orpha.net/ORDO/Orphanet_55	1.0
http://www.omim.org/phenotypicSeries/PS203300	http://www.orpha.net/ORDO/Orphanet_79430	1.0
http://www.omim.org/phenotypicSeries/PS203650	http://www.orpha.net/ORDO/Orphanet_2850	1.0
http://www.omim.org/phenotypicSeries/PS203655	http://www.orpha.net/ORDO/Orphanet_79364	0.91574699
http://www.omim.org/phenotypicSeries/PS204000	http://www.orpha.net/ORDO/Orphanet_65	1.0
http://www.omim.org/phenotypicSeries/PS208000	http://www.orpha.net/ORDO/Orphanet_51608	1.0
http://www.omim.org/phenotypicSeries/PS208150	http://www.orpha.net/ORDO/Orphanet_994	1.0
http://www.omim.org/phenotypicSeries/PS208540	http://www.orpha.net/ORDO/Orphanet_294415	1.0
http://www.omim.org/phenotypicSeries/PS209900	http://www.orpha.net/ORDO/Orphanet_110	1.0
http://www.omim.org/phenotypicSeries/PS210250	http://www.orpha.net/ORDO/Orphanet_2882	1.0
http://www.omim.org/phenotypicSeries/PS210600	http://www.orpha.net/ORDO/Orphanet_808	1.0
http://www.omim.org/phenotypicSeries/PS211530	http://www.orpha.net/ORDO/Orphanet_97229	1.0
http://www.omim.org/phenotypicSeries/PS211600	http://www.orpha.net/ORDO/Orphanet_172	1.0
http://www.omim.org/phenotypicSeries/PS212720	http://www.orpha.net/ORDO/Orphanet_1387	1.0
http://www.omim.org/phenotypicSeries/PS213300	http://www.orpha.net/ORDO/Orphanet_475	1.0
http://www.omim.org/phenotypicSeries/PS213600	http://www.orpha.net/ORDO/Orphanet_1980	1.0
http://www.omim.org/phenotypicSeries/PS214100	http://www.orpha.net/ORDO/Orphanet_79189	1.0
http://www.omim.org/phenotypicSeries/PS214150	http://www.orpha.net/ORDO/Orphanet_1466	1.0
http://www.omim.org/phenotypicSeries/PS214450	http://www.orpha.net/ORDO/Orphanet_381	1.0
http://www.omim.org/phenotypicSeries/PS215100	http://www.orpha.net/ORDO/Orphanet_177	1.0
http://www.omim.org/phenotypicSeries/PS215500	http://www.orpha.net/ORDO/Orphanet_75377	1.0
http://www.omim.org/phenotypicSeries/PS218330	http://www.orpha.net/ORDO/Orphanet_1515	1.0
http://www.omim.org/phenotypicSeries/PS219000	http://www.orpha.net/ORDO/Orphanet_2052	1.0
http://www.omim.org/phenotypicSeries/PS220400	http://www.orpha.net/ORDO/Orphanet_90647	1.0
http://www.omim.org/phenotypicSeries/PS221900	http://www.orpha.net/ORDO/Orphanet_91495	1.0
http://www.omim.org/phenotypicSeries/PS222470	http://www.orpha.net/ORDO/Orphanet_84064	1.0
http://www.omim.org/phenotypicSeries/PS223360	http://www.orpha.net/ORDO/Orphanet_182058	0.95629281
http://www.omim.org/phenotypicSeries/PS224120	http://www.orpha.net/ORDO/Orphanet_85	1.0
http://www.omim.org/phenotypicSeries/PS224690	http://www.orpha.net/ORDO/Orphanet_2554	1.0
http://www.omim.org/phenotypicSeries/PS227650	http://www.orpha.net/ORDO/Orphanet_84	1.0
http://www.omim.org/phenotypicSeries/PS228550	http://www.orpha.net/ORDO/Orphanet_2591	1.0
http://www.omim.org/phenotypicSeries/PS229200	http://www.orpha.net/ORDO/Orphanet_90354	1.0
http://www.omim.org/phenotypicSeries/PS230400	http://www.orpha.net/ORDO/Orphanet_352	1.0
http://www.omim.org/phenotypicSeries/PS231050	http://www.orpha.net/ORDO/Orphanet_2623	1.0
http://www.omim.org/phenotypicSeries/PS233400	http://www.orpha.net/ORDO/Orphanet_2855	1.0
http://www.omim.org/phenotypicSeries/PS234200	http://www.orpha.net/ORDO/Orphanet_385	1.0
http://www.omim.org/phenotypicSeries/PS235400	http://www.orpha.net/ORDO/Orphanet_544458	1.0
http://www.omim.org/phenotypicSeries/PS236100	http://www.orpha.net/ORDO/Orphanet_2162	1.0
http://www.omim.org/phenotypicSeries/PS236600	http://www.orpha.net/ORDO/Orphanet_2185	1.0
http://www.omim.org/phenotypicSeries/PS236730	http://www.orpha.net/ORDO/Orphanet_2704	1.0
http://www.omim.org/phenotypicSeries/PS241550	http://www.orpha.net/ORDO/Orphanet_2248	1.0
http://www.omim.org/phenotypicSeries/PS242300	http://www.orpha.net/ORDO/Orphanet_281097	1.0
http://www.omim.org/phenotypicSeries/PS243300	http://www.orpha.net/ORDO/Orphanet_65682	1.0
http://www.omim.org/phenotypicSeries/PS244400	http://www.orpha.net/ORDO/Orphanet_244	1.0
http://www.omim.org/phenotypicSeries/PS248370	http://www.orpha.net/ORDO/Orphanet_90153	0.94826591
http://www.omim.org/phenotypicSeries/PS248600	http://www.orpha.net/ORDO/Orphanet_511	1.0
http://www.omim.org/phenotypicSeries/PS249000	http://www.orpha.net/ORDO/Orphanet_564	1.0
http://www.omim.org/phenotypicSeries/PS249210	http://www.orpha.net/ORDO/Orphanet_2241	1.0
http://www.omim.org/phenotypicSeries/PS250950	http://www.orpha.net/ORDO/Orphanet_289902	1.0
http://www.omim.org/phenotypicSeries/PS251290	http://www.orpha.net/ORDO/Orphanet_1229	1.0
http://www.omim.org/phenotypicSeries/PS251300	http://www.orpha.net/ORDO/Orphanet_2065	1.0
http://www.omim.org/phenotypicSeries/PS251450	http://www.orpha.net/ORDO/Orphanet_1425	1.0
http://www.omim.org/phenotypicSeries/PS252350	http://www.orpha.net/ORDO/Orphanet_2573	1.0
http://www.omim.org/phenotypicSeries/PS253310	http://www.orpha.net/ORDO/Orphanet_294965	1.0
http://www.omim.org/phenotypicSeries/PS253600	http://www.orpha.net/ORDO/Orphanet_102015	1.0
http://www.omim.org/phenotypicSeries/PS254770	http://www.orpha.net/ORDO/Orphanet_307	1.0
http://www.omim.org/phenotypicSeries/PS254800	http://www.orpha.net/ORDO/Orphanet_98261	1.0
http://www.omim.org/phenotypicSeries/PS256100	http://www.orpha.net/ORDO/Orphanet_655	1.0
http://www.omim.org/phenotypicSeries/PS256450	http://www.orpha.net/ORDO/Orphanet_443095	0.91489935
http://www.omim.org/phenotypicSeries/PS256520	http://www.orpha.net/ORDO/Orphanet_2671	1.0
http://www.omim.org/phenotypicSeries/PS256850	http://www.orpha.net/ORDO/Orphanet_643	1.0
http://www.omim.org/phenotypicSeries/PS257300	http://www.orpha.net/ORDO/Orphanet_1052	1.0
http://www.omim.org/phenotypicSeries/PS257920	http://www.orpha.net/ORDO/Orphanet_293843	1.0
http://www.omim.org/phenotypicSeries/PS258315	http://www.orpha.net/ORDO/Orphanet_2733	1.0
http://www.omim.org/phenotypicSeries/PS259900	http://www.orpha.net/ORDO/Orphanet_416	1.0
http://www.omim.org/phenotypicSeries/PS265450	http://www.orpha.net/ORDO/Orphanet_31837	1.0
http://www.omim.org/phenotypicSeries/PS266600	http://www.orpha.net/ORDO/Orphanet_104012	0.9098537
http://www.omim.org/phenotypicSeries/PS266900	http://www.orpha.net/ORDO/Orphanet_3156	1.0
http://www.omim.org/phenotypicSeries/PS267700	http://www.orpha.net/ORDO/Orphanet_540	1.0
http://www.omim.org/phenotypicSeries/PS268000	http://www.orpha.net/ORDO/Orphanet_791	1.0
http://www.omim.org/phenotypicSeries/PS268310	http://www.orpha.net/ORDO/Orphanet_97360	1.0
http://www.omim.org/phenotypicSeries/PS268400	http://www.orpha.net/ORDO/Orphanet_2909	1.0
http://www.omim.org/phenotypicSeries/PS270300	http://www.orpha.net/ORDO/Orphanet_817	1.0
http://www.omim.org/phenotypicSeries/PS271640	http://www.orpha.net/ORDO/Orphanet_93359	1.0
http://www.omim.org/phenotypicSeries/PS272430	http://www.orpha.net/ORDO/Orphanet_157820	1.0
http://www.omim.org/phenotypicSeries/PS273800	http://www.orpha.net/ORDO/Orphanet_849	1.0
http://www.omim.org/phenotypicSeries/PS275200	http://www.orpha.net/ORDO/Orphanet_181396	0.90816468
http://www.omim.org/phenotypicSeries/PS276700	http://www.orpha.net/ORDO/Orphanet_284818	0.9017427
http://www.omim.org/phenotypicSeries/PS276900	http://www.orpha.net/ORDO/Orphanet_886	1.0
http://www.omim.org/phenotypicSeries/PS277180	http://www.orpha.net/ORDO/Orphanet_48	1.0
http://www.omim.org/phenotypicSeries/PS277450	http://www.orpha.net/ORDO/Orphanet_169826	0.9028731
http://www.omim.org/phenotypicSeries/PS277600	http://www.orpha.net/ORDO/Orphanet_3449	1.0
http://www.omim.org/phenotypicSeries/PS300000	http://www.orpha.net/ORDO/Orphanet_2745	1.0
http://www.omim.org/phenotypicSeries/PS300009	http://www.orpha.net/ORDO/Orphanet_1652	1.0
http://www.omim.org/phenotypicSeries/PS300049	http://www.orpha.net/ORDO/Orphanet_98892	1.0
http://www.omim.org/phenotypicSeries/PS300345	http://www.orpha.net/ORDO/Orphanet_98555	0.92222083
http://www.omim.org/phenotypicSeries/PS300352	http://www.orpha.net/ORDO/Orphanet_79172	1.0
http://www.omim.org/phenotypicSeries/PS300751	http://www.orpha.net/ORDO/Orphanet_1047	1.0
http://www.omim.org/phenotypicSeries/PS300755	http://www.orpha.net/ORDO/Orphanet_101997	0.91461813
http://www.omim.org/phenotypicSeries/PS300818	http://www.orpha.net/ORDO/Orphanet_447	1.0
http://www.omim.org/phenotypicSeries/PS301050	http://www.orpha.net/ORDO/Orphanet_63	1.0
http://www.omim.org/phenotypicSeries/PS305620	http://www.orpha.net/ORDO/Orphanet_1826	1.0
http://www.omim.org/phenotypicSeries/PS306400	http://www.orpha.net/ORDO/Orphanet_379	1.0
http://www.omim.org/phenotypicSeries/PS306955	http://www.orpha.net/ORDO/Orphanet_450	1.0
http://www.omim.org/phenotypicSeries/PS308205	http://www.orpha.net/ORDO/Orphanet_2273	1.0
http://www.omim.org/phenotypicSeries/PS308240	http://www.orpha.net/ORDO/Orphanet_238510	1.0
http://www.omim.org/phenotypicSeries/PS309510	http://www.orpha.net/ORDO/Orphanet_98464	0.96520257
http://www.omim.org/phenotypicSeries/PS309530	http://www.orpha.net/ORDO/Orphanet_777	0.95783198
http://www.omim.org/phenotypicSeries/PS309800	http://www.orpha.net/ORDO/Orphanet_202948	1.0
http://www.omim.org/phenotypicSeries/PS310300	http://www.orpha.net/ORDO/Orphanet_261	1.0
http://www.omim.org/phenotypicSeries/PS310500	http://www.orpha.net/ORDO/Orphanet_215	1.0
http://www.omim.org/phenotypicSeries/PS311200	http://www.orpha.net/ORDO/Orphanet_140997	1.0
http://www.omim.org/phenotypicSeries/PS311360	http://www.orpha.net/ORDO/Orphanet_95710	0.95979363
http://www.omim.org/phenotypicSeries/PS312170	http://www.orpha.net/ORDO/Orphanet_765	1.0
http://www.omim.org/phenotypicSeries/PS314580	http://www.orpha.net/ORDO/Orphanet_3454	1.0
http://www.omim.org/phenotypicSeries/PS400044	http://www.orpha.net/ORDO/Orphanet_325118	0.9049747
http://www.omim.org/phenotypicSeries/PS600118	http://www.orpha.net/ORDO/Orphanet_2510	1.0
http://www.omim.org/phenotypicSeries/PS600131	http://www.orpha.net/ORDO/Orphanet_64280	1.0
http://www.omim.org/phenotypicSeries/PS600165	http://www.orpha.net/ORDO/Orphanet_35612	1.0
http://www.omim.org/phenotypicSeries/PS600462	http://www.orpha.net/ORDO/Orphanet_2598	1.0
http://www.omim.org/phenotypicSeries/PS600512	http://www.orpha.net/ORDO/Orphanet_98819	1.0
http://www.omim.org/phenotypicSeries/PS600630	http://www.orpha.net/ORDO/Orphanet_178338	1.0
http://www.omim.org/phenotypicSeries/PS600721	http://www.orpha.net/ORDO/Orphanet_79315	1.0
http://www.omim.org/phenotypicSeries/PS601068	http://www.orpha.net/ORDO/Orphanet_86814	1.0
http://www.omim.org/phenotypicSeries/PS601144	http://www.orpha.net/ORDO/Orphanet_130	1.0
http://www.omim.org/phenotypicSeries/PS601228	http://www.orpha.net/ORDO/Orphanet_157794	1.0
http://www.omim.org/phenotypicSeries/PS601419	http://www.orpha.net/ORDO/Orphanet_593	1.0
http://www.omim.org/phenotypicSeries/PS601462	http://www.orpha.net/ORDO/Orphanet_590	1.0
http://www.omim.org/phenotypicSeries/PS601495	http://www.orpha.net/ORDO/Orphanet_183669	1.0
http://www.omim.org/phenotypicSeries/PS601675	http://www.orpha.net/ORDO/Orphanet_33364	1.0
http://www.omim.org/phenotypicSeries/PS601678	http://www.orpha.net/ORDO/Orphanet_112	1.0
http://www.omim.org/phenotypicSeries/PS601764	http://www.orpha.net/ORDO/Orphanet_306	1.0
http://www.omim.org/phenotypicSeries/PS602875	http://www.orpha.net/ORDO/Orphanet_93437	1.0
http://www.omim.org/phenotypicSeries/PS603041	http://www.orpha.net/ORDO/Orphanet_35698	1.0
http://www.omim.org/phenotypicSeries/PS603511	http://www.orpha.net/ORDO/Orphanet_102014	1.0
http://www.omim.org/phenotypicSeries/PS604169	http://www.orpha.net/ORDO/Orphanet_54260	1.0
http://www.omim.org/phenotypicSeries/PS604233	http://www.orpha.net/ORDO/Orphanet_36387	1.0
http://www.omim.org/phenotypicSeries/PS604364	http://www.orpha.net/ORDO/Orphanet_98820	1.0
http://www.omim.org/phenotypicSeries/PS604391	http://www.orpha.net/ORDO/Orphanet_251347	1.0
http://www.omim.org/phenotypicSeries/PS604772	http://www.orpha.net/ORDO/Orphanet_3286	1.0
http://www.omim.org/phenotypicSeries/PS605711	http://www.orpha.net/ORDO/Orphanet_289573	1.0
http://www.omim.org/phenotypicSeries/PS606215	http://www.orpha.net/ORDO/Orphanet_98722	1.0
http://www.omim.org/phenotypicSeries/PS607014	http://www.orpha.net/ORDO/Orphanet_79213	0.98750186
http://www.omim.org/phenotypicSeries/PS607086	http://www.orpha.net/ORDO/Orphanet_86	0.90190256
http://www.omim.org/phenotypicSeries/PS607095	http://www.orpha.net/ORDO/Orphanet_93347	1.0
http://www.omim.org/phenotypicSeries/PS607326	http://www.orpha.net/ORDO/Orphanet_178355	1.0
http://www.omim.org/phenotypicSeries/PS607411	http://www.orpha.net/ORDO/Orphanet_95485	0.9176724
http://www.omim.org/phenotypicSeries/PS607432	http://www.orpha.net/ORDO/Orphanet_48471	1.0
http://www.omim.org/phenotypicSeries/PS607594	http://www.orpha.net/ORDO/Orphanet_1572	1.0
http://www.omim.org/phenotypicSeries/PS607631	http://www.orpha.net/ORDO/Orphanet_1941	1.0
http://www.omim.org/phenotypicSeries/PS607721	http://www.orpha.net/ORDO/Orphanet_2701	1.0
http://www.omim.org/phenotypicSeries/PS607748	http://www.orpha.net/ORDO/Orphanet_238475	1.0
http://www.omim.org/phenotypicSeries/PS607765	http://www.orpha.net/ORDO/Orphanet_485631	1.0
http://www.omim.org/phenotypicSeries/PS608354	http://www.orpha.net/ORDO/Orphanet_137667	1.0
http://www.omim.org/phenotypicSeries/PS608583	http://www.orpha.net/ORDO/Orphanet_334	1.0
http://www.omim.org/phenotypicSeries/PS608594	http://www.orpha.net/ORDO/Orphanet_528	1.0
http://www.omim.org/phenotypicSeries/PS609192	http://www.orpha.net/ORDO/Orphanet_60030	1.0
http://www.omim.org/phenotypicSeries/PS609322	http://www.orpha.net/ORDO/Orphanet_231108	1.0
http://www.omim.org/phenotypicSeries/PS610253	http://www.orpha.net/ORDO/Orphanet_261494	1.0
http://www.omim.org/phenotypicSeries/PS610448	http://www.orpha.net/ORDO/Orphanet_90280	1.0
http://www.omim.org/phenotypicSeries/PS610489	http://www.orpha.net/ORDO/Orphanet_189439	1.0
http://www.omim.org/phenotypicSeries/PS610551	http://www.orpha.net/ORDO/Orphanet_98252	0.90766096
http://www.omim.org/phenotypicSeries/PS610805	http://www.orpha.net/ORDO/Orphanet_93545	1.0
http://www.omim.org/phenotypicSeries/PS613038	http://www.orpha.net/ORDO/Orphanet_95495	0.9456588
http://www.omim.org/phenotypicSeries/PS613135	http://www.orpha.net/ORDO/Orphanet_238455	1.0
http://www.omim.org/phenotypicSeries/PS613573	http://www.orpha.net/ORDO/Orphanet_247820	1.0
http://www.omim.org/phenotypicSeries/PS614039	http://www.orpha.net/ORDO/Orphanet_268950	0.91775715
http://www.omim.org/phenotypicSeries/PS614328	http://www.orpha.net/ORDO/Orphanet_294023	1.0
http://www.omim.org/phenotypicSeries/PS614388	http://www.orpha.net/ORDO/Orphanet_330050	0.90268737
http://www.omim.org/phenotypicSeries/PS614594	http://www.orpha.net/ORDO/Orphanet_659	1.0
http://www.omim.org/phenotypicSeries/PS614937	http://www.orpha.net/ORDO/Orphanet_306750	0.93598819
http://www.omim.org/phenotypicSeries/PS615040	http://www.orpha.net/ORDO/Orphanet_391384	1.0
http://www.omim.org/phenotypicSeries/PS617468	http://www.orpha.net/ORDO/Orphanet_1037	1.0
http://www.omim.org/phenotypicSeries/PS618332	http://www.orpha.net/ORDO/Orphanet_592574	1.0
